layer,prefill_chunk,kv_prefill,n_decode,kv_decode,decode_q_len,time_us
attention,0,0,1,16,1,27.167
attention,0,0,1,32,1,27.36
attention,0,0,1,64,1,38.241
attention,0,0,1,128,1,39.425
attention,0,0,1,256,1,40.704
attention,0,0,1,512,1,43.2
attention,0,0,1,1024,1,49.055
attention,0,0,1,2048,1,60.194
attention,0,0,1,4096,1,83.902
attention,0,0,1,8192,1,100.928
attention,0,0,1,16384,1,143.998
attention,0,0,2,16,1,40.96
attention,0,0,2,32,1,41.057
attention,0,0,2,64,1,49.282
attention,0,0,2,128,1,50.144
attention,0,0,2,256,1,51.777
attention,0,0,2,512,1,54.239
attention,0,0,2,1024,1,63.039
attention,0,0,2,2048,1,78.53
attention,0,0,2,4096,1,113.153
attention,0,0,2,8192,1,148.802
attention,0,0,2,16384,1,225.246
attention,0,0,4,16,1,40.8
attention,0,0,4,32,1,41.408
attention,0,0,4,64,1,49.375
attention,0,0,4,128,1,50.497
attention,0,0,4,256,1,52.799
attention,0,0,4,512,1,58.401
attention,0,0,4,1024,1,70.367
attention,0,0,4,2048,1,97.566
attention,0,0,4,4096,1,130.049
attention,0,0,4,8192,1,202.72
attention,0,0,4,16384,1,334.111
attention,0,0,8,16,1,41.824
attention,0,0,8,32,1,41.825
attention,0,0,8,64,1,50.371
attention,0,0,8,128,1,52
attention,0,0,8,256,1,55.422
attention,0,0,8,512,1,65.889
attention,0,0,8,1024,1,89.151
attention,0,0,8,2048,1,122.944
attention,0,0,8,4096,1,193.854
attention,0,0,8,8192,1,327.043
attention,0,0,8,16384,1,595.81
attention,0,0,16,16,1,42.272
attention,0,0,16,32,1,43.52
attention,0,0,16,64,1,51.585
attention,0,0,16,128,1,54.878
attention,0,0,16,256,1,64.799
attention,0,0,16,512,1,85.346
attention,0,0,16,1024,1,118.593
attention,0,0,16,2048,1,192.093
attention,0,0,16,4096,1,326.339
attention,0,0,16,8192,1,592.928
attention,0,0,16,16384,1,1136.61
attention,0,0,32,16,1,42.944
attention,0,0,32,32,1,43.969
attention,0,0,32,64,1,54.496
attention,0,0,32,128,1,66.53
attention,0,0,32,256,1,85.631
attention,0,0,32,512,1,116.705
attention,0,0,32,1024,1,188.415
attention,0,0,32,2048,1,330.303
attention,0,0,32,4096,1,595.072
attention,0,0,32,8192,1,1131.07
attention,0,0,32,16384,1,2178.69
attention,0,0,64,16,1,44.162
attention,0,0,64,32,1,47.362
attention,0,0,64,64,1,68.065
attention,0,0,64,128,1,84.319
attention,0,0,64,256,1,119.585
attention,0,0,64,512,1,195.457
attention,0,0,64,1024,1,340.865
attention,0,0,64,2048,1,627.426
attention,0,0,64,4096,1,1148.42
attention,0,0,64,8192,1,2204.8
attention,0,0,64,16384,1,4307.65
attention,0,0,128,16,1,57.922
attention,0,0,128,32,1,62.623
attention,0,0,128,64,1,83.04
attention,0,0,128,128,1,119.424
attention,0,0,128,256,1,200.481
attention,0,0,128,512,1,344.546
attention,0,0,128,1024,1,634.272
attention,0,0,128,2048,1,1186.12
attention,0,0,128,4096,1,2238.63
attention,0,0,128,8192,1,4331.78
attention,0,0,128,16384,1,8518.61
attention,0,0,256,16,1,79.648
attention,0,0,256,32,1,90.305
attention,0,0,256,64,1,134.273
attention,0,0,256,128,1,217.668
attention,0,0,256,256,1,374.561
attention,0,0,256,512,1,660.991
attention,0,0,256,1024,1,1186.05
attention,0,0,256,2048,1,2228.61
attention,0,0,256,4096,1,4322.76
attention,0,0,256,8192,1,8549.84
attention,0,0,256,16384,1,16988.9
attention,16,0,0,0,1,29.151
attention,16,0,1,16,1,29.055
attention,16,0,1,32,1,29.249
attention,16,0,1,64,1,33.984
attention,16,0,1,128,1,41.76
attention,16,0,1,256,1,56.066
attention,16,0,1,512,1,86.208
attention,16,0,1,1024,1,146.561
attention,16,0,1,2048,1,267.583
attention,16,0,1,4096,1,506.753
attention,16,0,1,8192,1,988.546
attention,16,0,1,16384,1,1949.35
attention,16,0,2,16,1,29.088
attention,16,0,2,32,1,28.96
attention,16,0,2,64,1,33.759
attention,16,0,2,128,1,41.31
attention,16,0,2,256,1,56.097
attention,16,0,2,512,1,86.368
attention,16,0,2,1024,1,146.272
attention,16,0,2,2048,1,267.36
attention,16,0,2,4096,1,507.616
attention,16,0,2,8192,1,992.162
attention,16,0,2,16384,1,1955.08
attention,16,0,4,16,1,28.672
attention,16,0,4,32,1,28.289
attention,16,0,4,64,1,33.12
attention,16,0,4,128,1,41.248
attention,16,0,4,256,1,55.935
attention,16,0,4,512,1,85.984
attention,16,0,4,1024,1,146.495
attention,16,0,4,2048,1,266.592
attention,16,0,4,4096,1,508.671
attention,16,0,4,8192,1,992.162
attention,16,0,4,16384,1,1952.55
attention,16,0,8,16,1,28.032
attention,16,0,8,32,1,28.064
attention,16,0,8,64,1,32.896
attention,16,0,8,128,1,40.544
attention,16,0,8,256,1,55.519
attention,16,0,8,512,1,86.211
attention,16,0,8,1024,1,147.583
attention,16,0,8,2048,1,270.08
attention,16,0,8,4096,1,511.489
attention,16,0,8,8192,1,997.25
attention,16,0,8,16384,1,1965.35
attention,16,0,16,16,1,42.527
attention,16,0,16,32,1,42.688
attention,16,0,16,64,1,53.6
attention,16,0,16,128,1,70.017
attention,16,0,16,256,1,100.513
attention,16,0,16,512,1,163.231
attention,16,0,16,1024,1,288.383
attention,16,0,16,2048,1,535.488
attention,16,0,16,4096,1,1028.81
attention,16,0,16,8192,1,2016.36
attention,16,0,16,16384,1,3951.05
attention,16,0,32,16,1,56.769
attention,16,0,32,32,1,57.216
attention,16,0,32,64,1,75.296
attention,16,0,32,128,1,100.033
attention,16,0,32,256,1,147.104
attention,16,0,32,512,1,240.416
attention,16,0,32,1024,1,430.338
attention,16,0,32,2048,1,800.931
attention,16,0,32,4096,1,1542.98
attention,16,0,32,8192,1,2998.53
attention,16,0,32,16384,1,5917.35
attention,16,0,64,16,1,84.704
attention,16,0,64,32,1,85.696
attention,16,0,64,64,1,119.2
attention,16,0,64,128,1,160.991
attention,16,0,64,256,1,241.922
attention,16,0,64,512,1,409.698
attention,16,0,64,1024,1,741.154
attention,16,0,64,2048,1,1416
attention,16,0,64,4096,1,2800.32
attention,16,0,64,8192,1,5436.04
attention,16,0,64,16384,1,10677.4
attention,16,0,128,16,1,140.671
attention,16,0,128,32,1,143.872
attention,16,0,128,64,1,215.872
attention,16,0,128,128,1,306.177
attention,16,0,128,256,1,488.994
attention,16,0,128,512,1,848.227
attention,16,0,128,1024,1,1642.66
attention,16,0,128,2048,1,4687.46
attention,16,0,128,4096,1,9169.77
attention,16,0,128,8192,1,22018.1
attention,16,0,128,16384,1,45973.2
attention,16,16,0,0,1,29.822
attention,16,16,1,16,1,29.311
attention,16,16,1,32,1,29.28
attention,16,16,1,64,1,33.634
attention,16,16,1,128,1,41.472
attention,16,16,1,256,1,55.872
attention,16,16,1,512,1,86.337
attention,16,16,1,1024,1,146.049
attention,16,16,1,2048,1,266.849
attention,16,16,1,4096,1,506.783
attention,16,16,1,8192,1,989.091
attention,16,16,1,16384,1,1951.59
attention,16,16,2,16,1,29.473
attention,16,16,2,32,1,29.6
attention,16,16,2,64,1,33.985
attention,16,16,2,128,1,41.502
attention,16,16,2,256,1,56.321
attention,16,16,2,512,1,86.528
attention,16,16,2,1024,1,146.434
attention,16,16,2,2048,1,267.264
attention,16,16,2,4096,1,508.193
attention,16,16,2,8192,1,989.73
attention,16,16,2,16384,1,1955.24
attention,16,16,4,16,1,28.767
attention,16,16,4,32,1,28.864
attention,16,16,4,64,1,33.536
attention,16,16,4,128,1,41.023
attention,16,16,4,256,1,55.775
attention,16,16,4,512,1,86.016
attention,16,16,4,1024,1,146.303
attention,16,16,4,2048,1,267.617
attention,16,16,4,4096,1,508.706
attention,16,16,4,8192,1,992.101
attention,16,16,4,16384,1,1953.06
attention,16,16,8,16,1,28.576
attention,16,16,8,32,1,28.8
attention,16,16,8,64,1,32.96
attention,16,16,8,128,1,40.864
attention,16,16,8,256,1,55.936
attention,16,16,8,512,1,86.017
attention,16,16,8,1024,1,147.231
attention,16,16,8,2048,1,267.968
attention,16,16,8,4096,1,510.496
attention,16,16,8,8192,1,994.594
attention,16,16,8,16384,1,1961.41
attention,16,16,16,16,1,42.719
attention,16,16,16,32,1,43.137
attention,16,16,16,64,1,53.537
attention,16,16,16,128,1,70.43
attention,16,16,16,256,1,100.735
attention,16,16,16,512,1,162.624
attention,16,16,16,1024,1,286.978
attention,16,16,16,2048,1,532.032
attention,16,16,16,4096,1,1019.74
attention,16,16,16,8192,1,2004.58
attention,16,16,16,16384,1,3955.62
attention,16,16,32,16,1,56.641
attention,16,16,32,32,1,57.376
attention,16,16,32,64,1,75.711
attention,16,16,32,128,1,99.938
attention,16,16,32,256,1,146.913
attention,16,16,32,512,1,240.671
attention,16,16,32,1024,1,427.584
attention,16,16,32,2048,1,791.552
attention,16,16,32,4096,1,1532.74
attention,16,16,32,8192,1,3003.43
attention,16,16,32,16384,1,5931.31
attention,16,16,64,16,1,84.576
attention,16,16,64,32,1,85.441
attention,16,16,64,64,1,119.519
attention,16,16,64,128,1,161.44
attention,16,16,64,256,1,243.072
attention,16,16,64,512,1,409.439
attention,16,16,64,1024,1,740.449
attention,16,16,64,2048,1,1413.95
attention,16,16,64,4096,1,2798.57
attention,16,16,64,8192,1,5437.29
attention,16,16,64,16384,1,10669.2
attention,16,16,128,16,1,140.258
attention,16,16,128,32,1,144.096
attention,16,16,128,64,1,215.808
attention,16,16,128,128,1,305.919
attention,16,16,128,256,1,490.114
attention,16,16,128,512,1,848.738
attention,16,16,128,1024,1,1640.42
attention,16,16,128,2048,1,4687.72
attention,16,16,128,4096,1,9169.42
attention,16,16,128,8192,1,21915.1
attention,16,16,128,16384,1,46296
attention,16,32,0,0,1,29.887
attention,16,32,1,16,1,29.472
attention,16,32,1,32,1,30.048
attention,16,32,1,64,1,34.08
attention,16,32,1,128,1,41.666
attention,16,32,1,256,1,56.287
attention,16,32,1,512,1,86.495
attention,16,32,1,1024,1,146.175
attention,16,32,1,2048,1,266.432
attention,16,32,1,4096,1,507.138
attention,16,32,1,8192,1,989.219
attention,16,32,1,16384,1,1951.59
attention,16,32,2,16,1,29.951
attention,16,32,2,32,1,29.664
attention,16,32,2,64,1,33.985
attention,16,32,2,128,1,41.439
attention,16,32,2,256,1,55.84
attention,16,32,2,512,1,86.336
attention,16,32,2,1024,1,146.112
attention,16,32,2,2048,1,266.4
attention,16,32,2,4096,1,507.68
attention,16,32,2,8192,1,988.64
attention,16,32,2,16384,1,1955.08
attention,16,32,4,16,1,28.801
attention,16,32,4,32,1,29.438
attention,16,32,4,64,1,33.663
attention,16,32,4,128,1,41.249
attention,16,32,4,256,1,55.776
attention,16,32,4,512,1,86.209
attention,16,32,4,1024,1,146.655
attention,16,32,4,2048,1,267.425
attention,16,32,4,4096,1,507.745
attention,16,32,4,8192,1,989.92
attention,16,32,4,16384,1,1952.07
attention,16,32,8,16,1,28.704
attention,16,32,8,32,1,29.087
attention,16,32,8,64,1,32.992
attention,16,32,8,128,1,40.702
attention,16,32,8,256,1,55.615
attention,16,32,8,512,1,86.047
attention,16,32,8,1024,1,147.263
attention,16,32,8,2048,1,268.48
attention,16,32,8,4096,1,510.53
attention,16,32,8,8192,1,991.779
attention,16,32,8,16384,1,1962.5
attention,16,32,16,16,1,43.072
attention,16,32,16,32,1,43.2
attention,16,32,16,64,1,53.438
attention,16,32,16,128,1,69.92
attention,16,32,16,256,1,100.48
attention,16,32,16,512,1,163.392
attention,16,32,16,1024,1,286.751
attention,16,32,16,2048,1,530.658
attention,16,32,16,4096,1,1019.14
attention,16,32,16,8192,1,2000.29
attention,16,32,16,16384,1,3953.16
attention,16,32,32,16,1,56.864
attention,16,32,32,32,1,57.408
attention,16,32,32,64,1,75.586
attention,16,32,32,128,1,99.584
attention,16,32,32,256,1,147.167
attention,16,32,32,512,1,241.057
attention,16,32,32,1024,1,426.05
attention,16,32,32,2048,1,792.929
attention,16,32,32,4096,1,1532.96
attention,16,32,32,8192,1,3005.83
attention,16,32,32,16384,1,5922.82
attention,16,32,64,16,1,85.12
attention,16,32,64,32,1,86.431
attention,16,32,64,64,1,119.84
attention,16,32,64,128,1,160.896
attention,16,32,64,256,1,242.912
attention,16,32,64,512,1,410.465
attention,16,32,64,1024,1,741.666
attention,16,32,64,2048,1,1414.08
attention,16,32,64,4096,1,2796.8
attention,16,32,64,8192,1,5440.62
attention,16,32,64,16384,1,10667.2
attention,16,32,128,16,1,140.384
attention,16,32,128,32,1,144.768
attention,16,32,128,64,1,216.896
attention,16,32,128,128,1,306.304
attention,16,32,128,256,1,489.599
attention,16,32,128,512,1,847.935
attention,16,32,128,1024,1,1641.12
attention,16,32,128,2048,1,4681.99
attention,16,32,128,4096,1,9168.24
attention,16,32,128,8192,1,21468.1
attention,16,32,128,16384,1,45966.7
attention,16,64,0,0,1,37.023
attention,16,64,1,16,1,34.174
attention,16,64,1,32,1,34.017
attention,16,64,1,64,1,36.35
attention,16,64,1,128,1,41.185
attention,16,64,1,256,1,56.033
attention,16,64,1,512,1,86.208
attention,16,64,1,1024,1,146.371
attention,16,64,1,2048,1,267.072
attention,16,64,1,4096,1,506.848
attention,16,64,1,8192,1,987.491
attention,16,64,1,16384,1,1951.46
attention,16,64,2,16,1,34.112
attention,16,64,2,32,1,34.207
attention,16,64,2,64,1,36.161
attention,16,64,2,128,1,41.44
attention,16,64,2,256,1,56.001
attention,16,64,2,512,1,85.953
attention,16,64,2,1024,1,146.592
attention,16,64,2,2048,1,266.688
attention,16,64,2,4096,1,507.743
attention,16,64,2,8192,1,988.929
attention,16,64,2,16384,1,1954.56
attention,16,64,4,16,1,33.759
attention,16,64,4,32,1,34.144
attention,16,64,4,64,1,35.872
attention,16,64,4,128,1,40.928
attention,16,64,4,256,1,55.808
attention,16,64,4,512,1,85.92
attention,16,64,4,1024,1,147.04
attention,16,64,4,2048,1,267.073
attention,16,64,4,4096,1,507.617
attention,16,64,4,8192,1,991.169
attention,16,64,4,16384,1,1952.35
attention,16,64,8,16,1,33.184
attention,16,64,8,32,1,33.505
attention,16,64,8,64,1,35.488
attention,16,64,8,128,1,40.704
attention,16,64,8,256,1,55.617
attention,16,64,8,512,1,85.824
attention,16,64,8,1024,1,147.041
attention,16,64,8,2048,1,267.647
attention,16,64,8,4096,1,511.585
attention,16,64,8,8192,1,997.314
attention,16,64,8,16384,1,1962.63
attention,16,64,16,16,1,50.558
attention,16,64,16,32,1,51.264
attention,16,64,16,64,1,57.28
attention,16,64,16,128,1,69.631
attention,16,64,16,256,1,99.744
attention,16,64,16,512,1,162.462
attention,16,64,16,1024,1,286.305
attention,16,64,16,2048,1,530.016
attention,16,64,16,4096,1,1019.01
attention,16,64,16,8192,1,2001.6
attention,16,64,16,16384,1,3942.47
attention,16,64,32,16,1,64.319
attention,16,64,32,32,1,65.345
attention,16,64,32,64,1,78.433
attention,16,64,32,128,1,99.552
attention,16,64,32,256,1,146.753
attention,16,64,32,512,1,240.513
attention,16,64,32,1024,1,426.625
attention,16,64,32,2048,1,790.85
attention,16,64,32,4096,1,1532.32
attention,16,64,32,8192,1,2995.33
attention,16,64,32,16384,1,5926.95
attention,16,64,64,16,1,92.32
attention,16,64,64,32,1,94.081
attention,16,64,64,64,1,122.272
attention,16,64,64,128,1,161.471
attention,16,64,64,256,1,243.073
attention,16,64,64,512,1,409.344
attention,16,64,64,1024,1,740.384
attention,16,64,64,2048,1,1413.54
attention,16,64,64,4096,1,2803.4
attention,16,64,64,8192,1,5439.34
attention,16,64,64,16384,1,10666.5
attention,16,64,128,16,1,148.864
attention,16,64,128,32,1,151.873
attention,16,64,128,64,1,219.808
attention,16,64,128,128,1,308.897
attention,16,64,128,256,1,491.167
attention,16,64,128,512,1,849.155
attention,16,64,128,1024,1,1638.11
attention,16,64,128,2048,1,4685.8
attention,16,64,128,4096,1,9166.89
attention,16,64,128,8192,1,21196.4
attention,16,64,128,16384,1,46812.4
attention,16,128,0,0,1,44.482
attention,16,128,1,16,1,42.112
attention,16,128,1,32,1,42.048
attention,16,128,1,64,1,41.855
attention,16,128,1,128,1,43.679
attention,16,128,1,256,1,55.839
attention,16,128,1,512,1,85.632
attention,16,128,1,1024,1,145.986
attention,16,128,1,2048,1,265.888
attention,16,128,1,4096,1,507.871
attention,16,128,1,8192,1,988.865
attention,16,128,1,16384,1,1943.05
attention,16,128,2,16,1,41.697
attention,16,128,2,32,1,41.857
attention,16,128,2,64,1,41.858
attention,16,128,2,128,1,43.521
attention,16,128,2,256,1,55.744
attention,16,128,2,512,1,85.952
attention,16,128,2,1024,1,146.016
attention,16,128,2,2048,1,266.754
attention,16,128,2,4096,1,507.103
attention,16,128,2,8192,1,991.491
attention,16,128,2,16384,1,1949.76
attention,16,128,4,16,1,41.344
attention,16,128,4,32,1,41.375
attention,16,128,4,64,1,41.407
attention,16,128,4,128,1,43.36
attention,16,128,4,256,1,55.648
attention,16,128,4,512,1,85.921
attention,16,128,4,1024,1,146.337
attention,16,128,4,2048,1,266.528
attention,16,128,4,4096,1,509.633
attention,16,128,4,8192,1,989.602
attention,16,128,4,16384,1,1958.66
attention,16,128,8,16,1,40.671
attention,16,128,8,32,1,41.215
attention,16,128,8,64,1,41.152
attention,16,128,8,128,1,43.039
attention,16,128,8,256,1,55.327
attention,16,128,8,512,1,86.018
attention,16,128,8,1024,1,146.976
attention,16,128,8,2048,1,267.905
attention,16,128,8,4096,1,509.761
attention,16,128,8,8192,1,996.897
attention,16,128,8,16384,1,1961.73
attention,16,128,16,16,1,58.783
attention,16,128,16,32,1,59.104
attention,16,128,16,64,1,65.502
attention,16,128,16,128,1,73.599
attention,16,128,16,256,1,100.225
attention,16,128,16,512,1,162.241
attention,16,128,16,1024,1,285.856
attention,16,128,16,2048,1,530.816
attention,16,128,16,4096,1,1018.91
attention,16,128,16,8192,1,2000.77
attention,16,128,16,16384,1,3953.8
attention,16,128,32,16,1,72.446
attention,16,128,32,32,1,72.958
attention,16,128,32,64,1,86.689
attention,16,128,32,128,1,103.936
attention,16,128,32,256,1,146.402
attention,16,128,32,512,1,240.193
attention,16,128,32,1024,1,426.465
attention,16,128,32,2048,1,792
attention,16,128,32,4096,1,1534.98
attention,16,128,32,8192,1,2997.19
attention,16,128,32,16384,1,5932.71
attention,16,128,64,16,1,100.383
attention,16,128,64,32,1,102.304
attention,16,128,64,64,1,130.431
attention,16,128,64,128,1,165.248
attention,16,128,64,256,1,242.816
attention,16,128,64,512,1,412.643
attention,16,128,64,1024,1,740.322
attention,16,128,64,2048,1,1413.54
attention,16,128,64,4096,1,2799.2
attention,16,128,64,8192,1,5440.58
attention,16,128,64,16384,1,10675.9
attention,16,128,128,16,1,157.25
attention,16,128,128,32,1,160.898
attention,16,128,128,64,1,228.32
attention,16,128,128,128,1,311.967
attention,16,128,128,256,1,490.049
attention,16,128,128,512,1,848.095
attention,16,128,128,1024,1,1641.44
attention,16,128,128,2048,1,4689.12
attention,16,128,128,4096,1,9171.47
attention,16,128,128,8192,1,21695.3
attention,16,128,128,16384,1,48245.6
attention,16,256,0,0,1,59.04
attention,16,256,1,16,1,56.544
attention,16,256,1,32,1,56.352
attention,16,256,1,64,1,56.256
attention,16,256,1,128,1,56.001
attention,16,256,1,256,1,58.656
attention,16,256,1,512,1,85.566
attention,16,256,1,1024,1,145.632
attention,16,256,1,2048,1,266.207
attention,16,256,1,4096,1,506.528
attention,16,256,1,8192,1,988.354
attention,16,256,1,16384,1,1950.08
attention,16,256,2,16,1,56.385
attention,16,256,2,32,1,56.446
attention,16,256,2,64,1,56.416
attention,16,256,2,128,1,55.681
attention,16,256,2,256,1,58.018
attention,16,256,2,512,1,85.952
attention,16,256,2,1024,1,146.078
attention,16,256,2,2048,1,267.072
attention,16,256,2,4096,1,507.619
attention,16,256,2,8192,1,987.715
attention,16,256,2,16384,1,1954.66
attention,16,256,4,16,1,55.872
attention,16,256,4,32,1,56.383
attention,16,256,4,64,1,56.095
attention,16,256,4,128,1,55.713
attention,16,256,4,256,1,58.176
attention,16,256,4,512,1,85.729
attention,16,256,4,1024,1,146.272
attention,16,256,4,2048,1,265.855
attention,16,256,4,4096,1,508.577
attention,16,256,4,8192,1,990.721
attention,16,256,4,16384,1,1952.99
attention,16,256,8,16,1,55.808
attention,16,256,8,32,1,55.84
attention,16,256,8,64,1,55.521
attention,16,256,8,128,1,55.552
attention,16,256,8,256,1,57.89
attention,16,256,8,512,1,85.951
attention,16,256,8,1024,1,147.871
attention,16,256,8,2048,1,268.128
attention,16,256,8,4096,1,511.327
attention,16,256,8,8192,1,995.395
attention,16,256,8,16384,1,1970.34
attention,16,256,16,16,1,72.832
attention,16,256,16,32,1,73.409
attention,16,256,16,64,1,79.808
attention,16,256,16,128,1,88.992
attention,16,256,16,256,1,104.415
attention,16,256,16,512,1,162.528
attention,16,256,16,1024,1,286.594
attention,16,256,16,2048,1,530.882
attention,16,256,16,4096,1,1019.11
attention,16,256,16,8192,1,2001.03
attention,16,256,16,16384,1,3944.77
attention,16,256,32,16,1,87.743
attention,16,256,32,32,1,87.456
attention,16,256,32,64,1,101.824
attention,16,256,32,128,1,119.584
attention,16,256,32,256,1,151.169
attention,16,256,32,512,1,240.352
attention,16,256,32,1024,1,426.432
attention,16,256,32,2048,1,792.769
attention,16,256,32,4096,1,1534.59
attention,16,256,32,8192,1,3000.55
attention,16,256,32,16384,1,5915.62
attention,16,256,64,16,1,115.872
attention,16,256,64,32,1,117.344
attention,16,256,64,64,1,145.472
attention,16,256,64,128,1,179.585
attention,16,256,64,256,1,246.431
attention,16,256,64,512,1,410.593
attention,16,256,64,1024,1,740.609
attention,16,256,64,2048,1,1416.07
attention,16,256,64,4096,1,2802.63
attention,16,256,64,8192,1,5441.8
attention,16,256,64,16384,1,10672.7
attention,16,256,128,16,1,172.641
attention,16,256,128,32,1,177.377
attention,16,256,128,64,1,243.328
attention,16,256,128,128,1,328.129
attention,16,256,128,256,1,498.144
attention,16,256,128,512,1,850.658
attention,16,256,128,1024,1,1637.16
attention,16,256,128,2048,1,4688.68
attention,16,256,128,4096,1,9173
attention,16,256,128,8192,1,21754.4
attention,16,256,128,16384,1,47617.2
attention,16,512,0,0,1,89.026
attention,16,512,1,16,1,86.719
attention,16,512,1,32,1,86.943
attention,16,512,1,64,1,86.848
attention,16,512,1,128,1,85.921
attention,16,512,1,256,1,86.432
attention,16,512,1,512,1,88.416
attention,16,512,1,1024,1,146.017
attention,16,512,1,2048,1,265.826
attention,16,512,1,4096,1,506.531
attention,16,512,1,8192,1,987.809
attention,16,512,1,16384,1,1952.23
attention,16,512,2,16,1,86.976
attention,16,512,2,32,1,86.592
attention,16,512,2,64,1,86.368
attention,16,512,2,128,1,85.855
attention,16,512,2,256,1,85.824
attention,16,512,2,512,1,88.289
attention,16,512,2,1024,1,145.568
attention,16,512,2,2048,1,266.369
attention,16,512,2,4096,1,508.256
attention,16,512,2,8192,1,988.8
attention,16,512,2,16384,1,1953.35
attention,16,512,4,16,1,86.368
attention,16,512,4,32,1,86.016
attention,16,512,4,64,1,85.855
attention,16,512,4,128,1,85.441
attention,16,512,4,256,1,85.985
attention,16,512,4,512,1,88.192
attention,16,512,4,1024,1,146.432
attention,16,512,4,2048,1,266.877
attention,16,512,4,4096,1,508.704
attention,16,512,4,8192,1,990.178
attention,16,512,4,16384,1,1952.77
attention,16,512,8,16,1,85.921
attention,16,512,8,32,1,85.92
attention,16,512,8,64,1,85.824
attention,16,512,8,128,1,85.632
attention,16,512,8,256,1,86.272
attention,16,512,8,512,1,87.84
attention,16,512,8,1024,1,147.425
attention,16,512,8,2048,1,268.129
attention,16,512,8,4096,1,510.463
attention,16,512,8,8192,1,994.146
attention,16,512,8,16384,1,1968.61
attention,16,512,16,16,1,103.616
attention,16,512,16,32,1,103.457
attention,16,512,16,64,1,109.824
attention,16,512,16,128,1,119.072
attention,16,512,16,256,1,135.104
attention,16,512,16,512,1,166.975
attention,16,512,16,1024,1,286.528
attention,16,512,16,2048,1,530.719
attention,16,512,16,4096,1,1018.88
attention,16,512,16,8192,1,1999.11
attention,16,512,16,16384,1,3948.39
attention,16,512,32,16,1,117.313
attention,16,512,32,32,1,117.921
attention,16,512,32,64,1,132.446
attention,16,512,32,128,1,150.015
attention,16,512,32,256,1,181.695
attention,16,512,32,512,1,243.583
attention,16,512,32,1024,1,425.887
attention,16,512,32,2048,1,792.577
attention,16,512,32,4096,1,1533.7
attention,16,512,32,8192,1,2999.68
attention,16,512,32,16384,1,5925.03
attention,16,512,64,16,1,145.855
attention,16,512,64,32,1,147.616
attention,16,512,64,64,1,176.257
attention,16,512,64,128,1,210.625
attention,16,512,64,256,1,277.409
attention,16,512,64,512,1,415.393
attention,16,512,64,1024,1,741.537
attention,16,512,64,2048,1,1416.42
attention,16,512,64,4096,1,2802.43
attention,16,512,64,8192,1,5442.15
attention,16,512,64,16384,1,10676.4
attention,16,512,128,16,1,202.144
attention,16,512,128,32,1,207.968
attention,16,512,128,64,1,273.28
attention,16,512,128,128,1,359.233
attention,16,512,128,256,1,526.882
attention,16,512,128,512,1,858.114
attention,16,512,128,1024,1,1644.07
attention,16,512,128,2048,1,4693.7
attention,16,512,128,4096,1,9182.76
attention,16,512,128,8192,1,22598.8
attention,16,512,128,16384,1,47255.8
attention,16,1024,0,0,1,149.214
attention,16,1024,1,16,1,147.329
attention,16,1024,1,32,1,146.721
attention,16,1024,1,64,1,146.785
attention,16,1024,1,128,1,146.017
attention,16,1024,1,256,1,146.305
attention,16,1024,1,512,1,146.592
attention,16,1024,1,1024,1,148.48
attention,16,1024,1,2048,1,266.4
attention,16,1024,1,4096,1,506.689
attention,16,1024,1,8192,1,987.682
attention,16,1024,1,16384,1,1951.43
attention,16,1024,2,16,1,146.562
attention,16,1024,2,32,1,146.849
attention,16,1024,2,64,1,146.881
attention,16,1024,2,128,1,146.017
attention,16,1024,2,256,1,146.75
attention,16,1024,2,512,1,145.888
attention,16,1024,2,1024,1,148.896
attention,16,1024,2,2048,1,266.4
attention,16,1024,2,4096,1,507.745
attention,16,1024,2,8192,1,991.585
attention,16,1024,2,16384,1,1952.58
attention,16,1024,4,16,1,147.041
attention,16,1024,4,32,1,146.498
attention,16,1024,4,64,1,146.175
attention,16,1024,4,128,1,146.017
attention,16,1024,4,256,1,145.922
attention,16,1024,4,512,1,146.08
attention,16,1024,4,1024,1,148.319
attention,16,1024,4,2048,1,266.304
attention,16,1024,4,4096,1,509.315
attention,16,1024,4,8192,1,990.913
attention,16,1024,4,16384,1,1952.74
attention,16,1024,8,16,1,145.824
attention,16,1024,8,32,1,145.664
attention,16,1024,8,64,1,145.184
attention,16,1024,8,128,1,146.368
attention,16,1024,8,256,1,145.823
attention,16,1024,8,512,1,146.624
attention,16,1024,8,1024,1,149.472
attention,16,1024,8,2048,1,269.28
attention,16,1024,8,4096,1,511.2
attention,16,1024,8,8192,1,995.904
attention,16,1024,8,16384,1,1966.15
attention,16,1024,16,16,1,163.008
attention,16,1024,16,32,1,163.553
attention,16,1024,16,64,1,169.793
attention,16,1024,16,128,1,179.265
attention,16,1024,16,256,1,195.81
attention,16,1024,16,512,1,226.75
attention,16,1024,16,1024,1,290.08
attention,16,1024,16,2048,1,530.913
attention,16,1024,16,4096,1,1018.47
attention,16,1024,16,8192,1,2003.01
attention,16,1024,16,16384,1,3946.47
attention,16,1024,32,16,1,177.952
attention,16,1024,32,32,1,178.272
attention,16,1024,32,64,1,192.384
attention,16,1024,32,128,1,209.538
attention,16,1024,32,256,1,241.216
attention,16,1024,32,512,1,303.199
attention,16,1024,32,1024,1,427.712
attention,16,1024,32,2048,1,792.16
attention,16,1024,32,4096,1,1532.55
attention,16,1024,32,8192,1,2997.38
attention,16,1024,32,16384,1,5905.64
attention,16,1024,64,16,1,206.049
attention,16,1024,64,32,1,207.424
attention,16,1024,64,64,1,236.929
attention,16,1024,64,128,1,270.753
attention,16,1024,64,256,1,336.509
attention,16,1024,64,512,1,473.601
attention,16,1024,64,1024,1,743.392
attention,16,1024,64,2048,1,1424
attention,16,1024,64,4096,1,2813.51
attention,16,1024,64,8192,1,5450.22
attention,16,1024,64,16384,1,10677.6
attention,16,1024,128,16,1,262.305
attention,16,1024,128,32,1,267.488
attention,16,1024,128,64,1,335.393
attention,16,1024,128,128,1,420.384
attention,16,1024,128,256,1,587.073
attention,16,1024,128,512,1,916.61
attention,16,1024,128,1024,1,1684.35
attention,16,1024,128,2048,1,4714.25
attention,16,1024,128,4096,1,9431.98
attention,16,1024,128,8192,1,20395.7
attention,16,1024,128,16384,1,48025.1
attention,16,2048,0,0,1,270.529
attention,16,2048,1,16,1,267.042
attention,16,2048,1,32,1,267.649
attention,16,2048,1,64,1,267.711
attention,16,2048,1,128,1,266.688
attention,16,2048,1,256,1,267.2
attention,16,2048,1,512,1,266.369
attention,16,2048,1,1024,1,266.913
attention,16,2048,1,2048,1,268.448
attention,16,2048,1,4096,1,506.752
attention,16,2048,1,8192,1,988.002
attention,16,2048,1,16384,1,1949.86
attention,16,2048,2,16,1,267.298
attention,16,2048,2,32,1,267.263
attention,16,2048,2,64,1,267.136
attention,16,2048,2,128,1,266.592
attention,16,2048,2,256,1,265.952
attention,16,2048,2,512,1,266.37
attention,16,2048,2,1024,1,265.889
attention,16,2048,2,2048,1,268.577
attention,16,2048,2,4096,1,507.232
attention,16,2048,2,8192,1,988.739
attention,16,2048,2,16384,1,1953.99
attention,16,2048,4,16,1,266.784
attention,16,2048,4,32,1,266.623
attention,16,2048,4,64,1,267.395
attention,16,2048,4,128,1,266.465
attention,16,2048,4,256,1,266.56
attention,16,2048,4,512,1,266.465
attention,16,2048,4,1024,1,266.593
attention,16,2048,4,2048,1,268.192
attention,16,2048,4,4096,1,509.09
attention,16,2048,4,8192,1,990.081
attention,16,2048,4,16384,1,1961.09
attention,16,2048,8,16,1,267.2
attention,16,2048,8,32,1,266.657
attention,16,2048,8,64,1,266.463
attention,16,2048,8,128,1,266.782
attention,16,2048,8,256,1,267.649
attention,16,2048,8,512,1,267.455
attention,16,2048,8,1024,1,267.712
attention,16,2048,8,2048,1,269.567
attention,16,2048,8,4096,1,510.817
attention,16,2048,8,8192,1,992.515
attention,16,2048,8,16384,1,1963.78
attention,16,2048,16,16,1,283.457
attention,16,2048,16,32,1,283.359
attention,16,2048,16,64,1,290.848
attention,16,2048,16,128,1,299.167
attention,16,2048,16,256,1,316.065
attention,16,2048,16,512,1,347.647
attention,16,2048,16,1024,1,409.601
attention,16,2048,16,2048,1,533.186
attention,16,2048,16,4096,1,1015.3
attention,16,2048,16,8192,1,1995.14
attention,16,2048,16,16384,1,3944.93
attention,16,2048,32,16,1,297.473
attention,16,2048,32,32,1,298.209
attention,16,2048,32,64,1,312.034
attention,16,2048,32,128,1,330.593
attention,16,2048,32,256,1,361.377
attention,16,2048,32,512,1,423.808
attention,16,2048,32,1024,1,546.914
attention,16,2048,32,2048,1,790.498
attention,16,2048,32,4096,1,1526.46
attention,16,2048,32,8192,1,2999.94
attention,16,2048,32,16384,1,5927.75
attention,16,2048,64,16,1,328.03
attention,16,2048,64,32,1,327.904
attention,16,2048,64,64,1,356.032
attention,16,2048,64,128,1,390.496
attention,16,2048,64,256,1,460.032
attention,16,2048,64,512,1,596.639
attention,16,2048,64,1024,1,865.887
attention,16,2048,64,2048,1,1450.08
attention,16,2048,64,4096,1,2896.42
attention,16,2048,64,8192,1,5571.36
attention,16,2048,64,16384,1,11275.9
attention,16,2048,128,16,1,383.648
attention,16,2048,128,32,1,390.753
attention,16,2048,128,64,1,454.303
attention,16,2048,128,128,1,539.648
attention,16,2048,128,256,1,708.897
attention,16,2048,128,512,1,1040.51
attention,16,2048,128,1024,1,1824.96
attention,16,2048,128,2048,1,4744.16
attention,16,2048,128,4096,1,9537.83
attention,16,2048,128,8192,1,21606.5
attention,16,2048,128,16384,1,47522.8
attention,16,4096,0,0,1,512.351
attention,16,4096,1,16,1,508.225
attention,16,4096,1,32,1,507.649
attention,16,4096,1,64,1,507.807
attention,16,4096,1,128,1,508.32
attention,16,4096,1,256,1,507.554
attention,16,4096,1,512,1,508.289
attention,16,4096,1,1024,1,508.129
attention,16,4096,1,2048,1,507.521
attention,16,4096,1,4096,1,508.799
attention,16,4096,1,8192,1,991.169
attention,16,4096,1,16384,1,1950.05
attention,16,4096,2,16,1,507.714
attention,16,4096,2,32,1,507.744
attention,16,4096,2,64,1,507.233
attention,16,4096,2,128,1,506.466
attention,16,4096,2,256,1,507.68
attention,16,4096,2,512,1,506.112
attention,16,4096,2,1024,1,507.328
attention,16,4096,2,2048,1,507.808
attention,16,4096,2,4096,1,508.642
attention,16,4096,2,8192,1,991.075
attention,16,4096,2,16384,1,1953.09
attention,16,4096,4,16,1,507.489
attention,16,4096,4,32,1,506.369
attention,16,4096,4,64,1,507.36
attention,16,4096,4,128,1,507.681
attention,16,4096,4,256,1,507.106
attention,16,4096,4,512,1,506.624
attention,16,4096,4,1024,1,509.25
attention,16,4096,4,2048,1,509.856
attention,16,4096,4,4096,1,510.016
attention,16,4096,4,8192,1,990.307
attention,16,4096,4,16384,1,1953.98
attention,16,4096,8,16,1,506.786
attention,16,4096,8,32,1,507.168
attention,16,4096,8,64,1,506.496
attention,16,4096,8,128,1,507.393
attention,16,4096,8,256,1,506.367
attention,16,4096,8,512,1,507.135
attention,16,4096,8,1024,1,509.089
attention,16,4096,8,2048,1,508.352
attention,16,4096,8,4096,1,511.137
attention,16,4096,8,8192,1,995.617
attention,16,4096,8,16384,1,1965.31
attention,16,4096,16,16,1,523.104
attention,16,4096,16,32,1,523.425
attention,16,4096,16,64,1,530.24
attention,16,4096,16,128,1,539.232
attention,16,4096,16,256,1,555.136
attention,16,4096,16,512,1,587.328
attention,16,4096,16,1024,1,651.938
attention,16,4096,16,2048,1,773.408
attention,16,4096,16,4096,1,1022.21
attention,16,4096,16,8192,1,1999.27
attention,16,4096,16,16384,1,3949.99
attention,16,4096,32,16,1,537.344
attention,16,4096,32,32,1,538.015
attention,16,4096,32,64,1,552.354
attention,16,4096,32,128,1,571.712
attention,16,4096,32,256,1,603.041
attention,16,4096,32,512,1,663.81
attention,16,4096,32,1024,1,786.402
attention,16,4096,32,2048,1,1032.29
attention,16,4096,32,4096,1,1531.97
attention,16,4096,32,8192,1,2990.69
attention,16,4096,32,16384,1,5925.26
attention,16,4096,64,16,1,567.711
attention,16,4096,64,32,1,572.417
attention,16,4096,64,64,1,599.167
attention,16,4096,64,128,1,631.01
attention,16,4096,64,256,1,699.873
attention,16,4096,64,512,1,839.265
attention,16,4096,64,1024,1,1110.95
attention,16,4096,64,2048,1,1709.63
attention,16,4096,64,4096,1,2877.54
attention,16,4096,64,8192,1,5789.77
attention,16,4096,64,16384,1,11428.2
attention,16,4096,128,16,1,624.865
attention,16,4096,128,32,1,629.568
attention,16,4096,128,64,1,697.536
attention,16,4096,128,128,1,781.537
attention,16,4096,128,256,1,952.738
attention,16,4096,128,512,1,1284.74
attention,16,4096,128,1024,1,2110.27
attention,16,4096,128,2048,1,5036.26
attention,16,4096,128,4096,1,9565.64
attention,16,4096,128,8192,1,22105.9
attention,16,4096,128,16384,1,46623
attention,16,8192,0,0,1,990.339
attention,16,8192,1,16,1,988.61
attention,16,8192,1,32,1,989.89
attention,16,8192,1,64,1,989.473
attention,16,8192,1,128,1,986.53
attention,16,8192,1,256,1,990.051
attention,16,8192,1,512,1,990.177
attention,16,8192,1,1024,1,989.218
attention,16,8192,1,2048,1,989.217
attention,16,8192,1,4096,1,989.186
attention,16,8192,1,8192,1,990.657
attention,16,8192,1,16384,1,1951.3
attention,16,8192,2,16,1,988.096
attention,16,8192,2,32,1,988.991
attention,16,8192,2,64,1,989.41
attention,16,8192,2,128,1,989.762
attention,16,8192,2,256,1,988.063
attention,16,8192,2,512,1,988.579
attention,16,8192,2,1024,1,989.601
attention,16,8192,2,2048,1,987.327
attention,16,8192,2,4096,1,988.321
attention,16,8192,2,8192,1,989.824
attention,16,8192,2,16384,1,1952.93
attention,16,8192,4,16,1,988.482
attention,16,8192,4,32,1,989.026
attention,16,8192,4,64,1,989.124
attention,16,8192,4,128,1,989.825
attention,16,8192,4,256,1,990.146
attention,16,8192,4,512,1,988.706
attention,16,8192,4,1024,1,988.578
attention,16,8192,4,2048,1,990.945
attention,16,8192,4,4096,1,988.675
attention,16,8192,4,8192,1,990.273
attention,16,8192,4,16384,1,1951.27
attention,16,8192,8,16,1,988.961
attention,16,8192,8,32,1,989.89
attention,16,8192,8,64,1,989.474
attention,16,8192,8,128,1,990.304
attention,16,8192,8,256,1,991.904
attention,16,8192,8,512,1,990.402
attention,16,8192,8,1024,1,990.625
attention,16,8192,8,2048,1,990.658
attention,16,8192,8,4096,1,991.647
attention,16,8192,8,8192,1,995.169
attention,16,8192,8,16384,1,1965.35
attention,16,8192,16,16,1,1007.07
attention,16,8192,16,32,1,1003.84
attention,16,8192,16,64,1,1014.3
attention,16,8192,16,128,1,1019.55
attention,16,8192,16,256,1,1037.83
attention,16,8192,16,512,1,1069.86
attention,16,8192,16,1024,1,1130.27
attention,16,8192,16,2048,1,1258.63
attention,16,8192,16,4096,1,1504.42
attention,16,8192,16,8192,1,2005.25
attention,16,8192,16,16384,1,3951.27
attention,16,8192,32,16,1,1021.12
attention,16,8192,32,32,1,1019.75
attention,16,8192,32,64,1,1033.03
attention,16,8192,32,128,1,1051.11
attention,16,8192,32,256,1,1081.7
attention,16,8192,32,512,1,1150.79
attention,16,8192,32,1024,1,1270.05
attention,16,8192,32,2048,1,1514.82
attention,16,8192,32,4096,1,2015.84
attention,16,8192,32,8192,1,2999.3
attention,16,8192,32,16384,1,5921.19
attention,16,8192,64,16,1,1047.68
attention,16,8192,64,32,1,1048.32
attention,16,8192,64,64,1,1082.72
attention,16,8192,64,128,1,1114.43
attention,16,8192,64,256,1,1184.74
attention,16,8192,64,512,1,1323.59
attention,16,8192,64,1024,1,1599.04
attention,16,8192,64,2048,1,2196.9
attention,16,8192,64,4096,1,3420.77
attention,16,8192,64,8192,1,5592.68
attention,16,8192,64,16384,1,11384
attention,16,8192,128,16,1,1103.3
attention,16,8192,128,32,1,1109.28
attention,16,8192,128,64,1,1181.76
attention,16,8192,128,128,1,1269.76
attention,16,8192,128,256,1,1432.55
attention,16,8192,128,512,1,1762.88
attention,16,8192,128,1024,1,2604.13
attention,16,8192,128,2048,1,5625.96
attention,16,8192,128,4096,1,9874.19
attention,16,8192,128,8192,1,21438.4
attention,16,8192,128,16384,1,47559
attention,16,16384,0,0,1,1958.79
attention,16,16384,1,16,1,1953.41
attention,16,16384,1,32,1,1954.02
attention,16,16384,1,64,1,1954.66
attention,16,16384,1,128,1,1954.21
attention,16,16384,1,256,1,1953.03
attention,16,16384,1,512,1,1953.03
attention,16,16384,1,1024,1,1953.22
attention,16,16384,1,2048,1,1951.62
attention,16,16384,1,4096,1,1957.28
attention,16,16384,1,8192,1,1952.32
attention,16,16384,1,16384,1,1952.96
attention,16,16384,2,16,1,1951.01
attention,16,16384,2,32,1,1952.13
attention,16,16384,2,64,1,1957.95
attention,16,16384,2,128,1,1952.64
attention,16,16384,2,256,1,1951.65
attention,16,16384,2,512,1,1952.55
attention,16,16384,2,1024,1,1946.72
attention,16,16384,2,2048,1,1954.79
attention,16,16384,2,4096,1,1953.54
attention,16,16384,2,8192,1,1949.54
attention,16,16384,2,16384,1,1953.41
attention,16,16384,4,16,1,1952.16
attention,16,16384,4,32,1,1951.91
attention,16,16384,4,64,1,1958.4
attention,16,16384,4,128,1,1954.34
attention,16,16384,4,256,1,1954.27
attention,16,16384,4,512,1,1953.35
attention,16,16384,4,1024,1,1953.96
attention,16,16384,4,2048,1,1951.27
attention,16,16384,4,4096,1,1952.77
attention,16,16384,4,8192,1,1953.51
attention,16,16384,4,16384,1,1955.01
attention,16,16384,8,16,1,1953.6
attention,16,16384,8,32,1,1953.06
attention,16,16384,8,64,1,1952.84
attention,16,16384,8,128,1,1952.29
attention,16,16384,8,256,1,1951.62
attention,16,16384,8,512,1,1953.6
attention,16,16384,8,1024,1,1954.78
attention,16,16384,8,2048,1,1954.18
attention,16,16384,8,4096,1,1954.21
attention,16,16384,8,8192,1,1960.55
attention,16,16384,8,16384,1,1964.1
attention,16,16384,16,16,1,1966.76
attention,16,16384,16,32,1,1964.8
attention,16,16384,16,64,1,1971.52
attention,16,16384,16,128,1,1981.25
attention,16,16384,16,256,1,1998.4
attention,16,16384,16,512,1,2030.69
attention,16,16384,16,1024,1,2096.61
attention,16,16384,16,2048,1,2224.55
attention,16,16384,16,4096,1,2474.79
attention,16,16384,16,8192,1,2975.68
attention,16,16384,16,16384,1,3940.36
attention,16,16384,32,16,1,1980.55
attention,16,16384,32,32,1,1986.37
attention,16,16384,32,64,1,1998.72
attention,16,16384,32,128,1,2014.56
attention,16,16384,32,256,1,2048.64
attention,16,16384,32,512,1,2105.57
attention,16,16384,32,1024,1,2230.4
attention,16,16384,32,2048,1,2484.2
attention,16,16384,32,4096,1,2983.11
attention,16,16384,32,8192,1,3969.67
attention,16,16384,32,16384,1,5935.88
attention,16,16384,64,16,1,2017.7
attention,16,16384,64,32,1,2019.84
attention,16,16384,64,64,1,2046.12
attention,16,16384,64,128,1,2079.85
attention,16,16384,64,256,1,2149.28
attention,16,16384,64,512,1,2296.1
attention,16,16384,64,1024,1,2556.29
attention,16,16384,64,2048,1,3177.19
attention,16,16384,64,4096,1,4413.06
attention,16,16384,64,8192,1,6659.34
attention,16,16384,64,16384,1,10991.2
attention,16,16384,128,16,1,2067.08
attention,16,16384,128,32,1,2077.38
attention,16,16384,128,64,1,2150.92
attention,16,16384,128,128,1,2223.59
attention,16,16384,128,256,1,2403.01
attention,16,16384,128,512,1,2742.4
attention,16,16384,128,1024,1,3555.4
attention,16,16384,128,2048,1,6715.66
attention,16,16384,128,4096,1,11059.7
attention,16,16384,128,8192,1,21360.8
attention,16,16384,128,16384,1,47376.6
attention,32,0,0,0,1,29.728
attention,32,0,1,16,1,29.694
attention,32,0,1,32,1,29.281
attention,32,0,1,64,1,33.952
attention,32,0,1,128,1,41.183
attention,32,0,1,256,1,56.384
attention,32,0,1,512,1,86.401
attention,32,0,1,1024,1,146.432
attention,32,0,1,2048,1,266.241
attention,32,0,1,4096,1,508.254
attention,32,0,1,8192,1,986.849
attention,32,0,1,16384,1,1953.44
attention,32,0,2,16,1,29.279
attention,32,0,2,32,1,29.408
attention,32,0,2,64,1,33.793
attention,32,0,2,128,1,41.408
attention,32,0,2,256,1,56.545
attention,32,0,2,512,1,86.24
attention,32,0,2,1024,1,146.72
attention,32,0,2,2048,1,266.721
attention,32,0,2,4096,1,507.776
attention,32,0,2,8192,1,990.976
attention,32,0,2,16384,1,1952.74
attention,32,0,4,16,1,29.119
attention,32,0,4,32,1,28.895
attention,32,0,4,64,1,33.568
attention,32,0,4,128,1,41.375
attention,32,0,4,256,1,55.744
attention,32,0,4,512,1,86.274
attention,32,0,4,1024,1,146.56
attention,32,0,4,2048,1,266.946
attention,32,0,4,4096,1,508.384
attention,32,0,4,8192,1,990.017
attention,32,0,4,16384,1,1953.48
attention,32,0,8,16,1,28.641
attention,32,0,8,32,1,28.831
attention,32,0,8,64,1,32.928
attention,32,0,8,128,1,40.512
attention,32,0,8,256,1,55.938
attention,32,0,8,512,1,86.113
attention,32,0,8,1024,1,147.104
attention,32,0,8,2048,1,267.682
attention,32,0,8,4096,1,511.137
attention,32,0,8,8192,1,992.736
attention,32,0,8,16384,1,1964.84
attention,32,0,16,16,1,42.91
attention,32,0,16,32,1,43.232
attention,32,0,16,64,1,53.92
attention,32,0,16,128,1,69.442
attention,32,0,16,256,1,101.215
attention,32,0,16,512,1,162.625
attention,32,0,16,1024,1,286.113
attention,32,0,16,2048,1,529.473
attention,32,0,16,4096,1,1014.43
attention,32,0,16,8192,1,2001.57
attention,32,0,16,16384,1,3945.19
attention,32,0,32,16,1,57.408
attention,32,0,32,32,1,57.311
attention,32,0,32,64,1,75.68
attention,32,0,32,128,1,100.065
attention,32,0,32,256,1,147.105
attention,32,0,32,512,1,238.817
attention,32,0,32,1024,1,423.169
attention,32,0,32,2048,1,788.129
attention,32,0,32,4096,1,1528.71
attention,32,0,32,8192,1,2993.67
attention,32,0,32,16384,1,5924.62
attention,32,0,64,16,1,84.865
attention,32,0,64,32,1,85.858
attention,32,0,64,64,1,118.688
attention,32,0,64,128,1,160.674
attention,32,0,64,256,1,242.592
attention,32,0,64,512,1,410.593
attention,32,0,64,1024,1,743.17
attention,32,0,64,2048,1,1415.74
attention,32,0,64,4096,1,2803.97
attention,32,0,64,8192,1,5449.51
attention,32,0,64,16384,1,10677.6
attention,32,0,128,16,1,141.121
attention,32,0,128,32,1,145.12
attention,32,0,128,64,1,215.487
attention,32,0,128,128,1,305.76
attention,32,0,128,256,1,490.466
attention,32,0,128,512,1,849.634
attention,32,0,128,1024,1,1646.08
attention,32,0,128,2048,1,4681.77
attention,32,0,128,4096,1,9176.08
attention,32,0,128,8192,1,22899.8
attention,32,0,128,16384,1,47274
attention,32,16,0,0,1,30.112
attention,32,16,1,16,1,29.985
attention,32,16,1,32,1,29.857
attention,32,16,1,64,1,34.048
attention,32,16,1,128,1,42.016
attention,32,16,1,256,1,56.128
attention,32,16,1,512,1,86.24
attention,32,16,1,1024,1,146.368
attention,32,16,1,2048,1,266.528
attention,32,16,1,4096,1,506.913
attention,32,16,1,8192,1,988.898
attention,32,16,1,16384,1,1944.22
attention,32,16,2,16,1,29.472
attention,32,16,2,32,1,29.856
attention,32,16,2,64,1,33.92
attention,32,16,2,128,1,41.505
attention,32,16,2,256,1,55.904
attention,32,16,2,512,1,86.624
attention,32,16,2,1024,1,146.75
attention,32,16,2,2048,1,267.008
attention,32,16,2,4096,1,507.616
attention,32,16,2,8192,1,990.914
attention,32,16,2,16384,1,1952.36
attention,32,16,4,16,1,29.376
attention,32,16,4,32,1,29.471
attention,32,16,4,64,1,33.536
attention,32,16,4,128,1,41.44
attention,32,16,4,256,1,56.063
attention,32,16,4,512,1,86.401
attention,32,16,4,1024,1,146.879
attention,32,16,4,2048,1,267.648
attention,32,16,4,4096,1,509.666
attention,32,16,4,8192,1,994.787
attention,32,16,4,16384,1,1954.5
attention,32,16,8,16,1,28.576
attention,32,16,8,32,1,28.865
attention,32,16,8,64,1,32.991
attention,32,16,8,128,1,40.64
attention,32,16,8,256,1,55.584
attention,32,16,8,512,1,86.624
attention,32,16,8,1024,1,146.816
attention,32,16,8,2048,1,268.928
attention,32,16,8,4096,1,509.889
attention,32,16,8,8192,1,996.832
attention,32,16,8,16384,1,1959.33
attention,32,16,16,16,1,43.519
attention,32,16,16,32,1,43.904
attention,32,16,16,64,1,53.792
attention,32,16,16,128,1,69.983
attention,32,16,16,256,1,101.184
attention,32,16,16,512,1,163.169
attention,32,16,16,1024,1,285.793
attention,32,16,16,2048,1,529.183
attention,32,16,16,4096,1,1016.42
attention,32,16,16,8192,1,1994.18
attention,32,16,16,16384,1,3945.89
attention,32,16,32,16,1,57.312
attention,32,16,32,32,1,58.144
attention,32,16,32,64,1,74.879
attention,32,16,32,128,1,100.223
attention,32,16,32,256,1,146.239
attention,32,16,32,512,1,239.615
attention,32,16,32,1024,1,423.744
attention,32,16,32,2048,1,787.966
attention,32,16,32,4096,1,1527.88
attention,32,16,32,8192,1,2995.27
attention,32,16,32,16384,1,5913.83
attention,32,16,64,16,1,85.089
attention,32,16,64,32,1,86.24
attention,32,16,64,64,1,119.232
attention,32,16,64,128,1,161.056
attention,32,16,64,256,1,242.881
attention,32,16,64,512,1,410.368
attention,32,16,64,1024,1,741.666
attention,32,16,64,2048,1,1418.4
attention,32,16,64,4096,1,2804.2
attention,32,16,64,8192,1,5445.35
attention,32,16,64,16384,1,10676.5
attention,32,16,128,16,1,141.633
attention,32,16,128,32,1,145.054
attention,32,16,128,64,1,215.873
attention,32,16,128,128,1,306.112
attention,32,16,128,256,1,490.048
attention,32,16,128,512,1,851.104
attention,32,16,128,1024,1,1648.58
attention,32,16,128,2048,1,4676.55
attention,32,16,128,4096,1,9164.56
attention,32,16,128,8192,1,22629.2
attention,32,16,128,16384,1,46798.5
attention,32,32,0,0,1,30.4
attention,32,32,1,16,1,29.792
attention,32,32,1,32,1,29.985
attention,32,32,1,64,1,33.953
attention,32,32,1,128,1,41.696
attention,32,32,1,256,1,56.608
attention,32,32,1,512,1,86.304
attention,32,32,1,1024,1,146.656
attention,32,32,1,2048,1,266.624
attention,32,32,1,4096,1,507.999
attention,32,32,1,8192,1,989.601
attention,32,32,1,16384,1,1951.07
attention,32,32,2,16,1,29.663
attention,32,32,2,32,1,30.114
attention,32,32,2,64,1,33.761
attention,32,32,2,128,1,41.663
attention,32,32,2,256,1,56.352
attention,32,32,2,512,1,86.177
attention,32,32,2,1024,1,146.463
attention,32,32,2,2048,1,266.69
attention,32,32,2,4096,1,506.72
attention,32,32,2,8192,1,994.53
attention,32,32,2,16384,1,1953.12
attention,32,32,4,16,1,29.151
attention,32,32,4,32,1,29.313
attention,32,32,4,64,1,33.504
attention,32,32,4,128,1,41.186
attention,32,32,4,256,1,55.682
attention,32,32,4,512,1,86.53
attention,32,32,4,1024,1,146.176
attention,32,32,4,2048,1,267.648
attention,32,32,4,4096,1,508.898
attention,32,32,4,8192,1,990.371
attention,32,32,4,16384,1,1960.48
attention,32,32,8,16,1,28.736
attention,32,32,8,32,1,28.929
attention,32,32,8,64,1,32.993
attention,32,32,8,128,1,40.481
attention,32,32,8,256,1,55.807
attention,32,32,8,512,1,85.825
attention,32,32,8,1024,1,147.2
attention,32,32,8,2048,1,268.511
attention,32,32,8,4096,1,509.728
attention,32,32,8,8192,1,993.759
attention,32,32,8,16384,1,1966.31
attention,32,32,16,16,1,43.233
attention,32,32,16,32,1,44.258
attention,32,32,16,64,1,53.311
attention,32,32,16,128,1,69.888
attention,32,32,16,256,1,100.48
attention,32,32,16,512,1,162.817
attention,32,32,16,1024,1,286.593
attention,32,32,16,2048,1,529.568
attention,32,32,16,4096,1,1016.03
attention,32,32,16,8192,1,1996.84
attention,32,32,16,16384,1,3946.6
attention,32,32,32,16,1,57.632
attention,32,32,32,32,1,58.272
attention,32,32,32,64,1,75.168
attention,32,32,32,128,1,99.97
attention,32,32,32,256,1,147.008
attention,32,32,32,512,1,239.393
attention,32,32,32,1024,1,423.296
attention,32,32,32,2048,1,789.41
attention,32,32,32,4096,1,1526.24
attention,32,32,32,8192,1,2994.21
attention,32,32,32,16384,1,5928.93
attention,32,32,64,16,1,85.952
attention,32,32,64,32,1,86.304
attention,32,32,64,64,1,119.008
attention,32,32,64,128,1,159.905
attention,32,32,64,256,1,242.434
attention,32,32,64,512,1,411.072
attention,32,32,64,1024,1,742.562
attention,32,32,64,2048,1,1416.48
attention,32,32,64,4096,1,2802.11
attention,32,32,64,8192,1,5445.54
attention,32,32,64,16384,1,10674
attention,32,32,128,16,1,142.049
attention,32,32,128,32,1,146.113
attention,32,32,128,64,1,216.671
attention,32,32,128,128,1,305.024
attention,32,32,128,256,1,488.514
attention,32,32,128,512,1,850.432
attention,32,32,128,1024,1,1647.33
attention,32,32,128,2048,1,4683.88
attention,32,32,128,4096,1,9172.94
attention,32,32,128,8192,1,21221.4
attention,32,32,128,16384,1,47100.7
attention,32,64,0,0,1,37.502
attention,32,64,1,16,1,34.945
attention,32,64,1,32,1,35.008
attention,32,64,1,64,1,36.704
attention,32,64,1,128,1,41.376
attention,32,64,1,256,1,55.776
attention,32,64,1,512,1,85.728
attention,32,64,1,1024,1,146.048
attention,32,64,1,2048,1,266.081
attention,32,64,1,4096,1,509.153
attention,32,64,1,8192,1,988.447
attention,32,64,1,16384,1,1951.49
attention,32,64,2,16,1,34.559
attention,32,64,2,32,1,34.657
attention,32,64,2,64,1,36.256
attention,32,64,2,128,1,41.183
attention,32,64,2,256,1,56.128
attention,32,64,2,512,1,85.599
attention,32,64,2,1024,1,146.144
attention,32,64,2,2048,1,266.016
attention,32,64,2,4096,1,508.482
attention,32,64,2,8192,1,991.234
attention,32,64,2,16384,1,1949.47
attention,32,64,4,16,1,34.368
attention,32,64,4,32,1,34.721
attention,32,64,4,64,1,36.641
attention,32,64,4,128,1,41.217
attention,32,64,4,256,1,56
attention,32,64,4,512,1,85.761
attention,32,64,4,1024,1,146.273
attention,32,64,4,2048,1,267.072
attention,32,64,4,4096,1,508.704
attention,32,64,4,8192,1,990.114
attention,32,64,4,16384,1,1956.87
attention,32,64,8,16,1,33.921
attention,32,64,8,32,1,33.631
attention,32,64,8,64,1,35.456
attention,32,64,8,128,1,40.545
attention,32,64,8,256,1,55.486
attention,32,64,8,512,1,85.887
attention,32,64,8,1024,1,146.817
attention,32,64,8,2048,1,267.934
attention,32,64,8,4096,1,511.744
attention,32,64,8,8192,1,993.088
attention,32,64,8,16384,1,1965.54
attention,32,64,16,16,1,51.678
attention,32,64,16,32,1,52.224
attention,32,64,16,64,1,57.921
attention,32,64,16,128,1,71.937
attention,32,64,16,256,1,99.745
attention,32,64,16,512,1,162.207
attention,32,64,16,1024,1,284.865
attention,32,64,16,2048,1,529.536
attention,32,64,16,4096,1,1015.17
attention,32,64,16,8192,1,1989.89
attention,32,64,16,16384,1,3950.28
attention,32,64,32,16,1,65.791
attention,32,64,32,32,1,66.048
attention,32,64,32,64,1,79.169
attention,32,64,32,128,1,99.775
attention,32,64,32,256,1,146.112
attention,32,64,32,512,1,238.912
attention,32,64,32,1024,1,423.201
attention,32,64,32,2048,1,788.384
attention,32,64,32,4096,1,1531.3
attention,32,64,32,8192,1,2997.38
attention,32,64,32,16384,1,5924.2
attention,32,64,64,16,1,92.864
attention,32,64,64,32,1,94.145
attention,32,64,64,64,1,122.657
attention,32,64,64,128,1,161.537
attention,32,64,64,256,1,242.623
attention,32,64,64,512,1,409.984
attention,32,64,64,1024,1,742.336
attention,32,64,64,2048,1,1417.73
attention,32,64,64,4096,1,2802.18
attention,32,64,64,8192,1,5449.99
attention,32,64,64,16384,1,10677.5
attention,32,64,128,16,1,150.624
attention,32,64,128,32,1,152.993
attention,32,64,128,64,1,220.001
attention,32,64,128,128,1,309.76
attention,32,64,128,256,1,491.137
attention,32,64,128,512,1,849.089
attention,32,64,128,1024,1,1645.7
attention,32,64,128,2048,1,4685.92
attention,32,64,128,4096,1,9172.81
attention,32,64,128,8192,1,22040.8
attention,32,64,128,16384,1,45428.2
attention,32,128,0,0,1,44.991
attention,32,128,1,16,1,42.337
attention,32,128,1,32,1,42.656
attention,32,128,1,64,1,42.462
attention,32,128,1,128,1,43.84
attention,32,128,1,256,1,55.423
attention,32,128,1,512,1,85.568
attention,32,128,1,1024,1,146.688
attention,32,128,1,2048,1,265.728
attention,32,128,1,4096,1,508.929
attention,32,128,1,8192,1,989.698
attention,32,128,1,16384,1,1951.2
attention,32,128,2,16,1,42.496
attention,32,128,2,32,1,42.367
attention,32,128,2,64,1,42.24
attention,32,128,2,128,1,44.096
attention,32,128,2,256,1,55.808
attention,32,128,2,512,1,86.528
attention,32,128,2,1024,1,146.177
attention,32,128,2,2048,1,266.847
attention,32,128,2,4096,1,507.647
attention,32,128,2,8192,1,987.712
attention,32,128,2,16384,1,1954.15
attention,32,128,4,16,1,42.208
attention,32,128,4,32,1,42.303
attention,32,128,4,64,1,42.016
attention,32,128,4,128,1,43.712
attention,32,128,4,256,1,55.936
attention,32,128,4,512,1,85.92
attention,32,128,4,1024,1,146.337
attention,32,128,4,2048,1,266.56
attention,32,128,4,4096,1,507.875
attention,32,128,4,8192,1,990.401
attention,32,128,4,16384,1,1953.32
attention,32,128,8,16,1,41.152
attention,32,128,8,32,1,41.342
attention,32,128,8,64,1,41.345
attention,32,128,8,128,1,43.327
attention,32,128,8,256,1,55.615
attention,32,128,8,512,1,86.146
attention,32,128,8,1024,1,146.785
attention,32,128,8,2048,1,268.288
attention,32,128,8,4096,1,509.824
attention,32,128,8,8192,1,993.217
attention,32,128,8,16384,1,1961.8
attention,32,128,16,16,1,58.879
attention,32,128,16,32,1,59.328
attention,32,128,16,64,1,65.824
attention,32,128,16,128,1,74.687
attention,32,128,16,256,1,100.067
attention,32,128,16,512,1,162.242
attention,32,128,16,1024,1,286.334
attention,32,128,16,2048,1,528.45
attention,32,128,16,4096,1,1016.16
attention,32,128,16,8192,1,1996.61
attention,32,128,16,16384,1,3947.56
attention,32,128,32,16,1,73.216
attention,32,128,32,32,1,73.601
attention,32,128,32,64,1,87.297
attention,32,128,32,128,1,104.64
attention,32,128,32,256,1,145.889
attention,32,128,32,512,1,238.944
attention,32,128,32,1024,1,422.881
attention,32,128,32,2048,1,788.579
attention,32,128,32,4096,1,1528.77
attention,32,128,32,8192,1,3001.22
attention,32,128,32,16384,1,5920.97
attention,32,128,64,16,1,101.056
attention,32,128,64,32,1,102.69
attention,32,128,64,64,1,130.977
attention,32,128,64,128,1,165.439
attention,32,128,64,256,1,243.17
attention,32,128,64,512,1,410.112
attention,32,128,64,1024,1,743.65
attention,32,128,64,2048,1,1415.94
attention,32,128,64,4096,1,2805.89
attention,32,128,64,8192,1,5444.58
attention,32,128,64,16384,1,10671.9
attention,32,128,128,16,1,157.537
attention,32,128,128,32,1,161.602
attention,32,128,128,64,1,227.583
attention,32,128,128,128,1,314.017
attention,32,128,128,256,1,491.522
attention,32,128,128,512,1,849.473
attention,32,128,128,1024,1,1641.76
attention,32,128,128,2048,1,4687.88
attention,32,128,128,4096,1,9171.82
attention,32,128,128,8192,1,23207.9
attention,32,128,128,16384,1,47154.1
attention,32,256,0,0,1,59.584
attention,32,256,1,16,1,57.121
attention,32,256,1,32,1,57.312
attention,32,256,1,64,1,56.832
attention,32,256,1,128,1,56.736
attention,32,256,1,256,1,58.432
attention,32,256,1,512,1,85.536
attention,32,256,1,1024,1,145.635
attention,32,256,1,2048,1,267.489
attention,32,256,1,4096,1,506.913
attention,32,256,1,8192,1,987.585
attention,32,256,1,16384,1,1961.63
attention,32,256,2,16,1,56.96
attention,32,256,2,32,1,57.057
attention,32,256,2,64,1,56.736
attention,32,256,2,128,1,56.511
attention,32,256,2,256,1,58.529
attention,32,256,2,512,1,85.983
attention,32,256,2,1024,1,146.21
attention,32,256,2,2048,1,266.273
attention,32,256,2,4096,1,510.08
attention,32,256,2,8192,1,991.841
attention,32,256,2,16384,1,1954.62
attention,32,256,4,16,1,56.833
attention,32,256,4,32,1,56.865
attention,32,256,4,64,1,56.769
attention,32,256,4,128,1,56.735
attention,32,256,4,256,1,58.24
attention,32,256,4,512,1,85.856
attention,32,256,4,1024,1,146.657
attention,32,256,4,2048,1,267.329
attention,32,256,4,4096,1,508.547
attention,32,256,4,8192,1,989.504
attention,32,256,4,16384,1,1953.51
attention,32,256,8,16,1,56.255
attention,32,256,8,32,1,56.51
attention,32,256,8,64,1,56.001
attention,32,256,8,128,1,56.031
attention,32,256,8,256,1,57.954
attention,32,256,8,512,1,85.888
attention,32,256,8,1024,1,146.846
attention,32,256,8,2048,1,267.33
attention,32,256,8,4096,1,511.584
attention,32,256,8,8192,1,993.345
attention,32,256,8,16384,1,1961.41
attention,32,256,16,16,1,74.272
attention,32,256,16,32,1,74.143
attention,32,256,16,64,1,80.768
attention,32,256,16,128,1,89.505
attention,32,256,16,256,1,105.41
attention,32,256,16,512,1,162.24
attention,32,256,16,1024,1,285.376
attention,32,256,16,2048,1,528.546
attention,32,256,16,4096,1,1012.61
attention,32,256,16,8192,1,1998.02
attention,32,256,16,16384,1,3938.44
attention,32,256,32,16,1,88.512
attention,32,256,32,32,1,88.449
attention,32,256,32,64,1,102.752
attention,32,256,32,128,1,120.191
attention,32,256,32,256,1,150.815
attention,32,256,32,512,1,239.296
attention,32,256,32,1024,1,424.066
attention,32,256,32,2048,1,785.409
attention,32,256,32,4096,1,1528
attention,32,256,32,8192,1,2995.52
attention,32,256,32,16384,1,5928.71
attention,32,256,64,16,1,115.935
attention,32,256,64,32,1,117.152
attention,32,256,64,64,1,146.72
attention,32,256,64,128,1,180
attention,32,256,64,256,1,247.521
attention,32,256,64,512,1,411.33
attention,32,256,64,1024,1,741.76
attention,32,256,64,2048,1,1417.15
attention,32,256,64,4096,1,2802.53
attention,32,256,64,8192,1,5440.71
attention,32,256,64,16384,1,10676.1
attention,32,256,128,16,1,173.249
attention,32,256,128,32,1,177.024
attention,32,256,128,64,1,242.945
attention,32,256,128,128,1,327.807
attention,32,256,128,256,1,498.209
attention,32,256,128,512,1,851.394
attention,32,256,128,1024,1,1644.64
attention,32,256,128,2048,1,4689.57
attention,32,256,128,4096,1,9172.65
attention,32,256,128,8192,1,21760.2
attention,32,256,128,16384,1,47134.2
attention,32,512,0,0,1,89.44
attention,32,512,1,16,1,87.614
attention,32,512,1,32,1,87.328
attention,32,512,1,64,1,87.007
attention,32,512,1,128,1,86.687
attention,32,512,1,256,1,86.816
attention,32,512,1,512,1,88.672
attention,32,512,1,1024,1,145.887
attention,32,512,1,2048,1,265.921
attention,32,512,1,4096,1,505.92
attention,32,512,1,8192,1,988.897
attention,32,512,1,16384,1,1950.63
attention,32,512,2,16,1,87.008
attention,32,512,2,32,1,87.234
attention,32,512,2,64,1,86.944
attention,32,512,2,128,1,86.592
attention,32,512,2,256,1,86.815
attention,32,512,2,512,1,88.544
attention,32,512,2,1024,1,146.016
attention,32,512,2,2048,1,266.945
attention,32,512,2,4096,1,508.64
attention,32,512,2,8192,1,989.667
attention,32,512,2,16384,1,1956.8
attention,32,512,4,16,1,86.943
attention,32,512,4,32,1,87.104
attention,32,512,4,64,1,86.752
attention,32,512,4,128,1,86.464
attention,32,512,4,256,1,86.655
attention,32,512,4,512,1,88.769
attention,32,512,4,1024,1,146.142
attention,32,512,4,2048,1,266.816
attention,32,512,4,4096,1,507.872
attention,32,512,4,8192,1,990.431
attention,32,512,4,16384,1,1959.07
attention,32,512,8,16,1,86.528
attention,32,512,8,32,1,86.432
attention,32,512,8,64,1,85.888
attention,32,512,8,128,1,86.144
attention,32,512,8,256,1,86.72
attention,32,512,8,512,1,88.288
attention,32,512,8,1024,1,147.041
attention,32,512,8,2048,1,268.256
attention,32,512,8,4096,1,511.264
attention,32,512,8,8192,1,993.504
attention,32,512,8,16384,1,1964.55
attention,32,512,16,16,1,104.384
attention,32,512,16,32,1,104.384
attention,32,512,16,64,1,110.594
attention,32,512,16,128,1,119.616
attention,32,512,16,256,1,135.839
attention,32,512,16,512,1,167.235
attention,32,512,16,1024,1,285.887
attention,32,512,16,2048,1,528.448
attention,32,512,16,4096,1,1014.91
attention,32,512,16,8192,1,1995.39
attention,32,512,16,16384,1,3950.02
attention,32,512,32,16,1,117.662
attention,32,512,32,32,1,118.559
attention,32,512,32,64,1,132.992
attention,32,512,32,128,1,150.526
attention,32,512,32,256,1,181.375
attention,32,512,32,512,1,244.159
attention,32,512,32,1024,1,423.585
attention,32,512,32,2048,1,789.216
attention,32,512,32,4096,1,1529.22
attention,32,512,32,8192,1,2991.59
attention,32,512,32,16384,1,5916.46
attention,32,512,64,16,1,146.56
attention,32,512,64,32,1,148.415
attention,32,512,64,64,1,176.768
attention,32,512,64,128,1,210.594
attention,32,512,64,256,1,277.631
attention,32,512,64,512,1,416.096
attention,32,512,64,1024,1,742.69
attention,32,512,64,2048,1,1419.52
attention,32,512,64,4096,1,2810.05
attention,32,512,64,8192,1,5441.22
attention,32,512,64,16384,1,10683.6
attention,32,512,128,16,1,204.512
attention,32,512,128,32,1,208.45
attention,32,512,128,64,1,274.498
attention,32,512,128,128,1,360.32
attention,32,512,128,256,1,528.45
attention,32,512,128,512,1,858.242
attention,32,512,128,1024,1,1647.84
attention,32,512,128,2048,1,4693.19
attention,32,512,128,4096,1,9184.08
attention,32,512,128,8192,1,22733
attention,32,512,128,16384,1,46366.1
attention,32,1024,0,0,1,149.632
attention,32,1024,1,16,1,147.776
attention,32,1024,1,32,1,146.624
attention,32,1024,1,64,1,147.072
attention,32,1024,1,128,1,146.976
attention,32,1024,1,256,1,146.593
attention,32,1024,1,512,1,146.912
attention,32,1024,1,1024,1,148.544
attention,32,1024,1,2048,1,266.976
attention,32,1024,1,4096,1,507.104
attention,32,1024,1,8192,1,987.778
attention,32,1024,1,16384,1,1954.69
attention,32,1024,2,16,1,147.232
attention,32,1024,2,32,1,147.168
attention,32,1024,2,64,1,147.265
attention,32,1024,2,128,1,146.849
attention,32,1024,2,256,1,146.912
attention,32,1024,2,512,1,146.625
attention,32,1024,2,1024,1,148.51
attention,32,1024,2,2048,1,268.513
attention,32,1024,2,4096,1,507.616
attention,32,1024,2,8192,1,990.273
attention,32,1024,2,16384,1,1951.72
attention,32,1024,4,16,1,146.657
attention,32,1024,4,32,1,147.2
attention,32,1024,4,64,1,146.432
attention,32,1024,4,128,1,146.656
attention,32,1024,4,256,1,146.815
attention,32,1024,4,512,1,147.2
attention,32,1024,4,1024,1,148.064
attention,32,1024,4,2048,1,266.816
attention,32,1024,4,4096,1,508.223
attention,32,1024,4,8192,1,989.186
attention,32,1024,4,16384,1,1953.47
attention,32,1024,8,16,1,146.303
attention,32,1024,8,32,1,146.976
attention,32,1024,8,64,1,146.369
attention,32,1024,8,128,1,146.4
attention,32,1024,8,256,1,146.272
attention,32,1024,8,512,1,146.847
attention,32,1024,8,1024,1,148.673
attention,32,1024,8,2048,1,268.705
attention,32,1024,8,4096,1,510.656
attention,32,1024,8,8192,1,994.785
attention,32,1024,8,16384,1,1964.9
attention,32,1024,16,16,1,164.545
attention,32,1024,16,32,1,164.512
attention,32,1024,16,64,1,171.294
attention,32,1024,16,128,1,180.032
attention,32,1024,16,256,1,196.031
attention,32,1024,16,512,1,227.331
attention,32,1024,16,1024,1,290.401
attention,32,1024,16,2048,1,528.481
attention,32,1024,16,4096,1,1014.43
attention,32,1024,16,8192,1,1995.39
attention,32,1024,16,16384,1,3947.37
attention,32,1024,32,16,1,178.785
attention,32,1024,32,32,1,178.753
attention,32,1024,32,64,1,193.152
attention,32,1024,32,128,1,210.368
attention,32,1024,32,256,1,242.848
attention,32,1024,32,512,1,304.16
attention,32,1024,32,1024,1,428.16
attention,32,1024,32,2048,1,789.152
attention,32,1024,32,4096,1,1525.38
attention,32,1024,32,8192,1,2991.75
attention,32,1024,32,16384,1,5910.67
attention,32,1024,64,16,1,206.689
attention,32,1024,64,32,1,208.833
attention,32,1024,64,64,1,237.472
attention,32,1024,64,128,1,271.265
attention,32,1024,64,256,1,339.966
attention,32,1024,64,512,1,477.887
attention,32,1024,64,1024,1,749.219
attention,32,1024,64,2048,1,1426.62
attention,32,1024,64,4096,1,2816.9
attention,32,1024,64,8192,1,5456.55
attention,32,1024,64,16384,1,10680.3
attention,32,1024,128,16,1,264.832
attention,32,1024,128,32,1,269.472
attention,32,1024,128,64,1,335.648
attention,32,1024,128,128,1,420.514
attention,32,1024,128,256,1,590.56
attention,32,1024,128,512,1,920.898
attention,32,1024,128,1024,1,1678.72
attention,32,1024,128,2048,1,4730.63
attention,32,1024,128,4096,1,9766.7
attention,32,1024,128,8192,1,20978.9
attention,32,1024,128,16384,1,47540.5
attention,32,2048,0,0,1,269.856
attention,32,2048,1,16,1,268.322
attention,32,2048,1,32,1,267.904
attention,32,2048,1,64,1,267.68
attention,32,2048,1,128,1,267.36
attention,32,2048,1,256,1,268.194
attention,32,2048,1,512,1,268.226
attention,32,2048,1,1024,1,267.455
attention,32,2048,1,2048,1,268.737
attention,32,2048,1,4096,1,507.041
attention,32,2048,1,8192,1,988.673
attention,32,2048,1,16384,1,1953.7
attention,32,2048,2,16,1,268.289
attention,32,2048,2,32,1,267.265
attention,32,2048,2,64,1,268.161
attention,32,2048,2,128,1,267.713
attention,32,2048,2,256,1,267.649
attention,32,2048,2,512,1,267.681
attention,32,2048,2,1024,1,267.521
attention,32,2048,2,2048,1,270.016
attention,32,2048,2,4096,1,507.937
attention,32,2048,2,8192,1,991.042
attention,32,2048,2,16384,1,1960.42
attention,32,2048,4,16,1,268.481
attention,32,2048,4,32,1,267.84
attention,32,2048,4,64,1,267.488
attention,32,2048,4,128,1,268.034
attention,32,2048,4,256,1,266.882
attention,32,2048,4,512,1,266.593
attention,32,2048,4,1024,1,267.647
attention,32,2048,4,2048,1,268.512
attention,32,2048,4,4096,1,508.545
attention,32,2048,4,8192,1,989.379
attention,32,2048,4,16384,1,1955.52
attention,32,2048,8,16,1,266.271
attention,32,2048,8,32,1,267.36
attention,32,2048,8,64,1,266.531
attention,32,2048,8,128,1,267.199
attention,32,2048,8,256,1,267.328
attention,32,2048,8,512,1,268.128
attention,32,2048,8,1024,1,269.377
attention,32,2048,8,2048,1,269.633
attention,32,2048,8,4096,1,509.921
attention,32,2048,8,8192,1,995.393
attention,32,2048,8,16384,1,1963.88
attention,32,2048,16,16,1,284.225
attention,32,2048,16,32,1,284.095
attention,32,2048,16,64,1,290.848
attention,32,2048,16,128,1,300.705
attention,32,2048,16,256,1,316.512
attention,32,2048,16,512,1,347.648
attention,32,2048,16,1024,1,411.648
attention,32,2048,16,2048,1,533.886
attention,32,2048,16,4096,1,1013.41
attention,32,2048,16,8192,1,2002.79
attention,32,2048,16,16384,1,3943.65
attention,32,2048,32,16,1,298.817
attention,32,2048,32,32,1,299.713
attention,32,2048,32,64,1,312.738
attention,32,2048,32,128,1,331.328
attention,32,2048,32,256,1,364.002
attention,32,2048,32,512,1,425.471
attention,32,2048,32,1024,1,548.129
attention,32,2048,32,2048,1,791.585
attention,32,2048,32,4096,1,1525.7
attention,32,2048,32,8192,1,2998.05
attention,32,2048,32,16384,1,5914.44
attention,32,2048,64,16,1,326.88
attention,32,2048,64,32,1,329.568
attention,32,2048,64,64,1,357.538
attention,32,2048,64,128,1,392.258
attention,32,2048,64,256,1,459.968
attention,32,2048,64,512,1,600.512
attention,32,2048,64,1024,1,872.098
attention,32,2048,64,2048,1,1454.72
attention,32,2048,64,4096,1,2900.71
attention,32,2048,64,8192,1,5585.22
attention,32,2048,64,16384,1,11329.2
attention,32,2048,128,16,1,384.576
attention,32,2048,128,32,1,389.409
attention,32,2048,128,64,1,456.321
attention,32,2048,128,128,1,542.945
attention,32,2048,128,256,1,715.104
attention,32,2048,128,512,1,1040.74
attention,32,2048,128,1024,1,1831.68
attention,32,2048,128,2048,1,4744.77
attention,32,2048,128,4096,1,9542
attention,32,2048,128,8192,1,22669.1
attention,32,2048,128,16384,1,47152.4
attention,32,4096,0,0,1,509.762
attention,32,4096,1,16,1,509.92
attention,32,4096,1,32,1,508.64
attention,32,4096,1,64,1,508.801
attention,32,4096,1,128,1,508.513
attention,32,4096,1,256,1,509.791
attention,32,4096,1,512,1,508.096
attention,32,4096,1,1024,1,508.096
attention,32,4096,1,2048,1,508.834
attention,32,4096,1,4096,1,509.088
attention,32,4096,1,8192,1,989.347
attention,32,4096,1,16384,1,1952.13
attention,32,4096,2,16,1,507.682
attention,32,4096,2,32,1,509.698
attention,32,4096,2,64,1,507.616
attention,32,4096,2,128,1,509.281
attention,32,4096,2,256,1,507.776
attention,32,4096,2,512,1,507.778
attention,32,4096,2,1024,1,507.103
attention,32,4096,2,2048,1,507.039
attention,32,4096,2,4096,1,510.527
attention,32,4096,2,8192,1,990.051
attention,32,4096,2,16384,1,1958.43
attention,32,4096,4,16,1,507.68
attention,32,4096,4,32,1,508.578
attention,32,4096,4,64,1,508.736
attention,32,4096,4,128,1,508.32
attention,32,4096,4,256,1,506.689
attention,32,4096,4,512,1,507.329
attention,32,4096,4,1024,1,509.153
attention,32,4096,4,2048,1,509.536
attention,32,4096,4,4096,1,510.531
attention,32,4096,4,8192,1,991.138
attention,32,4096,4,16384,1,1953.95
attention,32,4096,8,16,1,508.448
attention,32,4096,8,32,1,509.986
attention,32,4096,8,64,1,508.224
attention,32,4096,8,128,1,507.682
attention,32,4096,8,256,1,507.074
attention,32,4096,8,512,1,507.808
attention,32,4096,8,1024,1,509.504
attention,32,4096,8,2048,1,511.2
attention,32,4096,8,4096,1,512.511
attention,32,4096,8,8192,1,991.937
attention,32,4096,8,16384,1,1963.81
attention,32,4096,16,16,1,523.746
attention,32,4096,16,32,1,525.857
attention,32,4096,16,64,1,530.945
attention,32,4096,16,128,1,540.096
attention,32,4096,16,256,1,556.163
attention,32,4096,16,512,1,587.616
attention,32,4096,16,1024,1,650.305
attention,32,4096,16,2048,1,775.585
attention,32,4096,16,4096,1,1020.07
attention,32,4096,16,8192,1,1998.82
attention,32,4096,16,16384,1,3943.43
attention,32,4096,32,16,1,540.065
attention,32,4096,32,32,1,540.8
attention,32,4096,32,64,1,556.19
attention,32,4096,32,128,1,570.24
attention,32,4096,32,256,1,603.041
attention,32,4096,32,512,1,664.354
attention,32,4096,32,1024,1,788.45
attention,32,4096,32,2048,1,1033.54
attention,32,4096,32,4096,1,1532.29
attention,32,4096,32,8192,1,2996.71
attention,32,4096,32,16384,1,5926.69
attention,32,4096,64,16,1,570.05
attention,32,4096,64,32,1,572.002
attention,32,4096,64,64,1,598.978
attention,32,4096,64,128,1,632.032
attention,32,4096,64,256,1,700.289
attention,32,4096,64,512,1,842.114
attention,32,4096,64,1024,1,1115.71
attention,32,4096,64,2048,1,1712.9
attention,32,4096,64,4096,1,2882.02
attention,32,4096,64,8192,1,5794.09
attention,32,4096,64,16384,1,11443.1
attention,32,4096,128,16,1,627.361
attention,32,4096,128,32,1,628.706
attention,32,4096,128,64,1,697.09
attention,32,4096,128,128,1,784.192
attention,32,4096,128,256,1,955.904
attention,32,4096,128,512,1,1288.38
attention,32,4096,128,1024,1,2117.89
attention,32,4096,128,2048,1,5033.8
attention,32,4096,128,4096,1,9664.33
attention,32,4096,128,8192,1,21481.4
attention,32,4096,128,16384,1,46582.8
attention,32,8192,0,0,1,991.167
attention,32,8192,1,16,1,989.056
attention,32,8192,1,32,1,991.297
attention,32,8192,1,64,1,991.455
attention,32,8192,1,128,1,989.441
attention,32,8192,1,256,1,991.649
attention,32,8192,1,512,1,992.993
attention,32,8192,1,1024,1,990.018
attention,32,8192,1,2048,1,993.954
attention,32,8192,1,4096,1,988.736
attention,32,8192,1,8192,1,990.818
attention,32,8192,1,16384,1,1955.91
attention,32,8192,2,16,1,990.658
attention,32,8192,2,32,1,988.643
attention,32,8192,2,64,1,990.369
attention,32,8192,2,128,1,989.409
attention,32,8192,2,256,1,988.64
attention,32,8192,2,512,1,990.306
attention,32,8192,2,1024,1,989.407
attention,32,8192,2,2048,1,989.922
attention,32,8192,2,4096,1,992.675
attention,32,8192,2,8192,1,990.879
attention,32,8192,2,16384,1,1958.37
attention,32,8192,4,16,1,992.803
attention,32,8192,4,32,1,990.945
attention,32,8192,4,64,1,991.456
attention,32,8192,4,128,1,991.874
attention,32,8192,4,256,1,988.833
attention,32,8192,4,512,1,992.48
attention,32,8192,4,1024,1,990.72
attention,32,8192,4,2048,1,991.299
attention,32,8192,4,4096,1,990.178
attention,32,8192,4,8192,1,990.564
attention,32,8192,4,16384,1,1951.81
attention,32,8192,8,16,1,991.68
attention,32,8192,8,32,1,992.898
attention,32,8192,8,64,1,989.313
attention,32,8192,8,128,1,990.208
attention,32,8192,8,256,1,992.193
attention,32,8192,8,512,1,991.489
attention,32,8192,8,1024,1,991.104
attention,32,8192,8,2048,1,992.93
attention,32,8192,8,4096,1,992.609
attention,32,8192,8,8192,1,995.838
attention,32,8192,8,16384,1,1970.82
attention,32,8192,16,16,1,1004.32
attention,32,8192,16,32,1,1005.73
attention,32,8192,16,64,1,1006.02
attention,32,8192,16,128,1,1020.32
attention,32,8192,16,256,1,1036.8
attention,32,8192,16,512,1,1068.96
attention,32,8192,16,1024,1,1132.83
attention,32,8192,16,2048,1,1257.38
attention,32,8192,16,4096,1,1502.05
attention,32,8192,16,8192,1,2001.06
attention,32,8192,16,16384,1,3947.78
attention,32,8192,32,16,1,1025.48
attention,32,8192,32,32,1,1017.25
attention,32,8192,32,64,1,1044.61
attention,32,8192,32,128,1,1051.01
attention,32,8192,32,256,1,1089.99
attention,32,8192,32,512,1,1145.79
attention,32,8192,32,1024,1,1268.7
attention,32,8192,32,2048,1,1519.14
attention,32,8192,32,4096,1,2017.57
attention,32,8192,32,8192,1,3000.45
attention,32,8192,32,16384,1,5929.64
attention,32,8192,64,16,1,1048.13
attention,32,8192,64,32,1,1051.9
attention,32,8192,64,64,1,1082.24
attention,32,8192,64,128,1,1117.7
attention,32,8192,64,256,1,1186.56
attention,32,8192,64,512,1,1329.03
attention,32,8192,64,1024,1,1596.71
attention,32,8192,64,2048,1,2208.23
attention,32,8192,64,4096,1,3422.18
attention,32,8192,64,8192,1,5596.59
attention,32,8192,64,16384,1,11391.3
attention,32,8192,128,16,1,1108.9
attention,32,8192,128,32,1,1111.56
attention,32,8192,128,64,1,1177.12
attention,32,8192,128,128,1,1264.96
attention,32,8192,128,256,1,1434.18
attention,32,8192,128,512,1,1768.39
attention,32,8192,128,1024,1,2604.77
attention,32,8192,128,2048,1,5631.27
attention,32,8192,128,4096,1,9877.07
attention,32,8192,128,8192,1,21625.9
attention,32,8192,128,16384,1,47610.1
attention,32,16384,0,0,1,1948.55
attention,32,16384,1,16,1,1960.36
attention,32,16384,1,32,1,1952.87
attention,32,16384,1,64,1,1953.09
attention,32,16384,1,128,1,1958.69
attention,32,16384,1,256,1,1953.54
attention,32,16384,1,512,1,1958.4
attention,32,16384,1,1024,1,1958.69
attention,32,16384,1,2048,1,1953.32
attention,32,16384,1,4096,1,1959.07
attention,32,16384,1,8192,1,1952.26
attention,32,16384,1,16384,1,1958.43
attention,32,16384,2,16,1,1953.54
attention,32,16384,2,32,1,1952.29
attention,32,16384,2,64,1,1957.06
attention,32,16384,2,128,1,1951.78
attention,32,16384,2,256,1,1958.21
attention,32,16384,2,512,1,1950.63
attention,32,16384,2,1024,1,1952.26
attention,32,16384,2,2048,1,1950.85
attention,32,16384,2,4096,1,1956.99
attention,32,16384,2,8192,1,1952.99
attention,32,16384,2,16384,1,1952.87
attention,32,16384,4,16,1,1952.87
attention,32,16384,4,32,1,1953.82
attention,32,16384,4,64,1,1953
attention,32,16384,4,128,1,1960.07
attention,32,16384,4,256,1,1956.68
attention,32,16384,4,512,1,1953.28
attention,32,16384,4,1024,1,1956
attention,32,16384,4,2048,1,1958.72
attention,32,16384,4,4096,1,1954.37
attention,32,16384,4,8192,1,1953.8
attention,32,16384,4,16384,1,1961.54
attention,32,16384,8,16,1,1954.09
attention,32,16384,8,32,1,1958.05
attention,32,16384,8,64,1,1957.28
attention,32,16384,8,128,1,1954.43
attention,32,16384,8,256,1,1952.42
attention,32,16384,8,512,1,1955.23
attention,32,16384,8,1024,1,1952.9
attention,32,16384,8,2048,1,1954.85
attention,32,16384,8,4096,1,1963.39
attention,32,16384,8,8192,1,1955.81
attention,32,16384,8,16384,1,1970.79
attention,32,16384,16,16,1,1971.58
attention,32,16384,16,32,1,1965.7
attention,32,16384,16,64,1,1973.47
attention,32,16384,16,128,1,1988.32
attention,32,16384,16,256,1,1997.06
attention,32,16384,16,512,1,2031.97
attention,32,16384,16,1024,1,2093.99
attention,32,16384,16,2048,1,2226.63
attention,32,16384,16,4096,1,2471.78
attention,32,16384,16,8192,1,2976.32
attention,32,16384,16,16384,1,3948.87
attention,32,16384,32,16,1,1986.63
attention,32,16384,32,32,1,1982.56
attention,32,16384,32,64,1,2002.63
attention,32,16384,32,128,1,2017.54
attention,32,16384,32,256,1,2055.97
attention,32,16384,32,512,1,2114.82
attention,32,16384,32,1024,1,2239.65
attention,32,16384,32,2048,1,2493.83
attention,32,16384,32,4096,1,2990.43
attention,32,16384,32,8192,1,3968.55
attention,32,16384,32,16384,1,5924.49
attention,32,16384,64,16,1,2014.94
attention,32,16384,64,32,1,2021.83
attention,32,16384,64,64,1,2046.11
attention,32,16384,64,128,1,2088.9
attention,32,16384,64,256,1,2153.51
attention,32,16384,64,512,1,2293.89
attention,32,16384,64,1024,1,2572.36
attention,32,16384,64,2048,1,3183.46
attention,32,16384,64,4096,1,4420.68
attention,32,16384,64,8192,1,6672.42
attention,32,16384,64,16384,1,10999.7
attention,32,16384,128,16,1,2074.24
attention,32,16384,128,32,1,2085.67
attention,32,16384,128,64,1,2153.06
attention,32,16384,128,128,1,2226.95
attention,32,16384,128,256,1,2408.99
attention,32,16384,128,512,1,2728.36
attention,32,16384,128,1024,1,3579.65
attention,32,16384,128,2048,1,6710.22
attention,32,16384,128,4096,1,11069.7
attention,32,16384,128,8192,1,22424
attention,32,16384,128,16384,1,47964.8
attention,64,0,0,0,1,31.969
attention,64,0,1,16,1,30.658
attention,64,0,1,32,1,30.593
attention,64,0,1,64,1,33.696
attention,64,0,1,128,1,41.759
attention,64,0,1,256,1,56.352
attention,64,0,1,512,1,87.007
attention,64,0,1,1024,1,146.592
attention,64,0,1,2048,1,267.681
attention,64,0,1,4096,1,508.93
attention,64,0,1,8192,1,994.432
attention,64,0,1,16384,1,1962.95
attention,64,0,2,16,1,30.177
attention,64,0,2,32,1,30.372
attention,64,0,2,64,1,33.921
attention,64,0,2,128,1,41.921
attention,64,0,2,256,1,56.896
attention,64,0,2,512,1,86.305
attention,64,0,2,1024,1,146.911
attention,64,0,2,2048,1,267.903
attention,64,0,2,4096,1,511.073
attention,64,0,2,8192,1,992.546
attention,64,0,2,16384,1,1955.94
attention,64,0,4,16,1,29.696
attention,64,0,4,32,1,30.24
attention,64,0,4,64,1,34.207
attention,64,0,4,128,1,41.504
attention,64,0,4,256,1,56.704
attention,64,0,4,512,1,86.851
attention,64,0,4,1024,1,146.849
attention,64,0,4,2048,1,268.642
attention,64,0,4,4096,1,510.658
attention,64,0,4,8192,1,995.651
attention,64,0,4,16384,1,1959.07
attention,64,0,8,16,1,29.024
attention,64,0,8,32,1,29.855
attention,64,0,8,64,1,33.408
attention,64,0,8,128,1,40.959
attention,64,0,8,256,1,55.839
attention,64,0,8,512,1,86.338
attention,64,0,8,1024,1,147.392
attention,64,0,8,2048,1,268.544
attention,64,0,8,4096,1,509.505
attention,64,0,8,8192,1,994.241
attention,64,0,8,16384,1,1966.31
attention,64,0,16,16,1,45.279
attention,64,0,16,32,1,45.793
attention,64,0,16,64,1,54.625
attention,64,0,16,128,1,69.569
attention,64,0,16,256,1,100.288
attention,64,0,16,512,1,162.944
attention,64,0,16,1024,1,286.719
attention,64,0,16,2048,1,529.791
attention,64,0,16,4096,1,1016.9
attention,64,0,16,8192,1,2002.34
attention,64,0,16,16384,1,3951.27
attention,64,0,32,16,1,59.552
attention,64,0,32,32,1,60.416
attention,64,0,32,64,1,75.489
attention,64,0,32,128,1,100.224
attention,64,0,32,256,1,146.304
attention,64,0,32,512,1,240.032
attention,64,0,32,1024,1,423.587
attention,64,0,32,2048,1,788.8
attention,64,0,32,4096,1,1526.66
attention,64,0,32,8192,1,2994.25
attention,64,0,32,16384,1,5927.27
attention,64,0,64,16,1,86.718
attention,64,0,64,32,1,88.351
attention,64,0,64,64,1,119.328
attention,64,0,64,128,1,161.184
attention,64,0,64,256,1,244.608
attention,64,0,64,512,1,415.104
attention,64,0,64,1024,1,741.442
attention,64,0,64,2048,1,1413.38
attention,64,0,64,4096,1,2805.54
attention,64,0,64,8192,1,5447.56
attention,64,0,64,16384,1,10678
attention,64,0,128,16,1,143.264
attention,64,0,128,32,1,145.986
attention,64,0,128,64,1,218.048
attention,64,0,128,128,1,309.281
attention,64,0,128,256,1,493.825
attention,64,0,128,512,1,853.536
attention,64,0,128,1024,1,1648.39
attention,64,0,128,2048,1,4693.48
attention,64,0,128,4096,1,9184.81
attention,64,0,128,8192,1,21338
attention,64,0,128,16384,1,46991.3
attention,64,16,0,0,1,39.616
attention,64,16,1,16,1,36.191
attention,64,16,1,32,1,35.743
attention,64,16,1,64,1,37.888
attention,64,16,1,128,1,41.247
attention,64,16,1,256,1,55.712
attention,64,16,1,512,1,85.921
attention,64,16,1,1024,1,146.24
attention,64,16,1,2048,1,267.807
attention,64,16,1,4096,1,508.32
attention,64,16,1,8192,1,990.689
attention,64,16,1,16384,1,1957.09
attention,64,16,2,16,1,35.969
attention,64,16,2,32,1,36.001
attention,64,16,2,64,1,37.151
attention,64,16,2,128,1,41.248
attention,64,16,2,256,1,55.84
attention,64,16,2,512,1,85.886
attention,64,16,2,1024,1,146.848
attention,64,16,2,2048,1,268.128
attention,64,16,2,4096,1,512.32
attention,64,16,2,8192,1,992.769
attention,64,16,2,16384,1,1959.62
attention,64,16,4,16,1,35.615
attention,64,16,4,32,1,35.584
attention,64,16,4,64,1,36.447
attention,64,16,4,128,1,41.504
attention,64,16,4,256,1,55.423
attention,64,16,4,512,1,86.239
attention,64,16,4,1024,1,146.816
attention,64,16,4,2048,1,268.32
attention,64,16,4,4096,1,511.072
attention,64,16,4,8192,1,999.394
attention,64,16,4,16384,1,1960.23
attention,64,16,8,16,1,35.105
attention,64,16,8,32,1,35.104
attention,64,16,8,64,1,36.545
attention,64,16,8,128,1,40.512
attention,64,16,8,256,1,56.256
attention,64,16,8,512,1,86.432
attention,64,16,8,1024,1,147.266
attention,64,16,8,2048,1,268.515
attention,64,16,8,4096,1,512.16
attention,64,16,8,8192,1,993.217
attention,64,16,8,16384,1,1966.02
attention,64,16,16,16,1,52.733
attention,64,16,16,32,1,52.959
attention,64,16,16,64,1,59.522
attention,64,16,16,128,1,72.481
attention,64,16,16,256,1,99.905
attention,64,16,16,512,1,162.048
attention,64,16,16,1024,1,286.144
attention,64,16,16,2048,1,530.465
attention,64,16,16,4096,1,1020.07
attention,64,16,16,8192,1,1998.15
attention,64,16,16,16384,1,3951.91
attention,64,16,32,16,1,67.041
attention,64,16,32,32,1,67.424
attention,64,16,32,64,1,80.896
attention,64,16,32,128,1,100.225
attention,64,16,32,256,1,146.049
attention,64,16,32,512,1,239.648
attention,64,16,32,1024,1,423.52
attention,64,16,32,2048,1,789.121
attention,64,16,32,4096,1,1528
attention,64,16,32,8192,1,2997.7
attention,64,16,32,16384,1,5910.69
attention,64,16,64,16,1,94.624
attention,64,16,64,32,1,95.871
attention,64,16,64,64,1,124.224
attention,64,16,64,128,1,161.664
attention,64,16,64,256,1,243.777
attention,64,16,64,512,1,414.53
attention,64,16,64,1024,1,740.896
attention,64,16,64,2048,1,1415.55
attention,64,16,64,4096,1,2803.01
attention,64,16,64,8192,1,5445.13
attention,64,16,64,16384,1,10668
attention,64,16,128,16,1,150.657
attention,64,16,128,32,1,154.657
attention,64,16,128,64,1,222.112
attention,64,16,128,128,1,313.375
attention,64,16,128,256,1,493.695
attention,64,16,128,512,1,853.985
attention,64,16,128,1024,1,1647.46
attention,64,16,128,2048,1,4693.25
attention,64,16,128,4096,1,9177.45
attention,64,16,128,8192,1,21652.6
attention,64,16,128,16384,1,46170.4
attention,64,32,0,0,1,39.744
attention,64,32,1,16,1,36.288
attention,64,32,1,32,1,36.352
attention,64,32,1,64,1,37.312
attention,64,32,1,128,1,41.375
attention,64,32,1,256,1,55.936
attention,64,32,1,512,1,85.825
attention,64,32,1,1024,1,147.232
attention,64,32,1,2048,1,267.713
attention,64,32,1,4096,1,508.831
attention,64,32,1,8192,1,989.984
attention,64,32,1,16384,1,1962.59
attention,64,32,2,16,1,36.064
attention,64,32,2,32,1,36.287
attention,64,32,2,64,1,37.408
attention,64,32,2,128,1,41.664
attention,64,32,2,256,1,56.033
attention,64,32,2,512,1,85.921
attention,64,32,2,1024,1,146.464
attention,64,32,2,2048,1,267.073
attention,64,32,2,4096,1,510.719
attention,64,32,2,8192,1,993.281
attention,64,32,2,16384,1,1963.62
attention,64,32,4,16,1,35.36
attention,64,32,4,32,1,35.776
attention,64,32,4,64,1,36.864
attention,64,32,4,128,1,41.375
attention,64,32,4,256,1,56.063
attention,64,32,4,512,1,86.143
attention,64,32,4,1024,1,146.974
attention,64,32,4,2048,1,267.584
attention,64,32,4,4096,1,507.201
attention,64,32,4,8192,1,992.163
attention,64,32,4,16384,1,1957.12
attention,64,32,8,16,1,35.552
attention,64,32,8,32,1,35.552
attention,64,32,8,64,1,36
attention,64,32,8,128,1,40.831
attention,64,32,8,256,1,55.744
attention,64,32,8,512,1,86.368
attention,64,32,8,1024,1,146.849
attention,64,32,8,2048,1,268.576
attention,64,32,8,4096,1,510.208
attention,64,32,8,8192,1,994.56
attention,64,32,8,16384,1,1966.66
attention,64,32,16,16,1,52.799
attention,64,32,16,32,1,53.664
attention,64,32,16,64,1,59.808
attention,64,32,16,128,1,71.969
attention,64,32,16,256,1,99.906
attention,64,32,16,512,1,162.143
attention,64,32,16,1024,1,285.665
attention,64,32,16,2048,1,531.906
attention,64,32,16,4096,1,1019.65
attention,64,32,16,8192,1,1996.96
attention,64,32,16,16384,1,3951.78
attention,64,32,32,16,1,66.911
attention,64,32,32,32,1,67.583
attention,64,32,32,64,1,80.769
attention,64,32,32,128,1,100.192
attention,64,32,32,256,1,146.367
attention,64,32,32,512,1,239.298
attention,64,32,32,1024,1,423.426
attention,64,32,32,2048,1,788.002
attention,64,32,32,4096,1,1527.94
attention,64,32,32,8192,1,3001.64
attention,64,32,32,16384,1,5917.99
attention,64,32,64,16,1,94.337
attention,64,32,64,32,1,95.679
attention,64,32,64,64,1,124.481
attention,64,32,64,128,1,160.898
attention,64,32,64,256,1,244.194
attention,64,32,64,512,1,415.552
attention,64,32,64,1024,1,740.771
attention,64,32,64,2048,1,1416.48
attention,64,32,64,4096,1,2802.98
attention,64,32,64,8192,1,5441.89
attention,64,32,64,16384,1,10676.9
attention,64,32,128,16,1,151.392
attention,64,32,128,32,1,154.496
attention,64,32,128,64,1,222.399
attention,64,32,128,128,1,313.599
attention,64,32,128,256,1,492.833
attention,64,32,128,512,1,853.761
attention,64,32,128,1024,1,1649.89
attention,64,32,128,2048,1,4688.68
attention,64,32,128,4096,1,9179.4
attention,64,32,128,8192,1,22627.5
attention,64,32,128,16384,1,46540.2
attention,64,64,0,0,1,40.224
attention,64,64,1,16,1,36.672
attention,64,64,1,32,1,36.801
attention,64,64,1,64,1,37.376
attention,64,64,1,128,1,41.247
attention,64,64,1,256,1,55.84
attention,64,64,1,512,1,86.4
attention,64,64,1,1024,1,146.145
attention,64,64,1,2048,1,267.745
attention,64,64,1,4096,1,509.695
attention,64,64,1,8192,1,994.849
attention,64,64,1,16384,1,1950.95
attention,64,64,2,16,1,35.968
attention,64,64,2,32,1,36.512
attention,64,64,2,64,1,37.408
attention,64,64,2,128,1,41.282
attention,64,64,2,256,1,56.127
attention,64,64,2,512,1,85.953
attention,64,64,2,1024,1,146.593
attention,64,64,2,2048,1,266.627
attention,64,64,2,4096,1,508.992
attention,64,64,2,8192,1,994.402
attention,64,64,2,16384,1,1952.96
attention,64,64,4,16,1,36.064
attention,64,64,4,32,1,36.162
attention,64,64,4,64,1,36.736
attention,64,64,4,128,1,41.055
attention,64,64,4,256,1,55.776
attention,64,64,4,512,1,86.048
attention,64,64,4,1024,1,147.137
attention,64,64,4,2048,1,267.904
attention,64,64,4,4096,1,509.662
attention,64,64,4,8192,1,994.947
attention,64,64,4,16384,1,1961.35
attention,64,64,8,16,1,35.616
attention,64,64,8,32,1,35.648
attention,64,64,8,64,1,36.768
attention,64,64,8,128,1,40.769
attention,64,64,8,256,1,55.84
attention,64,64,8,512,1,86.624
attention,64,64,8,1024,1,147.521
attention,64,64,8,2048,1,269.057
attention,64,64,8,4096,1,513.601
attention,64,64,8,8192,1,996.384
attention,64,64,8,16384,1,1971.52
attention,64,64,16,16,1,53.407
attention,64,64,16,32,1,53.761
attention,64,64,16,64,1,60.448
attention,64,64,16,128,1,72.289
attention,64,64,16,256,1,99.97
attention,64,64,16,512,1,161.825
attention,64,64,16,1024,1,285.312
attention,64,64,16,2048,1,530.527
attention,64,64,16,4096,1,1016.87
attention,64,64,16,8192,1,1997.76
attention,64,64,16,16384,1,3948.9
attention,64,64,32,16,1,68.127
attention,64,64,32,32,1,67.681
attention,64,64,32,64,1,81.473
attention,64,64,32,128,1,100.385
attention,64,64,32,256,1,146.015
attention,64,64,32,512,1,239.36
attention,64,64,32,1024,1,424.383
attention,64,64,32,2048,1,788.897
attention,64,64,32,4096,1,1527.43
attention,64,64,32,8192,1,2994.02
attention,64,64,32,16384,1,5900.78
attention,64,64,64,16,1,94.976
attention,64,64,64,32,1,96.736
attention,64,64,64,64,1,125.056
attention,64,64,64,128,1,161.503
attention,64,64,64,256,1,244.032
attention,64,64,64,512,1,414.914
attention,64,64,64,1024,1,740.545
attention,64,64,64,2048,1,1415.23
attention,64,64,64,4096,1,2805.32
attention,64,64,64,8192,1,5450.15
attention,64,64,64,16384,1,10679
attention,64,64,128,16,1,151.137
attention,64,64,128,32,1,155.361
attention,64,64,128,64,1,224.097
attention,64,64,128,128,1,312.865
attention,64,64,128,256,1,493.313
attention,64,64,128,512,1,853.378
attention,64,64,128,1024,1,1652.26
attention,64,64,128,2048,1,4694.05
attention,64,64,128,4096,1,9178.86
attention,64,64,128,8192,1,19609.7
attention,64,64,128,16384,1,46033.8
attention,64,128,0,0,1,47.745
attention,64,128,1,16,1,44.225
attention,64,128,1,32,1,44.257
attention,64,128,1,64,1,43.906
attention,64,128,1,128,1,44.863
attention,64,128,1,256,1,55.584
attention,64,128,1,512,1,85.666
attention,64,128,1,1024,1,146.304
attention,64,128,1,2048,1,266.751
attention,64,128,1,4096,1,509.378
attention,64,128,1,8192,1,991.938
attention,64,128,1,16384,1,1967.36
attention,64,128,2,16,1,43.968
attention,64,128,2,32,1,44.64
attention,64,128,2,64,1,43.969
attention,64,128,2,128,1,44.481
attention,64,128,2,256,1,56.097
attention,64,128,2,512,1,86.688
attention,64,128,2,1024,1,147.425
attention,64,128,2,2048,1,267.808
attention,64,128,2,4096,1,507.106
attention,64,128,2,8192,1,991.456
attention,64,128,2,16384,1,1959.39
attention,64,128,4,16,1,43.838
attention,64,128,4,32,1,43.903
attention,64,128,4,64,1,43.809
attention,64,128,4,128,1,44.288
attention,64,128,4,256,1,55.679
attention,64,128,4,512,1,86.592
attention,64,128,4,1024,1,147.202
attention,64,128,4,2048,1,268.224
attention,64,128,4,4096,1,510.784
attention,64,128,4,8192,1,992.227
attention,64,128,4,16384,1,1959.01
attention,64,128,8,16,1,43.169
attention,64,128,8,32,1,43.394
attention,64,128,8,64,1,43.233
attention,64,128,8,128,1,44.032
attention,64,128,8,256,1,55.424
attention,64,128,8,512,1,86.24
attention,64,128,8,1024,1,146.912
attention,64,128,8,2048,1,268.673
attention,64,128,8,4096,1,511.938
attention,64,128,8,8192,1,997.316
attention,64,128,8,16384,1,1961.92
attention,64,128,16,16,1,60.543
attention,64,128,16,32,1,61.728
attention,64,128,16,64,1,68.064
attention,64,128,16,128,1,76.61
attention,64,128,16,256,1,100.574
attention,64,128,16,512,1,162.369
attention,64,128,16,1024,1,285.792
attention,64,128,16,2048,1,530.495
attention,64,128,16,4096,1,1013.6
attention,64,128,16,8192,1,1997.54
attention,64,128,16,16384,1,3947.84
attention,64,128,32,16,1,75.008
attention,64,128,32,32,1,76.001
attention,64,128,32,64,1,89.728
attention,64,128,32,128,1,107.169
attention,64,128,32,256,1,146.208
attention,64,128,32,512,1,239.52
attention,64,128,32,1024,1,424.288
attention,64,128,32,2048,1,788.771
attention,64,128,32,4096,1,1530.53
attention,64,128,32,8192,1,2998.66
attention,64,128,32,16384,1,5926.09
attention,64,128,64,16,1,102.912
attention,64,128,64,32,1,104.192
attention,64,128,64,64,1,133.12
attention,64,128,64,128,1,167.01
attention,64,128,64,256,1,243.36
attention,64,128,64,512,1,416.449
attention,64,128,64,1024,1,739.23
attention,64,128,64,2048,1,1416.64
attention,64,128,64,4096,1,2804.23
attention,64,128,64,8192,1,5440.04
attention,64,128,64,16384,1,10678.5
attention,64,128,128,16,1,159.937
attention,64,128,128,32,1,163.329
attention,64,128,128,64,1,232.225
attention,64,128,128,128,1,318.114
attention,64,128,128,256,1,493.535
attention,64,128,128,512,1,854.818
attention,64,128,128,1024,1,1648.35
attention,64,128,128,2048,1,4683.94
attention,64,128,128,4096,1,9185.58
attention,64,128,128,8192,1,22707
attention,64,128,128,16384,1,45580.8
attention,64,256,0,0,1,62.656
attention,64,256,1,16,1,58.817
attention,64,256,1,32,1,59.104
attention,64,256,1,64,1,58.783
attention,64,256,1,128,1,58.722
attention,64,256,1,256,1,60.224
attention,64,256,1,512,1,85.92
attention,64,256,1,1024,1,146.048
attention,64,256,1,2048,1,267.2
attention,64,256,1,4096,1,505.919
attention,64,256,1,8192,1,996.706
attention,64,256,1,16384,1,1956.52
attention,64,256,2,16,1,58.784
attention,64,256,2,32,1,58.719
attention,64,256,2,64,1,58.944
attention,64,256,2,128,1,58.879
attention,64,256,2,256,1,59.647
attention,64,256,2,512,1,86.112
attention,64,256,2,1024,1,146.595
attention,64,256,2,2048,1,267.04
attention,64,256,2,4096,1,509.826
attention,64,256,2,8192,1,992.641
attention,64,256,2,16384,1,1964.74
attention,64,256,4,16,1,58.496
attention,64,256,4,32,1,58.689
attention,64,256,4,64,1,58.304
attention,64,256,4,128,1,58.336
attention,64,256,4,256,1,59.008
attention,64,256,4,512,1,86.464
attention,64,256,4,1024,1,146.272
attention,64,256,4,2048,1,268.704
attention,64,256,4,4096,1,509.217
attention,64,256,4,8192,1,992.738
attention,64,256,4,16384,1,1959.55
attention,64,256,8,16,1,58.303
attention,64,256,8,32,1,58.334
attention,64,256,8,64,1,58.241
attention,64,256,8,128,1,58.368
attention,64,256,8,256,1,58.624
attention,64,256,8,512,1,86.847
attention,64,256,8,1024,1,146.784
attention,64,256,8,2048,1,269.568
attention,64,256,8,4096,1,511.041
attention,64,256,8,8192,1,996.288
attention,64,256,8,16384,1,1962.88
attention,64,256,16,16,1,76.192
attention,64,256,16,32,1,76.512
attention,64,256,16,64,1,83.552
attention,64,256,16,128,1,91.777
attention,64,256,16,256,1,107.008
attention,64,256,16,512,1,162.688
attention,64,256,16,1024,1,285.248
attention,64,256,16,2048,1,530.719
attention,64,256,16,4096,1,1016.39
attention,64,256,16,8192,1,2001.51
attention,64,256,16,16384,1,3952.9
attention,64,256,32,16,1,90.079
attention,64,256,32,32,1,91.329
attention,64,256,32,64,1,104.768
attention,64,256,32,128,1,121.695
attention,64,256,32,256,1,153.248
attention,64,256,32,512,1,239.584
attention,64,256,32,1024,1,423.359
attention,64,256,32,2048,1,787.807
attention,64,256,32,4096,1,1528.71
attention,64,256,32,8192,1,2991.33
attention,64,256,32,16384,1,5928.68
attention,64,256,64,16,1,118.273
attention,64,256,64,32,1,119.361
attention,64,256,64,64,1,148.064
attention,64,256,64,128,1,181.472
attention,64,256,64,256,1,249.92
attention,64,256,64,512,1,416.865
attention,64,256,64,1024,1,741.663
attention,64,256,64,2048,1,1416.7
attention,64,256,64,4096,1,2803.84
attention,64,256,64,8192,1,5442.88
attention,64,256,64,16384,1,10682.5
attention,64,256,128,16,1,175.52
attention,64,256,128,32,1,178.657
attention,64,256,128,64,1,247.073
attention,64,256,128,128,1,333.922
attention,64,256,128,256,1,503.937
attention,64,256,128,512,1,854.145
attention,64,256,128,1024,1,1654.85
attention,64,256,128,2048,1,4699.72
attention,64,256,128,4096,1,9184.49
attention,64,256,128,8192,1,21591.5
attention,64,256,128,16384,1,46925.1
attention,64,512,0,0,1,92.543
attention,64,512,1,16,1,88.64
attention,64,512,1,32,1,89.312
attention,64,512,1,64,1,88.48
attention,64,512,1,128,1,89.056
attention,64,512,1,256,1,88.415
attention,64,512,1,512,1,88.672
attention,64,512,1,1024,1,146.176
attention,64,512,1,2048,1,266.655
attention,64,512,1,4096,1,510.785
attention,64,512,1,8192,1,993.505
attention,64,512,1,16384,1,1955.68
attention,64,512,2,16,1,89.217
attention,64,512,2,32,1,89.088
attention,64,512,2,64,1,88.928
attention,64,512,2,128,1,88.672
attention,64,512,2,256,1,89.024
attention,64,512,2,512,1,89.279
attention,64,512,2,1024,1,147.008
attention,64,512,2,2048,1,267.458
attention,64,512,2,4096,1,510.528
attention,64,512,2,8192,1,988.798
attention,64,512,2,16384,1,1953.06
attention,64,512,4,16,1,88.896
attention,64,512,4,32,1,89.216
attention,64,512,4,64,1,88.673
attention,64,512,4,128,1,88.961
attention,64,512,4,256,1,88.449
attention,64,512,4,512,1,89.087
attention,64,512,4,1024,1,146.784
attention,64,512,4,2048,1,266.56
attention,64,512,4,4096,1,511.616
attention,64,512,4,8192,1,992.319
attention,64,512,4,16384,1,1962.14
attention,64,512,8,16,1,88.223
attention,64,512,8,32,1,88.576
attention,64,512,8,64,1,88.289
attention,64,512,8,128,1,88.258
attention,64,512,8,256,1,88.64
attention,64,512,8,512,1,89.183
attention,64,512,8,1024,1,147.296
attention,64,512,8,2048,1,268.769
attention,64,512,8,4096,1,512.706
attention,64,512,8,8192,1,1001.22
attention,64,512,8,16384,1,1974.62
attention,64,512,16,16,1,106.369
attention,64,512,16,32,1,106.655
attention,64,512,16,64,1,113.058
attention,64,512,16,128,1,121.792
attention,64,512,16,256,1,138.079
attention,64,512,16,512,1,169.249
attention,64,512,16,1024,1,285.857
attention,64,512,16,2048,1,529.922
attention,64,512,16,4096,1,1017.06
attention,64,512,16,8192,1,1998.72
attention,64,512,16,16384,1,3954.05
attention,64,512,32,16,1,120.257
attention,64,512,32,32,1,121.216
attention,64,512,32,64,1,135.008
attention,64,512,32,128,1,152.002
attention,64,512,32,256,1,183.649
attention,64,512,32,512,1,246.369
attention,64,512,32,1024,1,423.841
attention,64,512,32,2048,1,787.488
attention,64,512,32,4096,1,1528.07
attention,64,512,32,8192,1,3001.92
attention,64,512,32,16384,1,5912.23
attention,64,512,64,16,1,148.577
attention,64,512,64,32,1,149.282
attention,64,512,64,64,1,179.138
attention,64,512,64,128,1,212.225
attention,64,512,64,256,1,280.418
attention,64,512,64,512,1,422.401
attention,64,512,64,1024,1,742.241
attention,64,512,64,2048,1,1418.69
attention,64,512,64,4096,1,2808.45
attention,64,512,64,8192,1,5444.17
attention,64,512,64,16384,1,10679.6
attention,64,512,128,16,1,206.079
attention,64,512,128,32,1,210.015
attention,64,512,128,64,1,277.824
attention,64,512,128,128,1,365.025
attention,64,512,128,256,1,535.873
attention,64,512,128,512,1,867.937
attention,64,512,128,1024,1,1656.51
attention,64,512,128,2048,1,4702.15
attention,64,512,128,4096,1,9194.63
attention,64,512,128,8192,1,21137.4
attention,64,512,128,16384,1,46174.4
attention,64,1024,0,0,1,152.222
attention,64,1024,1,16,1,150.368
attention,64,1024,1,32,1,149.984
attention,64,1024,1,64,1,149.471
attention,64,1024,1,128,1,149.152
attention,64,1024,1,256,1,148.835
attention,64,1024,1,512,1,149.919
attention,64,1024,1,1024,1,149.632
attention,64,1024,1,2048,1,266.401
attention,64,1024,1,4096,1,510.784
attention,64,1024,1,8192,1,995.041
attention,64,1024,1,16384,1,1961.47
attention,64,1024,2,16,1,149.601
attention,64,1024,2,32,1,149.889
attention,64,1024,2,64,1,149.345
attention,64,1024,2,128,1,148.45
attention,64,1024,2,256,1,149.472
attention,64,1024,2,512,1,150.143
attention,64,1024,2,1024,1,150.112
attention,64,1024,2,2048,1,268.545
attention,64,1024,2,4096,1,509.153
attention,64,1024,2,8192,1,995.522
attention,64,1024,2,16384,1,1968.68
attention,64,1024,4,16,1,149.952
attention,64,1024,4,32,1,149.633
attention,64,1024,4,64,1,148.32
attention,64,1024,4,128,1,148.576
attention,64,1024,4,256,1,149.185
attention,64,1024,4,512,1,148.865
attention,64,1024,4,1024,1,149.088
attention,64,1024,4,2048,1,267.84
attention,64,1024,4,4096,1,509.283
attention,64,1024,4,8192,1,996.928
attention,64,1024,4,16384,1,1959.23
attention,64,1024,8,16,1,149.279
attention,64,1024,8,32,1,149.023
attention,64,1024,8,64,1,148.13
attention,64,1024,8,128,1,148.546
attention,64,1024,8,256,1,148.352
attention,64,1024,8,512,1,149.024
attention,64,1024,8,1024,1,149.856
attention,64,1024,8,2048,1,268.801
attention,64,1024,8,4096,1,511.328
attention,64,1024,8,8192,1,995.938
attention,64,1024,8,16384,1,1962.31
attention,64,1024,16,16,1,166.463
attention,64,1024,16,32,1,167.073
attention,64,1024,16,64,1,172.64
attention,64,1024,16,128,1,182.625
attention,64,1024,16,256,1,197.535
attention,64,1024,16,512,1,229.889
attention,64,1024,16,1024,1,292.16
attention,64,1024,16,2048,1,532.033
attention,64,1024,16,4096,1,1017.63
attention,64,1024,16,8192,1,1996.26
attention,64,1024,16,16384,1,3948.77
attention,64,1024,32,16,1,180.449
attention,64,1024,32,32,1,181.152
attention,64,1024,32,64,1,194.911
attention,64,1024,32,128,1,213.088
attention,64,1024,32,256,1,244.416
attention,64,1024,32,512,1,306.306
attention,64,1024,32,1024,1,429.537
attention,64,1024,32,2048,1,789.792
attention,64,1024,32,4096,1,1527.26
attention,64,1024,32,8192,1,2995.88
attention,64,1024,32,16384,1,5908.52
attention,64,1024,64,16,1,208.033
attention,64,1024,64,32,1,210.944
attention,64,1024,64,64,1,238.814
attention,64,1024,64,128,1,273.954
attention,64,1024,64,256,1,341.408
attention,64,1024,64,512,1,482.785
attention,64,1024,64,1024,1,749.411
attention,64,1024,64,2048,1,1422.75
attention,64,1024,64,4096,1,2818.85
attention,64,1024,64,8192,1,5449.64
attention,64,1024,64,16384,1,10680.4
attention,64,1024,128,16,1,267.01
attention,64,1024,128,32,1,270.529
attention,64,1024,128,64,1,338.625
attention,64,1024,128,128,1,426.434
attention,64,1024,128,256,1,596.224
attention,64,1024,128,512,1,925.985
attention,64,1024,128,1024,1,1692.55
attention,64,1024,128,2048,1,4720.1
attention,64,1024,128,4096,1,9582.98
attention,64,1024,128,8192,1,23063.3
attention,64,1024,128,16384,1,47673.6
attention,64,2048,0,0,1,272.576
attention,64,2048,1,16,1,271.264
attention,64,2048,1,32,1,270.144
attention,64,2048,1,64,1,270.721
attention,64,2048,1,128,1,269.92
attention,64,2048,1,256,1,269.889
attention,64,2048,1,512,1,269.952
attention,64,2048,1,1024,1,268.993
attention,64,2048,1,2048,1,270.079
attention,64,2048,1,4096,1,509.313
attention,64,2048,1,8192,1,993.857
attention,64,2048,1,16384,1,1951.81
attention,64,2048,2,16,1,271.361
attention,64,2048,2,32,1,270.623
attention,64,2048,2,64,1,270.881
attention,64,2048,2,128,1,270.56
attention,64,2048,2,256,1,270.464
attention,64,2048,2,512,1,269.088
attention,64,2048,2,1024,1,269.76
attention,64,2048,2,2048,1,269.569
attention,64,2048,2,4096,1,507.84
attention,64,2048,2,8192,1,994.914
attention,64,2048,2,16384,1,1957.16
attention,64,2048,4,16,1,270.625
attention,64,2048,4,32,1,269.312
attention,64,2048,4,64,1,269.218
attention,64,2048,4,128,1,268.768
attention,64,2048,4,256,1,269.377
attention,64,2048,4,512,1,269.249
attention,64,2048,4,1024,1,269.345
attention,64,2048,4,2048,1,270.336
attention,64,2048,4,4096,1,509.854
attention,64,2048,4,8192,1,991.361
attention,64,2048,4,16384,1,1953.99
attention,64,2048,8,16,1,270.655
attention,64,2048,8,32,1,269.28
attention,64,2048,8,64,1,270.178
attention,64,2048,8,128,1,269.856
attention,64,2048,8,256,1,269.314
attention,64,2048,8,512,1,270.111
attention,64,2048,8,1024,1,271.042
attention,64,2048,8,2048,1,272.066
attention,64,2048,8,4096,1,512.992
attention,64,2048,8,8192,1,995.841
attention,64,2048,8,16384,1,1964.07
attention,64,2048,16,16,1,288.319
attention,64,2048,16,32,1,286.624
attention,64,2048,16,64,1,293.921
attention,64,2048,16,128,1,302.37
attention,64,2048,16,256,1,318.499
attention,64,2048,16,512,1,349.89
attention,64,2048,16,1024,1,413.473
attention,64,2048,16,2048,1,536.192
attention,64,2048,16,4096,1,1018.53
attention,64,2048,16,8192,1,1999.17
attention,64,2048,16,16384,1,3953.19
attention,64,2048,32,16,1,300.767
attention,64,2048,32,32,1,301.601
attention,64,2048,32,64,1,315.905
attention,64,2048,32,128,1,333.313
attention,64,2048,32,256,1,363.714
attention,64,2048,32,512,1,426.977
attention,64,2048,32,1024,1,551.745
attention,64,2048,32,2048,1,796.129
attention,64,2048,32,4096,1,1526.59
attention,64,2048,32,8192,1,2993.64
attention,64,2048,32,16384,1,5921.74
attention,64,2048,64,16,1,329.025
attention,64,2048,64,32,1,331.842
attention,64,2048,64,64,1,360.321
attention,64,2048,64,128,1,394.465
attention,64,2048,64,256,1,463.457
attention,64,2048,64,512,1,605.922
attention,64,2048,64,1024,1,869.793
attention,64,2048,64,2048,1,1452.26
attention,64,2048,64,4096,1,2898.69
attention,64,2048,64,8192,1,5586.95
attention,64,2048,64,16384,1,11291
attention,64,2048,128,16,1,387.872
attention,64,2048,128,32,1,390.977
attention,64,2048,128,64,1,459.457
attention,64,2048,128,128,1,546.56
attention,64,2048,128,256,1,718.019
attention,64,2048,128,512,1,1050.37
attention,64,2048,128,1024,1,1844.13
attention,64,2048,128,2048,1,4755.52
attention,64,2048,128,4096,1,9554.38
attention,64,2048,128,8192,1,22787.7
attention,64,2048,128,16384,1,46639.4
attention,64,4096,0,0,1,514.176
attention,64,4096,1,16,1,512.704
attention,64,4096,1,32,1,512.224
attention,64,4096,1,64,1,511.233
attention,64,4096,1,128,1,511.041
attention,64,4096,1,256,1,511.041
attention,64,4096,1,512,1,510.786
attention,64,4096,1,1024,1,512.417
attention,64,4096,1,2048,1,512.48
attention,64,4096,1,4096,1,510.178
attention,64,4096,1,8192,1,995.522
attention,64,4096,1,16384,1,1956.67
attention,64,4096,2,16,1,510.561
attention,64,4096,2,32,1,510.913
attention,64,4096,2,64,1,508.832
attention,64,4096,2,128,1,510.304
attention,64,4096,2,256,1,511.168
attention,64,4096,2,512,1,512.927
attention,64,4096,2,1024,1,509.249
attention,64,4096,2,2048,1,513.025
attention,64,4096,2,4096,1,511.904
attention,64,4096,2,8192,1,989.344
attention,64,4096,2,16384,1,1952.74
attention,64,4096,4,16,1,513.921
attention,64,4096,4,32,1,509.568
attention,64,4096,4,64,1,511.841
attention,64,4096,4,128,1,510.591
attention,64,4096,4,256,1,509.825
attention,64,4096,4,512,1,513.664
attention,64,4096,4,1024,1,511.68
attention,64,4096,4,2048,1,511.201
attention,64,4096,4,4096,1,509.889
attention,64,4096,4,8192,1,997.889
attention,64,4096,4,16384,1,1954.08
attention,64,4096,8,16,1,510.88
attention,64,4096,8,32,1,511.007
attention,64,4096,8,64,1,512.481
attention,64,4096,8,128,1,510.209
attention,64,4096,8,256,1,512.193
attention,64,4096,8,512,1,512.033
attention,64,4096,8,1024,1,512.417
attention,64,4096,8,2048,1,511.553
attention,64,4096,8,4096,1,514.273
attention,64,4096,8,8192,1,1001.47
attention,64,4096,8,16384,1,1971.62
attention,64,4096,16,16,1,529.696
attention,64,4096,16,32,1,528.287
attention,64,4096,16,64,1,534.049
attention,64,4096,16,128,1,543.17
attention,64,4096,16,256,1,558.528
attention,64,4096,16,512,1,590.816
attention,64,4096,16,1024,1,655.874
attention,64,4096,16,2048,1,776.833
attention,64,4096,16,4096,1,1025.76
attention,64,4096,16,8192,1,1997.6
attention,64,4096,16,16384,1,3950.09
attention,64,4096,32,16,1,542.338
attention,64,4096,32,32,1,545.793
attention,64,4096,32,64,1,557.568
attention,64,4096,32,128,1,574.497
attention,64,4096,32,256,1,605.121
attention,64,4096,32,512,1,669.279
attention,64,4096,32,1024,1,792.386
attention,64,4096,32,2048,1,1036.39
attention,64,4096,32,4096,1,1535.11
attention,64,4096,32,8192,1,3007.78
attention,64,4096,32,16384,1,5928.45
attention,64,4096,64,16,1,571.457
attention,64,4096,64,32,1,570.336
attention,64,4096,64,64,1,599.201
attention,64,4096,64,128,1,633.281
attention,64,4096,64,256,1,703.681
attention,64,4096,64,512,1,847.584
attention,64,4096,64,1024,1,1117.79
attention,64,4096,64,2048,1,1715.46
attention,64,4096,64,4096,1,2884.55
attention,64,4096,64,8192,1,5794.98
attention,64,4096,64,16384,1,11443
attention,64,4096,128,16,1,627.138
attention,64,4096,128,32,1,631.138
attention,64,4096,128,64,1,700.639
attention,64,4096,128,128,1,787.489
attention,64,4096,128,256,1,957.313
attention,64,4096,128,512,1,1295.42
attention,64,4096,128,1024,1,2124.04
attention,64,4096,128,2048,1,5045.38
attention,64,4096,128,4096,1,9878.67
attention,64,4096,128,8192,1,23163.5
attention,64,4096,128,16384,1,47769
attention,64,8192,0,0,1,1000.23
attention,64,8192,1,16,1,994.659
attention,64,8192,1,32,1,995.711
attention,64,8192,1,64,1,996.418
attention,64,8192,1,128,1,994.081
attention,64,8192,1,256,1,993.887
attention,64,8192,1,512,1,993.855
attention,64,8192,1,1024,1,992.673
attention,64,8192,1,2048,1,995.072
attention,64,8192,1,4096,1,995.807
attention,64,8192,1,8192,1,995.362
attention,64,8192,1,16384,1,1961.76
attention,64,8192,2,16,1,997.089
attention,64,8192,2,32,1,991.072
attention,64,8192,2,64,1,996.734
attention,64,8192,2,128,1,994.595
attention,64,8192,2,256,1,994.946
attention,64,8192,2,512,1,998.655
attention,64,8192,2,1024,1,993.346
attention,64,8192,2,2048,1,992.993
attention,64,8192,2,4096,1,995.17
attention,64,8192,2,8192,1,995.265
attention,64,8192,2,16384,1,1962.18
attention,64,8192,4,16,1,992.864
attention,64,8192,4,32,1,996.512
attention,64,8192,4,64,1,993.345
attention,64,8192,4,128,1,989.409
attention,64,8192,4,256,1,993.313
attention,64,8192,4,512,1,995.712
attention,64,8192,4,1024,1,992.449
attention,64,8192,4,2048,1,993.313
attention,64,8192,4,4096,1,991.809
attention,64,8192,4,8192,1,994.305
attention,64,8192,4,16384,1,1959.52
attention,64,8192,8,16,1,996.929
attention,64,8192,8,32,1,998.402
attention,64,8192,8,64,1,994.304
attention,64,8192,8,128,1,996.641
attention,64,8192,8,256,1,993.057
attention,64,8192,8,512,1,993.058
attention,64,8192,8,1024,1,997.345
attention,64,8192,8,2048,1,994.817
attention,64,8192,8,4096,1,998.783
attention,64,8192,8,8192,1,999.521
attention,64,8192,8,16384,1,1970.37
attention,64,8192,16,16,1,1014.08
attention,64,8192,16,32,1,1011.46
attention,64,8192,16,64,1,1023.33
attention,64,8192,16,128,1,1031.42
attention,64,8192,16,256,1,1037.99
attention,64,8192,16,512,1,1074.75
attention,64,8192,16,1024,1,1135.17
attention,64,8192,16,2048,1,1263.55
attention,64,8192,16,4096,1,1511.52
attention,64,8192,16,8192,1,2006.05
attention,64,8192,16,16384,1,3953.96
attention,64,8192,32,16,1,1027.94
attention,64,8192,32,32,1,1021.89
attention,64,8192,32,64,1,1041.98
attention,64,8192,32,128,1,1056.03
attention,64,8192,32,256,1,1095.2
attention,64,8192,32,512,1,1156.61
attention,64,8192,32,1024,1,1277.03
attention,64,8192,32,2048,1,1523.9
attention,64,8192,32,4096,1,2016.86
attention,64,8192,32,8192,1,3004.29
attention,64,8192,32,16384,1,5923.69
attention,64,8192,64,16,1,1056.64
attention,64,8192,64,32,1,1054.02
attention,64,8192,64,64,1,1085.83
attention,64,8192,64,128,1,1114.27
attention,64,8192,64,256,1,1186.72
attention,64,8192,64,512,1,1328.74
attention,64,8192,64,1024,1,1593.86
attention,64,8192,64,2048,1,2205.92
attention,64,8192,64,4096,1,3425.35
attention,64,8192,64,8192,1,5602.85
attention,64,8192,64,16384,1,11392.8
attention,64,8192,128,16,1,1109.5
attention,64,8192,128,32,1,1111.91
attention,64,8192,128,64,1,1181.47
attention,64,8192,128,128,1,1271.81
attention,64,8192,128,256,1,1444.99
attention,64,8192,128,512,1,1780.32
attention,64,8192,128,1024,1,2612.2
attention,64,8192,128,2048,1,5638.25
attention,64,8192,128,4096,1,9888.33
attention,64,8192,128,8192,1,21576.8
attention,64,8192,128,16384,1,47819
attention,64,16384,0,0,1,1961.73
attention,64,16384,1,16,1,1960.93
attention,64,16384,1,32,1,1963.17
attention,64,16384,1,64,1,1967.27
attention,64,16384,1,128,1,1962.5
attention,64,16384,1,256,1,1958.05
attention,64,16384,1,512,1,1964.45
attention,64,16384,1,1024,1,1954.82
attention,64,16384,1,2048,1,1961.83
attention,64,16384,1,4096,1,1972.39
attention,64,16384,1,8192,1,1957.8
attention,64,16384,1,16384,1,1960.64
attention,64,16384,2,16,1,1957.19
attention,64,16384,2,32,1,1957.25
attention,64,16384,2,64,1,1959.87
attention,64,16384,2,128,1,1956.45
attention,64,16384,2,256,1,1970.85
attention,64,16384,2,512,1,1958.31
attention,64,16384,2,1024,1,1960.77
attention,64,16384,2,2048,1,1955.59
attention,64,16384,2,4096,1,1958.31
attention,64,16384,2,8192,1,1964.1
attention,64,16384,2,16384,1,1959.81
attention,64,16384,4,16,1,1957.38
attention,64,16384,4,32,1,1965.54
attention,64,16384,4,64,1,1956.29
attention,64,16384,4,128,1,1962.79
attention,64,16384,4,256,1,1956.64
attention,64,16384,4,512,1,1958.66
attention,64,16384,4,1024,1,1958.12
attention,64,16384,4,2048,1,1957.25
attention,64,16384,4,4096,1,1959.91
attention,64,16384,4,8192,1,1966.69
attention,64,16384,4,16384,1,1955.81
attention,64,16384,8,16,1,1965.57
attention,64,16384,8,32,1,1960.61
attention,64,16384,8,64,1,1960.93
attention,64,16384,8,128,1,1954.82
attention,64,16384,8,256,1,1960.74
attention,64,16384,8,512,1,1970.18
attention,64,16384,8,1024,1,1956.9
attention,64,16384,8,2048,1,1966.88
attention,64,16384,8,4096,1,1956.36
attention,64,16384,8,8192,1,1963.36
attention,64,16384,8,16384,1,1974.76
attention,64,16384,16,16,1,1960.1
attention,64,16384,16,32,1,1974.34
attention,64,16384,16,64,1,1981.6
attention,64,16384,16,128,1,1990.05
attention,64,16384,16,256,1,2016.13
attention,64,16384,16,512,1,2038.53
attention,64,16384,16,1024,1,2100.16
attention,64,16384,16,2048,1,2231.84
attention,64,16384,16,4096,1,2476.16
attention,64,16384,16,8192,1,2973.25
attention,64,16384,16,16384,1,3951.85
attention,64,16384,32,16,1,1985.51
attention,64,16384,32,32,1,1991.24
attention,64,16384,32,64,1,2007.75
attention,64,16384,32,128,1,2022.05
attention,64,16384,32,256,1,2052.23
attention,64,16384,32,512,1,2109
attention,64,16384,32,1024,1,2238.43
attention,64,16384,32,2048,1,2489.38
attention,64,16384,32,4096,1,2994.18
attention,64,16384,32,8192,1,3961.28
attention,64,16384,32,16384,1,5939.91
attention,64,16384,64,16,1,2022.79
attention,64,16384,64,32,1,2018.76
attention,64,16384,64,64,1,2053.19
attention,64,16384,64,128,1,2081.83
attention,64,16384,64,256,1,2159.04
attention,64,16384,64,512,1,2299.39
attention,64,16384,64,1024,1,2572.13
attention,64,16384,64,2048,1,3175.07
attention,64,16384,64,4096,1,4431.69
attention,64,16384,64,8192,1,6672.65
attention,64,16384,64,16384,1,10999.5
attention,64,16384,128,16,1,2066.79
attention,64,16384,128,32,1,2085.83
attention,64,16384,128,64,1,2144.29
attention,64,16384,128,128,1,2228.61
attention,64,16384,128,256,1,2412.99
attention,64,16384,128,512,1,2741.03
attention,64,16384,128,1024,1,3565.64
attention,64,16384,128,2048,1,6720.52
attention,64,16384,128,4096,1,11079.8
attention,64,16384,128,8192,1,23149.1
attention,64,16384,128,16384,1,48831.7
attention,128,0,0,0,1,37.056
attention,128,0,1,16,1,36.544
attention,128,0,1,32,1,36.512
attention,128,0,1,64,1,36.865
attention,128,0,1,128,1,40.863
attention,128,0,1,256,1,55.456
attention,128,0,1,512,1,85.568
attention,128,0,1,1024,1,145.823
attention,128,0,1,2048,1,267.039
attention,128,0,1,4096,1,507.872
attention,128,0,1,8192,1,988.833
attention,128,0,1,16384,1,1949.6
attention,128,0,2,16,1,36.031
attention,128,0,2,32,1,36.801
attention,128,0,2,64,1,36.033
attention,128,0,2,128,1,41.183
attention,128,0,2,256,1,55.362
attention,128,0,2,512,1,85.664
attention,128,0,2,1024,1,145.439
attention,128,0,2,2048,1,267.489
attention,128,0,2,4096,1,508.992
attention,128,0,2,8192,1,988.673
attention,128,0,2,16384,1,1958.3
attention,128,0,4,16,1,36.128
attention,128,0,4,32,1,36.256
attention,128,0,4,64,1,36.513
attention,128,0,4,128,1,40.766
attention,128,0,4,256,1,55.361
attention,128,0,4,512,1,86.112
attention,128,0,4,1024,1,146.528
attention,128,0,4,2048,1,267.201
attention,128,0,4,4096,1,510.273
attention,128,0,4,8192,1,997.345
attention,128,0,4,16384,1,1953.03
attention,128,0,8,16,1,37.215
attention,128,0,8,32,1,37.025
attention,128,0,8,64,1,36.8
attention,128,0,8,128,1,41.152
attention,128,0,8,256,1,56.352
attention,128,0,8,512,1,86.752
attention,128,0,8,1024,1,147.328
attention,128,0,8,2048,1,269.217
attention,128,0,8,4096,1,510.72
attention,128,0,8,8192,1,994.624
attention,128,0,8,16384,1,1966.91
attention,128,0,16,16,1,54.175
attention,128,0,16,32,1,54.399
attention,128,0,16,64,1,57.856
attention,128,0,16,128,1,71.776
attention,128,0,16,256,1,100.447
attention,128,0,16,512,1,162.978
attention,128,0,16,1024,1,287.198
attention,128,0,16,2048,1,531.33
attention,128,0,16,4096,1,1018.18
attention,128,0,16,8192,1,2000.74
attention,128,0,16,16384,1,3949
attention,128,0,32,16,1,68.383
attention,128,0,32,32,1,69.151
attention,128,0,32,64,1,80.512
attention,128,0,32,128,1,102.4
attention,128,0,32,256,1,147.967
attention,128,0,32,512,1,241.311
attention,128,0,32,1024,1,425.088
attention,128,0,32,2048,1,791.714
attention,128,0,32,4096,1,1530.91
attention,128,0,32,8192,1,2993.64
attention,128,0,32,16384,1,5931.78
attention,128,0,64,16,1,98.911
attention,128,0,64,32,1,100.065
attention,128,0,64,64,1,127.167
attention,128,0,64,128,1,166.879
attention,128,0,64,256,1,250.816
attention,128,0,64,512,1,421.921
attention,128,0,64,1024,1,750.816
attention,128,0,64,2048,1,1426.69
attention,128,0,64,4096,1,2816.03
attention,128,0,64,8192,1,5456.71
attention,128,0,64,16384,1,10686.5
attention,128,0,128,16,1,161.473
attention,128,0,128,32,1,164.193
attention,128,0,128,64,1,230.754
attention,128,0,128,128,1,322.816
attention,128,0,128,256,1,508.673
attention,128,0,128,512,1,875.712
attention,128,0,128,1024,1,1671.94
attention,128,0,128,2048,1,4702.98
attention,128,0,128,4096,1,9203.31
attention,128,0,128,8192,1,21966.2
attention,128,0,128,16384,1,46951.7
attention,128,16,0,0,1,44.256
attention,128,16,1,16,1,42.816
attention,128,16,1,32,1,43.102
attention,128,16,1,64,1,43.456
attention,128,16,1,128,1,43.808
attention,128,16,1,256,1,55.711
attention,128,16,1,512,1,85.568
attention,128,16,1,1024,1,145.921
attention,128,16,1,2048,1,266.657
attention,128,16,1,4096,1,507.585
attention,128,16,1,8192,1,989.409
attention,128,16,1,16384,1,1949.51
attention,128,16,2,16,1,42.495
attention,128,16,2,32,1,42.592
attention,128,16,2,64,1,43.296
attention,128,16,2,128,1,43.265
attention,128,16,2,256,1,55.553
attention,128,16,2,512,1,85.57
attention,128,16,2,1024,1,145.568
attention,128,16,2,2048,1,267.296
attention,128,16,2,4096,1,507.745
attention,128,16,2,8192,1,987.809
attention,128,16,2,16384,1,1950.66
attention,128,16,4,16,1,42.687
attention,128,16,4,32,1,42.88
attention,128,16,4,64,1,42.943
attention,128,16,4,128,1,43.393
attention,128,16,4,256,1,55.84
attention,128,16,4,512,1,85.632
attention,128,16,4,1024,1,146.464
attention,128,16,4,2048,1,266.625
attention,128,16,4,4096,1,509.92
attention,128,16,4,8192,1,993.408
attention,128,16,4,16384,1,1963.97
attention,128,16,8,16,1,43.872
attention,128,16,8,32,1,44.193
attention,128,16,8,64,1,44.002
attention,128,16,8,128,1,43.84
attention,128,16,8,256,1,56.032
attention,128,16,8,512,1,86.273
attention,128,16,8,1024,1,147.551
attention,128,16,8,2048,1,270.272
attention,128,16,8,4096,1,511.424
attention,128,16,8,8192,1,995.393
attention,128,16,8,16384,1,1968.74
attention,128,16,16,16,1,60.96
attention,128,16,16,32,1,60.705
attention,128,16,16,64,1,67.713
attention,128,16,16,128,1,73.439
attention,128,16,16,256,1,101.184
attention,128,16,16,512,1,162.816
attention,128,16,16,1024,1,286.753
attention,128,16,16,2048,1,531.042
attention,128,16,16,4096,1,1018.88
attention,128,16,16,8192,1,1996.26
attention,128,16,16,16384,1,3942.6
attention,128,16,32,16,1,75.713
attention,128,16,32,32,1,76.095
attention,128,16,32,64,1,89.826
attention,128,16,32,128,1,104.064
attention,128,16,32,256,1,147.554
attention,128,16,32,512,1,241.12
attention,128,16,32,1024,1,425.28
attention,128,16,32,2048,1,790.402
attention,128,16,32,4096,1,1528.96
attention,128,16,32,8192,1,2999.65
attention,128,16,32,16384,1,5930.18
attention,128,16,64,16,1,106.272
attention,128,16,64,32,1,107.488
attention,128,16,64,64,1,136.577
attention,128,16,64,128,1,168.831
attention,128,16,64,256,1,251.647
attention,128,16,64,512,1,421.952
attention,128,16,64,1024,1,750.849
attention,128,16,64,2048,1,1427.84
attention,128,16,64,4096,1,2815.3
attention,128,16,64,8192,1,5455.98
attention,128,16,64,16384,1,10691.3
attention,128,16,128,16,1,169.665
attention,128,16,128,32,1,172.798
attention,128,16,128,64,1,240.191
attention,128,16,128,128,1,325.473
attention,128,16,128,256,1,510.687
attention,128,16,128,512,1,874.915
attention,128,16,128,1024,1,1670.56
attention,128,16,128,2048,1,4701.25
attention,128,16,128,4096,1,9199.88
attention,128,16,128,8192,1,23093.9
attention,128,16,128,16384,1,46877.2
attention,128,32,0,0,1,43.968
attention,128,32,1,16,1,43.2
attention,128,32,1,32,1,43.327
attention,128,32,1,64,1,43.616
attention,128,32,1,128,1,43.681
attention,128,32,1,256,1,55.454
attention,128,32,1,512,1,85.344
attention,128,32,1,1024,1,145.823
attention,128,32,1,2048,1,266.849
attention,128,32,1,4096,1,505.537
attention,128,32,1,8192,1,988.45
attention,128,32,1,16384,1,1951.46
attention,128,32,2,16,1,42.848
attention,128,32,2,32,1,42.817
attention,128,32,2,64,1,43.07
attention,128,32,2,128,1,43.489
attention,128,32,2,256,1,55.52
attention,128,32,2,512,1,85.634
attention,128,32,2,1024,1,146.208
attention,128,32,2,2048,1,266.848
attention,128,32,2,4096,1,507.553
attention,128,32,2,8192,1,991.3
attention,128,32,2,16384,1,1941.73
attention,128,32,4,16,1,43.01
attention,128,32,4,32,1,42.721
attention,128,32,4,64,1,43.072
attention,128,32,4,128,1,43.935
attention,128,32,4,256,1,55.553
attention,128,32,4,512,1,85.857
attention,128,32,4,1024,1,147.264
attention,128,32,4,2048,1,266.817
attention,128,32,4,4096,1,509.698
attention,128,32,4,8192,1,993.985
attention,128,32,4,16384,1,1960.61
attention,128,32,8,16,1,43.935
attention,128,32,8,32,1,43.839
attention,128,32,8,64,1,44.128
attention,128,32,8,128,1,44.351
attention,128,32,8,256,1,56.192
attention,128,32,8,512,1,86.881
attention,128,32,8,1024,1,147.328
attention,128,32,8,2048,1,268.832
attention,128,32,8,4096,1,511.073
attention,128,32,8,8192,1,997.696
attention,128,32,8,16384,1,1968.64
attention,128,32,16,16,1,60.896
attention,128,32,16,32,1,61.28
attention,128,32,16,64,1,67.809
attention,128,32,16,128,1,73.024
attention,128,32,16,256,1,101.121
attention,128,32,16,512,1,163.073
attention,128,32,16,1024,1,287.136
attention,128,32,16,2048,1,531.552
attention,128,32,16,4096,1,1016.61
attention,128,32,16,8192,1,2000.74
attention,128,32,16,16384,1,3948.01
attention,128,32,32,16,1,75.487
attention,128,32,32,32,1,76.001
attention,128,32,32,64,1,90.206
attention,128,32,32,128,1,104.159
attention,128,32,32,256,1,148.289
attention,128,32,32,512,1,241.376
attention,128,32,32,1024,1,425.921
attention,128,32,32,2048,1,791.584
attention,128,32,32,4096,1,1529.47
attention,128,32,32,8192,1,3000.55
attention,128,32,32,16384,1,5925.77
attention,128,32,64,16,1,106.305
attention,128,32,64,32,1,107.742
attention,128,32,64,64,1,137.216
attention,128,32,64,128,1,169.278
attention,128,32,64,256,1,252.001
attention,128,32,64,512,1,422.815
attention,128,32,64,1024,1,751.233
attention,128,32,64,2048,1,1427.3
attention,128,32,64,4096,1,2816.61
attention,128,32,64,8192,1,5458.6
attention,128,32,64,16384,1,10688.8
attention,128,32,128,16,1,169.569
attention,128,32,128,32,1,173.152
attention,128,32,128,64,1,239.586
attention,128,32,128,128,1,328.352
attention,128,32,128,256,1,509.889
attention,128,32,128,512,1,874.689
attention,128,32,128,1024,1,1667.59
attention,128,32,128,2048,1,4707.08
attention,128,32,128,4096,1,9204.91
attention,128,32,128,8192,1,22937
attention,128,32,128,16384,1,46212.5
attention,128,64,0,0,1,44.384
attention,128,64,1,16,1,43.969
attention,128,64,1,32,1,44.064
attention,128,64,1,64,1,43.807
attention,128,64,1,128,1,44.544
attention,128,64,1,256,1,55.553
attention,128,64,1,512,1,85.537
attention,128,64,1,1024,1,146.112
attention,128,64,1,2048,1,266.786
attention,128,64,1,4096,1,506.752
attention,128,64,1,8192,1,988.161
attention,128,64,1,16384,1,1961.12
attention,128,64,2,16,1,43.327
attention,128,64,2,32,1,43.424
attention,128,64,2,64,1,43.424
attention,128,64,2,128,1,43.904
attention,128,64,2,256,1,55.521
attention,128,64,2,512,1,85.984
attention,128,64,2,1024,1,146.336
attention,128,64,2,2048,1,266.05
attention,128,64,2,4096,1,508.32
attention,128,64,2,8192,1,989.412
attention,128,64,2,16384,1,1957.15
attention,128,64,4,16,1,43.679
attention,128,64,4,32,1,43.68
attention,128,64,4,64,1,43.744
attention,128,64,4,128,1,44.48
attention,128,64,4,256,1,55.618
attention,128,64,4,512,1,85.823
attention,128,64,4,1024,1,146.209
attention,128,64,4,2048,1,268.224
attention,128,64,4,4096,1,509.313
attention,128,64,4,8192,1,993.633
attention,128,64,4,16384,1,1959.97
attention,128,64,8,16,1,44.672
attention,128,64,8,32,1,44.672
attention,128,64,8,64,1,44.513
attention,128,64,8,128,1,44.927
attention,128,64,8,256,1,55.808
attention,128,64,8,512,1,86.72
attention,128,64,8,1024,1,147.937
attention,128,64,8,2048,1,269.12
attention,128,64,8,4096,1,512.928
attention,128,64,8,8192,1,997.377
attention,128,64,8,16384,1,1971.81
attention,128,64,16,16,1,61.217
attention,128,64,16,32,1,61.664
attention,128,64,16,64,1,68.609
attention,128,64,16,128,1,74.177
attention,128,64,16,256,1,100.608
attention,128,64,16,512,1,162.817
attention,128,64,16,1024,1,286.37
attention,128,64,16,2048,1,532.384
attention,128,64,16,4096,1,1015.94
attention,128,64,16,8192,1,2001.12
attention,128,64,16,16384,1,3953.51
attention,128,64,32,16,1,76.002
attention,128,64,32,32,1,76.895
attention,128,64,32,64,1,91.201
attention,128,64,32,128,1,104.672
attention,128,64,32,256,1,147.52
attention,128,64,32,512,1,241.057
attention,128,64,32,1024,1,425.985
attention,128,64,32,2048,1,791.648
attention,128,64,32,4096,1,1532.93
attention,128,64,32,8192,1,2996.9
attention,128,64,32,16384,1,5909.06
attention,128,64,64,16,1,106.881
attention,128,64,64,32,1,107.711
attention,128,64,64,64,1,137.311
attention,128,64,64,128,1,169.858
attention,128,64,64,256,1,251.522
attention,128,64,64,512,1,420.608
attention,128,64,64,1024,1,753.249
attention,128,64,64,2048,1,1427.78
attention,128,64,64,4096,1,2816.16
attention,128,64,64,8192,1,5461.32
attention,128,64,64,16384,1,10686.3
attention,128,64,128,16,1,170.336
attention,128,64,128,32,1,173.666
attention,128,64,128,64,1,240.064
attention,128,64,128,128,1,330.272
attention,128,64,128,256,1,511.039
attention,128,64,128,512,1,874.208
attention,128,64,128,1024,1,1669.38
attention,128,64,128,2048,1,4702.89
attention,128,64,128,4096,1,9200.78
attention,128,64,128,8192,1,23387
attention,128,64,128,16384,1,45248.8
attention,128,128,0,0,1,51.456
attention,128,128,1,16,1,50.945
attention,128,128,1,32,1,51.362
attention,128,128,1,64,1,51.136
attention,128,128,1,128,1,51.167
attention,128,128,1,256,1,55.969
attention,128,128,1,512,1,85.568
attention,128,128,1,1024,1,145.824
attention,128,128,1,2048,1,266.754
attention,128,128,1,4096,1,508.289
attention,128,128,1,8192,1,990.787
attention,128,128,1,16384,1,1950.15
attention,128,128,2,16,1,50.718
attention,128,128,2,32,1,50.656
attention,128,128,2,64,1,51.136
attention,128,128,2,128,1,50.56
attention,128,128,2,256,1,55.584
attention,128,128,2,512,1,85.473
attention,128,128,2,1024,1,146.049
attention,128,128,2,2048,1,266.304
attention,128,128,2,4096,1,507.456
attention,128,128,2,8192,1,988.45
attention,128,128,2,16384,1,1956.2
attention,128,128,4,16,1,51.073
attention,128,128,4,32,1,51.039
attention,128,128,4,64,1,51.006
attention,128,128,4,128,1,51.134
attention,128,128,4,256,1,55.617
attention,128,128,4,512,1,85.888
attention,128,128,4,1024,1,146.528
attention,128,128,4,2048,1,268.257
attention,128,128,4,4096,1,511.04
attention,128,128,4,8192,1,992.161
attention,128,128,4,16384,1,1959.62
attention,128,128,8,16,1,51.584
attention,128,128,8,32,1,51.966
attention,128,128,8,64,1,52.127
attention,128,128,8,128,1,52.032
attention,128,128,8,256,1,56.51
attention,128,128,8,512,1,86.272
attention,128,128,8,1024,1,147.202
attention,128,128,8,2048,1,268.672
attention,128,128,8,4096,1,511.872
attention,128,128,8,8192,1,999.043
attention,128,128,8,16384,1,1965.35
attention,128,128,16,16,1,68.543
attention,128,128,16,32,1,68.512
attention,128,128,16,64,1,75.967
attention,128,128,16,128,1,83.84
attention,128,128,16,256,1,101.055
attention,128,128,16,512,1,163.936
attention,128,128,16,1024,1,287.488
attention,128,128,16,2048,1,531.137
attention,128,128,16,4096,1,1017.06
attention,128,128,16,8192,1,1994.34
attention,128,128,16,16384,1,3950.02
attention,128,128,32,16,1,83.488
attention,128,128,32,32,1,84.095
attention,128,128,32,64,1,98.207
attention,128,128,32,128,1,114.783
attention,128,128,32,256,1,148.513
attention,128,128,32,512,1,240.8
attention,128,128,32,1024,1,426.593
attention,128,128,32,2048,1,790.336
attention,128,128,32,4096,1,1532.45
attention,128,128,32,8192,1,2993.93
attention,128,128,32,16384,1,5926.86
attention,128,128,64,16,1,114.496
attention,128,128,64,32,1,116.544
attention,128,128,64,64,1,145.153
attention,128,128,64,128,1,178.432
attention,128,128,64,256,1,252.512
attention,128,128,64,512,1,423.361
attention,128,128,64,1024,1,751.81
attention,128,128,64,2048,1,1427.14
attention,128,128,64,4096,1,2816.16
attention,128,128,64,8192,1,5459.05
attention,128,128,64,16384,1,10683.3
attention,128,128,128,16,1,177.824
attention,128,128,128,32,1,181.377
attention,128,128,128,64,1,249.44
attention,128,128,128,128,1,338.562
attention,128,128,128,256,1,511.329
attention,128,128,128,512,1,873.922
attention,128,128,128,1024,1,1669.31
attention,128,128,128,2048,1,4703.78
attention,128,128,128,4096,1,9204.62
attention,128,128,128,8192,1,23228.5
attention,128,128,128,16384,1,47611.5
attention,128,256,0,0,1,66.433
attention,128,256,1,16,1,66.336
attention,128,256,1,32,1,66.401
attention,128,256,1,64,1,66.4
attention,128,256,1,128,1,66.785
attention,128,256,1,256,1,66.239
attention,128,256,1,512,1,85.407
attention,128,256,1,1024,1,145.824
attention,128,256,1,2048,1,267.071
attention,128,256,1,4096,1,505.536
attention,128,256,1,8192,1,988.322
attention,128,256,1,16384,1,1950.59
attention,128,256,2,16,1,65.792
attention,128,256,2,32,1,65.951
attention,128,256,2,64,1,65.952
attention,128,256,2,128,1,65.986
attention,128,256,2,256,1,66.048
attention,128,256,2,512,1,85.887
attention,128,256,2,1024,1,146.016
attention,128,256,2,2048,1,266.207
attention,128,256,2,4096,1,508.097
attention,128,256,2,8192,1,993.057
attention,128,256,2,16384,1,1958.08
attention,128,256,4,16,1,66.401
attention,128,256,4,32,1,66.497
attention,128,256,4,64,1,66.432
attention,128,256,4,128,1,66.207
attention,128,256,4,256,1,66.431
attention,128,256,4,512,1,85.92
attention,128,256,4,1024,1,147.169
attention,128,256,4,2048,1,267.458
attention,128,256,4,4096,1,509.569
attention,128,256,4,8192,1,994.69
attention,128,256,4,16384,1,1966.05
attention,128,256,8,16,1,67.329
attention,128,256,8,32,1,67.169
attention,128,256,8,64,1,67.104
attention,128,256,8,128,1,66.785
attention,128,256,8,256,1,67.582
attention,128,256,8,512,1,87.041
attention,128,256,8,1024,1,148.032
attention,128,256,8,2048,1,268.416
attention,128,256,8,4096,1,512.608
attention,128,256,8,8192,1,997.315
attention,128,256,8,16384,1,1958.92
attention,128,256,16,16,1,83.904
attention,128,256,16,32,1,83.872
attention,128,256,16,64,1,90.465
attention,128,256,16,128,1,99.009
attention,128,256,16,256,1,114.592
attention,128,256,16,512,1,163.456
attention,128,256,16,1024,1,286.592
attention,128,256,16,2048,1,531.97
attention,128,256,16,4096,1,1020.42
attention,128,256,16,8192,1,2000.04
attention,128,256,16,16384,1,3949.77
attention,128,256,32,16,1,99.394
attention,128,256,32,32,1,99.041
attention,128,256,32,64,1,113.664
attention,128,256,32,128,1,129.953
attention,128,256,32,256,1,161.375
attention,128,256,32,512,1,241.792
attention,128,256,32,1024,1,425.537
attention,128,256,32,2048,1,790.69
attention,128,256,32,4096,1,1529.47
attention,128,256,32,8192,1,3000.77
attention,128,256,32,16384,1,5931.27
attention,128,256,64,16,1,130.08
attention,128,256,64,32,1,131.521
attention,128,256,64,64,1,161.376
attention,128,256,64,128,1,194.465
attention,128,256,64,256,1,265.472
attention,128,256,64,512,1,421.472
attention,128,256,64,1024,1,753.887
attention,128,256,64,2048,1,1429.7
attention,128,256,64,4096,1,2818.4
attention,128,256,64,8192,1,5457.09
attention,128,256,64,16384,1,10695.3
attention,128,256,128,16,1,194.369
attention,128,256,128,32,1,198.336
attention,128,256,128,64,1,265.249
attention,128,256,128,128,1,353.343
attention,128,256,128,256,1,528.352
attention,128,256,128,512,1,878.243
attention,128,256,128,1024,1,1665.44
attention,128,256,128,2048,1,4712.58
attention,128,256,128,4096,1,9203.18
attention,128,256,128,8192,1,22854.7
attention,128,256,128,16384,1,46299
attention,128,512,0,0,1,96.864
attention,128,512,1,16,1,97.185
attention,128,512,1,32,1,96.416
attention,128,512,1,64,1,96.865
attention,128,512,1,128,1,96.831
attention,128,512,1,256,1,96.642
attention,128,512,1,512,1,96.545
attention,128,512,1,1024,1,145.76
attention,128,512,1,2048,1,267.585
attention,128,512,1,4096,1,508.576
attention,128,512,1,8192,1,988.035
attention,128,512,1,16384,1,1963.65
attention,128,512,2,16,1,96.096
attention,128,512,2,32,1,96.224
attention,128,512,2,64,1,96.161
attention,128,512,2,128,1,96.288
attention,128,512,2,256,1,96.255
attention,128,512,2,512,1,96.318
attention,128,512,2,1024,1,146.208
attention,128,512,2,2048,1,266.976
attention,128,512,2,4096,1,508.129
attention,128,512,2,8192,1,995.17
attention,128,512,2,16384,1,1956.42
attention,128,512,4,16,1,96.256
attention,128,512,4,32,1,96.769
attention,128,512,4,64,1,96.735
attention,128,512,4,128,1,96.32
attention,128,512,4,256,1,97.12
attention,128,512,4,512,1,96.8
attention,128,512,4,1024,1,146.4
attention,128,512,4,2048,1,268
attention,128,512,4,4096,1,507.937
attention,128,512,4,8192,1,998.016
attention,128,512,4,16384,1,1965.13
attention,128,512,8,16,1,96.96
attention,128,512,8,32,1,96.992
attention,128,512,8,64,1,97.312
attention,128,512,8,128,1,97.633
attention,128,512,8,256,1,97.921
attention,128,512,8,512,1,97.856
attention,128,512,8,1024,1,148.256
attention,128,512,8,2048,1,268.801
attention,128,512,8,4096,1,513.44
attention,128,512,8,8192,1,1000.39
attention,128,512,8,16384,1,1962.14
attention,128,512,16,16,1,114.848
attention,128,512,16,32,1,113.825
attention,128,512,16,64,1,121.824
attention,128,512,16,128,1,129.567
attention,128,512,16,256,1,144.93
attention,128,512,16,512,1,176.769
attention,128,512,16,1024,1,286.945
attention,128,512,16,2048,1,531.618
attention,128,512,16,4096,1,1018.4
attention,128,512,16,8192,1,2001.09
attention,128,512,16,16384,1,3956.65
attention,128,512,32,16,1,128.832
attention,128,512,32,32,1,129.857
attention,128,512,32,64,1,143.777
attention,128,512,32,128,1,161.344
attention,128,512,32,256,1,192.065
attention,128,512,32,512,1,254.754
attention,128,512,32,1024,1,425.441
attention,128,512,32,2048,1,792.063
attention,128,512,32,4096,1,1531.81
attention,128,512,32,8192,1,3005.83
attention,128,512,32,16384,1,5918.73
attention,128,512,64,16,1,161.441
attention,128,512,64,32,1,161.887
attention,128,512,64,64,1,191.295
attention,128,512,64,128,1,225.824
attention,128,512,64,256,1,295.393
attention,128,512,64,512,1,437.759
attention,128,512,64,1024,1,753.602
attention,128,512,64,2048,1,1433.03
attention,128,512,64,4096,1,2820.84
attention,128,512,64,8192,1,5460.3
attention,128,512,64,16384,1,10697.5
attention,128,512,128,16,1,225.984
attention,128,512,128,32,1,231.201
attention,128,512,128,64,1,297.185
attention,128,512,128,128,1,386.144
attention,128,512,128,256,1,558.816
attention,128,512,128,512,1,893.601
attention,128,512,128,1024,1,1671.2
attention,128,512,128,2048,1,4716.68
attention,128,512,128,4096,1,9212.36
attention,128,512,128,8192,1,23024.8
attention,128,512,128,16384,1,47096
attention,128,1024,0,0,1,157.984
attention,128,1024,1,16,1,157.312
attention,128,1024,1,32,1,156.864
attention,128,1024,1,64,1,157.151
attention,128,1024,1,128,1,158.274
attention,128,1024,1,256,1,157.694
attention,128,1024,1,512,1,156.992
attention,128,1024,1,1024,1,157.408
attention,128,1024,1,2048,1,266.658
attention,128,1024,1,4096,1,509.44
attention,128,1024,1,8192,1,991.232
attention,128,1024,1,16384,1,1954.66
attention,128,1024,2,16,1,156.224
attention,128,1024,2,32,1,157.569
attention,128,1024,2,64,1,156.672
attention,128,1024,2,128,1,156.863
attention,128,1024,2,256,1,158.081
attention,128,1024,2,512,1,157.537
attention,128,1024,2,1024,1,157.088
attention,128,1024,2,2048,1,268.256
attention,128,1024,2,4096,1,506.88
attention,128,1024,2,8192,1,991.808
attention,128,1024,2,16384,1,1958.95
attention,128,1024,4,16,1,157.025
attention,128,1024,4,32,1,156.896
attention,128,1024,4,64,1,157.279
attention,128,1024,4,128,1,157.249
attention,128,1024,4,256,1,157.184
attention,128,1024,4,512,1,157.441
attention,128,1024,4,1024,1,157.537
attention,128,1024,4,2048,1,268.353
attention,128,1024,4,4096,1,508.896
attention,128,1024,4,8192,1,991.459
attention,128,1024,4,16384,1,1964.77
attention,128,1024,8,16,1,157.727
attention,128,1024,8,32,1,157.313
attention,128,1024,8,64,1,158.559
attention,128,1024,8,128,1,157.825
attention,128,1024,8,256,1,157.6
attention,128,1024,8,512,1,159.488
attention,128,1024,8,1024,1,159.2
attention,128,1024,8,2048,1,270.017
attention,128,1024,8,4096,1,512.319
attention,128,1024,8,8192,1,998.272
attention,128,1024,8,16384,1,1968.58
attention,128,1024,16,16,1,174.625
attention,128,1024,16,32,1,174.944
attention,128,1024,16,64,1,181.633
attention,128,1024,16,128,1,189.471
attention,128,1024,16,256,1,205.248
attention,128,1024,16,512,1,237.249
attention,128,1024,16,1024,1,300.032
attention,128,1024,16,2048,1,532.511
attention,128,1024,16,4096,1,1018.21
attention,128,1024,16,8192,1,1997.99
attention,128,1024,16,16384,1,3949.03
attention,128,1024,32,16,1,189.92
attention,128,1024,32,32,1,190.113
attention,128,1024,32,64,1,203.617
attention,128,1024,32,128,1,221.569
attention,128,1024,32,256,1,253.504
attention,128,1024,32,512,1,314.976
attention,128,1024,32,1024,1,439.008
attention,128,1024,32,2048,1,793.121
attention,128,1024,32,4096,1,1529.32
attention,128,1024,32,8192,1,2997.12
attention,128,1024,32,16384,1,5917.06
attention,128,1024,64,16,1,221.824
attention,128,1024,64,32,1,222.497
attention,128,1024,64,64,1,252.991
attention,128,1024,64,128,1,286.591
attention,128,1024,64,256,1,357.663
attention,128,1024,64,512,1,497.313
attention,128,1024,64,1024,1,770.049
attention,128,1024,64,2048,1,1438.6
attention,128,1024,64,4096,1,2840.9
attention,128,1024,64,8192,1,5469.64
attention,128,1024,64,16384,1,10702.3
attention,128,1024,128,16,1,287.777
attention,128,1024,128,32,1,292.32
attention,128,1024,128,64,1,362.016
attention,128,1024,128,128,1,449.121
attention,128,1024,128,256,1,621.249
attention,128,1024,128,512,1,954.627
attention,128,1024,128,1024,1,1748.61
attention,128,1024,128,2048,1,4790.66
attention,128,1024,128,4096,1,9530.35
attention,128,1024,128,8192,1,20659.4
attention,128,1024,128,16384,1,47567.1
attention,128,2048,0,0,1,277.152
attention,128,2048,1,16,1,279.458
attention,128,2048,1,32,1,278.017
attention,128,2048,1,64,1,278.59
attention,128,2048,1,128,1,278.049
attention,128,2048,1,256,1,278.239
attention,128,2048,1,512,1,279.168
attention,128,2048,1,1024,1,277.183
attention,128,2048,1,2048,1,279.81
attention,128,2048,1,4096,1,506.499
attention,128,2048,1,8192,1,988.032
attention,128,2048,1,16384,1,1952.71
attention,128,2048,2,16,1,279.168
attention,128,2048,2,32,1,277.569
attention,128,2048,2,64,1,277.954
attention,128,2048,2,128,1,278.528
attention,128,2048,2,256,1,278.305
attention,128,2048,2,512,1,279.009
attention,128,2048,2,1024,1,278.689
attention,128,2048,2,2048,1,277.856
attention,128,2048,2,4096,1,508.96
attention,128,2048,2,8192,1,992.162
attention,128,2048,2,16384,1,1952.45
attention,128,2048,4,16,1,279.106
attention,128,2048,4,32,1,278.689
attention,128,2048,4,64,1,277.793
attention,128,2048,4,128,1,279.615
attention,128,2048,4,256,1,278.527
attention,128,2048,4,512,1,279.393
attention,128,2048,4,1024,1,279.775
attention,128,2048,4,2048,1,279.201
attention,128,2048,4,4096,1,509.697
attention,128,2048,4,8192,1,994.98
attention,128,2048,4,16384,1,1954.47
attention,128,2048,8,16,1,278.944
attention,128,2048,8,32,1,278.145
attention,128,2048,8,64,1,278.05
attention,128,2048,8,128,1,278.179
attention,128,2048,8,256,1,279.264
attention,128,2048,8,512,1,279.359
attention,128,2048,8,1024,1,279.84
attention,128,2048,8,2048,1,280.511
attention,128,2048,8,4096,1,514.113
attention,128,2048,8,8192,1,999.04
attention,128,2048,8,16384,1,1967.17
attention,128,2048,16,16,1,295.168
attention,128,2048,16,32,1,294.881
attention,128,2048,16,64,1,302.69
attention,128,2048,16,128,1,311.009
attention,128,2048,16,256,1,326.242
attention,128,2048,16,512,1,357.377
attention,128,2048,16,1024,1,422.147
attention,128,2048,16,2048,1,544.482
attention,128,2048,16,4096,1,1018.14
attention,128,2048,16,8192,1,2003.11
attention,128,2048,16,16384,1,3947.33
attention,128,2048,32,16,1,309.473
attention,128,2048,32,32,1,310.432
attention,128,2048,32,64,1,325.729
attention,128,2048,32,128,1,341.089
attention,128,2048,32,256,1,374.017
attention,128,2048,32,512,1,436.768
attention,128,2048,32,1024,1,561.699
attention,128,2048,32,2048,1,804.384
attention,128,2048,32,4096,1,1530.85
attention,128,2048,32,8192,1,3002.02
attention,128,2048,32,16384,1,5924.61
attention,128,2048,64,16,1,341.535
attention,128,2048,64,32,1,343.041
attention,128,2048,64,64,1,372.863
attention,128,2048,64,128,1,406.657
attention,128,2048,64,256,1,480.224
attention,128,2048,64,512,1,621.953
attention,128,2048,64,1024,1,890.307
attention,128,2048,64,2048,1,1495.84
attention,128,2048,64,4096,1,3039.62
attention,128,2048,64,8192,1,5787.56
attention,128,2048,64,16384,1,12114.2
attention,128,2048,128,16,1,409.761
attention,128,2048,128,32,1,412.864
attention,128,2048,128,64,1,481.951
attention,128,2048,128,128,1,573.442
attention,128,2048,128,256,1,746.05
attention,128,2048,128,512,1,1076.42
attention,128,2048,128,1024,1,1901.79
attention,128,2048,128,2048,1,4803.36
attention,128,2048,128,4096,1,9914.54
attention,128,2048,128,8192,1,23309.6
attention,128,2048,128,16384,1,47312.6
attention,128,4096,0,0,1,518.399
attention,128,4096,1,16,1,520.897
attention,128,4096,1,32,1,520.736
attention,128,4096,1,64,1,520.098
attention,128,4096,1,128,1,519.616
attention,128,4096,1,256,1,519.552
attention,128,4096,1,512,1,522.594
attention,128,4096,1,1024,1,519.071
attention,128,4096,1,2048,1,521.185
attention,128,4096,1,4096,1,522.529
attention,128,4096,1,8192,1,994.402
attention,128,4096,1,16384,1,1950.56
attention,128,4096,2,16,1,520.514
attention,128,4096,2,32,1,520.607
attention,128,4096,2,64,1,520.928
attention,128,4096,2,128,1,518.016
attention,128,4096,2,256,1,519.522
attention,128,4096,2,512,1,517.186
attention,128,4096,2,1024,1,520.096
attention,128,4096,2,2048,1,519.01
attention,128,4096,2,4096,1,519.777
attention,128,4096,2,8192,1,991.777
attention,128,4096,2,16384,1,1958.15
attention,128,4096,4,16,1,520.833
attention,128,4096,4,32,1,520.097
attention,128,4096,4,64,1,519.744
attention,128,4096,4,128,1,518.753
attention,128,4096,4,256,1,518.656
attention,128,4096,4,512,1,519.456
attention,128,4096,4,1024,1,520.992
attention,128,4096,4,2048,1,520.386
attention,128,4096,4,4096,1,520.576
attention,128,4096,4,8192,1,993.472
attention,128,4096,4,16384,1,1955.2
attention,128,4096,8,16,1,522.881
attention,128,4096,8,32,1,520.737
attention,128,4096,8,64,1,520.579
attention,128,4096,8,128,1,523.2
attention,128,4096,8,256,1,521.888
attention,128,4096,8,512,1,519.906
attention,128,4096,8,1024,1,521.632
attention,128,4096,8,2048,1,522.466
attention,128,4096,8,4096,1,524.673
attention,128,4096,8,8192,1,998.243
attention,128,4096,8,16384,1,1966.21
attention,128,4096,16,16,1,537.058
attention,128,4096,16,32,1,538.209
attention,128,4096,16,64,1,543.746
attention,128,4096,16,128,1,550.017
attention,128,4096,16,256,1,567.49
attention,128,4096,16,512,1,600.449
attention,128,4096,16,1024,1,661.983
attention,128,4096,16,2048,1,787.235
attention,128,4096,16,4096,1,1033.76
attention,128,4096,16,8192,1,2000.64
attention,128,4096,16,16384,1,3955.59
attention,128,4096,32,16,1,550.081
attention,128,4096,32,32,1,552.322
attention,128,4096,32,64,1,566.048
attention,128,4096,32,128,1,581.057
attention,128,4096,32,256,1,615.999
attention,128,4096,32,512,1,677.216
attention,128,4096,32,1024,1,800.289
attention,128,4096,32,2048,1,1049.54
attention,128,4096,32,4096,1,1546.66
attention,128,4096,32,8192,1,2999.71
attention,128,4096,32,16384,1,5933.8
attention,128,4096,64,16,1,583.811
attention,128,4096,64,32,1,584.16
attention,128,4096,64,64,1,615.071
attention,128,4096,64,128,1,646.53
attention,128,4096,64,256,1,717.602
attention,128,4096,64,512,1,864.545
attention,128,4096,64,1024,1,1138.21
attention,128,4096,64,2048,1,1768.13
attention,128,4096,64,4096,1,2948.61
attention,128,4096,64,8192,1,6126.54
attention,128,4096,64,16384,1,12172.8
attention,128,4096,128,16,1,650.178
attention,128,4096,128,32,1,653.633
attention,128,4096,128,64,1,724.768
attention,128,4096,128,128,1,814.306
attention,128,4096,128,256,1,987.266
attention,128,4096,128,512,1,1320.83
attention,128,4096,128,1024,1,2200.96
attention,128,4096,128,2048,1,5175.08
attention,128,4096,128,4096,1,9482.16
attention,128,4096,128,8192,1,20529.2
attention,128,4096,128,16384,1,48382.3
attention,128,8192,0,0,1,1001.57
attention,128,8192,1,16,1,1004.61
attention,128,8192,1,32,1,1001.69
attention,128,8192,1,64,1,1003.04
attention,128,8192,1,128,1,1000.87
attention,128,8192,1,256,1,1005.67
attention,128,8192,1,512,1,1003.39
attention,128,8192,1,1024,1,1000.26
attention,128,8192,1,2048,1,999.587
attention,128,8192,1,4096,1,1001.63
attention,128,8192,1,8192,1,1000.96
attention,128,8192,1,16384,1,1957.54
attention,128,8192,2,16,1,1003.17
attention,128,8192,2,32,1,1004.32
attention,128,8192,2,64,1,1005.51
attention,128,8192,2,128,1,1002.31
attention,128,8192,2,256,1,1003.62
attention,128,8192,2,512,1,1002.05
attention,128,8192,2,1024,1,1002.72
attention,128,8192,2,2048,1,1000.8
attention,128,8192,2,4096,1,1001.6
attention,128,8192,2,8192,1,1000.03
attention,128,8192,2,16384,1,1953.92
attention,128,8192,4,16,1,1003.88
attention,128,8192,4,32,1,1002.05
attention,128,8192,4,64,1,1003.01
attention,128,8192,4,128,1,1003.84
attention,128,8192,4,256,1,1001.28
attention,128,8192,4,512,1,1001.44
attention,128,8192,4,1024,1,1003.17
attention,128,8192,4,2048,1,1004.32
attention,128,8192,4,4096,1,1009.57
attention,128,8192,4,8192,1,1003.59
attention,128,8192,4,16384,1,1956.64
attention,128,8192,8,16,1,1003.04
attention,128,8192,8,32,1,1006.59
attention,128,8192,8,64,1,1005.28
attention,128,8192,8,128,1,1009.44
attention,128,8192,8,256,1,1004.74
attention,128,8192,8,512,1,1002.14
attention,128,8192,8,1024,1,1002.31
attention,128,8192,8,2048,1,1005.02
attention,128,8192,8,4096,1,1008.1
attention,128,8192,8,8192,1,1006.75
attention,128,8192,8,16384,1,1975.65
attention,128,8192,16,16,1,1021.99
attention,128,8192,16,32,1,1022.62
attention,128,8192,16,64,1,1027.27
attention,128,8192,16,128,1,1030.82
attention,128,8192,16,256,1,1046.75
attention,128,8192,16,512,1,1082.02
attention,128,8192,16,1024,1,1148.71
attention,128,8192,16,2048,1,1272.29
attention,128,8192,16,4096,1,1518.56
attention,128,8192,16,8192,1,2012.32
attention,128,8192,16,16384,1,3955.37
attention,128,8192,32,16,1,1030.62
attention,128,8192,32,32,1,1035.43
attention,128,8192,32,64,1,1047.97
attention,128,8192,32,128,1,1064.23
attention,128,8192,32,256,1,1095.3
attention,128,8192,32,512,1,1160.35
attention,128,8192,32,1024,1,1281.79
attention,128,8192,32,2048,1,1530.95
attention,128,8192,32,4096,1,2028.51
attention,128,8192,32,8192,1,3022.08
attention,128,8192,32,16384,1,5932.78
attention,128,8192,64,16,1,1063.78
attention,128,8192,64,32,1,1064.87
attention,128,8192,64,64,1,1096.45
attention,128,8192,64,128,1,1134.79
attention,128,8192,64,256,1,1201.73
attention,128,8192,64,512,1,1340.51
attention,128,8192,64,1024,1,1624.13
attention,128,8192,64,2048,1,2265.28
attention,128,8192,64,4096,1,3502.63
attention,128,8192,64,8192,1,5700.04
attention,128,8192,64,16384,1,12052.4
attention,128,8192,128,16,1,1132.77
attention,128,8192,128,32,1,1136.13
attention,128,8192,128,64,1,1206.6
attention,128,8192,128,128,1,1299.36
attention,128,8192,128,256,1,1466.59
attention,128,8192,128,512,1,1805.44
attention,128,8192,128,1024,1,2695.59
attention,128,8192,128,2048,1,5866.57
attention,128,8192,128,4096,1,10141
attention,128,8192,128,8192,1,21435.5
attention,128,8192,128,16384,1,47342.7
attention,128,16384,0,0,1,1964.68
attention,128,16384,1,16,1,1965.63
attention,128,16384,1,32,1,1966.63
attention,128,16384,1,64,1,1964.87
attention,128,16384,1,128,1,1966.41
attention,128,16384,1,256,1,1970.53
attention,128,16384,1,512,1,1967.52
attention,128,16384,1,1024,1,1964.61
attention,128,16384,1,2048,1,1970.63
attention,128,16384,1,4096,1,1966.88
attention,128,16384,1,8192,1,1972.1
attention,128,16384,1,16384,1,1965.89
attention,128,16384,2,16,1,1969.63
attention,128,16384,2,32,1,1969.89
attention,128,16384,2,64,1,1969.79
attention,128,16384,2,128,1,1965.61
attention,128,16384,2,256,1,1970.82
attention,128,16384,2,512,1,1968.03
attention,128,16384,2,1024,1,1969.73
attention,128,16384,2,2048,1,1975.81
attention,128,16384,2,4096,1,1965.44
attention,128,16384,2,8192,1,1964.26
attention,128,16384,2,16384,1,1968.19
attention,128,16384,4,16,1,1968.9
attention,128,16384,4,32,1,1967.59
attention,128,16384,4,64,1,1973.57
attention,128,16384,4,128,1,1961.47
attention,128,16384,4,256,1,1975.81
attention,128,16384,4,512,1,1962.91
attention,128,16384,4,1024,1,1972.71
attention,128,16384,4,2048,1,1965.96
attention,128,16384,4,4096,1,1964.13
attention,128,16384,4,8192,1,1966.08
attention,128,16384,4,16384,1,1969.54
attention,128,16384,8,16,1,1980.04
attention,128,16384,8,32,1,1970.24
attention,128,16384,8,64,1,1969.76
attention,128,16384,8,128,1,1974.95
attention,128,16384,8,256,1,1974.88
attention,128,16384,8,512,1,1964.48
attention,128,16384,8,1024,1,1968.9
attention,128,16384,8,2048,1,1974.37
attention,128,16384,8,4096,1,1973.73
attention,128,16384,8,8192,1,1973.35
attention,128,16384,8,16384,1,1988.35
attention,128,16384,16,16,1,1984
attention,128,16384,16,32,1,1984.07
attention,128,16384,16,64,1,1995.91
attention,128,16384,16,128,1,2007.3
attention,128,16384,16,256,1,2014.6
attention,128,16384,16,512,1,2051.39
attention,128,16384,16,1024,1,2107.04
attention,128,16384,16,2048,1,2249.99
attention,128,16384,16,4096,1,2490.43
attention,128,16384,16,8192,1,2986.92
attention,128,16384,16,16384,1,3964.04
attention,128,16384,32,16,1,1999.04
attention,128,16384,32,32,1,1994.21
attention,128,16384,32,64,1,2014.05
attention,128,16384,32,128,1,2032
attention,128,16384,32,256,1,2066.82
attention,128,16384,32,512,1,2126.95
attention,128,16384,32,1024,1,2254.34
attention,128,16384,32,2048,1,2504.74
attention,128,16384,32,4096,1,3002.88
attention,128,16384,32,8192,1,3981.99
attention,128,16384,32,16384,1,5942.89
attention,128,16384,64,16,1,2022.53
attention,128,16384,64,32,1,2029
attention,128,16384,64,64,1,2064.7
attention,128,16384,64,128,1,2093.57
attention,128,16384,64,256,1,2166.95
attention,128,16384,64,512,1,2316.93
attention,128,16384,64,1024,1,2588.74
attention,128,16384,64,2048,1,3225.8
attention,128,16384,64,4096,1,4551.97
attention,128,16384,64,8192,1,6798.7
attention,128,16384,64,16384,1,11187.5
attention,128,16384,128,16,1,2098.11
attention,128,16384,128,32,1,2107.3
attention,128,16384,128,64,1,2172.74
attention,128,16384,128,128,1,2265.54
attention,128,16384,128,256,1,2432.52
attention,128,16384,128,512,1,2767.52
attention,128,16384,128,1024,1,3689.86
attention,128,16384,128,2048,1,6980.01
attention,128,16384,128,4096,1,11508.3
attention,128,16384,128,8192,1,22534
attention,128,16384,128,16384,1,46535
attention,256,0,0,0,1,51.457
attention,256,0,1,16,1,50.85
attention,256,0,1,32,1,51.072
attention,256,0,1,64,1,50.626
attention,256,0,1,128,1,50.912
attention,256,0,1,256,1,56.352
attention,256,0,1,512,1,87.04
attention,256,0,1,1024,1,146.751
attention,256,0,1,2048,1,267.456
attention,256,0,1,4096,1,507.937
attention,256,0,1,8192,1,991.296
attention,256,0,1,16384,1,1957.22
attention,256,0,2,16,1,51.329
attention,256,0,2,32,1,51.041
attention,256,0,2,64,1,51.04
attention,256,0,2,128,1,50.911
attention,256,0,2,256,1,56.577
attention,256,0,2,512,1,86.337
attention,256,0,2,1024,1,146.815
attention,256,0,2,2048,1,267.809
attention,256,0,2,4096,1,509.025
attention,256,0,2,8192,1,989.153
attention,256,0,2,16384,1,1958.4
attention,256,0,4,16,1,51.615
attention,256,0,4,32,1,52.288
attention,256,0,4,64,1,51.616
attention,256,0,4,128,1,51.392
attention,256,0,4,256,1,56.671
attention,256,0,4,512,1,87.168
attention,256,0,4,1024,1,147.553
attention,256,0,4,2048,1,269.439
attention,256,0,4,4096,1,508.576
attention,256,0,4,8192,1,995.361
attention,256,0,4,16384,1,1956.07
attention,256,0,8,16,1,54.849
attention,256,0,8,32,1,55.007
attention,256,0,8,64,1,55.232
attention,256,0,8,128,1,55.425
attention,256,0,8,256,1,60.192
attention,256,0,8,512,1,90.144
attention,256,0,8,1024,1,152.192
attention,256,0,8,2048,1,273.728
attention,256,0,8,4096,1,516.096
attention,256,0,8,8192,1,1002.94
attention,256,0,8,16384,1,1969.06
attention,256,0,16,16,1,71.264
attention,256,0,16,32,1,70.687
attention,256,0,16,64,1,77.216
attention,256,0,16,128,1,84.064
attention,256,0,16,256,1,103.424
attention,256,0,16,512,1,164.991
attention,256,0,16,1024,1,288.897
attention,256,0,16,2048,1,533.25
attention,256,0,16,4096,1,1020.9
attention,256,0,16,8192,1,2001.19
attention,256,0,16,16384,1,3956.45
attention,256,0,32,16,1,89.183
attention,256,0,32,32,1,89.472
attention,256,0,32,64,1,102.465
attention,256,0,32,128,1,118.626
attention,256,0,32,256,1,153.217
attention,256,0,32,512,1,244.674
attention,256,0,32,1024,1,430.081
attention,256,0,32,2048,1,794.977
attention,256,0,32,4096,1,1534.95
attention,256,0,32,8192,1,3008.36
attention,256,0,32,16384,1,5927.75
attention,256,0,64,16,1,127.489
attention,256,0,64,32,1,128.225
attention,256,0,64,64,1,156.704
attention,256,0,64,128,1,189.153
attention,256,0,64,256,1,262.88
attention,256,0,64,512,1,430.751
attention,256,0,64,1024,1,769.026
attention,256,0,64,2048,1,1449.19
attention,256,0,64,4096,1,2837.51
attention,256,0,64,8192,1,5479.62
attention,256,0,64,16384,1,10713.7
attention,256,0,128,16,1,206.048
attention,256,0,128,32,1,209.985
attention,256,0,128,64,1,272.832
attention,256,0,128,128,1,356.801
attention,256,0,128,256,1,528.992
attention,256,0,128,512,1,896.193
attention,256,0,128,1024,1,1695.94
attention,256,0,128,2048,1,4723.08
attention,256,0,128,4096,1,9220.14
attention,256,0,128,8192,1,22268.4
attention,256,0,128,16384,1,46396.7
attention,256,16,0,0,1,58.271
attention,256,16,1,16,1,57.632
attention,256,16,1,32,1,57.76
attention,256,16,1,64,1,57.856
attention,256,16,1,128,1,57.728
attention,256,16,1,256,1,57.792
attention,256,16,1,512,1,87.007
attention,256,16,1,1024,1,146.528
attention,256,16,1,2048,1,267.457
attention,256,16,1,4096,1,509.761
attention,256,16,1,8192,1,995.616
attention,256,16,1,16384,1,1962.02
attention,256,16,2,16,1,57.696
attention,256,16,2,32,1,57.696
attention,256,16,2,64,1,58.113
attention,256,16,2,128,1,58.37
attention,256,16,2,256,1,57.888
attention,256,16,2,512,1,86.624
attention,256,16,2,1024,1,147.424
attention,256,16,2,2048,1,267.072
attention,256,16,2,4096,1,510.335
attention,256,16,2,8192,1,987.874
attention,256,16,2,16384,1,1951.75
attention,256,16,4,16,1,58.526
attention,256,16,4,32,1,58.784
attention,256,16,4,64,1,58.464
attention,256,16,4,128,1,58.814
attention,256,16,4,256,1,59.039
attention,256,16,4,512,1,86.881
attention,256,16,4,1024,1,147.521
attention,256,16,4,2048,1,269.538
attention,256,16,4,4096,1,509.889
attention,256,16,4,8192,1,993.315
attention,256,16,4,16384,1,1960.74
attention,256,16,8,16,1,61.856
attention,256,16,8,32,1,61.92
attention,256,16,8,64,1,61.537
attention,256,16,8,128,1,62.24
attention,256,16,8,256,1,62.272
attention,256,16,8,512,1,89.728
attention,256,16,8,1024,1,151.009
attention,256,16,8,2048,1,273.024
attention,256,16,8,4096,1,515.138
attention,256,16,8,8192,1,999.746
attention,256,16,8,16384,1,1969.7
attention,256,16,16,16,1,78.145
attention,256,16,16,32,1,77.984
attention,256,16,16,64,1,84.866
attention,256,16,16,128,1,92.064
attention,256,16,16,256,1,105.664
attention,256,16,16,512,1,165.824
attention,256,16,16,1024,1,288.672
attention,256,16,16,2048,1,533.248
attention,256,16,16,4096,1,1020.1
attention,256,16,16,8192,1,1997.48
attention,256,16,16,16384,1,3959.62
attention,256,16,32,16,1,96.321
attention,256,16,32,32,1,96.544
attention,256,16,32,64,1,110.72
attention,256,16,32,128,1,125.471
attention,256,16,32,256,1,155.807
attention,256,16,32,512,1,244.545
attention,256,16,32,1024,1,429.056
attention,256,16,32,2048,1,796.128
attention,256,16,32,4096,1,1537.48
attention,256,16,32,8192,1,3004.64
attention,256,16,32,16384,1,5930.54
attention,256,16,64,16,1,135.744
attention,256,16,64,32,1,136.576
attention,256,16,64,64,1,165.057
attention,256,16,64,128,1,197.504
attention,256,16,64,256,1,265.281
attention,256,16,64,512,1,430.753
attention,256,16,64,1024,1,771.202
attention,256,16,64,2048,1,1448.96
attention,256,16,64,4096,1,2839.33
attention,256,16,64,8192,1,5479.18
attention,256,16,64,16384,1,10708.2
attention,256,16,128,16,1,213.729
attention,256,16,128,32,1,217.567
attention,256,16,128,64,1,281.889
attention,256,16,128,128,1,367.392
attention,256,16,128,256,1,534.626
attention,256,16,128,512,1,895.874
attention,256,16,128,1024,1,1691.49
attention,256,16,128,2048,1,4726.57
attention,256,16,128,4096,1,9226.86
attention,256,16,128,8192,1,23178.6
attention,256,16,128,16384,1,45531.3
attention,256,32,0,0,1,58.208
attention,256,32,1,16,1,58.113
attention,256,32,1,32,1,58.432
attention,256,32,1,64,1,57.888
attention,256,32,1,128,1,57.888
attention,256,32,1,256,1,58.143
attention,256,32,1,512,1,86.496
attention,256,32,1,1024,1,146.879
attention,256,32,1,2048,1,267.232
attention,256,32,1,4096,1,508.96
attention,256,32,1,8192,1,991.235
attention,256,32,1,16384,1,1951.52
attention,256,32,2,16,1,57.984
attention,256,32,2,32,1,57.984
attention,256,32,2,64,1,57.92
attention,256,32,2,128,1,58.113
attention,256,32,2,256,1,57.985
attention,256,32,2,512,1,86.624
attention,256,32,2,1024,1,146.849
attention,256,32,2,2048,1,268.065
attention,256,32,2,4096,1,510.368
attention,256,32,2,8192,1,995.906
attention,256,32,2,16384,1,1963.17
attention,256,32,4,16,1,58.88
attention,256,32,4,32,1,58.657
attention,256,32,4,64,1,59.072
attention,256,32,4,128,1,58.881
attention,256,32,4,256,1,59.008
attention,256,32,4,512,1,86.88
attention,256,32,4,1024,1,146.881
attention,256,32,4,2048,1,268.704
attention,256,32,4,4096,1,511.392
attention,256,32,4,8192,1,997.984
attention,256,32,4,16384,1,1966.08
attention,256,32,8,16,1,62.304
attention,256,32,8,32,1,62.943
attention,256,32,8,64,1,62.114
attention,256,32,8,128,1,62.623
attention,256,32,8,256,1,61.92
attention,256,32,8,512,1,90.753
attention,256,32,8,1024,1,151.809
attention,256,32,8,2048,1,272.832
attention,256,32,8,4096,1,515.618
attention,256,32,8,8192,1,999.842
attention,256,32,8,16384,1,1968.61
attention,256,32,16,16,1,77.344
attention,256,32,16,32,1,78.208
attention,256,32,16,64,1,85.825
attention,256,32,16,128,1,91.808
attention,256,32,16,256,1,105.889
attention,256,32,16,512,1,164.962
attention,256,32,16,1024,1,288.705
attention,256,32,16,2048,1,534.754
attention,256,32,16,4096,1,1022.18
attention,256,32,16,8192,1,2003.52
attention,256,32,16,16384,1,3958.31
attention,256,32,32,16,1,96.832
attention,256,32,32,32,1,97.632
attention,256,32,32,64,1,110.272
attention,256,32,32,128,1,125.088
attention,256,32,32,256,1,155.68
attention,256,32,32,512,1,245.697
attention,256,32,32,1024,1,429.089
attention,256,32,32,2048,1,795.616
attention,256,32,32,4096,1,1536.61
attention,256,32,32,8192,1,3004.68
attention,256,32,32,16384,1,5932.78
attention,256,32,64,16,1,135.489
attention,256,32,64,32,1,136.224
attention,256,32,64,64,1,165.344
attention,256,32,64,128,1,197.889
attention,256,32,64,256,1,266.048
attention,256,32,64,512,1,432.674
attention,256,32,64,1024,1,769.92
attention,256,32,64,2048,1,1451.08
attention,256,32,64,4096,1,2837.41
attention,256,32,64,8192,1,5478.73
attention,256,32,64,16384,1,10707.5
attention,256,32,128,16,1,214.369
attention,256,32,128,32,1,218.305
attention,256,32,128,64,1,281.984
attention,256,32,128,128,1,368.672
attention,256,32,128,256,1,534.688
attention,256,32,128,512,1,900.576
attention,256,32,128,1024,1,1695.55
attention,256,32,128,2048,1,4722.63
attention,256,32,128,4096,1,9225.36
attention,256,32,128,8192,1,22599.1
attention,256,32,128,16384,1,45804.4
attention,256,64,0,0,1,59.105
attention,256,64,1,16,1,58.366
attention,256,64,1,32,1,58.465
attention,256,64,1,64,1,58.56
attention,256,64,1,128,1,58.4
attention,256,64,1,256,1,58.337
attention,256,64,1,512,1,87.008
attention,256,64,1,1024,1,146.848
attention,256,64,1,2048,1,267.934
attention,256,64,1,4096,1,508.993
attention,256,64,1,8192,1,989.698
attention,256,64,1,16384,1,1958.4
attention,256,64,2,16,1,59.007
attention,256,64,2,32,1,58.624
attention,256,64,2,64,1,58.657
attention,256,64,2,128,1,58.975
attention,256,64,2,256,1,58.75
attention,256,64,2,512,1,86.783
attention,256,64,2,1024,1,146.944
attention,256,64,2,2048,1,268.609
attention,256,64,2,4096,1,510.016
attention,256,64,2,8192,1,992.642
attention,256,64,2,16384,1,1957.6
attention,256,64,4,16,1,59.551
attention,256,64,4,32,1,59.743
attention,256,64,4,64,1,59.871
attention,256,64,4,128,1,59.841
attention,256,64,4,256,1,59.392
attention,256,64,4,512,1,87.199
attention,256,64,4,1024,1,147.201
attention,256,64,4,2048,1,269.183
attention,256,64,4,4096,1,509.633
attention,256,64,4,8192,1,992.321
attention,256,64,4,16384,1,1956.13
attention,256,64,8,16,1,63.104
attention,256,64,8,32,1,62.754
attention,256,64,8,64,1,62.337
attention,256,64,8,128,1,62.976
attention,256,64,8,256,1,63.521
attention,256,64,8,512,1,90.752
attention,256,64,8,1024,1,151.871
attention,256,64,8,2048,1,271.713
attention,256,64,8,4096,1,516.927
attention,256,64,8,8192,1,1001.09
attention,256,64,8,16384,1,1976.36
attention,256,64,16,16,1,78.432
attention,256,64,16,32,1,79.777
attention,256,64,16,64,1,86.048
attention,256,64,16,128,1,92.16
attention,256,64,16,256,1,107.456
attention,256,64,16,512,1,164.993
attention,256,64,16,1024,1,288.704
attention,256,64,16,2048,1,532.161
attention,256,64,16,4096,1,1021.76
attention,256,64,16,8192,1,2003.17
attention,256,64,16,16384,1,3954.95
attention,256,64,32,16,1,97.313
attention,256,64,32,32,1,97.505
attention,256,64,32,64,1,111.937
attention,256,64,32,128,1,126.753
attention,256,64,32,256,1,155.968
attention,256,64,32,512,1,245.088
attention,256,64,32,1024,1,428.769
attention,256,64,32,2048,1,795.969
attention,256,64,32,4096,1,1535.75
attention,256,64,32,8192,1,3007.94
attention,256,64,32,16384,1,5929.8
attention,256,64,64,16,1,135.905
attention,256,64,64,32,1,136.639
attention,256,64,64,64,1,166.112
attention,256,64,64,128,1,198.625
attention,256,64,64,256,1,268.193
attention,256,64,64,512,1,432.576
attention,256,64,64,1024,1,771.137
attention,256,64,64,2048,1,1454.18
attention,256,64,64,4096,1,2838.79
attention,256,64,64,8192,1,5481.42
attention,256,64,64,16384,1,10711.2
attention,256,64,128,16,1,216.351
attention,256,64,128,32,1,218.656
attention,256,64,128,64,1,283.328
attention,256,64,128,128,1,369.283
attention,256,64,128,256,1,535.842
attention,256,64,128,512,1,896.77
attention,256,64,128,1024,1,1693.7
attention,256,64,128,2048,1,4721.67
attention,256,64,128,4096,1,9224.91
attention,256,64,128,8192,1,22778.2
attention,256,64,128,16384,1,46253.8
attention,256,128,0,0,1,66.689
attention,256,128,1,16,1,65.855
attention,256,128,1,32,1,66.145
attention,256,128,1,64,1,65.857
attention,256,128,1,128,1,66.015
attention,256,128,1,256,1,66.366
attention,256,128,1,512,1,86.592
attention,256,128,1,1024,1,147.711
attention,256,128,1,2048,1,268.929
attention,256,128,1,4096,1,509.057
attention,256,128,1,8192,1,989.441
attention,256,128,1,16384,1,1965.03
attention,256,128,2,16,1,66.048
attention,256,128,2,32,1,66.432
attention,256,128,2,64,1,66.464
attention,256,128,2,128,1,66.4
attention,256,128,2,256,1,66.144
attention,256,128,2,512,1,86.561
attention,256,128,2,1024,1,147.199
attention,256,128,2,2048,1,268.673
attention,256,128,2,4096,1,509.088
attention,256,128,2,8192,1,990.593
attention,256,128,2,16384,1,1952.93
attention,256,128,4,16,1,66.656
attention,256,128,4,32,1,66.815
attention,256,128,4,64,1,67.008
attention,256,128,4,128,1,67.039
attention,256,128,4,256,1,67.169
attention,256,128,4,512,1,87.04
attention,256,128,4,1024,1,147.681
attention,256,128,4,2048,1,268.129
attention,256,128,4,4096,1,509.857
attention,256,128,4,8192,1,995.746
attention,256,128,4,16384,1,1961.99
attention,256,128,8,16,1,70.721
attention,256,128,8,32,1,70.015
attention,256,128,8,64,1,71.648
attention,256,128,8,128,1,70.304
attention,256,128,8,256,1,70.56
attention,256,128,8,512,1,90.622
attention,256,128,8,1024,1,152.416
attention,256,128,8,2048,1,272.544
attention,256,128,8,4096,1,514.114
attention,256,128,8,8192,1,1000.64
attention,256,128,8,16384,1,1968.16
attention,256,128,16,16,1,86.464
attention,256,128,16,32,1,85.952
attention,256,128,16,64,1,93.088
attention,256,128,16,128,1,100.928
attention,256,128,16,256,1,115.52
attention,256,128,16,512,1,165.791
attention,256,128,16,1024,1,288.993
attention,256,128,16,2048,1,533.761
attention,256,128,16,4096,1,1018.34
attention,256,128,16,8192,1,1996.83
attention,256,128,16,16384,1,3954.22
attention,256,128,32,16,1,104.637
attention,256,128,32,32,1,106.304
attention,256,128,32,64,1,120.96
attention,256,128,32,128,1,136
attention,256,128,32,256,1,165.025
attention,256,128,32,512,1,245.889
attention,256,128,32,1024,1,429.058
attention,256,128,32,2048,1,797.09
attention,256,128,32,4096,1,1538.27
attention,256,128,32,8192,1,3008.84
attention,256,128,32,16384,1,5926.95
attention,256,128,64,16,1,144.609
attention,256,128,64,32,1,146.656
attention,256,128,64,64,1,174.976
attention,256,128,64,128,1,207.33
attention,256,128,64,256,1,276.482
attention,256,128,64,512,1,434.211
attention,256,128,64,1024,1,769.282
attention,256,128,64,2048,1,1451.59
attention,256,128,64,4096,1,2837.99
attention,256,128,64,8192,1,5475.18
attention,256,128,64,16384,1,10708.9
attention,256,128,128,16,1,223.904
attention,256,128,128,32,1,226.336
attention,256,128,128,64,1,291.614
attention,256,128,128,128,1,377.633
attention,256,128,128,256,1,548.256
attention,256,128,128,512,1,900.705
attention,256,128,128,1024,1,1692.16
attention,256,128,128,2048,1,4727.4
attention,256,128,128,4096,1,9228.4
attention,256,128,128,8192,1,23215.3
attention,256,128,128,16384,1,46723.9
attention,256,256,0,0,1,82.048
attention,256,256,1,16,1,81.377
attention,256,256,1,32,1,81.472
attention,256,256,1,64,1,81.217
attention,256,256,1,128,1,81.023
attention,256,256,1,256,1,81.471
attention,256,256,1,512,1,86.399
attention,256,256,1,1024,1,147.362
attention,256,256,1,2048,1,268.609
attention,256,256,1,4096,1,509.058
attention,256,256,1,8192,1,992.992
attention,256,256,1,16384,1,1957.86
attention,256,256,2,16,1,81.313
attention,256,256,2,32,1,81.824
attention,256,256,2,64,1,81.025
attention,256,256,2,128,1,81.345
attention,256,256,2,256,1,81.727
attention,256,256,2,512,1,86.882
attention,256,256,2,1024,1,147.265
attention,256,256,2,2048,1,266.912
attention,256,256,2,4096,1,508.32
attention,256,256,2,8192,1,992.034
attention,256,256,2,16384,1,1962.85
attention,256,256,4,16,1,82.08
attention,256,256,4,32,1,82.24
attention,256,256,4,64,1,82.176
attention,256,256,4,128,1,81.792
attention,256,256,4,256,1,82.687
attention,256,256,4,512,1,87.009
attention,256,256,4,1024,1,147.583
attention,256,256,4,2048,1,268.766
attention,256,256,4,4096,1,509.891
attention,256,256,4,8192,1,991.489
attention,256,256,4,16384,1,1956.1
attention,256,256,8,16,1,85.858
attention,256,256,8,32,1,85.248
attention,256,256,8,64,1,85.632
attention,256,256,8,128,1,86.336
attention,256,256,8,256,1,86.463
attention,256,256,8,512,1,90.465
attention,256,256,8,1024,1,151.841
attention,256,256,8,2048,1,274.333
attention,256,256,8,4096,1,517.57
attention,256,256,8,8192,1,1000.99
attention,256,256,8,16384,1,1974.37
attention,256,256,16,16,1,101.502
attention,256,256,16,32,1,101.442
attention,256,256,16,64,1,108.319
attention,256,256,16,128,1,116.641
attention,256,256,16,256,1,132.767
attention,256,256,16,512,1,166.05
attention,256,256,16,1024,1,289.184
attention,256,256,16,2048,1,531.906
attention,256,256,16,4096,1,1019.07
attention,256,256,16,8192,1,2004.61
attention,256,256,16,16384,1,3948.81
attention,256,256,32,16,1,121.183
attention,256,256,32,32,1,121.216
attention,256,256,32,64,1,136.098
attention,256,256,32,128,1,151.424
attention,256,256,32,256,1,181.568
attention,256,256,32,512,1,247.49
attention,256,256,32,1024,1,429.984
attention,256,256,32,2048,1,797.28
attention,256,256,32,4096,1,1536.26
attention,256,256,32,8192,1,3005.48
attention,256,256,32,16384,1,5926.37
attention,256,256,64,16,1,161.153
attention,256,256,64,32,1,162.527
attention,256,256,64,64,1,192.158
attention,256,256,64,128,1,224.288
attention,256,256,64,256,1,293.792
attention,256,256,64,512,1,436.192
attention,256,256,64,1024,1,771.266
attention,256,256,64,2048,1,1451.68
attention,256,256,64,4096,1,2842.92
attention,256,256,64,8192,1,5479.21
attention,256,256,64,16384,1,10715.7
attention,256,256,128,16,1,242.303
attention,256,256,128,32,1,245.087
attention,256,256,128,64,1,309.729
attention,256,256,128,128,1,395.104
attention,256,256,128,256,1,567.233
attention,256,256,128,512,1,904.961
attention,256,256,128,1024,1,1700.96
attention,256,256,128,2048,1,4731.05
attention,256,256,128,4096,1,9232.08
attention,256,256,128,8192,1,21406.9
attention,256,256,128,16384,1,47168.3
attention,256,512,0,0,1,111.808
attention,256,512,1,16,1,111.744
attention,256,512,1,32,1,111.807
attention,256,512,1,64,1,111.968
attention,256,512,1,128,1,111.68
attention,256,512,1,256,1,111.68
attention,256,512,1,512,1,111.425
attention,256,512,1,1024,1,146.783
attention,256,512,1,2048,1,267.904
attention,256,512,1,4096,1,507.458
attention,256,512,1,8192,1,990.625
attention,256,512,1,16384,1,1957
attention,256,512,2,16,1,112.257
attention,256,512,2,32,1,111.904
attention,256,512,2,64,1,111.425
attention,256,512,2,128,1,111.904
attention,256,512,2,256,1,111.936
attention,256,512,2,512,1,111.903
attention,256,512,2,1024,1,147.713
attention,256,512,2,2048,1,269.249
attention,256,512,2,4096,1,510.528
attention,256,512,2,8192,1,991.746
attention,256,512,2,16384,1,1957.7
attention,256,512,4,16,1,113.024
attention,256,512,4,32,1,112.576
attention,256,512,4,64,1,112.415
attention,256,512,4,128,1,112.385
attention,256,512,4,256,1,112.864
attention,256,512,4,512,1,112.927
attention,256,512,4,1024,1,147.201
attention,256,512,4,2048,1,269.217
attention,256,512,4,4096,1,510.017
attention,256,512,4,8192,1,992.897
attention,256,512,4,16384,1,1954.02
attention,256,512,8,16,1,116.288
attention,256,512,8,32,1,116.194
attention,256,512,8,64,1,115.36
attention,256,512,8,128,1,116.128
attention,256,512,8,256,1,116.319
attention,256,512,8,512,1,116.832
attention,256,512,8,1024,1,152.671
attention,256,512,8,2048,1,274.337
attention,256,512,8,4096,1,517.536
attention,256,512,8,8192,1,1004.38
attention,256,512,8,16384,1,1971.62
attention,256,512,16,16,1,130.816
attention,256,512,16,32,1,132.32
attention,256,512,16,64,1,138.976
attention,256,512,16,128,1,146.911
attention,256,512,16,256,1,163.391
attention,256,512,16,512,1,195.488
attention,256,512,16,1024,1,289.888
attention,256,512,16,2048,1,534.4
attention,256,512,16,4096,1,1019.23
attention,256,512,16,8192,1,2003.81
attention,256,512,16,16384,1,3952.84
attention,256,512,32,16,1,150.784
attention,256,512,32,32,1,151.102
attention,256,512,32,64,1,165.92
attention,256,512,32,128,1,183.04
attention,256,512,32,256,1,213.6
attention,256,512,32,512,1,276.033
attention,256,512,32,1024,1,431.425
attention,256,512,32,2048,1,797.92
attention,256,512,32,4096,1,1536.23
attention,256,512,32,8192,1,3007.94
attention,256,512,32,16384,1,5928.71
attention,256,512,64,16,1,193.44
attention,256,512,64,32,1,194.464
attention,256,512,64,64,1,225.857
attention,256,512,64,128,1,258.208
attention,256,512,64,256,1,326.816
attention,256,512,64,512,1,466.752
attention,256,512,64,1024,1,773.088
attention,256,512,64,2048,1,1456.23
attention,256,512,64,4096,1,2846.37
attention,256,512,64,8192,1,5481.09
attention,256,512,64,16384,1,10719.7
attention,256,512,128,16,1,275.168
attention,256,512,128,32,1,279.81
attention,256,512,128,64,1,344.961
attention,256,512,128,128,1,430.208
attention,256,512,128,256,1,602.498
attention,256,512,128,512,1,939.488
attention,256,512,128,1024,1,1703.2
attention,256,512,128,2048,1,4740.07
attention,256,512,128,4096,1,9245.32
attention,256,512,128,8192,1,21812.4
attention,256,512,128,16384,1,45900
attention,256,1024,0,0,1,172.286
attention,256,1024,1,16,1,172.032
attention,256,1024,1,32,1,171.808
attention,256,1024,1,64,1,172.674
attention,256,1024,1,128,1,171.777
attention,256,1024,1,256,1,172.383
attention,256,1024,1,512,1,172.224
attention,256,1024,1,1024,1,172.765
attention,256,1024,1,2048,1,268.288
attention,256,1024,1,4096,1,507.712
attention,256,1024,1,8192,1,989.665
attention,256,1024,1,16384,1,1952.16
attention,256,1024,2,16,1,172.447
attention,256,1024,2,32,1,172.994
attention,256,1024,2,64,1,172.672
attention,256,1024,2,128,1,172.511
attention,256,1024,2,256,1,172.161
attention,256,1024,2,512,1,173.12
attention,256,1024,2,1024,1,173.602
attention,256,1024,2,2048,1,269.376
attention,256,1024,2,4096,1,507.938
attention,256,1024,2,8192,1,996.994
attention,256,1024,2,16384,1,1958.11
attention,256,1024,4,16,1,172.417
attention,256,1024,4,32,1,172.45
attention,256,1024,4,64,1,173.535
attention,256,1024,4,128,1,173.376
attention,256,1024,4,256,1,172.705
attention,256,1024,4,512,1,173.888
attention,256,1024,4,1024,1,173.954
attention,256,1024,4,2048,1,268.992
attention,256,1024,4,4096,1,509.282
attention,256,1024,4,8192,1,992.961
attention,256,1024,4,16384,1,1961.16
attention,256,1024,8,16,1,176.257
attention,256,1024,8,32,1,176.448
attention,256,1024,8,64,1,176.096
attention,256,1024,8,128,1,176.992
attention,256,1024,8,256,1,176.929
attention,256,1024,8,512,1,178.496
attention,256,1024,8,1024,1,178.624
attention,256,1024,8,2048,1,274.656
attention,256,1024,8,4096,1,518.274
attention,256,1024,8,8192,1,1002.18
attention,256,1024,8,16384,1,1980.9
attention,256,1024,16,16,1,191.616
attention,256,1024,16,32,1,192.353
attention,256,1024,16,64,1,199.105
attention,256,1024,16,128,1,208.16
attention,256,1024,16,256,1,222.785
attention,256,1024,16,512,1,255.139
attention,256,1024,16,1024,1,319.265
attention,256,1024,16,2048,1,535.872
attention,256,1024,16,4096,1,1018.94
attention,256,1024,16,8192,1,2002.47
attention,256,1024,16,16384,1,3959.55
attention,256,1024,32,16,1,211.393
attention,256,1024,32,32,1,212.447
attention,256,1024,32,64,1,226.336
attention,256,1024,32,128,1,243.267
attention,256,1024,32,256,1,275.36
attention,256,1024,32,512,1,337.922
attention,256,1024,32,1024,1,459.583
attention,256,1024,32,2048,1,797.663
attention,256,1024,32,4096,1,1534.21
attention,256,1024,32,8192,1,3004.51
attention,256,1024,32,16384,1,5929.38
attention,256,1024,64,16,1,252.703
attention,256,1024,64,32,1,255.681
attention,256,1024,64,64,1,288.608
attention,256,1024,64,128,1,322.721
attention,256,1024,64,256,1,389.312
attention,256,1024,64,512,1,529.314
attention,256,1024,64,1024,1,808.064
attention,256,1024,64,2048,1,1466.4
attention,256,1024,64,4096,1,2908.71
attention,256,1024,64,8192,1,5504.01
attention,256,1024,64,16384,1,10725.6
attention,256,1024,128,16,1,341.953
attention,256,1024,128,32,1,344.803
attention,256,1024,128,64,1,411.265
attention,256,1024,128,128,1,497.602
attention,256,1024,128,256,1,667.746
attention,256,1024,128,512,1,1004.04
attention,256,1024,128,1024,1,1814.34
attention,256,1024,128,2048,1,4971.43
attention,256,1024,128,4096,1,10048.7
attention,256,1024,128,8192,1,21940.1
attention,256,1024,128,16384,1,48501.1
attention,256,2048,0,0,1,293.824
attention,256,2048,1,16,1,293.855
attention,256,2048,1,32,1,292.799
attention,256,2048,1,64,1,293.856
attention,256,2048,1,128,1,292.865
attention,256,2048,1,256,1,292.8
attention,256,2048,1,512,1,292.897
attention,256,2048,1,1024,1,292.576
attention,256,2048,1,2048,1,291.808
attention,256,2048,1,4096,1,507.778
attention,256,2048,1,8192,1,995.811
attention,256,2048,1,16384,1,1958.79
attention,256,2048,2,16,1,293.184
attention,256,2048,2,32,1,293.472
attention,256,2048,2,64,1,295.424
attention,256,2048,2,128,1,293.537
attention,256,2048,2,256,1,292
attention,256,2048,2,512,1,294.688
attention,256,2048,2,1024,1,293.665
attention,256,2048,2,2048,1,294.274
attention,256,2048,2,4096,1,510.497
attention,256,2048,2,8192,1,993.345
attention,256,2048,2,16384,1,1953.5
attention,256,2048,4,16,1,293.152
attention,256,2048,4,32,1,293.28
attention,256,2048,4,64,1,293.856
attention,256,2048,4,128,1,293.92
attention,256,2048,4,256,1,295.203
attention,256,2048,4,512,1,294.4
attention,256,2048,4,1024,1,293.153
attention,256,2048,4,2048,1,295.009
attention,256,2048,4,4096,1,510.88
attention,256,2048,4,8192,1,994.914
attention,256,2048,4,16384,1,1962.79
attention,256,2048,8,16,1,296.959
attention,256,2048,8,32,1,296.96
attention,256,2048,8,64,1,298.048
attention,256,2048,8,128,1,298.784
attention,256,2048,8,256,1,298.272
attention,256,2048,8,512,1,298.4
attention,256,2048,8,1024,1,299.328
attention,256,2048,8,2048,1,301.087
attention,256,2048,8,4096,1,518.752
attention,256,2048,8,8192,1,1001.73
attention,256,2048,8,16384,1,1979.94
attention,256,2048,16,16,1,312.063
attention,256,2048,16,32,1,312.992
attention,256,2048,16,64,1,319.776
attention,256,2048,16,128,1,327.168
attention,256,2048,16,256,1,344.992
attention,256,2048,16,512,1,377.184
attention,256,2048,16,1024,1,440.481
attention,256,2048,16,2048,1,565.346
attention,256,2048,16,4096,1,1022.18
attention,256,2048,16,8192,1,2004.32
attention,256,2048,16,16384,1,3964.84
attention,256,2048,32,16,1,332.641
attention,256,2048,32,32,1,332.287
attention,256,2048,32,64,1,347.873
attention,256,2048,32,128,1,363.518
attention,256,2048,32,256,1,397.344
attention,256,2048,32,512,1,459.841
attention,256,2048,32,1024,1,581.761
attention,256,2048,32,2048,1,828.449
attention,256,2048,32,4096,1,1545.89
attention,256,2048,32,8192,1,3097.73
attention,256,2048,32,16384,1,6194.54
attention,256,2048,64,16,1,375.233
attention,256,2048,64,32,1,376.288
attention,256,2048,64,64,1,409.345
attention,256,2048,64,128,1,443.584
attention,256,2048,64,256,1,515.554
attention,256,2048,64,512,1,656.8
attention,256,2048,64,1024,1,931.81
attention,256,2048,64,2048,1,1579.3
attention,256,2048,64,4096,1,3390.47
attention,256,2048,64,8192,1,6348.33
attention,256,2048,64,16384,1,14046.9
attention,256,2048,128,16,1,460.319
attention,256,2048,128,32,1,465.632
attention,256,2048,128,64,1,538.975
attention,256,2048,128,128,1,630.431
attention,256,2048,128,256,1,799.424
attention,256,2048,128,512,1,1123.71
attention,256,2048,128,1024,1,1988.77
attention,256,2048,128,2048,1,4941.61
attention,256,2048,128,4096,1,10604
attention,256,2048,128,8192,1,23666.1
attention,256,2048,128,16384,1,47514.6
attention,256,4096,0,0,1,535.425
attention,256,4096,1,16,1,533.279
attention,256,4096,1,32,1,534.528
attention,256,4096,1,64,1,534.753
attention,256,4096,1,128,1,534.752
attention,256,4096,1,256,1,535.808
attention,256,4096,1,512,1,532.352
attention,256,4096,1,1024,1,535.969
attention,256,4096,1,2048,1,536.191
attention,256,4096,1,4096,1,532.128
attention,256,4096,1,8192,1,996.256
attention,256,4096,1,16384,1,1963.9
attention,256,4096,2,16,1,534.495
attention,256,4096,2,32,1,535.841
attention,256,4096,2,64,1,535.55
attention,256,4096,2,128,1,537.983
attention,256,4096,2,256,1,537.472
attention,256,4096,2,512,1,535.041
attention,256,4096,2,1024,1,536.898
attention,256,4096,2,2048,1,535.105
attention,256,4096,2,4096,1,536.64
attention,256,4096,2,8192,1,994.497
attention,256,4096,2,16384,1,1964.9
attention,256,4096,4,16,1,537.567
attention,256,4096,4,32,1,534.497
attention,256,4096,4,64,1,536.32
attention,256,4096,4,128,1,535.105
attention,256,4096,4,256,1,536.576
attention,256,4096,4,512,1,536.194
attention,256,4096,4,1024,1,534.145
attention,256,4096,4,2048,1,536.384
attention,256,4096,4,4096,1,537.25
attention,256,4096,4,8192,1,993.059
attention,256,4096,4,16384,1,1962.75
attention,256,4096,8,16,1,538.208
attention,256,4096,8,32,1,539.873
attention,256,4096,8,64,1,539.2
attention,256,4096,8,128,1,536.351
attention,256,4096,8,256,1,538.945
attention,256,4096,8,512,1,539.52
attention,256,4096,8,1024,1,540.867
attention,256,4096,8,2048,1,543.585
attention,256,4096,8,4096,1,542.977
attention,256,4096,8,8192,1,1006.62
attention,256,4096,8,16384,1,1982.02
attention,256,4096,16,16,1,554.626
attention,256,4096,16,32,1,554.85
attention,256,4096,16,64,1,559.777
attention,256,4096,16,128,1,567.585
attention,256,4096,16,256,1,584.16
attention,256,4096,16,512,1,617.536
attention,256,4096,16,1024,1,683.007
attention,256,4096,16,2048,1,807.489
attention,256,4096,16,4096,1,1050.37
attention,256,4096,16,8192,1,2003.59
attention,256,4096,16,16384,1,3952.93
attention,256,4096,32,16,1,573.696
attention,256,4096,32,32,1,573.89
attention,256,4096,32,64,1,588.93
attention,256,4096,32,128,1,607.904
attention,256,4096,32,256,1,637.536
attention,256,4096,32,512,1,701.472
attention,256,4096,32,1024,1,824.289
attention,256,4096,32,2048,1,1069.44
attention,256,4096,32,4096,1,1577.83
attention,256,4096,32,8192,1,3087.17
attention,256,4096,32,16384,1,6188.45
attention,256,4096,64,16,1,614.048
attention,256,4096,64,32,1,619.33
attention,256,4096,64,64,1,650.975
attention,256,4096,64,128,1,683.297
attention,256,4096,64,256,1,756.065
attention,256,4096,64,512,1,900.544
attention,256,4096,64,1024,1,1182.14
attention,256,4096,64,2048,1,1871.01
attention,256,4096,64,4096,1,3067.11
attention,256,4096,64,8192,1,6819.37
attention,256,4096,64,16384,1,13895.2
attention,256,4096,128,16,1,705.345
attention,256,4096,128,32,1,706.081
attention,256,4096,128,64,1,778.627
attention,256,4096,128,128,1,872.448
attention,256,4096,128,256,1,1059.17
attention,256,4096,128,512,1,1399.84
attention,256,4096,128,1024,1,2250.85
attention,256,4096,128,2048,1,5425.32
attention,256,4096,128,4096,1,10213.1
attention,256,4096,128,8192,1,22892.6
attention,256,4096,128,16384,1,46773.1
attention,256,8192,0,0,1,1016
attention,256,8192,1,16,1,1018.43
attention,256,8192,1,32,1,1017.41
attention,256,8192,1,64,1,1022.72
attention,256,8192,1,128,1,1017.57
attention,256,8192,1,256,1,1021.73
attention,256,8192,1,512,1,1022.05
attention,256,8192,1,1024,1,1016
attention,256,8192,1,2048,1,1020
attention,256,8192,1,4096,1,1023.2
attention,256,8192,1,8192,1,1017.54
attention,256,8192,1,16384,1,1958.69
attention,256,8192,2,16,1,1019.14
attention,256,8192,2,32,1,1021.99
attention,256,8192,2,64,1,1019.91
attention,256,8192,2,128,1,1021.92
attention,256,8192,2,256,1,1017.47
attention,256,8192,2,512,1,1018.82
attention,256,8192,2,1024,1,1021.5
attention,256,8192,2,2048,1,1017.22
attention,256,8192,2,4096,1,1022.15
attention,256,8192,2,8192,1,1020.71
attention,256,8192,2,16384,1,1953.89
attention,256,8192,4,16,1,1021.99
attention,256,8192,4,32,1,1019.68
attention,256,8192,4,64,1,1019.91
attention,256,8192,4,128,1,1021.92
attention,256,8192,4,256,1,1020.29
attention,256,8192,4,512,1,1020.13
attention,256,8192,4,1024,1,1014.34
attention,256,8192,4,2048,1,1020.93
attention,256,8192,4,4096,1,1016.39
attention,256,8192,4,8192,1,1019.91
attention,256,8192,4,16384,1,1965.96
attention,256,8192,8,16,1,1028.58
attention,256,8192,8,32,1,1025.35
attention,256,8192,8,64,1,1025.95
attention,256,8192,8,128,1,1021.66
attention,256,8192,8,256,1,1026.08
attention,256,8192,8,512,1,1021.15
attention,256,8192,8,1024,1,1024.39
attention,256,8192,8,2048,1,1024.74
attention,256,8192,8,4096,1,1027.17
attention,256,8192,8,8192,1,1028.9
attention,256,8192,8,16384,1,1983.84
attention,256,8192,16,16,1,1038.37
attention,256,8192,16,32,1,1043.68
attention,256,8192,16,64,1,1046.11
attention,256,8192,16,128,1,1052.48
attention,256,8192,16,256,1,1067.81
attention,256,8192,16,512,1,1099.97
attention,256,8192,16,1024,1,1168.42
attention,256,8192,16,2048,1,1292.9
attention,256,8192,16,4096,1,1536.35
attention,256,8192,16,8192,1,2035.04
attention,256,8192,16,16384,1,3958.92
attention,256,8192,32,16,1,1055.58
attention,256,8192,32,32,1,1055.71
attention,256,8192,32,64,1,1070.72
attention,256,8192,32,128,1,1087.33
attention,256,8192,32,256,1,1122.18
attention,256,8192,32,512,1,1192.07
attention,256,8192,32,1024,1,1306.66
attention,256,8192,32,2048,1,1560.23
attention,256,8192,32,4096,1,2061.83
attention,256,8192,32,8192,1,3045.32
attention,256,8192,32,16384,1,6077.51
attention,256,8192,64,16,1,1098.88
attention,256,8192,64,32,1,1099.2
attention,256,8192,64,64,1,1134.34
attention,256,8192,64,128,1,1172.23
attention,256,8192,64,256,1,1236.26
attention,256,8192,64,512,1,1383.68
attention,256,8192,64,1024,1,1667.11
attention,256,8192,64,2048,1,2376.16
attention,256,8192,64,4096,1,3688.71
attention,256,8192,64,8192,1,5922.89
attention,256,8192,64,16384,1,13566
attention,256,8192,128,16,1,1186.69
attention,256,8192,128,32,1,1190.21
attention,256,8192,128,64,1,1258.5
attention,256,8192,128,128,1,1358.18
attention,256,8192,128,256,1,1540.39
attention,256,8192,128,512,1,1907.81
attention,256,8192,128,1024,1,2859.59
attention,256,8192,128,2048,1,5959.49
attention,256,8192,128,4096,1,10621.1
attention,256,8192,128,8192,1,21788.1
attention,256,8192,128,16384,1,46492.4
attention,256,16384,0,0,1,1978.88
attention,256,16384,1,16,1,1990.05
attention,256,16384,1,32,1,1991.49
attention,256,16384,1,64,1,1985.79
attention,256,16384,1,128,1,1990.76
attention,256,16384,1,256,1,1981.83
attention,256,16384,1,512,1,1985.12
attention,256,16384,1,1024,1,1987.65
attention,256,16384,1,2048,1,1993.09
attention,256,16384,1,4096,1,1987.62
attention,256,16384,1,8192,1,1983.88
attention,256,16384,1,16384,1,1993.28
attention,256,16384,2,16,1,1985.09
attention,256,16384,2,32,1,1989.6
attention,256,16384,2,64,1,1987.94
attention,256,16384,2,128,1,1978.56
attention,256,16384,2,256,1,1985.12
attention,256,16384,2,512,1,1983.52
attention,256,16384,2,1024,1,1984.26
attention,256,16384,2,2048,1,1986.79
attention,256,16384,2,4096,1,1980.61
attention,256,16384,2,8192,1,1985.41
attention,256,16384,2,16384,1,1981.51
attention,256,16384,4,16,1,1992.64
attention,256,16384,4,32,1,1984.87
attention,256,16384,4,64,1,1994.91
attention,256,16384,4,128,1,1987.01
attention,256,16384,4,256,1,1985.48
attention,256,16384,4,512,1,1988.96
attention,256,16384,4,1024,1,1990.79
attention,256,16384,4,2048,1,1987.49
attention,256,16384,4,4096,1,1989.57
attention,256,16384,4,8192,1,1997.12
attention,256,16384,4,16384,1,1984.04
attention,256,16384,8,16,1,1991.36
attention,256,16384,8,32,1,1995.49
attention,256,16384,8,64,1,1997.41
attention,256,16384,8,128,1,1995.65
attention,256,16384,8,256,1,2000.39
attention,256,16384,8,512,1,1989.47
attention,256,16384,8,1024,1,1990.95
attention,256,16384,8,2048,1,1991.88
attention,256,16384,8,4096,1,1990.63
attention,256,16384,8,8192,1,1994.43
attention,256,16384,8,16384,1,2012
attention,256,16384,16,16,1,1999.49
attention,256,16384,16,32,1,2009.44
attention,256,16384,16,64,1,2012.42
attention,256,16384,16,128,1,2021.22
attention,256,16384,16,256,1,2031.94
attention,256,16384,16,512,1,2080.42
attention,256,16384,16,1024,1,2138.63
attention,256,16384,16,2048,1,2263.59
attention,256,16384,16,4096,1,2505.57
attention,256,16384,16,8192,1,2998.95
attention,256,16384,16,16384,1,3978.79
attention,256,16384,32,16,1,2031.39
attention,256,16384,32,32,1,2026.24
attention,256,16384,32,64,1,2028
attention,256,16384,32,128,1,2054.34
attention,256,16384,32,256,1,2094.79
attention,256,16384,32,512,1,2151.88
attention,256,16384,32,1024,1,2272.58
attention,256,16384,32,2048,1,2531.78
attention,256,16384,32,4096,1,3039.69
attention,256,16384,32,8192,1,4022.12
attention,256,16384,32,16384,1,5993.41
attention,256,16384,64,16,1,2069.12
attention,256,16384,64,32,1,2070.31
attention,256,16384,64,64,1,2091.07
attention,256,16384,64,128,1,2137.79
attention,256,16384,64,256,1,2208.71
attention,256,16384,64,512,1,2343.91
attention,256,16384,64,1024,1,2640.9
attention,256,16384,64,2048,1,3339.62
attention,256,16384,64,4096,1,4705.48
attention,256,16384,64,8192,1,7144.39
attention,256,16384,64,16384,1,11604.7
attention,256,16384,128,16,1,2160.99
attention,256,16384,128,32,1,2153.16
attention,256,16384,128,64,1,2223.07
attention,256,16384,128,128,1,2329.19
attention,256,16384,128,256,1,2507.4
attention,256,16384,128,512,1,2873.61
attention,256,16384,128,1024,1,3859.62
attention,256,16384,128,2048,1,7265.03
attention,256,16384,128,4096,1,12171.8
attention,256,16384,128,8192,1,23096.8
attention,256,16384,128,16384,1,46787.7
attention,512,0,0,0,1,85.153
attention,512,0,1,16,1,86.432
attention,512,0,1,32,1,86.272
attention,512,0,1,64,1,86.85
attention,512,0,1,128,1,86.689
attention,512,0,1,256,1,85.632
attention,512,0,1,512,1,90.56
attention,512,0,1,1024,1,150.689
attention,512,0,1,2048,1,272.32
attention,512,0,1,4096,1,515.33
attention,512,0,1,8192,1,1001.67
attention,512,0,1,16384,1,1970.85
attention,512,0,2,16,1,88.639
attention,512,0,2,32,1,88.511
attention,512,0,2,64,1,88.513
attention,512,0,2,128,1,87.937
attention,512,0,2,256,1,88.193
attention,512,0,2,512,1,93.44
attention,512,0,2,1024,1,153.119
attention,512,0,2,2048,1,275.614
attention,512,0,2,4096,1,517.761
attention,512,0,2,8192,1,997.122
attention,512,0,2,16384,1,1967.56
attention,512,0,4,16,1,90.239
attention,512,0,4,32,1,90.208
attention,512,0,4,64,1,90.881
attention,512,0,4,128,1,90.721
attention,512,0,4,256,1,90.719
attention,512,0,4,512,1,96.607
attention,512,0,4,1024,1,156.864
attention,512,0,4,2048,1,279.231
attention,512,0,4,4096,1,518.817
attention,512,0,4,8192,1,1007.56
attention,512,0,4,16384,1,1969.32
attention,512,0,8,16,1,103.521
attention,512,0,8,32,1,104.352
attention,512,0,8,64,1,108.351
attention,512,0,8,128,1,110.88
attention,512,0,8,256,1,111.68
attention,512,0,8,512,1,110.594
attention,512,0,8,1024,1,170.175
attention,512,0,8,2048,1,292.321
attention,512,0,8,4096,1,532.514
attention,512,0,8,8192,1,1022.11
attention,512,0,8,16384,1,1995.11
attention,512,0,16,16,1,116.223
attention,512,0,16,32,1,117.025
attention,512,0,16,64,1,122.784
attention,512,0,16,128,1,129.728
attention,512,0,16,256,1,143.168
attention,512,0,16,512,1,178.527
attention,512,0,16,1024,1,302.562
attention,512,0,16,2048,1,541.601
attention,512,0,16,4096,1,1034.02
attention,512,0,16,8192,1,2015.24
attention,512,0,16,16384,1,3976.04
attention,512,0,32,16,1,144.736
attention,512,0,32,32,1,143.999
attention,512,0,32,64,1,160.513
attention,512,0,32,128,1,174.047
attention,512,0,32,256,1,200.159
attention,512,0,32,512,1,264.926
attention,512,0,32,1024,1,445.058
attention,512,0,32,2048,1,809.986
attention,512,0,32,4096,1,1554.28
attention,512,0,32,8192,1,3023.3
attention,512,0,32,16384,1,5950.12
attention,512,0,64,16,1,194.656
attention,512,0,64,32,1,196.095
attention,512,0,64,64,1,225.92
attention,512,0,64,128,1,262.079
attention,512,0,64,256,1,326.785
attention,512,0,64,512,1,464.287
attention,512,0,64,1024,1,816.161
attention,512,0,64,2048,1,1501.12
attention,512,0,64,4096,1,2893.16
attention,512,0,64,8192,1,5534.7
attention,512,0,64,16384,1,10768.7
attention,512,0,128,16,1,291.263
attention,512,0,128,32,1,293.057
attention,512,0,128,64,1,359.008
attention,512,0,128,128,1,443.296
attention,512,0,128,256,1,597.217
attention,512,0,128,512,1,931.106
attention,512,0,128,1024,1,1719.36
attention,512,0,128,2048,1,4748.71
attention,512,0,128,4096,1,9249.33
attention,512,0,128,8192,1,23043.8
attention,512,0,128,16384,1,47614.3
attention,512,16,0,0,1,92.097
attention,512,16,1,16,1,93.088
attention,512,16,1,32,1,93.216
attention,512,16,1,64,1,93.824
attention,512,16,1,128,1,93.25
attention,512,16,1,256,1,93.344
attention,512,16,1,512,1,93.152
attention,512,16,1,1024,1,151.168
attention,512,16,1,2048,1,274.305
attention,512,16,1,4096,1,515.552
attention,512,16,1,8192,1,999.072
attention,512,16,1,16384,1,1959.39
attention,512,16,2,16,1,95.616
attention,512,16,2,32,1,94.752
attention,512,16,2,64,1,94.978
attention,512,16,2,128,1,95.424
attention,512,16,2,256,1,94.942
attention,512,16,2,512,1,95.136
attention,512,16,2,1024,1,153.12
attention,512,16,2,2048,1,273.632
attention,512,16,2,4096,1,517.634
attention,512,16,2,8192,1,1002.12
attention,512,16,2,16384,1,1965.03
attention,512,16,4,16,1,97.824
attention,512,16,4,32,1,96.64
attention,512,16,4,64,1,96.959
attention,512,16,4,128,1,97.566
attention,512,16,4,256,1,98.111
attention,512,16,4,512,1,98.754
attention,512,16,4,1024,1,156.415
attention,512,16,4,2048,1,278.368
attention,512,16,4,4096,1,517.857
attention,512,16,4,8192,1,1008
attention,512,16,4,16384,1,1967.39
attention,512,16,8,16,1,111.298
attention,512,16,8,32,1,111.713
attention,512,16,8,64,1,119.136
attention,512,16,8,128,1,124.192
attention,512,16,8,256,1,128.033
attention,512,16,8,512,1,127.679
attention,512,16,8,1024,1,170.849
attention,512,16,8,2048,1,293.312
attention,512,16,8,4096,1,534.369
attention,512,16,8,8192,1,1022.66
attention,512,16,8,16384,1,1992.9
attention,512,16,16,16,1,123.36
attention,512,16,16,32,1,124.193
attention,512,16,16,64,1,130.112
attention,512,16,16,128,1,138.271
attention,512,16,16,256,1,151.2
attention,512,16,16,512,1,181.728
attention,512,16,16,1024,1,301.728
attention,512,16,16,2048,1,541.952
attention,512,16,16,4096,1,1031.9
attention,512,16,16,8192,1,2012.96
attention,512,16,16,16384,1,3981.86
attention,512,16,32,16,1,151.616
attention,512,16,32,32,1,152.448
attention,512,16,32,64,1,168.417
attention,512,16,32,128,1,182.464
attention,512,16,32,256,1,209.76
attention,512,16,32,512,1,268.672
attention,512,16,32,1024,1,447.298
attention,512,16,32,2048,1,811.361
attention,512,16,32,4096,1,1551.71
attention,512,16,32,8192,1,3033.12
attention,512,16,32,16384,1,5953.93
attention,512,16,64,16,1,203.168
attention,512,16,64,32,1,205.314
attention,512,16,64,64,1,235.839
attention,512,16,64,128,1,270.752
attention,512,16,64,256,1,335.201
attention,512,16,64,512,1,470.178
attention,512,16,64,1024,1,817.953
attention,512,16,64,2048,1,1502.37
attention,512,16,64,4096,1,2892
attention,512,16,64,8192,1,5535.46
attention,512,16,64,16384,1,10770
attention,512,16,128,16,1,302.111
attention,512,16,128,32,1,303.488
attention,512,16,128,64,1,366.626
attention,512,16,128,128,1,452.961
attention,512,16,128,256,1,607.746
attention,512,16,128,512,1,935.584
attention,512,16,128,1024,1,1717.16
attention,512,16,128,2048,1,4754.38
attention,512,16,128,4096,1,9249.61
attention,512,16,128,8192,1,22908.1
attention,512,16,128,16384,1,47099
attention,512,32,0,0,1,92.224
attention,512,32,1,16,1,93.535
attention,512,32,1,32,1,93.666
attention,512,32,1,64,1,93.503
attention,512,32,1,128,1,93.663
attention,512,32,1,256,1,93.343
attention,512,32,1,512,1,93.376
attention,512,32,1,1024,1,151.168
attention,512,32,1,2048,1,271.2
attention,512,32,1,4096,1,514.016
attention,512,32,1,8192,1,998.817
attention,512,32,1,16384,1,1963.39
attention,512,32,2,16,1,95.649
attention,512,32,2,32,1,94.72
attention,512,32,2,64,1,95.264
attention,512,32,2,128,1,95.552
attention,512,32,2,256,1,95.36
attention,512,32,2,512,1,95.199
attention,512,32,2,1024,1,153.185
attention,512,32,2,2048,1,273.889
attention,512,32,2,4096,1,517.664
attention,512,32,2,8192,1,1001.31
attention,512,32,2,16384,1,1968.74
attention,512,32,4,16,1,97.762
attention,512,32,4,32,1,97.664
attention,512,32,4,64,1,97.76
attention,512,32,4,128,1,97.57
attention,512,32,4,256,1,97.345
attention,512,32,4,512,1,96.543
attention,512,32,4,1024,1,156.16
attention,512,32,4,2048,1,278.817
attention,512,32,4,4096,1,521.281
attention,512,32,4,8192,1,1003.11
attention,512,32,4,16384,1,1972.61
attention,512,32,8,16,1,111.297
attention,512,32,8,32,1,111.968
attention,512,32,8,64,1,119.712
attention,512,32,8,128,1,124.064
attention,512,32,8,256,1,128.257
attention,512,32,8,512,1,129.12
attention,512,32,8,1024,1,171.232
attention,512,32,8,2048,1,291.905
attention,512,32,8,4096,1,534.85
attention,512,32,8,8192,1,1023.36
attention,512,32,8,16384,1,1992.61
attention,512,32,16,16,1,123.008
attention,512,32,16,32,1,124.864
attention,512,32,16,64,1,130.303
attention,512,32,16,128,1,137.344
attention,512,32,16,256,1,151.52
attention,512,32,16,512,1,182.337
attention,512,32,16,1024,1,301.695
attention,512,32,16,2048,1,543.297
attention,512,32,16,4096,1,1030.53
attention,512,32,16,8192,1,2018.56
attention,512,32,16,16384,1,3966.98
attention,512,32,32,16,1,152.993
attention,512,32,32,32,1,152.737
attention,512,32,32,64,1,168.224
attention,512,32,32,128,1,184.256
attention,512,32,32,256,1,210.497
attention,512,32,32,512,1,267.872
attention,512,32,32,1024,1,446.368
attention,512,32,32,2048,1,811.777
attention,512,32,32,4096,1,1551.17
attention,512,32,32,8192,1,3029.6
attention,512,32,32,16384,1,5952.45
attention,512,32,64,16,1,204.288
attention,512,32,64,32,1,204.481
attention,512,32,64,64,1,235.233
attention,512,32,64,128,1,270.657
attention,512,32,64,256,1,334.976
attention,512,32,64,512,1,469.858
attention,512,32,64,1024,1,816.546
attention,512,32,64,2048,1,1502.28
attention,512,32,64,4096,1,2891.33
attention,512,32,64,8192,1,5535.37
attention,512,32,64,16384,1,10772.5
attention,512,32,128,16,1,300.831
attention,512,32,128,32,1,304.705
attention,512,32,128,64,1,369.378
attention,512,32,128,128,1,452.577
attention,512,32,128,256,1,611.072
attention,512,32,128,512,1,937.058
attention,512,32,128,1024,1,1719.01
attention,512,32,128,2048,1,4749.76
attention,512,32,128,4096,1,9250.22
attention,512,32,128,8192,1,22229.2
attention,512,32,128,16384,1,46204.9
attention,512,64,0,0,1,92.416
attention,512,64,1,16,1,94.143
attention,512,64,1,32,1,94.432
attention,512,64,1,64,1,93.28
attention,512,64,1,128,1,93.92
attention,512,64,1,256,1,94.209
attention,512,64,1,512,1,94.015
attention,512,64,1,1024,1,151.52
attention,512,64,1,2048,1,272.671
attention,512,64,1,4096,1,514.177
attention,512,64,1,8192,1,1000
attention,512,64,1,16384,1,1968.1
attention,512,64,2,16,1,95.904
attention,512,64,2,32,1,95.711
attention,512,64,2,64,1,95.97
attention,512,64,2,128,1,96.384
attention,512,64,2,256,1,96.192
attention,512,64,2,512,1,96.192
attention,512,64,2,1024,1,153.441
attention,512,64,2,2048,1,273.857
attention,512,64,2,4096,1,516.641
attention,512,64,2,8192,1,1005.09
attention,512,64,2,16384,1,1975.97
attention,512,64,4,16,1,98.56
attention,512,64,4,32,1,98.656
attention,512,64,4,64,1,97.632
attention,512,64,4,128,1,98.24
attention,512,64,4,256,1,98.302
attention,512,64,4,512,1,97.857
attention,512,64,4,1024,1,156.032
attention,512,64,4,2048,1,277.761
attention,512,64,4,4096,1,521.312
attention,512,64,4,8192,1,1005.6
attention,512,64,4,16384,1,1982.69
attention,512,64,8,16,1,111.841
attention,512,64,8,32,1,112.64
attention,512,64,8,64,1,119.424
attention,512,64,8,128,1,124.544
attention,512,64,8,256,1,128.352
attention,512,64,8,512,1,130.336
attention,512,64,8,1024,1,171.425
attention,512,64,8,2048,1,292.862
attention,512,64,8,4096,1,534.178
attention,512,64,8,8192,1,1023.43
attention,512,64,8,16384,1,1997.28
attention,512,64,16,16,1,125.024
attention,512,64,16,32,1,124.192
attention,512,64,16,64,1,131.711
attention,512,64,16,128,1,138.945
attention,512,64,16,256,1,152.287
attention,512,64,16,512,1,182.465
attention,512,64,16,1024,1,301.281
attention,512,64,16,2048,1,544.381
attention,512,64,16,4096,1,1031.52
attention,512,64,16,8192,1,2014.66
attention,512,64,16,16384,1,3967.56
attention,512,64,32,16,1,153.151
attention,512,64,32,32,1,153.473
attention,512,64,32,64,1,169.824
attention,512,64,32,128,1,183.327
attention,512,64,32,256,1,209.824
attention,512,64,32,512,1,268.928
attention,512,64,32,1024,1,447.33
attention,512,64,32,2048,1,813.025
attention,512,64,32,4096,1,1551.74
attention,512,64,32,8192,1,3025.51
attention,512,64,32,16384,1,5953.93
attention,512,64,64,16,1,204.418
attention,512,64,64,32,1,205.888
attention,512,64,64,64,1,236.289
attention,512,64,64,128,1,271.903
attention,512,64,64,256,1,337.473
attention,512,64,64,512,1,469.536
attention,512,64,64,1024,1,817.857
attention,512,64,64,2048,1,1502.34
attention,512,64,64,4096,1,2888.9
attention,512,64,64,8192,1,5533.64
attention,512,64,64,16384,1,10771
attention,512,64,128,16,1,301.313
attention,512,64,128,32,1,305.44
attention,512,64,128,64,1,371.169
attention,512,64,128,128,1,451.2
attention,512,64,128,256,1,610.947
attention,512,64,128,512,1,936.931
attention,512,64,128,1024,1,1722.75
attention,512,64,128,2048,1,4752.84
attention,512,64,128,4096,1,9255.92
attention,512,64,128,8192,1,21316.9
attention,512,64,128,16384,1,47730.4
attention,512,128,0,0,1,100.288
attention,512,128,1,16,1,101.056
attention,512,128,1,32,1,101.696
attention,512,128,1,64,1,101.79
attention,512,128,1,128,1,101.985
attention,512,128,1,256,1,101.504
attention,512,128,1,512,1,101.12
attention,512,128,1,1024,1,151.009
attention,512,128,1,2048,1,272.832
attention,512,128,1,4096,1,515.873
attention,512,128,1,8192,1,997.697
attention,512,128,1,16384,1,1964.96
attention,512,128,2,16,1,103.679
attention,512,128,2,32,1,103.968
attention,512,128,2,64,1,104.159
attention,512,128,2,128,1,103.616
attention,512,128,2,256,1,103.455
attention,512,128,2,512,1,103.585
attention,512,128,2,1024,1,153.15
attention,512,128,2,2048,1,275.203
attention,512,128,2,4096,1,517.983
attention,512,128,2,8192,1,1002.53
attention,512,128,2,16384,1,1970.53
attention,512,128,4,16,1,105.825
attention,512,128,4,32,1,105.761
attention,512,128,4,64,1,105.247
attention,512,128,4,128,1,106.177
attention,512,128,4,256,1,106.72
attention,512,128,4,512,1,106.272
attention,512,128,4,1024,1,157.087
attention,512,128,4,2048,1,277.408
attention,512,128,4,4096,1,520.93
attention,512,128,4,8192,1,1004.51
attention,512,128,4,16384,1,1976.1
attention,512,128,8,16,1,120.095
attention,512,128,8,32,1,120.384
attention,512,128,8,64,1,128.225
attention,512,128,8,128,1,135.938
attention,512,128,8,256,1,143.393
attention,512,128,8,512,1,145.471
attention,512,128,8,1024,1,171.52
attention,512,128,8,2048,1,292.962
attention,512,128,8,4096,1,534.945
attention,512,128,8,8192,1,1022.59
attention,512,128,8,16384,1,2004
attention,512,128,16,16,1,132.513
attention,512,128,16,32,1,132.959
attention,512,128,16,64,1,140.93
attention,512,128,16,128,1,148.416
attention,512,128,16,256,1,160.609
attention,512,128,16,512,1,191.841
attention,512,128,16,1024,1,301.057
attention,512,128,16,2048,1,543.521
attention,512,128,16,4096,1,1032.96
attention,512,128,16,8192,1,2013.79
attention,512,128,16,16384,1,3968.42
attention,512,128,32,16,1,160.736
attention,512,128,32,32,1,161.888
attention,512,128,32,64,1,179.2
attention,512,128,32,128,1,193.28
attention,512,128,32,256,1,219.904
attention,512,128,32,512,1,278.112
attention,512,128,32,1024,1,448.512
attention,512,128,32,2048,1,811.426
attention,512,128,32,4096,1,1555.65
attention,512,128,32,8192,1,3026.21
attention,512,128,32,16384,1,5958.57
attention,512,128,64,16,1,214.592
attention,512,128,64,32,1,215.422
attention,512,128,64,64,1,246.787
attention,512,128,64,128,1,281.888
attention,512,128,64,256,1,347.743
attention,512,128,64,512,1,479.97
attention,512,128,64,1024,1,820.897
attention,512,128,64,2048,1,1504.42
attention,512,128,64,4096,1,2890.12
attention,512,128,64,8192,1,5532.71
attention,512,128,64,16384,1,10768.6
attention,512,128,128,16,1,311.424
attention,512,128,128,32,1,313.696
attention,512,128,128,64,1,379.999
attention,512,128,128,128,1,464.672
attention,512,128,128,256,1,620.897
attention,512,128,128,512,1,948.898
attention,512,128,128,1024,1,1721.22
attention,512,128,128,2048,1,4752.87
attention,512,128,128,4096,1,9252.4
attention,512,128,128,8192,1,20958.7
attention,512,128,128,16384,1,46701.9
attention,512,256,0,0,1,115.551
attention,512,256,1,16,1,116.32
attention,512,256,1,32,1,116.641
attention,512,256,1,64,1,116.641
attention,512,256,1,128,1,116.961
attention,512,256,1,256,1,116.641
attention,512,256,1,512,1,116.897
attention,512,256,1,1024,1,151.936
attention,512,256,1,2048,1,272.704
attention,512,256,1,4096,1,516.578
attention,512,256,1,8192,1,1002.43
attention,512,256,1,16384,1,1962.4
attention,512,256,2,16,1,119.199
attention,512,256,2,32,1,119.232
attention,512,256,2,64,1,118.561
attention,512,256,2,128,1,118.816
attention,512,256,2,256,1,118.56
attention,512,256,2,512,1,119.008
attention,512,256,2,1024,1,152.481
attention,512,256,2,2048,1,273.987
attention,512,256,2,4096,1,518.402
attention,512,256,2,8192,1,1000.13
attention,512,256,2,16384,1,1968.42
attention,512,256,4,16,1,121.055
attention,512,256,4,32,1,120.449
attention,512,256,4,64,1,120.863
attention,512,256,4,128,1,120.158
attention,512,256,4,256,1,121.503
attention,512,256,4,512,1,122.176
attention,512,256,4,1024,1,156.962
attention,512,256,4,2048,1,277.954
attention,512,256,4,4096,1,520.865
attention,512,256,4,8192,1,1007.52
attention,512,256,4,16384,1,1976.48
attention,512,256,8,16,1,135.074
attention,512,256,8,32,1,134.144
attention,512,256,8,64,1,141.696
attention,512,256,8,128,1,151.074
attention,512,256,8,256,1,165.696
attention,512,256,8,512,1,175.871
attention,512,256,8,1024,1,176.639
attention,512,256,8,2048,1,294.016
attention,512,256,8,4096,1,538.241
attention,512,256,8,8192,1,1021.83
attention,512,256,8,16384,1,2005.73
attention,512,256,16,16,1,147.137
attention,512,256,16,32,1,149.441
attention,512,256,16,64,1,155.68
attention,512,256,16,128,1,163.392
attention,512,256,16,256,1,179.233
attention,512,256,16,512,1,208
attention,512,256,16,1024,1,305.792
attention,512,256,16,2048,1,544
attention,512,256,16,4096,1,1031.43
attention,512,256,16,8192,1,2011.75
attention,512,256,16,16384,1,3973.92
attention,512,256,32,16,1,176.866
attention,512,256,32,32,1,179.073
attention,512,256,32,64,1,197.664
attention,512,256,32,128,1,215.553
attention,512,256,32,256,1,240.576
attention,512,256,32,512,1,296.896
attention,512,256,32,1024,1,450.912
attention,512,256,32,2048,1,812.737
attention,512,256,32,4096,1,1553.06
attention,512,256,32,8192,1,3026.66
attention,512,256,32,16384,1,5957.13
attention,512,256,64,16,1,232.385
attention,512,256,64,32,1,236.098
attention,512,256,64,64,1,268.352
attention,512,256,64,128,1,303.871
attention,512,256,64,256,1,372.353
attention,512,256,64,512,1,501.504
attention,512,256,64,1024,1,820.833
attention,512,256,64,2048,1,1505.32
attention,512,256,64,4096,1,2899.04
attention,512,256,64,8192,1,5531.62
attention,512,256,64,16384,1,10768.3
attention,512,256,128,16,1,334.176
attention,512,256,128,32,1,335.583
attention,512,256,128,64,1,401.087
attention,512,256,128,128,1,485.025
attention,512,256,128,256,1,644.352
attention,512,256,128,512,1,972.29
attention,512,256,128,1024,1,1729.22
attention,512,256,128,2048,1,4762.18
attention,512,256,128,4096,1,9257.84
attention,512,256,128,8192,1,22423.2
attention,512,256,128,16384,1,46348.5
attention,512,512,0,0,1,145.953
attention,512,512,1,16,1,147.777
attention,512,512,1,32,1,147.489
attention,512,512,1,64,1,147.263
attention,512,512,1,128,1,146.975
attention,512,512,1,256,1,147.008
attention,512,512,1,512,1,148.064
attention,512,512,1,1024,1,151.617
attention,512,512,1,2048,1,274.24
attention,512,512,1,4096,1,516.767
attention,512,512,1,8192,1,999.17
attention,512,512,1,16384,1,1972.58
attention,512,512,2,16,1,149.728
attention,512,512,2,32,1,149.472
attention,512,512,2,64,1,149.313
attention,512,512,2,128,1,149.889
attention,512,512,2,256,1,150.367
attention,512,512,2,512,1,149.855
attention,512,512,2,1024,1,153.92
attention,512,512,2,2048,1,276.065
attention,512,512,2,4096,1,514.657
attention,512,512,2,8192,1,999.169
attention,512,512,2,16384,1,1970.85
attention,512,512,4,16,1,152.064
attention,512,512,4,32,1,150.4
attention,512,512,4,64,1,151.104
attention,512,512,4,128,1,151.904
attention,512,512,4,256,1,151.649
attention,512,512,4,512,1,152.831
attention,512,512,4,1024,1,157.824
attention,512,512,4,2048,1,279.232
attention,512,512,4,4096,1,522.945
attention,512,512,4,8192,1,1005.67
attention,512,512,4,16384,1,1980.74
attention,512,512,8,16,1,164.8
attention,512,512,8,32,1,164.865
attention,512,512,8,64,1,173.664
attention,512,512,8,128,1,182.688
attention,512,512,8,256,1,197.409
attention,512,512,8,512,1,229.791
attention,512,512,8,1024,1,238.081
attention,512,512,8,2048,1,295.361
attention,512,512,8,4096,1,536.673
attention,512,512,8,8192,1,1025.35
attention,512,512,8,16384,1,1999.49
attention,512,512,16,16,1,177.441
attention,512,512,16,32,1,178.623
attention,512,512,16,64,1,185.856
attention,512,512,16,128,1,194.753
attention,512,512,16,256,1,211.137
attention,512,512,16,512,1,245.375
attention,512,512,16,1024,1,304.96
attention,512,512,16,2048,1,548.994
attention,512,512,16,4096,1,1029.38
attention,512,512,16,8192,1,2017.31
attention,512,512,16,16384,1,3970.21
attention,512,512,32,16,1,208.546
attention,512,512,32,32,1,208.768
attention,512,512,32,64,1,232.001
attention,512,512,32,128,1,252.288
attention,512,512,32,256,1,279.328
attention,512,512,32,512,1,334.88
attention,512,512,32,1024,1,450.114
attention,512,512,32,2048,1,812.736
attention,512,512,32,4096,1,1551.14
attention,512,512,32,8192,1,3033.28
attention,512,512,32,16384,1,5957.99
attention,512,512,64,16,1,269.664
attention,512,512,64,32,1,270.687
attention,512,512,64,64,1,305.632
attention,512,512,64,128,1,341.631
attention,512,512,64,256,1,412.8
attention,512,512,64,512,1,543.905
attention,512,512,64,1024,1,828.929
attention,512,512,64,2048,1,1511.58
attention,512,512,64,4096,1,2921.03
attention,512,512,64,8192,1,5549.77
attention,512,512,64,16384,1,10779.9
attention,512,512,128,16,1,373.826
attention,512,512,128,32,1,376.385
attention,512,512,128,64,1,442.017
attention,512,512,128,128,1,527.041
attention,512,512,128,256,1,685.507
attention,512,512,128,512,1,1013.22
attention,512,512,128,1024,1,1794.63
attention,512,512,128,2048,1,4778.53
attention,512,512,128,4096,1,9768.84
attention,512,512,128,8192,1,21021.1
attention,512,512,128,16384,1,47166.1
attention,512,1024,0,0,1,207.039
attention,512,1024,1,16,1,208.641
attention,512,1024,1,32,1,207.619
attention,512,1024,1,64,1,208.608
attention,512,1024,1,128,1,208.738
attention,512,1024,1,256,1,208.16
attention,512,1024,1,512,1,208.223
attention,512,1024,1,1024,1,208.544
attention,512,1024,1,2048,1,272.384
attention,512,1024,1,4096,1,513.442
attention,512,1024,1,8192,1,997.92
attention,512,1024,1,16384,1,1971.97
attention,512,1024,2,16,1,208.865
attention,512,1024,2,32,1,209.889
attention,512,1024,2,64,1,210.369
attention,512,1024,2,128,1,211.745
attention,512,1024,2,256,1,211.107
attention,512,1024,2,512,1,209.825
attention,512,1024,2,1024,1,209.696
attention,512,1024,2,2048,1,276.736
attention,512,1024,2,4096,1,516.575
attention,512,1024,2,8192,1,1003.23
attention,512,1024,2,16384,1,1968.8
attention,512,1024,4,16,1,212.384
attention,512,1024,4,32,1,213.76
attention,512,1024,4,64,1,211.745
attention,512,1024,4,128,1,213.378
attention,512,1024,4,256,1,212.992
attention,512,1024,4,512,1,213.09
attention,512,1024,4,1024,1,213.728
attention,512,1024,4,2048,1,280.288
attention,512,1024,4,4096,1,521.312
attention,512,1024,4,8192,1,1010.12
attention,512,1024,4,16384,1,1978.4
attention,512,1024,8,16,1,225.984
attention,512,1024,8,32,1,225.856
attention,512,1024,8,64,1,232.45
attention,512,1024,8,128,1,242.049
attention,512,1024,8,256,1,257.632
attention,512,1024,8,512,1,289.569
attention,512,1024,8,1024,1,351.649
attention,512,1024,8,2048,1,359.649
attention,512,1024,8,4096,1,539.426
attention,512,1024,8,8192,1,1026.98
attention,512,1024,8,16384,1,1996.83
attention,512,1024,16,16,1,238.337
attention,512,1024,16,32,1,240.063
attention,512,1024,16,64,1,246.464
attention,512,1024,16,128,1,254.817
attention,512,1024,16,256,1,273.378
attention,512,1024,16,512,1,308.8
attention,512,1024,16,1024,1,370.017
attention,512,1024,16,2048,1,549.408
attention,512,1024,16,4096,1,1035.1
attention,512,1024,16,8192,1,2018.66
attention,512,1024,16,16384,1,3963.85
attention,512,1024,32,16,1,268.255
attention,512,1024,32,32,1,271.104
attention,512,1024,32,64,1,291.52
attention,512,1024,32,128,1,313.025
attention,512,1024,32,256,1,360.607
attention,512,1024,32,512,1,403.809
attention,512,1024,32,1024,1,519.232
attention,512,1024,32,2048,1,819.426
attention,512,1024,32,4096,1,1558.63
attention,512,1024,32,8192,1,3042.57
attention,512,1024,32,16384,1,5974.18
attention,512,1024,64,16,1,332.992
attention,512,1024,64,32,1,334.177
attention,512,1024,64,64,1,376.289
attention,512,1024,64,128,1,417.79
attention,512,1024,64,256,1,493.186
attention,512,1024,64,512,1,628.319
attention,512,1024,64,1024,1,902.37
attention,512,1024,64,2048,1,1585.38
attention,512,1024,64,4096,1,3307.17
attention,512,1024,64,8192,1,5689.71
attention,512,1024,64,16384,1,10824
attention,512,1024,128,16,1,448.959
attention,512,1024,128,32,1,450.432
attention,512,1024,128,64,1,520.897
attention,512,1024,128,128,1,607.361
attention,512,1024,128,256,1,761.025
attention,512,1024,128,512,1,1091.23
attention,512,1024,128,1024,1,1919.52
attention,512,1024,128,2048,1,5501.38
attention,512,1024,128,4096,1,11300.1
attention,512,1024,128,8192,1,22195.5
attention,512,1024,128,16384,1,49394.1
attention,512,2048,0,0,1,329.313
attention,512,2048,1,16,1,330.592
attention,512,2048,1,32,1,329.921
attention,512,2048,1,64,1,330.144
attention,512,2048,1,128,1,330.881
attention,512,2048,1,256,1,331.2
attention,512,2048,1,512,1,329.952
attention,512,2048,1,1024,1,330.848
attention,512,2048,1,2048,1,330.752
attention,512,2048,1,4096,1,516.161
attention,512,2048,1,8192,1,1002.37
attention,512,2048,1,16384,1,1968.83
attention,512,2048,2,16,1,330.977
attention,512,2048,2,32,1,330.465
attention,512,2048,2,64,1,331.424
attention,512,2048,2,128,1,331.648
attention,512,2048,2,256,1,332.704
attention,512,2048,2,512,1,331.36
attention,512,2048,2,1024,1,331.041
attention,512,2048,2,2048,1,332.129
attention,512,2048,2,4096,1,520.676
attention,512,2048,2,8192,1,1004.58
attention,512,2048,2,16384,1,1971.14
attention,512,2048,4,16,1,334.369
attention,512,2048,4,32,1,333.695
attention,512,2048,4,64,1,333.857
attention,512,2048,4,128,1,334.401
attention,512,2048,4,256,1,333.954
attention,512,2048,4,512,1,335.97
attention,512,2048,4,1024,1,336.705
attention,512,2048,4,2048,1,336.799
attention,512,2048,4,4096,1,522.977
attention,512,2048,4,8192,1,1010.59
attention,512,2048,4,16384,1,1980.52
attention,512,2048,8,16,1,347.2
attention,512,2048,8,32,1,346.656
attention,512,2048,8,64,1,356.929
attention,512,2048,8,128,1,364.32
attention,512,2048,8,256,1,380.001
attention,512,2048,8,512,1,411.297
attention,512,2048,8,1024,1,475.138
attention,512,2048,8,2048,1,597.537
attention,512,2048,8,4096,1,606.304
attention,512,2048,8,8192,1,1026.79
attention,512,2048,8,16384,1,2008.9
attention,512,2048,16,16,1,359.778
attention,512,2048,16,32,1,361.473
attention,512,2048,16,64,1,368.257
attention,512,2048,16,128,1,376.513
attention,512,2048,16,256,1,393.856
attention,512,2048,16,512,1,427.841
attention,512,2048,16,1024,1,492.96
attention,512,2048,16,2048,1,617.826
attention,512,2048,16,4096,1,1037.6
attention,512,2048,16,8192,1,2020.9
attention,512,2048,16,16384,1,4019.14
attention,512,2048,32,16,1,390.592
attention,512,2048,32,32,1,390.754
attention,512,2048,32,64,1,413.25
attention,512,2048,32,128,1,434.817
attention,512,2048,32,256,1,482.851
attention,512,2048,32,512,1,574.561
attention,512,2048,32,1024,1,649.858
attention,512,2048,32,2048,1,892.642
attention,512,2048,32,4096,1,1635.72
attention,512,2048,32,8192,1,3380.26
attention,512,2048,32,16384,1,6821.67
attention,512,2048,64,16,1,453.569
attention,512,2048,64,32,1,454.211
attention,512,2048,64,64,1,498.048
attention,512,2048,64,128,1,546.049
attention,512,2048,64,256,1,639.778
attention,512,2048,64,512,1,788.897
attention,512,2048,64,1024,1,1050.85
attention,512,2048,64,2048,1,1757.44
attention,512,2048,64,4096,1,4013.61
attention,512,2048,64,8192,1,8042.06
attention,512,2048,64,16384,1,17674.6
attention,512,2048,128,16,1,579.361
attention,512,2048,128,32,1,581.568
attention,512,2048,128,64,1,669.569
attention,512,2048,128,128,1,756.451
attention,512,2048,128,256,1,921.345
attention,512,2048,128,512,1,1248.35
attention,512,2048,128,1024,1,2113.19
attention,512,2048,128,2048,1,5213.22
attention,512,2048,128,4096,1,11706.1
attention,512,2048,128,8192,1,24013.6
attention,512,2048,128,16384,1,48474.8
attention,512,4096,0,0,1,570.146
attention,512,4096,1,16,1,574.465
attention,512,4096,1,32,1,575.937
attention,512,4096,1,64,1,576.13
attention,512,4096,1,128,1,576.962
attention,512,4096,1,256,1,575.233
attention,512,4096,1,512,1,571.392
attention,512,4096,1,1024,1,572.258
attention,512,4096,1,2048,1,575.328
attention,512,4096,1,4096,1,576.802
attention,512,4096,1,8192,1,1003.55
attention,512,4096,1,16384,1,1969.25
attention,512,4096,2,16,1,575.681
attention,512,4096,2,32,1,573.825
attention,512,4096,2,64,1,575.106
attention,512,4096,2,128,1,574.464
attention,512,4096,2,256,1,572.127
attention,512,4096,2,512,1,574.56
attention,512,4096,2,1024,1,575.073
attention,512,4096,2,2048,1,573.6
attention,512,4096,2,4096,1,575.103
attention,512,4096,2,8192,1,1005.03
attention,512,4096,2,16384,1,1980.19
attention,512,4096,4,16,1,575.841
attention,512,4096,4,32,1,574.112
attention,512,4096,4,64,1,578.784
attention,512,4096,4,128,1,576.223
attention,512,4096,4,256,1,577.506
attention,512,4096,4,512,1,578.369
attention,512,4096,4,1024,1,577.378
attention,512,4096,4,2048,1,580.385
attention,512,4096,4,4096,1,580.769
attention,512,4096,4,8192,1,1006.82
attention,512,4096,4,16384,1,1975.33
attention,512,4096,8,16,1,588.353
attention,512,4096,8,32,1,590.211
attention,512,4096,8,64,1,600.097
attention,512,4096,8,128,1,607.969
attention,512,4096,8,256,1,623.425
attention,512,4096,8,512,1,655.138
attention,512,4096,8,1024,1,718.274
attention,512,4096,8,2048,1,840.833
attention,512,4096,8,4096,1,1084.03
attention,512,4096,8,8192,1,1093.15
attention,512,4096,8,16384,1,2007.11
attention,512,4096,16,16,1,606.08
attention,512,4096,16,32,1,601.057
attention,512,4096,16,64,1,612.897
attention,512,4096,16,128,1,620.992
attention,512,4096,16,256,1,635.137
attention,512,4096,16,512,1,670.562
attention,512,4096,16,1024,1,735.266
attention,512,4096,16,2048,1,859.266
attention,512,4096,16,4096,1,1105.76
attention,512,4096,16,8192,1,2024.07
attention,512,4096,16,16384,1,4033
attention,512,4096,32,16,1,634.209
attention,512,4096,32,32,1,635.36
attention,512,4096,32,64,1,655.106
attention,512,4096,32,128,1,677.503
attention,512,4096,32,256,1,725.024
attention,512,4096,32,512,1,819.359
attention,512,4096,32,1024,1,1000.61
attention,512,4096,32,2048,1,1142.59
attention,512,4096,32,4096,1,1675.74
attention,512,4096,32,8192,1,3328.39
attention,512,4096,32,16384,1,6785.35
attention,512,4096,64,16,1,695.107
attention,512,4096,64,32,1,699.105
attention,512,4096,64,64,1,740
attention,512,4096,64,128,1,785.666
attention,512,4096,64,256,1,887.201
attention,512,4096,64,512,1,1063.27
attention,512,4096,64,1024,1,1386.88
attention,512,4096,64,2048,1,2083.88
attention,512,4096,64,4096,1,3322.69
attention,512,4096,64,8192,1,7961.1
attention,512,4096,64,16384,1,17207.3
attention,512,4096,128,16,1,821.12
attention,512,4096,128,32,1,827.36
attention,512,4096,128,64,1,913.921
attention,512,4096,128,128,1,1017.57
attention,512,4096,128,256,1,1225.09
attention,512,4096,128,512,1,1574.79
attention,512,4096,128,1024,1,2416.99
attention,512,4096,128,2048,1,5741.51
attention,512,4096,128,4096,1,10529.9
attention,512,4096,128,8192,1,23750
attention,512,4096,128,16384,1,47996.4
attention,512,8192,0,0,1,1052.48
attention,512,8192,1,16,1,1058.43
attention,512,8192,1,32,1,1063.43
attention,512,8192,1,64,1,1055.07
attention,512,8192,1,128,1,1062.34
attention,512,8192,1,256,1,1061.28
attention,512,8192,1,512,1,1058.85
attention,512,8192,1,1024,1,1059.14
attention,512,8192,1,2048,1,1061.41
attention,512,8192,1,4096,1,1064.93
attention,512,8192,1,8192,1,1063.33
attention,512,8192,1,16384,1,1967.3
attention,512,8192,2,16,1,1065.76
attention,512,8192,2,32,1,1062.43
attention,512,8192,2,64,1,1060.07
attention,512,8192,2,128,1,1057.89
attention,512,8192,2,256,1,1063.26
attention,512,8192,2,512,1,1065.95
attention,512,8192,2,1024,1,1066.18
attention,512,8192,2,2048,1,1063.3
attention,512,8192,2,4096,1,1066.53
attention,512,8192,2,8192,1,1062.82
attention,512,8192,2,16384,1,1979.91
attention,512,8192,4,16,1,1064.54
attention,512,8192,4,32,1,1062.15
attention,512,8192,4,64,1,1058.24
attention,512,8192,4,128,1,1062.59
attention,512,8192,4,256,1,1062.88
attention,512,8192,4,512,1,1062.72
attention,512,8192,4,1024,1,1060.38
attention,512,8192,4,2048,1,1066.98
attention,512,8192,4,4096,1,1066.88
attention,512,8192,4,8192,1,1066.47
attention,512,8192,4,16384,1,1982.95
attention,512,8192,8,16,1,1076.1
attention,512,8192,8,32,1,1075.65
attention,512,8192,8,64,1,1084.74
attention,512,8192,8,128,1,1093.44
attention,512,8192,8,256,1,1108.22
attention,512,8192,8,512,1,1135.59
attention,512,8192,8,1024,1,1203.68
attention,512,8192,8,2048,1,1326.82
attention,512,8192,8,4096,1,1571.75
attention,512,8192,8,8192,1,2057.83
attention,512,8192,8,16384,1,2075.84
attention,512,8192,16,16,1,1090.44
attention,512,8192,16,32,1,1088.23
attention,512,8192,16,64,1,1097.86
attention,512,8192,16,128,1,1103.52
attention,512,8192,16,256,1,1125.41
attention,512,8192,16,512,1,1161.89
attention,512,8192,16,1024,1,1223.97
attention,512,8192,16,2048,1,1351.94
attention,512,8192,16,4096,1,1597.54
attention,512,8192,16,8192,1,2088.71
attention,512,8192,16,16384,1,3988.84
attention,512,8192,32,16,1,1124.61
attention,512,8192,32,32,1,1116.71
attention,512,8192,32,64,1,1141.67
attention,512,8192,32,128,1,1166.34
attention,512,8192,32,256,1,1210.98
attention,512,8192,32,512,1,1301.76
attention,512,8192,32,1024,1,1487.87
attention,512,8192,32,2048,1,1859.59
attention,512,8192,32,4096,1,2174.08
attention,512,8192,32,8192,1,3201.22
attention,512,8192,32,16384,1,6522.09
attention,512,8192,64,16,1,1179.33
attention,512,8192,64,32,1,1186.31
attention,512,8192,64,64,1,1230.28
attention,512,8192,64,128,1,1273.51
attention,512,8192,64,256,1,1370.56
attention,512,8192,64,512,1,1550.95
attention,512,8192,64,1024,1,1927.3
attention,512,8192,64,2048,1,2826.72
attention,512,8192,64,4096,1,3975.62
attention,512,8192,64,8192,1,6376.97
attention,512,8192,64,16384,1,16098
attention,512,8192,128,16,1,1305.95
attention,512,8192,128,32,1,1312.93
attention,512,8192,128,64,1,1405.41
attention,512,8192,128,128,1,1512.29
attention,512,8192,128,256,1,1716.1
attention,512,8192,128,512,1,2136.77
attention,512,8192,128,1024,1,3062.31
attention,512,8192,128,2048,1,6457.42
attention,512,8192,128,4096,1,11961.4
attention,512,8192,128,8192,1,22315.2
attention,512,8192,128,16384,1,48750.9
attention,512,16384,0,0,1,2026.12
attention,512,16384,1,16,1,2036.55
attention,512,16384,1,32,1,2036.16
attention,512,16384,1,64,1,2036.45
attention,512,16384,1,128,1,2035.11
attention,512,16384,1,256,1,2032.9
attention,512,16384,1,512,1,2029.44
attention,512,16384,1,1024,1,2033.28
attention,512,16384,1,2048,1,2034.76
attention,512,16384,1,4096,1,2031.24
attention,512,16384,1,8192,1,2030.6
attention,512,16384,1,16384,1,2032.52
attention,512,16384,2,16,1,2028.9
attention,512,16384,2,32,1,2029.16
attention,512,16384,2,64,1,2031.24
attention,512,16384,2,128,1,2038.5
attention,512,16384,2,256,1,2027.49
attention,512,16384,2,512,1,2042.92
attention,512,16384,2,1024,1,2038.76
attention,512,16384,2,2048,1,2035.11
attention,512,16384,2,4096,1,2025.12
attention,512,16384,2,8192,1,2033.32
attention,512,16384,2,16384,1,2029.16
attention,512,16384,4,16,1,2032.68
attention,512,16384,4,32,1,2035.55
attention,512,16384,4,64,1,2037.09
attention,512,16384,4,128,1,2029.83
attention,512,16384,4,256,1,2036.9
attention,512,16384,4,512,1,2031.78
attention,512,16384,4,1024,1,2041.41
attention,512,16384,4,2048,1,2028.87
attention,512,16384,4,4096,1,2038.28
attention,512,16384,4,8192,1,2041.19
attention,512,16384,4,16384,1,2044.13
attention,512,16384,8,16,1,2051.01
attention,512,16384,8,32,1,2041.41
attention,512,16384,8,64,1,2061.32
attention,512,16384,8,128,1,2064.07
attention,512,16384,8,256,1,2078.24
attention,512,16384,8,512,1,2112.29
attention,512,16384,8,1024,1,2179.72
attention,512,16384,8,2048,1,2299.56
attention,512,16384,8,4096,1,2538.89
attention,512,16384,8,8192,1,3042.5
attention,512,16384,8,16384,1,4003.08
attention,512,16384,16,16,1,2063.62
attention,512,16384,16,32,1,2063.72
attention,512,16384,16,64,1,2076.64
attention,512,16384,16,128,1,2077.51
attention,512,16384,16,256,1,2094.15
attention,512,16384,16,512,1,2132.52
attention,512,16384,16,1024,1,2200.42
attention,512,16384,16,2048,1,2323.24
attention,512,16384,16,4096,1,2574.02
attention,512,16384,16,8192,1,3060.87
attention,512,16384,16,16384,1,4045
attention,512,16384,32,16,1,2093.47
attention,512,16384,32,32,1,2094.63
attention,512,16384,32,64,1,2114.11
attention,512,16384,32,128,1,2132.74
attention,512,16384,32,256,1,2184.45
attention,512,16384,32,512,1,2275.46
attention,512,16384,32,1024,1,2460.1
attention,512,16384,32,2048,1,2832.04
attention,512,16384,32,4096,1,3639.49
attention,512,16384,32,8192,1,4193.35
attention,512,16384,32,16384,1,6215.5
attention,512,16384,64,16,1,2151.94
attention,512,16384,64,32,1,2158.18
attention,512,16384,64,64,1,2200.84
attention,512,16384,64,128,1,2242.31
attention,512,16384,64,256,1,2343.68
attention,512,16384,64,512,1,2519.05
attention,512,16384,64,1024,1,2904.71
attention,512,16384,64,2048,1,3821.48
attention,512,16384,64,4096,1,5519.3
attention,512,16384,64,8192,1,7652.75
attention,512,16384,64,16384,1,12457
attention,512,16384,128,16,1,2284.39
attention,512,16384,128,32,1,2283.33
attention,512,16384,128,64,1,2370.69
attention,512,16384,128,128,1,2480.16
attention,512,16384,128,256,1,2681.7
attention,512,16384,128,512,1,3107.88
attention,512,16384,128,1024,1,4149.35
attention,512,16384,128,2048,1,8044.59
attention,512,16384,128,4096,1,12817.3
attention,512,16384,128,8192,1,23769.1
attention,512,16384,128,16384,1,47717.3
attention,1024,0,0,0,1,177.856
attention,1024,0,1,16,1,176.128
attention,1024,0,1,32,1,177.536
attention,1024,0,1,64,1,177.088
attention,1024,0,1,128,1,183.008
attention,1024,0,1,256,1,183.2
attention,1024,0,1,512,1,186.145
attention,1024,0,1,1024,1,183.103
attention,1024,0,1,2048,1,284.256
attention,1024,0,1,4096,1,529.153
attention,1024,0,1,8192,1,1010.24
attention,1024,0,1,16384,1,1987.88
attention,1024,0,2,16,1,177.536
attention,1024,0,2,32,1,176.962
attention,1024,0,2,64,1,178.944
attention,1024,0,2,128,1,184.993
attention,1024,0,2,256,1,189.664
attention,1024,0,2,512,1,191.712
attention,1024,0,2,1024,1,190.976
attention,1024,0,2,2048,1,310.913
attention,1024,0,2,4096,1,554.561
attention,1024,0,2,8192,1,1038.88
attention,1024,0,2,16384,1,2015.68
attention,1024,0,4,16,1,183.616
attention,1024,0,4,32,1,184.352
attention,1024,0,4,64,1,184.769
attention,1024,0,4,128,1,191.168
attention,1024,0,4,256,1,200.96
attention,1024,0,4,512,1,213.568
attention,1024,0,4,1024,1,213.792
attention,1024,0,4,2048,1,336.16
attention,1024,0,4,4096,1,577.729
attention,1024,0,4,8192,1,1063.2
attention,1024,0,4,16384,1,2039.36
attention,1024,0,8,16,1,198.815
attention,1024,0,8,32,1,198.112
attention,1024,0,8,64,1,205.826
attention,1024,0,8,128,1,212.672
attention,1024,0,8,256,1,217.344
attention,1024,0,8,512,1,239.233
attention,1024,0,8,1024,1,266.497
attention,1024,0,8,2048,1,386.209
attention,1024,0,8,4096,1,629.345
attention,1024,0,8,8192,1,1120.13
attention,1024,0,8,16384,1,2094.79
attention,1024,0,16,16,1,223.872
attention,1024,0,16,32,1,223.808
attention,1024,0,16,64,1,232.416
attention,1024,0,16,128,1,243.264
attention,1024,0,16,256,1,261.504
attention,1024,0,16,512,1,286.399
attention,1024,0,16,1024,1,320.737
attention,1024,0,16,2048,1,553.185
attention,1024,0,16,4096,1,1040.45
attention,1024,0,16,8192,1,2021.83
attention,1024,0,16,16384,1,3973.38
attention,1024,0,32,16,1,265.792
attention,1024,0,32,32,1,266.146
attention,1024,0,32,64,1,285.28
attention,1024,0,32,128,1,302.243
attention,1024,0,32,256,1,329.728
attention,1024,0,32,512,1,389.857
attention,1024,0,32,1024,1,484.321
attention,1024,0,32,2048,1,832.545
attention,1024,0,32,4096,1,1567.84
attention,1024,0,32,8192,1,3045.57
attention,1024,0,32,16384,1,5974.86
attention,1024,0,64,16,1,340.737
attention,1024,0,64,32,1,343.361
attention,1024,0,64,64,1,375.68
attention,1024,0,64,128,1,409.985
attention,1024,0,64,256,1,472.514
attention,1024,0,64,512,1,598.561
attention,1024,0,64,1024,1,866.08
attention,1024,0,64,2048,1,1535.87
attention,1024,0,64,4096,1,3071.94
attention,1024,0,64,8192,1,5626.76
attention,1024,0,64,16384,1,10810.1
attention,1024,0,128,16,1,482.015
attention,1024,0,128,32,1,487.137
attention,1024,0,128,64,1,552.353
attention,1024,0,128,128,1,626.528
attention,1024,0,128,256,1,776.674
attention,1024,0,128,512,1,1090.85
attention,1024,0,128,1024,1,1904.23
attention,1024,0,128,2048,1,4809.45
attention,1024,0,128,4096,1,9621.46
attention,1024,0,128,8192,1,19782.3
attention,1024,0,128,16384,1,48098.6
attention,1024,16,0,0,1,193.312
attention,1024,16,1,16,1,190.497
attention,1024,16,1,32,1,191.713
attention,1024,16,1,64,1,190.688
attention,1024,16,1,128,1,192.384
attention,1024,16,1,256,1,195.903
attention,1024,16,1,512,1,196.863
attention,1024,16,1,1024,1,196.224
attention,1024,16,1,2048,1,283.168
attention,1024,16,1,4096,1,527.361
attention,1024,16,1,8192,1,1011.07
attention,1024,16,1,16384,1,1986.47
attention,1024,16,2,16,1,191.392
attention,1024,16,2,32,1,192.096
attention,1024,16,2,64,1,192.478
attention,1024,16,2,128,1,194.784
attention,1024,16,2,256,1,204.865
attention,1024,16,2,512,1,205.154
attention,1024,16,2,1024,1,205.438
attention,1024,16,2,2048,1,317.376
attention,1024,16,2,4096,1,560.674
attention,1024,16,2,8192,1,1049.66
attention,1024,16,2,16384,1,2019.59
attention,1024,16,4,16,1,194.977
attention,1024,16,4,32,1,194.432
attention,1024,16,4,64,1,197.632
attention,1024,16,4,128,1,201.024
attention,1024,16,4,256,1,209.343
attention,1024,16,4,512,1,227.136
attention,1024,16,4,1024,1,227.521
attention,1024,16,4,2048,1,341.344
attention,1024,16,4,4096,1,585.12
attention,1024,16,4,8192,1,1074.72
attention,1024,16,4,16384,1,2049.09
attention,1024,16,8,16,1,208.034
attention,1024,16,8,32,1,208.063
attention,1024,16,8,64,1,217.695
attention,1024,16,8,128,1,223.809
attention,1024,16,8,256,1,228.512
attention,1024,16,8,512,1,248.064
attention,1024,16,8,1024,1,278.945
attention,1024,16,8,2048,1,396.992
attention,1024,16,8,4096,1,639.904
attention,1024,16,8,8192,1,1126.37
attention,1024,16,8,16384,1,2100.29
attention,1024,16,16,16,1,235.105
attention,1024,16,16,32,1,235.456
attention,1024,16,16,64,1,246.528
attention,1024,16,16,128,1,256.514
attention,1024,16,16,256,1,271.841
attention,1024,16,16,512,1,302.881
attention,1024,16,16,1024,1,326.591
attention,1024,16,16,2048,1,555.745
attention,1024,16,16,4096,1,1042.46
attention,1024,16,16,8192,1,2024.36
attention,1024,16,16,16384,1,3973.19
attention,1024,16,32,16,1,276.928
attention,1024,16,32,32,1,279.936
attention,1024,16,32,64,1,296.895
attention,1024,16,32,128,1,313.728
attention,1024,16,32,256,1,342.656
attention,1024,16,32,512,1,403.489
attention,1024,16,32,1024,1,492.928
attention,1024,16,32,2048,1,838.848
attention,1024,16,32,4096,1,1569.44
attention,1024,16,32,8192,1,3046.28
attention,1024,16,32,16384,1,5985.35
attention,1024,16,64,16,1,353.12
attention,1024,16,64,32,1,356.385
attention,1024,16,64,64,1,386.176
attention,1024,16,64,128,1,424.224
attention,1024,16,64,256,1,487.456
attention,1024,16,64,512,1,612.29
attention,1024,16,64,1024,1,874.85
attention,1024,16,64,2048,1,1547.39
attention,1024,16,64,4096,1,3127.4
attention,1024,16,64,8192,1,5659.94
attention,1024,16,64,16384,1,10814.4
attention,1024,16,128,16,1,495.489
attention,1024,16,128,32,1,497.472
attention,1024,16,128,64,1,564.385
attention,1024,16,128,128,1,638.88
attention,1024,16,128,256,1,788.033
attention,1024,16,128,512,1,1106.24
attention,1024,16,128,1024,1,1922.08
attention,1024,16,128,2048,1,4813.99
attention,1024,16,128,4096,1,9828.01
attention,1024,16,128,8192,1,20791.6
attention,1024,16,128,16384,1,48752.7
attention,1024,32,0,0,1,193.15
attention,1024,32,1,16,1,189.824
attention,1024,32,1,32,1,191.329
attention,1024,32,1,64,1,192.256
attention,1024,32,1,128,1,193.728
attention,1024,32,1,256,1,196.128
attention,1024,32,1,512,1,197.408
attention,1024,32,1,1024,1,198.016
attention,1024,32,1,2048,1,284.96
attention,1024,32,1,4096,1,525.762
attention,1024,32,1,8192,1,1011.75
attention,1024,32,1,16384,1,1982.37
attention,1024,32,2,16,1,191.905
attention,1024,32,2,32,1,190.081
attention,1024,32,2,64,1,192.704
attention,1024,32,2,128,1,196.514
attention,1024,32,2,256,1,204.419
attention,1024,32,2,512,1,205.215
attention,1024,32,2,1024,1,206.241
attention,1024,32,2,2048,1,319.104
attention,1024,32,2,4096,1,562.593
attention,1024,32,2,8192,1,1051.36
attention,1024,32,2,16384,1,2028.07
attention,1024,32,4,16,1,196.896
attention,1024,32,4,32,1,198.207
attention,1024,32,4,64,1,197.952
attention,1024,32,4,128,1,199.36
attention,1024,32,4,256,1,210.019
attention,1024,32,4,512,1,228.993
attention,1024,32,4,1024,1,227.968
attention,1024,32,4,2048,1,342.784
attention,1024,32,4,4096,1,587.009
attention,1024,32,4,8192,1,1074.75
attention,1024,32,4,16384,1,2042.44
attention,1024,32,8,16,1,211.584
attention,1024,32,8,32,1,209.024
attention,1024,32,8,64,1,216.672
attention,1024,32,8,128,1,223.169
attention,1024,32,8,256,1,227.361
attention,1024,32,8,512,1,249.151
attention,1024,32,8,1024,1,281.377
attention,1024,32,8,2048,1,396.674
attention,1024,32,8,4096,1,643.168
attention,1024,32,8,8192,1,1131.59
attention,1024,32,8,16384,1,2106.28
attention,1024,32,16,16,1,233.76
attention,1024,32,16,32,1,233.697
attention,1024,32,16,64,1,245.408
attention,1024,32,16,128,1,255.456
attention,1024,32,16,256,1,272.865
attention,1024,32,16,512,1,304.864
attention,1024,32,16,1024,1,327.873
attention,1024,32,16,2048,1,552.098
attention,1024,32,16,4096,1,1039.84
attention,1024,32,16,8192,1,2025.41
attention,1024,32,16,16384,1,3986.57
attention,1024,32,32,16,1,278.817
attention,1024,32,32,32,1,279.36
attention,1024,32,32,64,1,296.449
attention,1024,32,32,128,1,313.759
attention,1024,32,32,256,1,343.168
attention,1024,32,32,512,1,404.931
attention,1024,32,32,1024,1,490.433
attention,1024,32,32,2048,1,836.224
attention,1024,32,32,4096,1,1569.25
attention,1024,32,32,8192,1,3048.58
attention,1024,32,32,16384,1,5973.8
attention,1024,32,64,16,1,354.144
attention,1024,32,64,32,1,354.437
attention,1024,32,64,64,1,388.448
attention,1024,32,64,128,1,422.466
attention,1024,32,64,256,1,487.936
attention,1024,32,64,512,1,611.68
attention,1024,32,64,1024,1,877.058
attention,1024,32,64,2048,1,1542.4
attention,1024,32,64,4096,1,3116.71
attention,1024,32,64,8192,1,5648.49
attention,1024,32,64,16384,1,10822.8
attention,1024,32,128,16,1,495.105
attention,1024,32,128,32,1,498.688
attention,1024,32,128,64,1,566.913
attention,1024,32,128,128,1,639.043
attention,1024,32,128,256,1,788.928
attention,1024,32,128,512,1,1088.93
attention,1024,32,128,1024,1,1923.91
attention,1024,32,128,2048,1,4809.86
attention,1024,32,128,4096,1,9520.05
attention,1024,32,128,8192,1,20355.8
attention,1024,32,128,16384,1,47870.5
attention,1024,64,0,0,1,194.016
attention,1024,64,1,16,1,189.439
attention,1024,64,1,32,1,192.224
attention,1024,64,1,64,1,192.257
attention,1024,64,1,128,1,194.112
attention,1024,64,1,256,1,198.208
attention,1024,64,1,512,1,198.144
attention,1024,64,1,1024,1,197.665
attention,1024,64,1,2048,1,285.312
attention,1024,64,1,4096,1,528.195
attention,1024,64,1,8192,1,1015.71
attention,1024,64,1,16384,1,1985.47
attention,1024,64,2,16,1,192.736
attention,1024,64,2,32,1,188.512
attention,1024,64,2,64,1,194.305
attention,1024,64,2,128,1,196.096
attention,1024,64,2,256,1,205.377
attention,1024,64,2,512,1,207.776
attention,1024,64,2,1024,1,206.176
attention,1024,64,2,2048,1,319.52
attention,1024,64,2,4096,1,565.76
attention,1024,64,2,8192,1,1050.08
attention,1024,64,2,16384,1,2019.36
attention,1024,64,4,16,1,196.544
attention,1024,64,4,32,1,195.904
attention,1024,64,4,64,1,199.264
attention,1024,64,4,128,1,202.015
attention,1024,64,4,256,1,210.88
attention,1024,64,4,512,1,227.073
attention,1024,64,4,1024,1,227.968
attention,1024,64,4,2048,1,341.856
attention,1024,64,4,4096,1,586.432
attention,1024,64,4,8192,1,1070.05
attention,1024,64,4,16384,1,2042.53
attention,1024,64,8,16,1,208.32
attention,1024,64,8,32,1,209.536
attention,1024,64,8,64,1,217.378
attention,1024,64,8,128,1,223.329
attention,1024,64,8,256,1,229.121
attention,1024,64,8,512,1,249.664
attention,1024,64,8,1024,1,280.384
attention,1024,64,8,2048,1,395.968
attention,1024,64,8,4096,1,640.931
attention,1024,64,8,8192,1,1130.12
attention,1024,64,8,16384,1,2110.53
attention,1024,64,16,16,1,233.824
attention,1024,64,16,32,1,234.944
attention,1024,64,16,64,1,247.041
attention,1024,64,16,128,1,254.784
attention,1024,64,16,256,1,272.767
attention,1024,64,16,512,1,303.936
attention,1024,64,16,1024,1,329.728
attention,1024,64,16,2048,1,554.977
attention,1024,64,16,4096,1,1040.84
attention,1024,64,16,8192,1,2027.97
attention,1024,64,16,16384,1,3973.16
attention,1024,64,32,16,1,279.744
attention,1024,64,32,32,1,279.36
attention,1024,64,32,64,1,298.24
attention,1024,64,32,128,1,313.856
attention,1024,64,32,256,1,342.112
attention,1024,64,32,512,1,406.721
attention,1024,64,32,1024,1,491.553
attention,1024,64,32,2048,1,836.963
attention,1024,64,32,4096,1,1565.57
attention,1024,64,32,8192,1,3046.44
attention,1024,64,32,16384,1,5987.14
attention,1024,64,64,16,1,355.232
attention,1024,64,64,32,1,356.16
attention,1024,64,64,64,1,390.113
attention,1024,64,64,128,1,425.664
attention,1024,64,64,256,1,485.984
attention,1024,64,64,512,1,612.449
attention,1024,64,64,1024,1,875.683
attention,1024,64,64,2048,1,1543.68
attention,1024,64,64,4096,1,3115.84
attention,1024,64,64,8192,1,5658.31
attention,1024,64,64,16384,1,10815
attention,1024,64,128,16,1,496.224
attention,1024,64,128,32,1,501.313
attention,1024,64,128,64,1,567.586
attention,1024,64,128,128,1,640.481
attention,1024,64,128,256,1,789.601
attention,1024,64,128,512,1,1108.32
attention,1024,64,128,1024,1,1916.32
attention,1024,64,128,2048,1,4810.79
attention,1024,64,128,4096,1,9834.16
attention,1024,64,128,8192,1,20330.5
attention,1024,64,128,16384,1,48174.3
attention,1024,128,0,0,1,209.792
attention,1024,128,1,16,1,207.328
attention,1024,128,1,32,1,208.063
attention,1024,128,1,64,1,207.424
attention,1024,128,1,128,1,205.472
attention,1024,128,1,256,1,211.872
attention,1024,128,1,512,1,211.619
attention,1024,128,1,1024,1,212.416
attention,1024,128,1,2048,1,283.554
attention,1024,128,1,4096,1,528.29
attention,1024,128,1,8192,1,1012.48
attention,1024,128,1,16384,1,1990.02
attention,1024,128,2,16,1,206.655
attention,1024,128,2,32,1,206.783
attention,1024,128,2,64,1,208
attention,1024,128,2,128,1,207.745
attention,1024,128,2,256,1,214.848
attention,1024,128,2,512,1,221.09
attention,1024,128,2,1024,1,222.207
attention,1024,128,2,2048,1,327.328
attention,1024,128,2,4096,1,569.698
attention,1024,128,2,8192,1,1055.59
attention,1024,128,2,16384,1,2028.42
attention,1024,128,4,16,1,207.265
attention,1024,128,4,32,1,209.695
attention,1024,128,4,64,1,210.593
attention,1024,128,4,128,1,211.712
attention,1024,128,4,256,1,220.706
attention,1024,128,4,512,1,243.01
attention,1024,128,4,1024,1,243.521
attention,1024,128,4,2048,1,350.401
attention,1024,128,4,4096,1,593.377
attention,1024,128,4,8192,1,1079.26
attention,1024,128,4,16384,1,2049.22
attention,1024,128,8,16,1,221.92
attention,1024,128,8,32,1,222.369
attention,1024,128,8,64,1,231.265
attention,1024,128,8,128,1,238.014
attention,1024,128,8,256,1,241.793
attention,1024,128,8,512,1,258.816
attention,1024,128,8,1024,1,297.185
attention,1024,128,8,2048,1,406.465
attention,1024,128,8,4096,1,649.346
attention,1024,128,8,8192,1,1137.63
attention,1024,128,8,16384,1,2107.11
attention,1024,128,16,16,1,246.784
attention,1024,128,16,32,1,247.648
attention,1024,128,16,64,1,259.105
attention,1024,128,16,128,1,268.577
attention,1024,128,16,256,1,286.592
attention,1024,128,16,512,1,317.472
attention,1024,128,16,1024,1,342.368
attention,1024,128,16,2048,1,555.075
attention,1024,128,16,4096,1,1038.91
attention,1024,128,16,8192,1,2022.05
attention,1024,128,16,16384,1,3984.39
attention,1024,128,32,16,1,291.392
attention,1024,128,32,32,1,290.817
attention,1024,128,32,64,1,310.272
attention,1024,128,32,128,1,328.352
attention,1024,128,32,256,1,355.872
attention,1024,128,32,512,1,418.081
attention,1024,128,32,1024,1,506.916
attention,1024,128,32,2048,1,840.16
attention,1024,128,32,4096,1,1571.46
attention,1024,128,32,8192,1,3043.78
attention,1024,128,32,16384,1,5998.54
attention,1024,128,64,16,1,365.408
attention,1024,128,64,32,1,369.248
attention,1024,128,64,64,1,400.513
attention,1024,128,64,128,1,439.071
attention,1024,128,64,256,1,501.793
attention,1024,128,64,512,1,628.066
attention,1024,128,64,1024,1,889.44
attention,1024,128,64,2048,1,1556.71
attention,1024,128,64,4096,1,3172.87
attention,1024,128,64,8192,1,5694.48
attention,1024,128,64,16384,1,10842.2
attention,1024,128,128,16,1,510.209
attention,1024,128,128,32,1,513.761
attention,1024,128,128,64,1,582.818
attention,1024,128,128,128,1,654.208
attention,1024,128,128,256,1,803.809
attention,1024,128,128,512,1,1122.47
attention,1024,128,128,1024,1,1942.08
attention,1024,128,128,2048,1,4817.51
attention,1024,128,128,4096,1,9610.57
attention,1024,128,128,8192,1,21133.4
attention,1024,128,128,16384,1,47969.7
attention,1024,256,0,0,1,239.553
attention,1024,256,1,16,1,237.921
attention,1024,256,1,32,1,238.016
attention,1024,256,1,64,1,235.232
attention,1024,256,1,128,1,235.905
attention,1024,256,1,256,1,235.807
attention,1024,256,1,512,1,243.742
attention,1024,256,1,1024,1,243.009
attention,1024,256,1,2048,1,283.969
attention,1024,256,1,4096,1,527.968
attention,1024,256,1,8192,1,1012.87
attention,1024,256,1,16384,1,1987.84
attention,1024,256,2,16,1,237.856
attention,1024,256,2,32,1,238.305
attention,1024,256,2,64,1,235.872
attention,1024,256,2,128,1,239.296
attention,1024,256,2,256,1,237.823
attention,1024,256,2,512,1,249.408
attention,1024,256,2,1024,1,251.713
attention,1024,256,2,2048,1,342.623
attention,1024,256,2,4096,1,585.283
attention,1024,256,2,8192,1,1066.43
attention,1024,256,2,16384,1,2045.76
attention,1024,256,4,16,1,236.194
attention,1024,256,4,32,1,237.377
attention,1024,256,4,64,1,237.696
attention,1024,256,4,128,1,241.215
attention,1024,256,4,256,1,241.696
attention,1024,256,4,512,1,263.649
attention,1024,256,4,1024,1,274.016
attention,1024,256,4,2048,1,365.407
attention,1024,256,4,4096,1,608.961
attention,1024,256,4,8192,1,1093.98
attention,1024,256,4,16384,1,2074.18
attention,1024,256,8,16,1,248.673
attention,1024,256,8,32,1,246.592
attention,1024,256,8,64,1,252.704
attention,1024,256,8,128,1,259.777
attention,1024,256,8,256,1,271.84
attention,1024,256,8,512,1,278.209
attention,1024,256,8,1024,1,324.512
attention,1024,256,8,2048,1,423.97
attention,1024,256,8,4096,1,667.52
attention,1024,256,8,8192,1,1156.51
attention,1024,256,8,16384,1,2129.64
attention,1024,256,16,16,1,270.048
attention,1024,256,16,32,1,270.624
attention,1024,256,16,64,1,281.378
attention,1024,256,16,128,1,292.576
attention,1024,256,16,256,1,310.656
attention,1024,256,16,512,1,343.938
attention,1024,256,16,1024,1,380.001
attention,1024,256,16,2048,1,556.544
attention,1024,256,16,4096,1,1041.6
attention,1024,256,16,8192,1,2029.03
attention,1024,256,16,16384,1,3969.25
attention,1024,256,32,16,1,315.04
attention,1024,256,32,32,1,317.184
attention,1024,256,32,64,1,333.79
attention,1024,256,32,128,1,352.064
attention,1024,256,32,256,1,384.545
attention,1024,256,32,512,1,445.472
attention,1024,256,32,1024,1,542.88
attention,1024,256,32,2048,1,845.537
attention,1024,256,32,4096,1,1565.22
attention,1024,256,32,8192,1,3050.53
attention,1024,256,32,16384,1,5999.18
attention,1024,256,64,16,1,395.809
attention,1024,256,64,32,1,394.592
attention,1024,256,64,64,1,427.617
attention,1024,256,64,128,1,463.457
attention,1024,256,64,256,1,528.097
attention,1024,256,64,512,1,652.161
attention,1024,256,64,1024,1,917.315
attention,1024,256,64,2048,1,1591.11
attention,1024,256,64,4096,1,3287.91
attention,1024,256,64,8192,1,5775.24
attention,1024,256,64,16384,1,10922.2
attention,1024,256,128,16,1,538.112
attention,1024,256,128,32,1,539.073
attention,1024,256,128,64,1,607.969
attention,1024,256,128,128,1,684.579
attention,1024,256,128,256,1,834.144
attention,1024,256,128,512,1,1147.97
attention,1024,256,128,1024,1,1983.17
attention,1024,256,128,2048,1,4834.09
attention,1024,256,128,4096,1,9957.49
attention,1024,256,128,8192,1,21454.3
attention,1024,256,128,16384,1,48196
attention,1024,512,0,0,1,300.448
attention,1024,512,1,16,1,296.994
attention,1024,512,1,32,1,297.984
attention,1024,512,1,64,1,298.176
attention,1024,512,1,128,1,298.402
attention,1024,512,1,256,1,297.6
attention,1024,512,1,512,1,297.472
attention,1024,512,1,1024,1,304.64
attention,1024,512,1,2048,1,302.435
attention,1024,512,1,4096,1,530.08
attention,1024,512,1,8192,1,1017.85
attention,1024,512,1,16384,1,1988.45
attention,1024,512,2,16,1,298.496
attention,1024,512,2,32,1,296.318
attention,1024,512,2,64,1,299.84
attention,1024,512,2,128,1,298.209
attention,1024,512,2,256,1,299.778
attention,1024,512,2,512,1,298.656
attention,1024,512,2,1024,1,312.831
attention,1024,512,2,2048,1,371.841
attention,1024,512,2,4096,1,615.775
attention,1024,512,2,8192,1,1105.51
attention,1024,512,2,16384,1,2070.31
attention,1024,512,4,16,1,297.472
attention,1024,512,4,32,1,298.368
attention,1024,512,4,64,1,297.506
attention,1024,512,4,128,1,295.969
attention,1024,512,4,256,1,302.559
attention,1024,512,4,512,1,303.2
attention,1024,512,4,1024,1,334.816
attention,1024,512,4,2048,1,396.865
attention,1024,512,4,4096,1,640.289
attention,1024,512,4,8192,1,1123.65
attention,1024,512,4,16384,1,2095.08
attention,1024,512,8,16,1,298.4
attention,1024,512,8,32,1,299.039
attention,1024,512,8,64,1,306.624
attention,1024,512,8,128,1,309.089
attention,1024,512,8,256,1,320.256
attention,1024,512,8,512,1,331.072
attention,1024,512,8,1024,1,359.808
attention,1024,512,8,2048,1,457.28
attention,1024,512,8,4096,1,697.634
attention,1024,512,8,8192,1,1183.97
attention,1024,512,8,16384,1,2168.93
attention,1024,512,16,16,1,318.114
attention,1024,512,16,32,1,322.56
attention,1024,512,16,64,1,332.544
attention,1024,512,16,128,1,342.562
attention,1024,512,16,256,1,364.96
attention,1024,512,16,512,1,391.424
attention,1024,512,16,1024,1,448.001
attention,1024,512,16,2048,1,565.794
attention,1024,512,16,4096,1,1045.12
attention,1024,512,16,8192,1,2023.65
attention,1024,512,16,16384,1,3973
attention,1024,512,32,16,1,365.793
attention,1024,512,32,32,1,366.881
attention,1024,512,32,64,1,386.08
attention,1024,512,32,128,1,403.617
attention,1024,512,32,256,1,431.583
attention,1024,512,32,512,1,491.521
attention,1024,512,32,1024,1,615.777
attention,1024,512,32,2048,1,853.824
attention,1024,512,32,4096,1,1597.16
attention,1024,512,32,8192,1,3144.96
attention,1024,512,32,16384,1,6172.43
attention,1024,512,64,16,1,444.416
attention,1024,512,64,32,1,444.514
attention,1024,512,64,64,1,478.304
attention,1024,512,64,128,1,515.36
attention,1024,512,64,256,1,581.792
attention,1024,512,64,512,1,707.905
attention,1024,512,64,1024,1,978.05
attention,1024,512,64,2048,1,1688.42
attention,1024,512,64,4096,1,3591.14
attention,1024,512,64,8192,1,6071.47
attention,1024,512,64,16384,1,11236.1
attention,1024,512,128,16,1,586.945
attention,1024,512,128,32,1,591.744
attention,1024,512,128,64,1,661.345
attention,1024,512,128,128,1,735.616
attention,1024,512,128,256,1,888.515
attention,1024,512,128,512,1,1206.95
attention,1024,512,128,1024,1,2060.58
attention,1024,512,128,2048,1,4977.16
attention,1024,512,128,4096,1,10893.8
attention,1024,512,128,8192,1,22458.7
attention,1024,512,128,16384,1,47667.5
attention,1024,1024,0,0,1,425.568
attention,1024,1024,1,16,1,421.888
attention,1024,1024,1,32,1,419.552
attention,1024,1024,1,64,1,420.065
attention,1024,1024,1,128,1,420.768
attention,1024,1024,1,256,1,420.193
attention,1024,1024,1,512,1,420.576
attention,1024,1024,1,1024,1,418.56
attention,1024,1024,1,2048,1,424.387
attention,1024,1024,1,4096,1,527.906
attention,1024,1024,1,8192,1,1015.94
attention,1024,1024,1,16384,1,1994.6
attention,1024,1024,2,16,1,418.978
attention,1024,1024,2,32,1,418.848
attention,1024,1024,2,64,1,419.329
attention,1024,1024,2,128,1,419.392
attention,1024,1024,2,256,1,418.625
attention,1024,1024,2,512,1,417.791
attention,1024,1024,2,1024,1,421.28
attention,1024,1024,2,2048,1,435.776
attention,1024,1024,2,4096,1,678.144
attention,1024,1024,2,8192,1,1160.89
attention,1024,1024,2,16384,1,2137.98
attention,1024,1024,4,16,1,419.425
attention,1024,1024,4,32,1,421.377
attention,1024,1024,4,64,1,418.849
attention,1024,1024,4,128,1,419.424
attention,1024,1024,4,256,1,421.537
attention,1024,1024,4,512,1,424.544
attention,1024,1024,4,1024,1,426.913
attention,1024,1024,4,2048,1,455.776
attention,1024,1024,4,4096,1,699.712
attention,1024,1024,4,8192,1,1184.38
attention,1024,1024,4,16384,1,2158.4
attention,1024,1024,8,16,1,420.512
attention,1024,1024,8,32,1,421.12
attention,1024,1024,8,64,1,422.08
attention,1024,1024,8,128,1,420.64
attention,1024,1024,8,256,1,428.896
attention,1024,1024,8,512,1,445.728
attention,1024,1024,8,1024,1,458.655
attention,1024,1024,8,2048,1,514.88
attention,1024,1024,8,4096,1,764.481
attention,1024,1024,8,8192,1,1245.83
attention,1024,1024,8,16384,1,2225.63
attention,1024,1024,16,16,1,425.665
attention,1024,1024,16,32,1,425.344
attention,1024,1024,16,64,1,432.897
attention,1024,1024,16,128,1,447.456
attention,1024,1024,16,256,1,459.84
attention,1024,1024,16,512,1,489.473
attention,1024,1024,16,1024,1,558.049
attention,1024,1024,16,2048,1,654.306
attention,1024,1024,16,4096,1,1045.66
attention,1024,1024,16,8192,1,2024.16
attention,1024,1024,16,16384,1,3980.9
attention,1024,1024,32,16,1,466.559
attention,1024,1024,32,32,1,467.424
attention,1024,1024,32,64,1,487.969
attention,1024,1024,32,128,1,504.897
attention,1024,1024,32,256,1,533.76
attention,1024,1024,32,512,1,600.352
attention,1024,1024,32,1024,1,719.167
attention,1024,1024,32,2048,1,938.466
attention,1024,1024,32,4096,1,1701.67
attention,1024,1024,32,8192,1,3397.03
attention,1024,1024,32,16384,1,6649.32
attention,1024,1024,64,16,1,546.111
attention,1024,1024,64,32,1,546.817
attention,1024,1024,64,64,1,581.056
attention,1024,1024,64,128,1,614.368
attention,1024,1024,64,256,1,683.488
attention,1024,1024,64,512,1,818.4
attention,1024,1024,64,1024,1,1082.47
attention,1024,1024,64,2048,1,1789.22
attention,1024,1024,64,4096,1,4078.34
attention,1024,1024,64,8192,1,7833.03
attention,1024,1024,64,16384,1,15199.7
attention,1024,1024,128,16,1,689.856
attention,1024,1024,128,32,1,691.715
attention,1024,1024,128,64,1,764.897
attention,1024,1024,128,128,1,841.632
attention,1024,1024,128,256,1,992.066
attention,1024,1024,128,512,1,1319.62
attention,1024,1024,128,1024,1,2179.01
attention,1024,1024,128,2048,1,6059.49
attention,1024,1024,128,4096,1,12388.7
attention,1024,1024,128,8192,1,24471.4
attention,1024,1024,128,16384,1,49147.7
attention,1024,2048,0,0,1,665.536
attention,1024,2048,1,16,1,666.688
attention,1024,2048,1,32,1,665.28
attention,1024,2048,1,64,1,663.424
attention,1024,2048,1,128,1,666.241
attention,1024,2048,1,256,1,663.84
attention,1024,2048,1,512,1,663.391
attention,1024,2048,1,1024,1,663.745
attention,1024,2048,1,2048,1,661.249
attention,1024,2048,1,4096,1,667.713
attention,1024,2048,1,8192,1,1015.68
attention,1024,2048,1,16384,1,1983.97
attention,1024,2048,2,16,1,664.674
attention,1024,2048,2,32,1,664.864
attention,1024,2048,2,64,1,663.202
attention,1024,2048,2,128,1,663.65
attention,1024,2048,2,256,1,665.727
attention,1024,2048,2,512,1,662.944
attention,1024,2048,2,1024,1,664.065
attention,1024,2048,2,2048,1,668.128
attention,1024,2048,2,4096,1,799.809
attention,1024,2048,2,8192,1,1283.87
attention,1024,2048,2,16384,1,2250.11
attention,1024,2048,4,16,1,664.032
attention,1024,2048,4,32,1,661.472
attention,1024,2048,4,64,1,660.451
attention,1024,2048,4,128,1,664.897
attention,1024,2048,4,256,1,665.215
attention,1024,2048,4,512,1,660.383
attention,1024,2048,4,1024,1,670.625
attention,1024,2048,4,2048,1,670.529
attention,1024,2048,4,4096,1,822.978
attention,1024,2048,4,8192,1,1310.27
attention,1024,2048,4,16384,1,2284.9
attention,1024,2048,8,16,1,663.618
attention,1024,2048,8,32,1,663.936
attention,1024,2048,8,64,1,663.712
attention,1024,2048,8,128,1,665.697
attention,1024,2048,8,256,1,663.905
attention,1024,2048,8,512,1,667.875
attention,1024,2048,8,1024,1,687.106
attention,1024,2048,8,2048,1,696.864
attention,1024,2048,8,4096,1,881.024
attention,1024,2048,8,8192,1,1370.66
attention,1024,2048,8,16384,1,2348.96
attention,1024,2048,16,16,1,670.399
attention,1024,2048,16,32,1,669.856
attention,1024,2048,16,64,1,667.873
attention,1024,2048,16,128,1,669.346
attention,1024,2048,16,256,1,675.871
attention,1024,2048,16,512,1,698.464
attention,1024,2048,16,1024,1,734.176
attention,1024,2048,16,2048,1,924.065
attention,1024,2048,16,4096,1,1067.49
attention,1024,2048,16,8192,1,2028.39
attention,1024,2048,16,16384,1,4087.59
attention,1024,2048,32,16,1,675.904
attention,1024,2048,32,32,1,678.305
attention,1024,2048,32,64,1,693.44
attention,1024,2048,32,128,1,712.896
attention,1024,2048,32,256,1,740.032
attention,1024,2048,32,512,1,794.113
attention,1024,2048,32,1024,1,911.011
attention,1024,2048,32,2048,1,1207.14
attention,1024,2048,32,4096,1,1786.05
attention,1024,2048,32,8192,1,4013.96
attention,1024,2048,32,16384,1,8288.3
attention,1024,2048,64,16,1,754.273
attention,1024,2048,64,32,1,752.481
attention,1024,2048,64,64,1,788.866
attention,1024,2048,64,128,1,820.097
attention,1024,2048,64,256,1,883.424
attention,1024,2048,64,512,1,1020.96
attention,1024,2048,64,1024,1,1300.19
attention,1024,2048,64,2048,1,2126.88
attention,1024,2048,64,4096,1,4822.02
attention,1024,2048,64,8192,1,10229.5
attention,1024,2048,64,16384,1,20893.1
attention,1024,2048,128,16,1,891.648
attention,1024,2048,128,32,1,897.506
attention,1024,2048,128,64,1,966.242
attention,1024,2048,128,128,1,1044.29
attention,1024,2048,128,256,1,1197.95
attention,1024,2048,128,512,1,1533.67
attention,1024,2048,128,1024,1,2302.75
attention,1024,2048,128,2048,1,5576.87
attention,1024,2048,128,4096,1,12385.7
attention,1024,2048,128,8192,1,24441.7
attention,1024,2048,128,16384,1,49292.7
attention,1024,4096,0,0,1,1152.22
attention,1024,4096,1,16,1,1154.21
attention,1024,4096,1,32,1,1153.02
attention,1024,4096,1,64,1,1151.87
attention,1024,4096,1,128,1,1154.05
attention,1024,4096,1,256,1,1151.01
attention,1024,4096,1,512,1,1152.1
attention,1024,4096,1,1024,1,1147.97
attention,1024,4096,1,2048,1,1155.04
attention,1024,4096,1,4096,1,1151.04
attention,1024,4096,1,8192,1,1155.2
attention,1024,4096,1,16384,1,1996.1
attention,1024,4096,2,16,1,1151.24
attention,1024,4096,2,32,1,1150.11
attention,1024,4096,2,64,1,1151.75
attention,1024,4096,2,128,1,1152.55
attention,1024,4096,2,256,1,1148.16
attention,1024,4096,2,512,1,1150.56
attention,1024,4096,2,1024,1,1152.23
attention,1024,4096,2,2048,1,1152.58
attention,1024,4096,2,4096,1,1153.51
attention,1024,4096,2,8192,1,1529.54
attention,1024,4096,2,16384,1,2501.99
attention,1024,4096,4,16,1,1149.22
attention,1024,4096,4,32,1,1154.75
attention,1024,4096,4,64,1,1146.82
attention,1024,4096,4,128,1,1150.05
attention,1024,4096,4,256,1,1150.21
attention,1024,4096,4,512,1,1151.68
attention,1024,4096,4,1024,1,1149.31
attention,1024,4096,4,2048,1,1158.43
attention,1024,4096,4,4096,1,1157.25
attention,1024,4096,4,8192,1,1556.61
attention,1024,4096,4,16384,1,2526.28
attention,1024,4096,8,16,1,1154.14
attention,1024,4096,8,32,1,1154.11
attention,1024,4096,8,64,1,1149.92
attention,1024,4096,8,128,1,1150.34
attention,1024,4096,8,256,1,1154.59
attention,1024,4096,8,512,1,1153.79
attention,1024,4096,8,1024,1,1153.98
attention,1024,4096,8,2048,1,1176.51
attention,1024,4096,8,4096,1,1183.68
attention,1024,4096,8,8192,1,1611.74
attention,1024,4096,8,16384,1,2589.76
attention,1024,4096,16,16,1,1159.11
attention,1024,4096,16,32,1,1160.93
attention,1024,4096,16,64,1,1157.02
attention,1024,4096,16,128,1,1163.75
attention,1024,4096,16,256,1,1153.67
attention,1024,4096,16,512,1,1159.55
attention,1024,4096,16,1024,1,1182.98
attention,1024,4096,16,2048,1,1222.4
attention,1024,4096,16,4096,1,1666.63
attention,1024,4096,16,8192,1,2046.37
attention,1024,4096,16,16384,1,4011.49
attention,1024,4096,32,16,1,1165.57
attention,1024,4096,32,32,1,1168.61
attention,1024,4096,32,64,1,1165.86
attention,1024,4096,32,128,1,1168.07
attention,1024,4096,32,256,1,1164.22
attention,1024,4096,32,512,1,1217.22
attention,1024,4096,32,1024,1,1328.93
attention,1024,4096,32,2048,1,1522.98
attention,1024,4096,32,4096,1,2246.4
attention,1024,4096,32,8192,1,3704.77
attention,1024,4096,32,16384,1,7871.66
attention,1024,4096,64,16,1,1177.41
attention,1024,4096,64,32,1,1180.64
attention,1024,4096,64,64,1,1208.58
attention,1024,4096,64,128,1,1242.21
attention,1024,4096,64,256,1,1298.69
attention,1024,4096,64,512,1,1424.99
attention,1024,4096,64,1024,1,1715.3
attention,1024,4096,64,2048,1,2252.58
attention,1024,4096,64,4096,1,4083.27
attention,1024,4096,64,8192,1,9545.2
attention,1024,4096,64,16384,1,20763.6
attention,1024,4096,128,16,1,1319.55
attention,1024,4096,128,32,1,1321.25
attention,1024,4096,128,64,1,1386.91
attention,1024,4096,128,128,1,1451.87
attention,1024,4096,128,256,1,1597.95
attention,1024,4096,128,512,1,1922.85
attention,1024,4096,128,1024,1,2801.67
attention,1024,4096,128,2048,1,6202.63
attention,1024,4096,128,4096,1,10757.8
attention,1024,4096,128,8192,1,24316.2
attention,1024,4096,128,16384,1,49256.3
attention,1024,8192,0,0,1,2134.72
attention,1024,8192,1,16,1,2127.46
attention,1024,8192,1,32,1,2133.09
attention,1024,8192,1,64,1,2124.42
attention,1024,8192,1,128,1,2131.68
attention,1024,8192,1,256,1,2133.99
attention,1024,8192,1,512,1,2134.85
attention,1024,8192,1,1024,1,2130.02
attention,1024,8192,1,2048,1,2127.01
attention,1024,8192,1,4096,1,2133.03
attention,1024,8192,1,8192,1,2133.51
attention,1024,8192,1,16384,1,2137.44
attention,1024,8192,2,16,1,2132.61
attention,1024,8192,2,32,1,2129.95
attention,1024,8192,2,64,1,2132.36
attention,1024,8192,2,128,1,2126.59
attention,1024,8192,2,256,1,2131.3
attention,1024,8192,2,512,1,2121.92
attention,1024,8192,2,1024,1,2127.78
attention,1024,8192,2,2048,1,2122.85
attention,1024,8192,2,4096,1,2135.14
attention,1024,8192,2,8192,1,2131.2
attention,1024,8192,2,16384,1,2992.96
attention,1024,8192,4,16,1,2125.86
attention,1024,8192,4,32,1,2128.45
attention,1024,8192,4,64,1,2127.84
attention,1024,8192,4,128,1,2125.86
attention,1024,8192,4,256,1,2123.11
attention,1024,8192,4,512,1,2130.08
attention,1024,8192,4,1024,1,2122.72
attention,1024,8192,4,2048,1,2129.44
attention,1024,8192,4,4096,1,2133.95
attention,1024,8192,4,8192,1,2132.8
attention,1024,8192,4,16384,1,3012.45
attention,1024,8192,8,16,1,2132.64
attention,1024,8192,8,32,1,2130.47
attention,1024,8192,8,64,1,2122.47
attention,1024,8192,8,128,1,2134.21
attention,1024,8192,8,256,1,2137.19
attention,1024,8192,8,512,1,2127.11
attention,1024,8192,8,1024,1,2130.79
attention,1024,8192,8,2048,1,2134.56
attention,1024,8192,8,4096,1,2149.6
attention,1024,8192,8,8192,1,2166.31
attention,1024,8192,8,16384,1,3075.27
attention,1024,8192,16,16,1,2141.51
attention,1024,8192,16,32,1,2128.61
attention,1024,8192,16,64,1,2133.6
attention,1024,8192,16,128,1,2130.72
attention,1024,8192,16,256,1,2130.47
attention,1024,8192,16,512,1,2131.81
attention,1024,8192,16,1024,1,2129.12
attention,1024,8192,16,2048,1,2157.57
attention,1024,8192,16,4096,1,2200.68
attention,1024,8192,16,8192,1,3130.79
attention,1024,8192,16,16384,1,4008.48
attention,1024,8192,32,16,1,2142.4
attention,1024,8192,32,32,1,2148.07
attention,1024,8192,32,64,1,2136.93
attention,1024,8192,32,128,1,2140.77
attention,1024,8192,32,256,1,2143.91
attention,1024,8192,32,512,1,2146.34
attention,1024,8192,32,1024,1,2188.93
attention,1024,8192,32,2048,1,2436.35
attention,1024,8192,32,4096,1,2753.67
attention,1024,8192,32,8192,1,4277.35
attention,1024,8192,32,16384,1,7177.55
attention,1024,8192,64,16,1,2156.77
attention,1024,8192,64,32,1,2150.53
attention,1024,8192,64,64,1,2155.27
attention,1024,8192,64,128,1,2161.38
attention,1024,8192,64,256,1,2161.19
attention,1024,8192,64,512,1,2250.27
attention,1024,8192,64,1024,1,2522.37
attention,1024,8192,64,2048,1,3125.32
attention,1024,8192,64,4096,1,4237.25
attention,1024,8192,64,8192,1,7724.81
attention,1024,8192,64,16384,1,19543.8
attention,1024,8192,128,16,1,2185.92
attention,1024,8192,128,32,1,2137.44
attention,1024,8192,128,64,1,2240.77
attention,1024,8192,128,128,1,2316.26
attention,1024,8192,128,256,1,2439.97
attention,1024,8192,128,512,1,2733.19
attention,1024,8192,128,1024,1,3468.32
attention,1024,8192,128,2048,1,7265.13
attention,1024,8192,128,4096,1,12515.1
attention,1024,8192,128,8192,1,23312
attention,1024,8192,128,16384,1,49304.3
attention,1024,16384,0,0,1,4082.92
attention,1024,16384,1,16,1,4077.48
attention,1024,16384,1,32,1,4075.33
attention,1024,16384,1,64,1,4075.11
attention,1024,16384,1,128,1,4084.84
attention,1024,16384,1,256,1,4083.72
attention,1024,16384,1,512,1,4063.75
attention,1024,16384,1,1024,1,4073.76
attention,1024,16384,1,2048,1,4085.38
attention,1024,16384,1,4096,1,4069
attention,1024,16384,1,8192,1,4068.9
attention,1024,16384,1,16384,1,4068.61
attention,1024,16384,2,16,1,4069.13
attention,1024,16384,2,32,1,4083.65
attention,1024,16384,2,64,1,4069.77
attention,1024,16384,2,128,1,4083.17
attention,1024,16384,2,256,1,4079.14
attention,1024,16384,2,512,1,4082.15
attention,1024,16384,2,1024,1,4062.47
attention,1024,16384,2,2048,1,4072.48
attention,1024,16384,2,4096,1,4085.41
attention,1024,16384,2,8192,1,4078.06
attention,1024,16384,2,16384,1,4085.06
attention,1024,16384,4,16,1,4073.12
attention,1024,16384,4,32,1,4073.57
attention,1024,16384,4,64,1,4060.29
attention,1024,16384,4,128,1,4082.85
attention,1024,16384,4,256,1,4072.68
attention,1024,16384,4,512,1,4065.09
attention,1024,16384,4,1024,1,4072.04
attention,1024,16384,4,2048,1,4090.12
attention,1024,16384,4,4096,1,4078.86
attention,1024,16384,4,8192,1,4085.86
attention,1024,16384,4,16384,1,4082.89
attention,1024,16384,8,16,1,4068.32
attention,1024,16384,8,32,1,4089.19
attention,1024,16384,8,64,1,4089.25
attention,1024,16384,8,128,1,4087.69
attention,1024,16384,8,256,1,4089.48
attention,1024,16384,8,512,1,4081.86
attention,1024,16384,8,1024,1,4080.97
attention,1024,16384,8,2048,1,4072.87
attention,1024,16384,8,4096,1,4074.85
attention,1024,16384,8,8192,1,4111.82
attention,1024,16384,8,16384,1,4113.83
attention,1024,16384,16,16,1,4078.47
attention,1024,16384,16,32,1,4094.18
attention,1024,16384,16,64,1,4092
attention,1024,16384,16,128,1,4077.8
attention,1024,16384,16,256,1,4072.04
attention,1024,16384,16,512,1,4080.84
attention,1024,16384,16,1024,1,4092.04
attention,1024,16384,16,2048,1,4092.61
attention,1024,16384,16,4096,1,4116.46
attention,1024,16384,16,8192,1,4146.6
attention,1024,16384,16,16384,1,6076.43
attention,1024,16384,32,16,1,4093.54
attention,1024,16384,32,32,1,4088.1
attention,1024,16384,32,64,1,4088.42
attention,1024,16384,32,128,1,4096.39
attention,1024,16384,32,256,1,4099.08
attention,1024,16384,32,512,1,4089.67
attention,1024,16384,32,1024,1,4090.28
attention,1024,16384,32,2048,1,4134.57
attention,1024,16384,32,4096,1,4646.95
attention,1024,16384,32,8192,1,5218.57
attention,1024,16384,32,16384,1,8263.15
attention,1024,16384,64,16,1,4104.71
attention,1024,16384,64,32,1,4100.2
attention,1024,16384,64,64,1,4102.6
attention,1024,16384,64,128,1,4115.56
attention,1024,16384,64,256,1,4118.92
attention,1024,16384,64,512,1,4126.21
attention,1024,16384,64,1024,1,4252.2
attention,1024,16384,64,2048,1,4747.62
attention,1024,16384,64,4096,1,6257.67
attention,1024,16384,64,8192,1,8081.58
attention,1024,16384,64,16384,1,15022.5
attention,1024,16384,128,16,1,4133.12
attention,1024,16384,128,32,1,4137.64
attention,1024,16384,128,64,1,4128.93
attention,1024,16384,128,128,1,4140.1
attention,1024,16384,128,256,1,4166.34
attention,1024,16384,128,512,1,4429.51
attention,1024,16384,128,1024,1,5051.4
attention,1024,16384,128,2048,1,8494.64
attention,1024,16384,128,4096,1,14095.6
attention,1024,16384,128,8192,1,25285.6
attention,1024,16384,128,16384,1,50404.7
attention,2048,0,0,0,1,474.592
attention,2048,0,1,16,1,491.041
attention,2048,0,1,32,1,467.617
attention,2048,0,1,64,1,482.08
attention,2048,0,1,128,1,477.792
attention,2048,0,1,256,1,478.018
attention,2048,0,1,512,1,476.609
attention,2048,0,1,1024,1,488.674
attention,2048,0,1,2048,1,503.84
attention,2048,0,1,4096,1,713.217
attention,2048,0,1,8192,1,1196.71
attention,2048,0,1,16384,1,2173.7
attention,2048,0,2,16,1,469.889
attention,2048,0,2,32,1,469.248
attention,2048,0,2,64,1,483.394
attention,2048,0,2,128,1,477.956
attention,2048,0,2,256,1,494.528
attention,2048,0,2,512,1,486.336
attention,2048,0,2,1024,1,488.93
attention,2048,0,2,2048,1,499.36
attention,2048,0,2,4096,1,750.625
attention,2048,0,2,8192,1,1198.66
attention,2048,0,2,16384,1,2120.1
attention,2048,0,4,16,1,473.696
attention,2048,0,4,32,1,478.37
attention,2048,0,4,64,1,501.631
attention,2048,0,4,128,1,501.376
attention,2048,0,4,256,1,507.136
attention,2048,0,4,512,1,488.258
attention,2048,0,4,1024,1,509.472
attention,2048,0,4,2048,1,528.768
attention,2048,0,4,4096,1,777.473
attention,2048,0,4,8192,1,1271.36
attention,2048,0,4,16384,1,2241.06
attention,2048,0,8,16,1,491.425
attention,2048,0,8,32,1,495.2
attention,2048,0,8,64,1,507.072
attention,2048,0,8,128,1,506.464
attention,2048,0,8,256,1,509.729
attention,2048,0,8,512,1,543.713
attention,2048,0,8,1024,1,561.889
attention,2048,0,8,2048,1,589.475
attention,2048,0,8,4096,1,860.288
attention,2048,0,8,8192,1,1336.29
attention,2048,0,8,16384,1,2289.12
attention,2048,0,16,16,1,541.825
attention,2048,0,16,32,1,516.129
attention,2048,0,16,64,1,525.218
attention,2048,0,16,128,1,558.656
attention,2048,0,16,256,1,551.713
attention,2048,0,16,512,1,587.969
attention,2048,0,16,1024,1,628.64
attention,2048,0,16,2048,1,776.801
attention,2048,0,16,4096,1,1093.89
attention,2048,0,16,8192,1,2056.77
attention,2048,0,16,16384,1,3895.33
attention,2048,0,32,16,1,597.761
attention,2048,0,32,32,1,571.519
attention,2048,0,32,64,1,595.456
attention,2048,0,32,128,1,636.064
attention,2048,0,32,256,1,644.928
attention,2048,0,32,512,1,719.137
attention,2048,0,32,1024,1,831.233
attention,2048,0,32,2048,1,1019.62
attention,2048,0,32,4096,1,1820.29
attention,2048,0,32,8192,1,3602.98
attention,2048,0,32,16384,1,7394.99
attention,2048,0,64,16,1,697.825
attention,2048,0,64,32,1,699.328
attention,2048,0,64,64,1,725.985
attention,2048,0,64,128,1,778.721
attention,2048,0,64,256,1,852.577
attention,2048,0,64,512,1,968.481
attention,2048,0,64,1024,1,1247.11
attention,2048,0,64,2048,1,1835.91
attention,2048,0,64,4096,1,4260.13
attention,2048,0,64,8192,1,8355.69
attention,2048,0,64,16384,1,16431.6
attention,2048,0,128,16,1,912.61
attention,2048,0,128,32,1,926.786
attention,2048,0,128,64,1,983.713
attention,2048,0,128,128,1,1065.09
attention,2048,0,128,256,1,1198.21
attention,2048,0,128,512,1,1491.07
attention,2048,0,128,1024,1,2400.42
attention,2048,0,128,2048,1,6295.18
attention,2048,0,128,4096,1,12077.1
attention,2048,0,128,8192,1,23615.4
attention,2048,0,128,16384,1,48668.8
attention,2048,16,0,0,1,481.024
attention,2048,16,1,16,1,507.616
attention,2048,16,1,32,1,489.696
attention,2048,16,1,64,1,499.649
attention,2048,16,1,128,1,500.832
attention,2048,16,1,256,1,487.04
attention,2048,16,1,512,1,497.664
attention,2048,16,1,1024,1,490.24
attention,2048,16,1,2048,1,507.652
attention,2048,16,1,4096,1,728.418
attention,2048,16,1,8192,1,1222.12
attention,2048,16,1,16384,1,2193
attention,2048,16,2,16,1,500.992
attention,2048,16,2,32,1,493.889
attention,2048,16,2,64,1,508.513
attention,2048,16,2,128,1,504.32
attention,2048,16,2,256,1,515.488
attention,2048,16,2,512,1,521.76
attention,2048,16,2,1024,1,508.289
attention,2048,16,2,2048,1,529.856
attention,2048,16,2,4096,1,734.209
attention,2048,16,2,8192,1,1174.78
attention,2048,16,2,16384,1,2127.49
attention,2048,16,4,16,1,517.921
attention,2048,16,4,32,1,491.17
attention,2048,16,4,64,1,519.744
attention,2048,16,4,128,1,510.817
attention,2048,16,4,256,1,525.636
attention,2048,16,4,512,1,503.329
attention,2048,16,4,1024,1,517.858
attention,2048,16,4,2048,1,543.263
attention,2048,16,4,4096,1,797.506
attention,2048,16,4,8192,1,1211.71
attention,2048,16,4,16384,1,2143.08
attention,2048,16,8,16,1,511.329
attention,2048,16,8,32,1,521.825
attention,2048,16,8,64,1,517.664
attention,2048,16,8,128,1,528.609
attention,2048,16,8,256,1,538.976
attention,2048,16,8,512,1,547.839
attention,2048,16,8,1024,1,578.209
attention,2048,16,8,2048,1,634.177
attention,2048,16,8,4096,1,891.618
attention,2048,16,8,8192,1,1329.6
attention,2048,16,8,16384,1,2292.36
attention,2048,16,16,16,1,538.914
attention,2048,16,16,32,1,544.449
attention,2048,16,16,64,1,568.16
attention,2048,16,16,128,1,565.632
attention,2048,16,16,256,1,572.672
attention,2048,16,16,512,1,600.832
attention,2048,16,16,1024,1,671.297
attention,2048,16,16,2048,1,750.145
attention,2048,16,16,4096,1,1120.55
attention,2048,16,16,8192,1,2016.8
attention,2048,16,16,16384,1,3844.74
attention,2048,16,32,16,1,589.089
attention,2048,16,32,32,1,589.921
attention,2048,16,32,64,1,626.529
attention,2048,16,32,128,1,619.36
attention,2048,16,32,256,1,677.313
attention,2048,16,32,512,1,739.745
attention,2048,16,32,1024,1,868.579
attention,2048,16,32,2048,1,1096.64
attention,2048,16,32,4096,1,1829.6
attention,2048,16,32,8192,1,3696.13
attention,2048,16,32,16384,1,7654.79
attention,2048,16,64,16,1,710.658
attention,2048,16,64,32,1,713.762
attention,2048,16,64,64,1,776.097
attention,2048,16,64,128,1,795.872
attention,2048,16,64,256,1,844.834
attention,2048,16,64,512,1,951.074
attention,2048,16,64,1024,1,1224.67
attention,2048,16,64,2048,1,1840.19
attention,2048,16,64,4096,1,4323.05
attention,2048,16,64,8192,1,8463.31
attention,2048,16,64,16384,1,17117.9
attention,2048,16,128,16,1,925.795
attention,2048,16,128,32,1,950.722
attention,2048,16,128,64,1,1017.19
attention,2048,16,128,128,1,1084.8
attention,2048,16,128,256,1,1219.11
attention,2048,16,128,512,1,1515.23
attention,2048,16,128,1024,1,2396.99
attention,2048,16,128,2048,1,6314.79
attention,2048,16,128,4096,1,12238
attention,2048,16,128,8192,1,23898.3
attention,2048,16,128,16384,1,49044.6
attention,2048,32,0,0,1,505.984
attention,2048,32,1,16,1,492.864
attention,2048,32,1,32,1,500.224
attention,2048,32,1,64,1,487.936
attention,2048,32,1,128,1,493.826
attention,2048,32,1,256,1,487.584
attention,2048,32,1,512,1,504.194
attention,2048,32,1,1024,1,515.68
attention,2048,32,1,2048,1,509.408
attention,2048,32,1,4096,1,712.322
attention,2048,32,1,8192,1,1178.11
attention,2048,32,1,16384,1,2189.16
attention,2048,32,2,16,1,504.001
attention,2048,32,2,32,1,493.794
attention,2048,32,2,64,1,503.521
attention,2048,32,2,128,1,504.097
attention,2048,32,2,256,1,495.232
attention,2048,32,2,512,1,499.617
attention,2048,32,2,1024,1,516.993
attention,2048,32,2,2048,1,512.673
attention,2048,32,2,4096,1,726.21
attention,2048,32,2,8192,1,1218.91
attention,2048,32,2,16384,1,2167.91
attention,2048,32,4,16,1,506.848
attention,2048,32,4,32,1,496.961
attention,2048,32,4,64,1,490.209
attention,2048,32,4,128,1,503.426
attention,2048,32,4,256,1,506.048
attention,2048,32,4,512,1,524.128
attention,2048,32,4,1024,1,513.344
attention,2048,32,4,2048,1,557.826
attention,2048,32,4,4096,1,782.049
attention,2048,32,4,8192,1,1235.94
attention,2048,32,4,16384,1,2189.54
attention,2048,32,8,16,1,515.104
attention,2048,32,8,32,1,510.528
attention,2048,32,8,64,1,505.282
attention,2048,32,8,128,1,509.441
attention,2048,32,8,256,1,527.681
attention,2048,32,8,512,1,544.448
attention,2048,32,8,1024,1,567.36
attention,2048,32,8,2048,1,610.112
attention,2048,32,8,4096,1,876.898
attention,2048,32,8,8192,1,1328.45
attention,2048,32,8,16384,1,2385.57
attention,2048,32,16,16,1,561.249
attention,2048,32,16,32,1,552.385
attention,2048,32,16,64,1,547.872
attention,2048,32,16,128,1,553.73
attention,2048,32,16,256,1,577.665
attention,2048,32,16,512,1,615.104
attention,2048,32,16,1024,1,646.402
attention,2048,32,16,2048,1,796.929
attention,2048,32,16,4096,1,1161.41
attention,2048,32,16,8192,1,2000.07
attention,2048,32,16,16384,1,4042.85
attention,2048,32,32,16,1,597.634
attention,2048,32,32,32,1,620.641
attention,2048,32,32,64,1,636.258
attention,2048,32,32,128,1,653.184
attention,2048,32,32,256,1,651.777
attention,2048,32,32,512,1,724.128
attention,2048,32,32,1024,1,869.602
attention,2048,32,32,2048,1,1097.19
attention,2048,32,32,4096,1,1805.35
attention,2048,32,32,8192,1,3660
attention,2048,32,32,16384,1,7522.22
attention,2048,32,64,16,1,738.594
attention,2048,32,64,32,1,724.481
attention,2048,32,64,64,1,745.026
attention,2048,32,64,128,1,783.712
attention,2048,32,64,256,1,861.216
attention,2048,32,64,512,1,1006.5
attention,2048,32,64,1024,1,1243.17
attention,2048,32,64,2048,1,1866.24
attention,2048,32,64,4096,1,4303.43
attention,2048,32,64,8192,1,8373.26
attention,2048,32,64,16384,1,16905.5
attention,2048,32,128,16,1,965.475
attention,2048,32,128,32,1,985.922
attention,2048,32,128,64,1,995.683
attention,2048,32,128,128,1,1064.45
attention,2048,32,128,256,1,1245.18
attention,2048,32,128,512,1,1538.14
attention,2048,32,128,1024,1,2400.8
attention,2048,32,128,2048,1,6383.28
attention,2048,32,128,4096,1,12185
attention,2048,32,128,8192,1,23597.9
attention,2048,32,128,16384,1,48908.4
attention,2048,64,0,0,1,485.058
attention,2048,64,1,16,1,497.856
attention,2048,64,1,32,1,491.072
attention,2048,64,1,64,1,480.897
attention,2048,64,1,128,1,489.121
attention,2048,64,1,256,1,495.232
attention,2048,64,1,512,1,510.816
attention,2048,64,1,1024,1,495.873
attention,2048,64,1,2048,1,503.009
attention,2048,64,1,4096,1,719.264
attention,2048,64,1,8192,1,1199.84
attention,2048,64,1,16384,1,2107.2
attention,2048,64,2,16,1,488.96
attention,2048,64,2,32,1,500.833
attention,2048,64,2,64,1,512.961
attention,2048,64,2,128,1,496.226
attention,2048,64,2,256,1,500.576
attention,2048,64,2,512,1,509.92
attention,2048,64,2,1024,1,517.506
attention,2048,64,2,2048,1,537.378
attention,2048,64,2,4096,1,735.169
attention,2048,64,2,8192,1,1202.43
attention,2048,64,2,16384,1,2167.36
attention,2048,64,4,16,1,504.802
attention,2048,64,4,32,1,508
attention,2048,64,4,64,1,502.08
attention,2048,64,4,128,1,501.92
attention,2048,64,4,256,1,509.729
attention,2048,64,4,512,1,514.85
attention,2048,64,4,1024,1,540.194
attention,2048,64,4,2048,1,560.353
attention,2048,64,4,4096,1,799.713
attention,2048,64,4,8192,1,1237.51
attention,2048,64,4,16384,1,2248.84
attention,2048,64,8,16,1,532.481
attention,2048,64,8,32,1,519.681
attention,2048,64,8,64,1,531.138
attention,2048,64,8,128,1,520.544
attention,2048,64,8,256,1,538.529
attention,2048,64,8,512,1,551.616
attention,2048,64,8,1024,1,567.362
attention,2048,64,8,2048,1,610.242
attention,2048,64,8,4096,1,870.592
attention,2048,64,8,8192,1,1413.47
attention,2048,64,8,16384,1,2246.63
attention,2048,64,16,16,1,541.088
attention,2048,64,16,32,1,539.137
attention,2048,64,16,64,1,567.584
attention,2048,64,16,128,1,565.025
attention,2048,64,16,256,1,594.336
attention,2048,64,16,512,1,607.202
attention,2048,64,16,1024,1,659.841
attention,2048,64,16,2048,1,788.96
attention,2048,64,16,4096,1,1130.75
attention,2048,64,16,8192,1,1990.08
attention,2048,64,16,16384,1,4062.4
attention,2048,64,32,16,1,597.761
attention,2048,64,32,32,1,619.968
attention,2048,64,32,64,1,638.688
attention,2048,64,32,128,1,643.648
attention,2048,64,32,256,1,678.08
attention,2048,64,32,512,1,709.281
attention,2048,64,32,1024,1,837.858
attention,2048,64,32,2048,1,1057.51
attention,2048,64,32,4096,1,1806.31
attention,2048,64,32,8192,1,3680.04
attention,2048,64,32,16384,1,7550.6
attention,2048,64,64,16,1,708.354
attention,2048,64,64,32,1,740.256
attention,2048,64,64,64,1,761.602
attention,2048,64,64,128,1,782.496
attention,2048,64,64,256,1,863.073
attention,2048,64,64,512,1,967.522
attention,2048,64,64,1024,1,1269.51
attention,2048,64,64,2048,1,1843.39
attention,2048,64,64,4096,1,4310.28
attention,2048,64,64,8192,1,8479.28
attention,2048,64,64,16384,1,16671.4
attention,2048,64,128,16,1,931.2
attention,2048,64,128,32,1,933.504
attention,2048,64,128,64,1,1015.68
attention,2048,64,128,128,1,1104.8
attention,2048,64,128,256,1,1244.9
attention,2048,64,128,512,1,1537.73
attention,2048,64,128,1024,1,2418.21
attention,2048,64,128,2048,1,6373.55
attention,2048,64,128,4096,1,12203.7
attention,2048,64,128,8192,1,23430
attention,2048,64,128,16384,1,48444.6
attention,2048,128,0,0,1,494.049
attention,2048,128,1,16,1,527.457
attention,2048,128,1,32,1,518.048
attention,2048,128,1,64,1,518.529
attention,2048,128,1,128,1,519.553
attention,2048,128,1,256,1,500.577
attention,2048,128,1,512,1,531.2
attention,2048,128,1,1024,1,536.48
attention,2048,128,1,2048,1,523.136
attention,2048,128,1,4096,1,720.129
attention,2048,128,1,8192,1,1164.07
attention,2048,128,1,16384,1,2118.82
attention,2048,128,2,16,1,512.417
attention,2048,128,2,32,1,524.511
attention,2048,128,2,64,1,534.658
attention,2048,128,2,128,1,508.256
attention,2048,128,2,256,1,516.16
attention,2048,128,2,512,1,518.241
attention,2048,128,2,1024,1,535.393
attention,2048,128,2,2048,1,529.28
attention,2048,128,2,4096,1,773.951
attention,2048,128,2,8192,1,1187.62
attention,2048,128,2,16384,1,2146.37
attention,2048,128,4,16,1,526.049
attention,2048,128,4,32,1,505.569
attention,2048,128,4,64,1,522.272
attention,2048,128,4,128,1,541.985
attention,2048,128,4,256,1,523.842
attention,2048,128,4,512,1,533.089
attention,2048,128,4,1024,1,545.186
attention,2048,128,4,2048,1,565.505
attention,2048,128,4,4096,1,809.539
attention,2048,128,4,8192,1,1223.56
attention,2048,128,4,16384,1,2135.81
attention,2048,128,8,16,1,529.89
attention,2048,128,8,32,1,543.168
attention,2048,128,8,64,1,534.114
attention,2048,128,8,128,1,549.315
attention,2048,128,8,256,1,546.208
attention,2048,128,8,512,1,559.52
attention,2048,128,8,1024,1,591.105
attention,2048,128,8,2048,1,658.05
attention,2048,128,8,4096,1,888.289
attention,2048,128,8,8192,1,1371.39
attention,2048,128,8,16384,1,2375.3
attention,2048,128,16,16,1,568.418
attention,2048,128,16,32,1,567.041
attention,2048,128,16,64,1,565.442
attention,2048,128,16,128,1,573.698
attention,2048,128,16,256,1,578.272
attention,2048,128,16,512,1,622.144
attention,2048,128,16,1024,1,701.698
attention,2048,128,16,2048,1,785.73
attention,2048,128,16,4096,1,1147.33
attention,2048,128,16,8192,1,2053.8
attention,2048,128,16,16384,1,4014.34
attention,2048,128,32,16,1,615.297
attention,2048,128,32,32,1,604.865
attention,2048,128,32,64,1,650.882
attention,2048,128,32,128,1,674.048
attention,2048,128,32,256,1,709.952
attention,2048,128,32,512,1,775.488
attention,2048,128,32,1024,1,895.138
attention,2048,128,32,2048,1,1073.98
attention,2048,128,32,4096,1,1920
attention,2048,128,32,8192,1,3703.53
attention,2048,128,32,16384,1,8056.59
attention,2048,128,64,16,1,716.353
attention,2048,128,64,32,1,746.912
attention,2048,128,64,64,1,766.017
attention,2048,128,64,128,1,803.008
attention,2048,128,64,256,1,880.576
attention,2048,128,64,512,1,1007.58
attention,2048,128,64,1024,1,1286.88
attention,2048,128,64,2048,1,1867.71
attention,2048,128,64,4096,1,4394.5
attention,2048,128,64,8192,1,8538
attention,2048,128,64,16384,1,16935.4
attention,2048,128,128,16,1,966.114
attention,2048,128,128,32,1,968.93
attention,2048,128,128,64,1,1060.16
attention,2048,128,128,128,1,1107.36
attention,2048,128,128,256,1,1240.45
attention,2048,128,128,512,1,1559.71
attention,2048,128,128,1024,1,2418.21
attention,2048,128,128,2048,1,6410.25
attention,2048,128,128,4096,1,12337.7
attention,2048,128,128,8192,1,23871
attention,2048,128,128,16384,1,48391.1
attention,2048,256,0,0,1,539.648
attention,2048,256,1,16,1,568.674
attention,2048,256,1,32,1,555.906
attention,2048,256,1,64,1,558.21
attention,2048,256,1,128,1,570.624
attention,2048,256,1,256,1,537.857
attention,2048,256,1,512,1,564.608
attention,2048,256,1,1024,1,542.497
attention,2048,256,1,2048,1,580.129
attention,2048,256,1,4096,1,754.592
attention,2048,256,1,8192,1,1233.41
attention,2048,256,1,16384,1,2137.7
attention,2048,256,2,16,1,545.601
attention,2048,256,2,32,1,565.762
attention,2048,256,2,64,1,551.457
attention,2048,256,2,128,1,550.88
attention,2048,256,2,256,1,554.24
attention,2048,256,2,512,1,556.833
attention,2048,256,2,1024,1,580.992
attention,2048,256,2,2048,1,566.656
attention,2048,256,2,4096,1,769.378
attention,2048,256,2,8192,1,1209.76
attention,2048,256,2,16384,1,2214.85
attention,2048,256,4,16,1,559.296
attention,2048,256,4,32,1,543.588
attention,2048,256,4,64,1,575.585
attention,2048,256,4,128,1,556.897
attention,2048,256,4,256,1,560.416
attention,2048,256,4,512,1,568.033
attention,2048,256,4,1024,1,567.713
attention,2048,256,4,2048,1,619.039
attention,2048,256,4,4096,1,838.081
attention,2048,256,4,8192,1,1246.75
attention,2048,256,4,16384,1,2263.33
attention,2048,256,8,16,1,574.721
attention,2048,256,8,32,1,556.13
attention,2048,256,8,64,1,572.002
attention,2048,256,8,128,1,564.129
attention,2048,256,8,256,1,593.119
attention,2048,256,8,512,1,621.984
attention,2048,256,8,1024,1,629.376
attention,2048,256,8,2048,1,689.089
attention,2048,256,8,4096,1,984.099
attention,2048,256,8,8192,1,1383.65
attention,2048,256,8,16384,1,2345.76
attention,2048,256,16,16,1,580.96
attention,2048,256,16,32,1,591.488
attention,2048,256,16,64,1,590.208
attention,2048,256,16,128,1,632.864
attention,2048,256,16,256,1,640.257
attention,2048,256,16,512,1,672.835
attention,2048,256,16,1024,1,701.889
attention,2048,256,16,2048,1,842.784
attention,2048,256,16,4096,1,1159.78
attention,2048,256,16,8192,1,2061.32
attention,2048,256,16,16384,1,3987.94
attention,2048,256,32,16,1,675.392
attention,2048,256,32,32,1,652.8
attention,2048,256,32,64,1,670.402
attention,2048,256,32,128,1,688.834
attention,2048,256,32,256,1,720.896
attention,2048,256,32,512,1,765.439
attention,2048,256,32,1024,1,931.587
attention,2048,256,32,2048,1,1086.05
attention,2048,256,32,4096,1,1968.23
attention,2048,256,32,8192,1,3902.02
attention,2048,256,32,16384,1,8251.34
attention,2048,256,64,16,1,796.065
attention,2048,256,64,32,1,800.834
attention,2048,256,64,64,1,818.273
attention,2048,256,64,128,1,823.937
attention,2048,256,64,256,1,888.8
attention,2048,256,64,512,1,1067.33
attention,2048,256,64,1024,1,1264.38
attention,2048,256,64,2048,1,1869.35
attention,2048,256,64,4096,1,4506.95
attention,2048,256,64,8192,1,8682.64
attention,2048,256,64,16384,1,19236.4
attention,2048,256,128,16,1,1021.38
attention,2048,256,128,32,1,988.577
attention,2048,256,128,64,1,1075.62
attention,2048,256,128,128,1,1146.59
attention,2048,256,128,256,1,1279.23
attention,2048,256,128,512,1,1596.61
attention,2048,256,128,1024,1,2452.96
attention,2048,256,128,2048,1,6524.49
attention,2048,256,128,4096,1,12526.2
attention,2048,256,128,8192,1,24036.8
attention,2048,256,128,16384,1,49320.3
attention,2048,512,0,0,1,635.33
attention,2048,512,1,16,1,629.888
attention,2048,512,1,32,1,643.522
attention,2048,512,1,64,1,642.016
attention,2048,512,1,128,1,635.233
attention,2048,512,1,256,1,608.514
attention,2048,512,1,512,1,633.507
attention,2048,512,1,1024,1,625.729
attention,2048,512,1,2048,1,650.112
attention,2048,512,1,4096,1,799.072
attention,2048,512,1,8192,1,1297.51
attention,2048,512,1,16384,1,2182.5
attention,2048,512,2,16,1,618.337
attention,2048,512,2,32,1,616.706
attention,2048,512,2,64,1,606.977
attention,2048,512,2,128,1,608.513
attention,2048,512,2,256,1,646.72
attention,2048,512,2,512,1,627.554
attention,2048,512,2,1024,1,638.338
attention,2048,512,2,2048,1,645.631
attention,2048,512,2,4096,1,816.545
attention,2048,512,2,8192,1,1274.18
attention,2048,512,2,16384,1,2204.71
attention,2048,512,4,16,1,647.425
attention,2048,512,4,32,1,633.248
attention,2048,512,4,64,1,624.993
attention,2048,512,4,128,1,624.736
attention,2048,512,4,256,1,630.145
attention,2048,512,4,512,1,626.851
attention,2048,512,4,1024,1,655.488
attention,2048,512,4,2048,1,696.128
attention,2048,512,4,4096,1,884.128
attention,2048,512,4,8192,1,1333.12
attention,2048,512,4,16384,1,2309.57
attention,2048,512,8,16,1,648.48
attention,2048,512,8,32,1,635.232
attention,2048,512,8,64,1,658.368
attention,2048,512,8,128,1,654.209
attention,2048,512,8,256,1,657.248
attention,2048,512,8,512,1,687.425
attention,2048,512,8,1024,1,721.984
attention,2048,512,8,2048,1,787.618
attention,2048,512,8,4096,1,1005.38
attention,2048,512,8,8192,1,1509.51
attention,2048,512,8,16384,1,2414.69
attention,2048,512,16,16,1,668.896
attention,2048,512,16,32,1,667.873
attention,2048,512,16,64,1,659.426
attention,2048,512,16,128,1,666.432
attention,2048,512,16,256,1,700.418
attention,2048,512,16,512,1,758.145
attention,2048,512,16,1024,1,777.92
attention,2048,512,16,2048,1,902.017
attention,2048,512,16,4096,1,1210.69
attention,2048,512,16,8192,1,1962.66
attention,2048,512,16,16384,1,4229.54
attention,2048,512,32,16,1,736.448
attention,2048,512,32,32,1,727.296
attention,2048,512,32,64,1,759.01
attention,2048,512,32,128,1,768.451
attention,2048,512,32,256,1,780.579
attention,2048,512,32,512,1,841.954
attention,2048,512,32,1024,1,991.585
attention,2048,512,32,2048,1,1157.76
attention,2048,512,32,4096,1,1915.33
attention,2048,512,32,8192,1,4067.59
attention,2048,512,32,16384,1,8203.08
attention,2048,512,64,16,1,856.8
attention,2048,512,64,32,1,841.025
attention,2048,512,64,64,1,877.987
attention,2048,512,64,128,1,932.066
attention,2048,512,64,256,1,963.073
attention,2048,512,64,512,1,1126.37
attention,2048,512,64,1024,1,1361.79
attention,2048,512,64,2048,1,1930.91
attention,2048,512,64,4096,1,5333.32
attention,2048,512,64,8192,1,9397.93
attention,2048,512,64,16384,1,19992.2
attention,2048,512,128,16,1,1084.99
attention,2048,512,128,32,1,1090.15
attention,2048,512,128,64,1,1152.35
attention,2048,512,128,128,1,1203.81
attention,2048,512,128,256,1,1360.16
attention,2048,512,128,512,1,1705.83
attention,2048,512,128,1024,1,2508.96
attention,2048,512,128,2048,1,6655.31
attention,2048,512,128,4096,1,12974.1
attention,2048,512,128,8192,1,25219.8
attention,2048,512,128,16384,1,50410.7
attention,2048,1024,0,0,1,778.401
attention,2048,1024,1,16,1,767.136
attention,2048,1024,1,32,1,737.762
attention,2048,1024,1,64,1,760.929
attention,2048,1024,1,128,1,752.673
attention,2048,1024,1,256,1,741.827
attention,2048,1024,1,512,1,775.043
attention,2048,1024,1,1024,1,760.835
attention,2048,1024,1,2048,1,772.706
attention,2048,1024,1,4096,1,885.313
attention,2048,1024,1,8192,1,1327.23
attention,2048,1024,1,16384,1,2314.02
attention,2048,1024,2,16,1,752.386
attention,2048,1024,2,32,1,752.577
attention,2048,1024,2,64,1,773.985
attention,2048,1024,2,128,1,758.304
attention,2048,1024,2,256,1,774.464
attention,2048,1024,2,512,1,766.882
attention,2048,1024,2,1024,1,770.337
attention,2048,1024,2,2048,1,831.008
attention,2048,1024,2,4096,1,897.12
attention,2048,1024,2,8192,1,1361.57
attention,2048,1024,2,16384,1,2291.11
attention,2048,1024,4,16,1,755.938
attention,2048,1024,4,32,1,740.801
attention,2048,1024,4,64,1,761.537
attention,2048,1024,4,128,1,748.896
attention,2048,1024,4,256,1,751.073
attention,2048,1024,4,512,1,780.672
attention,2048,1024,4,1024,1,800.065
attention,2048,1024,4,2048,1,870.977
attention,2048,1024,4,4096,1,979.552
attention,2048,1024,4,8192,1,1467.14
attention,2048,1024,4,16384,1,2384.8
attention,2048,1024,8,16,1,798.944
attention,2048,1024,8,32,1,769.056
attention,2048,1024,8,64,1,773.505
attention,2048,1024,8,128,1,789.281
attention,2048,1024,8,256,1,803.359
attention,2048,1024,8,512,1,824.866
attention,2048,1024,8,1024,1,883.522
attention,2048,1024,8,2048,1,910.689
attention,2048,1024,8,4096,1,1078.21
attention,2048,1024,8,8192,1,1658.21
attention,2048,1024,8,16384,1,2559.59
attention,2048,1024,16,16,1,807.458
attention,2048,1024,16,32,1,802.147
attention,2048,1024,16,64,1,813.025
attention,2048,1024,16,128,1,827.521
attention,2048,1024,16,256,1,834.625
attention,2048,1024,16,512,1,910.626
attention,2048,1024,16,1024,1,928.897
attention,2048,1024,16,2048,1,1101.63
attention,2048,1024,16,4096,1,1393.02
attention,2048,1024,16,8192,1,2195.11
attention,2048,1024,16,16384,1,4437
attention,2048,1024,32,16,1,864.256
attention,2048,1024,32,32,1,848.097
attention,2048,1024,32,64,1,875.552
attention,2048,1024,32,128,1,914.403
attention,2048,1024,32,256,1,941.923
attention,2048,1024,32,512,1,994.976
attention,2048,1024,32,1024,1,1105.98
attention,2048,1024,32,2048,1,1420.55
attention,2048,1024,32,4096,1,1990.85
attention,2048,1024,32,8192,1,4357.16
attention,2048,1024,32,16384,1,9164.27
attention,2048,1024,64,16,1,1009.18
attention,2048,1024,64,32,1,1010.46
attention,2048,1024,64,64,1,1050.85
attention,2048,1024,64,128,1,1066.02
attention,2048,1024,64,256,1,1111.23
attention,2048,1024,64,512,1,1254.37
attention,2048,1024,64,1024,1,1543.81
attention,2048,1024,64,2048,1,2133.8
attention,2048,1024,64,4096,1,5984.46
attention,2048,1024,64,8192,1,11832.7
attention,2048,1024,64,16384,1,22365.5
attention,2048,1024,128,16,1,1239.71
attention,2048,1024,128,32,1,1239.84
attention,2048,1024,128,64,1,1310.72
attention,2048,1024,128,128,1,1380.9
attention,2048,1024,128,256,1,1517.6
attention,2048,1024,128,512,1,1832.48
attention,2048,1024,128,1024,1,2672.61
attention,2048,1024,128,2048,1,6554.28
attention,2048,1024,128,4096,1,12974.2
attention,2048,1024,128,8192,1,25468.8
attention,2048,1024,128,16384,1,50445.7
attention,2048,2048,0,0,1,1086.47
attention,2048,2048,1,16,1,1055.04
attention,2048,2048,1,32,1,1104.93
attention,2048,2048,1,64,1,1076.38
attention,2048,2048,1,128,1,1073.34
attention,2048,2048,1,256,1,1086.98
attention,2048,2048,1,512,1,1084.54
attention,2048,2048,1,1024,1,1086.47
attention,2048,2048,1,2048,1,1106.02
attention,2048,2048,1,4096,1,1128.35
attention,2048,2048,1,8192,1,1483.3
attention,2048,2048,1,16384,1,2340.07
attention,2048,2048,2,16,1,1067.87
attention,2048,2048,2,32,1,1095.62
attention,2048,2048,2,64,1,1079.55
attention,2048,2048,2,128,1,1061.44
attention,2048,2048,2,256,1,1058.18
attention,2048,2048,2,512,1,1056.93
attention,2048,2048,2,1024,1,1115.68
attention,2048,2048,2,2048,1,1113.06
attention,2048,2048,2,4096,1,1161.47
attention,2048,2048,2,8192,1,1608.58
attention,2048,2048,2,16384,1,2476.87
attention,2048,2048,4,16,1,1089.47
attention,2048,2048,4,32,1,1065.38
attention,2048,2048,4,64,1,1077.7
attention,2048,2048,4,128,1,1089.51
attention,2048,2048,4,256,1,1101.32
attention,2048,2048,4,512,1,1090.91
attention,2048,2048,4,1024,1,1109.89
attention,2048,2048,4,2048,1,1136.77
attention,2048,2048,4,4096,1,1200.8
attention,2048,2048,4,8192,1,1651.88
attention,2048,2048,4,16384,1,2616.07
attention,2048,2048,8,16,1,1134.43
attention,2048,2048,8,32,1,1103.9
attention,2048,2048,8,64,1,1105.12
attention,2048,2048,8,128,1,1107.01
attention,2048,2048,8,256,1,1113.73
attention,2048,2048,8,512,1,1116.86
attention,2048,2048,8,1024,1,1174.11
attention,2048,2048,8,2048,1,1224.67
attention,2048,2048,8,4096,1,1324.9
attention,2048,2048,8,8192,1,1863.33
attention,2048,2048,8,16384,1,2866.15
attention,2048,2048,16,16,1,1128.1
attention,2048,2048,16,32,1,1133.32
attention,2048,2048,16,64,1,1121.09
attention,2048,2048,16,128,1,1141.95
attention,2048,2048,16,256,1,1147.14
attention,2048,2048,16,512,1,1186.63
attention,2048,2048,16,1024,1,1231.52
attention,2048,2048,16,2048,1,1393.96
attention,2048,2048,16,4096,1,1599.59
attention,2048,2048,16,8192,1,2343.46
attention,2048,2048,16,16384,1,4934.02
attention,2048,2048,32,16,1,1197.89
attention,2048,2048,32,32,1,1158.53
attention,2048,2048,32,64,1,1154.63
attention,2048,2048,32,128,1,1177.96
attention,2048,2048,32,256,1,1243.91
attention,2048,2048,32,512,1,1366.69
attention,2048,2048,32,1024,1,1462.43
attention,2048,2048,32,2048,1,1673.86
attention,2048,2048,32,4096,1,2122.56
attention,2048,2048,32,8192,1,4819.62
attention,2048,2048,32,16384,1,9727.38
attention,2048,2048,64,16,1,1282.63
attention,2048,2048,64,32,1,1280.35
attention,2048,2048,64,64,1,1349.57
attention,2048,2048,64,128,1,1391.56
attention,2048,2048,64,256,1,1483.33
attention,2048,2048,64,512,1,1553.16
attention,2048,2048,64,1024,1,1890.82
attention,2048,2048,64,2048,1,2431.17
attention,2048,2048,64,4096,1,6029.74
attention,2048,2048,64,8192,1,11877.6
attention,2048,2048,64,16384,1,23969.3
attention,2048,2048,128,16,1,1545.51
attention,2048,2048,128,32,1,1547.11
attention,2048,2048,128,64,1,1619.49
attention,2048,2048,128,128,1,1661.92
attention,2048,2048,128,256,1,1825.54
attention,2048,2048,128,512,1,2142.56
attention,2048,2048,128,1024,1,2968.58
attention,2048,2048,128,2048,1,6166.25
attention,2048,2048,128,4096,1,12940.2
attention,2048,2048,128,8192,1,25483.3
attention,2048,2048,128,16384,1,50445.4
attention,2048,4096,0,0,1,1770.5
attention,2048,4096,1,16,1,1811.81
attention,2048,4096,1,32,1,1771.94
attention,2048,4096,1,64,1,1772.51
attention,2048,4096,1,128,1,1738.4
attention,2048,4096,1,256,1,1792.07
attention,2048,4096,1,512,1,1850.3
attention,2048,4096,1,1024,1,1777.51
attention,2048,4096,1,2048,1,1769.7
attention,2048,4096,1,4096,1,1824.16
attention,2048,4096,1,8192,1,1842.59
attention,2048,4096,1,16384,1,2616.07
attention,2048,4096,2,16,1,1771.55
attention,2048,4096,2,32,1,1813.86
attention,2048,4096,2,64,1,1757.86
attention,2048,4096,2,128,1,1812.19
attention,2048,4096,2,256,1,1778.47
attention,2048,4096,2,512,1,1755.78
attention,2048,4096,2,1024,1,1812.42
attention,2048,4096,2,2048,1,1779.72
attention,2048,4096,2,4096,1,1872.32
attention,2048,4096,2,8192,1,2009.12
attention,2048,4096,2,16384,1,3045.86
attention,2048,4096,4,16,1,1786.66
attention,2048,4096,4,32,1,1750.31
attention,2048,4096,4,64,1,1768.13
attention,2048,4096,4,128,1,1788.8
attention,2048,4096,4,256,1,1788.74
attention,2048,4096,4,512,1,1827.2
attention,2048,4096,4,1024,1,1755.55
attention,2048,4096,4,2048,1,1804.26
attention,2048,4096,4,4096,1,1856.42
attention,2048,4096,4,8192,1,2075.14
attention,2048,4096,4,16384,1,3023.36
attention,2048,4096,8,16,1,1774.85
attention,2048,4096,8,32,1,1839.78
attention,2048,4096,8,64,1,1768.77
attention,2048,4096,8,128,1,1769.16
attention,2048,4096,8,256,1,1808.52
attention,2048,4096,8,512,1,1806.63
attention,2048,4096,8,1024,1,1791.43
attention,2048,4096,8,2048,1,1871.08
attention,2048,4096,8,4096,1,1882.79
attention,2048,4096,8,8192,1,2240.93
attention,2048,4096,8,16384,1,3457.48
attention,2048,4096,16,16,1,1831.3
attention,2048,4096,16,32,1,1826.56
attention,2048,4096,16,64,1,1882.56
attention,2048,4096,16,128,1,1836.96
attention,2048,4096,16,256,1,1821.54
attention,2048,4096,16,512,1,1902.08
attention,2048,4096,16,1024,1,1844.68
attention,2048,4096,16,2048,1,1954.05
attention,2048,4096,16,4096,1,2242.82
attention,2048,4096,16,8192,1,2685.12
attention,2048,4096,16,16384,1,4761.64
attention,2048,4096,32,16,1,1909.73
attention,2048,4096,32,32,1,1831.87
attention,2048,4096,32,64,1,1954.76
attention,2048,4096,32,128,1,1883.2
attention,2048,4096,32,256,1,1969.51
attention,2048,4096,32,512,1,1929.32
attention,2048,4096,32,1024,1,2132.03
attention,2048,4096,32,2048,1,2379.05
attention,2048,4096,32,4096,1,2810.6
attention,2048,4096,32,8192,1,4519.85
attention,2048,4096,32,16384,1,9886.61
attention,2048,4096,64,16,1,1912.84
attention,2048,4096,64,32,1,1935.78
attention,2048,4096,64,64,1,1908.55
attention,2048,4096,64,128,1,1991.08
attention,2048,4096,64,256,1,1994.37
attention,2048,4096,64,512,1,2118.34
attention,2048,4096,64,1024,1,2448.42
attention,2048,4096,64,2048,1,3038.53
attention,2048,4096,64,4096,1,4413.61
attention,2048,4096,64,8192,1,11591.2
attention,2048,4096,64,16384,1,23660.8
attention,2048,4096,128,16,1,2113.25
attention,2048,4096,128,32,1,2159.43
attention,2048,4096,128,64,1,2189.51
attention,2048,4096,128,128,1,2328.1
attention,2048,4096,128,256,1,2395.75
attention,2048,4096,128,512,1,2763.24
attention,2048,4096,128,1024,1,3484.71
attention,2048,4096,128,2048,1,7078.44
attention,2048,4096,128,4096,1,12364.6
attention,2048,4096,128,8192,1,25408.9
attention,2048,4096,128,16384,1,50343
attention,2048,8192,0,0,1,3169.06
attention,2048,8192,1,16,1,3173.13
attention,2048,8192,1,32,1,3109.95
attention,2048,8192,1,64,1,3113.16
attention,2048,8192,1,128,1,3147.4
attention,2048,8192,1,256,1,3268.96
attention,2048,8192,1,512,1,3173.03
attention,2048,8192,1,1024,1,3174.98
attention,2048,8192,1,2048,1,3110.98
attention,2048,8192,1,4096,1,3110.72
attention,2048,8192,1,8192,1,3211.85
attention,2048,8192,1,16384,1,3185.48
attention,2048,8192,2,16,1,3111.81
attention,2048,8192,2,32,1,3113.67
attention,2048,8192,2,64,1,3142.79
attention,2048,8192,2,128,1,3133.38
attention,2048,8192,2,256,1,3114.05
attention,2048,8192,2,512,1,3112.58
attention,2048,8192,2,1024,1,3202.18
attention,2048,8192,2,2048,1,3177.09
attention,2048,8192,2,4096,1,3176.58
attention,2048,8192,2,8192,1,3169.61
attention,2048,8192,2,16384,1,3759.21
attention,2048,8192,4,16,1,3119.55
attention,2048,8192,4,32,1,3182.02
attention,2048,8192,4,64,1,3122.98
attention,2048,8192,4,128,1,3192.77
attention,2048,8192,4,256,1,3184.46
attention,2048,8192,4,512,1,3196.93
attention,2048,8192,4,1024,1,3189.61
attention,2048,8192,4,2048,1,3125.19
attention,2048,8192,4,4096,1,3209
attention,2048,8192,4,8192,1,3323.33
attention,2048,8192,4,16384,1,3885.93
attention,2048,8192,8,16,1,3206.95
attention,2048,8192,8,32,1,3134.73
attention,2048,8192,8,64,1,3202.57
attention,2048,8192,8,128,1,3143.01
attention,2048,8192,8,256,1,3219.81
attention,2048,8192,8,512,1,3210.82
attention,2048,8192,8,1024,1,3277.96
attention,2048,8192,8,2048,1,3206.6
attention,2048,8192,8,4096,1,3337.45
attention,2048,8192,8,8192,1,3329.92
attention,2048,8192,8,16384,1,4104.46
attention,2048,8192,16,16,1,3189.48
attention,2048,8192,16,32,1,3230.53
attention,2048,8192,16,64,1,3167.33
attention,2048,8192,16,128,1,3237.86
attention,2048,8192,16,256,1,3239.69
attention,2048,8192,16,512,1,3180.65
attention,2048,8192,16,1024,1,3248.68
attention,2048,8192,16,2048,1,3251.33
attention,2048,8192,16,4096,1,3376.36
attention,2048,8192,16,8192,1,4134.92
attention,2048,8192,16,16384,1,5080.39
attention,2048,8192,32,16,1,3235.27
attention,2048,8192,32,32,1,3273.13
attention,2048,8192,32,64,1,3275.65
attention,2048,8192,32,128,1,3315.3
attention,2048,8192,32,256,1,3229.99
attention,2048,8192,32,512,1,3267.37
attention,2048,8192,32,1024,1,3320.17
attention,2048,8192,32,2048,1,3449.26
attention,2048,8192,32,4096,1,3956.68
attention,2048,8192,32,8192,1,5138.25
attention,2048,8192,32,16384,1,8658.19
attention,2048,8192,64,16,1,3291.11
attention,2048,8192,64,32,1,3330.63
attention,2048,8192,64,64,1,3313.51
attention,2048,8192,64,128,1,3491.69
attention,2048,8192,64,256,1,3381.41
attention,2048,8192,64,512,1,3458.47
attention,2048,8192,64,1024,1,3708.13
attention,2048,8192,64,2048,1,4277.35
attention,2048,8192,64,4096,1,5667.75
attention,2048,8192,64,8192,1,8047.63
attention,2048,8192,64,16384,1,23378.1
attention,2048,8192,128,16,1,3460.39
attention,2048,8192,128,32,1,3409.8
attention,2048,8192,128,64,1,3395.43
attention,2048,8192,128,128,1,3383.08
attention,2048,8192,128,256,1,3613.7
attention,2048,8192,128,512,1,4055.91
attention,2048,8192,128,1024,1,4573.1
attention,2048,8192,128,2048,1,7831.69
attention,2048,8192,128,4096,1,14015.4
attention,2048,8192,128,8192,1,25480.7
attention,2048,8192,128,16384,1,50268.8
attention,2048,16384,0,0,1,5961.39
attention,2048,16384,1,16,1,5871.4
attention,2048,16384,1,32,1,6105.67
attention,2048,16384,1,64,1,5908.11
attention,2048,16384,1,128,1,6019.15
attention,2048,16384,1,256,1,6060.2
attention,2048,16384,1,512,1,5952.65
attention,2048,16384,1,1024,1,5976.91
attention,2048,16384,1,2048,1,5971.56
attention,2048,16384,1,4096,1,5974.83
attention,2048,16384,1,8192,1,5905.29
attention,2048,16384,1,16384,1,6124.72
attention,2048,16384,2,16,1,5975.12
attention,2048,16384,2,32,1,5966.54
attention,2048,16384,2,64,1,5971.59
attention,2048,16384,2,128,1,5973.48
attention,2048,16384,2,256,1,6028.33
attention,2048,16384,2,512,1,6081.71
attention,2048,16384,2,1024,1,6086.86
attention,2048,16384,2,2048,1,5971.66
attention,2048,16384,2,4096,1,5911.15
attention,2048,16384,2,8192,1,5978.67
attention,2048,16384,2,16384,1,6028.07
attention,2048,16384,4,16,1,6078.92
attention,2048,16384,4,32,1,5919.66
attention,2048,16384,4,64,1,5977.19
attention,2048,16384,4,128,1,5977.87
attention,2048,16384,4,256,1,5896.56
attention,2048,16384,4,512,1,5927.88
attention,2048,16384,4,1024,1,5940.46
attention,2048,16384,4,2048,1,5982.73
attention,2048,16384,4,4096,1,5982.31
attention,2048,16384,4,8192,1,6005.1
attention,2048,16384,4,16384,1,5991.85
attention,2048,16384,8,16,1,5994.22
attention,2048,16384,8,32,1,6116.94
attention,2048,16384,8,64,1,6006.38
attention,2048,16384,8,128,1,6109.51
attention,2048,16384,8,256,1,6132.84
attention,2048,16384,8,512,1,6006.51
attention,2048,16384,8,1024,1,6152.68
attention,2048,16384,8,2048,1,6126.7
attention,2048,16384,8,4096,1,6068.26
attention,2048,16384,8,8192,1,6055.72
attention,2048,16384,8,16384,1,6117.67
attention,2048,16384,16,16,1,6109.19
attention,2048,16384,16,32,1,5903.27
attention,2048,16384,16,64,1,6159.6
attention,2048,16384,16,128,1,6092.01
attention,2048,16384,16,256,1,6036.74
attention,2048,16384,16,512,1,6151.56
attention,2048,16384,16,1024,1,6034.99
attention,2048,16384,16,2048,1,6156.87
attention,2048,16384,16,4096,1,5972.74
attention,2048,16384,16,8192,1,6304.14
attention,2048,16384,16,16384,1,7833.33
attention,2048,16384,32,16,1,6067.47
attention,2048,16384,32,32,1,6177.39
attention,2048,16384,32,64,1,6190.19
attention,2048,16384,32,128,1,6204.2
attention,2048,16384,32,256,1,6087.41
attention,2048,16384,32,512,1,5977.51
attention,2048,16384,32,1024,1,6223.15
attention,2048,16384,32,2048,1,6027.75
attention,2048,16384,32,4096,1,6538.64
attention,2048,16384,32,8192,1,7419.38
attention,2048,16384,32,16384,1,9859.63
attention,2048,16384,64,16,1,6126.92
attention,2048,16384,64,32,1,6129.49
attention,2048,16384,64,64,1,6054.22
attention,2048,16384,64,128,1,6148.88
attention,2048,16384,64,256,1,6283.5
attention,2048,16384,64,512,1,6430.31
attention,2048,16384,64,1024,1,6345.99
attention,2048,16384,64,2048,1,6687.15
attention,2048,16384,64,4096,1,8536.97
attention,2048,16384,64,8192,1,10722.9
attention,2048,16384,64,16384,1,15497.8
attention,2048,16384,128,16,1,6265
attention,2048,16384,128,32,1,6206.95
attention,2048,16384,128,64,1,6471.43
attention,2048,16384,128,128,1,6180.11
attention,2048,16384,128,256,1,6226.92
attention,2048,16384,128,512,1,6415.82
attention,2048,16384,128,1024,1,7030.57
attention,2048,16384,128,2048,1,9221.33
attention,2048,16384,128,4096,1,15098.5
attention,2048,16384,128,8192,1,27401.1
attention,2048,16384,128,16384,1,50696.3
