layer,prefill_chunk,kv_prefill,n_decode,kv_decode,decode_q_len,time_us
attention,0,0,1,16,1,205.465
attention,0,0,1,32,1,204.992
attention,0,0,1,64,1,203.761
attention,0,0,1,128,1,201.56
attention,0,0,1,256,1,196.529
attention,0,0,1,512,1,186.912
attention,0,0,1,1024,1,166.393
attention,0,0,1,2048,1,138.048
attention,0,0,1,4096,1,139.503
attention,0,0,1,8192,1,139.199
attention,0,0,1,16384,1,139.656
attention,0,0,2,16,1,288.602
attention,0,0,2,32,1,287.593
attention,0,0,2,64,1,285.145
attention,0,0,2,128,1,280.577
attention,0,0,2,256,1,270.696
attention,0,0,2,512,1,251.29
attention,0,0,2,1024,1,205.887
attention,0,0,2,2048,1,165.264
attention,0,0,2,4096,1,165.2
attention,0,0,2,8192,1,166.92
attention,0,0,2,16384,1,167.369
attention,0,0,4,16,1,476.53
attention,0,0,4,32,1,473.561
attention,0,0,4,64,1,470.167
attention,0,0,4,128,1,458.393
attention,0,0,4,256,1,436.793
attention,0,0,4,512,1,391.689
attention,0,0,4,1024,1,301.761
attention,0,0,4,2048,1,167.746
attention,0,0,4,4096,1,167.832
attention,0,0,4,8192,1,169.303
attention,0,0,4,16384,1,169.967
attention,0,0,8,16,1,830.906
attention,0,0,8,32,1,829.209
attention,0,0,8,64,1,817.37
attention,0,0,8,128,1,793.665
attention,0,0,8,256,1,754.241
attention,0,0,8,512,1,654.842
attention,0,0,8,1024,1,481.713
attention,0,0,8,2048,1,222.105
attention,0,0,8,4096,1,221.681
attention,0,0,8,8192,1,225.264
attention,0,0,8,16384,1,225.169
attention,0,0,16,16,1,1492.49
attention,0,0,16,32,1,1528.56
attention,0,0,16,64,1,1487.11
attention,0,0,16,128,1,1424.43
attention,0,0,16,256,1,1348.66
attention,0,0,16,512,1,1191.74
attention,0,0,16,1024,1,837.913
attention,0,0,16,2048,1,343.442
attention,0,0,16,4096,1,341.913
attention,0,0,16,8192,1,347.408
attention,0,0,16,16384,1,344.784
attention,0,0,32,16,1,2908.1
attention,0,0,32,32,1,2910.58
attention,0,0,32,64,1,2838.97
attention,0,0,32,128,1,2762.4
attention,0,0,32,256,1,2580.25
attention,0,0,32,512,1,2232.32
attention,0,0,32,1024,1,1578.16
attention,0,0,32,2048,1,548.09
attention,0,0,32,4096,1,549.986
attention,0,0,32,8192,1,561.104
attention,0,0,32,16384,1,570.552
attention,0,0,64,16,1,5576.72
attention,0,0,64,32,1,5328.39
attention,0,0,64,64,1,5242.22
attention,0,0,64,128,1,5035.18
attention,0,0,64,256,1,5031.62
attention,0,0,64,512,1,4217.57
attention,0,0,64,1024,1,3146.59
attention,0,0,64,2048,1,930.833
attention,0,0,64,4096,1,935.417
attention,0,0,64,8192,1,938.057
attention,0,0,64,16384,1,929.505
attention,0,0,128,16,1,3613.11
attention,0,0,128,32,1,3394.74
attention,0,0,128,64,1,3401.53
attention,0,0,128,128,1,3336.78
attention,0,0,128,256,1,3150.27
attention,0,0,128,512,1,2854.16
attention,0,0,128,1024,1,2309.99
attention,0,0,128,2048,1,1263.62
attention,0,0,128,4096,1,1267.15
attention,0,0,128,8192,1,1266.16
attention,0,0,128,16384,1,1263.01
attention,0,0,256,16,1,6750.95
attention,0,0,256,32,1,6650.97
attention,0,0,256,64,1,6748.7
attention,0,0,256,128,1,6547.34
attention,0,0,256,256,1,6058.11
attention,0,0,256,512,1,5449.84
attention,0,0,256,1024,1,4122.01
attention,0,0,256,2048,1,1906.63
attention,0,0,256,4096,1,1916.8
attention,0,0,256,8192,1,1907.52
attention,0,0,256,16384,1,1908.74
attention,16,0,0,0,1,1524.7
attention,16,0,1,16,1,1576.19
attention,16,0,1,32,1,1572.88
attention,16,0,1,64,1,1571.58
attention,16,0,1,128,1,1571.69
attention,16,0,1,256,1,1562.79
attention,16,0,1,512,1,1548.78
attention,16,0,1,1024,1,1527.76
attention,16,0,1,2048,1,1494.04
attention,16,0,1,4096,1,1493.86
attention,16,0,1,8192,1,1494.65
attention,16,0,1,16384,1,1494.06
attention,16,0,2,16,1,1668.91
attention,16,0,2,32,1,1659.83
attention,16,0,2,64,1,1655.9
attention,16,0,2,128,1,1655.22
attention,16,0,2,256,1,1639.83
attention,16,0,2,512,1,1617.09
attention,16,0,2,1024,1,1584.92
attention,16,0,2,2048,1,1498.73
attention,16,0,2,4096,1,1498.88
attention,16,0,2,8192,1,1498.73
attention,16,0,2,16384,1,1498.51
attention,16,0,4,16,1,1838.72
attention,16,0,4,32,1,1824.92
attention,16,0,4,64,1,1816.3
attention,16,0,4,128,1,1811.36
attention,16,0,4,256,1,1785.99
attention,16,0,4,512,1,1763.27
attention,16,0,4,1024,1,1683.77
attention,16,0,4,2048,1,1525.16
attention,16,0,4,4096,1,1525.19
attention,16,0,4,8192,1,1524.9
attention,16,0,4,16384,1,1525.23
attention,16,0,8,16,1,2186.35
attention,16,0,8,32,1,2162.86
attention,16,0,8,64,1,2146.01
attention,16,0,8,128,1,2135.7
attention,16,0,8,256,1,2085.79
attention,16,0,8,512,1,2026.25
attention,16,0,8,1024,1,1841.35
attention,16,0,8,2048,1,1504.79
attention,16,0,8,4096,1,1506.37
attention,16,0,8,8192,1,1505.86
attention,16,0,8,16384,1,1505.35
attention,16,0,16,16,1,2858.28
attention,16,0,16,32,1,2829.09
attention,16,0,16,64,1,2801.88
attention,16,0,16,128,1,2796.09
attention,16,0,16,256,1,2680.19
attention,16,0,16,512,1,2557.55
attention,16,0,16,1024,1,2214.25
attention,16,0,16,2048,1,1531.96
attention,16,0,16,4096,1,1532.83
attention,16,0,16,8192,1,1532.71
attention,16,0,16,16384,1,1531.43
attention,16,0,32,16,1,4331.85
attention,16,0,32,32,1,4215.93
attention,16,0,32,64,1,4196.78
attention,16,0,32,128,1,4128.06
attention,16,0,32,256,1,3913.45
attention,16,0,32,512,1,3567.16
attention,16,0,32,1024,1,2905.11
attention,16,0,32,2048,1,1593.91
attention,16,0,32,4096,1,1594.99
attention,16,0,32,8192,1,1591.63
attention,16,0,32,16384,1,1590.78
attention,16,0,64,16,1,2265.12
attention,16,0,64,32,1,2297.65
attention,16,0,64,64,1,2271.29
attention,16,0,64,128,1,2241.32
attention,16,0,64,256,1,2137.09
attention,16,0,64,512,1,1915.74
attention,16,0,64,1024,1,1512.78
attention,16,0,64,2048,1,698.105
attention,16,0,64,4096,1,700.712
attention,16,0,64,8192,1,692.554
attention,16,0,64,16384,1,694.865
attention,16,0,128,16,1,4033.54
attention,16,0,128,32,1,3910.85
attention,16,0,128,64,1,3804.11
attention,16,0,128,128,1,3896.81
attention,16,0,128,256,1,3818.29
attention,16,0,128,512,1,3276.22
attention,16,0,128,1024,1,2757.32
attention,16,0,128,2048,1,1299.03
attention,16,0,128,4096,1,1304.39
attention,16,0,128,8192,1,1297.27
attention,16,0,128,16384,1,1296.61
attention,16,16,0,0,1,1507.73
attention,16,16,1,16,1,1563.79
attention,16,16,1,32,1,1563.81
attention,16,16,1,64,1,1564.05
attention,16,16,1,128,1,1557.7
attention,16,16,1,256,1,1554.4
attention,16,16,1,512,1,1547.59
attention,16,16,1,1024,1,1521.94
attention,16,16,1,2048,1,1475.68
attention,16,16,1,4096,1,1475.57
attention,16,16,1,8192,1,1475.55
attention,16,16,1,16384,1,1474.53
attention,16,16,2,16,1,1649.69
attention,16,16,2,32,1,1655.93
attention,16,16,2,64,1,1652.94
attention,16,16,2,128,1,1641.27
attention,16,16,2,256,1,1637.98
attention,16,16,2,512,1,1619.67
attention,16,16,2,1024,1,1562.25
attention,16,16,2,2048,1,1479.95
attention,16,16,2,4096,1,1480.23
attention,16,16,2,8192,1,1479.59
attention,16,16,2,16384,1,1479.77
attention,16,16,4,16,1,1824.64
attention,16,16,4,32,1,1832.56
attention,16,16,4,64,1,1824.35
attention,16,16,4,128,1,1794.43
attention,16,16,4,256,1,1774.16
attention,16,16,4,512,1,1738.68
attention,16,16,4,1024,1,1658.85
attention,16,16,4,2048,1,1494.51
attention,16,16,4,4096,1,1493.85
attention,16,16,4,8192,1,1493.57
attention,16,16,4,16384,1,1493.08
attention,16,16,8,16,1,2169.52
attention,16,16,8,32,1,2188.73
attention,16,16,8,64,1,2175.83
attention,16,16,8,128,1,2118.15
attention,16,16,8,256,1,2102.68
attention,16,16,8,512,1,1990.72
attention,16,16,8,1024,1,1836.8
attention,16,16,8,2048,1,1510.62
attention,16,16,8,4096,1,1510.2
attention,16,16,8,8192,1,1509.33
attention,16,16,8,16384,1,1508.84
attention,16,16,16,16,1,2869.97
attention,16,16,16,32,1,2813.91
attention,16,16,16,64,1,2838.89
attention,16,16,16,128,1,2768.99
attention,16,16,16,256,1,2702.89
attention,16,16,16,512,1,2502.15
attention,16,16,16,1024,1,2188.72
attention,16,16,16,2048,1,1531.78
attention,16,16,16,4096,1,1531.38
attention,16,16,16,8192,1,1532.98
attention,16,16,16,16384,1,1538.46
attention,16,16,32,16,1,4335.53
attention,16,16,32,32,1,4162.48
attention,16,16,32,64,1,4135.25
attention,16,16,32,128,1,4107.9
attention,16,16,32,256,1,3910.62
attention,16,16,32,512,1,3586.36
attention,16,16,32,1024,1,2888.91
attention,16,16,32,2048,1,1592.68
attention,16,16,32,4096,1,1595.38
attention,16,16,32,8192,1,1605.22
attention,16,16,32,16384,1,1625.44
attention,16,16,64,16,1,2307.75
attention,16,16,64,32,1,2249.46
attention,16,16,64,64,1,2223.96
attention,16,16,64,128,1,2197.4
attention,16,16,64,256,1,2136.22
attention,16,16,64,512,1,1928.08
attention,16,16,64,1024,1,1511.93
attention,16,16,64,2048,1,698.538
attention,16,16,64,4096,1,704.682
attention,16,16,64,8192,1,719.713
attention,16,16,64,16384,1,722.577
attention,16,16,128,16,1,3968.33
attention,16,16,128,32,1,3973.17
attention,16,16,128,64,1,3850.81
attention,16,16,128,128,1,3798.13
attention,16,16,128,256,1,3738.36
attention,16,16,128,512,1,3384.82
attention,16,16,128,1024,1,2519.32
attention,16,16,128,2048,1,1310.55
attention,16,16,128,4096,1,1321.51
attention,16,16,128,8192,1,1318.09
attention,16,16,128,16384,1,1318.73
attention,16,32,0,0,1,1517.72
attention,16,32,1,16,1,1564.26
attention,16,32,1,32,1,1565.13
attention,16,32,1,64,1,1558.13
attention,16,32,1,128,1,1559.69
attention,16,32,1,256,1,1549.29
attention,16,32,1,512,1,1531.51
attention,16,32,1,1024,1,1502.34
attention,16,32,1,2048,1,1477.91
attention,16,32,1,4096,1,1478.44
attention,16,32,1,8192,1,1478.65
attention,16,32,1,16384,1,1478.77
attention,16,32,2,16,1,1648.63
attention,16,32,2,32,1,1652.7
attention,16,32,2,64,1,1641.66
attention,16,32,2,128,1,1642.2
attention,16,32,2,256,1,1619.07
attention,16,32,2,512,1,1588.76
attention,16,32,2,1024,1,1562.03
attention,16,32,2,2048,1,1483.85
attention,16,32,2,4096,1,1484.55
attention,16,32,2,8192,1,1484.45
attention,16,32,2,16384,1,1483.83
attention,16,32,4,16,1,1818.08
attention,16,32,4,32,1,1828.49
attention,16,32,4,64,1,1807.87
attention,16,32,4,128,1,1799.53
attention,16,32,4,256,1,1755.43
attention,16,32,4,512,1,1739.65
attention,16,32,4,1024,1,1652.57
attention,16,32,4,2048,1,1493.09
attention,16,32,4,4096,1,1492.86
attention,16,32,4,8192,1,1491.78
attention,16,32,4,16384,1,1491.03
attention,16,32,8,16,1,2147.82
attention,16,32,8,32,1,2182.87
attention,16,32,8,64,1,2138.73
attention,16,32,8,128,1,2117.08
attention,16,32,8,256,1,2059.31
attention,16,32,8,512,1,2001.63
attention,16,32,8,1024,1,1827.53
attention,16,32,8,2048,1,1513.11
attention,16,32,8,4096,1,1512.63
attention,16,32,8,8192,1,1512.06
attention,16,32,8,16384,1,1511.1
attention,16,32,16,16,1,2803.26
attention,16,32,16,32,1,2804.13
attention,16,32,16,64,1,2788.42
attention,16,32,16,128,1,2744.81
attention,16,32,16,256,1,2652.01
attention,16,32,16,512,1,2507.94
attention,16,32,16,1024,1,2171.36
attention,16,32,16,2048,1,1525.09
attention,16,32,16,4096,1,1523.99
attention,16,32,16,8192,1,1524.79
attention,16,32,16,16384,1,1530.64
attention,16,32,32,16,1,4145.99
attention,16,32,32,32,1,4264.97
attention,16,32,32,64,1,4202.13
attention,16,32,32,128,1,4146.04
attention,16,32,32,256,1,3951.61
attention,16,32,32,512,1,3594.8
attention,16,32,32,1024,1,2890.03
attention,16,32,32,2048,1,1587.4
attention,16,32,32,4096,1,1591.15
attention,16,32,32,8192,1,1597
attention,16,32,32,16384,1,1614.75
attention,16,32,64,16,1,2305.24
attention,16,32,64,32,1,2204.19
attention,16,32,64,64,1,2265.59
attention,16,32,64,128,1,2240.99
attention,16,32,64,256,1,2043.35
attention,16,32,64,512,1,1928.29
attention,16,32,64,1024,1,1510.96
attention,16,32,64,2048,1,697.985
attention,16,32,64,4096,1,705.561
attention,16,32,64,8192,1,720.368
attention,16,32,64,16384,1,722.137
attention,16,32,128,16,1,3922.62
attention,16,32,128,32,1,3896.78
attention,16,32,128,64,1,3900.4
attention,16,32,128,128,1,3885.54
attention,16,32,128,256,1,3612.23
attention,16,32,128,512,1,3295.3
attention,16,32,128,1024,1,2518.55
attention,16,32,128,2048,1,1326.11
attention,16,32,128,4096,1,1321.23
attention,16,32,128,8192,1,1317.23
attention,16,32,128,16384,1,1319.92
attention,16,64,0,0,1,1497.65
attention,16,64,1,16,1,1533.79
attention,16,64,1,32,1,1531.95
attention,16,64,1,64,1,1529.27
attention,16,64,1,128,1,1528.06
attention,16,64,1,256,1,1522.24
attention,16,64,1,512,1,1515.51
attention,16,64,1,1024,1,1490.73
attention,16,64,1,2048,1,1443.41
attention,16,64,1,4096,1,1443.99
attention,16,64,1,8192,1,1443.88
attention,16,64,1,16384,1,1443.11
attention,16,64,2,16,1,1629.65
attention,16,64,2,32,1,1626.26
attention,16,64,2,64,1,1624.39
attention,16,64,2,128,1,1622.91
attention,16,64,2,256,1,1607.34
attention,16,64,2,512,1,1583.47
attention,16,64,2,1024,1,1532.69
attention,16,64,2,2048,1,1453.05
attention,16,64,2,4096,1,1452.83
attention,16,64,2,8192,1,1451.98
attention,16,64,2,16384,1,1452.66
attention,16,64,4,16,1,1813.83
attention,16,64,4,32,1,1804.69
attention,16,64,4,64,1,1788.99
attention,16,64,4,128,1,1775.15
attention,16,64,4,256,1,1738.92
attention,16,64,4,512,1,1706.21
attention,16,64,4,1024,1,1629.72
attention,16,64,4,2048,1,1463.26
attention,16,64,4,4096,1,1463
attention,16,64,4,8192,1,1462.13
attention,16,64,4,16384,1,1461.67
attention,16,64,8,16,1,2157.21
attention,16,64,8,32,1,2167.55
attention,16,64,8,64,1,2137.43
attention,16,64,8,128,1,2094.24
attention,16,64,8,256,1,2048.33
attention,16,64,8,512,1,1967.08
attention,16,64,8,1024,1,1810.4
attention,16,64,8,2048,1,1483.16
attention,16,64,8,4096,1,1483.69
attention,16,64,8,8192,1,1483.54
attention,16,64,8,16384,1,1481.93
attention,16,64,16,16,1,2793.67
attention,16,64,16,32,1,2858.83
attention,16,64,16,64,1,2796.96
attention,16,64,16,128,1,2712
attention,16,64,16,256,1,2657.44
attention,16,64,16,512,1,2484.84
attention,16,64,16,1024,1,2147.96
attention,16,64,16,2048,1,1504.81
attention,16,64,16,4096,1,1504.11
attention,16,64,16,8192,1,1505.4
attention,16,64,16,16384,1,1511.28
attention,16,64,32,16,1,4173.29
attention,16,64,32,32,1,4242.49
attention,16,64,32,64,1,4212.21
attention,16,64,32,128,1,4012.32
attention,16,64,32,256,1,3921.99
attention,16,64,32,512,1,3570.3
attention,16,64,32,1024,1,2874.46
attention,16,64,32,2048,1,1571.54
attention,16,64,32,4096,1,1571.64
attention,16,64,32,8192,1,1582.89
attention,16,64,32,16384,1,1600.95
attention,16,64,64,16,1,2299.33
attention,16,64,64,32,1,2162.68
attention,16,64,64,64,1,2264.28
attention,16,64,64,128,1,2224.45
attention,16,64,64,256,1,2136.9
attention,16,64,64,512,1,1928.43
attention,16,64,64,1024,1,1512.01
attention,16,64,64,2048,1,697.506
attention,16,64,64,4096,1,704.986
attention,16,64,64,8192,1,719.648
attention,16,64,64,16384,1,722.145
attention,16,64,128,16,1,3931.77
attention,16,64,128,32,1,3906.76
attention,16,64,128,64,1,4061.24
attention,16,64,128,128,1,3818.25
attention,16,64,128,256,1,3793.77
attention,16,64,128,512,1,3390.57
attention,16,64,128,1024,1,2522.45
attention,16,64,128,2048,1,1311.61
attention,16,64,128,4096,1,1320.96
attention,16,64,128,8192,1,1318.55
attention,16,64,128,16384,1,1319.93
attention,16,128,0,0,1,1418.66
attention,16,128,1,16,1,1497.2
attention,16,128,1,32,1,1497.83
attention,16,128,1,64,1,1495.97
attention,16,128,1,128,1,1500.23
attention,16,128,1,256,1,1493.01
attention,16,128,1,512,1,1474.11
attention,16,128,1,1024,1,1443.92
attention,16,128,1,2048,1,1418.34
attention,16,128,1,4096,1,1418.18
attention,16,128,1,8192,1,1418.73
attention,16,128,1,16384,1,1418.64
attention,16,128,2,16,1,1571.55
attention,16,128,2,32,1,1570.69
attention,16,128,2,64,1,1572.41
attention,16,128,2,128,1,1577.09
attention,16,128,2,256,1,1560.22
attention,16,128,2,512,1,1527.73
attention,16,128,2,1024,1,1501.09
attention,16,128,2,2048,1,1422.75
attention,16,128,2,4096,1,1422.35
attention,16,128,2,8192,1,1423.44
attention,16,128,2,16384,1,1423.28
attention,16,128,4,16,1,1740.16
attention,16,128,4,32,1,1743.23
attention,16,128,4,64,1,1728.83
attention,16,128,4,128,1,1737.19
attention,16,128,4,256,1,1699.68
attention,16,128,4,512,1,1677.79
attention,16,128,4,1024,1,1589.85
attention,16,128,4,2048,1,1427.18
attention,16,128,4,4096,1,1426.48
attention,16,128,4,8192,1,1426.21
attention,16,128,4,16384,1,1425.98
attention,16,128,8,16,1,2102.76
attention,16,128,8,32,1,2081.63
attention,16,128,8,64,1,2065.68
attention,16,128,8,128,1,2069.25
attention,16,128,8,256,1,2009.55
attention,16,128,8,512,1,1927.61
attention,16,128,8,1024,1,1758.67
attention,16,128,8,2048,1,1451.11
attention,16,128,8,4096,1,1451.11
attention,16,128,8,8192,1,1450.5
attention,16,128,8,16384,1,1449.31
attention,16,128,16,16,1,2818.82
attention,16,128,16,32,1,2750.28
attention,16,128,16,64,1,2733.3
attention,16,128,16,128,1,2725.53
attention,16,128,16,256,1,2617.99
attention,16,128,16,512,1,2435.23
attention,16,128,16,1024,1,2111.47
attention,16,128,16,2048,1,1467.37
attention,16,128,16,4096,1,1466.44
attention,16,128,16,8192,1,1466.93
attention,16,128,16,16384,1,1473.34
attention,16,128,32,16,1,4088.73
attention,16,128,32,32,1,4123.7
attention,16,128,32,64,1,4136.06
attention,16,128,32,128,1,4100.27
attention,16,128,32,256,1,3900.46
attention,16,128,32,512,1,3540.92
attention,16,128,32,1024,1,2839.86
attention,16,128,32,2048,1,1539.21
attention,16,128,32,4096,1,1548.28
attention,16,128,32,8192,1,1553.35
attention,16,128,32,16384,1,1570.34
attention,16,128,64,16,1,2286.74
attention,16,128,64,32,1,2151.78
attention,16,128,64,64,1,2209.81
attention,16,128,64,128,1,2239.26
attention,16,128,64,256,1,2136.32
attention,16,128,64,512,1,1928.46
attention,16,128,64,1024,1,1489.25
attention,16,128,64,2048,1,696.537
attention,16,128,64,4096,1,705.073
attention,16,128,64,8192,1,721.337
attention,16,128,64,16384,1,722.144
attention,16,128,128,16,1,4112.58
attention,16,128,128,32,1,3967.62
attention,16,128,128,64,1,3891.45
attention,16,128,128,128,1,3991.44
attention,16,128,128,256,1,3565.74
attention,16,128,128,512,1,3338.21
attention,16,128,128,1024,1,2513.73
attention,16,128,128,2048,1,1310.55
attention,16,128,128,4096,1,1319.99
attention,16,128,128,8192,1,1319.51
attention,16,128,128,16384,1,1318.82
attention,16,256,0,0,1,1348.93
attention,16,256,1,16,1,1415.03
attention,16,256,1,32,1,1414.92
attention,16,256,1,64,1,1414.17
attention,16,256,1,128,1,1417.87
attention,16,256,1,256,1,1403.96
attention,16,256,1,512,1,1393.1
attention,16,256,1,1024,1,1367.19
attention,16,256,1,2048,1,1319.77
attention,16,256,1,4096,1,1320.41
attention,16,256,1,8192,1,1319.9
attention,16,256,1,16384,1,1319.8
attention,16,256,2,16,1,1494.31
attention,16,256,2,32,1,1490.68
attention,16,256,2,64,1,1489.53
attention,16,256,2,128,1,1483.76
attention,16,256,2,256,1,1484.89
attention,16,256,2,512,1,1452.69
attention,16,256,2,1024,1,1410.03
attention,16,256,2,2048,1,1324.87
attention,16,256,2,4096,1,1324.04
attention,16,256,2,8192,1,1324.63
attention,16,256,2,16384,1,1324.74
attention,16,256,4,16,1,1684.72
attention,16,256,4,32,1,1674.66
attention,16,256,4,64,1,1675.63
attention,16,256,4,128,1,1641.94
attention,16,256,4,256,1,1629.11
attention,16,256,4,512,1,1578.16
attention,16,256,4,1024,1,1503.43
attention,16,256,4,2048,1,1344.15
attention,16,256,4,4096,1,1344.21
attention,16,256,4,8192,1,1344.45
attention,16,256,4,16384,1,1343.09
attention,16,256,8,16,1,2012.69
attention,16,256,8,32,1,2033.58
attention,16,256,8,64,1,2004.98
attention,16,256,8,128,1,1998.37
attention,16,256,8,256,1,1932.84
attention,16,256,8,512,1,1846.72
attention,16,256,8,1024,1,1674.21
attention,16,256,8,2048,1,1361.24
attention,16,256,8,4096,1,1361.43
attention,16,256,8,8192,1,1360.19
attention,16,256,8,16384,1,1358.99
attention,16,256,16,16,1,2688.93
attention,16,256,16,32,1,2685.83
attention,16,256,16,64,1,2688.03
attention,16,256,16,128,1,2589.37
attention,16,256,16,256,1,2538.4
attention,16,256,16,512,1,2348.43
attention,16,256,16,1024,1,2026.14
attention,16,256,16,2048,1,1378.18
attention,16,256,16,4096,1,1378.4
attention,16,256,16,8192,1,1380.48
attention,16,256,16,16384,1,1384.94
attention,16,256,32,16,1,3934.03
attention,16,256,32,32,1,4017.51
attention,16,256,32,64,1,3922.49
attention,16,256,32,128,1,3904.78
attention,16,256,32,256,1,3872.94
attention,16,256,32,512,1,3466.97
attention,16,256,32,1024,1,2777.25
attention,16,256,32,2048,1,1487.93
attention,16,256,32,4096,1,1492.04
attention,16,256,32,8192,1,1498.7
attention,16,256,32,16384,1,1515.26
attention,16,256,64,16,1,2259.53
attention,16,256,64,32,1,2245.89
attention,16,256,64,64,1,2204.93
attention,16,256,64,128,1,2212.7
attention,16,256,64,256,1,2137
attention,16,256,64,512,1,1928.75
attention,16,256,64,1024,1,1512.04
attention,16,256,64,2048,1,696.793
attention,16,256,64,4096,1,703.951
attention,16,256,64,8192,1,720.288
attention,16,256,64,16384,1,722.033
attention,16,256,128,16,1,4084.53
attention,16,256,128,32,1,3900.13
attention,16,256,128,64,1,3805.81
attention,16,256,128,128,1,3876.94
attention,16,256,128,256,1,3569.26
attention,16,256,128,512,1,3352.18
attention,16,256,128,1024,1,2599.26
attention,16,256,128,2048,1,1310.15
attention,16,256,128,4096,1,1322.42
attention,16,256,128,8192,1,1319.08
attention,16,256,128,16384,1,1319.15
attention,16,512,0,0,1,1197.88
attention,16,512,1,16,1,1246.72
attention,16,512,1,32,1,1245.56
attention,16,512,1,64,1,1244.24
attention,16,512,1,128,1,1239.74
attention,16,512,1,256,1,1232.31
attention,16,512,1,512,1,1228.15
attention,16,512,1,1024,1,1200.14
attention,16,512,1,2048,1,1164.67
attention,16,512,1,4096,1,1164.32
attention,16,512,1,8192,1,1165.13
attention,16,512,1,16384,1,1165.69
attention,16,512,2,16,1,1345.09
attention,16,512,2,32,1,1342.73
attention,16,512,2,64,1,1338.06
attention,16,512,2,128,1,1330.13
attention,16,512,2,256,1,1309.76
attention,16,512,2,512,1,1304.19
attention,16,512,2,1024,1,1249.23
attention,16,512,2,2048,1,1165.22
attention,16,512,2,4096,1,1164.24
attention,16,512,2,8192,1,1164.39
attention,16,512,2,16384,1,1165.58
attention,16,512,4,16,1,1522.07
attention,16,512,4,32,1,1519.06
attention,16,512,4,64,1,1514.42
attention,16,512,4,128,1,1509.73
attention,16,512,4,256,1,1478.73
attention,16,512,4,512,1,1434.51
attention,16,512,4,1024,1,1358.01
attention,16,512,4,2048,1,1179.94
attention,16,512,4,4096,1,1180.46
attention,16,512,4,8192,1,1179.48
attention,16,512,4,16384,1,1178.73
attention,16,512,8,16,1,1871.13
attention,16,512,8,32,1,1880.57
attention,16,512,8,64,1,1846.95
attention,16,512,8,128,1,1808.02
attention,16,512,8,256,1,1779.49
attention,16,512,8,512,1,1682.83
attention,16,512,8,1024,1,1531.88
attention,16,512,8,2048,1,1195.23
attention,16,512,8,4096,1,1195.27
attention,16,512,8,8192,1,1191.43
attention,16,512,8,16384,1,1193.59
attention,16,512,16,16,1,2506.96
attention,16,512,16,32,1,2505.51
attention,16,512,16,64,1,2417.25
attention,16,512,16,128,1,2436.18
attention,16,512,16,256,1,2343.39
attention,16,512,16,512,1,2218.01
attention,16,512,16,1024,1,1861.92
attention,16,512,16,2048,1,1215.55
attention,16,512,16,4096,1,1214.42
attention,16,512,16,8192,1,1215.39
attention,16,512,16,16384,1,1222.06
attention,16,512,32,16,1,3858.67
attention,16,512,32,32,1,3856.4
attention,16,512,32,64,1,3839.2
attention,16,512,32,128,1,3738.78
attention,16,512,32,256,1,3545.71
attention,16,512,32,512,1,3417.85
attention,16,512,32,1024,1,2687.26
attention,16,512,32,2048,1,1385.32
attention,16,512,32,4096,1,1383.97
attention,16,512,32,8192,1,1393
attention,16,512,32,16384,1,1415.29
attention,16,512,64,16,1,2185.55
attention,16,512,64,32,1,2194.45
attention,16,512,64,64,1,2088.44
attention,16,512,64,128,1,2161.14
attention,16,512,64,256,1,2063.86
attention,16,512,64,512,1,1927.63
attention,16,512,64,1024,1,1471.44
attention,16,512,64,2048,1,697.154
attention,16,512,64,4096,1,704.217
attention,16,512,64,8192,1,721.353
attention,16,512,64,16384,1,723.088
attention,16,512,128,16,1,3815.39
attention,16,512,128,32,1,3765.86
attention,16,512,128,64,1,3761.9
attention,16,512,128,128,1,3675.45
attention,16,512,128,256,1,3558.34
attention,16,512,128,512,1,3196.53
attention,16,512,128,1024,1,2520.52
attention,16,512,128,2048,1,1308.93
attention,16,512,128,4096,1,1322.9
attention,16,512,128,8192,1,1318.17
attention,16,512,128,16384,1,1320.23
attention,16,1024,0,0,1,842.977
attention,16,1024,1,16,1,919.975
attention,16,1024,1,32,1,919.466
attention,16,1024,1,64,1,918.553
attention,16,1024,1,128,1,915.674
attention,16,1024,1,256,1,911.073
attention,16,1024,1,512,1,898.25
attention,16,1024,1,1024,1,879.808
attention,16,1024,1,2048,1,835.562
attention,16,1024,1,4096,1,836.737
attention,16,1024,1,8192,1,836.123
attention,16,1024,1,16384,1,835.961
attention,16,1024,2,16,1,1017.49
attention,16,1024,2,32,1,1014.67
attention,16,1024,2,64,1,1008.4
attention,16,1024,2,128,1,1003.36
attention,16,1024,2,256,1,996.297
attention,16,1024,2,512,1,971.354
attention,16,1024,2,1024,1,934.913
attention,16,1024,2,2048,1,843.146
attention,16,1024,2,4096,1,842.153
attention,16,1024,2,8192,1,842.856
attention,16,1024,2,16384,1,843.185
attention,16,1024,4,16,1,1204.47
attention,16,1024,4,32,1,1206.54
attention,16,1024,4,64,1,1197.51
attention,16,1024,4,128,1,1186.35
attention,16,1024,4,256,1,1148.71
attention,16,1024,4,512,1,1114.75
attention,16,1024,4,1024,1,1019.04
attention,16,1024,4,2048,1,850.801
attention,16,1024,4,4096,1,850.401
attention,16,1024,4,8192,1,849.393
attention,16,1024,4,16384,1,849.376
attention,16,1024,8,16,1,1530.08
attention,16,1024,8,32,1,1534.83
attention,16,1024,8,64,1,1521.17
attention,16,1024,8,128,1,1507.68
attention,16,1024,8,256,1,1452.14
attention,16,1024,8,512,1,1377.02
attention,16,1024,8,1024,1,1193.11
attention,16,1024,8,2048,1,864.122
attention,16,1024,8,4096,1,863.635
attention,16,1024,8,8192,1,862.057
attention,16,1024,8,16384,1,862.905
attention,16,1024,16,16,1,2188.59
attention,16,1024,16,32,1,2189.95
attention,16,1024,16,64,1,2172.36
attention,16,1024,16,128,1,2112.12
attention,16,1024,16,256,1,2035.4
attention,16,1024,16,512,1,1862.95
attention,16,1024,16,1024,1,1573.85
attention,16,1024,16,2048,1,883.402
attention,16,1024,16,4096,1,882.121
attention,16,1024,16,8192,1,884.418
attention,16,1024,16,16384,1,890.603
attention,16,1024,32,16,1,3495.52
attention,16,1024,32,32,1,3508.48
attention,16,1024,32,64,1,3478.22
attention,16,1024,32,128,1,3423.02
attention,16,1024,32,256,1,3269.78
attention,16,1024,32,512,1,2992.53
attention,16,1024,32,1024,1,2525.72
attention,16,1024,32,2048,1,1143.34
attention,16,1024,32,4096,1,1150.2
attention,16,1024,32,8192,1,1155.56
attention,16,1024,32,16384,1,1174.54
attention,16,1024,64,16,1,2062.36
attention,16,1024,64,32,1,2090.54
attention,16,1024,64,64,1,2069.12
attention,16,1024,64,128,1,1940.73
attention,16,1024,64,256,1,1979.21
attention,16,1024,64,512,1,1828.06
attention,16,1024,64,1024,1,1511.86
attention,16,1024,64,2048,1,698.114
attention,16,1024,64,4096,1,704.721
attention,16,1024,64,8192,1,720.402
attention,16,1024,64,16384,1,720.977
attention,16,1024,128,16,1,3736.8
attention,16,1024,128,32,1,3931.99
attention,16,1024,128,64,1,3742.18
attention,16,1024,128,128,1,3560.57
attention,16,1024,128,256,1,3392.13
attention,16,1024,128,512,1,3060.47
attention,16,1024,128,1024,1,2565.07
attention,16,1024,128,2048,1,1308.94
attention,16,1024,128,4096,1,1321.15
attention,16,1024,128,8192,1,1317.87
attention,16,1024,128,16384,1,1318.91
attention,16,2048,0,0,1,313.592
attention,16,2048,1,16,1,469.049
attention,16,2048,1,32,1,454.905
attention,16,2048,1,64,1,455.377
attention,16,2048,1,128,1,459.696
attention,16,2048,1,256,1,468.273
attention,16,2048,1,512,1,486.384
attention,16,2048,1,1024,1,521.937
attention,16,2048,1,2048,1,557.12
attention,16,2048,1,4096,1,556.4
attention,16,2048,1,8192,1,556.56
attention,16,2048,1,16384,1,556.233
attention,16,2048,2,16,1,459.314
attention,16,2048,2,32,1,459.808
attention,16,2048,2,64,1,459.416
attention,16,2048,2,128,1,464.649
attention,16,2048,2,256,1,471.104
attention,16,2048,2,512,1,486.609
attention,16,2048,2,1024,1,521.905
attention,16,2048,2,2048,1,554.032
attention,16,2048,2,4096,1,554
attention,16,2048,2,8192,1,555.921
attention,16,2048,2,16384,1,557.633
attention,16,2048,4,16,1,543.514
attention,16,2048,4,32,1,541.009
attention,16,2048,4,64,1,533.968
attention,16,2048,4,128,1,523.032
attention,16,2048,4,256,1,505.689
attention,16,2048,4,512,1,500.849
attention,16,2048,4,1024,1,534.722
attention,16,2048,4,2048,1,562.44
attention,16,2048,4,4096,1,562.097
attention,16,2048,4,8192,1,560.818
attention,16,2048,4,16384,1,561.218
attention,16,2048,8,16,1,869.625
attention,16,2048,8,32,1,861.993
attention,16,2048,8,64,1,853.346
attention,16,2048,8,128,1,829.81
attention,16,2048,8,256,1,784.361
attention,16,2048,8,512,1,698.098
attention,16,2048,8,1024,1,611.258
attention,16,2048,8,2048,1,555.064
attention,16,2048,8,4096,1,550.048
attention,16,2048,8,8192,1,547.929
attention,16,2048,8,16384,1,549.289
attention,16,2048,16,16,1,1536.69
attention,16,2048,16,32,1,1527.17
attention,16,2048,16,64,1,1507.28
attention,16,2048,16,128,1,1458.97
attention,16,2048,16,256,1,1376.21
attention,16,2048,16,512,1,1204.09
attention,16,2048,16,1024,1,867.498
attention,16,2048,16,2048,1,551.633
attention,16,2048,16,4096,1,551.002
attention,16,2048,16,8192,1,553.306
attention,16,2048,16,16384,1,562.698
attention,16,2048,32,16,1,2899.9
attention,16,2048,32,32,1,2843.33
attention,16,2048,32,64,1,2744.6
attention,16,2048,32,128,1,2684.37
attention,16,2048,32,256,1,2578.58
attention,16,2048,32,512,1,2335.57
attention,16,2048,32,1024,1,1760.63
attention,16,2048,32,2048,1,746.595
attention,16,2048,32,4096,1,758.866
attention,16,2048,32,8192,1,767.218
attention,16,2048,32,16384,1,796.673
attention,16,2048,64,16,1,1899.21
attention,16,2048,64,32,1,1882.59
attention,16,2048,64,64,1,1862.94
attention,16,2048,64,128,1,1850.47
attention,16,2048,64,256,1,1743.49
attention,16,2048,64,512,1,1622.33
attention,16,2048,64,1024,1,1316.92
attention,16,2048,64,2048,1,697.177
attention,16,2048,64,4096,1,729.081
attention,16,2048,64,8192,1,733.938
attention,16,2048,64,16384,1,731.251
attention,16,2048,128,16,1,3716.9
attention,16,2048,128,32,1,3700.78
attention,16,2048,128,64,1,3550.81
attention,16,2048,128,128,1,3427.33
attention,16,2048,128,256,1,3264.15
attention,16,2048,128,512,1,3004.46
attention,16,2048,128,1024,1,2290.57
attention,16,2048,128,2048,1,1323.68
attention,16,2048,128,4096,1,1336.41
attention,16,2048,128,8192,1,1358.01
attention,16,2048,128,16384,1,1334.8
attention,16,4096,0,0,1,312.376
attention,16,4096,1,16,1,467.16
attention,16,4096,1,32,1,470.92
attention,16,4096,1,64,1,470.865
attention,16,4096,1,128,1,472.705
attention,16,4096,1,256,1,477.449
attention,16,4096,1,512,1,493.234
attention,16,4096,1,1024,1,523.473
attention,16,4096,1,2048,1,558.53
attention,16,4096,1,4096,1,558.536
attention,16,4096,1,8192,1,559.529
attention,16,4096,1,16384,1,558.361
attention,16,4096,2,16,1,474.527
attention,16,4096,2,32,1,474.226
attention,16,4096,2,64,1,473.547
attention,16,4096,2,128,1,462.337
attention,16,4096,2,256,1,470.344
attention,16,4096,2,512,1,487.418
attention,16,4096,2,1024,1,520.625
attention,16,4096,2,2048,1,552.583
attention,16,4096,2,4096,1,552.368
attention,16,4096,2,8192,1,552.288
attention,16,4096,2,16384,1,551.833
attention,16,4096,4,16,1,532.329
attention,16,4096,4,32,1,529
attention,16,4096,4,64,1,523.383
attention,16,4096,4,128,1,512.201
attention,16,4096,4,256,1,493.576
attention,16,4096,4,512,1,489.705
attention,16,4096,4,1024,1,525.073
attention,16,4096,4,2048,1,557.119
attention,16,4096,4,4096,1,556.424
attention,16,4096,4,8192,1,556.568
attention,16,4096,4,16384,1,556.384
attention,16,4096,8,16,1,862.344
attention,16,4096,8,32,1,854.793
attention,16,4096,8,64,1,843.714
attention,16,4096,8,128,1,823.859
attention,16,4096,8,256,1,778.512
attention,16,4096,8,512,1,691.145
attention,16,4096,8,1024,1,604.273
attention,16,4096,8,2048,1,549.088
attention,16,4096,8,4096,1,548.801
attention,16,4096,8,8192,1,546.937
attention,16,4096,8,16384,1,547.904
attention,16,4096,16,16,1,1537.26
attention,16,4096,16,32,1,1525.35
attention,16,4096,16,64,1,1507
attention,16,4096,16,128,1,1434.74
attention,16,4096,16,256,1,1374.95
attention,16,4096,16,512,1,1201.6
attention,16,4096,16,1024,1,865.024
attention,16,4096,16,2048,1,549.21
attention,16,4096,16,4096,1,548.321
attention,16,4096,16,8192,1,550.409
attention,16,4096,16,16384,1,556.784
attention,16,4096,32,16,1,2894.56
attention,16,4096,32,32,1,2873.27
attention,16,4096,32,64,1,2831.73
attention,16,4096,32,128,1,2757.98
attention,16,4096,32,256,1,2580.06
attention,16,4096,32,512,1,2333.03
attention,16,4096,32,1024,1,1757.19
attention,16,4096,32,2048,1,746.401
attention,16,4096,32,4096,1,751.122
attention,16,4096,32,8192,1,759.123
attention,16,4096,32,16384,1,770.177
attention,16,4096,64,16,1,1857.98
attention,16,4096,64,32,1,1772.94
attention,16,4096,64,64,1,1861.31
attention,16,4096,64,128,1,1815.92
attention,16,4096,64,256,1,1771.45
attention,16,4096,64,512,1,1616.28
attention,16,4096,64,1024,1,1304.55
attention,16,4096,64,2048,1,716.595
attention,16,4096,64,4096,1,703.73
attention,16,4096,64,8192,1,718.377
attention,16,4096,64,16384,1,722.354
attention,16,4096,128,16,1,3581.23
attention,16,4096,128,32,1,3676.18
attention,16,4096,128,64,1,3632.5
attention,16,4096,128,128,1,3475.23
attention,16,4096,128,256,1,3395.36
attention,16,4096,128,512,1,2905.02
attention,16,4096,128,1024,1,2339.36
attention,16,4096,128,2048,1,1309.36
attention,16,4096,128,4096,1,1320.19
attention,16,4096,128,8192,1,1316.91
attention,16,4096,128,16384,1,1319.07
attention,16,8192,0,0,1,309.441
attention,16,8192,1,16,1,456.433
attention,16,8192,1,32,1,456.385
attention,16,8192,1,64,1,456.552
attention,16,8192,1,128,1,460.152
attention,16,8192,1,256,1,467.481
attention,16,8192,1,512,1,484.856
attention,16,8192,1,1024,1,520.953
attention,16,8192,1,2048,1,555.441
attention,16,8192,1,4096,1,555.136
attention,16,8192,1,8192,1,555.241
attention,16,8192,1,16384,1,555.73
attention,16,8192,2,16,1,460.649
attention,16,8192,2,32,1,459.232
attention,16,8192,2,64,1,460.425
attention,16,8192,2,128,1,463.184
attention,16,8192,2,256,1,470.099
attention,16,8192,2,512,1,485.897
attention,16,8192,2,1024,1,520.45
attention,16,8192,2,2048,1,553
attention,16,8192,2,4096,1,553.247
attention,16,8192,2,8192,1,552.88
attention,16,8192,2,16384,1,553.184
attention,16,8192,4,16,1,532.793
attention,16,8192,4,32,1,529.601
attention,16,8192,4,64,1,522.737
attention,16,8192,4,128,1,511.178
attention,16,8192,4,256,1,494.042
attention,16,8192,4,512,1,489.361
attention,16,8192,4,1024,1,525.096
attention,16,8192,4,2048,1,556.41
attention,16,8192,4,4096,1,556.872
attention,16,8192,4,8192,1,556.962
attention,16,8192,4,16384,1,556.08
attention,16,8192,8,16,1,864.187
attention,16,8192,8,32,1,856.719
attention,16,8192,8,64,1,846.489
attention,16,8192,8,128,1,824.755
attention,16,8192,8,256,1,782.568
attention,16,8192,8,512,1,694.097
attention,16,8192,8,1024,1,610.656
attention,16,8192,8,2048,1,552.12
attention,16,8192,8,4096,1,552.898
attention,16,8192,8,8192,1,547.471
attention,16,8192,8,16384,1,548.658
attention,16,8192,16,16,1,1535.83
attention,16,8192,16,32,1,1525.27
attention,16,8192,16,64,1,1505.83
attention,16,8192,16,128,1,1462.15
attention,16,8192,16,256,1,1376.42
attention,16,8192,16,512,1,1202.46
attention,16,8192,16,1024,1,866.104
attention,16,8192,16,2048,1,548.762
attention,16,8192,16,4096,1,549.2
attention,16,8192,16,8192,1,549.976
attention,16,8192,16,16384,1,558.817
attention,16,8192,32,16,1,2893.12
attention,16,8192,32,32,1,2873.57
attention,16,8192,32,64,1,2780.37
attention,16,8192,32,128,1,2734.41
attention,16,8192,32,256,1,2578.16
attention,16,8192,32,512,1,2332.68
attention,16,8192,32,1024,1,1758.79
attention,16,8192,32,2048,1,747.242
attention,16,8192,32,4096,1,750.737
attention,16,8192,32,8192,1,759.337
attention,16,8192,32,16384,1,770.018
attention,16,8192,64,16,1,1894.16
attention,16,8192,64,32,1,1881.93
attention,16,8192,64,64,1,1861.24
attention,16,8192,64,128,1,1849.39
attention,16,8192,64,256,1,1771.32
attention,16,8192,64,512,1,1559.82
attention,16,8192,64,1024,1,1313.61
attention,16,8192,64,2048,1,708.16
attention,16,8192,64,4096,1,703.752
attention,16,8192,64,8192,1,718.889
attention,16,8192,64,16384,1,720.736
attention,16,8192,128,16,1,3569.29
attention,16,8192,128,32,1,3560.54
attention,16,8192,128,64,1,3450.47
attention,16,8192,128,128,1,3427.1
attention,16,8192,128,256,1,3282.85
attention,16,8192,128,512,1,3019.13
attention,16,8192,128,1024,1,2332.32
attention,16,8192,128,2048,1,1310.57
attention,16,8192,128,4096,1,1319.86
attention,16,8192,128,8192,1,1317.08
attention,16,8192,128,16384,1,1319.02
attention,16,16384,0,0,1,308.833
attention,16,16384,1,16,1,454.425
attention,16,16384,1,32,1,455.233
attention,16,16384,1,64,1,455.297
attention,16,16384,1,128,1,459.634
attention,16,16384,1,256,1,468.106
attention,16,16384,1,512,1,485.881
attention,16,16384,1,1024,1,520.993
attention,16,16384,1,2048,1,555.69
attention,16,16384,1,4096,1,555.376
attention,16,16384,1,8192,1,555.848
attention,16,16384,1,16384,1,555.4
attention,16,16384,2,16,1,457.009
attention,16,16384,2,32,1,457.754
attention,16,16384,2,64,1,458.168
attention,16,16384,2,128,1,462.002
attention,16,16384,2,256,1,470.162
attention,16,16384,2,512,1,485.947
attention,16,16384,2,1024,1,520.608
attention,16,16384,2,2048,1,551.826
attention,16,16384,2,4096,1,552.544
attention,16,16384,2,8192,1,553.201
attention,16,16384,2,16384,1,552.825
attention,16,16384,4,16,1,533.15
attention,16,16384,4,32,1,528.929
attention,16,16384,4,64,1,522.687
attention,16,16384,4,128,1,513.489
attention,16,16384,4,256,1,494.64
attention,16,16384,4,512,1,489.881
attention,16,16384,4,1024,1,525.502
attention,16,16384,4,2048,1,557.187
attention,16,16384,4,4096,1,557.777
attention,16,16384,4,8192,1,557.314
attention,16,16384,4,16384,1,556.112
attention,16,16384,8,16,1,862.912
attention,16,16384,8,32,1,855.633
attention,16,16384,8,64,1,845.962
attention,16,16384,8,128,1,823.632
attention,16,16384,8,256,1,780.393
attention,16,16384,8,512,1,692.154
attention,16,16384,8,1024,1,605.995
attention,16,16384,8,2048,1,550.009
attention,16,16384,8,4096,1,548.401
attention,16,16384,8,8192,1,547.849
attention,16,16384,8,16384,1,549.546
attention,16,16384,16,16,1,1534.36
attention,16,16384,16,32,1,1523.47
attention,16,16384,16,64,1,1505.41
attention,16,16384,16,128,1,1458.58
attention,16,16384,16,256,1,1373.03
attention,16,16384,16,512,1,1201.27
attention,16,16384,16,1024,1,865.1
attention,16,16384,16,2048,1,548.617
attention,16,16384,16,4096,1,548.57
attention,16,16384,16,8192,1,550.226
attention,16,16384,16,16384,1,558.946
attention,16,16384,32,16,1,2897.98
attention,16,16384,32,32,1,2780.37
attention,16,16384,32,64,1,2736.72
attention,16,16384,32,128,1,2759.03
attention,16,16384,32,256,1,2585.5
attention,16,16384,32,512,1,2327.28
attention,16,16384,32,1024,1,1755.9
attention,16,16384,32,2048,1,747.337
attention,16,16384,32,4096,1,750.569
attention,16,16384,32,8192,1,759.152
attention,16,16384,32,16384,1,770.553
attention,16,16384,64,16,1,1893.93
attention,16,16384,64,32,1,1880.47
attention,16,16384,64,64,1,1859.72
attention,16,16384,64,128,1,1848.91
attention,16,16384,64,256,1,1770.63
attention,16,16384,64,512,1,1559.82
attention,16,16384,64,1024,1,1305.2
attention,16,16384,64,2048,1,699.041
attention,16,16384,64,4096,1,703.321
attention,16,16384,64,8192,1,719.088
attention,16,16384,64,16384,1,720.666
attention,16,16384,128,16,1,3615.93
attention,16,16384,128,32,1,3534.67
attention,16,16384,128,64,1,3504.86
attention,16,16384,128,128,1,3437.3
attention,16,16384,128,256,1,3273.92
attention,16,16384,128,512,1,2999.97
attention,16,16384,128,1024,1,2364.45
attention,16,16384,128,2048,1,1311.36
attention,16,16384,128,4096,1,1319.11
attention,16,16384,128,8192,1,1316.51
attention,16,16384,128,16384,1,1319.04
attention,32,0,0,0,1,2817.19
attention,32,0,1,16,1,2904.12
attention,32,0,1,32,1,2903.73
attention,32,0,1,64,1,2902.68
attention,32,0,1,128,1,2900.48
attention,32,0,1,256,1,2895.61
attention,32,0,1,512,1,2886.49
attention,32,0,1,1024,1,2867.39
attention,32,0,1,2048,1,2837.82
attention,32,0,1,4096,1,2836.51
attention,32,0,1,8192,1,2832.87
attention,32,0,1,16384,1,2830.89
attention,32,0,2,16,1,2989.89
attention,32,0,2,32,1,2990.45
attention,32,0,2,64,1,2986.44
attention,32,0,2,128,1,2985.76
attention,32,0,2,256,1,2978.82
attention,32,0,2,512,1,2951.61
attention,32,0,2,1024,1,2907.06
attention,32,0,2,2048,1,2829.46
attention,32,0,2,4096,1,2829.36
attention,32,0,2,8192,1,2830.26
attention,32,0,2,16384,1,2829.81
attention,32,0,4,16,1,3155.59
attention,32,0,4,32,1,3159.01
attention,32,0,4,64,1,3150.33
attention,32,0,4,128,1,3141.12
attention,32,0,4,256,1,3124.39
attention,32,0,4,512,1,3083.09
attention,32,0,4,1024,1,2997.36
attention,32,0,4,2048,1,2835.78
attention,32,0,4,4096,1,2834.5
attention,32,0,4,8192,1,2834.38
attention,32,0,4,16384,1,2834.35
attention,32,0,8,16,1,3498.36
attention,32,0,8,32,1,3493.61
attention,32,0,8,64,1,3475.94
attention,32,0,8,128,1,3456.24
attention,32,0,8,256,1,3415.9
attention,32,0,8,512,1,3333.81
attention,32,0,8,1024,1,2991.82
attention,32,0,8,2048,1,2675.21
attention,32,0,8,4096,1,2677.08
attention,32,0,8,8192,1,2676.17
attention,32,0,8,16384,1,2675.72
attention,32,0,16,16,1,4002.19
attention,32,0,16,32,1,3949.97
attention,32,0,16,64,1,3945.4
attention,32,0,16,128,1,3932.56
attention,32,0,16,256,1,3992.39
attention,32,0,16,512,1,3865.86
attention,32,0,16,1024,1,3528.29
attention,32,0,16,2048,1,2704.08
attention,32,0,16,4096,1,2704.52
attention,32,0,16,8192,1,2706.52
attention,32,0,16,16384,1,2848.24
attention,32,0,32,16,1,5482.85
attention,32,0,32,32,1,5491.1
attention,32,0,32,64,1,5307.81
attention,32,0,32,128,1,5425.91
attention,32,0,32,256,1,5148.66
attention,32,0,32,512,1,4882.06
attention,32,0,32,1024,1,4142.22
attention,32,0,32,2048,1,2919.46
attention,32,0,32,4096,1,2921.5
attention,32,0,32,8192,1,2916.48
attention,32,0,32,16384,1,2915.94
attention,32,0,64,16,1,2958.22
attention,32,0,64,32,1,2951.08
attention,32,0,64,64,1,2908.98
attention,32,0,64,128,1,2890.52
attention,32,0,64,256,1,2691.07
attention,32,0,64,512,1,2548.67
attention,32,0,64,1024,1,2102.19
attention,32,0,64,2048,1,1228.78
attention,32,0,64,4096,1,1232.2
attention,32,0,64,8192,1,1225.04
attention,32,0,64,16384,1,1229.67
attention,32,0,128,16,1,4440.71
attention,32,0,128,32,1,4370.36
attention,32,0,128,64,1,4377.58
attention,32,0,128,128,1,4221.28
attention,32,0,128,256,1,3977.76
attention,32,0,128,512,1,3721.08
attention,32,0,128,1024,1,3037.92
attention,32,0,128,2048,1,1710.83
attention,32,0,128,4096,1,1715.96
attention,32,0,128,8192,1,1713.26
attention,32,0,128,16384,1,1739.37
attention,32,16,0,0,1,2805.62
attention,32,16,1,16,1,2908.54
attention,32,16,1,32,1,2911.11
attention,32,16,1,64,1,2903.89
attention,32,16,1,128,1,2900.98
attention,32,16,1,256,1,2896.62
attention,32,16,1,512,1,2888.65
attention,32,16,1,1024,1,2868.58
attention,32,16,1,2048,1,2815.49
attention,32,16,1,4096,1,2816.35
attention,32,16,1,8192,1,2816.08
attention,32,16,1,16384,1,2815.25
attention,32,16,2,16,1,2992.86
attention,32,16,2,32,1,2995.11
attention,32,16,2,64,1,2984.24
attention,32,16,2,128,1,2980.2
attention,32,16,2,256,1,2977.82
attention,32,16,2,512,1,2960.45
attention,32,16,2,1024,1,2920.47
attention,32,16,2,2048,1,2827.23
attention,32,16,2,4096,1,2826.8
attention,32,16,2,8192,1,2823.62
attention,32,16,2,16384,1,2825.04
attention,32,16,4,16,1,3139.78
attention,32,16,4,32,1,3153.38
attention,32,16,4,64,1,3137.98
attention,32,16,4,128,1,3118.7
attention,32,16,4,256,1,3100.94
attention,32,16,4,512,1,3078.85
attention,32,16,4,1024,1,2972.89
attention,32,16,4,2048,1,2812.44
attention,32,16,4,4096,1,2812.16
attention,32,16,4,8192,1,2812.14
attention,32,16,4,16384,1,2810.83
attention,32,16,8,16,1,3475.38
attention,32,16,8,32,1,3494
attention,32,16,8,64,1,3458.97
attention,32,16,8,128,1,3436.5
attention,32,16,8,256,1,3398.85
attention,32,16,8,512,1,3322.99
attention,32,16,8,1024,1,3154.81
attention,32,16,8,2048,1,2828.64
attention,32,16,8,4096,1,2827.31
attention,32,16,8,8192,1,2825.48
attention,32,16,8,16384,1,2828.58
attention,32,16,16,16,1,4195.29
attention,32,16,16,32,1,4245.23
attention,32,16,16,64,1,3949.27
attention,32,16,16,128,1,4118.6
attention,32,16,16,256,1,4096.66
attention,32,16,16,512,1,3845.38
attention,32,16,16,1024,1,3516.23
attention,32,16,16,2048,1,2851.53
attention,32,16,16,4096,1,2850.54
attention,32,16,16,8192,1,2853.51
attention,32,16,16,16384,1,2857.99
attention,32,16,32,16,1,5513.75
attention,32,16,32,32,1,5598.89
attention,32,16,32,64,1,5495.07
attention,32,16,32,128,1,5368.26
attention,32,16,32,256,1,4988.53
attention,32,16,32,512,1,4880.32
attention,32,16,32,1024,1,4207.39
attention,32,16,32,2048,1,2896.33
attention,32,16,32,4096,1,2901.1
attention,32,16,32,8192,1,2777.41
attention,32,16,32,16384,1,2918.73
attention,32,16,64,16,1,2981.5
attention,32,16,64,32,1,2824.76
attention,32,16,64,64,1,2965.12
attention,32,16,64,128,1,2868.81
attention,32,16,64,256,1,2729.54
attention,32,16,64,512,1,2732.62
attention,32,16,64,1024,1,2257.17
attention,32,16,64,2048,1,1249.79
attention,32,16,64,4096,1,1247.96
attention,32,16,64,8192,1,1264.26
attention,32,16,64,16384,1,1263.87
attention,32,16,128,16,1,4327.24
attention,32,16,128,32,1,4477.16
attention,32,16,128,64,1,4252.56
attention,32,16,128,128,1,4178.47
attention,32,16,128,256,1,4059.88
attention,32,16,128,512,1,3646.83
attention,32,16,128,1024,1,2876.81
attention,32,16,128,2048,1,1662.96
attention,32,16,128,4096,1,1666.89
attention,32,16,128,8192,1,1672.32
attention,32,16,128,16384,1,1695.33
attention,32,32,0,0,1,2722.42
attention,32,32,1,16,1,2779.47
attention,32,32,1,32,1,2879.62
attention,32,32,1,64,1,2872.02
attention,32,32,1,128,1,2871.83
attention,32,32,1,256,1,2866.3
attention,32,32,1,512,1,2857.51
attention,32,32,1,1024,1,2839.04
attention,32,32,1,2048,1,2795.93
attention,32,32,1,4096,1,2796.44
attention,32,32,1,8192,1,2795.18
attention,32,32,1,16384,1,2794.38
attention,32,32,2,16,1,2966.13
attention,32,32,2,32,1,2968.95
attention,32,32,2,64,1,2956.23
attention,32,32,2,128,1,2957.29
attention,32,32,2,256,1,2955.14
attention,32,32,2,512,1,2940.93
attention,32,32,2,1024,1,2904.83
attention,32,32,2,2048,1,2803.97
attention,32,32,2,4096,1,2802
attention,32,32,2,8192,1,2800.83
attention,32,32,2,16384,1,2799.99
attention,32,32,4,16,1,3118.89
attention,32,32,4,32,1,3119.58
attention,32,32,4,64,1,3109.59
attention,32,32,4,128,1,3106.62
attention,32,32,4,256,1,3083.18
attention,32,32,4,512,1,3057.21
attention,32,32,4,1024,1,2959.12
attention,32,32,4,2048,1,2793.57
attention,32,32,4,4096,1,2792
attention,32,32,4,8192,1,2792.84
attention,32,32,4,16384,1,2789.86
attention,32,32,8,16,1,3452.78
attention,32,32,8,32,1,3449.98
attention,32,32,8,64,1,3441.59
attention,32,32,8,128,1,3424.66
attention,32,32,8,256,1,3376.98
attention,32,32,8,512,1,3307.68
attention,32,32,8,1024,1,3133.5
attention,32,32,8,2048,1,2806.26
attention,32,32,8,4096,1,2810.11
attention,32,32,8,8192,1,2808.63
attention,32,32,8,16384,1,2808.23
attention,32,32,16,16,1,4169.38
attention,32,32,16,32,1,4163.89
attention,32,32,16,64,1,4149.7
attention,32,32,16,128,1,4162.92
attention,32,32,16,256,1,3865.57
attention,32,32,16,512,1,3839.51
attention,32,32,16,1024,1,3376.08
attention,32,32,16,2048,1,2836.01
attention,32,32,16,4096,1,2837.36
attention,32,32,16,8192,1,2839.61
attention,32,32,16,16384,1,2847.48
attention,32,32,32,16,1,5515.71
attention,32,32,32,32,1,5385.21
attention,32,32,32,64,1,5394.65
attention,32,32,32,128,1,5402.78
attention,32,32,32,256,1,5195.71
attention,32,32,32,512,1,4856.22
attention,32,32,32,1024,1,4189.09
attention,32,32,32,2048,1,2882.56
attention,32,32,32,4096,1,2886.36
attention,32,32,32,8192,1,2892.58
attention,32,32,32,16384,1,2906.47
attention,32,32,64,16,1,2965.39
attention,32,32,64,32,1,2965.13
attention,32,32,64,64,1,2881.31
attention,32,32,64,128,1,2782.41
attention,32,32,64,256,1,2820.31
attention,32,32,64,512,1,2735.36
attention,32,32,64,1024,1,2257.02
attention,32,32,64,2048,1,1242.22
attention,32,32,64,4096,1,1249.6
attention,32,32,64,8192,1,1266.32
attention,32,32,64,16384,1,1263.08
attention,32,32,128,16,1,4339.62
attention,32,32,128,32,1,4317.29
attention,32,32,128,64,1,4316.92
attention,32,32,128,128,1,4265.21
attention,32,32,128,256,1,4138.98
attention,32,32,128,512,1,3606.67
attention,32,32,128,1024,1,2876.48
attention,32,32,128,2048,1,1652.5
attention,32,32,128,4096,1,1659.6
attention,32,32,128,8192,1,1695.78
attention,32,32,128,16384,1,1694.53
attention,32,64,0,0,1,2738.14
attention,32,64,1,16,1,2837.21
attention,32,64,1,32,1,2837.3
attention,32,64,1,64,1,2834.41
attention,32,64,1,128,1,2831.02
attention,32,64,1,256,1,2829.81
attention,32,64,1,512,1,2828.73
attention,32,64,1,1024,1,2821.58
attention,32,64,1,2048,1,2761.16
attention,32,64,1,4096,1,2758.81
attention,32,64,1,8192,1,2759.45
attention,32,64,1,16384,1,2759.45
attention,32,64,2,16,1,2934.41
attention,32,64,2,32,1,2932.08
attention,32,64,2,64,1,2925.93
attention,32,64,2,128,1,2922.79
attention,32,64,2,256,1,2911.78
attention,32,64,2,512,1,2898.63
attention,32,64,2,1024,1,2855.32
attention,32,64,2,2048,1,2770.33
attention,32,64,2,4096,1,2768.39
attention,32,64,2,8192,1,2768.41
attention,32,64,2,16384,1,2768.18
attention,32,64,4,16,1,3083.2
attention,32,64,4,32,1,3076.54
attention,32,64,4,64,1,3067.72
attention,32,64,4,128,1,3060.35
attention,32,64,4,256,1,3038.53
attention,32,64,4,512,1,3014.34
attention,32,64,4,1024,1,2923.2
attention,32,64,4,2048,1,2751.46
attention,32,64,4,4096,1,2751.78
attention,32,64,4,8192,1,2751.14
attention,32,64,4,16384,1,2750.29
attention,32,64,8,16,1,3413.09
attention,32,64,8,32,1,3408.1
attention,32,64,8,64,1,3397.68
attention,32,64,8,128,1,3377.83
attention,32,64,8,256,1,3336.57
attention,32,64,8,512,1,3253.48
attention,32,64,8,1024,1,3097.45
attention,32,64,8,2048,1,2766.76
attention,32,64,8,4096,1,2768.04
attention,32,64,8,8192,1,2765.48
attention,32,64,8,16384,1,2764.03
attention,32,64,16,16,1,4127.17
attention,32,64,16,32,1,4132.64
attention,32,64,16,64,1,4111.68
attention,32,64,16,128,1,3871.18
attention,32,64,16,256,1,4013.11
attention,32,64,16,512,1,3806.31
attention,32,64,16,1024,1,3490.06
attention,32,64,16,2048,1,2800
attention,32,64,16,4096,1,2799.08
attention,32,64,16,8192,1,2802.89
attention,32,64,16,16384,1,2808.6
attention,32,64,32,16,1,5466.04
attention,32,64,32,32,1,5114.71
attention,32,64,32,64,1,5200.64
attention,32,64,32,128,1,5340.99
attention,32,64,32,256,1,5144.87
attention,32,64,32,512,1,4617.39
attention,32,64,32,1024,1,4074.03
attention,32,64,32,2048,1,2847.55
attention,32,64,32,4096,1,2849.44
attention,32,64,32,8192,1,2857.98
attention,32,64,32,16384,1,2868
attention,32,64,64,16,1,2926.44
attention,32,64,64,32,1,2873.99
attention,32,64,64,64,1,2770.33
attention,32,64,64,128,1,2750.08
attention,32,64,64,256,1,2771.96
attention,32,64,64,512,1,2732.12
attention,32,64,64,1024,1,2258.49
attention,32,64,64,2048,1,1242.97
attention,32,64,64,4096,1,1248.17
attention,32,64,64,8192,1,1266.04
attention,32,64,64,16384,1,1263.23
attention,32,64,128,16,1,4349.42
attention,32,64,128,32,1,4286.63
attention,32,64,128,64,1,4262.16
attention,32,64,128,128,1,4188.12
attention,32,64,128,256,1,3904.58
attention,32,64,128,512,1,3718.72
attention,32,64,128,1024,1,2911.35
attention,32,64,128,2048,1,1624.59
attention,32,64,128,4096,1,1633.12
attention,32,64,128,8192,1,1630
attention,32,64,128,16384,1,1671.85
attention,32,128,0,0,1,2493.39
attention,32,128,1,16,1,2760.94
attention,32,128,1,32,1,2760.44
attention,32,128,1,64,1,2754.36
attention,32,128,1,128,1,2751.29
attention,32,128,1,256,1,2741.73
attention,32,128,1,512,1,2733.84
attention,32,128,1,1024,1,2720.04
attention,32,128,1,2048,1,2675.37
attention,32,128,1,4096,1,2675.53
attention,32,128,1,8192,1,2674.81
attention,32,128,1,16384,1,2673.75
attention,32,128,2,16,1,2842.33
attention,32,128,2,32,1,2842.79
attention,32,128,2,64,1,2841.46
attention,32,128,2,128,1,2836.49
attention,32,128,2,256,1,2823.38
attention,32,128,2,512,1,2821.32
attention,32,128,2,1024,1,2768.21
attention,32,128,2,2048,1,2680.05
attention,32,128,2,4096,1,2682.15
attention,32,128,2,8192,1,2682.78
attention,32,128,2,16384,1,2681.87
attention,32,128,4,16,1,2995.78
attention,32,128,4,32,1,2993
attention,32,128,4,64,1,2989.86
attention,32,128,4,128,1,2976.57
attention,32,128,4,256,1,2957.58
attention,32,128,4,512,1,2921.07
attention,32,128,4,1024,1,2842.6
attention,32,128,4,2048,1,2671.41
attention,32,128,4,4096,1,2670.79
attention,32,128,4,8192,1,2671.89
attention,32,128,4,16384,1,2669.83
attention,32,128,8,16,1,3330.13
attention,32,128,8,32,1,3324.71
attention,32,128,8,64,1,3315.18
attention,32,128,8,128,1,3297.08
attention,32,128,8,256,1,3261.34
attention,32,128,8,512,1,3182.22
attention,32,128,8,1024,1,3015.25
attention,32,128,8,2048,1,2683.74
attention,32,128,8,4096,1,2687.52
attention,32,128,8,8192,1,2681.16
attention,32,128,8,16384,1,2683.02
attention,32,128,16,16,1,4034.3
attention,32,128,16,32,1,3975.81
attention,32,128,16,64,1,4021.08
attention,32,128,16,128,1,3982.6
attention,32,128,16,256,1,3992.62
attention,32,128,16,512,1,3771.53
attention,32,128,16,1024,1,3393.46
attention,32,128,16,2048,1,2735.09
attention,32,128,16,4096,1,2735.69
attention,32,128,16,8192,1,2738.94
attention,32,128,16,16384,1,2744.73
attention,32,128,32,16,1,5258.82
attention,32,128,32,32,1,5253.55
attention,32,128,32,64,1,5206.88
attention,32,128,32,128,1,5284.76
attention,32,128,32,256,1,4912.31
attention,32,128,32,512,1,4733.64
attention,32,128,32,1024,1,4093.77
attention,32,128,32,2048,1,2780.57
attention,32,128,32,4096,1,2782.54
attention,32,128,32,8192,1,2789.77
attention,32,128,32,16384,1,2802.66
attention,32,128,64,16,1,2875.83
attention,32,128,64,32,1,2794.21
attention,32,128,64,64,1,2886.52
attention,32,128,64,128,1,2877.49
attention,32,128,64,256,1,2818.95
attention,32,128,64,512,1,2736.84
attention,32,128,64,1024,1,2257.46
attention,32,128,64,2048,1,1241.93
attention,32,128,64,4096,1,1247.28
attention,32,128,64,8192,1,1267.36
attention,32,128,64,16384,1,1263.96
attention,32,128,128,16,1,4354.57
attention,32,128,128,32,1,4305.17
attention,32,128,128,64,1,4130.19
attention,32,128,128,128,1,4078.38
attention,32,128,128,256,1,3974.86
attention,32,128,128,512,1,3566.42
attention,32,128,128,1024,1,2865.57
attention,32,128,128,2048,1,1655.26
attention,32,128,128,4096,1,1676.34
attention,32,128,128,8192,1,1679.93
attention,32,128,128,16384,1,1630.84
attention,32,256,0,0,1,2497.29
attention,32,256,1,16,1,2593.8
attention,32,256,1,32,1,2592.13
attention,32,256,1,64,1,2587.79
attention,32,256,1,128,1,2580.72
attention,32,256,1,256,1,2577.18
attention,32,256,1,512,1,2565.57
attention,32,256,1,1024,1,2542.41
attention,32,256,1,2048,1,2502.17
attention,32,256,1,4096,1,2501.75
attention,32,256,1,8192,1,2501.52
attention,32,256,1,16384,1,2500.47
attention,32,256,2,16,1,2685.69
attention,32,256,2,32,1,2687.32
attention,32,256,2,64,1,2687.15
attention,32,256,2,128,1,2674.02
attention,32,256,2,256,1,2663.42
attention,32,256,2,512,1,2646.01
attention,32,256,2,1024,1,2600.26
attention,32,256,2,2048,1,2515.75
attention,32,256,2,4096,1,2519.93
attention,32,256,2,8192,1,2515.31
attention,32,256,2,16384,1,2515.85
attention,32,256,4,16,1,2836.35
attention,32,256,4,32,1,2832.3
attention,32,256,4,64,1,2824.72
attention,32,256,4,128,1,2812.66
attention,32,256,4,256,1,2793.45
attention,32,256,4,512,1,2756.99
attention,32,256,4,1024,1,2677.29
attention,32,256,4,2048,1,2508.28
attention,32,256,4,4096,1,2506.34
attention,32,256,4,8192,1,2506.81
attention,32,256,4,16384,1,2504.49
attention,32,256,8,16,1,3166.44
attention,32,256,8,32,1,3163.44
attention,32,256,8,64,1,3155.97
attention,32,256,8,128,1,3129.64
attention,32,256,8,256,1,3093.74
attention,32,256,8,512,1,3014.96
attention,32,256,8,1024,1,2848.3
attention,32,256,8,2048,1,2515.79
attention,32,256,8,4096,1,2518.36
attention,32,256,8,8192,1,2514.05
attention,32,256,8,16384,1,2515.97
attention,32,256,16,16,1,3850.58
attention,32,256,16,32,1,3795.78
attention,32,256,16,64,1,3858.38
attention,32,256,16,128,1,3832.92
attention,32,256,16,256,1,3791.94
attention,32,256,16,512,1,3405.15
attention,32,256,16,1024,1,3080.74
attention,32,256,16,2048,1,2573.14
attention,32,256,16,4096,1,2534.14
attention,32,256,16,8192,1,2600.32
attention,32,256,16,16384,1,2605.71
attention,32,256,32,16,1,5105.88
attention,32,256,32,32,1,5184.34
attention,32,256,32,64,1,5146.5
attention,32,256,32,128,1,5046.12
attention,32,256,32,256,1,4939.4
attention,32,256,32,512,1,4652.99
attention,32,256,32,1024,1,3953.64
attention,32,256,32,2048,1,2644.45
attention,32,256,32,4096,1,2646.17
attention,32,256,32,8192,1,2656.3
attention,32,256,32,16384,1,2667.28
attention,32,256,64,16,1,2695.54
attention,32,256,64,32,1,2778.81
attention,32,256,64,64,1,2777.35
attention,32,256,64,128,1,2685.07
attention,32,256,64,256,1,2695.54
attention,32,256,64,512,1,2661.81
attention,32,256,64,1024,1,2232.18
attention,32,256,64,2048,1,1242.1
attention,32,256,64,4096,1,1248.71
attention,32,256,64,8192,1,1266.11
attention,32,256,64,16384,1,1264.32
attention,32,256,128,16,1,4160.29
attention,32,256,128,32,1,4395.49
attention,32,256,128,64,1,4154.82
attention,32,256,128,128,1,4152.83
attention,32,256,128,256,1,3866.74
attention,32,256,128,512,1,3558.61
attention,32,256,128,1024,1,2832.53
attention,32,256,128,2048,1,1614.64
attention,32,256,128,4096,1,1631.81
attention,32,256,128,8192,1,1609.5
attention,32,256,128,16384,1,1666.62
attention,32,512,0,0,1,2126.84
attention,32,512,1,16,1,2267.8
attention,32,512,1,32,1,2265.92
attention,32,512,1,64,1,2265.24
attention,32,512,1,128,1,2261.36
attention,32,512,1,256,1,2254.94
attention,32,512,1,512,1,2246.84
attention,32,512,1,1024,1,2225.29
attention,32,512,1,2048,1,2175.27
attention,32,512,1,4096,1,2175.64
attention,32,512,1,8192,1,2174.32
attention,32,512,1,16384,1,2174.84
attention,32,512,2,16,1,2351.68
attention,32,512,2,32,1,2350.22
attention,32,512,2,64,1,2348.09
attention,32,512,2,128,1,2347.77
attention,32,512,2,256,1,2333.87
attention,32,512,2,512,1,2311.96
attention,32,512,2,1024,1,2268.93
attention,32,512,2,2048,1,2183.98
attention,32,512,2,4096,1,2183.57
attention,32,512,2,8192,1,2182.47
attention,32,512,2,16384,1,2183.59
attention,32,512,4,16,1,2508.52
attention,32,512,4,32,1,2505.17
attention,32,512,4,64,1,2498.95
attention,32,512,4,128,1,2486.67
attention,32,512,4,256,1,2469.84
attention,32,512,4,512,1,2431.03
attention,32,512,4,1024,1,2349.64
attention,32,512,4,2048,1,2186.11
attention,32,512,4,4096,1,2184.26
attention,32,512,4,8192,1,2184.56
attention,32,512,4,16384,1,2183.4
attention,32,512,8,16,1,2842.24
attention,32,512,8,32,1,2835.77
attention,32,512,8,64,1,2828.42
attention,32,512,8,128,1,2805.09
attention,32,512,8,256,1,2769.18
attention,32,512,8,512,1,2685.67
attention,32,512,8,1024,1,2524.46
attention,32,512,8,2048,1,2195.49
attention,32,512,8,4096,1,2196.02
attention,32,512,8,8192,1,2194.89
attention,32,512,8,16384,1,2194.15
attention,32,512,16,16,1,3549.84
attention,32,512,16,32,1,3530.3
attention,32,512,16,64,1,3532.89
attention,32,512,16,128,1,3500.91
attention,32,512,16,256,1,3445.91
attention,32,512,16,512,1,3360.61
attention,32,512,16,1024,1,3022.98
attention,32,512,16,2048,1,2325.34
attention,32,512,16,4096,1,2325.72
attention,32,512,16,8192,1,2328.36
attention,32,512,16,16384,1,2333.73
attention,32,512,32,16,1,4873.49
attention,32,512,32,32,1,4865.18
attention,32,512,32,64,1,4540.53
attention,32,512,32,128,1,4477.86
attention,32,512,32,256,1,4613.07
attention,32,512,32,512,1,4101.11
attention,32,512,32,1024,1,3473.46
attention,32,512,32,2048,1,2240.59
attention,32,512,32,4096,1,2247.89
attention,32,512,32,8192,1,2295.61
attention,32,512,32,16384,1,2351.41
attention,32,512,64,16,1,2527.78
attention,32,512,64,32,1,2566.46
attention,32,512,64,64,1,2447.04
attention,32,512,64,128,1,2537.02
attention,32,512,64,256,1,2547.78
attention,32,512,64,512,1,2466.27
attention,32,512,64,1024,1,2182
attention,32,512,64,2048,1,1243.36
attention,32,512,64,4096,1,1246.91
attention,32,512,64,8192,1,1267.79
attention,32,512,64,16384,1,1264.18
attention,32,512,128,16,1,4072.44
attention,32,512,128,32,1,4216.42
attention,32,512,128,64,1,4185.96
attention,32,512,128,128,1,4109.72
attention,32,512,128,256,1,3776.78
attention,32,512,128,512,1,3509.83
attention,32,512,128,1024,1,2912.06
attention,32,512,128,2048,1,1584.48
attention,32,512,128,4096,1,1586.55
attention,32,512,128,8192,1,1568.13
attention,32,512,128,16384,1,1567.54
attention,32,1024,0,0,1,1548.04
attention,32,1024,1,16,1,1628.8
attention,32,1024,1,32,1,1632.97
attention,32,1024,1,64,1,1630.56
attention,32,1024,1,128,1,1632.83
attention,32,1024,1,256,1,1631.12
attention,32,1024,1,512,1,1619.98
attention,32,1024,1,1024,1,1588.08
attention,32,1024,1,2048,1,1545.68
attention,32,1024,1,4096,1,1548.87
attention,32,1024,1,8192,1,1545.7
attention,32,1024,1,16384,1,1545.39
attention,32,1024,2,16,1,1701.9
attention,32,1024,2,32,1,1701
attention,32,1024,2,64,1,1701.27
attention,32,1024,2,128,1,1703.37
attention,32,1024,2,256,1,1698.24
attention,32,1024,2,512,1,1682.12
attention,32,1024,2,1024,1,1632.21
attention,32,1024,2,2048,1,1551.8
attention,32,1024,2,4096,1,1551.23
attention,32,1024,2,8192,1,1552.3
attention,32,1024,2,16384,1,1550.16
attention,32,1024,4,16,1,1863.44
attention,32,1024,4,32,1,1862.18
attention,32,1024,4,64,1,1862.43
attention,32,1024,4,128,1,1862.52
attention,32,1024,4,256,1,1842.96
attention,32,1024,4,512,1,1800.65
attention,32,1024,4,1024,1,1718.84
attention,32,1024,4,2048,1,1555.36
attention,32,1024,4,4096,1,1554.15
attention,32,1024,4,8192,1,1552.64
attention,32,1024,4,16384,1,1552.44
attention,32,1024,8,16,1,2190.13
attention,32,1024,8,32,1,2189.06
attention,32,1024,8,64,1,2187.43
attention,32,1024,8,128,1,2177.04
attention,32,1024,8,256,1,2136.74
attention,32,1024,8,512,1,2061.47
attention,32,1024,8,1024,1,1894.86
attention,32,1024,8,2048,1,1566.12
attention,32,1024,8,4096,1,1565.72
attention,32,1024,8,8192,1,1563.79
attention,32,1024,8,16384,1,1566.33
attention,32,1024,16,16,1,2870.83
attention,32,1024,16,32,1,2865.64
attention,32,1024,16,64,1,2852.04
attention,32,1024,16,128,1,2817.08
attention,32,1024,16,256,1,2779.64
attention,32,1024,16,512,1,2680.81
attention,32,1024,16,1024,1,2490.01
attention,32,1024,16,2048,1,1790.6
attention,32,1024,16,4096,1,1790.73
attention,32,1024,16,8192,1,1792.88
attention,32,1024,16,16384,1,1801.61
attention,32,1024,32,16,1,4059.77
attention,32,1024,32,32,1,4211.86
attention,32,1024,32,64,1,4181.65
attention,32,1024,32,128,1,4018.89
attention,32,1024,32,256,1,3949.69
attention,32,1024,32,512,1,3621.14
attention,32,1024,32,1024,1,3154.88
attention,32,1024,32,2048,1,1840.87
attention,32,1024,32,4096,1,1845.15
attention,32,1024,32,8192,1,1854.59
attention,32,1024,32,16384,1,1873.55
attention,32,1024,64,16,1,2281.61
attention,32,1024,64,32,1,2279.69
attention,32,1024,64,64,1,2292.8
attention,32,1024,64,128,1,2175.81
attention,32,1024,64,256,1,2202.29
attention,32,1024,64,512,1,2098.87
attention,32,1024,64,1024,1,2067.36
attention,32,1024,64,2048,1,1246.19
attention,32,1024,64,4096,1,1252.42
attention,32,1024,64,8192,1,1270.94
attention,32,1024,64,16384,1,1266.44
attention,32,1024,128,16,1,3894.55
attention,32,1024,128,32,1,4008.11
attention,32,1024,128,64,1,3949.41
attention,32,1024,128,128,1,3780.49
attention,32,1024,128,256,1,3606.81
attention,32,1024,128,512,1,3263.45
attention,32,1024,128,1024,1,2715.21
attention,32,1024,128,2048,1,1486.06
attention,32,1024,128,4096,1,1503.95
attention,32,1024,128,8192,1,1490.43
attention,32,1024,128,16384,1,1502.22
attention,32,2048,0,0,1,469.8
attention,32,2048,1,16,1,536.13
attention,32,2048,1,32,1,536.097
attention,32,2048,1,64,1,536.17
attention,32,2048,1,128,1,536.248
attention,32,2048,1,256,1,535.633
attention,32,2048,1,512,1,536.072
attention,32,2048,1,1024,1,536.048
attention,32,2048,1,2048,1,535.617
attention,32,2048,1,4096,1,535.922
attention,32,2048,1,8192,1,535.304
attention,32,2048,1,16384,1,535.984
attention,32,2048,2,16,1,537.281
attention,32,2048,2,32,1,537.562
attention,32,2048,2,64,1,537.97
attention,32,2048,2,128,1,537.058
attention,32,2048,2,256,1,537.84
attention,32,2048,2,512,1,538.769
attention,32,2048,2,1024,1,537.61
attention,32,2048,2,2048,1,537.216
attention,32,2048,2,4096,1,536.994
attention,32,2048,2,8192,1,536.16
attention,32,2048,2,16384,1,536.114
attention,32,2048,4,16,1,594.665
attention,32,2048,4,32,1,594.202
attention,32,2048,4,64,1,586.345
attention,32,2048,4,128,1,596.643
attention,32,2048,4,256,1,589.456
attention,32,2048,4,512,1,594.745
attention,32,2048,4,1024,1,560.528
attention,32,2048,4,2048,1,539.041
attention,32,2048,4,4096,1,538.224
attention,32,2048,4,8192,1,539.208
attention,32,2048,4,16384,1,536.697
attention,32,2048,8,16,1,942.312
attention,32,2048,8,32,1,943.61
attention,32,2048,8,64,1,937.761
attention,32,2048,8,128,1,928.483
attention,32,2048,8,256,1,906.658
attention,32,2048,8,512,1,861.498
attention,32,2048,8,1024,1,770.354
attention,32,2048,8,2048,1,609.338
attention,32,2048,8,4096,1,608.952
attention,32,2048,8,8192,1,606.848
attention,32,2048,8,16384,1,607.69
attention,32,2048,16,16,1,1584.21
attention,32,2048,16,32,1,1575.8
attention,32,2048,16,64,1,1560.83
attention,32,2048,16,128,1,1533.53
attention,32,2048,16,256,1,1478.02
attention,32,2048,16,512,1,1360.6
attention,32,2048,16,1024,1,1129.18
attention,32,2048,16,2048,1,744.041
attention,32,2048,16,4096,1,744.057
attention,32,2048,16,8192,1,748.193
attention,32,2048,16,16384,1,752.129
attention,32,2048,32,16,1,2935.44
attention,32,2048,32,32,1,2905.64
attention,32,2048,32,64,1,2874.54
attention,32,2048,32,128,1,2732.29
attention,32,2048,32,256,1,2653.85
attention,32,2048,32,512,1,2376.28
attention,32,2048,32,1024,1,1833.03
attention,32,2048,32,2048,1,873.329
attention,32,2048,32,4096,1,877.705
attention,32,2048,32,8192,1,887.051
attention,32,2048,32,16384,1,903.203
attention,32,2048,64,16,1,1915.75
attention,32,2048,64,32,1,1810.88
attention,32,2048,64,64,1,1824.22
attention,32,2048,64,128,1,1782.5
attention,32,2048,64,256,1,1791.07
attention,32,2048,64,512,1,1606.44
attention,32,2048,64,1024,1,1264.55
attention,32,2048,64,2048,1,1245.78
attention,32,2048,64,4096,1,1250.22
attention,32,2048,64,8192,1,1268.2
attention,32,2048,64,16384,1,1266.2
attention,32,2048,128,16,1,3516.44
attention,32,2048,128,32,1,3696.67
attention,32,2048,128,64,1,3540.82
attention,32,2048,128,128,1,3448.69
attention,32,2048,128,256,1,3343
attention,32,2048,128,512,1,2917.7
attention,32,2048,128,1024,1,2251.55
attention,32,2048,128,2048,1,1316.85
attention,32,2048,128,4096,1,1328.07
attention,32,2048,128,8192,1,1325.71
attention,32,2048,128,16384,1,1326.27
attention,32,4096,0,0,1,468.601
attention,32,4096,1,16,1,535.048
attention,32,4096,1,32,1,535.05
attention,32,4096,1,64,1,535.337
attention,32,4096,1,128,1,534.681
attention,32,4096,1,256,1,534.994
attention,32,4096,1,512,1,535.112
attention,32,4096,1,1024,1,535.265
attention,32,4096,1,2048,1,534.994
attention,32,4096,1,4096,1,535.402
attention,32,4096,1,8192,1,534.552
attention,32,4096,1,16384,1,534.945
attention,32,4096,2,16,1,536.282
attention,32,4096,2,32,1,536.121
attention,32,4096,2,64,1,544.839
attention,32,4096,2,128,1,539.425
attention,32,4096,2,256,1,536.096
attention,32,4096,2,512,1,536.978
attention,32,4096,2,1024,1,536.433
attention,32,4096,2,2048,1,535.864
attention,32,4096,2,4096,1,535.153
attention,32,4096,2,8192,1,535.417
attention,32,4096,2,16384,1,535.544
attention,32,4096,4,16,1,584.217
attention,32,4096,4,32,1,581.944
attention,32,4096,4,64,1,579.497
attention,32,4096,4,128,1,579.825
attention,32,4096,4,256,1,581.384
attention,32,4096,4,512,1,581.657
attention,32,4096,4,1024,1,557.465
attention,32,4096,4,2048,1,537.113
attention,32,4096,4,4096,1,537.314
attention,32,4096,4,8192,1,538.042
attention,32,4096,4,16384,1,536.529
attention,32,4096,8,16,1,944.114
attention,32,4096,8,32,1,939.57
attention,32,4096,8,64,1,937.722
attention,32,4096,8,128,1,923.25
attention,32,4096,8,256,1,898.497
attention,32,4096,8,512,1,856.778
attention,32,4096,8,1024,1,768.026
attention,32,4096,8,2048,1,608.137
attention,32,4096,8,4096,1,608.242
attention,32,4096,8,8192,1,606.648
attention,32,4096,8,16384,1,607.905
attention,32,4096,16,16,1,1579.33
attention,32,4096,16,32,1,1575.79
attention,32,4096,16,64,1,1555.9
attention,32,4096,16,128,1,1528.59
attention,32,4096,16,256,1,1455.58
attention,32,4096,16,512,1,1357.18
attention,32,4096,16,1024,1,1121.25
attention,32,4096,16,2048,1,744.401
attention,32,4096,16,4096,1,744.098
attention,32,4096,16,8192,1,747.961
attention,32,4096,16,16384,1,752.562
attention,32,4096,32,16,1,2887.87
attention,32,4096,32,32,1,2841.32
attention,32,4096,32,64,1,2843.02
attention,32,4096,32,128,1,2797.06
attention,32,4096,32,256,1,2649.99
attention,32,4096,32,512,1,2253.48
attention,32,4096,32,1024,1,1830.67
attention,32,4096,32,2048,1,873.632
attention,32,4096,32,4096,1,878.936
attention,32,4096,32,8192,1,887.61
attention,32,4096,32,16384,1,904.226
attention,32,4096,64,16,1,1912.81
attention,32,4096,64,32,1,1881.73
attention,32,4096,64,64,1,1875.43
attention,32,4096,64,128,1,1849.47
attention,32,4096,64,256,1,1771.43
attention,32,4096,64,512,1,1632.43
attention,32,4096,64,1024,1,1292.23
attention,32,4096,64,2048,1,1245.19
attention,32,4096,64,4096,1,1250.72
attention,32,4096,64,8192,1,1268.8
attention,32,4096,64,16384,1,1267.83
attention,32,4096,128,16,1,3520.22
attention,32,4096,128,32,1,3558.58
attention,32,4096,128,64,1,3608.8
attention,32,4096,128,128,1,3580.68
attention,32,4096,128,256,1,3248.01
attention,32,4096,128,512,1,2882.33
attention,32,4096,128,1024,1,2229.02
attention,32,4096,128,2048,1,1317.77
attention,32,4096,128,4096,1,1327.71
attention,32,4096,128,8192,1,1326.44
attention,32,4096,128,16384,1,1328.5
attention,32,8192,0,0,1,469.93
attention,32,8192,1,16,1,540.656
attention,32,8192,1,32,1,534.953
attention,32,8192,1,64,1,534.929
attention,32,8192,1,128,1,535.049
attention,32,8192,1,256,1,535.042
attention,32,8192,1,512,1,535.138
attention,32,8192,1,1024,1,534.729
attention,32,8192,1,2048,1,535.602
attention,32,8192,1,4096,1,535.281
attention,32,8192,1,8192,1,535.096
attention,32,8192,1,16384,1,534.776
attention,32,8192,2,16,1,535.504
attention,32,8192,2,32,1,535.466
attention,32,8192,2,64,1,536.082
attention,32,8192,2,128,1,535.914
attention,32,8192,2,256,1,536.041
attention,32,8192,2,512,1,536.448
attention,32,8192,2,1024,1,536.193
attention,32,8192,2,2048,1,536.792
attention,32,8192,2,4096,1,536.113
attention,32,8192,2,8192,1,536.569
attention,32,8192,2,16384,1,535.177
attention,32,8192,4,16,1,590.329
attention,32,8192,4,32,1,592.128
attention,32,8192,4,64,1,590.466
attention,32,8192,4,128,1,588.176
attention,32,8192,4,256,1,592.745
attention,32,8192,4,512,1,590.568
attention,32,8192,4,1024,1,557.633
attention,32,8192,4,2048,1,538.736
attention,32,8192,4,4096,1,537.721
attention,32,8192,4,8192,1,538.282
attention,32,8192,4,16384,1,536.529
attention,32,8192,8,16,1,946.995
attention,32,8192,8,32,1,941.082
attention,32,8192,8,64,1,935.41
attention,32,8192,8,128,1,925.554
attention,32,8192,8,256,1,909.282
attention,32,8192,8,512,1,862.186
attention,32,8192,8,1024,1,774.154
attention,32,8192,8,2048,1,608.395
attention,32,8192,8,4096,1,608.699
attention,32,8192,8,8192,1,607.329
attention,32,8192,8,16384,1,609.937
attention,32,8192,16,16,1,1582.18
attention,32,8192,16,32,1,1574.35
attention,32,8192,16,64,1,1541.28
attention,32,8192,16,128,1,1511.25
attention,32,8192,16,256,1,1443.54
attention,32,8192,16,512,1,1360.3
attention,32,8192,16,1024,1,1125.83
attention,32,8192,16,2048,1,744.498
attention,32,8192,16,4096,1,745.585
attention,32,8192,16,8192,1,747.714
attention,32,8192,16,16384,1,752.824
attention,32,8192,32,16,1,2927.79
attention,32,8192,32,32,1,2907.22
attention,32,8192,32,64,1,2850.82
attention,32,8192,32,128,1,2803.45
attention,32,8192,32,256,1,2653.1
attention,32,8192,32,512,1,2375.59
attention,32,8192,32,1024,1,1808.72
attention,32,8192,32,2048,1,874.939
attention,32,8192,32,4096,1,879.402
attention,32,8192,32,8192,1,887.905
attention,32,8192,32,16384,1,901.449
attention,32,8192,64,16,1,1914.27
attention,32,8192,64,32,1,1901.46
attention,32,8192,64,64,1,1880.47
attention,32,8192,64,128,1,1770.36
attention,32,8192,64,256,1,1725.83
attention,32,8192,64,512,1,1633.71
attention,32,8192,64,1024,1,1265.79
attention,32,8192,64,2048,1,1248.09
attention,32,8192,64,4096,1,1251.17
attention,32,8192,64,8192,1,1268.89
attention,32,8192,64,16384,1,1267.06
attention,32,8192,128,16,1,3680.6
attention,32,8192,128,32,1,3486.01
attention,32,8192,128,64,1,3475.9
attention,32,8192,128,128,1,3381.64
attention,32,8192,128,256,1,3283.91
attention,32,8192,128,512,1,2994.59
attention,32,8192,128,1024,1,2191.75
attention,32,8192,128,2048,1,1319.12
attention,32,8192,128,4096,1,1327.16
attention,32,8192,128,8192,1,1326.59
attention,32,8192,128,16384,1,1324.03
attention,32,16384,0,0,1,468.673
attention,32,16384,1,16,1,535.056
attention,32,16384,1,32,1,534.92
attention,32,16384,1,64,1,534.76
attention,32,16384,1,128,1,535.912
attention,32,16384,1,256,1,535.45
attention,32,16384,1,512,1,535.823
attention,32,16384,1,1024,1,536.273
attention,32,16384,1,2048,1,535.832
attention,32,16384,1,4096,1,535.257
attention,32,16384,1,8192,1,534.993
attention,32,16384,1,16384,1,535.033
attention,32,16384,2,16,1,536.138
attention,32,16384,2,32,1,536.193
attention,32,16384,2,64,1,536.697
attention,32,16384,2,128,1,536.001
attention,32,16384,2,256,1,536.544
attention,32,16384,2,512,1,536.394
attention,32,16384,2,1024,1,535.68
attention,32,16384,2,2048,1,536.513
attention,32,16384,2,4096,1,536.449
attention,32,16384,2,8192,1,535.776
attention,32,16384,2,16384,1,536.112
attention,32,16384,4,16,1,591.202
attention,32,16384,4,32,1,588.913
attention,32,16384,4,64,1,586.634
attention,32,16384,4,128,1,591.513
attention,32,16384,4,256,1,587.034
attention,32,16384,4,512,1,590.353
attention,32,16384,4,1024,1,558.289
attention,32,16384,4,2048,1,538.898
attention,32,16384,4,4096,1,538.153
attention,32,16384,4,8192,1,537.36
attention,32,16384,4,16384,1,537.53
attention,32,16384,8,16,1,945.883
attention,32,16384,8,32,1,937.77
attention,32,16384,8,64,1,932.546
attention,32,16384,8,128,1,925.082
attention,32,16384,8,256,1,898.969
attention,32,16384,8,512,1,856.826
attention,32,16384,8,1024,1,775.568
attention,32,16384,8,2048,1,607.336
attention,32,16384,8,4096,1,607.073
attention,32,16384,8,8192,1,607.33
attention,32,16384,8,16384,1,609.841
attention,32,16384,16,16,1,1585.53
attention,32,16384,16,32,1,1556.74
attention,32,16384,16,64,1,1560.66
attention,32,16384,16,128,1,1526.58
attention,32,16384,16,256,1,1474.81
attention,32,16384,16,512,1,1351.83
attention,32,16384,16,1024,1,1126.8
attention,32,16384,16,2048,1,743.816
attention,32,16384,16,4096,1,745.713
attention,32,16384,16,8192,1,748.498
attention,32,16384,16,16384,1,753.128
attention,32,16384,32,16,1,2925.28
attention,32,16384,32,32,1,2903.93
attention,32,16384,32,64,1,2821.78
attention,32,16384,32,128,1,2810.01
attention,32,16384,32,256,1,2655.67
attention,32,16384,32,512,1,2374.52
attention,32,16384,32,1024,1,1831.74
attention,32,16384,32,2048,1,875.065
attention,32,16384,32,4096,1,880.57
attention,32,16384,32,8192,1,887.728
attention,32,16384,32,16384,1,903.096
attention,32,16384,64,16,1,1914.74
attention,32,16384,64,32,1,1829.01
attention,32,16384,64,64,1,1879.1
attention,32,16384,64,128,1,1772.99
attention,32,16384,64,256,1,1695.12
attention,32,16384,64,512,1,1598.04
attention,32,16384,64,1024,1,1322.02
attention,32,16384,64,2048,1,1247.57
attention,32,16384,64,4096,1,1253.41
attention,32,16384,64,8192,1,1271.26
attention,32,16384,64,16384,1,1267.44
attention,32,16384,128,16,1,3512.7
attention,32,16384,128,32,1,3485.53
attention,32,16384,128,64,1,3602.47
attention,32,16384,128,128,1,3478.38
attention,32,16384,128,256,1,3231.6
attention,32,16384,128,512,1,2889.3
attention,32,16384,128,1024,1,2228.66
attention,32,16384,128,2048,1,1321.12
attention,32,16384,128,4096,1,1326.84
attention,32,16384,128,8192,1,1323.97
attention,32,16384,128,16384,1,1323.62
attention,64,0,0,0,1,5144.81
attention,64,0,1,16,1,1775.68
attention,64,0,1,32,1,1775.75
attention,64,0,1,64,1,1775.22
attention,64,0,1,128,1,1774.55
attention,64,0,1,256,1,1773.38
attention,64,0,1,512,1,1769.97
attention,64,0,1,1024,1,1763.64
attention,64,0,1,2048,1,1840.79
attention,64,0,1,4096,1,1796.78
attention,64,0,1,8192,1,1760.37
attention,64,0,1,16384,1,1858.99
attention,64,0,2,16,1,1911.57
attention,64,0,2,32,1,1911.36
attention,64,0,2,64,1,1910.48
attention,64,0,2,128,1,1909.16
attention,64,0,2,256,1,1906.31
attention,64,0,2,512,1,1798.65
attention,64,0,2,1024,1,1851.54
attention,64,0,2,2048,1,1753.08
attention,64,0,2,4096,1,1753.04
attention,64,0,2,8192,1,1752.63
attention,64,0,2,16384,1,1752.76
attention,64,0,4,16,1,1852.71
attention,64,0,4,32,1,1852.15
attention,64,0,4,64,1,1850.44
attention,64,0,4,128,1,1847.38
attention,64,0,4,256,1,1841.34
attention,64,0,4,512,1,1829.34
attention,64,0,4,1024,1,1805.03
attention,64,0,4,2048,1,1755.76
attention,64,0,4,4096,1,1755.34
attention,64,0,4,8192,1,1836.16
attention,64,0,4,16384,1,1862.56
attention,64,0,8,16,1,2075.62
attention,64,0,8,32,1,2074.26
attention,64,0,8,64,1,2070.64
attention,64,0,8,128,1,2064.34
attention,64,0,8,256,1,2051.72
attention,64,0,8,512,1,2025.24
attention,64,0,8,1024,1,1972.8
attention,64,0,8,2048,1,1868.27
attention,64,0,8,4096,1,1868.96
attention,64,0,8,8192,1,1832.44
attention,64,0,8,16384,1,1832.52
attention,64,0,16,16,1,2261
attention,64,0,16,32,1,2290.63
attention,64,0,16,64,1,2284.64
attention,64,0,16,128,1,2271.39
attention,64,0,16,256,1,2114.49
attention,64,0,16,512,1,2065.56
attention,64,0,16,1024,1,1966.49
attention,64,0,16,2048,1,1861.71
attention,64,0,16,4096,1,1843.72
attention,64,0,16,8192,1,1843.64
attention,64,0,16,16384,1,1879.25
attention,64,0,32,16,1,2860.65
attention,64,0,32,32,1,2801.46
attention,64,0,32,64,1,2848.98
attention,64,0,32,128,1,2834.87
attention,64,0,32,256,1,2641.14
attention,64,0,32,512,1,2436.61
attention,64,0,32,1024,1,2271.48
attention,64,0,32,2048,1,1845.64
attention,64,0,32,4096,1,1845.53
attention,64,0,32,8192,1,1866.77
attention,64,0,32,16384,1,1902.2
attention,64,0,64,16,1,3488.16
attention,64,0,64,32,1,3619.9
attention,64,0,64,64,1,3506.21
attention,64,0,64,128,1,3370.32
attention,64,0,64,256,1,3296.56
attention,64,0,64,512,1,3040.36
attention,64,0,64,1024,1,2804.64
attention,64,0,64,2048,1,1872.99
attention,64,0,64,4096,1,1885.42
attention,64,0,64,8192,1,1956.91
attention,64,0,64,16384,1,1998.72
attention,64,0,128,16,1,5087.94
attention,64,0,128,32,1,5067.61
attention,64,0,128,64,1,5024.9
attention,64,0,128,128,1,5120.96
attention,64,0,128,256,1,4837.22
attention,64,0,128,512,1,4456.62
attention,64,0,128,1024,1,3833.53
attention,64,0,128,2048,1,2463.24
attention,64,0,128,4096,1,2477.89
attention,64,0,128,8192,1,2438.52
attention,64,0,128,16384,1,2473.16
attention,64,16,0,0,1,5146.76
attention,64,16,1,16,1,1824.86
attention,64,16,1,32,1,1872.08
attention,64,16,1,64,1,1835.69
attention,64,16,1,128,1,1870.69
attention,64,16,1,256,1,1833.02
attention,64,16,1,512,1,1856.68
attention,64,16,1,1024,1,1859.12
attention,64,16,1,2048,1,1846
attention,64,16,1,4096,1,1748.45
attention,64,16,1,8192,1,1846.14
attention,64,16,1,16384,1,1845.96
attention,64,16,2,16,1,1889.68
attention,64,16,2,32,1,1899.23
attention,64,16,2,64,1,1788.05
attention,64,16,2,128,1,1786.66
attention,64,16,2,256,1,1783.82
attention,64,16,2,512,1,1778.06
attention,64,16,2,1024,1,1765.64
attention,64,16,2,2048,1,1847.28
attention,64,16,2,4096,1,1741.15
attention,64,16,2,8192,1,1740.59
attention,64,16,2,16384,1,1740.49
attention,64,16,4,16,1,1841.31
attention,64,16,4,32,1,1840.25
attention,64,16,4,64,1,1839.23
attention,64,16,4,128,1,1835.68
attention,64,16,4,256,1,1942.46
attention,64,16,4,512,1,1928.84
attention,64,16,4,1024,1,1902.54
attention,64,16,4,2048,1,1823.47
attention,64,16,4,4096,1,1850.38
attention,64,16,4,8192,1,1841.44
attention,64,16,4,16384,1,1849.67
attention,64,16,8,16,1,2063.62
attention,64,16,8,32,1,1941.79
attention,64,16,8,64,1,1939.11
attention,64,16,8,128,1,2052.24
attention,64,16,8,256,1,2039.11
attention,64,16,8,512,1,1896.22
attention,64,16,8,1024,1,1847.31
attention,64,16,8,2048,1,1747.87
attention,64,16,8,4096,1,1748.47
attention,64,16,8,8192,1,1747.3
attention,64,16,8,16384,1,1748.57
attention,64,16,16,16,1,2148.8
attention,64,16,16,32,1,2145.57
attention,64,16,16,64,1,2139.1
attention,64,16,16,128,1,2232.87
attention,64,16,16,256,1,2232.69
attention,64,16,16,512,1,2053.95
attention,64,16,16,1024,1,2034.82
attention,64,16,16,2048,1,1821.71
attention,64,16,16,4096,1,1866.51
attention,64,16,16,8192,1,1867.9
attention,64,16,16,16384,1,1874.85
attention,64,16,32,16,1,2832.91
attention,64,16,32,32,1,2819.64
attention,64,16,32,64,1,2877.56
attention,64,16,32,128,1,2944.88
attention,64,16,32,256,1,2766.66
attention,64,16,32,512,1,2684.1
attention,64,16,32,1024,1,2185.62
attention,64,16,32,2048,1,1852.56
attention,64,16,32,4096,1,1890.85
attention,64,16,32,8192,1,1789.03
attention,64,16,32,16384,1,1805.16
attention,64,16,64,16,1,3398.48
attention,64,16,64,32,1,3390.41
attention,64,16,64,64,1,3553.46
attention,64,16,64,128,1,3513.34
attention,64,16,64,256,1,3400.2
attention,64,16,64,512,1,3122
attention,64,16,64,1024,1,2779.24
attention,64,16,64,2048,1,1902.94
attention,64,16,64,4096,1,1945.29
attention,64,16,64,8192,1,1962.45
attention,64,16,64,16384,1,1883.14
attention,64,16,128,16,1,5380.82
attention,64,16,128,32,1,5174.74
attention,64,16,128,64,1,5114.33
attention,64,16,128,128,1,4990.96
attention,64,16,128,256,1,4849
attention,64,16,128,512,1,4541.7
attention,64,16,128,1024,1,3504.19
attention,64,16,128,2048,1,2434.32
attention,64,16,128,4096,1,2447.56
attention,64,16,128,8192,1,2446.9
attention,64,16,128,16384,1,2450.02
attention,64,32,0,0,1,5215.64
attention,64,32,1,16,1,1752.4
attention,64,32,1,32,1,1859.48
attention,64,32,1,64,1,1858.79
attention,64,32,1,128,1,1750.88
attention,64,32,1,256,1,1749.48
attention,64,32,1,512,1,1852.87
attention,64,32,1,1024,1,1846.52
attention,64,32,1,2048,1,1833.55
attention,64,32,1,4096,1,1833.57
attention,64,32,1,8192,1,1833.71
attention,64,32,1,16384,1,1832.61
attention,64,32,2,16,1,1854.85
attention,64,32,2,32,1,1858.84
attention,64,32,2,64,1,1885.46
attention,64,32,2,128,1,1883.91
attention,64,32,2,256,1,1844.95
attention,64,32,2,512,1,1855.42
attention,64,32,2,1024,1,1860.1
attention,64,32,2,2048,1,1799.3
attention,64,32,2,4096,1,1834.82
attention,64,32,2,8192,1,1834.59
attention,64,32,2,16384,1,1834.17
attention,64,32,4,16,1,1941.44
attention,64,32,4,32,1,1902.59
attention,64,32,4,64,1,1939.19
attention,64,32,4,128,1,1898.48
attention,64,32,4,256,1,1929.01
attention,64,32,4,512,1,1915.72
attention,64,32,4,1024,1,1780.03
attention,64,32,4,2048,1,1731.11
attention,64,32,4,4096,1,1836.86
attention,64,32,4,8192,1,1818.84
attention,64,32,4,16384,1,1836.71
attention,64,32,8,16,1,2050.37
attention,64,32,8,32,1,2048.23
attention,64,32,8,64,1,1926.71
attention,64,32,8,128,1,1920.36
attention,64,32,8,256,1,1907.92
attention,64,32,8,512,1,1999.61
attention,64,32,8,1024,1,1914.1
attention,64,32,8,2048,1,1823.56
attention,64,32,8,4096,1,1841.76
attention,64,32,8,8192,1,1805.83
attention,64,32,8,16384,1,1842.64
attention,64,32,16,16,1,2269.39
attention,64,32,16,32,1,2265.47
attention,64,32,16,64,1,2227.42
attention,64,32,16,128,1,2202.19
attention,64,32,16,256,1,2219.67
attention,64,32,16,512,1,2041.04
attention,64,32,16,1024,1,1942.19
attention,64,32,16,2048,1,1818.77
attention,64,32,16,4096,1,1825.5
attention,64,32,16,8192,1,1827.65
attention,64,32,16,16384,1,1754.1
attention,64,32,32,16,1,2904.02
attention,64,32,32,32,1,2852.89
attention,64,32,32,64,1,2892.64
attention,64,32,32,128,1,2734.44
attention,64,32,32,256,1,2869.05
attention,64,32,32,512,1,2726.71
attention,64,32,32,1024,1,2220.87
attention,64,32,32,2048,1,1875.95
attention,64,32,32,4096,1,1769.16
attention,64,32,32,8192,1,1776.64
attention,64,32,32,16384,1,1792.82
attention,64,32,64,16,1,3624.57
attention,64,32,64,32,1,3480.31
attention,64,32,64,64,1,3587.81
attention,64,32,64,128,1,3301.83
attention,64,32,64,256,1,3279.53
attention,64,32,64,512,1,2982.87
attention,64,32,64,1024,1,2597.55
attention,64,32,64,2048,1,1817.25
attention,64,32,64,4096,1,1859.54
attention,64,32,64,8192,1,1948.63
attention,64,32,64,16384,1,1870.9
attention,64,32,128,16,1,5149.29
attention,64,32,128,32,1,5161.36
attention,64,32,128,64,1,5011.54
attention,64,32,128,128,1,4878.98
attention,64,32,128,256,1,4800.45
attention,64,32,128,512,1,4393.68
attention,64,32,128,1024,1,3491.77
attention,64,32,128,2048,1,2434.2
attention,64,32,128,4096,1,2449.1
attention,64,32,128,8192,1,2448.47
attention,64,32,128,16384,1,2454.93
attention,64,64,0,0,1,5002.09
attention,64,64,1,16,1,1783.85
attention,64,64,1,32,1,1818.3
attention,64,64,1,64,1,1852.99
attention,64,64,1,128,1,1818.71
attention,64,64,1,256,1,1852.16
attention,64,64,1,512,1,1848.23
attention,64,64,1,1024,1,1842.46
attention,64,64,1,2048,1,1828.71
attention,64,64,1,4096,1,1829.13
attention,64,64,1,8192,1,1829.29
attention,64,64,1,16384,1,1828.22
attention,64,64,2,16,1,1878.91
attention,64,64,2,32,1,1878.75
attention,64,64,2,64,1,1878.91
attention,64,64,2,128,1,1878.59
attention,64,64,2,256,1,1875.75
attention,64,64,2,512,1,1869.02
attention,64,64,2,1024,1,1856.12
attention,64,64,2,2048,1,1830.13
attention,64,64,2,4096,1,1830.35
attention,64,64,2,8192,1,1829.59
attention,64,64,2,16384,1,1829.18
attention,64,64,4,16,1,1822.11
attention,64,64,4,32,1,1822.48
attention,64,64,4,64,1,1822.56
attention,64,64,4,128,1,1822.58
attention,64,64,4,256,1,1817.9
attention,64,64,4,512,1,1803.58
attention,64,64,4,1024,1,1779.12
attention,64,64,4,2048,1,1730.36
attention,64,64,4,4096,1,1730.07
attention,64,64,4,8192,1,1729.88
attention,64,64,4,16384,1,1729.05
attention,64,64,8,16,1,1918.72
attention,64,64,8,32,1,1918.88
attention,64,64,8,64,1,1918.79
attention,64,64,8,128,1,1957.12
attention,64,64,8,256,1,1906.77
attention,64,64,8,512,1,1966.22
attention,64,64,8,1024,1,1942.11
attention,64,64,8,2048,1,1837.18
attention,64,64,8,4096,1,1837.39
attention,64,64,8,8192,1,1839.68
attention,64,64,8,16384,1,1837.09
attention,64,64,16,16,1,2200.1
attention,64,64,16,32,1,2241.5
attention,64,64,16,64,1,2240.88
attention,64,64,16,128,1,2240.27
attention,64,64,16,256,1,2171.55
attention,64,64,16,512,1,2133.87
attention,64,64,16,1024,1,2056.04
attention,64,64,16,2048,1,1848.19
attention,64,64,16,4096,1,1846.41
attention,64,64,16,8192,1,1745.43
attention,64,64,16,16384,1,1751.38
attention,64,64,32,16,1,2848.55
attention,64,64,32,32,1,2789.58
attention,64,64,32,64,1,2892.91
attention,64,64,32,128,1,2826.74
attention,64,64,32,256,1,2759
attention,64,64,32,512,1,2664.52
attention,64,64,32,1024,1,2257.77
attention,64,64,32,2048,1,1806.07
attention,64,64,32,4096,1,1800.63
attention,64,64,32,8192,1,1877.92
attention,64,64,32,16384,1,1893.55
attention,64,64,64,16,1,3504.61
attention,64,64,64,32,1,3418.06
attention,64,64,64,64,1,3534.64
attention,64,64,64,128,1,3509.64
attention,64,64,64,256,1,3393.73
attention,64,64,64,512,1,3103.03
attention,64,64,64,1024,1,2759.33
attention,64,64,64,2048,1,1919.44
attention,64,64,64,4096,1,1924.63
attention,64,64,64,8192,1,1941
attention,64,64,64,16384,1,1936.79
attention,64,64,128,16,1,5152.14
attention,64,64,128,32,1,5133.3
attention,64,64,128,64,1,5012.49
attention,64,64,128,128,1,4982.19
attention,64,64,128,256,1,4696.37
attention,64,64,128,512,1,4477.13
attention,64,64,128,1024,1,3560.83
attention,64,64,128,2048,1,2436.18
attention,64,64,128,4096,1,2446.37
attention,64,64,128,8192,1,2451
attention,64,64,128,16384,1,2454.87
attention,64,128,0,0,1,5145.64
attention,64,128,1,16,1,1828.77
attention,64,128,1,32,1,1828.94
attention,64,128,1,64,1,1828.9
attention,64,128,1,128,1,1828.93
attention,64,128,1,256,1,1826.95
attention,64,128,1,512,1,1824.03
attention,64,128,1,1024,1,1817.43
attention,64,128,1,2048,1,1804.37
attention,64,128,1,4096,1,1804.64
attention,64,128,1,8192,1,1804.51
attention,64,128,1,16384,1,1804.35
attention,64,128,2,16,1,1854.38
attention,64,128,2,32,1,1854.18
attention,64,128,2,64,1,1854.36
attention,64,128,2,128,1,1854.11
attention,64,128,2,256,1,1851.07
attention,64,128,2,512,1,1844.55
attention,64,128,2,1024,1,1831.35
attention,64,128,2,2048,1,1804.82
attention,64,128,2,4096,1,1805.17
attention,64,128,2,8192,1,1804.92
attention,64,128,2,16384,1,1804.75
attention,64,128,4,16,1,1905.46
attention,64,128,4,32,1,1905.75
attention,64,128,4,64,1,1905.72
attention,64,128,4,128,1,1906.18
attention,64,128,4,256,1,1899.55
attention,64,128,4,512,1,1886.74
attention,64,128,4,1024,1,1860.24
attention,64,128,4,2048,1,1807.98
attention,64,128,4,4096,1,1807.79
attention,64,128,4,8192,1,1807.35
attention,64,128,4,16384,1,1806.76
attention,64,128,8,16,1,2008.13
attention,64,128,8,32,1,2008.24
attention,64,128,8,64,1,2008.44
attention,64,128,8,128,1,2008.42
attention,64,128,8,256,1,1996.26
attention,64,128,8,512,1,1970.12
attention,64,128,8,1024,1,1917.53
attention,64,128,8,2048,1,1811.93
attention,64,128,8,4096,1,1812.76
attention,64,128,8,8192,1,1811.61
attention,64,128,8,16384,1,1811.23
attention,64,128,16,16,1,2214.8
attention,64,128,16,32,1,2215.59
attention,64,128,16,64,1,2183.78
attention,64,128,16,128,1,2215
attention,64,128,16,256,1,2187.65
attention,64,128,16,512,1,2135.99
attention,64,128,16,1024,1,2031.2
attention,64,128,16,2048,1,1823.28
attention,64,128,16,4096,1,1822.08
attention,64,128,16,8192,1,1823.5
attention,64,128,16,16384,1,1762.58
attention,64,128,32,16,1,2827.36
attention,64,128,32,32,1,2871.52
attention,64,128,32,64,1,2862.6
attention,64,128,32,128,1,2834.44
attention,64,128,32,256,1,2844.22
attention,64,128,32,512,1,2755.84
attention,64,128,32,1024,1,2268.16
attention,64,128,32,2048,1,1843.69
attention,64,128,32,4096,1,1844.96
attention,64,128,32,8192,1,1854
attention,64,128,32,16384,1,1869.08
attention,64,128,64,16,1,3453.41
attention,64,128,64,32,1,3529.42
attention,64,128,64,64,1,3365.89
attention,64,128,64,128,1,3472.99
attention,64,128,64,256,1,3254.44
attention,64,128,64,512,1,3145.01
attention,64,128,64,1024,1,2625.74
attention,64,128,64,2048,1,1895.71
attention,64,128,64,4096,1,1864.29
attention,64,128,64,8192,1,1891.47
attention,64,128,64,16384,1,1913.6
attention,64,128,128,16,1,5290.77
attention,64,128,128,32,1,5169.01
attention,64,128,128,64,1,5106.61
attention,64,128,128,128,1,5126.93
attention,64,128,128,256,1,4747.75
attention,64,128,128,512,1,4413.89
attention,64,128,128,1024,1,3607.86
attention,64,128,128,2048,1,2437.54
attention,64,128,128,4096,1,2447.04
attention,64,128,128,8192,1,2448.5
attention,64,128,128,16384,1,2444.37
attention,64,256,0,0,1,4634.74
attention,64,256,1,16,1,1718.16
attention,64,256,1,32,1,1751.22
attention,64,256,1,64,1,1751.07
attention,64,256,1,128,1,1750.69
attention,64,256,1,256,1,1751.08
attention,64,256,1,512,1,1747.91
attention,64,256,1,1024,1,1741.16
attention,64,256,1,2048,1,1728.1
attention,64,256,1,4096,1,1728.2
attention,64,256,1,8192,1,1727.99
attention,64,256,1,16384,1,1727.8
attention,64,256,2,16,1,1774.6
attention,64,256,2,32,1,1774.77
attention,64,256,2,64,1,1774.71
attention,64,256,2,128,1,1775.03
attention,64,256,2,256,1,1775.27
attention,64,256,2,512,1,1768.82
attention,64,256,2,1024,1,1755.12
attention,64,256,2,2048,1,1732.31
attention,64,256,2,4096,1,1729.49
attention,64,256,2,8192,1,1729.18
attention,64,256,2,16384,1,1728.84
attention,64,256,4,16,1,1822.98
attention,64,256,4,32,1,1822.59
attention,64,256,4,64,1,1823.52
attention,64,256,4,128,1,1823.52
attention,64,256,4,256,1,1823.79
attention,64,256,4,512,1,1810.28
attention,64,256,4,1024,1,1783.99
attention,64,256,4,2048,1,1731.78
attention,64,256,4,4096,1,1731.46
attention,64,256,4,8192,1,1732.24
attention,64,256,4,16384,1,1730.85
attention,64,256,8,16,1,1918.95
attention,64,256,8,32,1,1918.69
attention,64,256,8,64,1,1918.72
attention,64,256,8,128,1,1919.13
attention,64,256,8,256,1,1918.95
attention,64,256,8,512,1,1893.27
attention,64,256,8,1024,1,1840.99
attention,64,256,8,2048,1,1735.91
attention,64,256,8,4096,1,1736.04
attention,64,256,8,8192,1,1735.47
attention,64,256,8,16384,1,1739
attention,64,256,16,16,1,2112.24
attention,64,256,16,32,1,2111.98
attention,64,256,16,64,1,2112.59
attention,64,256,16,128,1,2112.13
attention,64,256,16,256,1,2112
attention,64,256,16,512,1,2059.07
attention,64,256,16,1024,1,1929.11
attention,64,256,16,2048,1,1746.23
attention,64,256,16,4096,1,1745.62
attention,64,256,16,8192,1,1748.02
attention,64,256,16,16384,1,1753.07
attention,64,256,32,16,1,2775.13
attention,64,256,32,32,1,2755
attention,64,256,32,64,1,2779.31
attention,64,256,32,128,1,2781.65
attention,64,256,32,256,1,2754.84
attention,64,256,32,512,1,2694.82
attention,64,256,32,1024,1,2268.74
attention,64,256,32,2048,1,1772.39
attention,64,256,32,4096,1,1736.5
attention,64,256,32,8192,1,1744.09
attention,64,256,32,16384,1,1758.76
attention,64,256,64,16,1,3279.13
attention,64,256,64,32,1,3345.5
attention,64,256,64,64,1,3326.3
attention,64,256,64,128,1,3177.85
attention,64,256,64,256,1,3240.24
attention,64,256,64,512,1,3101.92
attention,64,256,64,1024,1,2655.57
attention,64,256,64,2048,1,1820.61
attention,64,256,64,4096,1,1824.83
attention,64,256,64,8192,1,1843.44
attention,64,256,64,16384,1,1856.86
attention,64,256,128,16,1,5075.18
attention,64,256,128,32,1,5048.77
attention,64,256,128,64,1,5017.99
attention,64,256,128,128,1,4922.94
attention,64,256,128,256,1,4761.5
attention,64,256,128,512,1,4337.03
attention,64,256,128,1024,1,3464.47
attention,64,256,128,2048,1,2350.16
attention,64,256,128,4096,1,2392.55
attention,64,256,128,8192,1,2450.92
attention,64,256,128,16384,1,2394.08
attention,64,512,0,0,1,4118.28
attention,64,512,1,16,1,1593.27
attention,64,512,1,32,1,1593.27
attention,64,512,1,64,1,1593.59
attention,64,512,1,128,1,1593.58
attention,64,512,1,256,1,1593.43
attention,64,512,1,512,1,1594.5
attention,64,512,1,1024,1,1587.7
attention,64,512,1,2048,1,1574.71
attention,64,512,1,4096,1,1574.55
attention,64,512,1,8192,1,1574.28
attention,64,512,1,16384,1,1574.27
attention,64,512,2,16,1,1613.7
attention,64,512,2,32,1,1614.23
attention,64,512,2,64,1,1613.95
attention,64,512,2,128,1,1614.09
attention,64,512,2,256,1,1614.45
attention,64,512,2,512,1,1614.83
attention,64,512,2,1024,1,1601.25
attention,64,512,2,2048,1,1576.28
attention,64,512,2,4096,1,1575.91
attention,64,512,2,8192,1,1575.66
attention,64,512,2,16384,1,1574.91
attention,64,512,4,16,1,1655.29
attention,64,512,4,32,1,1655.34
attention,64,512,4,64,1,1661.75
attention,64,512,4,128,1,1655.25
attention,64,512,4,256,1,1656.41
attention,64,512,4,512,1,1656.15
attention,64,512,4,1024,1,1629.95
attention,64,512,4,2048,1,1578.01
attention,64,512,4,4096,1,1577.83
attention,64,512,4,8192,1,1577.73
attention,64,512,4,16384,1,1576.92
attention,64,512,8,16,1,1736.67
attention,64,512,8,32,1,1736.92
attention,64,512,8,64,1,1737.34
attention,64,512,8,128,1,1737.87
attention,64,512,8,256,1,1738.51
attention,64,512,8,512,1,1739.15
attention,64,512,8,1024,1,1686.04
attention,64,512,8,2048,1,1585.58
attention,64,512,8,4096,1,1581.5
attention,64,512,8,8192,1,1580.57
attention,64,512,8,16384,1,1581.75
attention,64,512,16,16,1,1904.75
attention,64,512,16,32,1,1904.32
attention,64,512,16,64,1,1905.48
attention,64,512,16,128,1,1905.2
attention,64,512,16,256,1,1906.71
attention,64,512,16,512,1,1904.38
attention,64,512,16,1024,1,1799.65
attention,64,512,16,2048,1,1591.54
attention,64,512,16,4096,1,1590.53
attention,64,512,16,8192,1,1592.86
attention,64,512,16,16384,1,1598.83
attention,64,512,32,16,1,2551.91
attention,64,512,32,32,1,2548.57
attention,64,512,32,64,1,2553.99
attention,64,512,32,128,1,2555.63
attention,64,512,32,256,1,2550.55
attention,64,512,32,512,1,2535.88
attention,64,512,32,1024,1,2200.16
attention,64,512,32,2048,1,1610.27
attention,64,512,32,4096,1,1613.77
attention,64,512,32,8192,1,1620.48
attention,64,512,32,16384,1,1636.34
attention,64,512,64,16,1,3201.74
attention,64,512,64,32,1,3134.39
attention,64,512,64,64,1,3120.34
attention,64,512,64,128,1,3034.96
attention,64,512,64,256,1,3022.11
attention,64,512,64,512,1,2909.22
attention,64,512,64,1024,1,2493.99
attention,64,512,64,2048,1,1819.16
attention,64,512,64,4096,1,1823.47
attention,64,512,64,8192,1,1842.2
attention,64,512,64,16384,1,1840.72
attention,64,512,128,16,1,4958.57
attention,64,512,128,32,1,4909.97
attention,64,512,128,64,1,4824.65
attention,64,512,128,128,1,4713.12
attention,64,512,128,256,1,4474.24
attention,64,512,128,512,1,4074.16
attention,64,512,128,1024,1,3486.02
attention,64,512,128,2048,1,2199.56
attention,64,512,128,4096,1,2270.8
attention,64,512,128,8192,1,2301.32
attention,64,512,128,16384,1,2211.55
attention,64,1024,0,0,1,3054.56
attention,64,1024,1,16,1,1265.11
attention,64,1024,1,32,1,1269.86
attention,64,1024,1,64,1,1269.79
attention,64,1024,1,128,1,1278.94
attention,64,1024,1,256,1,1280.03
attention,64,1024,1,512,1,1279.54
attention,64,1024,1,1024,1,1279.32
attention,64,1024,1,2048,1,1266.74
attention,64,1024,1,4096,1,1266.55
attention,64,1024,1,8192,1,1266.83
attention,64,1024,1,16384,1,1266.31
attention,64,1024,2,16,1,1292.39
attention,64,1024,2,32,1,1292.65
attention,64,1024,2,64,1,1292.59
attention,64,1024,2,128,1,1292.71
attention,64,1024,2,256,1,1292.85
attention,64,1024,2,512,1,1293.6
attention,64,1024,2,1024,1,1293.89
attention,64,1024,2,2048,1,1267.88
attention,64,1024,2,4096,1,1267.56
attention,64,1024,2,8192,1,1267.32
attention,64,1024,2,16384,1,1267.18
attention,64,1024,4,16,1,1319.31
attention,64,1024,4,32,1,1319.6
attention,64,1024,4,64,1,1319.76
attention,64,1024,4,128,1,1319.47
attention,64,1024,4,256,1,1319.7
attention,64,1024,4,512,1,1320.86
attention,64,1024,4,1024,1,1321.74
attention,64,1024,4,2048,1,1269.19
attention,64,1024,4,4096,1,1269.08
attention,64,1024,4,8192,1,1269.05
attention,64,1024,4,16384,1,1268.67
attention,64,1024,8,16,1,1372.82
attention,64,1024,8,32,1,1372.85
attention,64,1024,8,64,1,1373.39
attention,64,1024,8,128,1,1373.42
attention,64,1024,8,256,1,1374.33
attention,64,1024,8,512,1,1376.57
attention,64,1024,8,1024,1,1376.69
attention,64,1024,8,2048,1,1271.66
attention,64,1024,8,4096,1,1272.63
attention,64,1024,8,8192,1,1271.63
attention,64,1024,8,16384,1,1272.34
attention,64,1024,16,16,1,1489.62
attention,64,1024,16,32,1,1489.71
attention,64,1024,16,64,1,1490.22
attention,64,1024,16,128,1,1491.27
attention,64,1024,16,256,1,1491.37
attention,64,1024,16,512,1,1491.45
attention,64,1024,16,1024,1,1488.28
attention,64,1024,16,2048,1,1280.49
attention,64,1024,16,4096,1,1281.03
attention,64,1024,16,8192,1,1282.08
attention,64,1024,16,16384,1,1287.18
attention,64,1024,32,16,1,2098.5
attention,64,1024,32,32,1,2100.51
attention,64,1024,32,64,1,2098.46
attention,64,1024,32,128,1,2101.94
attention,64,1024,32,256,1,2097.35
attention,64,1024,32,512,1,2080.9
attention,64,1024,32,1024,1,2094.12
attention,64,1024,32,2048,1,1279.71
attention,64,1024,32,4096,1,1297.84
attention,64,1024,32,8192,1,1284.8
attention,64,1024,32,16384,1,1321.7
attention,64,1024,64,16,1,2784.91
attention,64,1024,64,32,1,2672.35
attention,64,1024,64,64,1,2763.29
attention,64,1024,64,128,1,2625.61
attention,64,1024,64,256,1,2516.5
attention,64,1024,64,512,1,2493.92
attention,64,1024,64,1024,1,2367.39
attention,64,1024,64,2048,1,1800.62
attention,64,1024,64,4096,1,1769.54
attention,64,1024,64,8192,1,1803.26
attention,64,1024,64,16384,1,1835.23
attention,64,1024,128,16,1,4415.61
attention,64,1024,128,32,1,4372.04
attention,64,1024,128,64,1,4377.9
attention,64,1024,128,128,1,4256.89
attention,64,1024,128,256,1,4208.86
attention,64,1024,128,512,1,3794.66
attention,64,1024,128,1024,1,3179.19
attention,64,1024,128,2048,1,1917.43
attention,64,1024,128,4096,1,1927.94
attention,64,1024,128,8192,1,1927.97
attention,64,1024,128,16384,1,1947.9
attention,64,2048,0,0,1,843.842
attention,64,2048,1,16,1,684.977
attention,64,2048,1,32,1,684.72
attention,64,2048,1,64,1,684.84
attention,64,2048,1,128,1,685.192
attention,64,2048,1,256,1,686.361
attention,64,2048,1,512,1,685.577
attention,64,2048,1,1024,1,685.336
attention,64,2048,1,2048,1,686.304
attention,64,2048,1,4096,1,686.496
attention,64,2048,1,8192,1,686.537
attention,64,2048,1,16384,1,687.065
attention,64,2048,2,16,1,685.929
attention,64,2048,2,32,1,686.103
attention,64,2048,2,64,1,685.968
attention,64,2048,2,128,1,686.265
attention,64,2048,2,256,1,685.353
attention,64,2048,2,512,1,686.337
attention,64,2048,2,1024,1,685.624
attention,64,2048,2,2048,1,685.787
attention,64,2048,2,4096,1,686.146
attention,64,2048,2,8192,1,685.889
attention,64,2048,2,16384,1,686.465
attention,64,2048,4,16,1,687.258
attention,64,2048,4,32,1,686.359
attention,64,2048,4,64,1,685.201
attention,64,2048,4,128,1,685.952
attention,64,2048,4,256,1,686.281
attention,64,2048,4,512,1,686.633
attention,64,2048,4,1024,1,685.504
attention,64,2048,4,2048,1,685.313
attention,64,2048,4,4096,1,686.586
attention,64,2048,4,8192,1,687.041
attention,64,2048,4,16384,1,686.88
attention,64,2048,8,16,1,689.761
attention,64,2048,8,32,1,689.465
attention,64,2048,8,64,1,690.473
attention,64,2048,8,128,1,688.985
attention,64,2048,8,256,1,689.21
attention,64,2048,8,512,1,689.608
attention,64,2048,8,1024,1,688.744
attention,64,2048,8,2048,1,688.417
attention,64,2048,8,4096,1,688.632
attention,64,2048,8,8192,1,687.234
attention,64,2048,8,16384,1,688.992
attention,64,2048,16,16,1,695.448
attention,64,2048,16,32,1,695.85
attention,64,2048,16,64,1,695.722
attention,64,2048,16,128,1,694.127
attention,64,2048,16,256,1,709.215
attention,64,2048,16,512,1,693.882
attention,64,2048,16,1024,1,691.681
attention,64,2048,16,2048,1,692.385
attention,64,2048,16,4096,1,693.081
attention,64,2048,16,8192,1,694.704
attention,64,2048,16,16384,1,701.704
attention,64,2048,32,16,1,1225.22
attention,64,2048,32,32,1,1226.23
attention,64,2048,32,64,1,1225.88
attention,64,2048,32,128,1,1225.66
attention,64,2048,32,256,1,1227.12
attention,64,2048,32,512,1,1229.26
attention,64,2048,32,1024,1,1232.31
attention,64,2048,32,2048,1,1243.61
attention,64,2048,32,4096,1,1245.03
attention,64,2048,32,8192,1,1250.44
attention,64,2048,32,16384,1,1266.05
attention,64,2048,64,16,1,2006.43
attention,64,2048,64,32,1,1990
attention,64,2048,64,64,1,1905.03
attention,64,2048,64,128,1,1847.49
attention,64,2048,64,256,1,1772.02
attention,64,2048,64,512,1,1629.51
attention,64,2048,64,1024,1,1478.75
attention,64,2048,64,2048,1,1264.11
attention,64,2048,64,4096,1,1265.68
attention,64,2048,64,8192,1,1281.76
attention,64,2048,64,16384,1,1279.48
attention,64,2048,128,16,1,3596.6
attention,64,2048,128,32,1,3577.61
attention,64,2048,128,64,1,3589.74
attention,64,2048,128,128,1,3478.02
attention,64,2048,128,256,1,3383.67
attention,64,2048,128,512,1,3175.88
attention,64,2048,128,1024,1,2582.12
attention,64,2048,128,2048,1,1868.89
attention,64,2048,128,4096,1,1881.99
attention,64,2048,128,8192,1,1879.8
attention,64,2048,128,16384,1,1881.39
attention,64,4096,0,0,1,843.362
attention,64,4096,1,16,1,684.192
attention,64,4096,1,32,1,684.769
attention,64,4096,1,64,1,683.976
attention,64,4096,1,128,1,685.482
attention,64,4096,1,256,1,684.251
attention,64,4096,1,512,1,684.187
attention,64,4096,1,1024,1,685.073
attention,64,4096,1,2048,1,683.953
attention,64,4096,1,4096,1,684.21
attention,64,4096,1,8192,1,682.969
attention,64,4096,1,16384,1,684.936
attention,64,4096,2,16,1,684.057
attention,64,4096,2,32,1,683.921
attention,64,4096,2,64,1,683.977
attention,64,4096,2,128,1,684.185
attention,64,4096,2,256,1,683.512
attention,64,4096,2,512,1,683.754
attention,64,4096,2,1024,1,683.944
attention,64,4096,2,2048,1,684.801
attention,64,4096,2,4096,1,683.393
attention,64,4096,2,8192,1,684.418
attention,64,4096,2,16384,1,683.504
attention,64,4096,4,16,1,684.986
attention,64,4096,4,32,1,684.864
attention,64,4096,4,64,1,686.034
attention,64,4096,4,128,1,684.872
attention,64,4096,4,256,1,685
attention,64,4096,4,512,1,684.865
attention,64,4096,4,1024,1,685.162
attention,64,4096,4,2048,1,685.05
attention,64,4096,4,4096,1,685.009
attention,64,4096,4,8192,1,685.082
attention,64,4096,4,16384,1,684.857
attention,64,4096,8,16,1,688.409
attention,64,4096,8,32,1,687.529
attention,64,4096,8,64,1,688.297
attention,64,4096,8,128,1,688.033
attention,64,4096,8,256,1,688.072
attention,64,4096,8,512,1,688.593
attention,64,4096,8,1024,1,687.458
attention,64,4096,8,2048,1,687.264
attention,64,4096,8,4096,1,687.512
attention,64,4096,8,8192,1,686.833
attention,64,4096,8,16384,1,688.697
attention,64,4096,16,16,1,694.833
attention,64,4096,16,32,1,694.649
attention,64,4096,16,64,1,693.768
attention,64,4096,16,128,1,693.92
attention,64,4096,16,256,1,693.079
attention,64,4096,16,512,1,691.8
attention,64,4096,16,1024,1,691.001
attention,64,4096,16,2048,1,691.865
attention,64,4096,16,4096,1,692.977
attention,64,4096,16,8192,1,694.959
attention,64,4096,16,16384,1,700.953
attention,64,4096,32,16,1,1226.42
attention,64,4096,32,32,1,1224.15
attention,64,4096,32,64,1,1225.38
attention,64,4096,32,128,1,1226.64
attention,64,4096,32,256,1,1226.9
attention,64,4096,32,512,1,1228.94
attention,64,4096,32,1024,1,1232.27
attention,64,4096,32,2048,1,1243.63
attention,64,4096,32,4096,1,1245.9
attention,64,4096,32,8192,1,1251.26
attention,64,4096,32,16384,1,1268.25
attention,64,4096,64,16,1,1926.47
attention,64,4096,64,32,1,1885.66
attention,64,4096,64,64,1,1865.53
attention,64,4096,64,128,1,1840.67
attention,64,4096,64,256,1,1760.83
attention,64,4096,64,512,1,1629.31
attention,64,4096,64,1024,1,1458.08
attention,64,4096,64,2048,1,1261.94
attention,64,4096,64,4096,1,1265.04
attention,64,4096,64,8192,1,1284.35
attention,64,4096,64,16384,1,1283.11
attention,64,4096,128,16,1,3520.94
attention,64,4096,128,32,1,3500
attention,64,4096,128,64,1,3494.28
attention,64,4096,128,128,1,3539.01
attention,64,4096,128,256,1,3332.41
attention,64,4096,128,512,1,3051.52
attention,64,4096,128,1024,1,2589.03
attention,64,4096,128,2048,1,1870.02
attention,64,4096,128,4096,1,1881.65
attention,64,4096,128,8192,1,1879.2
attention,64,4096,128,16384,1,1880.65
attention,64,8192,0,0,1,843.8
attention,64,8192,1,16,1,685.489
attention,64,8192,1,32,1,686.385
attention,64,8192,1,64,1,686.705
attention,64,8192,1,128,1,685.713
attention,64,8192,1,256,1,686.674
attention,64,8192,1,512,1,685.873
attention,64,8192,1,1024,1,684.569
attention,64,8192,1,2048,1,685.544
attention,64,8192,1,4096,1,684.552
attention,64,8192,1,8192,1,685.569
attention,64,8192,1,16384,1,686.114
attention,64,8192,2,16,1,685.578
attention,64,8192,2,32,1,685.354
attention,64,8192,2,64,1,684.8
attention,64,8192,2,128,1,685.562
attention,64,8192,2,256,1,686.273
attention,64,8192,2,512,1,685.649
attention,64,8192,2,1024,1,685.178
attention,64,8192,2,2048,1,685.512
attention,64,8192,2,4096,1,685.882
attention,64,8192,2,8192,1,686.225
attention,64,8192,2,16384,1,685.568
attention,64,8192,4,16,1,686.839
attention,64,8192,4,32,1,686.872
attention,64,8192,4,64,1,686.496
attention,64,8192,4,128,1,686.905
attention,64,8192,4,256,1,687.001
attention,64,8192,4,512,1,686.184
attention,64,8192,4,1024,1,686.401
attention,64,8192,4,2048,1,686.344
attention,64,8192,4,4096,1,685.77
attention,64,8192,4,8192,1,686.945
attention,64,8192,4,16384,1,686.568
attention,64,8192,8,16,1,688.256
attention,64,8192,8,32,1,688.664
attention,64,8192,8,64,1,688.809
attention,64,8192,8,128,1,688.657
attention,64,8192,8,256,1,688.225
attention,64,8192,8,512,1,688.705
attention,64,8192,8,1024,1,687.898
attention,64,8192,8,2048,1,686.873
attention,64,8192,8,4096,1,687.899
attention,64,8192,8,8192,1,687.633
attention,64,8192,8,16384,1,689.536
attention,64,8192,16,16,1,694.32
attention,64,8192,16,32,1,694.322
attention,64,8192,16,64,1,693.672
attention,64,8192,16,128,1,692.841
attention,64,8192,16,256,1,695.034
attention,64,8192,16,512,1,693.912
attention,64,8192,16,1024,1,693.168
attention,64,8192,16,2048,1,693.872
attention,64,8192,16,4096,1,693.786
attention,64,8192,16,8192,1,697.089
attention,64,8192,16,16384,1,702.584
attention,64,8192,32,16,1,1226.23
attention,64,8192,32,32,1,1226.23
attention,64,8192,32,64,1,1226.98
attention,64,8192,32,128,1,1226.82
attention,64,8192,32,256,1,1226.18
attention,64,8192,32,512,1,1228.74
attention,64,8192,32,1024,1,1231.19
attention,64,8192,32,2048,1,1243.84
attention,64,8192,32,4096,1,1246.09
attention,64,8192,32,8192,1,1252.2
attention,64,8192,32,16384,1,1268.67
attention,64,8192,64,16,1,1990.54
attention,64,8192,64,32,1,1879.99
attention,64,8192,64,64,1,1972.12
attention,64,8192,64,128,1,1907.07
attention,64,8192,64,256,1,1849.71
attention,64,8192,64,512,1,1705.47
attention,64,8192,64,1024,1,1478.25
attention,64,8192,64,2048,1,1264.49
attention,64,8192,64,4096,1,1266.27
attention,64,8192,64,8192,1,1282.82
attention,64,8192,64,16384,1,1281.96
attention,64,8192,128,16,1,3526.42
attention,64,8192,128,32,1,3505.37
attention,64,8192,128,64,1,3468.35
attention,64,8192,128,128,1,3473.45
attention,64,8192,128,256,1,3305.84
attention,64,8192,128,512,1,3067.54
attention,64,8192,128,1024,1,2590.9
attention,64,8192,128,2048,1,1871.91
attention,64,8192,128,4096,1,1881.53
attention,64,8192,128,8192,1,1880.92
attention,64,8192,128,16384,1,1883.99
attention,64,16384,0,0,1,840.403
attention,64,16384,1,16,1,686.897
attention,64,16384,1,32,1,687.2
attention,64,16384,1,64,1,686.432
attention,64,16384,1,128,1,686.345
attention,64,16384,1,256,1,685.992
attention,64,16384,1,512,1,687.05
attention,64,16384,1,1024,1,686.817
attention,64,16384,1,2048,1,686.968
attention,64,16384,1,4096,1,687.296
attention,64,16384,1,8192,1,687.842
attention,64,16384,1,16384,1,687.489
attention,64,16384,2,16,1,686.969
attention,64,16384,2,32,1,687.6
attention,64,16384,2,64,1,687.369
attention,64,16384,2,128,1,687.929
attention,64,16384,2,256,1,687.763
attention,64,16384,2,512,1,686.96
attention,64,16384,2,1024,1,687.658
attention,64,16384,2,2048,1,687.81
attention,64,16384,2,4096,1,688.089
attention,64,16384,2,8192,1,688.377
attention,64,16384,2,16384,1,688.273
attention,64,16384,4,16,1,688.081
attention,64,16384,4,32,1,688.442
attention,64,16384,4,64,1,688.962
attention,64,16384,4,128,1,689.112
attention,64,16384,4,256,1,688.09
attention,64,16384,4,512,1,688.145
attention,64,16384,4,1024,1,696.529
attention,64,16384,4,2048,1,688.569
attention,64,16384,4,4096,1,689.114
attention,64,16384,4,8192,1,689.265
attention,64,16384,4,16384,1,689.306
attention,64,16384,8,16,1,691.376
attention,64,16384,8,32,1,690.961
attention,64,16384,8,64,1,690.616
attention,64,16384,8,128,1,690.817
attention,64,16384,8,256,1,690.393
attention,64,16384,8,512,1,690.585
attention,64,16384,8,1024,1,689.808
attention,64,16384,8,2048,1,691.273
attention,64,16384,8,4096,1,690.041
attention,64,16384,8,8192,1,690.905
attention,64,16384,8,16384,1,693.888
attention,64,16384,16,16,1,696.248
attention,64,16384,16,32,1,696.201
attention,64,16384,16,64,1,695.77
attention,64,16384,16,128,1,696.322
attention,64,16384,16,256,1,703.977
attention,64,16384,16,512,1,695.362
attention,64,16384,16,1024,1,704.01
attention,64,16384,16,2048,1,693.296
attention,64,16384,16,4096,1,694.848
attention,64,16384,16,8192,1,697.682
attention,64,16384,16,16384,1,702.578
attention,64,16384,32,16,1,1227.85
attention,64,16384,32,32,1,1227.44
attention,64,16384,32,64,1,1227.83
attention,64,16384,32,128,1,1228.2
attention,64,16384,32,256,1,1229.31
attention,64,16384,32,512,1,1237.17
attention,64,16384,32,1024,1,1233.6
attention,64,16384,32,2048,1,1245.96
attention,64,16384,32,4096,1,1248.27
attention,64,16384,32,8192,1,1254.35
attention,64,16384,32,16384,1,1268.77
attention,64,16384,64,16,1,1994.25
attention,64,16384,64,32,1,1987.34
attention,64,16384,64,64,1,1976.98
attention,64,16384,64,128,1,1879.66
attention,64,16384,64,256,1,1861.93
attention,64,16384,64,512,1,1709.08
attention,64,16384,64,1024,1,1483.77
attention,64,16384,64,2048,1,1271.1
attention,64,16384,64,4096,1,1269.39
attention,64,16384,64,8192,1,1284.7
attention,64,16384,64,16384,1,1282.5
attention,64,16384,128,16,1,3746.2
attention,64,16384,128,32,1,3658.6
attention,64,16384,128,64,1,3474.75
attention,64,16384,128,128,1,3489.25
attention,64,16384,128,256,1,3433.44
attention,64,16384,128,512,1,3152.36
attention,64,16384,128,1024,1,2623.02
attention,64,16384,128,2048,1,1872.86
attention,64,16384,128,4096,1,1883.43
attention,64,16384,128,8192,1,1884.05
attention,64,16384,128,16384,1,1885.45
attention,128,0,0,0,1,3490.17
attention,128,0,1,16,1,3534.2
attention,128,0,1,32,1,3627.02
attention,128,0,1,64,1,3432.72
attention,128,0,1,128,1,3540.7
attention,128,0,1,256,1,3622.39
attention,128,0,1,512,1,3556.24
attention,128,0,1,1024,1,3421.79
attention,128,0,1,2048,1,3479.08
attention,128,0,1,4096,1,3546.63
attention,128,0,1,8192,1,3471.96
attention,128,0,1,16384,1,3478.37
attention,128,0,2,16,1,3449.73
attention,128,0,2,32,1,3582.29
attention,128,0,2,64,1,3504.24
attention,128,0,2,128,1,3522.47
attention,128,0,2,256,1,3512.36
attention,128,0,2,512,1,3567.24
attention,128,0,2,1024,1,3620.2
attention,128,0,2,2048,1,3595.08
attention,128,0,2,4096,1,3483.53
attention,128,0,2,8192,1,3431.41
attention,128,0,2,16384,1,3583.48
attention,128,0,4,16,1,3658.97
attention,128,0,4,32,1,3536.75
attention,128,0,4,64,1,3686.6
attention,128,0,4,128,1,3542.3
attention,128,0,4,256,1,3676.09
attention,128,0,4,512,1,3661.27
attention,128,0,4,1024,1,3503.87
attention,128,0,4,2048,1,3400.16
attention,128,0,4,4096,1,3518.1
attention,128,0,4,8192,1,3566.07
attention,128,0,4,16384,1,3408.12
attention,128,0,8,16,1,3790.71
attention,128,0,8,32,1,3713.6
attention,128,0,8,64,1,3784.53
attention,128,0,8,128,1,3680.16
attention,128,0,8,256,1,3615.35
attention,128,0,8,512,1,3574.77
attention,128,0,8,1024,1,3558.78
attention,128,0,8,2048,1,3515.54
attention,128,0,8,4096,1,3466.94
attention,128,0,8,8192,1,3468.34
attention,128,0,8,16384,1,3372.08
attention,128,0,16,16,1,3896.65
attention,128,0,16,32,1,3843.9
attention,128,0,16,64,1,3875.03
attention,128,0,16,128,1,3827.18
attention,128,0,16,256,1,3859.74
attention,128,0,16,512,1,3876.86
attention,128,0,16,1024,1,3703.3
attention,128,0,16,2048,1,3427.64
attention,128,0,16,4096,1,3505.09
attention,128,0,16,8192,1,3452.72
attention,128,0,16,16384,1,3595.93
attention,128,0,32,16,1,4344.66
attention,128,0,32,32,1,4248.67
attention,128,0,32,64,1,4384.02
attention,128,0,32,128,1,4364.76
attention,128,0,32,256,1,4166.13
attention,128,0,32,512,1,4004.05
attention,128,0,32,1024,1,3871.52
attention,128,0,32,2048,1,3576.17
attention,128,0,32,4096,1,3614.97
attention,128,0,32,8192,1,3613.84
attention,128,0,32,16384,1,3478.24
attention,128,0,64,16,1,5100.28
attention,128,0,64,32,1,5164.03
attention,128,0,64,64,1,5236.49
attention,128,0,64,128,1,5069.74
attention,128,0,64,256,1,5037.47
attention,128,0,64,512,1,4813.65
attention,128,0,64,1024,1,4318.22
attention,128,0,64,2048,1,3553.07
attention,128,0,64,4096,1,3656.89
attention,128,0,64,8192,1,3478.1
attention,128,0,64,16384,1,3671.13
attention,128,0,128,16,1,6654.84
attention,128,0,128,32,1,6726.76
attention,128,0,128,64,1,6711.66
attention,128,0,128,128,1,6702.02
attention,128,0,128,256,1,6438.88
attention,128,0,128,512,1,6002.64
attention,128,0,128,1024,1,5475.39
attention,128,0,128,2048,1,4120.79
attention,128,0,128,4096,1,4061.61
attention,128,0,128,8192,1,4252.42
attention,128,0,128,16384,1,4255.85
attention,128,16,0,0,1,3501.49
attention,128,16,1,16,1,3492.38
attention,128,16,1,32,1,3493.69
attention,128,16,1,64,1,3512.57
attention,128,16,1,128,1,3567.34
attention,128,16,1,256,1,3634.16
attention,128,16,1,512,1,3469.44
attention,128,16,1,1024,1,3512.06
attention,128,16,1,2048,1,3520.31
attention,128,16,1,4096,1,3465.18
attention,128,16,1,8192,1,3437.85
attention,128,16,1,16384,1,3482.54
attention,128,16,2,16,1,3596.28
attention,128,16,2,32,1,3603.13
attention,128,16,2,64,1,3520.72
attention,128,16,2,128,1,3549.04
attention,128,16,2,256,1,3496.44
attention,128,16,2,512,1,3584.01
attention,128,16,2,1024,1,3565.8
attention,128,16,2,2048,1,3612.25
attention,128,16,2,4096,1,3541.48
attention,128,16,2,8192,1,3538.16
attention,128,16,2,16384,1,3526.66
attention,128,16,4,16,1,3644.68
attention,128,16,4,32,1,3590.81
attention,128,16,4,64,1,3629.85
attention,128,16,4,128,1,3607.44
attention,128,16,4,256,1,3629.89
attention,128,16,4,512,1,3613.1
attention,128,16,4,1024,1,3668.92
attention,128,16,4,2048,1,3605.68
attention,128,16,4,4096,1,3514.47
attention,128,16,4,8192,1,3541.46
attention,128,16,4,16384,1,3543.45
attention,128,16,8,16,1,3645.75
attention,128,16,8,32,1,3783.58
attention,128,16,8,64,1,3719.93
attention,128,16,8,128,1,3727.12
attention,128,16,8,256,1,3763.12
attention,128,16,8,512,1,3613.73
attention,128,16,8,1024,1,3661.27
attention,128,16,8,2048,1,3542.9
attention,128,16,8,4096,1,3528.85
attention,128,16,8,8192,1,3519.85
attention,128,16,8,16384,1,3476.34
attention,128,16,16,16,1,3886.61
attention,128,16,16,32,1,3902.41
attention,128,16,16,64,1,3895.7
attention,128,16,16,128,1,3768.92
attention,128,16,16,256,1,3823.89
attention,128,16,16,512,1,3769.92
attention,128,16,16,1024,1,3745.68
attention,128,16,16,2048,1,3552.65
attention,128,16,16,4096,1,3572.1
attention,128,16,16,8192,1,3557.97
attention,128,16,16,16384,1,3457.21
attention,128,16,32,16,1,4217.65
attention,128,16,32,32,1,4382.83
attention,128,16,32,64,1,4218.83
attention,128,16,32,128,1,4192.33
attention,128,16,32,256,1,4209.3
attention,128,16,32,512,1,4068.19
attention,128,16,32,1024,1,3898
attention,128,16,32,2048,1,3506.93
attention,128,16,32,4096,1,3657.1
attention,128,16,32,8192,1,3658.57
attention,128,16,32,16384,1,3671.7
attention,128,16,64,16,1,5143.97
attention,128,16,64,32,1,5261.76
attention,128,16,64,64,1,5248.94
attention,128,16,64,128,1,5216.09
attention,128,16,64,256,1,5014.25
attention,128,16,64,512,1,4906.95
attention,128,16,64,1024,1,4604.17
attention,128,16,64,2048,1,3720.88
attention,128,16,64,4096,1,3767.13
attention,128,16,64,8192,1,3793.29
attention,128,16,64,16384,1,3859.05
attention,128,16,128,16,1,6611.93
attention,128,16,128,32,1,6624.03
attention,128,16,128,64,1,6758.15
attention,128,16,128,128,1,6568.55
attention,128,16,128,256,1,6426.08
attention,128,16,128,512,1,5855.18
attention,128,16,128,1024,1,5329.75
attention,128,16,128,2048,1,3816.02
attention,128,16,128,4096,1,3931.17
attention,128,16,128,8192,1,4087.77
attention,128,16,128,16384,1,4119.23
attention,128,32,0,0,1,3436.64
attention,128,32,1,16,1,3425.62
attention,128,32,1,32,1,3440.23
attention,128,32,1,64,1,3373.24
attention,128,32,1,128,1,3455.2
attention,128,32,1,256,1,3477.9
attention,128,32,1,512,1,3558.08
attention,128,32,1,1024,1,3427.85
attention,128,32,1,2048,1,3405.92
attention,128,32,1,4096,1,3415.12
attention,128,32,1,8192,1,3383.13
attention,128,32,1,16384,1,3467.74
attention,128,32,2,16,1,3516.38
attention,128,32,2,32,1,3440.6
attention,128,32,2,64,1,3429.84
attention,128,32,2,128,1,3426.52
attention,128,32,2,256,1,3448.88
attention,128,32,2,512,1,3479.43
attention,128,32,2,1024,1,3416.33
attention,128,32,2,2048,1,3469.6
attention,128,32,2,4096,1,3400.23
attention,128,32,2,8192,1,3368.46
attention,128,32,2,16384,1,3390.75
attention,128,32,4,16,1,3478.51
attention,128,32,4,32,1,3472.34
attention,128,32,4,64,1,3513.65
attention,128,32,4,128,1,3582.77
attention,128,32,4,256,1,3541.66
attention,128,32,4,512,1,3580.35
attention,128,32,4,1024,1,3452.04
attention,128,32,4,2048,1,3420.17
attention,128,32,4,4096,1,3467.98
attention,128,32,4,8192,1,3539.36
attention,128,32,4,16384,1,3409.56
attention,128,32,8,16,1,3596.17
attention,128,32,8,32,1,3688.15
attention,128,32,8,64,1,3600.42
attention,128,32,8,128,1,3657.14
attention,128,32,8,256,1,3619.12
attention,128,32,8,512,1,3627.32
attention,128,32,8,1024,1,3432.59
attention,128,32,8,2048,1,3442.7
attention,128,32,8,4096,1,3541.57
attention,128,32,8,8192,1,3410.4
attention,128,32,8,16384,1,3344
attention,128,32,16,16,1,3761.8
attention,128,32,16,32,1,3837.52
attention,128,32,16,64,1,3746.24
attention,128,32,16,128,1,3808.29
attention,128,32,16,256,1,3759.79
attention,128,32,16,512,1,3884.2
attention,128,32,16,1024,1,3642.65
attention,128,32,16,2048,1,3346.82
attention,128,32,16,4096,1,3467.23
attention,128,32,16,8192,1,3403.6
attention,128,32,16,16384,1,3558.93
attention,128,32,32,16,1,4146.99
attention,128,32,32,32,1,4185.75
attention,128,32,32,64,1,4190.95
attention,128,32,32,128,1,4253.09
attention,128,32,32,256,1,4136.61
attention,128,32,32,512,1,4087.26
attention,128,32,32,1024,1,3888.21
attention,128,32,32,2048,1,3371
attention,128,32,32,4096,1,3439.24
attention,128,32,32,8192,1,3375.18
attention,128,32,32,16384,1,3457.8
attention,128,32,64,16,1,5062.91
attention,128,32,64,32,1,4985.42
attention,128,32,64,64,1,5058.58
attention,128,32,64,128,1,4864.75
attention,128,32,64,256,1,4902.53
attention,128,32,64,512,1,4696.78
attention,128,32,64,1024,1,4650.7
attention,128,32,64,2048,1,3712.83
attention,128,32,64,4096,1,3663.94
attention,128,32,64,8192,1,3679.12
attention,128,32,64,16384,1,3729.45
attention,128,32,128,16,1,6724.84
attention,128,32,128,32,1,6698.73
attention,128,32,128,64,1,6509.98
attention,128,32,128,128,1,6552.57
attention,128,32,128,256,1,6337.2
attention,128,32,128,512,1,5848.01
attention,128,32,128,1024,1,5246.89
attention,128,32,128,2048,1,3872.89
attention,128,32,128,4096,1,4039.64
attention,128,32,128,8192,1,4009.9
attention,128,32,128,16384,1,4049.54
attention,128,64,0,0,1,3400.62
attention,128,64,1,16,1,3528.61
attention,128,64,1,32,1,3393.35
attention,128,64,1,64,1,3477.54
attention,128,64,1,128,1,3510.96
attention,128,64,1,256,1,3527.48
attention,128,64,1,512,1,3491.31
attention,128,64,1,1024,1,3422.79
attention,128,64,1,2048,1,3506.17
attention,128,64,1,4096,1,3407.71
attention,128,64,1,8192,1,3505.85
attention,128,64,1,16384,1,3434.63
attention,128,64,2,16,1,3521.37
attention,128,64,2,32,1,3496.08
attention,128,64,2,64,1,3510.96
attention,128,64,2,128,1,3623.72
attention,128,64,2,256,1,3549.99
attention,128,64,2,512,1,3445.82
attention,128,64,2,1024,1,3542.64
attention,128,64,2,2048,1,3479.23
attention,128,64,2,4096,1,3460.12
attention,128,64,2,8192,1,3380.37
attention,128,64,2,16384,1,3575.48
attention,128,64,4,16,1,3633.92
attention,128,64,4,32,1,3573.48
attention,128,64,4,64,1,3599.08
attention,128,64,4,128,1,3507.32
attention,128,64,4,256,1,3524.22
attention,128,64,4,512,1,3511.48
attention,128,64,4,1024,1,3568.61
attention,128,64,4,2048,1,3534.37
attention,128,64,4,4096,1,3403.57
attention,128,64,4,8192,1,3430.64
attention,128,64,4,16384,1,3438.75
attention,128,64,8,16,1,3624.55
attention,128,64,8,32,1,3634.43
attention,128,64,8,64,1,3718.16
attention,128,64,8,128,1,3642.85
attention,128,64,8,256,1,3651.03
attention,128,64,8,512,1,3633.8
attention,128,64,8,1024,1,3565.84
attention,128,64,8,2048,1,3586.17
attention,128,64,8,4096,1,3484.85
attention,128,64,8,8192,1,3458.69
attention,128,64,8,16384,1,3456.73
attention,128,64,16,16,1,3734.08
attention,128,64,16,32,1,3903.12
attention,128,64,16,64,1,3713.79
attention,128,64,16,128,1,3780.01
attention,128,64,16,256,1,3678.4
attention,128,64,16,512,1,3778.17
attention,128,64,16,1024,1,3664.18
attention,128,64,16,2048,1,3460.95
attention,128,64,16,4096,1,3397.36
attention,128,64,16,8192,1,3398.21
attention,128,64,16,16384,1,3597.88
attention,128,64,32,16,1,4131.87
attention,128,64,32,32,1,4215.82
attention,128,64,32,64,1,4179.65
attention,128,64,32,128,1,4257.91
attention,128,64,32,256,1,4098.39
attention,128,64,32,512,1,4049.98
attention,128,64,32,1024,1,3783
attention,128,64,32,2048,1,3417.98
attention,128,64,32,4096,1,3419.94
attention,128,64,32,8192,1,3493.06
attention,128,64,32,16384,1,3438.21
attention,128,64,64,16,1,4992.17
attention,128,64,64,32,1,5034.36
attention,128,64,64,64,1,5013.13
attention,128,64,64,128,1,4893.4
attention,128,64,64,256,1,4763.33
attention,128,64,64,512,1,4643.53
attention,128,64,64,1024,1,4612.16
attention,128,64,64,2048,1,3776.66
attention,128,64,64,4096,1,3741.49
attention,128,64,64,8192,1,3743.64
attention,128,64,64,16384,1,3637.99
attention,128,64,128,16,1,6613
attention,128,64,128,32,1,6681.36
attention,128,64,128,64,1,6488.31
attention,128,64,128,128,1,6523.44
attention,128,64,128,256,1,6209.06
attention,128,64,128,512,1,5799.53
attention,128,64,128,1024,1,5146.32
attention,128,64,128,2048,1,3892.92
attention,128,64,128,4096,1,3808.69
attention,128,64,128,8192,1,3988.02
attention,128,64,128,16384,1,3946.81
attention,128,128,0,0,1,3314.3
attention,128,128,1,16,1,3440.39
attention,128,128,1,32,1,3402.28
attention,128,128,1,64,1,3302.52
attention,128,128,1,128,1,3302.82
attention,128,128,1,256,1,3333.65
attention,128,128,1,512,1,3268.78
attention,128,128,1,1024,1,3370.45
attention,128,128,1,2048,1,3421.96
attention,128,128,1,4096,1,3313.65
attention,128,128,1,8192,1,3310.42
attention,128,128,1,16384,1,3359.44
attention,128,128,2,16,1,3362.89
attention,128,128,2,32,1,3379.74
attention,128,128,2,64,1,3360.84
attention,128,128,2,128,1,3466.25
attention,128,128,2,256,1,3325.72
attention,128,128,2,512,1,3354.83
attention,128,128,2,1024,1,3390.78
attention,128,128,2,2048,1,3342.58
attention,128,128,2,4096,1,3370.48
attention,128,128,2,8192,1,3296.53
attention,128,128,2,16384,1,3312.56
attention,128,128,4,16,1,3399.73
attention,128,128,4,32,1,3381.72
attention,128,128,4,64,1,3347.78
attention,128,128,4,128,1,3385.55
attention,128,128,4,256,1,3424.81
attention,128,128,4,512,1,3407.57
attention,128,128,4,1024,1,3388.64
attention,128,128,4,2048,1,3361.28
attention,128,128,4,4096,1,3428.7
attention,128,128,4,8192,1,3375.73
attention,128,128,4,16384,1,3284.59
attention,128,128,8,16,1,3473.84
attention,128,128,8,32,1,3511.52
attention,128,128,8,64,1,3453.09
attention,128,128,8,128,1,3417.25
attention,128,128,8,256,1,3475.08
attention,128,128,8,512,1,3472.81
attention,128,128,8,1024,1,3541.87
attention,128,128,8,2048,1,3287.08
attention,128,128,8,4096,1,3319.6
attention,128,128,8,8192,1,3383.06
attention,128,128,8,16384,1,3296.91
attention,128,128,16,16,1,3815.84
attention,128,128,16,32,1,3702.67
attention,128,128,16,64,1,3819.12
attention,128,128,16,128,1,3691.95
attention,128,128,16,256,1,3656.35
attention,128,128,16,512,1,3539.09
attention,128,128,16,1024,1,3472.47
attention,128,128,16,2048,1,3456.52
attention,128,128,16,4096,1,3283.85
attention,128,128,16,8192,1,3391.69
attention,128,128,16,16384,1,3287.34
attention,128,128,32,16,1,4137.11
attention,128,128,32,32,1,4067.01
attention,128,128,32,64,1,4096.21
attention,128,128,32,128,1,4096.85
attention,128,128,32,256,1,4019.94
attention,128,128,32,512,1,3946.04
attention,128,128,32,1024,1,3738.27
attention,128,128,32,2048,1,3412.87
attention,128,128,32,4096,1,3384.4
attention,128,128,32,8192,1,3443.23
attention,128,128,32,16384,1,3391.27
attention,128,128,64,16,1,4881.81
attention,128,128,64,32,1,4956.29
attention,128,128,64,64,1,4857.67
attention,128,128,64,128,1,4835.8
attention,128,128,64,256,1,4770.56
attention,128,128,64,512,1,4582.77
attention,128,128,64,1024,1,4325.23
attention,128,128,64,2048,1,3704.36
attention,128,128,64,4096,1,3580.72
attention,128,128,64,8192,1,3593.14
attention,128,128,64,16384,1,3753.48
attention,128,128,128,16,1,6595.11
attention,128,128,128,32,1,6463.09
attention,128,128,128,64,1,6480.41
attention,128,128,128,128,1,6358.39
attention,128,128,128,256,1,6252.21
attention,128,128,128,512,1,5859.19
attention,128,128,128,1024,1,4968.39
attention,128,128,128,2048,1,3830.93
attention,128,128,128,4096,1,3898.38
attention,128,128,128,8192,1,3843.8
attention,128,128,128,16384,1,3844.46
attention,128,256,0,0,1,3200.01
attention,128,256,1,16,1,3247.38
attention,128,256,1,32,1,3274.63
attention,128,256,1,64,1,3143.58
attention,128,256,1,128,1,3183.36
attention,128,256,1,256,1,3225.28
attention,128,256,1,512,1,3208.91
attention,128,256,1,1024,1,3201.87
attention,128,256,1,2048,1,3200.88
attention,128,256,1,4096,1,3203.72
attention,128,256,1,8192,1,3160.2
attention,128,256,1,16384,1,3230.25
attention,128,256,2,16,1,3244.8
attention,128,256,2,32,1,3234.24
attention,128,256,2,64,1,3209.31
attention,128,256,2,128,1,3224.5
attention,128,256,2,256,1,3280.24
attention,128,256,2,512,1,3166.3
attention,128,256,2,1024,1,3201.18
attention,128,256,2,2048,1,3232.36
attention,128,256,2,4096,1,3092.09
attention,128,256,2,8192,1,3149.09
attention,128,256,2,16384,1,3091.75
attention,128,256,4,16,1,3205.35
attention,128,256,4,32,1,3288.32
attention,128,256,4,64,1,3162.55
attention,128,256,4,128,1,3285.37
attention,128,256,4,256,1,3296.36
attention,128,256,4,512,1,3153.8
attention,128,256,4,1024,1,3279.54
attention,128,256,4,2048,1,3214.28
attention,128,256,4,4096,1,3156.73
attention,128,256,4,8192,1,3207.28
attention,128,256,4,16384,1,3165.25
attention,128,256,8,16,1,3427.72
attention,128,256,8,32,1,3332.29
attention,128,256,8,64,1,3346.21
attention,128,256,8,128,1,3301.52
attention,128,256,8,256,1,3245.35
attention,128,256,8,512,1,3391.87
attention,128,256,8,1024,1,3224.04
attention,128,256,8,2048,1,3105.53
attention,128,256,8,4096,1,3195.37
attention,128,256,8,8192,1,3109.69
attention,128,256,8,16384,1,3157.8
attention,128,256,16,16,1,3468.38
attention,128,256,16,32,1,3510.88
attention,128,256,16,64,1,3566.17
attention,128,256,16,128,1,3524.92
attention,128,256,16,256,1,3512.77
attention,128,256,16,512,1,3494.27
attention,128,256,16,1024,1,3416.19
attention,128,256,16,2048,1,3219.29
attention,128,256,16,4096,1,3123.89
attention,128,256,16,8192,1,3184.64
attention,128,256,16,16384,1,3110.69
attention,128,256,32,16,1,3966.4
attention,128,256,32,32,1,3932.06
attention,128,256,32,64,1,3837.72
attention,128,256,32,128,1,3897.16
attention,128,256,32,256,1,3775.52
attention,128,256,32,512,1,3790.13
attention,128,256,32,1024,1,3532.48
attention,128,256,32,2048,1,3240.92
attention,128,256,32,4096,1,3129.3
attention,128,256,32,8192,1,3133.54
attention,128,256,32,16384,1,3145.8
attention,128,256,64,16,1,4882.12
attention,128,256,64,32,1,4868.59
attention,128,256,64,64,1,4821.78
attention,128,256,64,128,1,4595.97
attention,128,256,64,256,1,4537.21
attention,128,256,64,512,1,4323.3
attention,128,256,64,1024,1,4132.17
attention,128,256,64,2048,1,3452.07
attention,128,256,64,4096,1,3503.28
attention,128,256,64,8192,1,3589.75
attention,128,256,64,16384,1,3572.9
attention,128,256,128,16,1,6450.26
attention,128,256,128,32,1,6339.09
attention,128,256,128,64,1,6244.05
attention,128,256,128,128,1,6283.04
attention,128,256,128,256,1,5962.61
attention,128,256,128,512,1,5619.56
attention,128,256,128,1024,1,4918.67
attention,128,256,128,2048,1,3718.2
attention,128,256,128,4096,1,3786.24
attention,128,256,128,8192,1,3781.72
attention,128,256,128,16384,1,3782.93
attention,128,512,0,0,1,2823.44
attention,128,512,1,16,1,2895.39
attention,128,512,1,32,1,2816.49
attention,128,512,1,64,1,2806.18
attention,128,512,1,128,1,2874.91
attention,128,512,1,256,1,2805.03
attention,128,512,1,512,1,2871.23
attention,128,512,1,1024,1,2808.15
attention,128,512,1,2048,1,2877.15
attention,128,512,1,4096,1,2886.7
attention,128,512,1,8192,1,2903.91
attention,128,512,1,16384,1,2842.12
attention,128,512,2,16,1,2820.04
attention,128,512,2,32,1,2821.88
attention,128,512,2,64,1,2932.57
attention,128,512,2,128,1,2849.5
attention,128,512,2,256,1,2944.7
attention,128,512,2,512,1,2865.57
attention,128,512,2,1024,1,2893.93
attention,128,512,2,2048,1,2843.73
attention,128,512,2,4096,1,2861.8
attention,128,512,2,8192,1,2789.99
attention,128,512,2,16384,1,2856.5
attention,128,512,4,16,1,2846.43
attention,128,512,4,32,1,2929.43
attention,128,512,4,64,1,2949.94
attention,128,512,4,128,1,2859.26
attention,128,512,4,256,1,2903.44
attention,128,512,4,512,1,2942.5
attention,128,512,4,1024,1,2829.46
attention,128,512,4,2048,1,2856.88
attention,128,512,4,4096,1,2834.95
attention,128,512,4,8192,1,2901.34
attention,128,512,4,16384,1,2792.3
attention,128,512,8,16,1,3042.63
attention,128,512,8,32,1,2988.08
attention,128,512,8,64,1,3026.03
attention,128,512,8,128,1,3066.69
attention,128,512,8,256,1,3060.97
attention,128,512,8,512,1,2966.71
attention,128,512,8,1024,1,2887.17
attention,128,512,8,2048,1,2805.19
attention,128,512,8,4096,1,2817.41
attention,128,512,8,8192,1,2840.37
attention,128,512,8,16384,1,2843.19
attention,128,512,16,16,1,3216.79
attention,128,512,16,32,1,3159.31
attention,128,512,16,64,1,3282.88
attention,128,512,16,128,1,3154.26
attention,128,512,16,256,1,3124.86
attention,128,512,16,512,1,3162.13
attention,128,512,16,1024,1,3028.54
attention,128,512,16,2048,1,2858.93
attention,128,512,16,4096,1,2848.21
attention,128,512,16,8192,1,2849.61
attention,128,512,16,16384,1,2917.16
attention,128,512,32,16,1,3612.31
attention,128,512,32,32,1,3523.64
attention,128,512,32,64,1,3516.81
attention,128,512,32,128,1,3582.4
attention,128,512,32,256,1,3527.22
attention,128,512,32,512,1,3433.98
attention,128,512,32,1024,1,3196.99
attention,128,512,32,2048,1,2957.64
attention,128,512,32,4096,1,2837.4
attention,128,512,32,8192,1,2827.79
attention,128,512,32,16384,1,2922.96
attention,128,512,64,16,1,4429.81
attention,128,512,64,32,1,4333.09
attention,128,512,64,64,1,4404.36
attention,128,512,64,128,1,4364.28
attention,128,512,64,256,1,4347.2
attention,128,512,64,512,1,3994.16
attention,128,512,64,1024,1,3625.34
attention,128,512,64,2048,1,3258.74
attention,128,512,64,4096,1,3210.25
attention,128,512,64,8192,1,3326.98
attention,128,512,64,16384,1,3302.33
attention,128,512,128,16,1,5986.25
attention,128,512,128,32,1,5990.56
attention,128,512,128,64,1,5942.87
attention,128,512,128,128,1,5838.94
attention,128,512,128,256,1,5646.93
attention,128,512,128,512,1,5263.84
attention,128,512,128,1024,1,4561.91
attention,128,512,128,2048,1,3312.25
attention,128,512,128,4096,1,3321.08
attention,128,512,128,8192,1,3410.6
attention,128,512,128,16384,1,3367.36
attention,128,1024,0,0,1,2317.38
attention,128,1024,1,16,1,2307.78
attention,128,1024,1,32,1,2285.07
attention,128,1024,1,64,1,2301.95
attention,128,1024,1,128,1,2363.28
attention,128,1024,1,256,1,2338.4
attention,128,1024,1,512,1,2326.52
attention,128,1024,1,1024,1,2285.23
attention,128,1024,1,2048,1,2315.31
attention,128,1024,1,4096,1,2318.75
attention,128,1024,1,8192,1,2288.52
attention,128,1024,1,16384,1,2333.63
attention,128,1024,2,16,1,2290.31
attention,128,1024,2,32,1,2334.83
attention,128,1024,2,64,1,2351.11
attention,128,1024,2,128,1,2327.16
attention,128,1024,2,256,1,2328.36
attention,128,1024,2,512,1,2287.89
attention,128,1024,2,1024,1,2345.32
attention,128,1024,2,2048,1,2259.75
attention,128,1024,2,4096,1,2289
attention,128,1024,2,8192,1,2289.76
attention,128,1024,2,16384,1,2326.62
attention,128,1024,4,16,1,2341.58
attention,128,1024,4,32,1,2303.26
attention,128,1024,4,64,1,2375.55
attention,128,1024,4,128,1,2399.67
attention,128,1024,4,256,1,2370.36
attention,128,1024,4,512,1,2327.39
attention,128,1024,4,1024,1,2302.77
attention,128,1024,4,2048,1,2296.48
attention,128,1024,4,4096,1,2279.54
attention,128,1024,4,8192,1,2260.51
attention,128,1024,4,16384,1,2279.36
attention,128,1024,8,16,1,2356.58
attention,128,1024,8,32,1,2355.19
attention,128,1024,8,64,1,2442.73
attention,128,1024,8,128,1,2391.11
attention,128,1024,8,256,1,2391.33
attention,128,1024,8,512,1,2356.56
attention,128,1024,8,1024,1,2387.93
attention,128,1024,8,2048,1,2263.63
attention,128,1024,8,4096,1,2348.96
attention,128,1024,8,8192,1,2265.93
attention,128,1024,8,16384,1,2296.71
attention,128,1024,16,16,1,2563.27
attention,128,1024,16,32,1,2596.44
attention,128,1024,16,64,1,2563.03
attention,128,1024,16,128,1,2582.75
attention,128,1024,16,256,1,2515.16
attention,128,1024,16,512,1,2559.16
attention,128,1024,16,1024,1,2493
attention,128,1024,16,2048,1,2329.53
attention,128,1024,16,4096,1,2288.02
attention,128,1024,16,8192,1,2302.16
attention,128,1024,16,16384,1,2303.27
attention,128,1024,32,16,1,2960.63
attention,128,1024,32,32,1,2865.12
attention,128,1024,32,64,1,2866.84
attention,128,1024,32,128,1,2964.93
attention,128,1024,32,256,1,2860.06
attention,128,1024,32,512,1,2914.96
attention,128,1024,32,1024,1,2704.85
attention,128,1024,32,2048,1,2350.4
attention,128,1024,32,4096,1,2287.88
attention,128,1024,32,8192,1,2351.2
attention,128,1024,32,16384,1,2385.85
attention,128,1024,64,16,1,3736.93
attention,128,1024,64,32,1,3650.66
attention,128,1024,64,64,1,3633.66
attention,128,1024,64,128,1,3680.6
attention,128,1024,64,256,1,3565.51
attention,128,1024,64,512,1,3418.43
attention,128,1024,64,1024,1,3185.08
attention,128,1024,64,2048,1,2754.84
attention,128,1024,64,4096,1,2787.89
attention,128,1024,64,8192,1,2835.08
attention,128,1024,64,16384,1,2775.38
attention,128,1024,128,16,1,5310.58
attention,128,1024,128,32,1,5286.39
attention,128,1024,128,64,1,5411.72
attention,128,1024,128,128,1,5293.38
attention,128,1024,128,256,1,5070.35
attention,128,1024,128,512,1,4773.37
attention,128,1024,128,1024,1,4042.96
attention,128,1024,128,2048,1,2793.6
attention,128,1024,128,4096,1,2896.42
attention,128,1024,128,8192,1,2894.86
attention,128,1024,128,16384,1,2898.12
attention,128,2048,0,0,1,1272.19
attention,128,2048,1,16,1,1286.02
attention,128,2048,1,32,1,1286.04
attention,128,2048,1,64,1,1286.63
attention,128,2048,1,128,1,1286.58
attention,128,2048,1,256,1,1286.05
attention,128,2048,1,512,1,1304.85
attention,128,2048,1,1024,1,1287.23
attention,128,2048,1,2048,1,1302.09
attention,128,2048,1,4096,1,1288.06
attention,128,2048,1,8192,1,1288.15
attention,128,2048,1,16384,1,1288.48
attention,128,2048,2,16,1,1301.83
attention,128,2048,2,32,1,1287.39
attention,128,2048,2,64,1,1305.64
attention,128,2048,2,128,1,1285.18
attention,128,2048,2,256,1,1288.71
attention,128,2048,2,512,1,1304.29
attention,128,2048,2,1024,1,1289.7
attention,128,2048,2,2048,1,1300.64
attention,128,2048,2,4096,1,1290.44
attention,128,2048,2,8192,1,1289.38
attention,128,2048,2,16384,1,1290.93
attention,128,2048,4,16,1,1285.79
attention,128,2048,4,32,1,1286.25
attention,128,2048,4,64,1,1286.41
attention,128,2048,4,128,1,1286.91
attention,128,2048,4,256,1,1295.45
attention,128,2048,4,512,1,1305.07
attention,128,2048,4,1024,1,1304.74
attention,128,2048,4,2048,1,1305.71
attention,128,2048,4,4096,1,1287.63
attention,128,2048,4,8192,1,1291.08
attention,128,2048,4,16384,1,1313.35
attention,128,2048,8,16,1,1288.28
attention,128,2048,8,32,1,1288.05
attention,128,2048,8,64,1,1287.4
attention,128,2048,8,128,1,1288.24
attention,128,2048,8,256,1,1289.24
attention,128,2048,8,512,1,1289.74
attention,128,2048,8,1024,1,1287.46
attention,128,2048,8,2048,1,1289.28
attention,128,2048,8,4096,1,1289.23
attention,128,2048,8,8192,1,1293.2
attention,128,2048,8,16384,1,1309.39
attention,128,2048,16,16,1,1308.94
attention,128,2048,16,32,1,1292.44
attention,128,2048,16,64,1,1292.94
attention,128,2048,16,128,1,1293.51
attention,128,2048,16,256,1,1290.64
attention,128,2048,16,512,1,1289.79
attention,128,2048,16,1024,1,1289.43
attention,128,2048,16,2048,1,1291.32
attention,128,2048,16,4096,1,1293.6
attention,128,2048,16,8192,1,1296.36
attention,128,2048,16,16384,1,1299.15
attention,128,2048,32,16,1,1688.26
attention,128,2048,32,32,1,1692.24
attention,128,2048,32,64,1,1680.09
attention,128,2048,32,128,1,1726.46
attention,128,2048,32,256,1,1649.24
attention,128,2048,32,512,1,1600.59
attention,128,2048,32,1024,1,1495.11
attention,128,2048,32,2048,1,1303.09
attention,128,2048,32,4096,1,1304.52
attention,128,2048,32,8192,1,1310.6
attention,128,2048,32,16384,1,1322.15
attention,128,2048,64,16,1,2480.26
attention,128,2048,64,32,1,2426.03
attention,128,2048,64,64,1,2483.51
attention,128,2048,64,128,1,2405.08
attention,128,2048,64,256,1,2391.5
attention,128,2048,64,512,1,2239.2
attention,128,2048,64,1024,1,1908.91
attention,128,2048,64,2048,1,1855.87
attention,128,2048,64,4096,1,1862.27
attention,128,2048,64,8192,1,1876.57
attention,128,2048,64,16384,1,1873.28
attention,128,2048,128,16,1,4114.65
attention,128,2048,128,32,1,4094.41
attention,128,2048,128,64,1,4046.28
attention,128,2048,128,128,1,4101.23
attention,128,2048,128,256,1,3976.12
attention,128,2048,128,512,1,3597.4
attention,128,2048,128,1024,1,2797.79
attention,128,2048,128,2048,1,1905.97
attention,128,2048,128,4096,1,1918.65
attention,128,2048,128,8192,1,1920.52
attention,128,2048,128,16384,1,1915.86
attention,128,4096,0,0,1,1253.76
attention,128,4096,1,16,1,1284.63
attention,128,4096,1,32,1,1286.19
attention,128,4096,1,64,1,1284.23
attention,128,4096,1,128,1,1287.06
attention,128,4096,1,256,1,1286.06
attention,128,4096,1,512,1,1285.79
attention,128,4096,1,1024,1,1285.69
attention,128,4096,1,2048,1,1287.18
attention,128,4096,1,4096,1,1285.8
attention,128,4096,1,8192,1,1288.15
attention,128,4096,1,16384,1,1287.75
attention,128,4096,2,16,1,1286.13
attention,128,4096,2,32,1,1288.5
attention,128,4096,2,64,1,1285.79
attention,128,4096,2,128,1,1284.75
attention,128,4096,2,256,1,1285.42
attention,128,4096,2,512,1,1287.57
attention,128,4096,2,1024,1,1285.47
attention,128,4096,2,2048,1,1288.38
attention,128,4096,2,4096,1,1286.91
attention,128,4096,2,8192,1,1288.44
attention,128,4096,2,16384,1,1289.23
attention,128,4096,4,16,1,1286.95
attention,128,4096,4,32,1,1285.97
attention,128,4096,4,64,1,1286.78
attention,128,4096,4,128,1,1286.59
attention,128,4096,4,256,1,1286.96
attention,128,4096,4,512,1,1287.19
attention,128,4096,4,1024,1,1286.91
attention,128,4096,4,2048,1,1287.12
attention,128,4096,4,4096,1,1289.31
attention,128,4096,4,8192,1,1288.95
attention,128,4096,4,16384,1,1290.99
attention,128,4096,8,16,1,1287.24
attention,128,4096,8,32,1,1289.03
attention,128,4096,8,64,1,1287.41
attention,128,4096,8,128,1,1287.93
attention,128,4096,8,256,1,1287.39
attention,128,4096,8,512,1,1288.01
attention,128,4096,8,1024,1,1286.93
attention,128,4096,8,2048,1,1289.11
attention,128,4096,8,4096,1,1288.79
attention,128,4096,8,8192,1,1306.88
attention,128,4096,8,16384,1,1295.19
attention,128,4096,16,16,1,1292.9
attention,128,4096,16,32,1,1294.64
attention,128,4096,16,64,1,1291.89
attention,128,4096,16,128,1,1291.59
attention,128,4096,16,256,1,1291.16
attention,128,4096,16,512,1,1291.04
attention,128,4096,16,1024,1,1290.94
attention,128,4096,16,2048,1,1291.62
attention,128,4096,16,4096,1,1301.68
attention,128,4096,16,8192,1,1295.28
attention,128,4096,16,16384,1,1299.94
attention,128,4096,32,16,1,1717.18
attention,128,4096,32,32,1,1697.93
attention,128,4096,32,64,1,1678.09
attention,128,4096,32,128,1,1719.21
attention,128,4096,32,256,1,1708.93
attention,128,4096,32,512,1,1641.5
attention,128,4096,32,1024,1,1511.59
attention,128,4096,32,2048,1,1303.35
attention,128,4096,32,4096,1,1305.24
attention,128,4096,32,8192,1,1310.72
attention,128,4096,32,16384,1,1321.24
attention,128,4096,64,16,1,2474.12
attention,128,4096,64,32,1,2426.22
attention,128,4096,64,64,1,2443.8
attention,128,4096,64,128,1,2430.27
attention,128,4096,64,256,1,2328.61
attention,128,4096,64,512,1,2223.63
attention,128,4096,64,1024,1,1924.52
attention,128,4096,64,2048,1,1857.22
attention,128,4096,64,4096,1,1863.97
attention,128,4096,64,8192,1,1875.87
attention,128,4096,64,16384,1,1874.43
attention,128,4096,128,16,1,4128.45
attention,128,4096,128,32,1,4098.35
attention,128,4096,128,64,1,4126.11
attention,128,4096,128,128,1,4058.29
attention,128,4096,128,256,1,3883.92
attention,128,4096,128,512,1,3526.23
attention,128,4096,128,1024,1,2806.95
attention,128,4096,128,2048,1,1907.03
attention,128,4096,128,4096,1,1917.79
attention,128,4096,128,8192,1,1917.72
attention,128,4096,128,16384,1,1918.11
attention,128,8192,0,0,1,1257.93
attention,128,8192,1,16,1,1289.79
attention,128,8192,1,32,1,1287.41
attention,128,8192,1,64,1,1289.93
attention,128,8192,1,128,1,1288.87
attention,128,8192,1,256,1,1288.77
attention,128,8192,1,512,1,1289.5
attention,128,8192,1,1024,1,1289.29
attention,128,8192,1,2048,1,1288.94
attention,128,8192,1,4096,1,1287.84
attention,128,8192,1,8192,1,1289.22
attention,128,8192,1,16384,1,1291.11
attention,128,8192,2,16,1,1288.93
attention,128,8192,2,32,1,1289.79
attention,128,8192,2,64,1,1289.31
attention,128,8192,2,128,1,1290.79
attention,128,8192,2,256,1,1288.71
attention,128,8192,2,512,1,1290.05
attention,128,8192,2,1024,1,1287.62
attention,128,8192,2,2048,1,1288.33
attention,128,8192,2,4096,1,1287.8
attention,128,8192,2,8192,1,1288.63
attention,128,8192,2,16384,1,1291.15
attention,128,8192,4,16,1,1288.39
attention,128,8192,4,32,1,1288.96
attention,128,8192,4,64,1,1289.89
attention,128,8192,4,128,1,1287.7
attention,128,8192,4,256,1,1288.08
attention,128,8192,4,512,1,1288.31
attention,128,8192,4,1024,1,1288.25
attention,128,8192,4,2048,1,1290.08
attention,128,8192,4,4096,1,1290.38
attention,128,8192,4,8192,1,1292.66
attention,128,8192,4,16384,1,1291.55
attention,128,8192,8,16,1,1289.86
attention,128,8192,8,32,1,1289.39
attention,128,8192,8,64,1,1290.02
attention,128,8192,8,128,1,1290.65
attention,128,8192,8,256,1,1289.12
attention,128,8192,8,512,1,1289.79
attention,128,8192,8,1024,1,1289.64
attention,128,8192,8,2048,1,1290.2
attention,128,8192,8,4096,1,1290.95
attention,128,8192,8,8192,1,1293.02
attention,128,8192,8,16384,1,1295.19
attention,128,8192,16,16,1,1294.78
attention,128,8192,16,32,1,1295.91
attention,128,8192,16,64,1,1294.12
attention,128,8192,16,128,1,1291.79
attention,128,8192,16,256,1,1294.83
attention,128,8192,16,512,1,1293.47
attention,128,8192,16,1024,1,1290.95
attention,128,8192,16,2048,1,1293.5
attention,128,8192,16,4096,1,1294.83
attention,128,8192,16,8192,1,1295.79
attention,128,8192,16,16384,1,1300.81
attention,128,8192,32,16,1,1691.91
attention,128,8192,32,32,1,1688.9
attention,128,8192,32,64,1,1716.16
attention,128,8192,32,128,1,1731.83
attention,128,8192,32,256,1,1678.66
attention,128,8192,32,512,1,1639.43
attention,128,8192,32,1024,1,1513.49
attention,128,8192,32,2048,1,1305.83
attention,128,8192,32,4096,1,1305.67
attention,128,8192,32,8192,1,1310.99
attention,128,8192,32,16384,1,1320.08
attention,128,8192,64,16,1,2499.65
attention,128,8192,64,32,1,2504.82
attention,128,8192,64,64,1,2454.23
attention,128,8192,64,128,1,2399.48
attention,128,8192,64,256,1,2358.76
attention,128,8192,64,512,1,2221.61
attention,128,8192,64,1024,1,1956.88
attention,128,8192,64,2048,1,1860.52
attention,128,8192,64,4096,1,1866.75
attention,128,8192,64,8192,1,1874
attention,128,8192,64,16384,1,1876.6
attention,128,8192,128,16,1,4130.07
attention,128,8192,128,32,1,4241.13
attention,128,8192,128,64,1,4201
attention,128,8192,128,128,1,4069.08
attention,128,8192,128,256,1,3819.44
attention,128,8192,128,512,1,3525.08
attention,128,8192,128,1024,1,2806.6
attention,128,8192,128,2048,1,1907.92
attention,128,8192,128,4096,1,1917.87
attention,128,8192,128,8192,1,1916.54
attention,128,8192,128,16384,1,1916.5
attention,128,16384,0,0,1,1262.4
attention,128,16384,1,16,1,1291.99
attention,128,16384,1,32,1,1291.5
attention,128,16384,1,64,1,1291.99
attention,128,16384,1,128,1,1292.17
attention,128,16384,1,256,1,1291.66
attention,128,16384,1,512,1,1290.08
attention,128,16384,1,1024,1,1291.02
attention,128,16384,1,2048,1,1290.23
attention,128,16384,1,4096,1,1292.02
attention,128,16384,1,8192,1,1291.86
attention,128,16384,1,16384,1,1291.42
attention,128,16384,2,16,1,1289.95
attention,128,16384,2,32,1,1289.87
attention,128,16384,2,64,1,1291.67
attention,128,16384,2,128,1,1290.87
attention,128,16384,2,256,1,1291.12
attention,128,16384,2,512,1,1291.41
attention,128,16384,2,1024,1,1288.92
attention,128,16384,2,2048,1,1291.37
attention,128,16384,2,4096,1,1291.52
attention,128,16384,2,8192,1,1290.98
attention,128,16384,2,16384,1,1294.69
attention,128,16384,4,16,1,1292.39
attention,128,16384,4,32,1,1289.69
attention,128,16384,4,64,1,1291.74
attention,128,16384,4,128,1,1290.26
attention,128,16384,4,256,1,1291.65
attention,128,16384,4,512,1,1292.18
attention,128,16384,4,1024,1,1289.39
attention,128,16384,4,2048,1,1290.57
attention,128,16384,4,4096,1,1290.92
attention,128,16384,4,8192,1,1295.95
attention,128,16384,4,16384,1,1295.87
attention,128,16384,8,16,1,1291.75
attention,128,16384,8,32,1,1292.26
attention,128,16384,8,64,1,1293.74
attention,128,16384,8,128,1,1293.33
attention,128,16384,8,256,1,1292.2
attention,128,16384,8,512,1,1292.97
attention,128,16384,8,1024,1,1293.39
attention,128,16384,8,2048,1,1291.79
attention,128,16384,8,4096,1,1295.41
attention,128,16384,8,8192,1,1296.46
attention,128,16384,8,16384,1,1297.88
attention,128,16384,16,16,1,1296.77
attention,128,16384,16,32,1,1296.92
attention,128,16384,16,64,1,1298.6
attention,128,16384,16,128,1,1294.18
attention,128,16384,16,256,1,1293.21
attention,128,16384,16,512,1,1295.37
attention,128,16384,16,1024,1,1292.47
attention,128,16384,16,2048,1,1295.44
attention,128,16384,16,4096,1,1296.75
attention,128,16384,16,8192,1,1298.05
attention,128,16384,16,16384,1,1303.21
attention,128,16384,32,16,1,1697.92
attention,128,16384,32,32,1,1678.1
attention,128,16384,32,64,1,1706.92
attention,128,16384,32,128,1,1684.83
attention,128,16384,32,256,1,1651.31
attention,128,16384,32,512,1,1603.47
attention,128,16384,32,1024,1,1495.83
attention,128,16384,32,2048,1,1306.9
attention,128,16384,32,4096,1,1307.91
attention,128,16384,32,8192,1,1313.7
attention,128,16384,32,16384,1,1324.39
attention,128,16384,64,16,1,2512.95
attention,128,16384,64,32,1,2462.83
attention,128,16384,64,64,1,2439.99
attention,128,16384,64,128,1,2430.82
attention,128,16384,64,256,1,2359.11
attention,128,16384,64,512,1,2181.37
attention,128,16384,64,1024,1,1915.23
attention,128,16384,64,2048,1,1864.95
attention,128,16384,64,4096,1,1871.68
attention,128,16384,64,8192,1,1877.83
attention,128,16384,64,16384,1,1877.19
attention,128,16384,128,16,1,4191.04
attention,128,16384,128,32,1,4264.88
attention,128,16384,128,64,1,4040.41
attention,128,16384,128,128,1,3982.28
attention,128,16384,128,256,1,3820.87
attention,128,16384,128,512,1,3473.7
attention,128,16384,128,1024,1,2794.77
attention,128,16384,128,2048,1,1911.31
attention,128,16384,128,4096,1,1918.61
attention,128,16384,128,8192,1,1919.15
attention,128,16384,128,16384,1,1918.71
attention,256,0,0,0,1,6651.92
attention,256,0,1,16,1,6563.79
attention,256,0,1,32,1,6607.85
attention,256,0,1,64,1,6539.89
attention,256,0,1,128,1,6629.86
attention,256,0,1,256,1,6423.47
attention,256,0,1,512,1,6420.35
attention,256,0,1,1024,1,6412.72
attention,256,0,1,2048,1,6401.54
attention,256,0,1,4096,1,6403.28
attention,256,0,1,8192,1,6402.92
attention,256,0,1,16384,1,6675.54
attention,256,0,2,16,1,6448.88
attention,256,0,2,32,1,6448.44
attention,256,0,2,64,1,6721.76
attention,256,0,2,128,1,6447.7
attention,256,0,2,256,1,6681.25
attention,256,0,2,512,1,6437.22
attention,256,0,2,1024,1,6596.03
attention,256,0,2,2048,1,6631.15
attention,256,0,2,4096,1,6400.9
attention,256,0,2,8192,1,6404.34
attention,256,0,2,16384,1,6400.72
attention,256,0,4,16,1,6498.45
attention,256,0,4,32,1,6702.84
attention,256,0,4,64,1,6771.71
attention,256,0,4,128,1,6492.6
attention,256,0,4,256,1,6487.69
attention,256,0,4,512,1,6669.48
attention,256,0,4,1024,1,6483.7
attention,256,0,4,2048,1,6404.64
attention,256,0,4,4096,1,6405.87
attention,256,0,4,8192,1,6405.13
attention,256,0,4,16384,1,6405.73
attention,256,0,8,16,1,6598.46
attention,256,0,8,32,1,6737.1
attention,256,0,8,64,1,6594.6
attention,256,0,8,128,1,6833.76
attention,256,0,8,256,1,6575.9
attention,256,0,8,512,1,6551.67
attention,256,0,8,1024,1,6611.69
attention,256,0,8,2048,1,6411.62
attention,256,0,8,4096,1,6410.17
attention,256,0,8,8192,1,6411.18
attention,256,0,8,16384,1,6410.13
attention,256,0,16,16,1,6988.66
attention,256,0,16,32,1,7053.59
attention,256,0,16,64,1,6793.8
attention,256,0,16,128,1,6782.15
attention,256,0,16,256,1,6979.81
attention,256,0,16,512,1,6993.88
attention,256,0,16,1024,1,6610.92
attention,256,0,16,2048,1,6424.23
attention,256,0,16,4096,1,6425.23
attention,256,0,16,8192,1,6422.54
attention,256,0,16,16384,1,6425.1
attention,256,0,32,16,1,7217.94
attention,256,0,32,32,1,7389.9
attention,256,0,32,64,1,7195.74
attention,256,0,32,128,1,7180.07
attention,256,0,32,256,1,7139.57
attention,256,0,32,512,1,7022.18
attention,256,0,32,1024,1,6827.14
attention,256,0,32,2048,1,6437.08
attention,256,0,32,4096,1,6607.82
attention,256,0,32,8192,1,6438.58
attention,256,0,32,16384,1,6444.72
attention,256,0,64,16,1,8187.7
attention,256,0,64,32,1,8132.28
attention,256,0,64,64,1,8091.38
attention,256,0,64,128,1,8016.13
attention,256,0,64,256,1,7939.95
attention,256,0,64,512,1,7987.33
attention,256,0,64,1024,1,7505.01
attention,256,0,64,2048,1,6578.72
attention,256,0,64,4096,1,6636.78
attention,256,0,64,8192,1,6587.95
attention,256,0,64,16384,1,6586.15
attention,256,0,128,16,1,9685.63
attention,256,0,128,32,1,9663.77
attention,256,0,128,64,1,9681.69
attention,256,0,128,128,1,9576.98
attention,256,0,128,256,1,9442.22
attention,256,0,128,512,1,9299.92
attention,256,0,128,1024,1,8480.08
attention,256,0,128,2048,1,7081.27
attention,256,0,128,4096,1,7091.28
attention,256,0,128,8192,1,7091.98
attention,256,0,128,16384,1,7086.55
attention,256,16,0,0,1,6317.99
attention,256,16,1,16,1,6376.84
attention,256,16,1,32,1,6377.27
attention,256,16,1,64,1,6535.35
attention,256,16,1,128,1,6565.01
attention,256,16,1,256,1,6485.01
attention,256,16,1,512,1,6369.15
attention,256,16,1,1024,1,6363.9
attention,256,16,1,2048,1,6351.87
attention,256,16,1,4096,1,6350.8
attention,256,16,1,8192,1,6351.96
attention,256,16,1,16384,1,6351.74
attention,256,16,2,16,1,6400.97
attention,256,16,2,32,1,6401.65
attention,256,16,2,64,1,6400.11
attention,256,16,2,128,1,6399.97
attention,256,16,2,256,1,6394.82
attention,256,16,2,512,1,6660.81
attention,256,16,2,1024,1,6376
attention,256,16,2,2048,1,6351.34
attention,256,16,2,4096,1,6487.48
attention,256,16,2,8192,1,6351.6
attention,256,16,2,16384,1,6352.92
attention,256,16,4,16,1,6451.66
attention,256,16,4,32,1,6452.59
attention,256,16,4,64,1,6449.77
attention,256,16,4,128,1,6447.29
attention,256,16,4,256,1,6440.76
attention,256,16,4,512,1,6426.21
attention,256,16,4,1024,1,6623.04
attention,256,16,4,2048,1,6353.04
attention,256,16,4,4096,1,6353.1
attention,256,16,4,8192,1,6355.75
attention,256,16,4,16384,1,6354.63
attention,256,16,8,16,1,6559.06
attention,256,16,8,32,1,6554.73
attention,256,16,8,64,1,6669.75
attention,256,16,8,128,1,6548.08
attention,256,16,8,256,1,6533.13
attention,256,16,8,512,1,6504.88
attention,256,16,8,1024,1,6456.69
attention,256,16,8,2048,1,6359.01
attention,256,16,8,4096,1,6495.13
attention,256,16,8,8192,1,6361.04
attention,256,16,8,16384,1,6362.12
attention,256,16,16,16,1,6769.78
attention,256,16,16,32,1,6768.13
attention,256,16,16,64,1,6763.46
attention,256,16,16,128,1,6749.49
attention,256,16,16,256,1,6711.27
attention,256,16,16,512,1,6662.43
attention,256,16,16,1024,1,6565.14
attention,256,16,16,2048,1,6371.06
attention,256,16,16,4096,1,6371.95
attention,256,16,16,8192,1,6372.31
attention,256,16,16,16384,1,6379.52
attention,256,16,32,16,1,7181.5
attention,256,16,32,32,1,7172.77
attention,256,16,32,64,1,7176.93
attention,256,16,32,128,1,7142.54
attention,256,16,32,256,1,7091.33
attention,256,16,32,512,1,6992.9
attention,256,16,32,1024,1,6782.54
attention,256,16,32,2048,1,6393.03
attention,256,16,32,4096,1,6395.9
attention,256,16,32,8192,1,6403.87
attention,256,16,32,16384,1,6408.62
attention,256,16,64,16,1,8106.86
attention,256,16,64,32,1,8085.78
attention,256,16,64,64,1,8072.01
attention,256,16,64,128,1,7997.89
attention,256,16,64,256,1,7980.73
attention,256,16,64,512,1,7648.77
attention,256,16,64,1024,1,7302.07
attention,256,16,64,2048,1,6569.51
attention,256,16,64,4096,1,6604.47
attention,256,16,64,8192,1,6477.01
attention,256,16,64,16384,1,6481.06
attention,256,16,128,16,1,9673.52
attention,256,16,128,32,1,9856.86
attention,256,16,128,64,1,9799.34
attention,256,16,128,128,1,9565.42
attention,256,16,128,256,1,9286.9
attention,256,16,128,512,1,8897.22
attention,256,16,128,1024,1,8134.57
attention,256,16,128,2048,1,7049.86
attention,256,16,128,4096,1,7053.42
attention,256,16,128,8192,1,7059.62
attention,256,16,128,16384,1,7051.67
attention,256,32,0,0,1,6273.2
attention,256,32,1,16,1,6337.86
attention,256,32,1,32,1,6486.13
attention,256,32,1,64,1,6384.94
attention,256,32,1,128,1,6333.9
attention,256,32,1,256,1,6336.09
attention,256,32,1,512,1,6328.77
attention,256,32,1,1024,1,6323.43
attention,256,32,1,2048,1,6312.49
attention,256,32,1,4096,1,6542.86
attention,256,32,1,8192,1,6310.34
attention,256,32,1,16384,1,6316.54
attention,256,32,2,16,1,6361.34
attention,256,32,2,32,1,6521.85
attention,256,32,2,64,1,6361.46
attention,256,32,2,128,1,6356.57
attention,256,32,2,256,1,6354.66
attention,256,32,2,512,1,6347.76
attention,256,32,2,1024,1,6336.68
attention,256,32,2,2048,1,6316.57
attention,256,32,2,4096,1,6512.73
attention,256,32,2,8192,1,6313.49
attention,256,32,2,16384,1,6314.72
attention,256,32,4,16,1,6409.92
attention,256,32,4,32,1,6655.57
attention,256,32,4,64,1,6408.65
attention,256,32,4,128,1,6442.58
attention,256,32,4,256,1,6479.51
attention,256,32,4,512,1,6385.55
attention,256,32,4,1024,1,6360.89
attention,256,32,4,2048,1,6315.9
attention,256,32,4,4096,1,6394.9
attention,256,32,4,8192,1,6317.28
attention,256,32,4,16384,1,6316.86
attention,256,32,8,16,1,6514.21
attention,256,32,8,32,1,6511.12
attention,256,32,8,64,1,6513.9
attention,256,32,8,128,1,6505.79
attention,256,32,8,256,1,6487.44
attention,256,32,8,512,1,6460.7
attention,256,32,8,1024,1,6412.74
attention,256,32,8,2048,1,6318.73
attention,256,32,8,4096,1,6319.89
attention,256,32,8,8192,1,6419.3
attention,256,32,8,16384,1,6322.38
attention,256,32,16,16,1,6721.7
attention,256,32,16,32,1,6720.24
attention,256,32,16,64,1,6711.95
attention,256,32,16,128,1,6701.84
attention,256,32,16,256,1,6665.81
attention,256,32,16,512,1,6751.71
attention,256,32,16,1024,1,6524.15
attention,256,32,16,2048,1,6331.84
attention,256,32,16,4096,1,6337.11
attention,256,32,16,8192,1,6335.37
attention,256,32,16,16384,1,6342.56
attention,256,32,32,16,1,7126.5
attention,256,32,32,32,1,7119.46
attention,256,32,32,64,1,7104.97
attention,256,32,32,128,1,7085.3
attention,256,32,32,256,1,7027.08
attention,256,32,32,512,1,6933.26
attention,256,32,32,1024,1,6738.54
attention,256,32,32,2048,1,6357.4
attention,256,32,32,4096,1,6359.79
attention,256,32,32,8192,1,6362.27
attention,256,32,32,16384,1,6379.51
attention,256,32,64,16,1,8044.81
attention,256,32,64,32,1,8021.89
attention,256,32,64,64,1,8092.14
attention,256,32,64,128,1,7944.95
attention,256,32,64,256,1,7947.27
attention,256,32,64,512,1,7735.43
attention,256,32,64,1024,1,7206.98
attention,256,32,64,2048,1,6408.38
attention,256,32,64,4096,1,6410.26
attention,256,32,64,8192,1,6426.59
attention,256,32,64,16384,1,6432.63
attention,256,32,128,16,1,9604.56
attention,256,32,128,32,1,9575.75
attention,256,32,128,64,1,9723.04
attention,256,32,128,128,1,9433.36
attention,256,32,128,256,1,9227.79
attention,256,32,128,512,1,8842.06
attention,256,32,128,1024,1,8148.18
attention,256,32,128,2048,1,6972.81
attention,256,32,128,4096,1,6973.88
attention,256,32,128,8192,1,6976.72
attention,256,32,128,16384,1,6975.68
attention,256,64,0,0,1,6193.77
attention,256,64,1,16,1,6251.52
attention,256,64,1,32,1,6252.03
attention,256,64,1,64,1,6253.27
attention,256,64,1,128,1,6252.88
attention,256,64,1,256,1,6251.65
attention,256,64,1,512,1,6246.64
attention,256,64,1,1024,1,6242.94
attention,256,64,1,2048,1,6229.91
attention,256,64,1,4096,1,6229.32
attention,256,64,1,8192,1,6227.93
attention,256,64,1,16384,1,6230.97
attention,256,64,2,16,1,6280.55
attention,256,64,2,32,1,6279.54
attention,256,64,2,64,1,6276.5
attention,256,64,2,128,1,6476.55
attention,256,64,2,256,1,6272.23
attention,256,64,2,512,1,6265.77
attention,256,64,2,1024,1,6255.32
attention,256,64,2,2048,1,6230.15
attention,256,64,2,4096,1,6227.75
attention,256,64,2,8192,1,6228.14
attention,256,64,2,16384,1,6229.53
attention,256,64,4,16,1,6332.48
attention,256,64,4,32,1,6331.12
attention,256,64,4,64,1,6329.44
attention,256,64,4,128,1,6329.3
attention,256,64,4,256,1,6318.17
attention,256,64,4,512,1,6434.1
attention,256,64,4,1024,1,6476.83
attention,256,64,4,2048,1,6360.71
attention,256,64,4,4096,1,6296.6
attention,256,64,4,8192,1,6230.13
attention,256,64,4,16384,1,6233.23
attention,256,64,8,16,1,6442.71
attention,256,64,8,32,1,6537.9
attention,256,64,8,64,1,6436.93
attention,256,64,8,128,1,6433.45
attention,256,64,8,256,1,6412.25
attention,256,64,8,512,1,6381.55
attention,256,64,8,1024,1,6332.61
attention,256,64,8,2048,1,6234.29
attention,256,64,8,4096,1,6238.26
attention,256,64,8,8192,1,6235.38
attention,256,64,8,16384,1,6240.89
attention,256,64,16,16,1,6869.88
attention,256,64,16,32,1,6643.3
attention,256,64,16,64,1,6636.74
attention,256,64,16,128,1,6623.81
attention,256,64,16,256,1,6727.6
attention,256,64,16,512,1,6535.97
attention,256,64,16,1024,1,6440.32
attention,256,64,16,2048,1,6248.51
attention,256,64,16,4096,1,6249.79
attention,256,64,16,8192,1,6247.85
attention,256,64,16,16384,1,6258.57
attention,256,64,32,16,1,7050.97
attention,256,64,32,32,1,7041.02
attention,256,64,32,64,1,7030.22
attention,256,64,32,128,1,7004.73
attention,256,64,32,256,1,6950.71
attention,256,64,32,512,1,6850.61
attention,256,64,32,1024,1,6659.07
attention,256,64,32,2048,1,6267.46
attention,256,64,32,4096,1,6270.74
attention,256,64,32,8192,1,6282.44
attention,256,64,32,16384,1,6349.67
attention,256,64,64,16,1,7960.1
attention,256,64,64,32,1,7946.23
attention,256,64,64,64,1,7923.1
attention,256,64,64,128,1,7870.32
attention,256,64,64,256,1,7784.54
attention,256,64,64,512,1,7568.32
attention,256,64,64,1024,1,7116.99
attention,256,64,64,2048,1,6314.43
attention,256,64,64,4096,1,6318.36
attention,256,64,64,8192,1,6327.14
attention,256,64,64,16384,1,6332.68
attention,256,64,128,16,1,9522.64
attention,256,64,128,32,1,9499.12
attention,256,64,128,64,1,9448.06
attention,256,64,128,128,1,9359.46
attention,256,64,128,256,1,9155.68
attention,256,64,128,512,1,8766.27
attention,256,64,128,1024,1,7997.16
attention,256,64,128,2048,1,6963.4
attention,256,64,128,4096,1,6872.42
attention,256,64,128,8192,1,6879.45
attention,256,64,128,16384,1,6876.34
attention,256,128,0,0,1,6023.69
attention,256,128,1,16,1,6147.83
attention,256,128,1,32,1,6080.97
attention,256,128,1,64,1,6080.79
attention,256,128,1,128,1,6080.57
attention,256,128,1,256,1,6149.74
attention,256,128,1,512,1,6075.6
attention,256,128,1,1024,1,6070.03
attention,256,128,1,2048,1,6057.64
attention,256,128,1,4096,1,6057.43
attention,256,128,1,8192,1,6057.19
attention,256,128,1,16384,1,6057.22
attention,256,128,2,16,1,6105.15
attention,256,128,2,32,1,6104.87
attention,256,128,2,64,1,6105.04
attention,256,128,2,128,1,6105.05
attention,256,128,2,256,1,6102.53
attention,256,128,2,512,1,6095.12
attention,256,128,2,1024,1,6083.06
attention,256,128,2,2048,1,6057.97
attention,256,128,2,4096,1,6057.98
attention,256,128,2,8192,1,6058.09
attention,256,128,2,16384,1,6059.56
attention,256,128,4,16,1,6154.41
attention,256,128,4,32,1,6155.07
attention,256,128,4,64,1,6340.33
attention,256,128,4,128,1,6153.1
attention,256,128,4,256,1,6147.23
attention,256,128,4,512,1,6134.58
attention,256,128,4,1024,1,6109.55
attention,256,128,4,2048,1,6216.81
attention,256,128,4,4096,1,6060.07
attention,256,128,4,8192,1,6060.67
attention,256,128,4,16384,1,6060.64
attention,256,128,8,16,1,6265.33
attention,256,128,8,32,1,6259.96
attention,256,128,8,64,1,6258.67
attention,256,128,8,128,1,6257.15
attention,256,128,8,256,1,6244.46
attention,256,128,8,512,1,6211.74
attention,256,128,8,1024,1,6288.87
attention,256,128,8,2048,1,6168.39
attention,256,128,8,4096,1,6274.82
attention,256,128,8,8192,1,6066.86
attention,256,128,8,16384,1,6067.76
attention,256,128,16,16,1,6482.14
attention,256,128,16,32,1,6629.22
attention,256,128,16,64,1,6659.59
attention,256,128,16,128,1,6661.45
attention,256,128,16,256,1,6427.32
attention,256,128,16,512,1,6367.77
attention,256,128,16,1024,1,6269.75
attention,256,128,16,2048,1,6075.22
attention,256,128,16,4096,1,6076.6
attention,256,128,16,8192,1,6202.68
attention,256,128,16,16384,1,6085.18
attention,256,128,32,16,1,7001.23
attention,256,128,32,32,1,6871.64
attention,256,128,32,64,1,6972.17
attention,256,128,32,128,1,6835.62
attention,256,128,32,256,1,6781.86
attention,256,128,32,512,1,6885.08
attention,256,128,32,1024,1,6485.71
attention,256,128,32,2048,1,6221.2
attention,256,128,32,4096,1,6160.35
attention,256,128,32,8192,1,6107.18
attention,256,128,32,16384,1,6204.7
attention,256,128,64,16,1,7802.83
attention,256,128,64,32,1,7785.41
attention,256,128,64,64,1,7744.81
attention,256,128,64,128,1,7671.72
attention,256,128,64,256,1,7576.05
attention,256,128,64,512,1,7360.64
attention,256,128,64,1024,1,6942.54
attention,256,128,64,2048,1,6143.86
attention,256,128,64,4096,1,6147.94
attention,256,128,64,8192,1,6157.5
attention,256,128,64,16384,1,6160.83
attention,256,128,128,16,1,9352.4
attention,256,128,128,32,1,9328.47
attention,256,128,128,64,1,9424.21
attention,256,128,128,128,1,9183.43
attention,256,128,128,256,1,8982.3
attention,256,128,128,512,1,8591.31
attention,256,128,128,1024,1,7914.87
attention,256,128,128,2048,1,6714.59
attention,256,128,128,4096,1,6720.7
attention,256,128,128,8192,1,6728.61
attention,256,128,128,16384,1,6721.59
attention,256,256,0,0,1,5674.57
attention,256,256,1,16,1,5731.79
attention,256,256,1,32,1,5731.31
attention,256,256,1,64,1,5730.98
attention,256,256,1,128,1,5731.62
attention,256,256,1,256,1,5918.91
attention,256,256,1,512,1,5728.25
attention,256,256,1,1024,1,5894.26
attention,256,256,1,2048,1,5708.22
attention,256,256,1,4096,1,5708.41
attention,256,256,1,8192,1,5708.77
attention,256,256,1,16384,1,5708.51
attention,256,256,2,16,1,5755.12
attention,256,256,2,32,1,5983.11
attention,256,256,2,64,1,5754.04
attention,256,256,2,128,1,5754.24
attention,256,256,2,256,1,5753.14
attention,256,256,2,512,1,5746.14
attention,256,256,2,1024,1,5733.91
attention,256,256,2,2048,1,5782.13
attention,256,256,2,4096,1,5765.99
attention,256,256,2,8192,1,5709.37
attention,256,256,2,16384,1,5803.41
attention,256,256,4,16,1,5989.56
attention,256,256,4,32,1,5803.07
attention,256,256,4,64,1,5806.18
attention,256,256,4,128,1,5804.29
attention,256,256,4,256,1,5803.26
attention,256,256,4,512,1,5784.42
attention,256,256,4,1024,1,5759.38
attention,256,256,4,2048,1,5710.53
attention,256,256,4,4096,1,5710.73
attention,256,256,4,8192,1,5790.79
attention,256,256,4,16384,1,5711.85
attention,256,256,8,16,1,6033.71
attention,256,256,8,32,1,6110.78
attention,256,256,8,64,1,5914.15
attention,256,256,8,128,1,5912.66
attention,256,256,8,256,1,5904.28
attention,256,256,8,512,1,5862.55
attention,256,256,8,1024,1,5923.73
attention,256,256,8,2048,1,5801.19
attention,256,256,8,4096,1,5716.13
attention,256,256,8,8192,1,5717.28
attention,256,256,8,16384,1,5890.95
attention,256,256,16,16,1,6138.2
attention,256,256,16,32,1,6132.16
attention,256,256,16,64,1,6122.59
attention,256,256,16,128,1,6308.2
attention,256,256,16,256,1,6092.12
attention,256,256,16,512,1,6019.78
attention,256,256,16,1024,1,5921.88
attention,256,256,16,2048,1,5727.42
attention,256,256,16,4096,1,5727.96
attention,256,256,16,8192,1,5729.08
attention,256,256,16,16384,1,5736.63
attention,256,256,32,16,1,6678.47
attention,256,256,32,32,1,6517.71
attention,256,256,32,64,1,6505.59
attention,256,256,32,128,1,6485.05
attention,256,256,32,256,1,6435.37
attention,256,256,32,512,1,6332.14
attention,256,256,32,1024,1,6314.4
attention,256,256,32,2048,1,5745.76
attention,256,256,32,4096,1,5864.45
attention,256,256,32,8192,1,5846.22
attention,256,256,32,16384,1,5761.8
attention,256,256,64,16,1,7436.81
attention,256,256,64,32,1,7448.28
attention,256,256,64,64,1,7374.36
attention,256,256,64,128,1,7327.08
attention,256,256,64,256,1,7404.73
attention,256,256,64,512,1,7071.8
attention,256,256,64,1024,1,6732.81
attention,256,256,64,2048,1,5795.56
attention,256,256,64,4096,1,5799.81
attention,256,256,64,8192,1,5809.35
attention,256,256,64,16384,1,5811.3
attention,256,256,128,16,1,8995.78
attention,256,256,128,32,1,9099.52
attention,256,256,128,64,1,9094.11
attention,256,256,128,128,1,8924.78
attention,256,256,128,256,1,8638.04
attention,256,256,128,512,1,8248.11
attention,256,256,128,1024,1,7480.51
attention,256,256,128,2048,1,6371.05
attention,256,256,128,4096,1,6377.61
attention,256,256,128,8192,1,6385.91
attention,256,256,128,16384,1,6376.73
attention,256,512,0,0,1,4998.96
attention,256,512,1,16,1,5090.54
attention,256,512,1,32,1,5145.04
attention,256,512,1,64,1,5080
attention,256,512,1,128,1,5240.11
attention,256,512,1,256,1,5048.52
attention,256,512,1,512,1,5049.89
attention,256,512,1,1024,1,5162.44
attention,256,512,1,2048,1,5031.66
attention,256,512,1,4096,1,5032.65
attention,256,512,1,8192,1,5033.39
attention,256,512,1,16384,1,5169.34
attention,256,512,2,16,1,5065.64
attention,256,512,2,32,1,5066.17
attention,256,512,2,64,1,5065.89
attention,256,512,2,128,1,5065.02
attention,256,512,2,256,1,5066.7
attention,256,512,2,512,1,5065.97
attention,256,512,2,1024,1,5055.13
attention,256,512,2,2048,1,5031.22
attention,256,512,2,4096,1,5034.14
attention,256,512,2,8192,1,5113.47
attention,256,512,2,16384,1,5033.65
attention,256,512,4,16,1,5102
attention,256,512,4,32,1,5231.44
attention,256,512,4,64,1,5101.94
attention,256,512,4,128,1,5102.78
attention,256,512,4,256,1,5101.5
attention,256,512,4,512,1,5100.47
attention,256,512,4,1024,1,5081.64
attention,256,512,4,2048,1,5032.22
attention,256,512,4,4096,1,5152
attention,256,512,4,8192,1,5034.91
attention,256,512,4,16384,1,5034.08
attention,256,512,8,16,1,5200.79
attention,256,512,8,32,1,5202.09
attention,256,512,8,64,1,5198.13
attention,256,512,8,128,1,5196.94
attention,256,512,8,256,1,5190.21
attention,256,512,8,512,1,5175.44
attention,256,512,8,1024,1,5133.5
attention,256,512,8,2048,1,5037.63
attention,256,512,8,4096,1,5180.24
attention,256,512,8,8192,1,5038.55
attention,256,512,8,16384,1,5088.56
attention,256,512,16,16,1,5453.14
attention,256,512,16,32,1,5451.03
attention,256,512,16,64,1,5437.36
attention,256,512,16,128,1,5557.08
attention,256,512,16,256,1,5398.56
attention,256,512,16,512,1,5346.04
attention,256,512,16,1024,1,5360.86
attention,256,512,16,2048,1,5046.64
attention,256,512,16,4096,1,5049.14
attention,256,512,16,8192,1,5048.22
attention,256,512,16,16384,1,5058.55
attention,256,512,32,16,1,5823.73
attention,256,512,32,32,1,5817.42
attention,256,512,32,64,1,5804.27
attention,256,512,32,128,1,5785.57
attention,256,512,32,256,1,5739.91
attention,256,512,32,512,1,5646.41
attention,256,512,32,1024,1,5454.72
attention,256,512,32,2048,1,5066.76
attention,256,512,32,4096,1,5069.56
attention,256,512,32,8192,1,5076.56
attention,256,512,32,16384,1,5110.48
attention,256,512,64,16,1,6738.86
attention,256,512,64,32,1,6776.66
attention,256,512,64,64,1,6689.56
attention,256,512,64,128,1,6673.66
attention,256,512,64,256,1,6513.07
attention,256,512,64,512,1,6427.03
attention,256,512,64,1024,1,6085.11
attention,256,512,64,2048,1,5123.43
attention,256,512,64,4096,1,5128.89
attention,256,512,64,8192,1,5140.21
attention,256,512,64,16384,1,5144.6
attention,256,512,128,16,1,8434.58
attention,256,512,128,32,1,8271.2
attention,256,512,128,64,1,8221.26
attention,256,512,128,128,1,8217.75
attention,256,512,128,256,1,7946.25
attention,256,512,128,512,1,7566.33
attention,256,512,128,1024,1,6921.7
attention,256,512,128,2048,1,5736.18
attention,256,512,128,4096,1,5739.17
attention,256,512,128,8192,1,5743.64
attention,256,512,128,16384,1,5735.41
attention,256,1024,0,0,1,3915.45
attention,256,1024,1,16,1,3947.46
attention,256,1024,1,32,1,3976.13
attention,256,1024,1,64,1,3855.73
attention,256,1024,1,128,1,3914.39
attention,256,1024,1,256,1,3855.04
attention,256,1024,1,512,1,3855.25
attention,256,1024,1,1024,1,3855
attention,256,1024,1,2048,1,3844.08
attention,256,1024,1,4096,1,3844.18
attention,256,1024,1,8192,1,3846.36
attention,256,1024,1,16384,1,3934.29
attention,256,1024,2,16,1,3865.45
attention,256,1024,2,32,1,3910.92
attention,256,1024,2,64,1,3926.16
attention,256,1024,2,128,1,3865.21
attention,256,1024,2,256,1,3866.21
attention,256,1024,2,512,1,3972.14
attention,256,1024,2,1024,1,3864.89
attention,256,1024,2,2048,1,3904
attention,256,1024,2,4096,1,3845.45
attention,256,1024,2,8192,1,3961.98
attention,256,1024,2,16384,1,3877.4
attention,256,1024,4,16,1,3947.57
attention,256,1024,4,32,1,3887.79
attention,256,1024,4,64,1,3888.89
attention,256,1024,4,128,1,3887.8
attention,256,1024,4,256,1,3888.64
attention,256,1024,4,512,1,3887.48
attention,256,1024,4,1024,1,3888.37
attention,256,1024,4,2048,1,3846.01
attention,256,1024,4,4096,1,3846.9
attention,256,1024,4,8192,1,3846.88
attention,256,1024,4,16384,1,3848.47
attention,256,1024,8,16,1,3935.34
attention,256,1024,8,32,1,4028.04
attention,256,1024,8,64,1,3934.97
attention,256,1024,8,128,1,3937.76
attention,256,1024,8,256,1,3934.52
attention,256,1024,8,512,1,3935.13
attention,256,1024,8,1024,1,3935.52
attention,256,1024,8,2048,1,3849.52
attention,256,1024,8,4096,1,3849.59
attention,256,1024,8,8192,1,3849.09
attention,256,1024,8,16384,1,3910.21
attention,256,1024,16,16,1,4232.85
attention,256,1024,16,32,1,4159.57
attention,256,1024,16,64,1,4146.23
attention,256,1024,16,128,1,4131.77
attention,256,1024,16,256,1,4106.28
attention,256,1024,16,512,1,4050.05
attention,256,1024,16,1024,1,4050.41
attention,256,1024,16,2048,1,3857.74
attention,256,1024,16,4096,1,3857.57
attention,256,1024,16,8192,1,3857.99
attention,256,1024,16,16384,1,3866.17
attention,256,1024,32,16,1,4606.06
attention,256,1024,32,32,1,4550.08
attention,256,1024,32,64,1,4515.14
attention,256,1024,32,128,1,4487.24
attention,256,1024,32,256,1,4443.77
attention,256,1024,32,512,1,4428.22
attention,256,1024,32,1024,1,4251
attention,256,1024,32,2048,1,3902.09
attention,256,1024,32,4096,1,3922.27
attention,256,1024,32,8192,1,3884.23
attention,256,1024,32,16384,1,3887.44
attention,256,1024,64,16,1,5422.45
attention,256,1024,64,32,1,5415.36
attention,256,1024,64,64,1,5425.79
attention,256,1024,64,128,1,5309.8
attention,256,1024,64,256,1,5321.88
attention,256,1024,64,512,1,5077.09
attention,256,1024,64,1024,1,4859.42
attention,256,1024,64,2048,1,4146.2
attention,256,1024,64,4096,1,4153.69
attention,256,1024,64,8192,1,4164.22
attention,256,1024,64,16384,1,4159.73
attention,256,1024,128,16,1,6999.45
attention,256,1024,128,32,1,7102.45
attention,256,1024,128,64,1,6923.69
attention,256,1024,128,128,1,6834.25
attention,256,1024,128,256,1,6645
attention,256,1024,128,512,1,6267.96
attention,256,1024,128,1024,1,5699.53
attention,256,1024,128,2048,1,4527.79
attention,256,1024,128,4096,1,4532.03
attention,256,1024,128,8192,1,4536.89
attention,256,1024,128,16384,1,4528.14
attention,256,2048,0,0,1,1886.77
attention,256,2048,1,16,1,1920.01
attention,256,2048,1,32,1,1921.4
attention,256,2048,1,64,1,1919.04
attention,256,2048,1,128,1,1918.91
attention,256,2048,1,256,1,1920.2
attention,256,2048,1,512,1,1920.13
attention,256,2048,1,1024,1,1919.15
attention,256,2048,1,2048,1,1920.54
attention,256,2048,1,4096,1,1923.74
attention,256,2048,1,8192,1,1922.97
attention,256,2048,1,16384,1,1923.63
attention,256,2048,2,16,1,1919.57
attention,256,2048,2,32,1,1918.84
attention,256,2048,2,64,1,1919.8
attention,256,2048,2,128,1,1919.92
attention,256,2048,2,256,1,1918.36
attention,256,2048,2,512,1,1919.8
attention,256,2048,2,1024,1,1920.15
attention,256,2048,2,2048,1,1921.02
attention,256,2048,2,4096,1,1922.39
attention,256,2048,2,8192,1,1922.16
attention,256,2048,2,16384,1,1923.63
attention,256,2048,4,16,1,1920.54
attention,256,2048,4,32,1,1921.42
attention,256,2048,4,64,1,1919.44
attention,256,2048,4,128,1,1919.31
attention,256,2048,4,256,1,1918.98
attention,256,2048,4,512,1,1920.57
attention,256,2048,4,1024,1,1918.96
attention,256,2048,4,2048,1,1922.28
attention,256,2048,4,4096,1,1922.8
attention,256,2048,4,8192,1,1922.42
attention,256,2048,4,16384,1,1921.39
attention,256,2048,8,16,1,1922.59
attention,256,2048,8,32,1,1923.12
attention,256,2048,8,64,1,1922.14
attention,256,2048,8,128,1,1922.51
attention,256,2048,8,256,1,1922.49
attention,256,2048,8,512,1,1922.17
attention,256,2048,8,1024,1,1922.33
attention,256,2048,8,2048,1,1927.76
attention,256,2048,8,4096,1,1925.3
attention,256,2048,8,8192,1,1925.18
attention,256,2048,8,16384,1,1930.6
attention,256,2048,16,16,1,1929.57
attention,256,2048,16,32,1,1930.93
attention,256,2048,16,64,1,1927.58
attention,256,2048,16,128,1,1927.44
attention,256,2048,16,256,1,1926.52
attention,256,2048,16,512,1,1926.63
attention,256,2048,16,1024,1,1928.17
attention,256,2048,16,2048,1,1932.03
attention,256,2048,16,4096,1,1932.44
attention,256,2048,16,8192,1,1934.6
attention,256,2048,16,16384,1,1940.16
attention,256,2048,32,16,1,2458.51
attention,256,2048,32,32,1,2459.63
attention,256,2048,32,64,1,2459.39
attention,256,2048,32,128,1,2459.17
attention,256,2048,32,256,1,2458.93
attention,256,2048,32,512,1,2461.04
attention,256,2048,32,1024,1,2461.21
attention,256,2048,32,2048,1,2469.64
attention,256,2048,32,4096,1,2474.24
attention,256,2048,32,8192,1,2482.63
attention,256,2048,32,16384,1,2486.74
attention,256,2048,64,16,1,3137.89
attention,256,2048,64,32,1,3134.76
attention,256,2048,64,64,1,3120.96
attention,256,2048,64,128,1,3086.36
attention,256,2048,64,256,1,3008.23
attention,256,2048,64,512,1,2872.35
attention,256,2048,64,1024,1,2722.93
attention,256,2048,64,2048,1,2494.2
attention,256,2048,64,4096,1,2496.78
attention,256,2048,64,8192,1,2507.51
attention,256,2048,64,16384,1,2509.96
attention,256,2048,128,16,1,4870.97
attention,256,2048,128,32,1,4925.23
attention,256,2048,128,64,1,4813.37
attention,256,2048,128,128,1,4764.25
attention,256,2048,128,256,1,4614.67
attention,256,2048,128,512,1,4303.6
attention,256,2048,128,1024,1,3867.56
attention,256,2048,128,2048,1,3100.67
attention,256,2048,128,4096,1,3103.87
attention,256,2048,128,8192,1,3110.53
attention,256,2048,128,16384,1,3100.94
attention,256,4096,0,0,1,1885.22
attention,256,4096,1,16,1,1919.74
attention,256,4096,1,32,1,1920.35
attention,256,4096,1,64,1,1919.19
attention,256,4096,1,128,1,1919.13
attention,256,4096,1,256,1,1919.52
attention,256,4096,1,512,1,1920.2
attention,256,4096,1,1024,1,1921.6
attention,256,4096,1,2048,1,1920.33
attention,256,4096,1,4096,1,1920.76
attention,256,4096,1,8192,1,1920.86
attention,256,4096,1,16384,1,1922.34
attention,256,4096,2,16,1,1919
attention,256,4096,2,32,1,1920.61
attention,256,4096,2,64,1,1919.65
attention,256,4096,2,128,1,1919.06
attention,256,4096,2,256,1,1920.45
attention,256,4096,2,512,1,1920
attention,256,4096,2,1024,1,1919.41
attention,256,4096,2,2048,1,1920.71
attention,256,4096,2,4096,1,1922.6
attention,256,4096,2,8192,1,1921.87
attention,256,4096,2,16384,1,1925.42
attention,256,4096,4,16,1,1920.49
attention,256,4096,4,32,1,1920.44
attention,256,4096,4,64,1,1920.5
attention,256,4096,4,128,1,1919.99
attention,256,4096,4,256,1,1920.51
attention,256,4096,4,512,1,1919.08
attention,256,4096,4,1024,1,1921.65
attention,256,4096,4,2048,1,1922.56
attention,256,4096,4,4096,1,1923.53
attention,256,4096,4,8192,1,1924.19
attention,256,4096,4,16384,1,1922.51
attention,256,4096,8,16,1,1922.2
attention,256,4096,8,32,1,1922.23
attention,256,4096,8,64,1,1923.3
attention,256,4096,8,128,1,1922.9
attention,256,4096,8,256,1,1923.19
attention,256,4096,8,512,1,1922.49
attention,256,4096,8,1024,1,1923.11
attention,256,4096,8,2048,1,1925.66
attention,256,4096,8,4096,1,1927.6
attention,256,4096,8,8192,1,1926.15
attention,256,4096,8,16384,1,1929.32
attention,256,4096,16,16,1,1930.2
attention,256,4096,16,32,1,1929.35
attention,256,4096,16,64,1,1944.34
attention,256,4096,16,128,1,1928.55
attention,256,4096,16,256,1,1927.33
attention,256,4096,16,512,1,1927.79
attention,256,4096,16,1024,1,1927.59
attention,256,4096,16,2048,1,1933.05
attention,256,4096,16,4096,1,1930.58
attention,256,4096,16,8192,1,1932.76
attention,256,4096,16,16384,1,1941.33
attention,256,4096,32,16,1,2460.48
attention,256,4096,32,32,1,2459.39
attention,256,4096,32,64,1,2459.52
attention,256,4096,32,128,1,2459.06
attention,256,4096,32,256,1,2460.58
attention,256,4096,32,512,1,2462.15
attention,256,4096,32,1024,1,2461.23
attention,256,4096,32,2048,1,2471.46
attention,256,4096,32,4096,1,2475.53
attention,256,4096,32,8192,1,2482.16
attention,256,4096,32,16384,1,2487.59
attention,256,4096,64,16,1,3135.35
attention,256,4096,64,32,1,3120.98
attention,256,4096,64,64,1,3122.13
attention,256,4096,64,128,1,3081.36
attention,256,4096,64,256,1,3005.96
attention,256,4096,64,512,1,2898.06
attention,256,4096,64,1024,1,2727.16
attention,256,4096,64,2048,1,2494.77
attention,256,4096,64,4096,1,2501.48
attention,256,4096,64,8192,1,2508.1
attention,256,4096,64,16384,1,2511.62
attention,256,4096,128,16,1,4876.65
attention,256,4096,128,32,1,4851.05
attention,256,4096,128,64,1,4868.63
attention,256,4096,128,128,1,4745.03
attention,256,4096,128,256,1,4613.87
attention,256,4096,128,512,1,4306.77
attention,256,4096,128,1024,1,3867.24
attention,256,4096,128,2048,1,3102.58
attention,256,4096,128,4096,1,3105.56
attention,256,4096,128,8192,1,3109.66
attention,256,4096,128,16384,1,3101.88
attention,256,8192,0,0,1,1889.35
attention,256,8192,1,16,1,1922.5
attention,256,8192,1,32,1,1921.73
attention,256,8192,1,64,1,1920.94
attention,256,8192,1,128,1,1922.23
attention,256,8192,1,256,1,1922.58
attention,256,8192,1,512,1,1922.66
attention,256,8192,1,1024,1,1923.31
attention,256,8192,1,2048,1,1921.9
attention,256,8192,1,4096,1,1921.2
attention,256,8192,1,8192,1,1926.91
attention,256,8192,1,16384,1,1926.07
attention,256,8192,2,16,1,1922.37
attention,256,8192,2,32,1,1923.53
attention,256,8192,2,64,1,1924.34
attention,256,8192,2,128,1,1922.51
attention,256,8192,2,256,1,1923.37
attention,256,8192,2,512,1,1920.97
attention,256,8192,2,1024,1,1922.74
attention,256,8192,2,2048,1,1922.84
attention,256,8192,2,4096,1,1922.79
attention,256,8192,2,8192,1,1925.92
attention,256,8192,2,16384,1,1927.35
attention,256,8192,4,16,1,1922.27
attention,256,8192,4,32,1,1922.43
attention,256,8192,4,64,1,1921.92
attention,256,8192,4,128,1,1923.82
attention,256,8192,4,256,1,1922.25
attention,256,8192,4,512,1,1923.27
attention,256,8192,4,1024,1,1922.51
attention,256,8192,4,2048,1,1925.09
attention,256,8192,4,4096,1,1925.38
attention,256,8192,4,8192,1,1925.84
attention,256,8192,4,16384,1,1928.05
attention,256,8192,8,16,1,1925.98
attention,256,8192,8,32,1,1924.87
attention,256,8192,8,64,1,1926.4
attention,256,8192,8,128,1,1927.37
attention,256,8192,8,256,1,1926.23
attention,256,8192,8,512,1,1924.1
attention,256,8192,8,1024,1,1924.03
attention,256,8192,8,2048,1,1928.65
attention,256,8192,8,4096,1,1928.85
attention,256,8192,8,8192,1,1929.88
attention,256,8192,8,16384,1,1932.61
attention,256,8192,16,16,1,1930.62
attention,256,8192,16,32,1,1931.08
attention,256,8192,16,64,1,1934.48
attention,256,8192,16,128,1,1929.84
attention,256,8192,16,256,1,1930.96
attention,256,8192,16,512,1,1929.6
attention,256,8192,16,1024,1,1930.54
attention,256,8192,16,2048,1,1935.4
attention,256,8192,16,4096,1,1935.27
attention,256,8192,16,8192,1,1938.16
attention,256,8192,16,16384,1,1944.44
attention,256,8192,32,16,1,2466.29
attention,256,8192,32,32,1,2462.68
attention,256,8192,32,64,1,2465.07
attention,256,8192,32,128,1,2467.94
attention,256,8192,32,256,1,2464.55
attention,256,8192,32,512,1,2466.28
attention,256,8192,32,1024,1,2468.72
attention,256,8192,32,2048,1,2475.56
attention,256,8192,32,4096,1,2479.49
attention,256,8192,32,8192,1,2488.16
attention,256,8192,32,16384,1,2489.68
attention,256,8192,64,16,1,3151.36
attention,256,8192,64,32,1,3205.03
attention,256,8192,64,64,1,3121.69
attention,256,8192,64,128,1,3080.2
attention,256,8192,64,256,1,3005.11
attention,256,8192,64,512,1,2876.46
attention,256,8192,64,1024,1,2739.07
attention,256,8192,64,2048,1,2496.75
attention,256,8192,64,4096,1,2505.33
attention,256,8192,64,8192,1,2509.65
attention,256,8192,64,16384,1,2511.7
attention,256,8192,128,16,1,4873.87
attention,256,8192,128,32,1,4863.85
attention,256,8192,128,64,1,4812.17
attention,256,8192,128,128,1,4757.88
attention,256,8192,128,256,1,4607.59
attention,256,8192,128,512,1,4339.22
attention,256,8192,128,1024,1,3868.49
attention,256,8192,128,2048,1,3105.27
attention,256,8192,128,4096,1,3108.06
attention,256,8192,128,8192,1,3110.84
attention,256,8192,128,16384,1,3105.96
attention,256,16384,0,0,1,1893.26
attention,256,16384,1,16,1,1925.99
attention,256,16384,1,32,1,1928.19
attention,256,16384,1,64,1,1927.64
attention,256,16384,1,128,1,1927.51
attention,256,16384,1,256,1,1928.27
attention,256,16384,1,512,1,1927.35
attention,256,16384,1,1024,1,1927.8
attention,256,16384,1,2048,1,1927.44
attention,256,16384,1,4096,1,1931.33
attention,256,16384,1,8192,1,1928.95
attention,256,16384,1,16384,1,1933.5
attention,256,16384,2,16,1,1927.99
attention,256,16384,2,32,1,1926.91
attention,256,16384,2,64,1,1927.93
attention,256,16384,2,128,1,1927.19
attention,256,16384,2,256,1,1927.79
attention,256,16384,2,512,1,1927.02
attention,256,16384,2,1024,1,1927.67
attention,256,16384,2,2048,1,1929.21
attention,256,16384,2,4096,1,1930.94
attention,256,16384,2,8192,1,1931.1
attention,256,16384,2,16384,1,1933.24
attention,256,16384,4,16,1,1928.68
attention,256,16384,4,32,1,1929.12
attention,256,16384,4,64,1,1929.47
attention,256,16384,4,128,1,1929
attention,256,16384,4,256,1,1928.72
attention,256,16384,4,512,1,1929.31
attention,256,16384,4,1024,1,1927.58
attention,256,16384,4,2048,1,1930.73
attention,256,16384,4,4096,1,1931.35
attention,256,16384,4,8192,1,1934.15
attention,256,16384,4,16384,1,1933.67
attention,256,16384,8,16,1,1930.14
attention,256,16384,8,32,1,1929.79
attention,256,16384,8,64,1,1930.04
attention,256,16384,8,128,1,1931.53
attention,256,16384,8,256,1,1930.67
attention,256,16384,8,512,1,1932.66
attention,256,16384,8,1024,1,1932.24
attention,256,16384,8,2048,1,1933.81
attention,256,16384,8,4096,1,1934.1
attention,256,16384,8,8192,1,1937.69
attention,256,16384,8,16384,1,1939.84
attention,256,16384,16,16,1,1935.99
attention,256,16384,16,32,1,1935.9
attention,256,16384,16,64,1,1935.11
attention,256,16384,16,128,1,1939.73
attention,256,16384,16,256,1,1935.56
attention,256,16384,16,512,1,1936.59
attention,256,16384,16,1024,1,1937.6
attention,256,16384,16,2048,1,1941.22
attention,256,16384,16,4096,1,1940.79
attention,256,16384,16,8192,1,1946.37
attention,256,16384,16,16384,1,1949.03
attention,256,16384,32,16,1,2466.12
attention,256,16384,32,32,1,2468.87
attention,256,16384,32,64,1,2467.07
attention,256,16384,32,128,1,2466
attention,256,16384,32,256,1,2467.03
attention,256,16384,32,512,1,2469.05
attention,256,16384,32,1024,1,2492.5
attention,256,16384,32,2048,1,2482.44
attention,256,16384,32,4096,1,2486.6
attention,256,16384,32,8192,1,2495.87
attention,256,16384,32,16384,1,2493.12
attention,256,16384,64,16,1,3162.84
attention,256,16384,64,32,1,3129.24
attention,256,16384,64,64,1,3114.16
attention,256,16384,64,128,1,3113.93
attention,256,16384,64,256,1,3023.82
attention,256,16384,64,512,1,2879.53
attention,256,16384,64,1024,1,2759.48
attention,256,16384,64,2048,1,2505.31
attention,256,16384,64,4096,1,2514.27
attention,256,16384,64,8192,1,2514.24
attention,256,16384,64,16384,1,2519.03
attention,256,16384,128,16,1,4877.86
attention,256,16384,128,32,1,4863.55
attention,256,16384,128,64,1,4871.48
attention,256,16384,128,128,1,4765.34
attention,256,16384,128,256,1,4623.61
attention,256,16384,128,512,1,4316.15
attention,256,16384,128,1024,1,3903.51
attention,256,16384,128,2048,1,3115.8
attention,256,16384,128,4096,1,3111.91
attention,256,16384,128,8192,1,3116.71
attention,256,16384,128,16384,1,3111.92
attention,512,0,0,0,1,11951.7
attention,512,0,1,16,1,12036.8
attention,512,0,1,32,1,12030.1
attention,512,0,1,64,1,11977.7
attention,512,0,1,128,1,11975.5
attention,512,0,1,256,1,11974.7
attention,512,0,1,512,1,11999.1
attention,512,0,1,1024,1,11969.9
attention,512,0,1,2048,1,11964.9
attention,512,0,1,4096,1,12007.4
attention,512,0,1,8192,1,12010.9
attention,512,0,1,16384,1,11969
attention,512,0,2,16,1,11994.9
attention,512,0,2,32,1,11992.4
attention,512,0,2,64,1,12000
attention,512,0,2,128,1,11995.9
attention,512,0,2,256,1,12022.8
attention,512,0,2,512,1,11994
attention,512,0,2,1024,1,12060.5
attention,512,0,2,2048,1,11963.5
attention,512,0,2,4096,1,12032.2
attention,512,0,2,8192,1,11953.1
attention,512,0,2,16384,1,11981.5
attention,512,0,4,16,1,12031.5
attention,512,0,4,32,1,12029
attention,512,0,4,64,1,12030.5
attention,512,0,4,128,1,12027.8
attention,512,0,4,256,1,12020.8
attention,512,0,4,512,1,12013
attention,512,0,4,1024,1,11997.6
attention,512,0,4,2048,1,11966.5
attention,512,0,4,4096,1,11970.7
attention,512,0,4,8192,1,12019.9
attention,512,0,4,16384,1,11963.8
attention,512,0,8,16,1,12146.9
attention,512,0,8,32,1,12142
attention,512,0,8,64,1,12195
attention,512,0,8,128,1,12130.6
attention,512,0,8,256,1,12106.8
attention,512,0,8,512,1,12076.1
attention,512,0,8,1024,1,12033.5
attention,512,0,8,2048,1,11950.1
attention,512,0,8,4096,1,11944.1
attention,512,0,8,8192,1,12004.8
attention,512,0,8,16384,1,11952.3
attention,512,0,16,16,1,12341.6
attention,512,0,16,32,1,12343.3
attention,512,0,16,64,1,12323.8
attention,512,0,16,128,1,12354.6
attention,512,0,16,256,1,12281.3
attention,512,0,16,512,1,12228.2
attention,512,0,16,1024,1,12155.2
attention,512,0,16,2048,1,11953.9
attention,512,0,16,4096,1,11954.8
attention,512,0,16,8192,1,11952.3
attention,512,0,16,16384,1,11964.8
attention,512,0,32,16,1,12721.4
attention,512,0,32,32,1,12715.3
attention,512,0,32,64,1,12706
attention,512,0,32,128,1,12738.6
attention,512,0,32,256,1,12636.3
attention,512,0,32,512,1,12541.8
attention,512,0,32,1024,1,12372.6
attention,512,0,32,2048,1,11995.5
attention,512,0,32,4096,1,12061.7
attention,512,0,32,8192,1,12005
attention,512,0,32,16384,1,12013.8
attention,512,0,64,16,1,13525.9
attention,512,0,64,32,1,13513.2
attention,512,0,64,64,1,13493.9
attention,512,0,64,128,1,13495.2
attention,512,0,64,256,1,13354.5
attention,512,0,64,512,1,13164.8
attention,512,0,64,1024,1,12794.3
attention,512,0,64,2048,1,11994.8
attention,512,0,64,4096,1,12000.5
attention,512,0,64,8192,1,12004
attention,512,0,64,16384,1,11992.3
attention,512,0,128,16,1,15179.1
attention,512,0,128,32,1,15152.5
attention,512,0,128,64,1,15125
attention,512,0,128,128,1,15051.8
attention,512,0,128,256,1,14873.8
attention,512,0,128,512,1,14589.6
attention,512,0,128,1024,1,13891.6
attention,512,0,128,2048,1,12615.5
attention,512,0,128,4096,1,12589.7
attention,512,0,128,8192,1,12578.6
attention,512,0,128,16384,1,12574.2
attention,512,16,0,0,1,11940
attention,512,16,1,16,1,11921
attention,512,16,1,32,1,11926.5
attention,512,16,1,64,1,11987.2
attention,512,16,1,128,1,11933.2
attention,512,16,1,256,1,11922.2
attention,512,16,1,512,1,11919.3
attention,512,16,1,1024,1,11921.7
attention,512,16,1,2048,1,11905.7
attention,512,16,1,4096,1,11901.2
attention,512,16,1,8192,1,11975.1
attention,512,16,1,16384,1,11905.1
attention,512,16,2,16,1,11975.9
attention,512,16,2,32,1,11940.3
attention,512,16,2,64,1,11947.6
attention,512,16,2,128,1,11943.2
attention,512,16,2,256,1,11944.4
attention,512,16,2,512,1,11936.5
attention,512,16,2,1024,1,11928.8
attention,512,16,2,2048,1,11903.6
attention,512,16,2,4096,1,11897.7
attention,512,16,2,8192,1,11907.9
attention,512,16,2,16384,1,11888.2
attention,512,16,4,16,1,12025
attention,512,16,4,32,1,12031.7
attention,512,16,4,64,1,11970.6
attention,512,16,4,128,1,11973.3
attention,512,16,4,256,1,11994.9
attention,512,16,4,512,1,11952.8
attention,512,16,4,1024,1,11944.7
attention,512,16,4,2048,1,11919
attention,512,16,4,4096,1,11980.9
attention,512,16,4,8192,1,11926.1
attention,512,16,4,16384,1,11923.4
attention,512,16,8,16,1,12047.4
attention,512,16,8,32,1,12036.3
attention,512,16,8,64,1,12034.8
attention,512,16,8,128,1,12036.3
attention,512,16,8,256,1,12039
attention,512,16,8,512,1,12011
attention,512,16,8,1024,1,11976.2
attention,512,16,8,2048,1,11905.8
attention,512,16,8,4096,1,11903.6
attention,512,16,8,8192,1,11906.9
attention,512,16,8,16384,1,11985.4
attention,512,16,16,16,1,12230.1
attention,512,16,16,32,1,12224.9
attention,512,16,16,64,1,12219.8
attention,512,16,16,128,1,12205.2
attention,512,16,16,256,1,12179.7
attention,512,16,16,512,1,12152.1
attention,512,16,16,1024,1,12122.4
attention,512,16,16,2048,1,11895.9
attention,512,16,16,4096,1,11894.6
attention,512,16,16,8192,1,11900
attention,512,16,16,16384,1,11905.6
attention,512,16,32,16,1,12616.9
attention,512,16,32,32,1,12624.3
attention,512,16,32,64,1,12614.1
attention,512,16,32,128,1,12580.2
attention,512,16,32,256,1,12533.3
attention,512,16,32,512,1,12498.8
attention,512,16,32,1024,1,12277.2
attention,512,16,32,2048,1,11906.4
attention,512,16,32,4096,1,11909.9
attention,512,16,32,8192,1,11913.5
attention,512,16,32,16384,1,11925.6
attention,512,16,64,16,1,13430.7
attention,512,16,64,32,1,13421
attention,512,16,64,64,1,13395.6
attention,512,16,64,128,1,13354.6
attention,512,16,64,256,1,13261.8
attention,512,16,64,512,1,13112.6
attention,512,16,64,1024,1,12725.8
attention,512,16,64,2048,1,11916.1
attention,512,16,64,4096,1,11916.9
attention,512,16,64,8192,1,11923.7
attention,512,16,64,16384,1,11908.4
attention,512,16,128,16,1,15084.5
attention,512,16,128,32,1,15073.3
attention,512,16,128,64,1,15029.9
attention,512,16,128,128,1,14972.7
attention,512,16,128,256,1,14786.5
attention,512,16,128,512,1,14442.4
attention,512,16,128,1024,1,13801.5
attention,512,16,128,2048,1,12494.7
attention,512,16,128,4096,1,12504.5
attention,512,16,128,8192,1,12498.4
attention,512,16,128,16384,1,12487.8
attention,512,32,0,0,1,11798.6
attention,512,32,1,16,1,11849.6
attention,512,32,1,32,1,11851.3
attention,512,32,1,64,1,11848.7
attention,512,32,1,128,1,11849
attention,512,32,1,256,1,11826.4
attention,512,32,1,512,1,11827.5
attention,512,32,1,1024,1,11841.1
attention,512,32,1,2048,1,11817.4
attention,512,32,1,4096,1,11811.5
attention,512,32,1,8192,1,11811.6
attention,512,32,1,16384,1,11843.8
attention,512,32,2,16,1,11872.3
attention,512,32,2,32,1,11927.5
attention,512,32,2,64,1,11866.8
attention,512,32,2,128,1,11856.9
attention,512,32,2,256,1,11848.1
attention,512,32,2,512,1,11839.6
attention,512,32,2,1024,1,11829.3
attention,512,32,2,2048,1,11803.8
attention,512,32,2,4096,1,11805
attention,512,32,2,8192,1,11800.9
attention,512,32,2,16384,1,11801.9
attention,512,32,4,16,1,11915.7
attention,512,32,4,32,1,11908.6
attention,512,32,4,64,1,11902.2
attention,512,32,4,128,1,11884.6
attention,512,32,4,256,1,11869.7
attention,512,32,4,512,1,11871.3
attention,512,32,4,1024,1,11874.9
attention,512,32,4,2048,1,11849.9
attention,512,32,4,4096,1,11906.1
attention,512,32,4,8192,1,11847.6
attention,512,32,4,16384,1,11844.8
attention,512,32,8,16,1,11970.3
attention,512,32,8,32,1,11966.3
attention,512,32,8,64,1,11974.5
attention,512,32,8,128,1,11961.9
attention,512,32,8,256,1,11937.1
attention,512,32,8,512,1,11912.9
attention,512,32,8,1024,1,11896.5
attention,512,32,8,2048,1,11824.7
attention,512,32,8,4096,1,11819.2
attention,512,32,8,8192,1,11822.3
attention,512,32,8,16384,1,11823.1
attention,512,32,16,16,1,12123.3
attention,512,32,16,32,1,12123.5
attention,512,32,16,64,1,12127.5
attention,512,32,16,128,1,12125.7
attention,512,32,16,256,1,12102
attention,512,32,16,512,1,12048.5
attention,512,32,16,1024,1,11973.8
attention,512,32,16,2048,1,11833.8
attention,512,32,16,4096,1,11839.6
attention,512,32,16,8192,1,11833.9
attention,512,32,16,16384,1,11835.5
attention,512,32,32,16,1,12528.7
attention,512,32,32,32,1,12524.5
attention,512,32,32,64,1,12531.4
attention,512,32,32,128,1,12479.4
attention,512,32,32,256,1,12428
attention,512,32,32,512,1,12350.6
attention,512,32,32,1024,1,12181.3
attention,512,32,32,2048,1,11839.5
attention,512,32,32,4096,1,11845.8
attention,512,32,32,8192,1,11845.5
attention,512,32,32,16384,1,11861.1
attention,512,32,64,16,1,13328.1
attention,512,32,64,32,1,13317.2
attention,512,32,64,64,1,13310.6
attention,512,32,64,128,1,13265.6
attention,512,32,64,256,1,13164.9
attention,512,32,64,512,1,13033.8
attention,512,32,64,1024,1,12633.7
attention,512,32,64,2048,1,11813.5
attention,512,32,64,4096,1,11818
attention,512,32,64,8192,1,11822.1
attention,512,32,64,16384,1,11809.8
attention,512,32,128,16,1,14984.4
attention,512,32,128,32,1,14972.6
attention,512,32,128,64,1,14921
attention,512,32,128,128,1,14866.3
attention,512,32,128,256,1,14687.4
attention,512,32,128,512,1,14349.2
attention,512,32,128,1024,1,13711
attention,512,32,128,2048,1,12412.1
attention,512,32,128,4096,1,12420.3
attention,512,32,128,8192,1,12385
attention,512,32,128,16384,1,12399.5
attention,512,64,0,0,1,11590.2
attention,512,64,1,16,1,11620.7
attention,512,64,1,32,1,11621.2
attention,512,64,1,64,1,11620.4
attention,512,64,1,128,1,11617.6
attention,512,64,1,256,1,11614.7
attention,512,64,1,512,1,11622.1
attention,512,64,1,1024,1,11619.3
attention,512,64,1,2048,1,11602.1
attention,512,64,1,4096,1,11602.7
attention,512,64,1,8192,1,11597.8
attention,512,64,1,16384,1,11605.7
attention,512,64,2,16,1,11635.8
attention,512,64,2,32,1,11636.6
attention,512,64,2,64,1,11635.7
attention,512,64,2,128,1,11636.1
attention,512,64,2,256,1,11640.3
attention,512,64,2,512,1,11644.7
attention,512,64,2,1024,1,11636.3
attention,512,64,2,2048,1,11604.3
attention,512,64,2,4096,1,11606.5
attention,512,64,2,8192,1,11604.4
attention,512,64,2,16384,1,11605.6
attention,512,64,4,16,1,11675.7
attention,512,64,4,32,1,11679.9
attention,512,64,4,64,1,11679.9
attention,512,64,4,128,1,11675.5
attention,512,64,4,256,1,11665.1
attention,512,64,4,512,1,11675.4
attention,512,64,4,1024,1,11675.1
attention,512,64,4,2048,1,11650.1
attention,512,64,4,4096,1,11643.4
attention,512,64,4,8192,1,11649.5
attention,512,64,4,16384,1,11647.3
attention,512,64,8,16,1,11764.6
attention,512,64,8,32,1,11759.5
attention,512,64,8,64,1,11763.2
attention,512,64,8,128,1,11763
attention,512,64,8,256,1,11751.3
attention,512,64,8,512,1,11744
attention,512,64,8,1024,1,11712.2
attention,512,64,8,2048,1,11638
attention,512,64,8,4096,1,11636
attention,512,64,8,8192,1,11640.3
attention,512,64,8,16384,1,11639.7
attention,512,64,16,16,1,11945.7
attention,512,64,16,32,1,11945.5
attention,512,64,16,64,1,11955.1
attention,512,64,16,128,1,11959
attention,512,64,16,256,1,11940.9
attention,512,64,16,512,1,11894.5
attention,512,64,16,1024,1,11794.4
attention,512,64,16,2048,1,11644.6
attention,512,64,16,4096,1,11643.6
attention,512,64,16,8192,1,11638.2
attention,512,64,16,16384,1,11657.8
attention,512,64,32,16,1,12323.8
attention,512,64,32,32,1,12320.4
attention,512,64,32,64,1,12310.4
attention,512,64,32,128,1,12311.9
attention,512,64,32,256,1,12252
attention,512,64,32,512,1,12160.2
attention,512,64,32,1024,1,12007.1
attention,512,64,32,2048,1,11651.9
attention,512,64,32,4096,1,11647.5
attention,512,64,32,8192,1,11655.4
attention,512,64,32,16384,1,11661.6
attention,512,64,64,16,1,13137.1
attention,512,64,64,32,1,13124
attention,512,64,64,64,1,13108.4
attention,512,64,64,128,1,13085.4
attention,512,64,64,256,1,12985.4
attention,512,64,64,512,1,12798.9
attention,512,64,64,1024,1,12437.3
attention,512,64,64,2048,1,11644.1
attention,512,64,64,4096,1,11641.9
attention,512,64,64,8192,1,11648.7
attention,512,64,64,16384,1,11630.8
attention,512,64,128,16,1,14792.7
attention,512,64,128,32,1,14776.6
attention,512,64,128,64,1,14748.8
attention,512,64,128,128,1,14681.4
attention,512,64,128,256,1,14496.6
attention,512,64,128,512,1,14163.9
attention,512,64,128,1024,1,13532.7
attention,512,64,128,2048,1,12242.6
attention,512,64,128,4096,1,12226.3
attention,512,64,128,8192,1,12223.3
attention,512,64,128,16384,1,12210.3
attention,512,128,0,0,1,11209.9
attention,512,128,1,16,1,11252.4
attention,512,128,1,32,1,11254.8
attention,512,128,1,64,1,11242.7
attention,512,128,1,128,1,11253.6
attention,512,128,1,256,1,11238.2
attention,512,128,1,512,1,11238
attention,512,128,1,1024,1,11235
attention,512,128,1,2048,1,11203.2
attention,512,128,1,4096,1,11206
attention,512,128,1,8192,1,11208.8
attention,512,128,1,16384,1,11205.5
attention,512,128,2,16,1,11266.7
attention,512,128,2,32,1,11276.6
attention,512,128,2,64,1,11264.1
attention,512,128,2,128,1,11265.4
attention,512,128,2,256,1,11264.9
attention,512,128,2,512,1,11257.9
attention,512,128,2,1024,1,11242
attention,512,128,2,2048,1,11199.6
attention,512,128,2,4096,1,11197.3
attention,512,128,2,8192,1,11195.1
attention,512,128,2,16384,1,11199.2
attention,512,128,4,16,1,11305.8
attention,512,128,4,32,1,11308.2
attention,512,128,4,64,1,11308.1
attention,512,128,4,128,1,11308.4
attention,512,128,4,256,1,11307.1
attention,512,128,4,512,1,11277.2
attention,512,128,4,1024,1,11291.2
attention,512,128,4,2048,1,11223.7
attention,512,128,4,4096,1,11219.8
attention,512,128,4,8192,1,11221.7
attention,512,128,4,16384,1,11228.5
attention,512,128,8,16,1,11408.7
attention,512,128,8,32,1,11413.1
attention,512,128,8,64,1,11415.9
attention,512,128,8,128,1,11411
attention,512,128,8,256,1,11397.6
attention,512,128,8,512,1,11376
attention,512,128,8,1024,1,11354.8
attention,512,128,8,2048,1,11232.5
attention,512,128,8,4096,1,11238.2
attention,512,128,8,8192,1,11237
attention,512,128,8,16384,1,11231.5
attention,512,128,16,16,1,11620.5
attention,512,128,16,32,1,11622.6
attention,512,128,16,64,1,11614.9
attention,512,128,16,128,1,11625.5
attention,512,128,16,256,1,11568.3
attention,512,128,16,512,1,11537.6
attention,512,128,16,1024,1,11446.1
attention,512,128,16,2048,1,11305
attention,512,128,16,4096,1,11307.9
attention,512,128,16,8192,1,11305.8
attention,512,128,16,16384,1,11313.1
attention,512,128,32,16,1,11964.4
attention,512,128,32,32,1,11964.3
attention,512,128,32,64,1,11962.7
attention,512,128,32,128,1,11975.6
attention,512,128,32,256,1,11903.1
attention,512,128,32,512,1,11820.9
attention,512,128,32,1024,1,11666.1
attention,512,128,32,2048,1,11280.9
attention,512,128,32,4096,1,11269.6
attention,512,128,32,8192,1,11258.7
attention,512,128,32,16384,1,11273.9
attention,512,128,64,16,1,12744.9
attention,512,128,64,32,1,12736.7
attention,512,128,64,64,1,12720.1
attention,512,128,64,128,1,12712.8
attention,512,128,64,256,1,12640.6
attention,512,128,64,512,1,12420.5
attention,512,128,64,1024,1,12084.2
attention,512,128,64,2048,1,11267.1
attention,512,128,64,4096,1,11272.9
attention,512,128,64,8192,1,11269.2
attention,512,128,64,16384,1,11262.8
attention,512,128,128,16,1,14456.8
attention,512,128,128,32,1,14421.1
attention,512,128,128,64,1,14388.7
attention,512,128,128,128,1,14329.3
attention,512,128,128,256,1,14120.1
attention,512,128,128,512,1,13777.8
attention,512,128,128,1024,1,13158.3
attention,512,128,128,2048,1,11862.5
attention,512,128,128,4096,1,11886
attention,512,128,128,8192,1,11872.4
attention,512,128,128,16384,1,11860.3
attention,512,256,0,0,1,10454
attention,512,256,1,16,1,10499.3
attention,512,256,1,32,1,10507.8
attention,512,256,1,64,1,10507
attention,512,256,1,128,1,10504.5
attention,512,256,1,256,1,10508.5
attention,512,256,1,512,1,10628.3
attention,512,256,1,1024,1,10493.2
attention,512,256,1,2048,1,10497
attention,512,256,1,4096,1,10493.6
attention,512,256,1,8192,1,10497
attention,512,256,1,16384,1,10495
attention,512,256,2,16,1,10526.8
attention,512,256,2,32,1,10530.1
attention,512,256,2,64,1,10532.5
attention,512,256,2,128,1,10528.3
attention,512,256,2,256,1,10531.6
attention,512,256,2,512,1,10535.7
attention,512,256,2,1024,1,10529.5
attention,512,256,2,2048,1,10498.3
attention,512,256,2,4096,1,10503.2
attention,512,256,2,8192,1,10503.4
attention,512,256,2,16384,1,10510.2
attention,512,256,4,16,1,10572.2
attention,512,256,4,32,1,10583.7
attention,512,256,4,64,1,10577.9
attention,512,256,4,128,1,10588.6
attention,512,256,4,256,1,10593.3
attention,512,256,4,512,1,10585.5
attention,512,256,4,1024,1,10549
attention,512,256,4,2048,1,10509.6
attention,512,256,4,4096,1,10516
attention,512,256,4,8192,1,10510.7
attention,512,256,4,16384,1,10514.1
attention,512,256,8,16,1,10708.4
attention,512,256,8,32,1,10708.2
attention,512,256,8,64,1,10710
attention,512,256,8,128,1,10705.2
attention,512,256,8,256,1,10691.2
attention,512,256,8,512,1,10699.5
attention,512,256,8,1024,1,10652.8
attention,512,256,8,2048,1,10519.7
attention,512,256,8,4096,1,10531
attention,512,256,8,8192,1,10542.3
attention,512,256,8,16384,1,10545.1
attention,512,256,16,16,1,10905.6
attention,512,256,16,32,1,10898.7
attention,512,256,16,64,1,10903.1
attention,512,256,16,128,1,10896.7
attention,512,256,16,256,1,10906.2
attention,512,256,16,512,1,10786
attention,512,256,16,1024,1,10738.6
attention,512,256,16,2048,1,10590.6
attention,512,256,16,4096,1,10582.5
attention,512,256,16,8192,1,10573.1
attention,512,256,16,16384,1,10594
attention,512,256,32,16,1,11216.7
attention,512,256,32,32,1,11210.4
attention,512,256,32,64,1,11221.3
attention,512,256,32,128,1,11209.5
attention,512,256,32,256,1,11205.8
attention,512,256,32,512,1,11069.8
attention,512,256,32,1024,1,11062
attention,512,256,32,2048,1,10533.5
attention,512,256,32,4096,1,10554.7
attention,512,256,32,8192,1,10561.9
attention,512,256,32,16384,1,10572.9
attention,512,256,64,16,1,11962.9
attention,512,256,64,32,1,11950.4
attention,512,256,64,64,1,11932.9
attention,512,256,64,128,1,11994.6
attention,512,256,64,256,1,12070.3
attention,512,256,64,512,1,11697.6
attention,512,256,64,1024,1,11285.1
attention,512,256,64,2048,1,10531.1
attention,512,256,64,4096,1,10527
attention,512,256,64,8192,1,10689.1
attention,512,256,64,16384,1,10519.9
attention,512,256,128,16,1,13709.7
attention,512,256,128,32,1,13689.7
attention,512,256,128,64,1,13636
attention,512,256,128,128,1,13566.6
attention,512,256,128,256,1,13380.1
attention,512,256,128,512,1,13007.5
attention,512,256,128,1024,1,12413.3
attention,512,256,128,2048,1,11111.3
attention,512,256,128,4096,1,11123.1
attention,512,256,128,8192,1,11111.4
attention,512,256,128,16384,1,11110.3
attention,512,512,0,0,1,9114.25
attention,512,512,1,16,1,9145.94
attention,512,512,1,32,1,9144.94
attention,512,512,1,64,1,9140.09
attention,512,512,1,128,1,9310.49
attention,512,512,1,256,1,9142.48
attention,512,512,1,512,1,9148.64
attention,512,512,1,1024,1,9118.07
attention,512,512,1,2048,1,9289.85
attention,512,512,1,4096,1,9113.62
attention,512,512,1,8192,1,9109.79
attention,512,512,1,16384,1,9121.83
attention,512,512,2,16,1,9283.33
attention,512,512,2,32,1,9213.47
attention,512,512,2,64,1,9251.2
attention,512,512,2,128,1,9171.73
attention,512,512,2,256,1,9160.76
attention,512,512,2,512,1,9170.75
attention,512,512,2,1024,1,9141
attention,512,512,2,2048,1,9120.88
attention,512,512,2,4096,1,9120.41
attention,512,512,2,8192,1,9128.6
attention,512,512,2,16384,1,9269.31
attention,512,512,4,16,1,9208.45
attention,512,512,4,32,1,9210.27
attention,512,512,4,64,1,9214.66
attention,512,512,4,128,1,9199.32
attention,512,512,4,256,1,9221
attention,512,512,4,512,1,9222.28
attention,512,512,4,1024,1,9189.92
attention,512,512,4,2048,1,9111.85
attention,512,512,4,4096,1,9124.42
attention,512,512,4,8192,1,9112.77
attention,512,512,4,16384,1,9124.01
attention,512,512,8,16,1,9381.49
attention,512,512,8,32,1,9356.35
attention,512,512,8,64,1,9361.29
attention,512,512,8,128,1,9368.86
attention,512,512,8,256,1,9380.8
attention,512,512,8,512,1,9411.53
attention,512,512,8,1024,1,9309.22
attention,512,512,8,2048,1,9186.05
attention,512,512,8,4096,1,9189.76
attention,512,512,8,8192,1,9177.52
attention,512,512,8,16384,1,9370.5
attention,512,512,16,16,1,9507.01
attention,512,512,16,32,1,9520.09
attention,512,512,16,64,1,9513.15
attention,512,512,16,128,1,9646.44
attention,512,512,16,256,1,9507.23
attention,512,512,16,512,1,9502.99
attention,512,512,16,1024,1,9378.62
attention,512,512,16,2048,1,9170.67
attention,512,512,16,4096,1,9298.19
attention,512,512,16,8192,1,9182.67
attention,512,512,16,16384,1,9173.05
attention,512,512,32,16,1,9893.99
attention,512,512,32,32,1,9805.2
attention,512,512,32,64,1,9959.48
attention,512,512,32,128,1,9822.41
attention,512,512,32,256,1,9805
attention,512,512,32,512,1,9725.53
attention,512,512,32,1024,1,9368.41
attention,512,512,32,2048,1,9141.18
attention,512,512,32,4096,1,9134.39
attention,512,512,32,8192,1,9160.69
attention,512,512,32,16384,1,9165.42
attention,512,512,64,16,1,10400.3
attention,512,512,64,32,1,10390.3
attention,512,512,64,64,1,10595.2
attention,512,512,64,128,1,10425.4
attention,512,512,64,256,1,10301.2
attention,512,512,64,512,1,10283.3
attention,512,512,64,1024,1,9858.92
attention,512,512,64,2048,1,9059.8
attention,512,512,64,4096,1,9055.28
attention,512,512,64,8192,1,9072.78
attention,512,512,64,16384,1,9046.41
attention,512,512,128,16,1,12195.8
attention,512,512,128,32,1,12184.1
attention,512,512,128,64,1,12145
attention,512,512,128,128,1,12123.9
attention,512,512,128,256,1,12013.3
attention,512,512,128,512,1,11645.1
attention,512,512,128,1024,1,10926.9
attention,512,512,128,2048,1,9618.87
attention,512,512,128,4096,1,9610.76
attention,512,512,128,8192,1,9604.98
attention,512,512,128,16384,1,9580.64
attention,512,1024,0,0,1,6773.74
attention,512,1024,1,16,1,6751.09
attention,512,1024,1,32,1,6763.94
attention,512,1024,1,64,1,6753.35
attention,512,1024,1,128,1,6755.51
attention,512,1024,1,256,1,6921.56
attention,512,1024,1,512,1,6788.34
attention,512,1024,1,1024,1,6899.52
attention,512,1024,1,2048,1,6667.55
attention,512,1024,1,4096,1,6682.02
attention,512,1024,1,8192,1,6690.47
attention,512,1024,1,16384,1,6722.21
attention,512,1024,2,16,1,6800.89
attention,512,1024,2,32,1,6920.94
attention,512,1024,2,64,1,6926.45
attention,512,1024,2,128,1,6762.29
attention,512,1024,2,256,1,6777.41
attention,512,1024,2,512,1,6799.92
attention,512,1024,2,1024,1,6900.99
attention,512,1024,2,2048,1,6674.06
attention,512,1024,2,4096,1,6630.51
attention,512,1024,2,8192,1,6753.32
attention,512,1024,2,16384,1,6615.79
attention,512,1024,4,16,1,6813.23
attention,512,1024,4,32,1,6827.67
attention,512,1024,4,64,1,6861.83
attention,512,1024,4,128,1,6834.7
attention,512,1024,4,256,1,6830.95
attention,512,1024,4,512,1,6806
attention,512,1024,4,1024,1,6819.69
attention,512,1024,4,2048,1,6675.74
attention,512,1024,4,4096,1,6605.39
attention,512,1024,4,8192,1,6651.7
attention,512,1024,4,16384,1,6656.59
attention,512,1024,8,16,1,6923.45
attention,512,1024,8,32,1,6899.74
attention,512,1024,8,64,1,7001.46
attention,512,1024,8,128,1,6895.83
attention,512,1024,8,256,1,6914.95
attention,512,1024,8,512,1,6906.83
attention,512,1024,8,1024,1,6903.24
attention,512,1024,8,2048,1,6739.98
attention,512,1024,8,4096,1,6719.98
attention,512,1024,8,8192,1,6740.84
attention,512,1024,8,16384,1,6753.01
attention,512,1024,16,16,1,7094.34
attention,512,1024,16,32,1,7001.77
attention,512,1024,16,64,1,7011.03
attention,512,1024,16,128,1,7001.91
attention,512,1024,16,256,1,6990.55
attention,512,1024,16,512,1,7019.64
attention,512,1024,16,1024,1,7016.11
attention,512,1024,16,2048,1,6714.19
attention,512,1024,16,4096,1,6700.67
attention,512,1024,16,8192,1,6697.53
attention,512,1024,16,16384,1,6696.42
attention,512,1024,32,16,1,7148.93
attention,512,1024,32,32,1,7130.8
attention,512,1024,32,64,1,7138.23
attention,512,1024,32,128,1,7281.42
attention,512,1024,32,256,1,7320.55
attention,512,1024,32,512,1,7311.6
attention,512,1024,32,1024,1,7158.11
attention,512,1024,32,2048,1,6571.45
attention,512,1024,32,4096,1,6561.79
attention,512,1024,32,8192,1,6683.04
attention,512,1024,32,16384,1,6580.22
attention,512,1024,64,16,1,7636.2
attention,512,1024,64,32,1,7588.41
attention,512,1024,64,64,1,7567.14
attention,512,1024,64,128,1,7382.14
attention,512,1024,64,256,1,7246.71
attention,512,1024,64,512,1,7306.75
attention,512,1024,64,1024,1,7520.47
attention,512,1024,64,2048,1,6713.69
attention,512,1024,64,4096,1,6648.16
attention,512,1024,64,8192,1,6671.64
attention,512,1024,64,16384,1,6667.97
attention,512,1024,128,16,1,9691.08
attention,512,1024,128,32,1,9719.62
attention,512,1024,128,64,1,9632.29
attention,512,1024,128,128,1,9597.94
attention,512,1024,128,256,1,9388.26
attention,512,1024,128,512,1,9151.6
attention,512,1024,128,1024,1,8587.81
attention,512,1024,128,2048,1,6573.24
attention,512,1024,128,4096,1,6556.72
attention,512,1024,128,8192,1,6552.65
attention,512,1024,128,16384,1,6549.46
attention,512,2048,0,0,1,3704.96
attention,512,2048,1,16,1,3730.2
attention,512,2048,1,32,1,3731.72
attention,512,2048,1,64,1,3728.85
attention,512,2048,1,128,1,3733.48
attention,512,2048,1,256,1,3728.04
attention,512,2048,1,512,1,3728.28
attention,512,2048,1,1024,1,3729.08
attention,512,2048,1,2048,1,3730.06
attention,512,2048,1,4096,1,3731.06
attention,512,2048,1,8192,1,3729.99
attention,512,2048,1,16384,1,3729.11
attention,512,2048,2,16,1,3728.82
attention,512,2048,2,32,1,3729.41
attention,512,2048,2,64,1,3728.66
attention,512,2048,2,128,1,3732.38
attention,512,2048,2,256,1,3728.8
attention,512,2048,2,512,1,3728.12
attention,512,2048,2,1024,1,3730.45
attention,512,2048,2,2048,1,3730.77
attention,512,2048,2,4096,1,3729.97
attention,512,2048,2,8192,1,3731.75
attention,512,2048,2,16384,1,3731.03
attention,512,2048,4,16,1,3731.02
attention,512,2048,4,32,1,3729.96
attention,512,2048,4,64,1,3730.19
attention,512,2048,4,128,1,3731.38
attention,512,2048,4,256,1,3731.17
attention,512,2048,4,512,1,3730.3
attention,512,2048,4,1024,1,3729.32
attention,512,2048,4,2048,1,3731.27
attention,512,2048,4,4096,1,3732.08
attention,512,2048,4,8192,1,3734.21
attention,512,2048,4,16384,1,3731.27
attention,512,2048,8,16,1,3732.44
attention,512,2048,8,32,1,3733.38
attention,512,2048,8,64,1,3734.86
attention,512,2048,8,128,1,3731.55
attention,512,2048,8,256,1,3734.42
attention,512,2048,8,512,1,3732
attention,512,2048,8,1024,1,3734.01
attention,512,2048,8,2048,1,3734.59
attention,512,2048,8,4096,1,3733.99
attention,512,2048,8,8192,1,3731.94
attention,512,2048,8,16384,1,3733.92
attention,512,2048,16,16,1,3737.28
attention,512,2048,16,32,1,3736.82
attention,512,2048,16,64,1,3740.11
attention,512,2048,16,128,1,3735.04
attention,512,2048,16,256,1,3735.57
attention,512,2048,16,512,1,3737.28
attention,512,2048,16,1024,1,3737.19
attention,512,2048,16,2048,1,3739.77
attention,512,2048,16,4096,1,3738.71
attention,512,2048,16,8192,1,3740.01
attention,512,2048,16,16384,1,3744.16
attention,512,2048,32,16,1,4073.82
attention,512,2048,32,32,1,4097.09
attention,512,2048,32,64,1,4082.57
attention,512,2048,32,128,1,4097.82
attention,512,2048,32,256,1,4061.33
attention,512,2048,32,512,1,4007.07
attention,512,2048,32,1024,1,3928.28
attention,512,2048,32,2048,1,3753.53
attention,512,2048,32,4096,1,3752.97
attention,512,2048,32,8192,1,3754.28
attention,512,2048,32,16384,1,3763.72
attention,512,2048,64,16,1,4882.31
attention,512,2048,64,32,1,4880.89
attention,512,2048,64,64,1,4877.29
attention,512,2048,64,128,1,4876.54
attention,512,2048,64,256,1,4850.6
attention,512,2048,64,512,1,4693.18
attention,512,2048,64,1024,1,4392.25
attention,512,2048,64,2048,1,4317.08
attention,512,2048,64,4096,1,4327.04
attention,512,2048,64,8192,1,4330.89
attention,512,2048,64,16384,1,4318.45
attention,512,2048,128,16,1,6531.15
attention,512,2048,128,32,1,6560.11
attention,512,2048,128,64,1,6511.34
attention,512,2048,128,128,1,6470.34
attention,512,2048,128,256,1,6225.73
attention,512,2048,128,512,1,5953.97
attention,512,2048,128,1024,1,5384.21
attention,512,2048,128,2048,1,4393.15
attention,512,2048,128,4096,1,4400.54
attention,512,2048,128,8192,1,4388.57
attention,512,2048,128,16384,1,4379.64
attention,512,4096,0,0,1,3710.42
attention,512,4096,1,16,1,3731.23
attention,512,4096,1,32,1,3733.18
attention,512,4096,1,64,1,3732.55
attention,512,4096,1,128,1,3732.73
attention,512,4096,1,256,1,3734.75
attention,512,4096,1,512,1,3732.24
attention,512,4096,1,1024,1,3736.01
attention,512,4096,1,2048,1,3733.79
attention,512,4096,1,4096,1,3736.08
attention,512,4096,1,8192,1,3733.21
attention,512,4096,1,16384,1,3733
attention,512,4096,2,16,1,3732.33
attention,512,4096,2,32,1,3732.17
attention,512,4096,2,64,1,3734.16
attention,512,4096,2,128,1,3731.16
attention,512,4096,2,256,1,3733.42
attention,512,4096,2,512,1,3730.56
attention,512,4096,2,1024,1,3734.06
attention,512,4096,2,2048,1,3735.03
attention,512,4096,2,4096,1,3733.89
attention,512,4096,2,8192,1,3733.92
attention,512,4096,2,16384,1,3733.68
attention,512,4096,4,16,1,3734.38
attention,512,4096,4,32,1,3737.23
attention,512,4096,4,64,1,3735.42
attention,512,4096,4,128,1,3732.01
attention,512,4096,4,256,1,3732.55
attention,512,4096,4,512,1,3735.54
attention,512,4096,4,1024,1,3733.1
attention,512,4096,4,2048,1,3734.86
attention,512,4096,4,4096,1,3737.8
attention,512,4096,4,8192,1,3740.12
attention,512,4096,4,16384,1,3737.2
attention,512,4096,8,16,1,3738.04
attention,512,4096,8,32,1,3738.39
attention,512,4096,8,64,1,3735.64
attention,512,4096,8,128,1,3735.01
attention,512,4096,8,256,1,3734.01
attention,512,4096,8,512,1,3735.36
attention,512,4096,8,1024,1,3737.4
attention,512,4096,8,2048,1,3739.21
attention,512,4096,8,4096,1,3740.17
attention,512,4096,8,8192,1,3738.24
attention,512,4096,8,16384,1,3741.13
attention,512,4096,16,16,1,3740.03
attention,512,4096,16,32,1,3739.9
attention,512,4096,16,64,1,3740.87
attention,512,4096,16,128,1,3741.07
attention,512,4096,16,256,1,3742.93
attention,512,4096,16,512,1,3742.15
attention,512,4096,16,1024,1,3745.06
attention,512,4096,16,2048,1,3743.37
attention,512,4096,16,4096,1,3746.9
attention,512,4096,16,8192,1,3742.04
attention,512,4096,16,16384,1,3749.4
attention,512,4096,32,16,1,4101.9
attention,512,4096,32,32,1,4078.38
attention,512,4096,32,64,1,4078.32
attention,512,4096,32,128,1,4102.7
attention,512,4096,32,256,1,4070.65
attention,512,4096,32,512,1,4011.07
attention,512,4096,32,1024,1,3923.89
attention,512,4096,32,2048,1,3757.09
attention,512,4096,32,4096,1,3759.21
attention,512,4096,32,8192,1,3761.07
attention,512,4096,32,16384,1,3765.77
attention,512,4096,64,16,1,4881.14
attention,512,4096,64,32,1,4885.73
attention,512,4096,64,64,1,4880.48
attention,512,4096,64,128,1,4886.09
attention,512,4096,64,256,1,4848.16
attention,512,4096,64,512,1,4708.22
attention,512,4096,64,1024,1,4384.06
attention,512,4096,64,2048,1,4324.78
attention,512,4096,64,4096,1,4330.41
attention,512,4096,64,8192,1,4335.16
attention,512,4096,64,16384,1,4324.89
attention,512,4096,128,16,1,6535.98
attention,512,4096,128,32,1,6535.53
attention,512,4096,128,64,1,6497.99
attention,512,4096,128,128,1,6441.96
attention,512,4096,128,256,1,6240.11
attention,512,4096,128,512,1,5914.45
attention,512,4096,128,1024,1,5362.59
attention,512,4096,128,2048,1,4396.9
attention,512,4096,128,4096,1,4404.79
attention,512,4096,128,8192,1,4391.54
attention,512,4096,128,16384,1,4384.27
attention,512,8192,0,0,1,3716.08
attention,512,8192,1,16,1,3742.72
attention,512,8192,1,32,1,3740.28
attention,512,8192,1,64,1,3742.73
attention,512,8192,1,128,1,3742.21
attention,512,8192,1,256,1,3740.4
attention,512,8192,1,512,1,3741.65
attention,512,8192,1,1024,1,3741.44
attention,512,8192,1,2048,1,3745.22
attention,512,8192,1,4096,1,3745.17
attention,512,8192,1,8192,1,3746.77
attention,512,8192,1,16384,1,3743.97
attention,512,8192,2,16,1,3739.64
attention,512,8192,2,32,1,3741.02
attention,512,8192,2,64,1,3741.21
attention,512,8192,2,128,1,3740.84
attention,512,8192,2,256,1,3741.57
attention,512,8192,2,512,1,3741.84
attention,512,8192,2,1024,1,3738.25
attention,512,8192,2,2048,1,3742.8
attention,512,8192,2,4096,1,3743
attention,512,8192,2,8192,1,3747.32
attention,512,8192,2,16384,1,3744.09
attention,512,8192,4,16,1,3741.79
attention,512,8192,4,32,1,3741.12
attention,512,8192,4,64,1,3739.76
attention,512,8192,4,128,1,3745.62
attention,512,8192,4,256,1,3746.01
attention,512,8192,4,512,1,3745.98
attention,512,8192,4,1024,1,3744.12
attention,512,8192,4,2048,1,3746.8
attention,512,8192,4,4096,1,3744.71
attention,512,8192,4,8192,1,3747.41
attention,512,8192,4,16384,1,3745.04
attention,512,8192,8,16,1,3746.64
attention,512,8192,8,32,1,3745.37
attention,512,8192,8,64,1,3743.88
attention,512,8192,8,128,1,3745.85
attention,512,8192,8,256,1,3746.96
attention,512,8192,8,512,1,3747.16
attention,512,8192,8,1024,1,3743.67
attention,512,8192,8,2048,1,3745.52
attention,512,8192,8,4096,1,3748.35
attention,512,8192,8,8192,1,3747.95
attention,512,8192,8,16384,1,3748.76
attention,512,8192,16,16,1,3749.73
attention,512,8192,16,32,1,3747.57
attention,512,8192,16,64,1,3749.15
attention,512,8192,16,128,1,3747.73
attention,512,8192,16,256,1,3749.04
attention,512,8192,16,512,1,3749.51
attention,512,8192,16,1024,1,3750.16
attention,512,8192,16,2048,1,3753.28
attention,512,8192,16,4096,1,3751.43
attention,512,8192,16,8192,1,3751.94
attention,512,8192,16,16384,1,3754.07
attention,512,8192,32,16,1,4082.06
attention,512,8192,32,32,1,4084
attention,512,8192,32,64,1,4121.45
attention,512,8192,32,128,1,4107.37
attention,512,8192,32,256,1,4081.46
attention,512,8192,32,512,1,4016.13
attention,512,8192,32,1024,1,3940.64
attention,512,8192,32,2048,1,3762.84
attention,512,8192,32,4096,1,3767.05
attention,512,8192,32,8192,1,3766.25
attention,512,8192,32,16384,1,3769.27
attention,512,8192,64,16,1,4891.68
attention,512,8192,64,32,1,4888.61
attention,512,8192,64,64,1,4888.18
attention,512,8192,64,128,1,4888.26
attention,512,8192,64,256,1,4851.28
attention,512,8192,64,512,1,4677.69
attention,512,8192,64,1024,1,4382.02
attention,512,8192,64,2048,1,4324.49
attention,512,8192,64,4096,1,4335.44
attention,512,8192,64,8192,1,4338.15
attention,512,8192,64,16384,1,4328.81
attention,512,8192,128,16,1,6511.14
attention,512,8192,128,32,1,6507.96
attention,512,8192,128,64,1,6542.7
attention,512,8192,128,128,1,6446.94
attention,512,8192,128,256,1,6301.86
attention,512,8192,128,512,1,5945.37
attention,512,8192,128,1024,1,5380.03
attention,512,8192,128,2048,1,4403
attention,512,8192,128,4096,1,4408.35
attention,512,8192,128,8192,1,4394.43
attention,512,8192,128,16384,1,4380.37
attention,512,16384,0,0,1,3726.81
attention,512,16384,1,16,1,3731.89
attention,512,16384,1,32,1,3732.38
attention,512,16384,1,64,1,3733.82
attention,512,16384,1,128,1,3733.84
attention,512,16384,1,256,1,3732.05
attention,512,16384,1,512,1,3733.93
attention,512,16384,1,1024,1,3732.77
attention,512,16384,1,2048,1,3735.36
attention,512,16384,1,4096,1,3732.13
attention,512,16384,1,8192,1,3736.38
attention,512,16384,1,16384,1,3734.33
attention,512,16384,2,16,1,3732.96
attention,512,16384,2,32,1,3730.91
attention,512,16384,2,64,1,3733.88
attention,512,16384,2,128,1,3734.31
attention,512,16384,2,256,1,3734.38
attention,512,16384,2,512,1,3732.46
attention,512,16384,2,1024,1,3732.13
attention,512,16384,2,2048,1,3734.4
attention,512,16384,2,4096,1,3732.37
attention,512,16384,2,8192,1,3732.8
attention,512,16384,2,16384,1,3734.05
attention,512,16384,4,16,1,3736.95
attention,512,16384,4,32,1,3734.25
attention,512,16384,4,64,1,3734.37
attention,512,16384,4,128,1,3733.88
attention,512,16384,4,256,1,3735.69
attention,512,16384,4,512,1,3734.04
attention,512,16384,4,1024,1,3735.61
attention,512,16384,4,2048,1,3734.8
attention,512,16384,4,4096,1,3735.38
attention,512,16384,4,8192,1,3733.55
attention,512,16384,4,16384,1,3732.44
attention,512,16384,8,16,1,3735.99
attention,512,16384,8,32,1,3736.74
attention,512,16384,8,64,1,3736
attention,512,16384,8,128,1,3733.92
attention,512,16384,8,256,1,3738.6
attention,512,16384,8,512,1,3738.02
attention,512,16384,8,1024,1,3734.96
attention,512,16384,8,2048,1,3737.83
attention,512,16384,8,4096,1,3735.69
attention,512,16384,8,8192,1,3735.03
attention,512,16384,8,16384,1,3737.07
attention,512,16384,16,16,1,3741.05
attention,512,16384,16,32,1,3742.65
attention,512,16384,16,64,1,3738.47
attention,512,16384,16,128,1,3738.36
attention,512,16384,16,256,1,3740.74
attention,512,16384,16,512,1,3743.25
attention,512,16384,16,1024,1,3739.93
attention,512,16384,16,2048,1,3739.98
attention,512,16384,16,4096,1,3741.09
attention,512,16384,16,8192,1,3740.61
attention,512,16384,16,16384,1,3742.06
attention,512,16384,32,16,1,4084.56
attention,512,16384,32,32,1,4073.16
attention,512,16384,32,64,1,4089.15
attention,512,16384,32,128,1,4095.73
attention,512,16384,32,256,1,4049.69
attention,512,16384,32,512,1,4027.78
attention,512,16384,32,1024,1,3917.3
attention,512,16384,32,2048,1,3750.9
attention,512,16384,32,4096,1,3755.32
attention,512,16384,32,8192,1,3758.09
attention,512,16384,32,16384,1,3773.69
attention,512,16384,64,16,1,4884.51
attention,512,16384,64,32,1,4879.49
attention,512,16384,64,64,1,4876.45
attention,512,16384,64,128,1,4881.54
attention,512,16384,64,256,1,4842.41
attention,512,16384,64,512,1,4689.57
attention,512,16384,64,1024,1,4379.18
attention,512,16384,64,2048,1,4315.87
attention,512,16384,64,4096,1,4325.49
attention,512,16384,64,8192,1,4343.08
attention,512,16384,64,16384,1,4338.53
attention,512,16384,128,16,1,6488.8
attention,512,16384,128,32,1,6540.39
attention,512,16384,128,64,1,6491.75
attention,512,16384,128,128,1,6409.74
attention,512,16384,128,256,1,6264.17
attention,512,16384,128,512,1,5933.36
attention,512,16384,128,1024,1,5352.42
attention,512,16384,128,2048,1,4389.73
attention,512,16384,128,4096,1,4408.97
attention,512,16384,128,8192,1,4401.88
attention,512,16384,128,16384,1,4385.46
attention,1024,0,0,0,1,20686.7
attention,1024,0,1,16,1,20775.1
attention,1024,0,1,32,1,20770.4
attention,1024,0,1,64,1,20773.8
attention,1024,0,1,128,1,20770
attention,1024,0,1,256,1,20771.3
attention,1024,0,1,512,1,20764.6
attention,1024,0,1,1024,1,20771
attention,1024,0,1,2048,1,20745.3
attention,1024,0,1,4096,1,20751.4
attention,1024,0,1,8192,1,20752
attention,1024,0,1,16384,1,20748.4
attention,1024,0,2,16,1,20810.8
attention,1024,0,2,32,1,20805.6
attention,1024,0,2,64,1,20800.7
attention,1024,0,2,128,1,20804.8
attention,1024,0,2,256,1,20797.5
attention,1024,0,2,512,1,20790
attention,1024,0,2,1024,1,20785.8
attention,1024,0,2,2048,1,20748.7
attention,1024,0,2,4096,1,20756
attention,1024,0,2,8192,1,20754.8
attention,1024,0,2,16384,1,20752.3
attention,1024,0,4,16,1,20858.2
attention,1024,0,4,32,1,20865.5
attention,1024,0,4,64,1,20846.6
attention,1024,0,4,128,1,20854.5
attention,1024,0,4,256,1,20842.6
attention,1024,0,4,512,1,20829.7
attention,1024,0,4,1024,1,20807.5
attention,1024,0,4,2048,1,20765.9
attention,1024,0,4,4096,1,20761.6
attention,1024,0,4,8192,1,20763.4
attention,1024,0,4,16384,1,20768
attention,1024,0,8,16,1,20965.2
attention,1024,0,8,32,1,20946.6
attention,1024,0,8,64,1,20951.2
attention,1024,0,8,128,1,20940.2
attention,1024,0,8,256,1,20935.3
attention,1024,0,8,512,1,20909.2
attention,1024,0,8,1024,1,20871.8
attention,1024,0,8,2048,1,20768.1
attention,1024,0,8,4096,1,20768.3
attention,1024,0,8,8192,1,20769.4
attention,1024,0,8,16384,1,20771.6
attention,1024,0,16,16,1,21162.2
attention,1024,0,16,32,1,21156
attention,1024,0,16,64,1,21146.5
attention,1024,0,16,128,1,21133.7
attention,1024,0,16,256,1,21112.8
attention,1024,0,16,512,1,21066.4
attention,1024,0,16,1024,1,20979.3
attention,1024,0,16,2048,1,20764
attention,1024,0,16,4096,1,20766.7
attention,1024,0,16,8192,1,20770.6
attention,1024,0,16,16384,1,20779.5
attention,1024,0,32,16,1,21552.2
attention,1024,0,32,32,1,21534.9
attention,1024,0,32,64,1,21536
attention,1024,0,32,128,1,21499.8
attention,1024,0,32,256,1,21445.8
attention,1024,0,32,512,1,21365.7
attention,1024,0,32,1024,1,21182.6
attention,1024,0,32,2048,1,20801.4
attention,1024,0,32,4096,1,20797
attention,1024,0,32,8192,1,20803.9
attention,1024,0,32,16384,1,20792.7
attention,1024,0,64,16,1,22403.6
attention,1024,0,64,32,1,22429.2
attention,1024,0,64,64,1,22333.5
attention,1024,0,64,128,1,22301.1
attention,1024,0,64,256,1,22185.3
attention,1024,0,64,512,1,22015.1
attention,1024,0,64,1024,1,21614.3
attention,1024,0,64,2048,1,20846.6
attention,1024,0,64,4096,1,20843.5
attention,1024,0,64,8192,1,20846.4
attention,1024,0,64,16384,1,20819.3
attention,1024,0,128,16,1,24067.3
attention,1024,0,128,32,1,24071.5
attention,1024,0,128,64,1,23997.7
attention,1024,0,128,128,1,23918.6
attention,1024,0,128,256,1,23744.8
attention,1024,0,128,512,1,23433.7
attention,1024,0,128,1024,1,22769.8
attention,1024,0,128,2048,1,21445.9
attention,1024,0,128,4096,1,21425
attention,1024,0,128,8192,1,21400.2
attention,1024,0,128,16384,1,21386.5
attention,1024,16,0,0,1,20496.2
attention,1024,16,1,16,1,20584.6
attention,1024,16,1,32,1,20580.7
attention,1024,16,1,64,1,20581.9
attention,1024,16,1,128,1,20602.9
attention,1024,16,1,256,1,20586.5
attention,1024,16,1,512,1,20581.7
attention,1024,16,1,1024,1,20591.7
attention,1024,16,1,2048,1,20565.4
attention,1024,16,1,4096,1,20554.7
attention,1024,16,1,8192,1,20559.3
attention,1024,16,1,16384,1,20566.4
attention,1024,16,2,16,1,20609.4
attention,1024,16,2,32,1,20608
attention,1024,16,2,64,1,20606.1
attention,1024,16,2,128,1,20621.2
attention,1024,16,2,256,1,20595.8
attention,1024,16,2,512,1,20607.2
attention,1024,16,2,1024,1,20584.6
attention,1024,16,2,2048,1,20553
attention,1024,16,2,4096,1,20556.4
attention,1024,16,2,8192,1,20560
attention,1024,16,2,16384,1,20556.6
attention,1024,16,4,16,1,20657.5
attention,1024,16,4,32,1,20642
attention,1024,16,4,64,1,20649.7
attention,1024,16,4,128,1,20659.1
attention,1024,16,4,256,1,20647.8
attention,1024,16,4,512,1,20644.6
attention,1024,16,4,1024,1,20606.7
attention,1024,16,4,2048,1,20561.5
attention,1024,16,4,4096,1,20564.7
attention,1024,16,4,8192,1,20558.1
attention,1024,16,4,16384,1,20572.3
attention,1024,16,8,16,1,20749.8
attention,1024,16,8,32,1,20749.7
attention,1024,16,8,64,1,20746.3
attention,1024,16,8,128,1,20749.4
attention,1024,16,8,256,1,20730.7
attention,1024,16,8,512,1,20717.5
attention,1024,16,8,1024,1,20675
attention,1024,16,8,2048,1,20561.9
attention,1024,16,8,4096,1,20566.4
attention,1024,16,8,8192,1,20564.9
attention,1024,16,8,16384,1,20556
attention,1024,16,16,16,1,20962
attention,1024,16,16,32,1,20966.8
attention,1024,16,16,64,1,20964
attention,1024,16,16,128,1,20938.6
attention,1024,16,16,256,1,20910.3
attention,1024,16,16,512,1,20869.2
attention,1024,16,16,1024,1,20776.5
attention,1024,16,16,2048,1,20576.7
attention,1024,16,16,4096,1,20578.2
attention,1024,16,16,8192,1,20577.6
attention,1024,16,16,16384,1,20576.3
attention,1024,16,32,16,1,21351
attention,1024,16,32,32,1,21336.5
attention,1024,16,32,64,1,21346.5
attention,1024,16,32,128,1,21355.1
attention,1024,16,32,256,1,21244.6
attention,1024,16,32,512,1,21166.5
attention,1024,16,32,1024,1,20983.6
attention,1024,16,32,2048,1,20597.6
attention,1024,16,32,4096,1,20598
attention,1024,16,32,8192,1,20597.7
attention,1024,16,32,16384,1,20594.7
attention,1024,16,64,16,1,22166.2
attention,1024,16,64,32,1,22198.3
attention,1024,16,64,64,1,22166.5
attention,1024,16,64,128,1,22110.9
attention,1024,16,64,256,1,22015
attention,1024,16,64,512,1,21816.7
attention,1024,16,64,1024,1,21432.6
attention,1024,16,64,2048,1,20649
attention,1024,16,64,4096,1,20652
attention,1024,16,64,8192,1,20646.5
attention,1024,16,64,16384,1,20614.8
attention,1024,16,128,16,1,23892.9
attention,1024,16,128,32,1,23874.6
attention,1024,16,128,64,1,23859.9
attention,1024,16,128,128,1,23726.4
attention,1024,16,128,256,1,23563.5
attention,1024,16,128,512,1,23226.6
attention,1024,16,128,1024,1,22569.2
attention,1024,16,128,2048,1,21251.9
attention,1024,16,128,4096,1,21249.4
attention,1024,16,128,8192,1,21207.5
attention,1024,16,128,16384,1,21195.7
attention,1024,32,0,0,1,20447.8
attention,1024,32,1,16,1,20531.8
attention,1024,32,1,32,1,20522.4
attention,1024,32,1,64,1,20533.7
attention,1024,32,1,128,1,20546.3
attention,1024,32,1,256,1,20517.7
attention,1024,32,1,512,1,20529.6
attention,1024,32,1,1024,1,20518.5
attention,1024,32,1,2048,1,20511.6
attention,1024,32,1,4096,1,20509.6
attention,1024,32,1,8192,1,20529
attention,1024,32,1,16384,1,20510.1
attention,1024,32,2,16,1,20531.7
attention,1024,32,2,32,1,20523.3
attention,1024,32,2,64,1,20517.8
attention,1024,32,2,128,1,20539.4
attention,1024,32,2,256,1,20532
attention,1024,32,2,512,1,20534.4
attention,1024,32,2,1024,1,20503.9
attention,1024,32,2,2048,1,20510.5
attention,1024,32,2,4096,1,20501.6
attention,1024,32,2,8192,1,20501
attention,1024,32,2,16384,1,20504.5
attention,1024,32,4,16,1,20527
attention,1024,32,4,32,1,20541.8
attention,1024,32,4,64,1,20547.6
attention,1024,32,4,128,1,20598.1
attention,1024,32,4,256,1,20574.6
attention,1024,32,4,512,1,20561.7
attention,1024,32,4,1024,1,20536.3
attention,1024,32,4,2048,1,20504.4
attention,1024,32,4,4096,1,20512.7
attention,1024,32,4,8192,1,20503.5
attention,1024,32,4,16384,1,20502.1
attention,1024,32,8,16,1,20565.4
attention,1024,32,8,32,1,20578.3
attention,1024,32,8,64,1,20610.7
attention,1024,32,8,128,1,20643.9
attention,1024,32,8,256,1,20626.9
attention,1024,32,8,512,1,20589
attention,1024,32,8,1024,1,20554.4
attention,1024,32,8,2048,1,20474.4
attention,1024,32,8,4096,1,20479.7
attention,1024,32,8,8192,1,20442.6
attention,1024,32,8,16384,1,20468.8
attention,1024,32,16,16,1,20757.4
attention,1024,32,16,32,1,20751.1
attention,1024,32,16,64,1,20781.7
attention,1024,32,16,128,1,20757.6
attention,1024,32,16,256,1,20729.2
attention,1024,32,16,512,1,20680.5
attention,1024,32,16,1024,1,20591.6
attention,1024,32,16,2048,1,20407
attention,1024,32,16,4096,1,20402.6
attention,1024,32,16,8192,1,20410.3
attention,1024,32,16,16384,1,20410.9
attention,1024,32,32,16,1,21160.1
attention,1024,32,32,32,1,21170.5
attention,1024,32,32,64,1,21147.1
attention,1024,32,32,128,1,21114.2
attention,1024,32,32,256,1,21070.4
attention,1024,32,32,512,1,20977.5
attention,1024,32,32,1024,1,20791.2
attention,1024,32,32,2048,1,20417.6
attention,1024,32,32,4096,1,20416.8
attention,1024,32,32,8192,1,20422.2
attention,1024,32,32,16384,1,20413
attention,1024,32,64,16,1,21953.6
attention,1024,32,64,32,1,21946.5
attention,1024,32,64,64,1,21955.6
attention,1024,32,64,128,1,21909.9
attention,1024,32,64,256,1,21815.5
attention,1024,32,64,512,1,21649.8
attention,1024,32,64,1024,1,21217.9
attention,1024,32,64,2048,1,20451.2
attention,1024,32,64,4096,1,20452.1
attention,1024,32,64,8192,1,20452.6
attention,1024,32,64,16384,1,20429
attention,1024,32,128,16,1,23664.6
attention,1024,32,128,32,1,23648.1
attention,1024,32,128,64,1,23654.6
attention,1024,32,128,128,1,23531.9
attention,1024,32,128,256,1,23366.2
attention,1024,32,128,512,1,23035.8
attention,1024,32,128,1024,1,22382.9
attention,1024,32,128,2048,1,21059.9
attention,1024,32,128,4096,1,21041.9
attention,1024,32,128,8192,1,21018.1
attention,1024,32,128,16384,1,21007.8
attention,1024,64,0,0,1,19968.4
attention,1024,64,1,16,1,20041.5
attention,1024,64,1,32,1,20053.1
attention,1024,64,1,64,1,20066.2
attention,1024,64,1,128,1,20047.8
attention,1024,64,1,256,1,20038.4
attention,1024,64,1,512,1,20075.4
attention,1024,64,1,1024,1,20038.4
attention,1024,64,1,2048,1,20037.5
attention,1024,64,1,4096,1,20042.5
attention,1024,64,1,8192,1,20057
attention,1024,64,1,16384,1,20031.4
attention,1024,64,2,16,1,20076.9
attention,1024,64,2,32,1,20070.5
attention,1024,64,2,64,1,20078.7
attention,1024,64,2,128,1,20066.8
attention,1024,64,2,256,1,20082.2
attention,1024,64,2,512,1,20078.6
attention,1024,64,2,1024,1,20058.9
attention,1024,64,2,2048,1,20019.9
attention,1024,64,2,4096,1,20032.6
attention,1024,64,2,8192,1,20039.4
attention,1024,64,2,16384,1,20040
attention,1024,64,4,16,1,20116.1
attention,1024,64,4,32,1,20119
attention,1024,64,4,64,1,20110.9
attention,1024,64,4,128,1,20114.9
attention,1024,64,4,256,1,20123.1
attention,1024,64,4,512,1,20104.9
attention,1024,64,4,1024,1,20085
attention,1024,64,4,2048,1,20029.6
attention,1024,64,4,4096,1,20023.5
attention,1024,64,4,8192,1,20014
attention,1024,64,4,16384,1,20027.3
attention,1024,64,8,16,1,20210.8
attention,1024,64,8,32,1,20211.7
attention,1024,64,8,64,1,20200.8
attention,1024,64,8,128,1,20217.4
attention,1024,64,8,256,1,20185.3
attention,1024,64,8,512,1,20176.1
attention,1024,64,8,1024,1,20138.6
attention,1024,64,8,2048,1,20006.4
attention,1024,64,8,4096,1,20013
attention,1024,64,8,8192,1,20012
attention,1024,64,8,16384,1,20004.4
attention,1024,64,16,16,1,20371.8
attention,1024,64,16,32,1,20388.4
attention,1024,64,16,64,1,20382.8
attention,1024,64,16,128,1,20376.3
attention,1024,64,16,256,1,20353.8
attention,1024,64,16,512,1,20318.5
attention,1024,64,16,1024,1,20218.2
attention,1024,64,16,2048,1,20054.3
attention,1024,64,16,4096,1,20046.7
attention,1024,64,16,8192,1,20061.2
attention,1024,64,16,16384,1,20064.6
attention,1024,64,32,16,1,20782.5
attention,1024,64,32,32,1,20794.7
attention,1024,64,32,64,1,20826.1
attention,1024,64,32,128,1,20765.7
attention,1024,64,32,256,1,20692.9
attention,1024,64,32,512,1,20590.5
attention,1024,64,32,1024,1,20421.9
attention,1024,64,32,2048,1,20051.8
attention,1024,64,32,4096,1,20047.2
attention,1024,64,32,8192,1,20048.2
attention,1024,64,32,16384,1,20044.6
attention,1024,64,64,16,1,21570.8
attention,1024,64,64,32,1,21553.3
attention,1024,64,64,64,1,21548.8
attention,1024,64,64,128,1,21515.9
attention,1024,64,64,256,1,21435.7
attention,1024,64,64,512,1,21264
attention,1024,64,64,1024,1,20850.7
attention,1024,64,64,2048,1,20072.2
attention,1024,64,64,4096,1,20068.5
attention,1024,64,64,8192,1,20068.2
attention,1024,64,64,16384,1,20046.3
attention,1024,64,128,16,1,23343.2
attention,1024,64,128,32,1,23319.6
attention,1024,64,128,64,1,23281.3
attention,1024,64,128,128,1,23136.7
attention,1024,64,128,256,1,22963.9
attention,1024,64,128,512,1,22645.5
attention,1024,64,128,1024,1,22020.4
attention,1024,64,128,2048,1,20694.1
attention,1024,64,128,4096,1,20675
attention,1024,64,128,8192,1,20665.9
attention,1024,64,128,16384,1,20637.9
attention,1024,128,0,0,1,19297.9
attention,1024,128,1,16,1,19346.4
attention,1024,128,1,32,1,19380.4
attention,1024,128,1,64,1,19365.6
attention,1024,128,1,128,1,19338.8
attention,1024,128,1,256,1,19394
attention,1024,128,1,512,1,19366.1
attention,1024,128,1,1024,1,19328
attention,1024,128,1,2048,1,19362.5
attention,1024,128,1,4096,1,19338.5
attention,1024,128,1,8192,1,19363.7
attention,1024,128,1,16384,1,19319.9
attention,1024,128,2,16,1,19389.5
attention,1024,128,2,32,1,19394.8
attention,1024,128,2,64,1,19400.2
attention,1024,128,2,128,1,19392.8
attention,1024,128,2,256,1,19338.1
attention,1024,128,2,512,1,19343.6
attention,1024,128,2,1024,1,19347.6
attention,1024,128,2,2048,1,19291.7
attention,1024,128,2,4096,1,19306.2
attention,1024,128,2,8192,1,19328.3
attention,1024,128,2,16384,1,19301
attention,1024,128,4,16,1,19446.3
attention,1024,128,4,32,1,19439.3
attention,1024,128,4,64,1,19430.5
attention,1024,128,4,128,1,19443.7
attention,1024,128,4,256,1,19403.5
attention,1024,128,4,512,1,19405.6
attention,1024,128,4,1024,1,19333.3
attention,1024,128,4,2048,1,19271.5
attention,1024,128,4,4096,1,19289.6
attention,1024,128,4,8192,1,19288
attention,1024,128,4,16384,1,19328.5
attention,1024,128,8,16,1,19617.4
attention,1024,128,8,32,1,19560.6
attention,1024,128,8,64,1,19564.6
attention,1024,128,8,128,1,19550.6
attention,1024,128,8,256,1,19550.5
attention,1024,128,8,512,1,19511.6
attention,1024,128,8,1024,1,19426.5
attention,1024,128,8,2048,1,19281.3
attention,1024,128,8,4096,1,19295.3
attention,1024,128,8,8192,1,19279
attention,1024,128,8,16384,1,19281.9
attention,1024,128,16,16,1,19763
attention,1024,128,16,32,1,19758.3
attention,1024,128,16,64,1,19757.5
attention,1024,128,16,128,1,19746.5
attention,1024,128,16,256,1,19689.1
attention,1024,128,16,512,1,19638.5
attention,1024,128,16,1024,1,19485.6
attention,1024,128,16,2048,1,19371.8
attention,1024,128,16,4096,1,19348
attention,1024,128,16,8192,1,19319.9
attention,1024,128,16,16384,1,19360.2
attention,1024,128,32,16,1,20060.4
attention,1024,128,32,32,1,20063
attention,1024,128,32,64,1,20043.4
attention,1024,128,32,128,1,20074
attention,1024,128,32,256,1,19947.6
attention,1024,128,32,512,1,19850.5
attention,1024,128,32,1024,1,19672.2
attention,1024,128,32,2048,1,19346.5
attention,1024,128,32,4096,1,19352.2
attention,1024,128,32,8192,1,19337.7
attention,1024,128,32,16384,1,19341.2
attention,1024,128,64,16,1,20787.1
attention,1024,128,64,32,1,20772.5
attention,1024,128,64,64,1,20840.7
attention,1024,128,64,128,1,20787.6
attention,1024,128,64,256,1,20709.8
attention,1024,128,64,512,1,20502.3
attention,1024,128,64,1024,1,20124.2
attention,1024,128,64,2048,1,19337.8
attention,1024,128,64,4096,1,19333
attention,1024,128,64,8192,1,19314.9
attention,1024,128,64,16384,1,19294.1
attention,1024,128,128,16,1,22596.2
attention,1024,128,128,32,1,22577.5
attention,1024,128,128,64,1,22541.5
attention,1024,128,128,128,1,22388.7
attention,1024,128,128,256,1,22225.4
attention,1024,128,128,512,1,21888.5
attention,1024,128,128,1024,1,21279.9
attention,1024,128,128,2048,1,19927.5
attention,1024,128,128,4096,1,19924.1
attention,1024,128,128,8192,1,19902.4
attention,1024,128,128,16384,1,19884.5
attention,1024,256,0,0,1,17769.3
attention,1024,256,1,16,1,17853.6
attention,1024,256,1,32,1,17861.4
attention,1024,256,1,64,1,17854.8
attention,1024,256,1,128,1,17839.3
attention,1024,256,1,256,1,17859.9
attention,1024,256,1,512,1,17855.7
attention,1024,256,1,1024,1,17851.1
attention,1024,256,1,2048,1,17828.1
attention,1024,256,1,4096,1,17844.2
attention,1024,256,1,8192,1,17849.8
attention,1024,256,1,16384,1,17829.8
attention,1024,256,2,16,1,17951.3
attention,1024,256,2,32,1,17908.6
attention,1024,256,2,64,1,17888.5
attention,1024,256,2,128,1,17904.3
attention,1024,256,2,256,1,17937.1
attention,1024,256,2,512,1,17880.3
attention,1024,256,2,1024,1,17870.2
attention,1024,256,2,2048,1,17832.1
attention,1024,256,2,4096,1,17833.1
attention,1024,256,2,8192,1,17831.8
attention,1024,256,2,16384,1,17840.1
attention,1024,256,4,16,1,17957.7
attention,1024,256,4,32,1,17976.5
attention,1024,256,4,64,1,17958
attention,1024,256,4,128,1,17947
attention,1024,256,4,256,1,17991.6
attention,1024,256,4,512,1,17955.2
attention,1024,256,4,1024,1,17860.6
attention,1024,256,4,2048,1,17782.9
attention,1024,256,4,4096,1,17781.2
attention,1024,256,4,8192,1,17792.4
attention,1024,256,4,16384,1,17783.4
attention,1024,256,8,16,1,18048.4
attention,1024,256,8,32,1,18015.8
attention,1024,256,8,64,1,18008.2
attention,1024,256,8,128,1,18051.3
attention,1024,256,8,256,1,18055.9
attention,1024,256,8,512,1,18002.7
attention,1024,256,8,1024,1,17946.3
attention,1024,256,8,2048,1,17796.4
attention,1024,256,8,4096,1,17824.6
attention,1024,256,8,8192,1,17788.4
attention,1024,256,8,16384,1,17829.7
attention,1024,256,16,16,1,18254.4
attention,1024,256,16,32,1,18256.4
attention,1024,256,16,64,1,18272.9
attention,1024,256,16,128,1,18264.9
attention,1024,256,16,256,1,18350.7
attention,1024,256,16,512,1,18134.3
attention,1024,256,16,1024,1,18056.9
attention,1024,256,16,2048,1,17784.3
attention,1024,256,16,4096,1,17811.4
attention,1024,256,16,8192,1,17802.8
attention,1024,256,16,16384,1,17803.5
attention,1024,256,32,16,1,18692.8
attention,1024,256,32,32,1,18657.5
attention,1024,256,32,64,1,18601.8
attention,1024,256,32,128,1,18636.9
attention,1024,256,32,256,1,18626.8
attention,1024,256,32,512,1,18387.2
attention,1024,256,32,1024,1,18271.7
attention,1024,256,32,2048,1,17842.6
attention,1024,256,32,4096,1,17827.7
attention,1024,256,32,8192,1,17826.3
attention,1024,256,32,16384,1,17811.5
attention,1024,256,64,16,1,19240.9
attention,1024,256,64,32,1,19221
attention,1024,256,64,64,1,19200.8
attention,1024,256,64,128,1,19200.4
attention,1024,256,64,256,1,19167.9
attention,1024,256,64,512,1,18986.8
attention,1024,256,64,1024,1,18633.7
attention,1024,256,64,2048,1,17902.4
attention,1024,256,64,4096,1,17875.5
attention,1024,256,64,8192,1,17859.5
attention,1024,256,64,16384,1,17845.1
attention,1024,256,128,16,1,21198.5
attention,1024,256,128,32,1,21156.4
attention,1024,256,128,64,1,21200
attention,1024,256,128,128,1,20980.8
attention,1024,256,128,256,1,20779.7
attention,1024,256,128,512,1,20370.1
attention,1024,256,128,1024,1,19742.4
attention,1024,256,128,2048,1,18382.8
attention,1024,256,128,4096,1,18385.8
attention,1024,256,128,8192,1,18373.5
attention,1024,256,128,16384,1,18345.8
attention,1024,512,0,0,1,15076.9
attention,1024,512,1,16,1,15155.9
attention,1024,512,1,32,1,15143.8
attention,1024,512,1,64,1,15155.3
attention,1024,512,1,128,1,15161.7
attention,1024,512,1,256,1,15158.6
attention,1024,512,1,512,1,15177.8
attention,1024,512,1,1024,1,15146.2
attention,1024,512,1,2048,1,15125
attention,1024,512,1,4096,1,15113.4
attention,1024,512,1,8192,1,15097
attention,1024,512,1,16384,1,15124
attention,1024,512,2,16,1,15167.9
attention,1024,512,2,32,1,15184.6
attention,1024,512,2,64,1,15191.8
attention,1024,512,2,128,1,15181.1
attention,1024,512,2,256,1,15180.5
attention,1024,512,2,512,1,15197.5
attention,1024,512,2,1024,1,15123.9
attention,1024,512,2,2048,1,15117.8
attention,1024,512,2,4096,1,15136.3
attention,1024,512,2,8192,1,15135.3
attention,1024,512,2,16384,1,15131.6
attention,1024,512,4,16,1,15202.9
attention,1024,512,4,32,1,15207.6
attention,1024,512,4,64,1,15247.5
attention,1024,512,4,128,1,15190.3
attention,1024,512,4,256,1,15223.2
attention,1024,512,4,512,1,15237.8
attention,1024,512,4,1024,1,15152.7
attention,1024,512,4,2048,1,15061.6
attention,1024,512,4,4096,1,15027.6
attention,1024,512,4,8192,1,15092.9
attention,1024,512,4,16384,1,15047.4
attention,1024,512,8,16,1,15282.6
attention,1024,512,8,32,1,15253.6
attention,1024,512,8,64,1,15288.3
attention,1024,512,8,128,1,15292.9
attention,1024,512,8,256,1,15349.2
attention,1024,512,8,512,1,15287.9
attention,1024,512,8,1024,1,15212.7
attention,1024,512,8,2048,1,15027.8
attention,1024,512,8,4096,1,15062.1
attention,1024,512,8,8192,1,15050.9
attention,1024,512,8,16384,1,15022.8
attention,1024,512,16,16,1,15319.1
attention,1024,512,16,32,1,15381.6
attention,1024,512,16,64,1,15402.6
attention,1024,512,16,128,1,15368.1
attention,1024,512,16,256,1,15381.8
attention,1024,512,16,512,1,15501.3
attention,1024,512,16,1024,1,15136.9
attention,1024,512,16,2048,1,14989.2
attention,1024,512,16,4096,1,14977.6
attention,1024,512,16,8192,1,14975.1
attention,1024,512,16,16384,1,14969
attention,1024,512,32,16,1,15812.5
attention,1024,512,32,32,1,15766.1
attention,1024,512,32,64,1,15764.5
attention,1024,512,32,128,1,15812.7
attention,1024,512,32,256,1,15908.6
attention,1024,512,32,512,1,15892.2
attention,1024,512,32,1024,1,15177.2
attention,1024,512,32,2048,1,14776.2
attention,1024,512,32,4096,1,14781.2
attention,1024,512,32,8192,1,14798.8
attention,1024,512,32,16384,1,14789.2
attention,1024,512,64,16,1,16279.6
attention,1024,512,64,32,1,16206.9
attention,1024,512,64,64,1,16139.1
attention,1024,512,64,128,1,16149.5
attention,1024,512,64,256,1,16232.8
attention,1024,512,64,512,1,16407.8
attention,1024,512,64,1024,1,15815.5
attention,1024,512,64,2048,1,15108.3
attention,1024,512,64,4096,1,15114.1
attention,1024,512,64,8192,1,15118.5
attention,1024,512,64,16384,1,15075.8
attention,1024,512,128,16,1,18284.2
attention,1024,512,128,32,1,18158.5
attention,1024,512,128,64,1,18158.2
attention,1024,512,128,128,1,17957
attention,1024,512,128,256,1,17840.2
attention,1024,512,128,512,1,17404
attention,1024,512,128,1024,1,16680.1
attention,1024,512,128,2048,1,15319.8
attention,1024,512,128,4096,1,15306.7
attention,1024,512,128,8192,1,15295.8
attention,1024,512,128,16384,1,15286.3
attention,1024,1024,0,0,1,10636.2
attention,1024,1024,1,16,1,10784.7
attention,1024,1024,1,32,1,10743
attention,1024,1024,1,64,1,10781.4
attention,1024,1024,1,128,1,10804.1
attention,1024,1024,1,256,1,10761.7
attention,1024,1024,1,512,1,10766.5
attention,1024,1024,1,1024,1,10789.4
attention,1024,1024,1,2048,1,10764.2
attention,1024,1024,1,4096,1,10778.4
attention,1024,1024,1,8192,1,10755.6
attention,1024,1024,1,16384,1,10728.4
attention,1024,1024,2,16,1,10812.3
attention,1024,1024,2,32,1,10807.7
attention,1024,1024,2,64,1,10813.5
attention,1024,1024,2,128,1,10772.7
attention,1024,1024,2,256,1,10798
attention,1024,1024,2,512,1,10821.4
attention,1024,1024,2,1024,1,10808.9
attention,1024,1024,2,2048,1,10638.9
attention,1024,1024,2,4096,1,10657.8
attention,1024,1024,2,8192,1,10670.7
attention,1024,1024,2,16384,1,10625.1
attention,1024,1024,4,16,1,10854.8
attention,1024,1024,4,32,1,10812.9
attention,1024,1024,4,64,1,10832.7
attention,1024,1024,4,128,1,10822.4
attention,1024,1024,4,256,1,10874.9
attention,1024,1024,4,512,1,10858.4
attention,1024,1024,4,1024,1,10861.3
attention,1024,1024,4,2048,1,10652.4
attention,1024,1024,4,4096,1,10667.3
attention,1024,1024,4,8192,1,10623.7
attention,1024,1024,4,16384,1,10603.6
attention,1024,1024,8,16,1,10888
attention,1024,1024,8,32,1,10872.6
attention,1024,1024,8,64,1,10892.5
attention,1024,1024,8,128,1,10903.8
attention,1024,1024,8,256,1,10887.5
attention,1024,1024,8,512,1,10945.1
attention,1024,1024,8,1024,1,10918
attention,1024,1024,8,2048,1,10710.1
attention,1024,1024,8,4096,1,10705.5
attention,1024,1024,8,8192,1,10696.1
attention,1024,1024,8,16384,1,10681.4
attention,1024,1024,16,16,1,10995.2
attention,1024,1024,16,32,1,10976.1
attention,1024,1024,16,64,1,10959.1
attention,1024,1024,16,128,1,10963
attention,1024,1024,16,256,1,10949.4
attention,1024,1024,16,512,1,10972.3
attention,1024,1024,16,1024,1,11074.2
attention,1024,1024,16,2048,1,10471.6
attention,1024,1024,16,4096,1,10517.7
attention,1024,1024,16,8192,1,10522.7
attention,1024,1024,16,16384,1,10490.5
attention,1024,1024,32,16,1,11013.1
attention,1024,1024,32,32,1,11014.3
attention,1024,1024,32,64,1,11034.8
attention,1024,1024,32,128,1,11024.9
attention,1024,1024,32,256,1,11059.9
attention,1024,1024,32,512,1,11096.5
attention,1024,1024,32,1024,1,11128.3
attention,1024,1024,32,2048,1,10233.8
attention,1024,1024,32,4096,1,10260.5
attention,1024,1024,32,8192,1,10277
attention,1024,1024,32,16384,1,10240.6
attention,1024,1024,64,16,1,11293.5
attention,1024,1024,64,32,1,11266.7
attention,1024,1024,64,64,1,11028
attention,1024,1024,64,128,1,11016.5
attention,1024,1024,64,256,1,10902.3
attention,1024,1024,64,512,1,10989.1
attention,1024,1024,64,1024,1,11436.4
attention,1024,1024,64,2048,1,10471.9
attention,1024,1024,64,4096,1,10471.3
attention,1024,1024,64,8192,1,10462.9
attention,1024,1024,64,16384,1,10434.6
attention,1024,1024,128,16,1,13691.4
attention,1024,1024,128,32,1,13621.6
attention,1024,1024,128,64,1,13565.9
attention,1024,1024,128,128,1,13417.7
attention,1024,1024,128,256,1,13148.2
attention,1024,1024,128,512,1,12926.1
attention,1024,1024,128,1024,1,12378.2
attention,1024,1024,128,2048,1,10291.6
attention,1024,1024,128,4096,1,10265.4
attention,1024,1024,128,8192,1,10260.8
attention,1024,1024,128,16384,1,10232.8
attention,1024,2048,0,0,1,7007.55
attention,1024,2048,1,16,1,7084.44
attention,1024,2048,1,32,1,7082.11
attention,1024,2048,1,64,1,7081.31
attention,1024,2048,1,128,1,7079.87
attention,1024,2048,1,256,1,7084.32
attention,1024,2048,1,512,1,7083.61
attention,1024,2048,1,1024,1,7081.2
attention,1024,2048,1,2048,1,7083.57
attention,1024,2048,1,4096,1,7079.84
attention,1024,2048,1,8192,1,7082.55
attention,1024,2048,1,16384,1,7084.25
attention,1024,2048,2,16,1,7080.04
attention,1024,2048,2,32,1,7081.47
attention,1024,2048,2,64,1,7080.83
attention,1024,2048,2,128,1,7080.29
attention,1024,2048,2,256,1,7082.09
attention,1024,2048,2,512,1,7081.77
attention,1024,2048,2,1024,1,7082.35
attention,1024,2048,2,2048,1,7082.89
attention,1024,2048,2,4096,1,7081.65
attention,1024,2048,2,8192,1,7079.88
attention,1024,2048,2,16384,1,7080.56
attention,1024,2048,4,16,1,7083.27
attention,1024,2048,4,32,1,7084.12
attention,1024,2048,4,64,1,7080.45
attention,1024,2048,4,128,1,7082.54
attention,1024,2048,4,256,1,7086.75
attention,1024,2048,4,512,1,7085.47
attention,1024,2048,4,1024,1,7086.1
attention,1024,2048,4,2048,1,7084.28
attention,1024,2048,4,4096,1,7082.84
attention,1024,2048,4,8192,1,7084.43
attention,1024,2048,4,16384,1,7082.79
attention,1024,2048,8,16,1,7086.17
attention,1024,2048,8,32,1,7082.54
attention,1024,2048,8,64,1,7084.45
attention,1024,2048,8,128,1,7086.3
attention,1024,2048,8,256,1,7083.95
attention,1024,2048,8,512,1,7085.81
attention,1024,2048,8,1024,1,7090.12
attention,1024,2048,8,2048,1,7090.67
attention,1024,2048,8,4096,1,7088.01
attention,1024,2048,8,8192,1,7090.72
attention,1024,2048,8,16384,1,7087.55
attention,1024,2048,16,16,1,7618.8
attention,1024,2048,16,32,1,7618.43
attention,1024,2048,16,64,1,7620.23
attention,1024,2048,16,128,1,7619.13
attention,1024,2048,16,256,1,7616.77
attention,1024,2048,16,512,1,7621.84
attention,1024,2048,16,1024,1,7623.26
attention,1024,2048,16,2048,1,7622.48
attention,1024,2048,16,4096,1,7623.33
attention,1024,2048,16,8192,1,7622.06
attention,1024,2048,16,16384,1,7624.91
attention,1024,2048,32,16,1,7640.57
attention,1024,2048,32,32,1,7640.4
attention,1024,2048,32,64,1,7640.27
attention,1024,2048,32,128,1,7643.25
attention,1024,2048,32,256,1,7641.44
attention,1024,2048,32,512,1,7642.33
attention,1024,2048,32,1024,1,7641.45
attention,1024,2048,32,2048,1,7647.17
attention,1024,2048,32,4096,1,7648.3
attention,1024,2048,32,8192,1,7649.01
attention,1024,2048,32,16384,1,7650.5
attention,1024,2048,64,16,1,8278.56
attention,1024,2048,64,32,1,8267.34
attention,1024,2048,64,64,1,8253.05
attention,1024,2048,64,128,1,8247.35
attention,1024,2048,64,256,1,8215.11
attention,1024,2048,64,512,1,8214.37
attention,1024,2048,64,1024,1,8201.51
attention,1024,2048,64,2048,1,7684.56
attention,1024,2048,64,4096,1,7689.48
attention,1024,2048,64,8192,1,7683.79
attention,1024,2048,64,16384,1,7663.56
attention,1024,2048,128,16,1,10164
attention,1024,2048,128,32,1,10143.5
attention,1024,2048,128,64,1,10116.6
attention,1024,2048,128,128,1,10068.4
attention,1024,2048,128,256,1,9947.36
attention,1024,2048,128,512,1,9694.29
attention,1024,2048,128,1024,1,9222.86
attention,1024,2048,128,2048,1,8302.31
attention,1024,2048,128,4096,1,8293.57
attention,1024,2048,128,8192,1,8267.83
attention,1024,2048,128,16384,1,8250.78
attention,1024,4096,0,0,1,7008.94
attention,1024,4096,1,16,1,7085.18
attention,1024,4096,1,32,1,7082.87
attention,1024,4096,1,64,1,7087.25
attention,1024,4096,1,128,1,7082.38
attention,1024,4096,1,256,1,7083.1
attention,1024,4096,1,512,1,7082.65
attention,1024,4096,1,1024,1,7083.2
attention,1024,4096,1,2048,1,7084.51
attention,1024,4096,1,4096,1,7085.4
attention,1024,4096,1,8192,1,7086.96
attention,1024,4096,1,16384,1,7081.17
attention,1024,4096,2,16,1,7078.16
attention,1024,4096,2,32,1,7079
attention,1024,4096,2,64,1,7080.32
attention,1024,4096,2,128,1,7086.48
attention,1024,4096,2,256,1,7082.73
attention,1024,4096,2,512,1,7083.98
attention,1024,4096,2,1024,1,7082.49
attention,1024,4096,2,2048,1,7082.92
attention,1024,4096,2,4096,1,7085.12
attention,1024,4096,2,8192,1,7085.76
attention,1024,4096,2,16384,1,7088.13
attention,1024,4096,4,16,1,7082.59
attention,1024,4096,4,32,1,7081.12
attention,1024,4096,4,64,1,7081.86
attention,1024,4096,4,128,1,7085.29
attention,1024,4096,4,256,1,7085.77
attention,1024,4096,4,512,1,7082.37
attention,1024,4096,4,1024,1,7088.4
attention,1024,4096,4,2048,1,7089.84
attention,1024,4096,4,4096,1,7088.85
attention,1024,4096,4,8192,1,7088.72
attention,1024,4096,4,16384,1,7084.25
attention,1024,4096,8,16,1,7085.54
attention,1024,4096,8,32,1,7085.86
attention,1024,4096,8,64,1,7088.79
attention,1024,4096,8,128,1,7087.75
attention,1024,4096,8,256,1,7086.14
attention,1024,4096,8,512,1,7085.05
attention,1024,4096,8,1024,1,7090.12
attention,1024,4096,8,2048,1,7096.15
attention,1024,4096,8,4096,1,7087.53
attention,1024,4096,8,8192,1,7092.03
attention,1024,4096,8,16384,1,7088.13
attention,1024,4096,16,16,1,7621.15
attention,1024,4096,16,32,1,7621.25
attention,1024,4096,16,64,1,7618.37
attention,1024,4096,16,128,1,7621.08
attention,1024,4096,16,256,1,7619.59
attention,1024,4096,16,512,1,7624.6
attention,1024,4096,16,1024,1,7624.81
attention,1024,4096,16,2048,1,7628.39
attention,1024,4096,16,4096,1,7626.83
attention,1024,4096,16,8192,1,7622.49
attention,1024,4096,16,16384,1,7621.9
attention,1024,4096,32,16,1,7642.21
attention,1024,4096,32,32,1,7640.48
attention,1024,4096,32,64,1,7642.16
attention,1024,4096,32,128,1,7642
attention,1024,4096,32,256,1,7642.96
attention,1024,4096,32,512,1,7642.75
attention,1024,4096,32,1024,1,7642.59
attention,1024,4096,32,2048,1,7649.56
attention,1024,4096,32,4096,1,7648.32
attention,1024,4096,32,8192,1,7648.99
attention,1024,4096,32,16384,1,7650.54
attention,1024,4096,64,16,1,8280.4
attention,1024,4096,64,32,1,8269.55
attention,1024,4096,64,64,1,8251.59
attention,1024,4096,64,128,1,8250.05
attention,1024,4096,64,256,1,8216.73
attention,1024,4096,64,512,1,8212.99
attention,1024,4096,64,1024,1,8206.83
attention,1024,4096,64,2048,1,7683.82
attention,1024,4096,64,4096,1,7687.71
attention,1024,4096,64,8192,1,7685.42
attention,1024,4096,64,16384,1,7663.74
attention,1024,4096,128,16,1,10164.9
attention,1024,4096,128,32,1,10144.4
attention,1024,4096,128,64,1,10121.4
attention,1024,4096,128,128,1,10071.7
attention,1024,4096,128,256,1,9947.94
attention,1024,4096,128,512,1,9697.53
attention,1024,4096,128,1024,1,9227.33
attention,1024,4096,128,2048,1,8301.09
attention,1024,4096,128,4096,1,8299.37
attention,1024,4096,128,8192,1,8269.44
attention,1024,4096,128,16384,1,8253.28
attention,1024,8192,0,0,1,6986.42
attention,1024,8192,1,16,1,7077.9
attention,1024,8192,1,32,1,7076.21
attention,1024,8192,1,64,1,7080
attention,1024,8192,1,128,1,7076.66
attention,1024,8192,1,256,1,7076.75
attention,1024,8192,1,512,1,7076.6
attention,1024,8192,1,1024,1,7078.27
attention,1024,8192,1,2048,1,7080.65
attention,1024,8192,1,4096,1,7081.68
attention,1024,8192,1,8192,1,7080.84
attention,1024,8192,1,16384,1,7078.07
attention,1024,8192,2,16,1,7079.65
attention,1024,8192,2,32,1,7075.17
attention,1024,8192,2,64,1,7072.62
attention,1024,8192,2,128,1,7078.94
attention,1024,8192,2,256,1,7078.78
attention,1024,8192,2,512,1,7077.54
attention,1024,8192,2,1024,1,7074.69
attention,1024,8192,2,2048,1,7077.07
attention,1024,8192,2,4096,1,7077.31
attention,1024,8192,2,8192,1,7079.87
attention,1024,8192,2,16384,1,7082.66
attention,1024,8192,4,16,1,7077.57
attention,1024,8192,4,32,1,7082.46
attention,1024,8192,4,64,1,7078.01
attention,1024,8192,4,128,1,7081.32
attention,1024,8192,4,256,1,7082.75
attention,1024,8192,4,512,1,7080
attention,1024,8192,4,1024,1,7081.76
attention,1024,8192,4,2048,1,7083
attention,1024,8192,4,4096,1,7083.24
attention,1024,8192,4,8192,1,7078.83
attention,1024,8192,4,16384,1,7080.48
attention,1024,8192,8,16,1,7080.92
attention,1024,8192,8,32,1,7077.45
attention,1024,8192,8,64,1,7081.23
attention,1024,8192,8,128,1,7080.26
attention,1024,8192,8,256,1,7086.11
attention,1024,8192,8,512,1,7079.48
attention,1024,8192,8,1024,1,7081.42
attention,1024,8192,8,2048,1,7085.23
attention,1024,8192,8,4096,1,7088.68
attention,1024,8192,8,8192,1,7087.43
attention,1024,8192,8,16384,1,7089.69
attention,1024,8192,16,16,1,7615.74
attention,1024,8192,16,32,1,7613.8
attention,1024,8192,16,64,1,7615.72
attention,1024,8192,16,128,1,7615.54
attention,1024,8192,16,256,1,7615.25
attention,1024,8192,16,512,1,7614.54
attention,1024,8192,16,1024,1,7616.88
attention,1024,8192,16,2048,1,7620.92
attention,1024,8192,16,4096,1,7624.12
attention,1024,8192,16,8192,1,7626.26
attention,1024,8192,16,16384,1,7622.73
attention,1024,8192,32,16,1,7634.82
attention,1024,8192,32,32,1,7639.58
attention,1024,8192,32,64,1,7633.6
attention,1024,8192,32,128,1,7638.37
attention,1024,8192,32,256,1,7637.84
attention,1024,8192,32,512,1,7635.52
attention,1024,8192,32,1024,1,7636.29
attention,1024,8192,32,2048,1,7644.6
attention,1024,8192,32,4096,1,7648.74
attention,1024,8192,32,8192,1,7645.29
attention,1024,8192,32,16384,1,7645.52
attention,1024,8192,64,16,1,8274.28
attention,1024,8192,64,32,1,8264
attention,1024,8192,64,64,1,8241.42
attention,1024,8192,64,128,1,8243.37
attention,1024,8192,64,256,1,8212.33
attention,1024,8192,64,512,1,8212.32
attention,1024,8192,64,1024,1,8201.97
attention,1024,8192,64,2048,1,7685.66
attention,1024,8192,64,4096,1,7685.22
attention,1024,8192,64,8192,1,7680.26
attention,1024,8192,64,16384,1,7659.9
attention,1024,8192,128,16,1,10166
attention,1024,8192,128,32,1,10148.1
attention,1024,8192,128,64,1,10119
attention,1024,8192,128,128,1,10066
attention,1024,8192,128,256,1,9947.43
attention,1024,8192,128,512,1,9697.92
attention,1024,8192,128,1024,1,9226.18
attention,1024,8192,128,2048,1,8299.77
attention,1024,8192,128,4096,1,8297.29
attention,1024,8192,128,8192,1,8269.07
attention,1024,8192,128,16384,1,8250.4
attention,1024,16384,0,0,1,7023.55
attention,1024,16384,1,16,1,7091.88
attention,1024,16384,1,32,1,7090.78
attention,1024,16384,1,64,1,7094.82
attention,1024,16384,1,128,1,7089.22
attention,1024,16384,1,256,1,7090.65
attention,1024,16384,1,512,1,7090.27
attention,1024,16384,1,1024,1,7090.93
attention,1024,16384,1,2048,1,7088.9
attention,1024,16384,1,4096,1,7093.83
attention,1024,16384,1,8192,1,7090.81
attention,1024,16384,1,16384,1,7087.22
attention,1024,16384,2,16,1,7088.38
attention,1024,16384,2,32,1,7087.9
attention,1024,16384,2,64,1,7091.79
attention,1024,16384,2,128,1,7089.63
attention,1024,16384,2,256,1,7091.3
attention,1024,16384,2,512,1,7090.1
attention,1024,16384,2,1024,1,7088.18
attention,1024,16384,2,2048,1,7090.32
attention,1024,16384,2,4096,1,7089.52
attention,1024,16384,2,8192,1,7091.04
attention,1024,16384,2,16384,1,7085.61
attention,1024,16384,4,16,1,7091.87
attention,1024,16384,4,32,1,7090.76
attention,1024,16384,4,64,1,7094.3
attention,1024,16384,4,128,1,7091.18
attention,1024,16384,4,256,1,7093.4
attention,1024,16384,4,512,1,7091.48
attention,1024,16384,4,1024,1,7093.63
attention,1024,16384,4,2048,1,7094.53
attention,1024,16384,4,4096,1,7091.15
attention,1024,16384,4,8192,1,7088.85
attention,1024,16384,4,16384,1,7087.81
attention,1024,16384,8,16,1,7094.65
attention,1024,16384,8,32,1,7093.57
attention,1024,16384,8,64,1,7089.52
attention,1024,16384,8,128,1,7094.12
attention,1024,16384,8,256,1,7092.53
attention,1024,16384,8,512,1,7095.44
attention,1024,16384,8,1024,1,7095.64
attention,1024,16384,8,2048,1,7095.53
attention,1024,16384,8,4096,1,7094.74
attention,1024,16384,8,8192,1,7093
attention,1024,16384,8,16384,1,7090.49
attention,1024,16384,16,16,1,7624.98
attention,1024,16384,16,32,1,7625.88
attention,1024,16384,16,64,1,7629.2
attention,1024,16384,16,128,1,7629.3
attention,1024,16384,16,256,1,7628.9
attention,1024,16384,16,512,1,7627.53
attention,1024,16384,16,1024,1,7627.44
attention,1024,16384,16,2048,1,7631.3
attention,1024,16384,16,4096,1,7630.6
attention,1024,16384,16,8192,1,7629.91
attention,1024,16384,16,16384,1,7627.73
attention,1024,16384,32,16,1,7650.91
attention,1024,16384,32,32,1,7649.65
attention,1024,16384,32,64,1,7648.7
attention,1024,16384,32,128,1,7649.34
attention,1024,16384,32,256,1,7647.54
attention,1024,16384,32,512,1,7648.36
attention,1024,16384,32,1024,1,7649.53
attention,1024,16384,32,2048,1,7653.81
attention,1024,16384,32,4096,1,7654.89
attention,1024,16384,32,8192,1,7650.56
attention,1024,16384,32,16384,1,7655.94
attention,1024,16384,64,16,1,8284.72
attention,1024,16384,64,32,1,8272.72
attention,1024,16384,64,64,1,8253.95
attention,1024,16384,64,128,1,8253.85
attention,1024,16384,64,256,1,8226.8
attention,1024,16384,64,512,1,8222.06
attention,1024,16384,64,1024,1,8209.85
attention,1024,16384,64,2048,1,7688.58
attention,1024,16384,64,4096,1,7690.19
attention,1024,16384,64,8192,1,7689.13
attention,1024,16384,64,16384,1,7665.84
attention,1024,16384,128,16,1,10170.6
attention,1024,16384,128,32,1,10152.4
attention,1024,16384,128,64,1,10127
attention,1024,16384,128,128,1,10074.1
attention,1024,16384,128,256,1,9952
attention,1024,16384,128,512,1,9699.11
attention,1024,16384,128,1024,1,9224.71
attention,1024,16384,128,2048,1,8298.63
attention,1024,16384,128,4096,1,8298.86
attention,1024,16384,128,8192,1,8272.44
attention,1024,16384,128,16384,1,8259.63
attention,2048,0,0,0,1,30470.9
attention,2048,0,1,16,1,30512
attention,2048,0,1,32,1,30545.3
attention,2048,0,1,64,1,30516.1
attention,2048,0,1,128,1,30533.5
attention,2048,0,1,256,1,30527.5
attention,2048,0,1,512,1,30482.2
attention,2048,0,1,1024,1,30495.6
attention,2048,0,1,2048,1,30487.9
attention,2048,0,1,4096,1,30487.6
attention,2048,0,1,8192,1,30506.6
attention,2048,0,1,16384,1,30527.3
attention,2048,0,2,16,1,30559.7
attention,2048,0,2,32,1,30564.3
attention,2048,0,2,64,1,30526.8
attention,2048,0,2,128,1,30557
attention,2048,0,2,256,1,30549.5
attention,2048,0,2,512,1,30541.1
attention,2048,0,2,1024,1,30507.1
attention,2048,0,2,2048,1,30515.2
attention,2048,0,2,4096,1,30540.2
attention,2048,0,2,8192,1,30512.3
attention,2048,0,2,16384,1,30506.1
attention,2048,0,4,16,1,30613.8
attention,2048,0,4,32,1,30633.9
attention,2048,0,4,64,1,30581.7
attention,2048,0,4,128,1,30621.6
attention,2048,0,4,256,1,30585.3
attention,2048,0,4,512,1,30513.1
attention,2048,0,4,1024,1,30527
attention,2048,0,4,2048,1,30511.2
attention,2048,0,4,4096,1,30512
attention,2048,0,4,8192,1,30496.9
attention,2048,0,4,16384,1,30517.7
attention,2048,0,8,16,1,30732.4
attention,2048,0,8,32,1,30746.7
attention,2048,0,8,64,1,30729.9
attention,2048,0,8,128,1,30689.4
attention,2048,0,8,256,1,30646.7
attention,2048,0,8,512,1,30645.1
attention,2048,0,8,1024,1,30549.2
attention,2048,0,8,2048,1,30494.4
attention,2048,0,8,4096,1,30481.6
attention,2048,0,8,8192,1,30502.1
attention,2048,0,8,16384,1,30518.2
attention,2048,0,16,16,1,31027.5
attention,2048,0,16,32,1,31070.4
attention,2048,0,16,64,1,30960
attention,2048,0,16,128,1,30878.1
attention,2048,0,16,256,1,30859.5
attention,2048,0,16,512,1,30755.4
attention,2048,0,16,1024,1,30623.8
attention,2048,0,16,2048,1,30389.3
attention,2048,0,16,4096,1,30380.3
attention,2048,0,16,8192,1,30391.4
attention,2048,0,16,16384,1,30356.8
attention,2048,0,32,16,1,31355.4
attention,2048,0,32,32,1,31442.5
attention,2048,0,32,64,1,31321.1
attention,2048,0,32,128,1,31246.3
attention,2048,0,32,256,1,30928.6
attention,2048,0,32,512,1,30786.3
attention,2048,0,32,1024,1,30490.6
attention,2048,0,32,2048,1,30175.6
attention,2048,0,32,4096,1,30151.8
attention,2048,0,32,8192,1,30159.8
attention,2048,0,32,16384,1,30141.3
attention,2048,0,64,16,1,32339.9
attention,2048,0,64,32,1,32362
attention,2048,0,64,64,1,32076.2
attention,2048,0,64,128,1,32180.5
attention,2048,0,64,256,1,32099
attention,2048,0,64,512,1,31917.1
attention,2048,0,64,1024,1,31470.7
attention,2048,0,64,2048,1,30517.3
attention,2048,0,64,4096,1,30505.4
attention,2048,0,64,8192,1,30536.1
attention,2048,0,64,16384,1,30463.8
attention,2048,0,128,16,1,33779.3
attention,2048,0,128,32,1,33880.7
attention,2048,0,128,64,1,33659.1
attention,2048,0,128,128,1,33631.2
attention,2048,0,128,256,1,33348
attention,2048,0,128,512,1,32997.4
attention,2048,0,128,1024,1,32180.1
attention,2048,0,128,2048,1,30774.9
attention,2048,0,128,4096,1,30802.5
attention,2048,0,128,8192,1,30731
attention,2048,0,128,16384,1,30748.1
attention,2048,16,0,0,1,30063.3
attention,2048,16,1,16,1,30130.7
attention,2048,16,1,32,1,30129.5
attention,2048,16,1,64,1,30127.6
attention,2048,16,1,128,1,30086.8
attention,2048,16,1,256,1,30082.4
attention,2048,16,1,512,1,30107.2
attention,2048,16,1,1024,1,30118.3
attention,2048,16,1,2048,1,30081.5
attention,2048,16,1,4096,1,30079.7
attention,2048,16,1,8192,1,30112.1
attention,2048,16,1,16384,1,30103.6
attention,2048,16,2,16,1,30124.7
attention,2048,16,2,32,1,30107.7
attention,2048,16,2,64,1,30139.3
attention,2048,16,2,128,1,30163.4
attention,2048,16,2,256,1,30148.6
attention,2048,16,2,512,1,30100.2
attention,2048,16,2,1024,1,30125.7
attention,2048,16,2,2048,1,30071.5
attention,2048,16,2,4096,1,30113.1
attention,2048,16,2,8192,1,30101
attention,2048,16,2,16384,1,30084.3
attention,2048,16,4,16,1,30175.9
attention,2048,16,4,32,1,30231.1
attention,2048,16,4,64,1,30182.8
attention,2048,16,4,128,1,30135.2
attention,2048,16,4,256,1,30240.5
attention,2048,16,4,512,1,30200.1
attention,2048,16,4,1024,1,30192.3
attention,2048,16,4,2048,1,30125.4
attention,2048,16,4,4096,1,30125.6
attention,2048,16,4,8192,1,30110.6
attention,2048,16,4,16384,1,30088.8
attention,2048,16,8,16,1,30306
attention,2048,16,8,32,1,30304
attention,2048,16,8,64,1,30331.5
attention,2048,16,8,128,1,30365.7
attention,2048,16,8,256,1,30237.5
attention,2048,16,8,512,1,30234.2
attention,2048,16,8,1024,1,30188
attention,2048,16,8,2048,1,30100.2
attention,2048,16,8,4096,1,30076.3
attention,2048,16,8,8192,1,30081.7
attention,2048,16,8,16384,1,30081.4
attention,2048,16,16,16,1,30604.3
attention,2048,16,16,32,1,30617.4
attention,2048,16,16,64,1,30556.4
attention,2048,16,16,128,1,30476.3
attention,2048,16,16,256,1,30458.3
attention,2048,16,16,512,1,30480.2
attention,2048,16,16,1024,1,30402.7
attention,2048,16,16,2048,1,30254.1
attention,2048,16,16,4096,1,30221.9
attention,2048,16,16,8192,1,30246
attention,2048,16,16,16384,1,30170.7
attention,2048,16,32,16,1,31186.6
attention,2048,16,32,32,1,31200.6
attention,2048,16,32,64,1,31035.4
attention,2048,16,32,128,1,31137
attention,2048,16,32,256,1,31040.7
attention,2048,16,32,512,1,30819.1
attention,2048,16,32,1024,1,30535.9
attention,2048,16,32,2048,1,30092.7
attention,2048,16,32,4096,1,30144.5
attention,2048,16,32,8192,1,30083.1
attention,2048,16,32,16384,1,30158.2
attention,2048,16,64,16,1,32032.7
attention,2048,16,64,32,1,32036.2
attention,2048,16,64,64,1,31896.8
attention,2048,16,64,128,1,32001
attention,2048,16,64,256,1,31780.4
attention,2048,16,64,512,1,31719.3
attention,2048,16,64,1024,1,31103.8
attention,2048,16,64,2048,1,30309.2
attention,2048,16,64,4096,1,30284.5
attention,2048,16,64,8192,1,30296.8
attention,2048,16,64,16384,1,30334.4
attention,2048,16,128,16,1,33611.4
attention,2048,16,128,32,1,33532.9
attention,2048,16,128,64,1,33517.7
attention,2048,16,128,128,1,33489
attention,2048,16,128,256,1,32971.1
attention,2048,16,128,512,1,32731.1
attention,2048,16,128,1024,1,31948
attention,2048,16,128,2048,1,30439.4
attention,2048,16,128,4096,1,30480.1
attention,2048,16,128,8192,1,30431.8
attention,2048,16,128,16384,1,30459.4
attention,2048,32,0,0,1,29873.2
attention,2048,32,1,16,1,29953.5
attention,2048,32,1,32,1,29941.3
attention,2048,32,1,64,1,29926.1
attention,2048,32,1,128,1,29909.9
attention,2048,32,1,256,1,29940.1
attention,2048,32,1,512,1,29905.9
attention,2048,32,1,1024,1,29939.6
attention,2048,32,1,2048,1,29970.1
attention,2048,32,1,4096,1,29897.1
attention,2048,32,1,8192,1,29904.5
attention,2048,32,1,16384,1,29909.7
attention,2048,32,2,16,1,30057.3
attention,2048,32,2,32,1,30003.8
attention,2048,32,2,64,1,29965.4
attention,2048,32,2,128,1,29983.8
attention,2048,32,2,256,1,30005.7
attention,2048,32,2,512,1,29988.3
attention,2048,32,2,1024,1,29979.4
attention,2048,32,2,2048,1,29954.8
attention,2048,32,2,4096,1,29972.5
attention,2048,32,2,8192,1,29911.8
attention,2048,32,2,16384,1,29950.2
attention,2048,32,4,16,1,30131.1
attention,2048,32,4,32,1,30068.9
attention,2048,32,4,64,1,30065
attention,2048,32,4,128,1,30008.2
attention,2048,32,4,256,1,30011.4
attention,2048,32,4,512,1,30020.8
attention,2048,32,4,1024,1,29967.9
attention,2048,32,4,2048,1,29970.7
attention,2048,32,4,4096,1,29927.6
attention,2048,32,4,8192,1,29944.4
attention,2048,32,4,16384,1,29944.4
attention,2048,32,8,16,1,30073.5
attention,2048,32,8,32,1,30030.5
attention,2048,32,8,64,1,30090.3
attention,2048,32,8,128,1,30210.5
attention,2048,32,8,256,1,30059.4
attention,2048,32,8,512,1,30023.4
attention,2048,32,8,1024,1,29961.1
attention,2048,32,8,2048,1,29862.7
attention,2048,32,8,4096,1,29891
attention,2048,32,8,8192,1,29880.8
attention,2048,32,8,16384,1,29908.1
attention,2048,32,16,16,1,30230.7
attention,2048,32,16,32,1,30224.8
attention,2048,32,16,64,1,30365
attention,2048,32,16,128,1,30423.1
attention,2048,32,16,256,1,30346.4
attention,2048,32,16,512,1,30235.2
attention,2048,32,16,1024,1,30161.2
attention,2048,32,16,2048,1,29957.8
attention,2048,32,16,4096,1,29941.9
attention,2048,32,16,8192,1,29930.1
attention,2048,32,16,16384,1,29915.3
attention,2048,32,32,16,1,30762.1
attention,2048,32,32,32,1,30706.7
attention,2048,32,32,64,1,30821.9
attention,2048,32,32,128,1,30892.8
attention,2048,32,32,256,1,30584.8
attention,2048,32,32,512,1,30492.2
attention,2048,32,32,1024,1,30247.9
attention,2048,32,32,2048,1,29778.6
attention,2048,32,32,4096,1,29807.7
attention,2048,32,32,8192,1,29764
attention,2048,32,32,16384,1,29806.4
attention,2048,32,64,16,1,31643.6
attention,2048,32,64,32,1,31736.9
attention,2048,32,64,64,1,31632.8
attention,2048,32,64,128,1,31689.6
attention,2048,32,64,256,1,31547.3
attention,2048,32,64,512,1,31363.8
attention,2048,32,64,1024,1,30785.6
attention,2048,32,64,2048,1,29984.5
attention,2048,32,64,4096,1,29975.2
attention,2048,32,64,8192,1,29970.3
attention,2048,32,64,16384,1,29932.7
attention,2048,32,128,16,1,33196
attention,2048,32,128,32,1,33164
attention,2048,32,128,64,1,33260.2
attention,2048,32,128,128,1,33149
attention,2048,32,128,256,1,32663.2
attention,2048,32,128,512,1,32299.4
attention,2048,32,128,1024,1,31626
attention,2048,32,128,2048,1,30138.4
attention,2048,32,128,4096,1,30164.5
attention,2048,32,128,8192,1,30106
attention,2048,32,128,16384,1,30081.9
attention,2048,64,0,0,1,29441.7
attention,2048,64,1,16,1,29529.3
attention,2048,64,1,32,1,29448
attention,2048,64,1,64,1,29503.1
attention,2048,64,1,128,1,29504.2
attention,2048,64,1,256,1,29485.7
attention,2048,64,1,512,1,29469
attention,2048,64,1,1024,1,29469.3
attention,2048,64,1,2048,1,29436.3
attention,2048,64,1,4096,1,29450.2
attention,2048,64,1,8192,1,29413.5
attention,2048,64,1,16384,1,29435.2
attention,2048,64,2,16,1,29499.9
attention,2048,64,2,32,1,29511.3
attention,2048,64,2,64,1,29530.2
attention,2048,64,2,128,1,29521.6
attention,2048,64,2,256,1,29521.5
attention,2048,64,2,512,1,29451.2
attention,2048,64,2,1024,1,29439.9
attention,2048,64,2,2048,1,29432.5
attention,2048,64,2,4096,1,29462.5
attention,2048,64,2,8192,1,29460.8
attention,2048,64,2,16384,1,29487.1
attention,2048,64,4,16,1,29534
attention,2048,64,4,32,1,29628.1
attention,2048,64,4,64,1,29606.5
attention,2048,64,4,128,1,29639.7
attention,2048,64,4,256,1,29567.1
attention,2048,64,4,512,1,29569.1
attention,2048,64,4,1024,1,29513.4
attention,2048,64,4,2048,1,29467.7
attention,2048,64,4,4096,1,29486
attention,2048,64,4,8192,1,29430.8
attention,2048,64,4,16384,1,29475.8
attention,2048,64,8,16,1,29740.5
attention,2048,64,8,32,1,29751.8
attention,2048,64,8,64,1,29707.4
attention,2048,64,8,128,1,29731.4
attention,2048,64,8,256,1,29747.6
attention,2048,64,8,512,1,29722
attention,2048,64,8,1024,1,29592.2
attention,2048,64,8,2048,1,29524.1
attention,2048,64,8,4096,1,29429.4
attention,2048,64,8,8192,1,29461.6
attention,2048,64,8,16384,1,29435.6
attention,2048,64,16,16,1,29967.8
attention,2048,64,16,32,1,30060.8
attention,2048,64,16,64,1,29961.7
attention,2048,64,16,128,1,30040.2
attention,2048,64,16,256,1,29870.9
attention,2048,64,16,512,1,29782.3
attention,2048,64,16,1024,1,29707.6
attention,2048,64,16,2048,1,29586.6
attention,2048,64,16,4096,1,29630.9
attention,2048,64,16,8192,1,29539.9
attention,2048,64,16,16384,1,29539.9
attention,2048,64,32,16,1,30244.6
attention,2048,64,32,32,1,30281.9
attention,2048,64,32,64,1,30182.5
attention,2048,64,32,128,1,30478.3
attention,2048,64,32,256,1,30065.5
attention,2048,64,32,512,1,29950.7
attention,2048,64,32,1024,1,29623.3
attention,2048,64,32,2048,1,29279.7
attention,2048,64,32,4096,1,29287.1
attention,2048,64,32,8192,1,29290
attention,2048,64,32,16384,1,29339.7
attention,2048,64,64,16,1,30943.5
attention,2048,64,64,32,1,31023.8
attention,2048,64,64,64,1,31080.1
attention,2048,64,64,128,1,31119.4
attention,2048,64,64,256,1,30958.3
attention,2048,64,64,512,1,30766.5
attention,2048,64,64,1024,1,30232.6
attention,2048,64,64,2048,1,29418.8
attention,2048,64,64,4096,1,29446.3
attention,2048,64,64,8192,1,29475.8
attention,2048,64,64,16384,1,29433
attention,2048,64,128,16,1,32791.9
attention,2048,64,128,32,1,32797
attention,2048,64,128,64,1,32739.9
attention,2048,64,128,128,1,32579.5
attention,2048,64,128,256,1,32095.7
attention,2048,64,128,512,1,31746.9
attention,2048,64,128,1024,1,30993.4
attention,2048,64,128,2048,1,29620.6
attention,2048,64,128,4096,1,29630
attention,2048,64,128,8192,1,29577.5
attention,2048,64,128,16384,1,29587.3
attention,2048,128,0,0,1,28183.6
attention,2048,128,1,16,1,28212.1
attention,2048,128,1,32,1,28337.6
attention,2048,128,1,64,1,28240.4
attention,2048,128,1,128,1,28232.8
attention,2048,128,1,256,1,28309.6
attention,2048,128,1,512,1,28276.1
attention,2048,128,1,1024,1,28269.4
attention,2048,128,1,2048,1,28242.4
attention,2048,128,1,4096,1,28290.2
attention,2048,128,1,8192,1,28237.6
attention,2048,128,1,16384,1,28235.4
attention,2048,128,2,16,1,28282.8
attention,2048,128,2,32,1,28293
attention,2048,128,2,64,1,28284.4
attention,2048,128,2,128,1,28240.8
attention,2048,128,2,256,1,28239.3
attention,2048,128,2,512,1,28327
attention,2048,128,2,1024,1,28253.1
attention,2048,128,2,2048,1,28284.8
attention,2048,128,2,4096,1,28189.9
attention,2048,128,2,8192,1,28208.6
attention,2048,128,2,16384,1,28239.9
attention,2048,128,4,16,1,28296.8
attention,2048,128,4,32,1,28326.5
attention,2048,128,4,64,1,28315.5
attention,2048,128,4,128,1,28328.9
attention,2048,128,4,256,1,28330.5
attention,2048,128,4,512,1,28264.2
attention,2048,128,4,1024,1,28309.9
attention,2048,128,4,2048,1,28256.5
attention,2048,128,4,4096,1,28283.2
attention,2048,128,4,8192,1,28251.2
attention,2048,128,4,16384,1,28272.2
attention,2048,128,8,16,1,28379.8
attention,2048,128,8,32,1,28428
attention,2048,128,8,64,1,28447.3
attention,2048,128,8,128,1,28456.5
attention,2048,128,8,256,1,28418.1
attention,2048,128,8,512,1,28390.9
attention,2048,128,8,1024,1,28273.6
attention,2048,128,8,2048,1,28316.8
attention,2048,128,8,4096,1,28271.7
attention,2048,128,8,8192,1,28285.9
attention,2048,128,8,16384,1,28344.7
attention,2048,128,16,16,1,28826.7
attention,2048,128,16,32,1,28831.7
attention,2048,128,16,64,1,28845.3
attention,2048,128,16,128,1,28789
attention,2048,128,16,256,1,28841.6
attention,2048,128,16,512,1,28627.2
attention,2048,128,16,1024,1,28570.4
attention,2048,128,16,2048,1,28412.4
attention,2048,128,16,4096,1,28381.5
attention,2048,128,16,8192,1,28430.2
attention,2048,128,16,16384,1,28413.5
attention,2048,128,32,16,1,29214.6
attention,2048,128,32,32,1,29205.7
attention,2048,128,32,64,1,29176
attention,2048,128,32,128,1,29246.5
attention,2048,128,32,256,1,29067.6
attention,2048,128,32,512,1,28891.5
attention,2048,128,32,1024,1,28620
attention,2048,128,32,2048,1,28142.6
attention,2048,128,32,4096,1,28152.8
attention,2048,128,32,8192,1,28110.3
attention,2048,128,32,16384,1,28121.7
attention,2048,128,64,16,1,29819.1
attention,2048,128,64,32,1,29891.9
attention,2048,128,64,64,1,29960.2
attention,2048,128,64,128,1,29993.1
attention,2048,128,64,256,1,29915.7
attention,2048,128,64,512,1,29568.8
attention,2048,128,64,1024,1,29166.5
attention,2048,128,64,2048,1,28261.7
attention,2048,128,64,4096,1,28273.6
attention,2048,128,64,8192,1,28316.8
attention,2048,128,64,16384,1,28261.6
attention,2048,128,128,16,1,31666.6
attention,2048,128,128,32,1,31675.6
attention,2048,128,128,64,1,31658.4
attention,2048,128,128,128,1,31593.3
attention,2048,128,128,256,1,31107.5
attention,2048,128,128,512,1,30706.3
attention,2048,128,128,1024,1,30059.4
attention,2048,128,128,2048,1,28405.9
attention,2048,128,128,4096,1,28433.6
attention,2048,128,128,8192,1,28383.9
attention,2048,128,128,16384,1,28364.2
attention,2048,256,0,0,1,26155.7
attention,2048,256,1,16,1,26243
attention,2048,256,1,32,1,26213.5
attention,2048,256,1,64,1,26204
attention,2048,256,1,128,1,26182.7
attention,2048,256,1,256,1,26185.4
attention,2048,256,1,512,1,26127.1
attention,2048,256,1,1024,1,26171.5
attention,2048,256,1,2048,1,26204.5
attention,2048,256,1,4096,1,26216.1
attention,2048,256,1,8192,1,26212.3
attention,2048,256,1,16384,1,26169
attention,2048,256,2,16,1,26176.8
attention,2048,256,2,32,1,26196.4
attention,2048,256,2,64,1,26126.9
attention,2048,256,2,128,1,26223.2
attention,2048,256,2,256,1,26218.2
attention,2048,256,2,512,1,26130
attention,2048,256,2,1024,1,26176.6
attention,2048,256,2,2048,1,26124.4
attention,2048,256,2,4096,1,26152
attention,2048,256,2,8192,1,26161.2
attention,2048,256,2,16384,1,26146.8
attention,2048,256,4,16,1,26267.7
attention,2048,256,4,32,1,26316.8
attention,2048,256,4,64,1,26243.6
attention,2048,256,4,128,1,26317.8
attention,2048,256,4,256,1,26300.6
attention,2048,256,4,512,1,26298.5
attention,2048,256,4,1024,1,26202
attention,2048,256,4,2048,1,26206.5
attention,2048,256,4,4096,1,26128
attention,2048,256,4,8192,1,26140.2
attention,2048,256,4,16384,1,26166.8
attention,2048,256,8,16,1,26420.8
attention,2048,256,8,32,1,26401.8
attention,2048,256,8,64,1,26386.4
attention,2048,256,8,128,1,26424
attention,2048,256,8,256,1,26484.6
attention,2048,256,8,512,1,26429.1
attention,2048,256,8,1024,1,26410.6
attention,2048,256,8,2048,1,26156.3
attention,2048,256,8,4096,1,26254.9
attention,2048,256,8,8192,1,26254.4
attention,2048,256,8,16384,1,26226.8
attention,2048,256,16,16,1,26645.9
attention,2048,256,16,32,1,26654.2
attention,2048,256,16,64,1,26623.4
attention,2048,256,16,128,1,26680.9
attention,2048,256,16,256,1,26688.8
attention,2048,256,16,512,1,26504.4
attention,2048,256,16,1024,1,26412.4
attention,2048,256,16,2048,1,26297.9
attention,2048,256,16,4096,1,26265
attention,2048,256,16,8192,1,26208.9
attention,2048,256,16,16384,1,26316.1
attention,2048,256,32,16,1,27064.3
attention,2048,256,32,32,1,26996.6
attention,2048,256,32,64,1,27062.2
attention,2048,256,32,128,1,27084.7
attention,2048,256,32,256,1,27034.6
attention,2048,256,32,512,1,26714.7
attention,2048,256,32,1024,1,26546.1
attention,2048,256,32,2048,1,26205.4
attention,2048,256,32,4096,1,26247.8
attention,2048,256,32,8192,1,26197.5
attention,2048,256,32,16384,1,26269.2
attention,2048,256,64,16,1,27301.2
attention,2048,256,64,32,1,27413.9
attention,2048,256,64,64,1,27507.4
attention,2048,256,64,128,1,27471.2
attention,2048,256,64,256,1,27653.6
attention,2048,256,64,512,1,27220.2
attention,2048,256,64,1024,1,26903.5
attention,2048,256,64,2048,1,26129.1
attention,2048,256,64,4096,1,26116.4
attention,2048,256,64,8192,1,26143.4
attention,2048,256,64,16384,1,26085.7
attention,2048,256,128,16,1,29557.1
attention,2048,256,128,32,1,29584.5
attention,2048,256,128,64,1,29475
attention,2048,256,128,128,1,29342
attention,2048,256,128,256,1,29177.6
attention,2048,256,128,512,1,28587.5
attention,2048,256,128,1024,1,27836.8
attention,2048,256,128,2048,1,26259.7
attention,2048,256,128,4096,1,26275.3
attention,2048,256,128,8192,1,26322.6
attention,2048,256,128,16384,1,26230.4
attention,2048,512,0,0,1,22652.4
attention,2048,512,1,16,1,22645.9
attention,2048,512,1,32,1,22688.7
attention,2048,512,1,64,1,22630.8
attention,2048,512,1,128,1,22693.3
attention,2048,512,1,256,1,22678.8
attention,2048,512,1,512,1,22687.7
attention,2048,512,1,1024,1,22682.1
attention,2048,512,1,2048,1,22664.1
attention,2048,512,1,4096,1,22616.2
attention,2048,512,1,8192,1,22655.5
attention,2048,512,1,16384,1,22641.9
attention,2048,512,2,16,1,22703.4
attention,2048,512,2,32,1,22734.1
attention,2048,512,2,64,1,22750.9
attention,2048,512,2,128,1,22725.8
attention,2048,512,2,256,1,22694.8
attention,2048,512,2,512,1,22634.7
attention,2048,512,2,1024,1,22679.7
attention,2048,512,2,2048,1,22636.9
attention,2048,512,2,4096,1,22686.2
attention,2048,512,2,8192,1,22550.9
attention,2048,512,2,16384,1,22683.8
attention,2048,512,4,16,1,22717.6
attention,2048,512,4,32,1,22723.6
attention,2048,512,4,64,1,22720.3
attention,2048,512,4,128,1,22669.6
attention,2048,512,4,256,1,22708.1
attention,2048,512,4,512,1,22716.4
attention,2048,512,4,1024,1,22684.8
attention,2048,512,4,2048,1,22621
attention,2048,512,4,4096,1,22614.4
attention,2048,512,4,8192,1,22548.1
attention,2048,512,4,16384,1,22559.8
attention,2048,512,8,16,1,22791.9
attention,2048,512,8,32,1,22827.2
attention,2048,512,8,64,1,22733
attention,2048,512,8,128,1,22788.1
attention,2048,512,8,256,1,22823.8
attention,2048,512,8,512,1,22792.5
attention,2048,512,8,1024,1,22772.6
attention,2048,512,8,2048,1,22675.9
attention,2048,512,8,4096,1,22686.2
attention,2048,512,8,8192,1,22682.7
attention,2048,512,8,16384,1,22623.6
attention,2048,512,16,16,1,22885.3
attention,2048,512,16,32,1,22883.8
attention,2048,512,16,64,1,22884.9
attention,2048,512,16,128,1,22905.5
attention,2048,512,16,256,1,22888.2
attention,2048,512,16,512,1,22943.7
attention,2048,512,16,1024,1,22824.3
attention,2048,512,16,2048,1,22671.1
attention,2048,512,16,4096,1,22625.5
attention,2048,512,16,8192,1,22578.3
attention,2048,512,16,16384,1,22695
attention,2048,512,32,16,1,23389.3
attention,2048,512,32,32,1,23399.2
attention,2048,512,32,64,1,23386.4
attention,2048,512,32,128,1,23423.2
attention,2048,512,32,256,1,23394.4
attention,2048,512,32,512,1,23284.2
attention,2048,512,32,1024,1,22762
attention,2048,512,32,2048,1,22290.2
attention,2048,512,32,4096,1,22265.9
attention,2048,512,32,8192,1,22255.8
attention,2048,512,32,16384,1,22292.5
attention,2048,512,64,16,1,23499.4
attention,2048,512,64,32,1,23455.9
attention,2048,512,64,64,1,23351.3
attention,2048,512,64,128,1,23402.1
attention,2048,512,64,256,1,23462.4
attention,2048,512,64,512,1,23770.5
attention,2048,512,64,1024,1,23090.7
attention,2048,512,64,2048,1,22340.8
attention,2048,512,64,4096,1,22328
attention,2048,512,64,8192,1,22383.7
attention,2048,512,64,16384,1,22340.8
attention,2048,512,128,16,1,25721.3
attention,2048,512,128,32,1,25597.6
attention,2048,512,128,64,1,25578.6
attention,2048,512,128,128,1,25576.9
attention,2048,512,128,256,1,25430.2
attention,2048,512,128,512,1,25147.5
attention,2048,512,128,1024,1,24074.7
attention,2048,512,128,2048,1,22535.7
attention,2048,512,128,4096,1,22604.8
attention,2048,512,128,8192,1,22508
attention,2048,512,128,16384,1,22552.5
attention,2048,1024,0,0,1,17536.4
attention,2048,1024,1,16,1,17653.3
attention,2048,1024,1,32,1,17672.3
attention,2048,1024,1,64,1,17691
attention,2048,1024,1,128,1,17663.6
attention,2048,1024,1,256,1,17630.3
attention,2048,1024,1,512,1,17642.9
attention,2048,1024,1,1024,1,17634.3
attention,2048,1024,1,2048,1,17645.1
attention,2048,1024,1,4096,1,17634.6
attention,2048,1024,1,8192,1,17628.7
attention,2048,1024,1,16384,1,17674.2
attention,2048,1024,2,16,1,17635.1
attention,2048,1024,2,32,1,17694.4
attention,2048,1024,2,64,1,17713.9
attention,2048,1024,2,128,1,17677
attention,2048,1024,2,256,1,17675
attention,2048,1024,2,512,1,17694.4
attention,2048,1024,2,1024,1,17689.6
attention,2048,1024,2,2048,1,17523.5
attention,2048,1024,2,4096,1,17540.7
attention,2048,1024,2,8192,1,17564
attention,2048,1024,2,16384,1,17549.4
attention,2048,1024,4,16,1,17761.7
attention,2048,1024,4,32,1,17706.5
attention,2048,1024,4,64,1,17735.6
attention,2048,1024,4,128,1,17743.8
attention,2048,1024,4,256,1,17770.6
attention,2048,1024,4,512,1,17732.1
attention,2048,1024,4,1024,1,17742.2
attention,2048,1024,4,2048,1,17586.3
attention,2048,1024,4,4096,1,17589.5
attention,2048,1024,4,8192,1,17619.8
attention,2048,1024,4,16384,1,17626.3
attention,2048,1024,8,16,1,17781.4
attention,2048,1024,8,32,1,17795.3
attention,2048,1024,8,64,1,17838.2
attention,2048,1024,8,128,1,17842.3
attention,2048,1024,8,256,1,17761.2
attention,2048,1024,8,512,1,17811.2
attention,2048,1024,8,1024,1,17801.7
attention,2048,1024,8,2048,1,17671.6
attention,2048,1024,8,4096,1,17658.6
attention,2048,1024,8,8192,1,17620.7
attention,2048,1024,8,16384,1,17679.9
attention,2048,1024,16,16,1,17891.9
attention,2048,1024,16,32,1,17939.6
attention,2048,1024,16,64,1,17899.3
attention,2048,1024,16,128,1,17932.2
attention,2048,1024,16,256,1,17879.7
attention,2048,1024,16,512,1,17904.9
attention,2048,1024,16,1024,1,17954.1
attention,2048,1024,16,2048,1,17631.1
attention,2048,1024,16,4096,1,17635.5
attention,2048,1024,16,8192,1,17603.8
attention,2048,1024,16,16384,1,17602.5
attention,2048,1024,32,16,1,18205.1
attention,2048,1024,32,32,1,18197.4
attention,2048,1024,32,64,1,18179.4
attention,2048,1024,32,128,1,18175.2
attention,2048,1024,32,256,1,18235.9
attention,2048,1024,32,512,1,18280.8
attention,2048,1024,32,1024,1,18276.5
attention,2048,1024,32,2048,1,17380.8
attention,2048,1024,32,4096,1,17350.6
attention,2048,1024,32,8192,1,17346.1
attention,2048,1024,32,16384,1,17384.5
attention,2048,1024,64,16,1,18396
attention,2048,1024,64,32,1,18377.1
attention,2048,1024,64,64,1,18070.8
attention,2048,1024,64,128,1,18075.3
attention,2048,1024,64,256,1,18017.3
attention,2048,1024,64,512,1,18028.5
attention,2048,1024,64,1024,1,18592.9
attention,2048,1024,64,2048,1,17562.2
attention,2048,1024,64,4096,1,17553.4
attention,2048,1024,64,8192,1,17576.7
attention,2048,1024,64,16384,1,17560.7
attention,2048,1024,128,16,1,20789.8
attention,2048,1024,128,32,1,20718.4
attention,2048,1024,128,64,1,20671.9
attention,2048,1024,128,128,1,20623
attention,2048,1024,128,256,1,20388.6
attention,2048,1024,128,512,1,20050
attention,2048,1024,128,1024,1,19524.1
attention,2048,1024,128,2048,1,17331.4
attention,2048,1024,128,4096,1,17372.9
attention,2048,1024,128,8192,1,17359.4
attention,2048,1024,128,16384,1,17302.7
attention,2048,2048,0,0,1,14213.6
attention,2048,2048,1,16,1,14251.3
attention,2048,2048,1,32,1,14252.8
attention,2048,2048,1,64,1,14255.7
attention,2048,2048,1,128,1,14253.5
attention,2048,2048,1,256,1,14258.7
attention,2048,2048,1,512,1,14253.7
attention,2048,2048,1,1024,1,14248.7
attention,2048,2048,1,2048,1,14254.3
attention,2048,2048,1,4096,1,14251.9
attention,2048,2048,1,8192,1,14253.7
attention,2048,2048,1,16384,1,14254.7
attention,2048,2048,2,16,1,14259.7
attention,2048,2048,2,32,1,14256
attention,2048,2048,2,64,1,14257.4
attention,2048,2048,2,128,1,14252.9
attention,2048,2048,2,256,1,14251.2
attention,2048,2048,2,512,1,14256.1
attention,2048,2048,2,1024,1,14258.8
attention,2048,2048,2,2048,1,14258.3
attention,2048,2048,2,4096,1,14254.4
attention,2048,2048,2,8192,1,14256.2
attention,2048,2048,2,16384,1,14249.6
attention,2048,2048,4,16,1,14252.8
attention,2048,2048,4,32,1,14262.2
attention,2048,2048,4,64,1,14257.3
attention,2048,2048,4,128,1,14258.9
attention,2048,2048,4,256,1,14250
attention,2048,2048,4,512,1,14258.6
attention,2048,2048,4,1024,1,14261.5
attention,2048,2048,4,2048,1,14261.5
attention,2048,2048,4,4096,1,14260.1
attention,2048,2048,4,8192,1,14262.9
attention,2048,2048,4,16384,1,14256.7
attention,2048,2048,8,16,1,14262.9
attention,2048,2048,8,32,1,14262.3
attention,2048,2048,8,64,1,14263.8
attention,2048,2048,8,128,1,14260.4
attention,2048,2048,8,256,1,14263.8
attention,2048,2048,8,512,1,14258.4
attention,2048,2048,8,1024,1,14263.9
attention,2048,2048,8,2048,1,14264.7
attention,2048,2048,8,4096,1,14268.1
attention,2048,2048,8,8192,1,14263
attention,2048,2048,8,16384,1,14258
attention,2048,2048,16,16,1,14277.2
attention,2048,2048,16,32,1,14275
attention,2048,2048,16,64,1,14271.8
attention,2048,2048,16,128,1,14278.9
attention,2048,2048,16,256,1,14276.4
attention,2048,2048,16,512,1,14277.1
attention,2048,2048,16,1024,1,14278
attention,2048,2048,16,2048,1,14276.1
attention,2048,2048,16,4096,1,14274.4
attention,2048,2048,16,8192,1,14275.3
attention,2048,2048,16,16384,1,14273.7
attention,2048,2048,32,16,1,14782.3
attention,2048,2048,32,32,1,14777.5
attention,2048,2048,32,64,1,14778.4
attention,2048,2048,32,128,1,14775
attention,2048,2048,32,256,1,14775.1
attention,2048,2048,32,512,1,14777.3
attention,2048,2048,32,1024,1,14773.5
attention,2048,2048,32,2048,1,14773.4
attention,2048,2048,32,4096,1,14776.9
attention,2048,2048,32,8192,1,14778.7
attention,2048,2048,32,16384,1,14785.7
attention,2048,2048,64,16,1,15404.9
attention,2048,2048,64,32,1,15405.7
attention,2048,2048,64,64,1,15401.5
attention,2048,2048,64,128,1,15405.6
attention,2048,2048,64,256,1,15338.2
attention,2048,2048,64,512,1,15324.8
attention,2048,2048,64,1024,1,15290.9
attention,2048,2048,64,2048,1,14820.9
attention,2048,2048,64,4096,1,14819.6
attention,2048,2048,64,8192,1,14833.1
attention,2048,2048,64,16384,1,14803.1
attention,2048,2048,128,16,1,17253.8
attention,2048,2048,128,32,1,17239.9
attention,2048,2048,128,64,1,17205.9
attention,2048,2048,128,128,1,17170.8
attention,2048,2048,128,256,1,17044.9
attention,2048,2048,128,512,1,16788.1
attention,2048,2048,128,1024,1,16309.5
attention,2048,2048,128,2048,1,15381.2
attention,2048,2048,128,4096,1,15396.8
attention,2048,2048,128,8192,1,15356.2
attention,2048,2048,128,16384,1,15339.4
attention,2048,4096,0,0,1,14208.2
attention,2048,4096,1,16,1,14246.7
attention,2048,4096,1,32,1,14251
attention,2048,4096,1,64,1,14246.5
attention,2048,4096,1,128,1,14246.5
attention,2048,4096,1,256,1,14244.5
attention,2048,4096,1,512,1,14246.9
attention,2048,4096,1,1024,1,14248.2
attention,2048,4096,1,2048,1,14250.1
attention,2048,4096,1,4096,1,14251.5
attention,2048,4096,1,8192,1,14250.5
attention,2048,4096,1,16384,1,14248.4
attention,2048,4096,2,16,1,14246.9
attention,2048,4096,2,32,1,14252.2
attention,2048,4096,2,64,1,14247.4
attention,2048,4096,2,128,1,14249.6
attention,2048,4096,2,256,1,14248
attention,2048,4096,2,512,1,14251
attention,2048,4096,2,1024,1,14249.3
attention,2048,4096,2,2048,1,14248.7
attention,2048,4096,2,4096,1,14252.6
attention,2048,4096,2,8192,1,14249.1
attention,2048,4096,2,16384,1,14248.6
attention,2048,4096,4,16,1,14253.3
attention,2048,4096,4,32,1,14249.3
attention,2048,4096,4,64,1,14251.4
attention,2048,4096,4,128,1,14251.7
attention,2048,4096,4,256,1,14253
attention,2048,4096,4,512,1,14248.4
attention,2048,4096,4,1024,1,14251.8
attention,2048,4096,4,2048,1,14257
attention,2048,4096,4,4096,1,14253.7
attention,2048,4096,4,8192,1,14248.5
attention,2048,4096,4,16384,1,14246.6
attention,2048,4096,8,16,1,14260.5
attention,2048,4096,8,32,1,14251.1
attention,2048,4096,8,64,1,14257.8
attention,2048,4096,8,128,1,14254.3
attention,2048,4096,8,256,1,14256.8
attention,2048,4096,8,512,1,14257.4
attention,2048,4096,8,1024,1,14259.8
attention,2048,4096,8,2048,1,14262
attention,2048,4096,8,4096,1,14256.1
attention,2048,4096,8,8192,1,14253.1
attention,2048,4096,8,16384,1,14252.8
attention,2048,4096,16,16,1,14266
attention,2048,4096,16,32,1,14267.7
attention,2048,4096,16,64,1,14264.1
attention,2048,4096,16,128,1,14272.3
attention,2048,4096,16,256,1,14268.8
attention,2048,4096,16,512,1,14270.4
attention,2048,4096,16,1024,1,14266.4
attention,2048,4096,16,2048,1,14269.4
attention,2048,4096,16,4096,1,14272.1
attention,2048,4096,16,8192,1,14264.6
attention,2048,4096,16,16384,1,14266.4
attention,2048,4096,32,16,1,14772
attention,2048,4096,32,32,1,14770.9
attention,2048,4096,32,64,1,14774.7
attention,2048,4096,32,128,1,14772.2
attention,2048,4096,32,256,1,14779.4
attention,2048,4096,32,512,1,14773.6
attention,2048,4096,32,1024,1,14770.1
attention,2048,4096,32,2048,1,14766.3
attention,2048,4096,32,4096,1,14763.5
attention,2048,4096,32,8192,1,14763.9
attention,2048,4096,32,16384,1,14772.3
attention,2048,4096,64,16,1,15402
attention,2048,4096,64,32,1,15399.4
attention,2048,4096,64,64,1,15397.3
attention,2048,4096,64,128,1,15396.2
attention,2048,4096,64,256,1,15332.1
attention,2048,4096,64,512,1,15321.6
attention,2048,4096,64,1024,1,15282.5
attention,2048,4096,64,2048,1,14814.4
attention,2048,4096,64,4096,1,14818.6
attention,2048,4096,64,8192,1,14826.1
attention,2048,4096,64,16384,1,14790.5
attention,2048,4096,128,16,1,17243
attention,2048,4096,128,32,1,17236.8
attention,2048,4096,128,64,1,17198.4
attention,2048,4096,128,128,1,17163.3
attention,2048,4096,128,256,1,17034.3
attention,2048,4096,128,512,1,16782.4
attention,2048,4096,128,1024,1,16306.2
attention,2048,4096,128,2048,1,15369.7
attention,2048,4096,128,4096,1,15383.9
attention,2048,4096,128,8192,1,15352
attention,2048,4096,128,16384,1,15334
attention,2048,8192,0,0,1,14195.7
attention,2048,8192,1,16,1,14232.4
attention,2048,8192,1,32,1,14236.2
attention,2048,8192,1,64,1,14238.5
attention,2048,8192,1,128,1,14238.6
attention,2048,8192,1,256,1,14237.3
attention,2048,8192,1,512,1,14244.1
attention,2048,8192,1,1024,1,14235.9
attention,2048,8192,1,2048,1,14239.4
attention,2048,8192,1,4096,1,14239.7
attention,2048,8192,1,8192,1,14238.4
attention,2048,8192,1,16384,1,14239.7
attention,2048,8192,2,16,1,14237.7
attention,2048,8192,2,32,1,14239.8
attention,2048,8192,2,64,1,14239.2
attention,2048,8192,2,128,1,14240
attention,2048,8192,2,256,1,14238.9
attention,2048,8192,2,512,1,14238.2
attention,2048,8192,2,1024,1,14241.2
attention,2048,8192,2,2048,1,14240.5
attention,2048,8192,2,4096,1,14239.7
attention,2048,8192,2,8192,1,14240.5
attention,2048,8192,2,16384,1,14239.3
attention,2048,8192,4,16,1,14246.7
attention,2048,8192,4,32,1,14241.7
attention,2048,8192,4,64,1,14243.6
attention,2048,8192,4,128,1,14240.7
attention,2048,8192,4,256,1,14242.6
attention,2048,8192,4,512,1,14237.2
attention,2048,8192,4,1024,1,14244.8
attention,2048,8192,4,2048,1,14241.2
attention,2048,8192,4,4096,1,14241.2
attention,2048,8192,4,8192,1,14243.4
attention,2048,8192,4,16384,1,14241.7
attention,2048,8192,8,16,1,14244.4
attention,2048,8192,8,32,1,14245.2
attention,2048,8192,8,64,1,14246.6
attention,2048,8192,8,128,1,14240.3
attention,2048,8192,8,256,1,14248
attention,2048,8192,8,512,1,14252.9
attention,2048,8192,8,1024,1,14248.1
attention,2048,8192,8,2048,1,14251.7
attention,2048,8192,8,4096,1,14246.8
attention,2048,8192,8,8192,1,14247.1
attention,2048,8192,8,16384,1,14247.3
attention,2048,8192,16,16,1,14260.1
attention,2048,8192,16,32,1,14258.7
attention,2048,8192,16,64,1,14258.5
attention,2048,8192,16,128,1,14259.8
attention,2048,8192,16,256,1,14257.7
attention,2048,8192,16,512,1,14259.7
attention,2048,8192,16,1024,1,14262
attention,2048,8192,16,2048,1,14257.9
attention,2048,8192,16,4096,1,14260.4
attention,2048,8192,16,8192,1,14259.5
attention,2048,8192,16,16384,1,14253.7
attention,2048,8192,32,16,1,14766.1
attention,2048,8192,32,32,1,14765.1
attention,2048,8192,32,64,1,14764.9
attention,2048,8192,32,128,1,14762.9
attention,2048,8192,32,256,1,14766.8
attention,2048,8192,32,512,1,14761.3
attention,2048,8192,32,1024,1,14758.6
attention,2048,8192,32,2048,1,14762
attention,2048,8192,32,4096,1,14757.4
attention,2048,8192,32,8192,1,14755.3
attention,2048,8192,32,16384,1,14763.2
attention,2048,8192,64,16,1,15400.6
attention,2048,8192,64,32,1,15386.5
attention,2048,8192,64,64,1,15393.9
attention,2048,8192,64,128,1,15383.9
attention,2048,8192,64,256,1,15320.3
attention,2048,8192,64,512,1,15317.5
attention,2048,8192,64,1024,1,15280.1
attention,2048,8192,64,2048,1,14807.4
attention,2048,8192,64,4096,1,14806
attention,2048,8192,64,8192,1,14815.9
attention,2048,8192,64,16384,1,14778.3
attention,2048,8192,128,16,1,17241
attention,2048,8192,128,32,1,17216.7
attention,2048,8192,128,64,1,17187.3
attention,2048,8192,128,128,1,17150.6
attention,2048,8192,128,256,1,17021.8
attention,2048,8192,128,512,1,16775.6
attention,2048,8192,128,1024,1,16298.7
attention,2048,8192,128,2048,1,15366.1
attention,2048,8192,128,4096,1,15372.3
attention,2048,8192,128,8192,1,15337.6
attention,2048,8192,128,16384,1,15327.2
attention,2048,16384,0,0,1,14185.9
attention,2048,16384,1,16,1,14213.3
attention,2048,16384,1,32,1,14214.8
attention,2048,16384,1,64,1,14216.8
attention,2048,16384,1,128,1,14210.9
attention,2048,16384,1,256,1,14214.7
attention,2048,16384,1,512,1,14217.3
attention,2048,16384,1,1024,1,14214.8
attention,2048,16384,1,2048,1,14215.2
attention,2048,16384,1,4096,1,14208.9
attention,2048,16384,1,8192,1,14216.1
attention,2048,16384,1,16384,1,14216
attention,2048,16384,2,16,1,14213.2
attention,2048,16384,2,32,1,14215.7
attention,2048,16384,2,64,1,14219
attention,2048,16384,2,128,1,14215.7
attention,2048,16384,2,256,1,14216.7
attention,2048,16384,2,512,1,14220.4
attention,2048,16384,2,1024,1,14216.8
attention,2048,16384,2,2048,1,14215.4
attention,2048,16384,2,4096,1,14217.4
attention,2048,16384,2,8192,1,14215.4
attention,2048,16384,2,16384,1,14218.8
attention,2048,16384,4,16,1,14219.2
attention,2048,16384,4,32,1,14222.9
attention,2048,16384,4,64,1,14217.9
attention,2048,16384,4,128,1,14216.7
attention,2048,16384,4,256,1,14221.8
attention,2048,16384,4,512,1,14220.3
attention,2048,16384,4,1024,1,14219.4
attention,2048,16384,4,2048,1,14221.5
attention,2048,16384,4,4096,1,14221.1
attention,2048,16384,4,8192,1,14219.7
attention,2048,16384,4,16384,1,14219.4
attention,2048,16384,8,16,1,14224.9
attention,2048,16384,8,32,1,14226.9
attention,2048,16384,8,64,1,14224.8
attention,2048,16384,8,128,1,14229.4
attention,2048,16384,8,256,1,14229
attention,2048,16384,8,512,1,14227.8
attention,2048,16384,8,1024,1,14224.1
attention,2048,16384,8,2048,1,14229.9
attention,2048,16384,8,4096,1,14228.1
attention,2048,16384,8,8192,1,14226.1
attention,2048,16384,8,16384,1,14227.9
attention,2048,16384,16,16,1,14241.4
attention,2048,16384,16,32,1,14238.6
attention,2048,16384,16,64,1,14237.1
attention,2048,16384,16,128,1,14240.1
attention,2048,16384,16,256,1,14240.3
attention,2048,16384,16,512,1,14240
attention,2048,16384,16,1024,1,14242.2
attention,2048,16384,16,2048,1,14243.6
attention,2048,16384,16,4096,1,14244.5
attention,2048,16384,16,8192,1,14240.7
attention,2048,16384,16,16384,1,14238.9
attention,2048,16384,32,16,1,14747.9
attention,2048,16384,32,32,1,14748.6
attention,2048,16384,32,64,1,14750.4
attention,2048,16384,32,128,1,14751.3
attention,2048,16384,32,256,1,14749.1
attention,2048,16384,32,512,1,14746
attention,2048,16384,32,1024,1,14740.4
attention,2048,16384,32,2048,1,14747.3
attention,2048,16384,32,4096,1,14745.3
attention,2048,16384,32,8192,1,14738.2
attention,2048,16384,32,16384,1,14733.7
attention,2048,16384,64,16,1,15385.5
attention,2048,16384,64,32,1,15382.7
attention,2048,16384,64,64,1,15374.7
attention,2048,16384,64,128,1,15374.6
attention,2048,16384,64,256,1,15312.7
attention,2048,16384,64,512,1,15305.2
attention,2048,16384,64,1024,1,15271.9
attention,2048,16384,64,2048,1,14796.3
attention,2048,16384,64,4096,1,14793.6
attention,2048,16384,64,8192,1,14783.1
attention,2048,16384,64,16384,1,14774
attention,2048,16384,128,16,1,17234.1
attention,2048,16384,128,32,1,17221.9
attention,2048,16384,128,64,1,17190.9
attention,2048,16384,128,128,1,17142.5
attention,2048,16384,128,256,1,17026.8
attention,2048,16384,128,512,1,16768.9
attention,2048,16384,128,1024,1,16288.6
attention,2048,16384,128,2048,1,15363.6
attention,2048,16384,128,4096,1,15351.5
attention,2048,16384,128,8192,1,15331
attention,2048,16384,128,16384,1,15339.7
indexer,0,0,1,16,1,21.8807
indexer,0,0,1,32,1,21.7838
indexer,0,0,1,64,1,22.8085
indexer,0,0,1,128,1,22.1345
indexer,0,0,1,256,1,22.4565
indexer,0,0,1,512,1,22.5128
indexer,0,0,1,1024,1,22.7762
indexer,0,0,1,2048,1,38.88
indexer,0,0,1,4096,1,50.7368
indexer,0,0,1,8192,1,51.7603
indexer,0,0,1,16384,1,65.2162
indexer,0,0,2,16,1,22.944
indexer,0,0,2,32,1,23.073
indexer,0,0,2,64,1,23.8068
indexer,0,0,2,128,1,23.4642
indexer,0,0,2,256,1,23.8072
indexer,0,0,2,512,1,23.8967
indexer,0,0,2,1024,1,24.3442
indexer,0,0,2,2048,1,45.1695
indexer,0,0,2,4096,1,54.0162
indexer,0,0,2,8192,1,57.7512
indexer,0,0,2,16384,1,71.872
indexer,0,0,4,16,1,23.7995
indexer,0,0,4,32,1,23.703
indexer,0,0,4,64,1,24.279
indexer,0,0,4,128,1,24.2482
indexer,0,0,4,256,1,24.4165
indexer,0,0,4,512,1,24.6797
indexer,0,0,4,1024,1,25.2082
indexer,0,0,4,2048,1,46.7512
indexer,0,0,4,4096,1,58.0718
indexer,0,0,4,8192,1,63.4958
indexer,0,0,4,16384,1,82.1933
indexer,0,0,8,16,1,23.9345
indexer,0,0,8,32,1,23.9835
indexer,0,0,8,64,1,24.6325
indexer,0,0,8,128,1,24.7607
indexer,0,0,8,256,1,24.9603
indexer,0,0,8,512,1,25.3927
indexer,0,0,8,1024,1,26.5597
indexer,0,0,8,2048,1,48.9042
indexer,0,0,8,4096,1,62.945
indexer,0,0,8,8192,1,72.3765
indexer,0,0,8,16384,1,100.809
indexer,0,0,16,16,1,24.3128
indexer,0,0,16,32,1,24.471
indexer,0,0,16,64,1,25.4888
indexer,0,0,16,128,1,25.36
indexer,0,0,16,256,1,25.9763
indexer,0,0,16,512,1,27.031
indexer,0,0,16,1024,1,29.5025
indexer,0,0,16,2048,1,57.2153
indexer,0,0,16,4096,1,75.399
indexer,0,0,16,8192,1,97.912
indexer,0,0,16,16384,1,143.201
indexer,0,0,32,16,1,25.9363
indexer,0,0,32,32,1,25.8957
indexer,0,0,32,64,1,26.944
indexer,0,0,32,128,1,27.2557
indexer,0,0,32,256,1,28.432
indexer,0,0,32,512,1,30.3117
indexer,0,0,32,1024,1,35.9447
indexer,0,0,32,2048,1,89.1673
indexer,0,0,32,4096,1,127.344
indexer,0,0,32,8192,1,172.711
indexer,0,0,32,16384,1,259.336
indexer,0,0,64,16,1,28.6883
indexer,0,0,64,32,1,28.3362
indexer,0,0,64,64,1,30.0007
indexer,0,0,64,128,1,30.9677
indexer,0,0,64,256,1,33.8245
indexer,0,0,64,512,1,39.4478
indexer,0,0,64,1024,1,50.3275
indexer,0,0,64,2048,1,155.785
indexer,0,0,64,4096,1,229.161
indexer,0,0,64,8192,1,320.471
indexer,0,0,64,16384,1,507.201
indexer,0,0,128,16,1,34.6635
indexer,0,0,128,32,1,34.2323
indexer,0,0,128,64,1,36.4563
indexer,0,0,128,128,1,39.2157
indexer,0,0,128,256,1,43.4165
indexer,0,0,128,512,1,53.1608
indexer,0,0,128,1024,1,72.8473
indexer,0,0,128,2048,1,256.992
indexer,0,0,128,4096,1,396.114
indexer,0,0,128,8192,1,590.376
indexer,0,0,128,16384,1,948.09
indexer,0,0,256,16,1,45.328
indexer,0,0,256,32,1,44.9275
indexer,0,0,256,64,1,48.8403
indexer,0,0,256,128,1,52.7595
indexer,0,0,256,256,1,61.5763
indexer,0,0,256,512,1,80.5455
indexer,0,0,256,1024,1,119.417
indexer,0,0,256,2048,1,474.201
indexer,0,0,256,4096,1,757.536
indexer,0,0,256,8192,1,1123.22
indexer,0,0,256,16384,1,1822.3
indexer,16,0,0,0,1,28.696
indexer,16,0,1,16,1,43.7758
indexer,16,0,1,32,1,43.9272
indexer,16,0,1,64,1,45.6872
indexer,16,0,1,128,1,44.6077
indexer,16,0,1,256,1,44.7528
indexer,16,0,1,512,1,44.792
indexer,16,0,1,1024,1,44.9758
indexer,16,0,1,2048,1,61.2738
indexer,16,0,1,4096,1,72.5693
indexer,16,0,1,8192,1,74.4942
indexer,16,0,1,16384,1,86.334
indexer,16,0,2,16,1,44.6638
indexer,16,0,2,32,1,44.4575
indexer,16,0,2,64,1,45.32
indexer,16,0,2,128,1,45.1673
indexer,16,0,2,256,1,45.4235
indexer,16,0,2,512,1,45.7758
indexer,16,0,2,1024,1,45.839
indexer,16,0,2,2048,1,66.3443
indexer,16,0,2,4096,1,75.407
indexer,16,0,2,8192,1,79.664
indexer,16,0,2,16384,1,93.0798
indexer,16,0,4,16,1,45.0488
indexer,16,0,4,32,1,45.225
indexer,16,0,4,64,1,45.712
indexer,16,0,4,128,1,45.5832
indexer,16,0,4,256,1,45.8318
indexer,16,0,4,512,1,46.025
indexer,16,0,4,1024,1,46.4713
indexer,16,0,4,2048,1,67.7198
indexer,16,0,4,4096,1,78.6008
indexer,16,0,4,8192,1,85.3828
indexer,16,0,4,16384,1,103.967
indexer,16,0,8,16,1,45.2082
indexer,16,0,8,32,1,45.2485
indexer,16,0,8,64,1,46.1603
indexer,16,0,8,128,1,46.16
indexer,16,0,8,256,1,46.0812
indexer,16,0,8,512,1,46.7112
indexer,16,0,8,1024,1,47.6393
indexer,16,0,8,2048,1,69.5847
indexer,16,0,8,4096,1,84.4002
indexer,16,0,8,8192,1,94.1185
indexer,16,0,8,16384,1,122.423
indexer,16,0,16,16,1,45.841
indexer,16,0,16,32,1,46.2815
indexer,16,0,16,64,1,46.7915
indexer,16,0,16,128,1,46.7368
indexer,16,0,16,256,1,47.0478
indexer,16,0,16,512,1,48.256
indexer,16,0,16,1024,1,50.128
indexer,16,0,16,2048,1,78.0077
indexer,16,0,16,4096,1,96.8413
indexer,16,0,16,8192,1,119.609
indexer,16,0,16,16384,1,164.015
indexer,16,0,32,16,1,48.1355
indexer,16,0,32,32,1,47.8873
indexer,16,0,32,64,1,49.1758
indexer,16,0,32,128,1,49.5845
indexer,16,0,32,256,1,50.44
indexer,16,0,32,512,1,53.063
indexer,16,0,32,1024,1,57.936
indexer,16,0,32,2048,1,111.33
indexer,16,0,32,4096,1,149.703
indexer,16,0,32,8192,1,196.192
indexer,16,0,32,16384,1,282.951
indexer,16,0,64,16,1,50.3762
indexer,16,0,64,32,1,50.088
indexer,16,0,64,64,1,51.4645
indexer,16,0,64,128,1,52.5445
indexer,16,0,64,256,1,54.777
indexer,16,0,64,512,1,60.0247
indexer,16,0,64,1024,1,68.9842
indexer,16,0,64,2048,1,178.12
indexer,16,0,64,4096,1,249.344
indexer,16,0,64,8192,1,342.474
indexer,16,0,64,16384,1,527.992
indexer,16,0,128,16,1,56.0652
indexer,16,0,128,32,1,55.7665
indexer,16,0,128,64,1,57.504
indexer,16,0,128,128,1,61.1202
indexer,16,0,128,256,1,65.0175
indexer,16,0,128,512,1,74.2805
indexer,16,0,128,1024,1,94.45
indexer,16,0,128,2048,1,284.712
indexer,16,0,128,4096,1,418.529
indexer,16,0,128,8192,1,612.322
indexer,16,0,128,16384,1,970.131
indexer,16,16,0,0,1,30.1677
indexer,16,16,1,16,1,30.144
indexer,16,16,1,32,1,30.4883
indexer,16,16,1,64,1,30.2485
indexer,16,16,1,128,1,33.8077
indexer,16,16,1,256,1,38.1905
indexer,16,16,1,512,1,45.4565
indexer,16,16,1,1024,1,45.7608
indexer,16,16,1,2048,1,68.496
indexer,16,16,1,4096,1,422.193
indexer,16,16,1,8192,1,122.992
indexer,16,16,1,16384,1,129.489
indexer,16,16,2,16,1,30.6393
indexer,16,16,2,32,1,29.9757
indexer,16,16,2,64,1,33.8087
indexer,16,16,2,128,1,37.7758
indexer,16,16,2,256,1,45.2728
indexer,16,16,2,512,1,45.5445
indexer,16,16,2,1024,1,48.0883
indexer,16,16,2,2048,1,72.0798
indexer,16,16,2,4096,1,433.161
indexer,16,16,2,8192,1,145.041
indexer,16,16,2,16384,1,213.048
indexer,16,16,4,16,1,30.3847
indexer,16,16,4,32,1,33.927
indexer,16,16,4,64,1,38.0477
indexer,16,16,4,128,1,45.4248
indexer,16,16,4,256,1,45.4638
indexer,16,16,4,512,1,48.072
indexer,16,16,4,1024,1,52.6398
indexer,16,16,4,2048,1,83.3045
indexer,16,16,4,4096,1,453.943
indexer,16,16,4,8192,1,174.496
indexer,16,16,4,16384,1,250.994
indexer,16,16,8,16,1,30.664
indexer,16,16,8,32,1,34.2095
indexer,16,16,8,64,1,38.2642
indexer,16,16,8,128,1,38.311
indexer,16,16,8,256,1,41.7677
indexer,16,16,8,512,1,44.1682
indexer,16,16,8,1024,1,54.775
indexer,16,16,8,2048,1,95.3985
indexer,16,16,8,4096,1,461.985
indexer,16,16,8,8192,1,185.191
indexer,16,16,8,16384,1,276.449
indexer,16,16,16,16,1,31.9907
indexer,16,16,16,32,1,36.0715
indexer,16,16,16,64,1,36.3685
indexer,16,16,16,128,1,37.215
indexer,16,16,16,256,1,40.2163
indexer,16,16,16,512,1,51.8245
indexer,16,16,16,1024,1,66.8965
indexer,16,16,16,2048,1,448.545
indexer,16,16,16,4096,1,478.417
indexer,16,16,16,8192,1,212.632
indexer,16,16,16,16384,1,328.76
indexer,16,16,32,16,1,34.2165
indexer,16,16,32,32,1,34.528
indexer,16,16,32,64,1,36.2088
indexer,16,16,32,128,1,40.4792
indexer,16,16,32,256,1,53.0485
indexer,16,16,32,512,1,57.168
indexer,16,16,32,1024,1,71.393
indexer,16,16,32,2048,1,465.744
indexer,16,16,32,4096,1,505.562
indexer,16,16,32,8192,1,269.249
indexer,16,16,32,16384,1,474.367
indexer,16,16,64,16,1,38.7038
indexer,16,16,64,32,1,38.672
indexer,16,16,64,64,1,44.6803
indexer,16,16,64,128,1,48.3115
indexer,16,16,64,256,1,57.2478
indexer,16,16,64,512,1,66.1442
indexer,16,16,64,1024,1,90.5055
indexer,16,16,64,2048,1,498.569
indexer,16,16,64,4096,1,566.369
indexer,16,16,64,8192,1,416.329
indexer,16,16,64,16384,1,897.17
indexer,16,16,128,16,1,49.3837
indexer,16,16,128,32,1,51.391
indexer,16,16,128,64,1,52.9128
indexer,16,16,128,128,1,60.4578
indexer,16,16,128,256,1,69.352
indexer,16,16,128,512,1,92.816
indexer,16,16,128,1024,1,124.415
indexer,16,16,128,2048,1,567.289
indexer,16,16,128,4096,1,724.642
indexer,16,16,128,8192,1,1045.79
indexer,16,16,128,16384,1,1812.35
indexer,16,32,0,0,1,30.3127
indexer,16,32,1,16,1,30.7275
indexer,16,32,1,32,1,30.201
indexer,16,32,1,64,1,30.184
indexer,16,32,1,128,1,33.7527
indexer,16,32,1,256,1,37.8795
indexer,16,32,1,512,1,45.5118
indexer,16,32,1,1024,1,45.4553
indexer,16,32,1,2048,1,68.5925
indexer,16,32,1,4096,1,422.265
indexer,16,32,1,8192,1,122.858
indexer,16,32,1,16384,1,128.856
indexer,16,32,2,16,1,30.2787
indexer,16,32,2,32,1,30.1755
indexer,16,32,2,64,1,33.8625
indexer,16,32,2,128,1,37.895
indexer,16,32,2,256,1,45.44
indexer,16,32,2,512,1,45.8
indexer,16,32,2,1024,1,47.7672
indexer,16,32,2,2048,1,72.2645
indexer,16,32,2,4096,1,432.569
indexer,16,32,2,8192,1,144.84
indexer,16,32,2,16384,1,212.544
indexer,16,32,4,16,1,30.408
indexer,16,32,4,32,1,33.7275
indexer,16,32,4,64,1,37.6647
indexer,16,32,4,128,1,45.0722
indexer,16,32,4,256,1,45.4002
indexer,16,32,4,512,1,48.0005
indexer,16,32,4,1024,1,52.9045
indexer,16,32,4,2048,1,83.0163
indexer,16,32,4,4096,1,454.209
indexer,16,32,4,8192,1,175.424
indexer,16,32,4,16384,1,248.954
indexer,16,32,8,16,1,30.5582
indexer,16,32,8,32,1,34.1442
indexer,16,32,8,64,1,38.3122
indexer,16,32,8,128,1,38.2953
indexer,16,32,8,256,1,40.3848
indexer,16,32,8,512,1,44.2385
indexer,16,32,8,1024,1,54.52
indexer,16,32,8,2048,1,95.7115
indexer,16,32,8,4096,1,462.193
indexer,16,32,8,8192,1,185.401
indexer,16,32,8,16384,1,274.4
indexer,16,32,16,16,1,31.8085
indexer,16,32,16,32,1,36.3367
indexer,16,32,16,64,1,36.2482
indexer,16,32,16,128,1,36.775
indexer,16,32,16,256,1,40.0873
indexer,16,32,16,512,1,51.953
indexer,16,32,16,1024,1,66.7608
indexer,16,32,16,2048,1,449.375
indexer,16,32,16,4096,1,478.201
indexer,16,32,16,8192,1,213.032
indexer,16,32,16,16384,1,326.889
indexer,16,32,32,16,1,34.2095
indexer,16,32,32,32,1,34.735
indexer,16,32,32,64,1,36.088
indexer,16,32,32,128,1,40.369
indexer,16,32,32,256,1,53.3533
indexer,16,32,32,512,1,57.8
indexer,16,32,32,1024,1,71.6953
indexer,16,32,32,2048,1,464.592
indexer,16,32,32,4096,1,506.44
indexer,16,32,32,8192,1,268.001
indexer,16,32,32,16384,1,474.129
indexer,16,32,64,16,1,39.0157
indexer,16,32,64,32,1,39.0155
indexer,16,32,64,64,1,45.2235
indexer,16,32,64,128,1,48.8802
indexer,16,32,64,256,1,56.7283
indexer,16,32,64,512,1,66.953
indexer,16,32,64,1024,1,90.4313
indexer,16,32,64,2048,1,497.481
indexer,16,32,64,4096,1,563.378
indexer,16,32,64,8192,1,414.474
indexer,16,32,64,16384,1,894.426
indexer,16,32,128,16,1,49.682
indexer,16,32,128,32,1,50.6232
indexer,16,32,128,64,1,53.601
indexer,16,32,128,128,1,61.6318
indexer,16,32,128,256,1,69.407
indexer,16,32,128,512,1,92.9275
indexer,16,32,128,1024,1,124.338
indexer,16,32,128,2048,1,573.161
indexer,16,32,128,4096,1,724.178
indexer,16,32,128,8192,1,1043.67
indexer,16,32,128,16384,1,1813.55
indexer,16,64,0,0,1,31.017
indexer,16,64,1,16,1,30.4718
indexer,16,64,1,32,1,30.7605
indexer,16,64,1,64,1,30.1593
indexer,16,64,1,128,1,33.784
indexer,16,64,1,256,1,37.625
indexer,16,64,1,512,1,45.2555
indexer,16,64,1,1024,1,45.7268
indexer,16,64,1,2048,1,68.0247
indexer,16,64,1,4096,1,88.6238
indexer,16,64,1,8192,1,123.751
indexer,16,64,1,16384,1,129.16
indexer,16,64,2,16,1,30.368
indexer,16,64,2,32,1,30.257
indexer,16,64,2,64,1,33.7765
indexer,16,64,2,128,1,37.6875
indexer,16,64,2,256,1,44.9838
indexer,16,64,2,512,1,45.5043
indexer,16,64,2,1024,1,47.9525
indexer,16,64,2,2048,1,71.7365
indexer,16,64,2,4096,1,100.367
indexer,16,64,2,8192,1,144.609
indexer,16,64,2,16384,1,212.32
indexer,16,64,4,16,1,30.3848
indexer,16,64,4,32,1,34.0075
indexer,16,64,4,64,1,37.8578
indexer,16,64,4,128,1,45.488
indexer,16,64,4,256,1,45.5675
indexer,16,64,4,512,1,48.3125
indexer,16,64,4,1024,1,52.6233
indexer,16,64,4,2048,1,82.8407
indexer,16,64,4,4096,1,121.785
indexer,16,64,4,8192,1,174.479
indexer,16,64,4,16384,1,248.136
indexer,16,64,8,16,1,30.5772
indexer,16,64,8,32,1,34.08
indexer,16,64,8,64,1,38.018
indexer,16,64,8,128,1,38.9755
indexer,16,64,8,256,1,40.344
indexer,16,64,8,512,1,44.2323
indexer,16,64,8,1024,1,54.7533
indexer,16,64,8,2048,1,95.0233
indexer,16,64,8,4096,1,128.416
indexer,16,64,8,8192,1,185.056
indexer,16,64,8,16384,1,274.305
indexer,16,64,16,16,1,32.0562
indexer,16,64,16,32,1,36.168
indexer,16,64,16,64,1,36.0407
indexer,16,64,16,128,1,37.0062
indexer,16,64,16,256,1,39.974
indexer,16,64,16,512,1,51.9273
indexer,16,64,16,1024,1,66.6323
indexer,16,64,16,2048,1,448.624
indexer,16,64,16,4096,1,144.407
indexer,16,64,16,8192,1,212.569
indexer,16,64,16,16384,1,326.88
indexer,16,64,32,16,1,34.4245
indexer,16,64,32,32,1,34.7595
indexer,16,64,32,64,1,36.344
indexer,16,64,32,128,1,40.441
indexer,16,64,32,256,1,53.1213
indexer,16,64,32,512,1,57.8808
indexer,16,64,32,1024,1,70.7048
indexer,16,64,32,2048,1,465.247
indexer,16,64,32,4096,1,172.09
indexer,16,64,32,8192,1,268.08
indexer,16,64,32,16384,1,471.281
indexer,16,64,64,16,1,38.8145
indexer,16,64,64,32,1,38.4642
indexer,16,64,64,64,1,45.023
indexer,16,64,64,128,1,49.1433
indexer,16,64,64,256,1,56.847
indexer,16,64,64,512,1,66.6403
indexer,16,64,64,1024,1,89.7285
indexer,16,64,64,2048,1,496.945
indexer,16,64,64,4096,1,230.056
indexer,16,64,64,8192,1,415.17
indexer,16,64,64,16384,1,895.938
indexer,16,64,128,16,1,49.0145
indexer,16,64,128,32,1,51.1197
indexer,16,64,128,64,1,53.9685
indexer,16,64,128,128,1,61.5525
indexer,16,64,128,256,1,69.3695
indexer,16,64,128,512,1,93.3512
indexer,16,64,128,1024,1,124.656
indexer,16,64,128,2048,1,567.337
indexer,16,64,128,4096,1,390.632
indexer,16,64,128,8192,1,1043.15
indexer,16,64,128,16384,1,1817.43
indexer,16,128,0,0,1,34.8315
indexer,16,128,1,16,1,34.0087
indexer,16,128,1,32,1,33.9755
indexer,16,128,1,64,1,33.9275
indexer,16,128,1,128,1,34.5365
indexer,16,128,1,256,1,37.847
indexer,16,128,1,512,1,45.841
indexer,16,128,1,1024,1,45.7677
indexer,16,128,1,2048,1,66.5445
indexer,16,128,1,4096,1,88.7527
indexer,16,128,1,8192,1,123.857
indexer,16,128,1,16384,1,128.912
indexer,16,128,2,16,1,34.3612
indexer,16,128,2,32,1,34.176
indexer,16,128,2,64,1,34.599
indexer,16,128,2,128,1,37.8877
indexer,16,128,2,256,1,45.3923
indexer,16,128,2,512,1,45.7518
indexer,16,128,2,1024,1,48.0075
indexer,16,128,2,2048,1,69.7685
indexer,16,128,2,4096,1,101.16
indexer,16,128,2,8192,1,144.704
indexer,16,128,2,16384,1,212.68
indexer,16,128,4,16,1,34.6325
indexer,16,128,4,32,1,34.7292
indexer,16,128,4,64,1,37.8477
indexer,16,128,4,128,1,45.8247
indexer,16,128,4,256,1,45.521
indexer,16,128,4,512,1,48.0643
indexer,16,128,4,1024,1,52.888
indexer,16,128,4,2048,1,81.153
indexer,16,128,4,4096,1,121.512
indexer,16,128,4,8192,1,175.152
indexer,16,128,4,16384,1,249.264
indexer,16,128,8,16,1,34.9845
indexer,16,128,8,32,1,34.9198
indexer,16,128,8,64,1,37.984
indexer,16,128,8,128,1,38.6653
indexer,16,128,8,256,1,40.679
indexer,16,128,8,512,1,44.1045
indexer,16,128,8,1024,1,55.152
indexer,16,128,8,2048,1,93.097
indexer,16,128,8,4096,1,128.41
indexer,16,128,8,8192,1,186.601
indexer,16,128,8,16384,1,275.327
indexer,16,128,16,16,1,36.0562
indexer,16,128,16,32,1,36.664
indexer,16,128,16,64,1,36.3765
indexer,16,128,16,128,1,36.8247
indexer,16,128,16,256,1,40.2722
indexer,16,128,16,512,1,51.9673
indexer,16,128,16,1024,1,67.1688
indexer,16,128,16,2048,1,448.368
indexer,16,128,16,4096,1,144.985
indexer,16,128,16,8192,1,212.72
indexer,16,128,16,16384,1,328.416
indexer,16,128,32,16,1,38.593
indexer,16,128,32,32,1,34.776
indexer,16,128,32,64,1,36.5282
indexer,16,128,32,128,1,40.448
indexer,16,128,32,256,1,53.3683
indexer,16,128,32,512,1,58.0568
indexer,16,128,32,1024,1,71.5678
indexer,16,128,32,2048,1,464.361
indexer,16,128,32,4096,1,172.536
indexer,16,128,32,8192,1,268.151
indexer,16,128,32,16384,1,473.464
indexer,16,128,64,16,1,39.0645
indexer,16,128,64,32,1,38.9038
indexer,16,128,64,64,1,44.872
indexer,16,128,64,128,1,49.1438
indexer,16,128,64,256,1,57.0077
indexer,16,128,64,512,1,66.3118
indexer,16,128,64,1024,1,89.2495
indexer,16,128,64,2048,1,496.698
indexer,16,128,64,4096,1,230.592
indexer,16,128,64,8192,1,419.666
indexer,16,128,64,16384,1,895.818
indexer,16,128,128,16,1,49.5277
indexer,16,128,128,32,1,52.0883
indexer,16,128,128,64,1,53.679
indexer,16,128,128,128,1,63.0315
indexer,16,128,128,256,1,67.895
indexer,16,128,128,512,1,92.0573
indexer,16,128,128,1024,1,124.713
indexer,16,128,128,2048,1,567.355
indexer,16,128,128,4096,1,389.89
indexer,16,128,128,8192,1,1046.58
indexer,16,128,128,16384,1,1817.08
indexer,16,256,0,0,1,38.5592
indexer,16,256,1,16,1,38.6727
indexer,16,256,1,32,1,38.5448
indexer,16,256,1,64,1,38.904
indexer,16,256,1,128,1,38.696
indexer,16,256,1,256,1,38.8815
indexer,16,256,1,512,1,45.4153
indexer,16,256,1,1024,1,45.5742
indexer,16,256,1,2048,1,64.7518
indexer,16,256,1,4096,1,88.8483
indexer,16,256,1,8192,1,123.192
indexer,16,256,1,16384,1,128.209
indexer,16,256,2,16,1,38.7198
indexer,16,256,2,32,1,38.8402
indexer,16,256,2,64,1,38.9747
indexer,16,256,2,128,1,39.064
indexer,16,256,2,256,1,45.2728
indexer,16,256,2,512,1,45.7198
indexer,16,256,2,1024,1,48.5125
indexer,16,256,2,2048,1,69.7512
indexer,16,256,2,4096,1,100.52
indexer,16,256,2,8192,1,144.952
indexer,16,256,2,16384,1,213.464
indexer,16,256,4,16,1,39.0247
indexer,16,256,4,32,1,38.649
indexer,16,256,4,64,1,39.1205
indexer,16,256,4,128,1,45.289
indexer,16,256,4,256,1,45.4575
indexer,16,256,4,512,1,48.2325
indexer,16,256,4,1024,1,53.0415
indexer,16,256,4,2048,1,79.0857
indexer,16,256,4,4096,1,121.993
indexer,16,256,4,8192,1,174.45
indexer,16,256,4,16384,1,249.184
indexer,16,256,8,16,1,39.2325
indexer,16,256,8,32,1,39.728
indexer,16,256,8,64,1,39.7362
indexer,16,256,8,128,1,38.7683
indexer,16,256,8,256,1,40.551
indexer,16,256,8,512,1,44.4883
indexer,16,256,8,1024,1,55.2003
indexer,16,256,8,2048,1,91.5523
indexer,16,256,8,4096,1,129.264
indexer,16,256,8,8192,1,185.186
indexer,16,256,8,16384,1,274.913
indexer,16,256,16,16,1,40.4812
indexer,16,256,16,32,1,40.6238
indexer,16,256,16,64,1,36.5525
indexer,16,256,16,128,1,36.7432
indexer,16,256,16,256,1,40.2547
indexer,16,256,16,512,1,52.1358
indexer,16,256,16,1024,1,67.2003
indexer,16,256,16,2048,1,448.384
indexer,16,256,16,4096,1,144.897
indexer,16,256,16,8192,1,212.464
indexer,16,256,16,16384,1,327.752
indexer,16,256,32,16,1,43.1123
indexer,16,256,32,32,1,38.8885
indexer,16,256,32,64,1,36.3125
indexer,16,256,32,128,1,40.7527
indexer,16,256,32,256,1,53.216
indexer,16,256,32,512,1,57.8883
indexer,16,256,32,1024,1,71.2243
indexer,16,256,32,2048,1,464.553
indexer,16,256,32,4096,1,172.528
indexer,16,256,32,8192,1,270.569
indexer,16,256,32,16384,1,474.737
indexer,16,256,64,16,1,43.1277
indexer,16,256,64,32,1,40.4318
indexer,16,256,64,64,1,44.943
indexer,16,256,64,128,1,49.1265
indexer,16,256,64,256,1,57.6628
indexer,16,256,64,512,1,66.5445
indexer,16,256,64,1024,1,90.0555
indexer,16,256,64,2048,1,497.242
indexer,16,256,64,4096,1,231.152
indexer,16,256,64,8192,1,418.072
indexer,16,256,64,16384,1,899.201
indexer,16,256,128,16,1,51.2485
indexer,16,256,128,32,1,52.3045
indexer,16,256,128,64,1,53.7842
indexer,16,256,128,128,1,62.3668
indexer,16,256,128,256,1,68.3755
indexer,16,256,128,512,1,93.0563
indexer,16,256,128,1024,1,125.144
indexer,16,256,128,2048,1,565.609
indexer,16,256,128,4096,1,395.345
indexer,16,256,128,8192,1,1046.67
indexer,16,256,128,16384,1,1816.56
indexer,16,512,0,0,1,46.5933
indexer,16,512,1,16,1,46.3993
indexer,16,512,1,32,1,46.4947
indexer,16,512,1,64,1,46.7197
indexer,16,512,1,128,1,46.576
indexer,16,512,1,256,1,46.4637
indexer,16,512,1,512,1,39.7212
indexer,16,512,1,1024,1,40.7925
indexer,16,512,1,2048,1,59.2073
indexer,16,512,1,4096,1,88.4
indexer,16,512,1,8192,1,125.033
indexer,16,512,1,16384,1,188.369
indexer,16,512,2,16,1,46.7615
indexer,16,512,2,32,1,46.7283
indexer,16,512,2,64,1,46.728
indexer,16,512,2,128,1,46.7668
indexer,16,512,2,256,1,39.401
indexer,16,512,2,512,1,40.776
indexer,16,512,2,1024,1,45.6175
indexer,16,512,2,2048,1,65.0627
indexer,16,512,2,4096,1,102.377
indexer,16,512,2,8192,1,152.456
indexer,16,512,2,16384,1,211.953
indexer,16,512,4,16,1,46.4565
indexer,16,512,4,32,1,46.5838
indexer,16,512,4,64,1,46.4805
indexer,16,512,4,128,1,39.9925
indexer,16,512,4,256,1,40.249
indexer,16,512,4,512,1,45.768
indexer,16,512,4,1024,1,52.1437
indexer,16,512,4,2048,1,78.2398
indexer,16,512,4,4096,1,129.832
indexer,16,512,4,8192,1,175.17
indexer,16,512,4,16384,1,248.576
indexer,16,512,8,16,1,47.1118
indexer,16,512,8,32,1,47.105
indexer,16,512,8,64,1,39.7927
indexer,16,512,8,128,1,36.5035
indexer,16,512,8,256,1,38.6562
indexer,16,512,8,512,1,45.4225
indexer,16,512,8,1024,1,59.9533
indexer,16,512,8,2048,1,88.8333
indexer,16,512,8,4096,1,128.927
indexer,16,512,8,8192,1,186.631
indexer,16,512,8,16384,1,275.584
indexer,16,512,16,16,1,48.096
indexer,16,512,16,32,1,40.4562
indexer,16,512,16,64,1,37.0968
indexer,16,512,16,128,1,37.4165
indexer,16,512,16,256,1,44.7442
indexer,16,512,16,512,1,59.0315
indexer,16,512,16,1024,1,67.2245
indexer,16,512,16,2048,1,448.289
indexer,16,512,16,4096,1,145.074
indexer,16,512,16,8192,1,213.202
indexer,16,512,16,16384,1,327.809
indexer,16,512,32,16,1,43.1843
indexer,16,512,32,32,1,39.2407
indexer,16,512,32,64,1,39.9277
indexer,16,512,32,128,1,42.6812
indexer,16,512,32,256,1,53.7845
indexer,16,512,32,512,1,58.4387
indexer,16,512,32,1024,1,71.8718
indexer,16,512,32,2048,1,464.529
indexer,16,512,32,4096,1,172.672
indexer,16,512,32,8192,1,270.585
indexer,16,512,32,16384,1,473.61
indexer,16,512,64,16,1,43.496
indexer,16,512,64,32,1,44.296
indexer,16,512,64,64,1,47.3285
indexer,16,512,64,128,1,49.512
indexer,16,512,64,256,1,57.6155
indexer,16,512,64,512,1,67.2563
indexer,16,512,64,1024,1,90.3367
indexer,16,512,64,2048,1,498.056
indexer,16,512,64,4096,1,232.177
indexer,16,512,64,8192,1,416.793
indexer,16,512,64,16384,1,897.577
indexer,16,512,128,16,1,54.6245
indexer,16,512,128,32,1,56.9682
indexer,16,512,128,64,1,59.1528
indexer,16,512,128,128,1,61.9995
indexer,16,512,128,256,1,68.9525
indexer,16,512,128,512,1,92.088
indexer,16,512,128,1024,1,125.079
indexer,16,512,128,2048,1,565.737
indexer,16,512,128,4096,1,392.625
indexer,16,512,128,8192,1,1048.65
indexer,16,512,128,16384,1,1820.59
indexer,16,1024,0,0,1,46.6487
indexer,16,1024,1,16,1,46.648
indexer,16,1024,1,32,1,46.7995
indexer,16,1024,1,64,1,46.8885
indexer,16,1024,1,128,1,46.5115
indexer,16,1024,1,256,1,46.8953
indexer,16,1024,1,512,1,41.6957
indexer,16,1024,1,1024,1,41.5123
indexer,16,1024,1,2048,1,56.929
indexer,16,1024,1,4096,1,88.352
indexer,16,1024,1,8192,1,125.577
indexer,16,1024,1,16384,1,187.937
indexer,16,1024,2,16,1,46.7765
indexer,16,1024,2,32,1,46.7598
indexer,16,1024,2,64,1,46.4245
indexer,16,1024,2,128,1,46.833
indexer,16,1024,2,256,1,41.695
indexer,16,1024,2,512,1,42.3205
indexer,16,1024,2,1024,1,43.5847
indexer,16,1024,2,2048,1,65.3193
indexer,16,1024,2,4096,1,102.488
indexer,16,1024,2,8192,1,153.936
indexer,16,1024,2,16384,1,210.568
indexer,16,1024,4,16,1,46.5688
indexer,16,1024,4,32,1,46.6558
indexer,16,1024,4,64,1,46.7603
indexer,16,1024,4,128,1,41.4875
indexer,16,1024,4,256,1,42.0395
indexer,16,1024,4,512,1,43.8395
indexer,16,1024,4,1024,1,52.912
indexer,16,1024,4,2048,1,78.9683
indexer,16,1024,4,4096,1,130
indexer,16,1024,4,8192,1,176.297
indexer,16,1024,4,16384,1,249.737
indexer,16,1024,8,16,1,47.0243
indexer,16,1024,8,32,1,47.1848
indexer,16,1024,8,64,1,41.4243
indexer,16,1024,8,128,1,41.1043
indexer,16,1024,8,256,1,39.384
indexer,16,1024,8,512,1,45.7615
indexer,16,1024,8,1024,1,60.5138
indexer,16,1024,8,2048,1,89.319
indexer,16,1024,8,4096,1,130.311
indexer,16,1024,8,8192,1,186.232
indexer,16,1024,8,16384,1,275.2
indexer,16,1024,16,16,1,48.4552
indexer,16,1024,16,32,1,42.1208
indexer,16,1024,16,64,1,42.632
indexer,16,1024,16,128,1,39.9203
indexer,16,1024,16,256,1,45.4002
indexer,16,1024,16,512,1,59.288
indexer,16,1024,16,1024,1,67.8818
indexer,16,1024,16,2048,1,448.648
indexer,16,1024,16,4096,1,145.881
indexer,16,1024,16,8192,1,213.383
indexer,16,1024,16,16384,1,327.673
indexer,16,1024,32,16,1,44.4395
indexer,16,1024,32,32,1,44.0797
indexer,16,1024,32,64,1,42.4078
indexer,16,1024,32,128,1,47.7512
indexer,16,1024,32,256,1,54.4245
indexer,16,1024,32,512,1,58.7448
indexer,16,1024,32,1024,1,72.129
indexer,16,1024,32,2048,1,465.391
indexer,16,1024,32,4096,1,173.561
indexer,16,1024,32,8192,1,271.96
indexer,16,1024,32,16384,1,475.489
indexer,16,1024,64,16,1,48.256
indexer,16,1024,64,32,1,46.2333
indexer,16,1024,64,64,1,52.1922
indexer,16,1024,64,128,1,54.064
indexer,16,1024,64,256,1,57.536
indexer,16,1024,64,512,1,67.6723
indexer,16,1024,64,1024,1,91.249
indexer,16,1024,64,2048,1,497.001
indexer,16,1024,64,4096,1,231.362
indexer,16,1024,64,8192,1,417.793
indexer,16,1024,64,16384,1,899.673
indexer,16,1024,128,16,1,56.1035
indexer,16,1024,128,32,1,59.3205
indexer,16,1024,128,64,1,60.2095
indexer,16,1024,128,128,1,62.5275
indexer,16,1024,128,256,1,69.4483
indexer,16,1024,128,512,1,89.5857
indexer,16,1024,128,1024,1,122.576
indexer,16,1024,128,2048,1,566.504
indexer,16,1024,128,4096,1,392.977
indexer,16,1024,128,8192,1,1048.19
indexer,16,1024,128,16384,1,1818.63
indexer,16,2048,0,0,1,73.528
indexer,16,2048,1,16,1,73.8102
indexer,16,2048,1,32,1,72.104
indexer,16,2048,1,64,1,71.863
indexer,16,2048,1,128,1,71.9838
indexer,16,2048,1,256,1,72.352
indexer,16,2048,1,512,1,69.744
indexer,16,2048,1,1024,1,66.9597
indexer,16,2048,1,2048,1,67.5365
indexer,16,2048,1,4096,1,88.0717
indexer,16,2048,1,8192,1,123.792
indexer,16,2048,1,16384,1,187.359
indexer,16,2048,2,16,1,71.4563
indexer,16,2048,2,32,1,72.2007
indexer,16,2048,2,64,1,71.8725
indexer,16,2048,2,128,1,71.872
indexer,16,2048,2,256,1,69.48
indexer,16,2048,2,512,1,67.112
indexer,16,2048,2,1024,1,67.6153
indexer,16,2048,2,2048,1,77.6725
indexer,16,2048,2,4096,1,100.647
indexer,16,2048,2,8192,1,157.128
indexer,16,2048,2,16384,1,218.712
indexer,16,2048,4,16,1,74.2398
indexer,16,2048,4,32,1,74.5842
indexer,16,2048,4,64,1,74.4245
indexer,16,2048,4,128,1,71.8325
indexer,16,2048,4,256,1,68.6795
indexer,16,2048,4,512,1,68.8395
indexer,16,2048,4,1024,1,79.7212
indexer,16,2048,4,2048,1,93.3522
indexer,16,2048,4,4096,1,132.976
indexer,16,2048,4,8192,1,181.025
indexer,16,2048,4,16384,1,260.471
indexer,16,2048,8,16,1,73.5673
indexer,16,2048,8,32,1,73.3212
indexer,16,2048,8,64,1,71.6003
indexer,16,2048,8,128,1,68.72
indexer,16,2048,8,256,1,68.7915
indexer,16,2048,8,512,1,70.658
indexer,16,2048,8,1024,1,86.4072
indexer,16,2048,8,2048,1,105.018
indexer,16,2048,8,4096,1,128.616
indexer,16,2048,8,8192,1,187.985
indexer,16,2048,8,16384,1,278.136
indexer,16,2048,16,16,1,72.4
indexer,16,2048,16,32,1,70.216
indexer,16,2048,16,64,1,67.9523
indexer,16,2048,16,128,1,67.9208
indexer,16,2048,16,256,1,70.5847
indexer,16,2048,16,512,1,82.7602
indexer,16,2048,16,1024,1,93.1208
indexer,16,2048,16,2048,1,458.041
indexer,16,2048,16,4096,1,146.256
indexer,16,2048,16,8192,1,220.089
indexer,16,2048,16,16384,1,338.144
indexer,16,2048,32,16,1,72.6085
indexer,16,2048,32,32,1,70.8565
indexer,16,2048,32,64,1,70.336
indexer,16,2048,32,128,1,73.6715
indexer,16,2048,32,256,1,79.1767
indexer,16,2048,32,512,1,82.3203
indexer,16,2048,32,1024,1,95.1133
indexer,16,2048,32,2048,1,466.512
indexer,16,2048,32,4096,1,173.736
indexer,16,2048,32,8192,1,275.287
indexer,16,2048,32,16384,1,486.241
indexer,16,2048,64,16,1,75.2082
indexer,16,2048,64,32,1,74.5925
indexer,16,2048,64,64,1,77.777
indexer,16,2048,64,128,1,79.3435
indexer,16,2048,64,256,1,83.8733
indexer,16,2048,64,512,1,91.5122
indexer,16,2048,64,1024,1,116.831
indexer,16,2048,64,2048,1,499.233
indexer,16,2048,64,4096,1,237.225
indexer,16,2048,64,8192,1,424.288
indexer,16,2048,64,16384,1,905.434
indexer,16,2048,128,16,1,88.2647
indexer,16,2048,128,32,1,89.369
indexer,16,2048,128,64,1,91.4165
indexer,16,2048,128,128,1,92.1275
indexer,16,2048,128,256,1,97.5925
indexer,16,2048,128,512,1,112.999
indexer,16,2048,128,1024,1,145.76
indexer,16,2048,128,2048,1,571.568
indexer,16,2048,128,4096,1,393.409
indexer,16,2048,128,8192,1,1054.6
indexer,16,2048,128,16384,1,1827.39
indexer,16,4096,0,0,1,415.769
indexer,16,4096,1,16,1,418.921
indexer,16,4096,1,32,1,424.384
indexer,16,4096,1,64,1,423.864
indexer,16,4096,1,128,1,426.737
indexer,16,4096,1,256,1,422.794
indexer,16,4096,1,512,1,423.864
indexer,16,4096,1,1024,1,419.504
indexer,16,4096,1,2048,1,424.32
indexer,16,4096,1,4096,1,426.432
indexer,16,4096,1,8192,1,444.968
indexer,16,4096,1,16384,1,468.337
indexer,16,4096,2,16,1,423.266
indexer,16,4096,2,32,1,424.937
indexer,16,4096,2,64,1,423.993
indexer,16,4096,2,128,1,409.553
indexer,16,4096,2,256,1,409.872
indexer,16,4096,2,512,1,409.249
indexer,16,4096,2,1024,1,411.472
indexer,16,4096,2,2048,1,412.344
indexer,16,4096,2,4096,1,429.77
indexer,16,4096,2,8192,1,454.064
indexer,16,4096,2,16384,1,479.93
indexer,16,4096,4,16,1,409.416
indexer,16,4096,4,32,1,409.834
indexer,16,4096,4,64,1,409.424
indexer,16,4096,4,128,1,409.337
indexer,16,4096,4,256,1,409.393
indexer,16,4096,4,512,1,411.057
indexer,16,4096,4,1024,1,412.618
indexer,16,4096,4,2048,1,430.08
indexer,16,4096,4,4096,1,453.873
indexer,16,4096,4,8192,1,479.906
indexer,16,4096,4,16384,1,515.2
indexer,16,4096,8,16,1,409.721
indexer,16,4096,8,32,1,409.81
indexer,16,4096,8,64,1,409.569
indexer,16,4096,8,128,1,410.041
indexer,16,4096,8,256,1,412.241
indexer,16,4096,8,512,1,412.608
indexer,16,4096,8,1024,1,422.752
indexer,16,4096,8,2048,1,446.785
indexer,16,4096,8,4096,1,456.576
indexer,16,4096,8,8192,1,487.568
indexer,16,4096,8,16384,1,542.162
indexer,16,4096,16,16,1,410.377
indexer,16,4096,16,32,1,410.322
indexer,16,4096,16,64,1,415.169
indexer,16,4096,16,128,1,421.577
indexer,16,4096,16,256,1,413.793
indexer,16,4096,16,512,1,422.489
indexer,16,4096,16,1024,1,426.897
indexer,16,4096,16,2048,1,456.16
indexer,16,4096,16,4096,1,470.001
indexer,16,4096,16,8192,1,514.225
indexer,16,4096,16,16384,1,592.466
indexer,16,4096,32,16,1,412.786
indexer,16,4096,32,32,1,413.249
indexer,16,4096,32,64,1,415.265
indexer,16,4096,32,128,1,416.393
indexer,16,4096,32,256,1,418.224
indexer,16,4096,32,512,1,422.688
indexer,16,4096,32,1024,1,432.329
indexer,16,4096,32,2048,1,468.801
indexer,16,4096,32,4096,1,500.472
indexer,16,4096,32,8192,1,571.784
indexer,16,4096,32,16384,1,740.658
indexer,16,4096,64,16,1,416.696
indexer,16,4096,64,32,1,417.473
indexer,16,4096,64,64,1,422.515
indexer,16,4096,64,128,1,421.201
indexer,16,4096,64,256,1,424.81
indexer,16,4096,64,512,1,435.04
indexer,16,4096,64,1024,1,451.202
indexer,16,4096,64,2048,1,515.377
indexer,16,4096,64,4096,1,557.632
indexer,16,4096,64,8192,1,717.762
indexer,16,4096,64,16384,1,1163.07
indexer,16,4096,128,16,1,431.585
indexer,16,4096,128,32,1,433.353
indexer,16,4096,128,64,1,435.24
indexer,16,4096,128,128,1,436.122
indexer,16,4096,128,256,1,447.016
indexer,16,4096,128,512,1,459.689
indexer,16,4096,128,1024,1,489.656
indexer,16,4096,128,2048,1,567.706
indexer,16,4096,128,4096,1,719.13
indexer,16,4096,128,8192,1,1302.51
indexer,16,4096,128,16384,1,2085.52
indexer,16,8192,0,0,1,127.025
indexer,16,8192,1,16,1,125.223
indexer,16,8192,1,32,1,125.88
indexer,16,8192,1,64,1,125.848
indexer,16,8192,1,128,1,126.927
indexer,16,8192,1,256,1,127.351
indexer,16,8192,1,512,1,128.736
indexer,16,8192,1,1024,1,128.736
indexer,16,8192,1,2048,1,127.873
indexer,16,8192,1,4096,1,135.239
indexer,16,8192,1,8192,1,143.119
indexer,16,8192,1,16384,1,189.625
indexer,16,8192,2,16,1,125.218
indexer,16,8192,2,32,1,125.64
indexer,16,8192,2,64,1,126.376
indexer,16,8192,2,128,1,127.345
indexer,16,8192,2,256,1,129.145
indexer,16,8192,2,512,1,129.233
indexer,16,8192,2,1024,1,128.018
indexer,16,8192,2,2048,1,135.497
indexer,16,8192,2,4096,1,142.736
indexer,16,8192,2,8192,1,161.584
indexer,16,8192,2,16384,1,220.328
indexer,16,8192,4,16,1,126.088
indexer,16,8192,4,32,1,126.561
indexer,16,8192,4,64,1,126.952
indexer,16,8192,4,128,1,129.448
indexer,16,8192,4,256,1,128.751
indexer,16,8192,4,512,1,128.343
indexer,16,8192,4,1024,1,135.688
indexer,16,8192,4,2048,1,142.256
indexer,16,8192,4,4096,1,161.089
indexer,16,8192,4,8192,1,186.849
indexer,16,8192,4,16384,1,259.873
indexer,16,8192,8,16,1,126.96
indexer,16,8192,8,32,1,126.937
indexer,16,8192,8,64,1,129.408
indexer,16,8192,8,128,1,130.096
indexer,16,8192,8,256,1,128.96
indexer,16,8192,8,512,1,135.568
indexer,16,8192,8,1024,1,143.946
indexer,16,8192,8,2048,1,462.921
indexer,16,8192,8,4096,1,168.568
indexer,16,8192,8,8192,1,194.959
indexer,16,8192,8,16384,1,285.423
indexer,16,8192,16,16,1,126.447
indexer,16,8192,16,32,1,130.44
indexer,16,8192,16,64,1,129.807
indexer,16,8192,16,128,1,130.064
indexer,16,8192,16,256,1,136.497
indexer,16,8192,16,512,1,139.017
indexer,16,8192,16,1024,1,142.129
indexer,16,8192,16,2048,1,459.776
indexer,16,8192,16,4096,1,175.704
indexer,16,8192,16,8192,1,222.185
indexer,16,8192,16,16384,1,337.488
indexer,16,8192,32,16,1,130.608
indexer,16,8192,32,32,1,129.817
indexer,16,8192,32,64,1,130.273
indexer,16,8192,32,128,1,134.84
indexer,16,8192,32,256,1,137.857
indexer,16,8192,32,512,1,138.84
indexer,16,8192,32,1024,1,149.673
indexer,16,8192,32,2048,1,473.585
indexer,16,8192,32,4096,1,206.026
indexer,16,8192,32,8192,1,280.697
indexer,16,8192,32,16384,1,485.001
indexer,16,8192,64,16,1,136.775
indexer,16,8192,64,32,1,137.536
indexer,16,8192,64,64,1,138.623
indexer,16,8192,64,128,1,139.976
indexer,16,8192,64,256,1,144.255
indexer,16,8192,64,512,1,153.375
indexer,16,8192,64,1024,1,170.769
indexer,16,8192,64,2048,1,509.696
indexer,16,8192,64,4096,1,262.624
indexer,16,8192,64,8192,1,424.425
indexer,16,8192,64,16384,1,908.681
indexer,16,8192,128,16,1,156.144
indexer,16,8192,128,32,1,160.329
indexer,16,8192,128,64,1,161.592
indexer,16,8192,128,128,1,163.488
indexer,16,8192,128,256,1,175.456
indexer,16,8192,128,512,1,185.008
indexer,16,8192,128,1024,1,209.449
indexer,16,8192,128,2048,1,570.417
indexer,16,8192,128,4096,1,419.817
indexer,16,8192,128,8192,1,1008.31
indexer,16,8192,128,16384,1,1827.14
indexer,16,16384,0,0,1,151.208
indexer,16,16384,1,16,1,150.864
indexer,16,16384,1,32,1,150.768
indexer,16,16384,1,64,1,150.952
indexer,16,16384,1,128,1,150.487
indexer,16,16384,1,256,1,150.761
indexer,16,16384,1,512,1,159.928
indexer,16,16384,1,1024,1,159.663
indexer,16,16384,1,2048,1,468.96
indexer,16,16384,1,4096,1,160.546
indexer,16,16384,1,8192,1,162.896
indexer,16,16384,1,16384,1,199.265
indexer,16,16384,2,16,1,150.889
indexer,16,16384,2,32,1,150.936
indexer,16,16384,2,64,1,150.577
indexer,16,16384,2,128,1,150.873
indexer,16,16384,2,256,1,159.769
indexer,16,16384,2,512,1,160.168
indexer,16,16384,2,1024,1,159.944
indexer,16,16384,2,2048,1,467.736
indexer,16,16384,2,4096,1,162.712
indexer,16,16384,2,8192,1,165.552
indexer,16,16384,2,16384,1,227.863
indexer,16,16384,4,16,1,151
indexer,16,16384,4,32,1,151.057
indexer,16,16384,4,64,1,150.64
indexer,16,16384,4,128,1,159.72
indexer,16,16384,4,256,1,159.913
indexer,16,16384,4,512,1,160.032
indexer,16,16384,4,1024,1,159.497
indexer,16,16384,4,2048,1,469.481
indexer,16,16384,4,4096,1,164.999
indexer,16,16384,4,8192,1,192.53
indexer,16,16384,4,16384,1,266.32
indexer,16,16384,8,16,1,150.985
indexer,16,16384,8,32,1,151.081
indexer,16,16384,8,64,1,151.93
indexer,16,16384,8,128,1,152
indexer,16,16384,8,256,1,152.471
indexer,16,16384,8,512,1,152.064
indexer,16,16384,8,1024,1,155.072
indexer,16,16384,8,2048,1,466.553
indexer,16,16384,8,4096,1,166.929
indexer,16,16384,8,8192,1,201.64
indexer,16,16384,8,16384,1,292.807
indexer,16,16384,16,16,1,148.369
indexer,16,16384,16,32,1,149.361
indexer,16,16384,16,64,1,149.84
indexer,16,16384,16,128,1,150.192
indexer,16,16384,16,256,1,149.705
indexer,16,16384,16,512,1,152.608
indexer,16,16384,16,1024,1,155.922
indexer,16,16384,16,2048,1,476.081
indexer,16,16384,16,4096,1,181.905
indexer,16,16384,16,8192,1,229.657
indexer,16,16384,16,16384,1,347.976
indexer,16,16384,32,16,1,147.631
indexer,16,16384,32,32,1,147.6
indexer,16,16384,32,64,1,148.321
indexer,16,16384,32,128,1,148.192
indexer,16,16384,32,256,1,152.592
indexer,16,16384,32,512,1,155.522
indexer,16,16384,32,1024,1,167.087
indexer,16,16384,32,2048,1,494.072
indexer,16,16384,32,4096,1,213.336
indexer,16,16384,32,8192,1,289.28
indexer,16,16384,32,16384,1,497.825
indexer,16,16384,64,16,1,163.162
indexer,16,16384,64,32,1,163.385
indexer,16,16384,64,64,1,163.223
indexer,16,16384,64,128,1,166.231
indexer,16,16384,64,256,1,168.632
indexer,16,16384,64,512,1,178.576
indexer,16,16384,64,1024,1,196.232
indexer,16,16384,64,2048,1,529.105
indexer,16,16384,64,4096,1,264.241
indexer,16,16384,64,8192,1,432.976
indexer,16,16384,64,16384,1,918.186
indexer,16,16384,128,16,1,202.289
indexer,16,16384,128,32,1,202.441
indexer,16,16384,128,64,1,204.937
indexer,16,16384,128,128,1,207.666
indexer,16,16384,128,256,1,218.218
indexer,16,16384,128,512,1,231.73
indexer,16,16384,128,1024,1,255.808
indexer,16,16384,128,2048,1,611.442
indexer,16,16384,128,4096,1,419.809
indexer,16,16384,128,8192,1,1014.98
indexer,16,16384,128,16384,1,1835.08
indexer,32,0,0,0,1,28.7912
indexer,32,0,1,16,1,44.6412
indexer,32,0,1,32,1,44.224
indexer,32,0,1,64,1,44.7762
indexer,32,0,1,128,1,44.6155
indexer,32,0,1,256,1,45.3122
indexer,32,0,1,512,1,44.9677
indexer,32,0,1,1024,1,44.855
indexer,32,0,1,2048,1,61.3198
indexer,32,0,1,4096,1,73.0315
indexer,32,0,1,8192,1,74.8407
indexer,32,0,1,16384,1,85.4402
indexer,32,0,2,16,1,44.976
indexer,32,0,2,32,1,45.2635
indexer,32,0,2,64,1,45.8653
indexer,32,0,2,128,1,45.7035
indexer,32,0,2,256,1,45.711
indexer,32,0,2,512,1,46.3388
indexer,32,0,2,1024,1,46.3688
indexer,32,0,2,2048,1,66.5435
indexer,32,0,2,4096,1,76.3102
indexer,32,0,2,8192,1,79.92
indexer,32,0,2,16384,1,95.2085
indexer,32,0,4,16,1,45.6955
indexer,32,0,4,32,1,46.112
indexer,32,0,4,64,1,46.0965
indexer,32,0,4,128,1,45.9278
indexer,32,0,4,256,1,46.1675
indexer,32,0,4,512,1,46.1753
indexer,32,0,4,1024,1,46.9525
indexer,32,0,4,2048,1,68.297
indexer,32,0,4,4096,1,78.9835
indexer,32,0,4,8192,1,85.7915
indexer,32,0,4,16384,1,105.137
indexer,32,0,8,16,1,45.4965
indexer,32,0,8,32,1,45.208
indexer,32,0,8,64,1,46.3043
indexer,32,0,8,128,1,46.4808
indexer,32,0,8,256,1,46.6085
indexer,32,0,8,512,1,47.023
indexer,32,0,8,1024,1,47.1695
indexer,32,0,8,2048,1,69.183
indexer,32,0,8,4096,1,84.3187
indexer,32,0,8,8192,1,94.9122
indexer,32,0,8,16384,1,124.416
indexer,32,0,16,16,1,45.3675
indexer,32,0,16,32,1,45.44
indexer,32,0,16,64,1,46.161
indexer,32,0,16,128,1,46.4393
indexer,32,0,16,256,1,47.0563
indexer,32,0,16,512,1,48.1755
indexer,32,0,16,1024,1,50.6068
indexer,32,0,16,2048,1,77.0648
indexer,32,0,16,4096,1,96.3113
indexer,32,0,16,8192,1,119.736
indexer,32,0,16,16384,1,166.088
indexer,32,0,32,16,1,47.2488
indexer,32,0,32,32,1,47.4232
indexer,32,0,32,64,1,48.1197
indexer,32,0,32,128,1,49.0323
indexer,32,0,32,256,1,49.954
indexer,32,0,32,512,1,52.3918
indexer,32,0,32,1024,1,58.4722
indexer,32,0,32,2048,1,110.465
indexer,32,0,32,4096,1,150.808
indexer,32,0,32,8192,1,198.419
indexer,32,0,32,16384,1,284.488
indexer,32,0,64,16,1,50.1615
indexer,32,0,64,32,1,50.5245
indexer,32,0,64,64,1,51.6407
indexer,32,0,64,128,1,52.7852
indexer,32,0,64,256,1,54.4
indexer,32,0,64,512,1,59.9218
indexer,32,0,64,1024,1,68.9908
indexer,32,0,64,2048,1,175.103
indexer,32,0,64,4096,1,248.359
indexer,32,0,64,8192,1,341.295
indexer,32,0,64,16384,1,531.599
indexer,32,0,128,16,1,55.9205
indexer,32,0,128,32,1,55.5923
indexer,32,0,128,64,1,58.233
indexer,32,0,128,128,1,61.0968
indexer,32,0,128,256,1,64.2725
indexer,32,0,128,512,1,74.713
indexer,32,0,128,1024,1,93.4325
indexer,32,0,128,2048,1,277.057
indexer,32,0,128,4096,1,418.384
indexer,32,0,128,8192,1,612.707
indexer,32,0,128,16384,1,972.524
indexer,32,16,0,0,1,30.281
indexer,32,16,1,16,1,30.6157
indexer,32,16,1,32,1,30.36
indexer,32,16,1,64,1,30.176
indexer,32,16,1,128,1,34.1447
indexer,32,16,1,256,1,38.7597
indexer,32,16,1,512,1,45.3755
indexer,32,16,1,1024,1,46.024
indexer,32,16,1,2048,1,68.1998
indexer,32,16,1,4096,1,416.561
indexer,32,16,1,8192,1,124.009
indexer,32,16,1,16384,1,126.512
indexer,32,16,2,16,1,30.2795
indexer,32,16,2,32,1,30.3518
indexer,32,16,2,64,1,34.1302
indexer,32,16,2,128,1,38.592
indexer,32,16,2,256,1,45.7508
indexer,32,16,2,512,1,46.0078
indexer,32,16,2,1024,1,47.968
indexer,32,16,2,2048,1,71.9365
indexer,32,16,2,4096,1,427.889
indexer,32,16,2,8192,1,141.377
indexer,32,16,2,16384,1,203.456
indexer,32,16,4,16,1,30.5123
indexer,32,16,4,32,1,34.4243
indexer,32,16,4,64,1,38.872
indexer,32,16,4,128,1,46.2318
indexer,32,16,4,256,1,45.9838
indexer,32,16,4,512,1,48.1833
indexer,32,16,4,1024,1,53.2253
indexer,32,16,4,2048,1,83.626
indexer,32,16,4,4096,1,446.393
indexer,32,16,4,8192,1,168.865
indexer,32,16,4,16384,1,262.673
indexer,32,16,8,16,1,30.8963
indexer,32,16,8,32,1,34.841
indexer,32,16,8,64,1,39.2963
indexer,32,16,8,128,1,39.28
indexer,32,16,8,256,1,40.512
indexer,32,16,8,512,1,44.4393
indexer,32,16,8,1024,1,55.4887
indexer,32,16,8,2048,1,88.6883
indexer,32,16,8,4096,1,452.673
indexer,32,16,8,8192,1,187.849
indexer,32,16,8,16384,1,293.984
indexer,32,16,16,16,1,32.4395
indexer,32,16,16,32,1,36.6085
indexer,32,16,16,64,1,36.1832
indexer,32,16,16,128,1,36.5523
indexer,32,16,16,256,1,40.5832
indexer,32,16,16,512,1,51.202
indexer,32,16,16,1024,1,60.8165
indexer,32,16,16,2048,1,442.816
indexer,32,16,16,4096,1,470.195
indexer,32,16,16,8192,1,219.178
indexer,32,16,16,16384,1,351.361
indexer,32,16,32,16,1,34.5522
indexer,32,16,32,32,1,34.9602
indexer,32,16,32,64,1,36.359
indexer,32,16,32,128,1,40.9115
indexer,32,16,32,256,1,48.8817
indexer,32,16,32,512,1,54.968
indexer,32,16,32,1024,1,72.5683
indexer,32,16,32,2048,1,461.024
indexer,32,16,32,4096,1,501.529
indexer,32,16,32,8192,1,280.61
indexer,32,16,32,16384,1,504.282
indexer,32,16,64,16,1,39.1132
indexer,32,16,64,32,1,39.0325
indexer,32,16,64,64,1,43.864
indexer,32,16,64,128,1,46.4642
indexer,32,16,64,256,1,50.7993
indexer,32,16,64,512,1,64.063
indexer,32,16,64,1024,1,88.3115
indexer,32,16,64,2048,1,498.673
indexer,32,16,64,4096,1,567.594
indexer,32,16,64,8192,1,438.968
indexer,32,16,64,16384,1,914.012
indexer,32,16,128,16,1,49.3043
indexer,32,16,128,32,1,51.3522
indexer,32,16,128,64,1,53.08
indexer,32,16,128,128,1,59.0805
indexer,32,16,128,256,1,71.1285
indexer,32,16,128,512,1,91.7925
indexer,32,16,128,1024,1,130.202
indexer,32,16,128,2048,1,573.785
indexer,32,16,128,4096,1,739.786
indexer,32,16,128,8192,1,971.698
indexer,32,16,128,16384,1,1820.87
indexer,32,32,0,0,1,30.576
indexer,32,32,1,16,1,29.9925
indexer,32,32,1,32,1,30.0082
indexer,32,32,1,64,1,30.3765
indexer,32,32,1,128,1,33.6167
indexer,32,32,1,256,1,37.9922
indexer,32,32,1,512,1,45.6552
indexer,32,32,1,1024,1,46.152
indexer,32,32,1,2048,1,67.9358
indexer,32,32,1,4096,1,416.825
indexer,32,32,1,8192,1,122.84
indexer,32,32,1,16384,1,126.969
indexer,32,32,2,16,1,30.3757
indexer,32,32,2,32,1,30.5367
indexer,32,32,2,64,1,33.9372
indexer,32,32,2,128,1,38.3035
indexer,32,32,2,256,1,46.0163
indexer,32,32,2,512,1,46.44
indexer,32,32,2,1024,1,48.0793
indexer,32,32,2,2048,1,71.9993
indexer,32,32,2,4096,1,427.817
indexer,32,32,2,8192,1,140.833
indexer,32,32,2,16384,1,205.016
indexer,32,32,4,16,1,30.4555
indexer,32,32,4,32,1,33.928
indexer,32,32,4,64,1,38.5922
indexer,32,32,4,128,1,45.9275
indexer,32,32,4,256,1,46.001
indexer,32,32,4,512,1,47.544
indexer,32,32,4,1024,1,52.7595
indexer,32,32,4,2048,1,83.5125
indexer,32,32,4,4096,1,446.77
indexer,32,32,4,8192,1,169.025
indexer,32,32,4,16384,1,264.249
indexer,32,32,8,16,1,31.2235
indexer,32,32,8,32,1,34.8875
indexer,32,32,8,64,1,39.257
indexer,32,32,8,128,1,39.3363
indexer,32,32,8,256,1,40.5847
indexer,32,32,8,512,1,44.4487
indexer,32,32,8,1024,1,55.4078
indexer,32,32,8,2048,1,89.2393
indexer,32,32,8,4096,1,453.64
indexer,32,32,8,8192,1,188.04
indexer,32,32,8,16384,1,296.521
indexer,32,32,16,16,1,32.432
indexer,32,32,16,32,1,36.3672
indexer,32,32,16,64,1,36.713
indexer,32,32,16,128,1,36.601
indexer,32,32,16,256,1,40.3355
indexer,32,32,16,512,1,50.8315
indexer,32,32,16,1024,1,60.1915
indexer,32,32,16,2048,1,442.953
indexer,32,32,16,4096,1,469.809
indexer,32,32,16,8192,1,218.664
indexer,32,32,16,16384,1,357.24
indexer,32,32,32,16,1,35.0885
indexer,32,32,32,32,1,34.8147
indexer,32,32,32,64,1,36.8632
indexer,32,32,32,128,1,40.7522
indexer,32,32,32,256,1,49.7833
indexer,32,32,32,512,1,54.9043
indexer,32,32,32,1024,1,72.064
indexer,32,32,32,2048,1,461.418
indexer,32,32,32,4096,1,502.393
indexer,32,32,32,8192,1,281.688
indexer,32,32,32,16384,1,505.769
indexer,32,32,64,16,1,39.0325
indexer,32,32,64,32,1,39.5613
indexer,32,32,64,64,1,43.2567
indexer,32,32,64,128,1,46.0725
indexer,32,32,64,256,1,51.3765
indexer,32,32,64,512,1,64.0478
indexer,32,32,64,1024,1,88.4483
indexer,32,32,64,2048,1,495.201
indexer,32,32,64,4096,1,567.578
indexer,32,32,64,8192,1,439.321
indexer,32,32,64,16384,1,915.81
indexer,32,32,128,16,1,49.1198
indexer,32,32,128,32,1,51.0393
indexer,32,32,128,64,1,53.1442
indexer,32,32,128,128,1,59.0648
indexer,32,32,128,256,1,71.704
indexer,32,32,128,512,1,91.608
indexer,32,32,128,1024,1,129.897
indexer,32,32,128,2048,1,578.154
indexer,32,32,128,4096,1,742.098
indexer,32,32,128,8192,1,974.378
indexer,32,32,128,16384,1,1818.95
indexer,32,64,0,0,1,30.088
indexer,32,64,1,16,1,30.184
indexer,32,64,1,32,1,30.2405
indexer,32,64,1,64,1,30.303
indexer,32,64,1,128,1,33.7115
indexer,32,64,1,256,1,38.1923
indexer,32,64,1,512,1,45.8075
indexer,32,64,1,1024,1,45.737
indexer,32,64,1,2048,1,66.2563
indexer,32,64,1,4096,1,427.489
indexer,32,64,1,8192,1,123.824
indexer,32,64,1,16384,1,126.2
indexer,32,64,2,16,1,30.5443
indexer,32,64,2,32,1,30.7032
indexer,32,64,2,64,1,33.9112
indexer,32,64,2,128,1,38.4325
indexer,32,64,2,256,1,45.8558
indexer,32,64,2,512,1,46.192
indexer,32,64,2,1024,1,47.9845
indexer,32,64,2,2048,1,69.8088
indexer,32,64,2,4096,1,439
indexer,32,64,2,8192,1,141.089
indexer,32,64,2,16384,1,205.728
indexer,32,64,4,16,1,30.5843
indexer,32,64,4,32,1,34.0005
indexer,32,64,4,64,1,38.7683
indexer,32,64,4,128,1,45.9683
indexer,32,64,4,256,1,46.393
indexer,32,64,4,512,1,47.6808
indexer,32,64,4,1024,1,52.896
indexer,32,64,4,2048,1,81.1527
indexer,32,64,4,4096,1,457.641
indexer,32,64,4,8192,1,169.201
indexer,32,64,4,16384,1,263.992
indexer,32,64,8,16,1,30.8717
indexer,32,64,8,32,1,35.0082
indexer,32,64,8,64,1,39.4967
indexer,32,64,8,128,1,40.0315
indexer,32,64,8,256,1,40.6792
indexer,32,64,8,512,1,44.5033
indexer,32,64,8,1024,1,55.4083
indexer,32,64,8,2048,1,87.1995
indexer,32,64,8,4096,1,463.978
indexer,32,64,8,8192,1,187.536
indexer,32,64,8,16384,1,296.264
indexer,32,64,16,16,1,32.152
indexer,32,64,16,32,1,36.2805
indexer,32,64,16,64,1,36.4243
indexer,32,64,16,128,1,36.441
indexer,32,64,16,256,1,40.7437
indexer,32,64,16,512,1,51.144
indexer,32,64,16,1024,1,60.3923
indexer,32,64,16,2048,1,441.481
indexer,32,64,16,4096,1,480.633
indexer,32,64,16,8192,1,219.096
indexer,32,64,16,16384,1,354.785
indexer,32,64,32,16,1,34.9845
indexer,32,64,32,32,1,34.7118
indexer,32,64,32,64,1,36.736
indexer,32,64,32,128,1,40.9282
indexer,32,64,32,256,1,49.7677
indexer,32,64,32,512,1,54.4723
indexer,32,64,32,1024,1,71.608
indexer,32,64,32,2048,1,460.952
indexer,32,64,32,4096,1,512.152
indexer,32,64,32,8192,1,281.743
indexer,32,64,32,16384,1,505.658
indexer,32,64,64,16,1,38.8555
indexer,32,64,64,32,1,39.6635
indexer,32,64,64,64,1,42.8625
indexer,32,64,64,128,1,46.217
indexer,32,64,64,256,1,51.0628
indexer,32,64,64,512,1,64.1445
indexer,32,64,64,1024,1,88.504
indexer,32,64,64,2048,1,494.841
indexer,32,64,64,4096,1,578.521
indexer,32,64,64,8192,1,440.745
indexer,32,64,64,16384,1,917.745
indexer,32,64,128,16,1,49.672
indexer,32,64,128,32,1,50.7848
indexer,32,64,128,64,1,52.9685
indexer,32,64,128,128,1,58.8008
indexer,32,64,128,256,1,70.712
indexer,32,64,128,512,1,91.7605
indexer,32,64,128,1024,1,130.656
indexer,32,64,128,2048,1,572.745
indexer,32,64,128,4096,1,751.627
indexer,32,64,128,8192,1,969.282
indexer,32,64,128,16384,1,1818.97
indexer,32,128,0,0,1,34.481
indexer,32,128,1,16,1,34.7277
indexer,32,128,1,32,1,34.6152
indexer,32,128,1,64,1,34.7905
indexer,32,128,1,128,1,34.9352
indexer,32,128,1,256,1,38.3997
indexer,32,128,1,512,1,46.0318
indexer,32,128,1,1024,1,45.7922
indexer,32,128,1,2048,1,66.0717
indexer,32,128,1,4096,1,89.0182
indexer,32,128,1,8192,1,123.505
indexer,32,128,1,16384,1,127.24
indexer,32,128,2,16,1,34.7685
indexer,32,128,2,32,1,35.0407
indexer,32,128,2,64,1,35.3118
indexer,32,128,2,128,1,38.7927
indexer,32,128,2,256,1,45.9995
indexer,32,128,2,512,1,46.0565
indexer,32,128,2,1024,1,48.224
indexer,32,128,2,2048,1,70.1668
indexer,32,128,2,4096,1,101.248
indexer,32,128,2,8192,1,141.833
indexer,32,128,2,16384,1,206.561
indexer,32,128,4,16,1,34.824
indexer,32,128,4,32,1,35.0405
indexer,32,128,4,64,1,39.0808
indexer,32,128,4,128,1,46.0798
indexer,32,128,4,256,1,45.7698
indexer,32,128,4,512,1,47.832
indexer,32,128,4,1024,1,53.0962
indexer,32,128,4,2048,1,81.4405
indexer,32,128,4,4096,1,119.256
indexer,32,128,4,8192,1,170.017
indexer,32,128,4,16384,1,264.208
indexer,32,128,8,16,1,35.6232
indexer,32,128,8,32,1,35.64
indexer,32,128,8,64,1,39.2567
indexer,32,128,8,128,1,39.2235
indexer,32,128,8,256,1,40.4802
indexer,32,128,8,512,1,44.7205
indexer,32,128,8,1024,1,55.5675
indexer,32,128,8,2048,1,87.617
indexer,32,128,8,4096,1,125.809
indexer,32,128,8,8192,1,188.864
indexer,32,128,8,16384,1,295.952
indexer,32,128,16,16,1,36.8155
indexer,32,128,16,32,1,37.369
indexer,32,128,16,64,1,36.4318
indexer,32,128,16,128,1,36.9365
indexer,32,128,16,256,1,40.6553
indexer,32,128,16,512,1,51.3907
indexer,32,128,16,1024,1,61.0808
indexer,32,128,16,2048,1,441.713
indexer,32,128,16,4096,1,141.464
indexer,32,128,16,8192,1,220.849
indexer,32,128,16,16384,1,353.465
indexer,32,128,32,16,1,38.8458
indexer,32,128,32,32,1,35.1197
indexer,32,128,32,64,1,36.7125
indexer,32,128,32,128,1,41.1045
indexer,32,128,32,256,1,48.9368
indexer,32,128,32,512,1,55.2798
indexer,32,128,32,1024,1,72.4728
indexer,32,128,32,2048,1,461.065
indexer,32,128,32,4096,1,173.496
indexer,32,128,32,8192,1,282.145
indexer,32,128,32,16384,1,505.921
indexer,32,128,64,16,1,38.8725
indexer,32,128,64,32,1,39.4733
indexer,32,128,64,64,1,43.9455
indexer,32,128,64,128,1,46.8483
indexer,32,128,64,256,1,51.8553
indexer,32,128,64,512,1,64.3757
indexer,32,128,64,1024,1,87.8645
indexer,32,128,64,2048,1,495.659
indexer,32,128,64,4096,1,237.408
indexer,32,128,64,8192,1,440.033
indexer,32,128,64,16384,1,918.81
indexer,32,128,128,16,1,49.4098
indexer,32,128,128,32,1,51.072
indexer,32,128,128,64,1,52.8645
indexer,32,128,128,128,1,58.6318
indexer,32,128,128,256,1,71.152
indexer,32,128,128,512,1,91.591
indexer,32,128,128,1024,1,129.809
indexer,32,128,128,2048,1,573.713
indexer,32,128,128,4096,1,411.833
indexer,32,128,128,8192,1,971.529
indexer,32,128,128,16384,1,1818.55
indexer,32,256,0,0,1,39.7523
indexer,32,256,1,16,1,39.72
indexer,32,256,1,32,1,39.7523
indexer,32,256,1,64,1,40.0958
indexer,32,256,1,128,1,40.0645
indexer,32,256,1,256,1,40.248
indexer,32,256,1,512,1,45.688
indexer,32,256,1,1024,1,45.536
indexer,32,256,1,2048,1,63.7272
indexer,32,256,1,4096,1,89.2328
indexer,32,256,1,8192,1,123.728
indexer,32,256,1,16384,1,126.056
indexer,32,256,2,16,1,39.937
indexer,32,256,2,32,1,40.0965
indexer,32,256,2,64,1,40.3835
indexer,32,256,2,128,1,40.3035
indexer,32,256,2,256,1,45.5937
indexer,32,256,2,512,1,45.8095
indexer,32,256,2,1024,1,47.9042
indexer,32,256,2,2048,1,68.3435
indexer,32,256,2,4096,1,101.88
indexer,32,256,2,8192,1,142.737
indexer,32,256,2,16384,1,206.392
indexer,32,256,4,16,1,40.121
indexer,32,256,4,32,1,40.585
indexer,32,256,4,64,1,40.5518
indexer,32,256,4,128,1,45.615
indexer,32,256,4,256,1,45.665
indexer,32,256,4,512,1,47.4
indexer,32,256,4,1024,1,53.4563
indexer,32,256,4,2048,1,80.1755
indexer,32,256,4,4096,1,119.705
indexer,32,256,4,8192,1,171.055
indexer,32,256,4,16384,1,264.05
indexer,32,256,8,16,1,40.736
indexer,32,256,8,32,1,40.4967
indexer,32,256,8,64,1,40.9442
indexer,32,256,8,128,1,39.4402
indexer,32,256,8,256,1,41.5613
indexer,32,256,8,512,1,44.584
indexer,32,256,8,1024,1,56.0645
indexer,32,256,8,2048,1,86.0003
indexer,32,256,8,4096,1,125.888
indexer,32,256,8,8192,1,189.513
indexer,32,256,8,16384,1,295.784
indexer,32,256,16,16,1,41.7362
indexer,32,256,16,32,1,41.7595
indexer,32,256,16,64,1,37.4558
indexer,32,256,16,128,1,37.0172
indexer,32,256,16,256,1,40.8075
indexer,32,256,16,512,1,50.9362
indexer,32,256,16,1024,1,60.5688
indexer,32,256,16,2048,1,441.696
indexer,32,256,16,4096,1,141.687
indexer,32,256,16,8192,1,218.8
indexer,32,256,16,16384,1,353.392
indexer,32,256,32,16,1,43.904
indexer,32,256,32,32,1,39.2807
indexer,32,256,32,64,1,36.768
indexer,32,256,32,128,1,41.288
indexer,32,256,32,256,1,50.04
indexer,32,256,32,512,1,55.9763
indexer,32,256,32,1024,1,72.9698
indexer,32,256,32,2048,1,460.992
indexer,32,256,32,4096,1,173.745
indexer,32,256,32,8192,1,283.256
indexer,32,256,32,16384,1,506.282
indexer,32,256,64,16,1,43.2562
indexer,32,256,64,32,1,41.0483
indexer,32,256,64,64,1,44.3045
indexer,32,256,64,128,1,46.3982
indexer,32,256,64,256,1,51.424
indexer,32,256,64,512,1,64.8
indexer,32,256,64,1024,1,89.208
indexer,32,256,64,2048,1,496.463
indexer,32,256,64,4096,1,238.384
indexer,32,256,64,8192,1,439.72
indexer,32,256,64,16384,1,915.514
indexer,32,256,128,16,1,50.5128
indexer,32,256,128,32,1,52.313
indexer,32,256,128,64,1,53.5828
indexer,32,256,128,128,1,59.6248
indexer,32,256,128,256,1,71.191
indexer,32,256,128,512,1,92.273
indexer,32,256,128,1024,1,129.104
indexer,32,256,128,2048,1,571.977
indexer,32,256,128,4096,1,411.737
indexer,32,256,128,8192,1,972.267
indexer,32,256,128,16384,1,1820.47
indexer,32,512,0,0,1,47.8648
indexer,32,512,1,16,1,47.8715
indexer,32,512,1,32,1,47.9285
indexer,32,512,1,64,1,48.2572
indexer,32,512,1,128,1,47.9027
indexer,32,512,1,256,1,47.9055
indexer,32,512,1,512,1,40.4155
indexer,32,512,1,1024,1,40.5693
indexer,32,512,1,2048,1,59.2402
indexer,32,512,1,4096,1,89.3513
indexer,32,512,1,8192,1,126.088
indexer,32,512,1,16384,1,126.072
indexer,32,512,2,16,1,48.3442
indexer,32,512,2,32,1,48.0712
indexer,32,512,2,64,1,48.312
indexer,32,512,2,128,1,48.2002
indexer,32,512,2,256,1,40.6548
indexer,32,512,2,512,1,40.8705
indexer,32,512,2,1024,1,46.4005
indexer,32,512,2,2048,1,66.1435
indexer,32,512,2,4096,1,103.513
indexer,32,512,2,8192,1,142.464
indexer,32,512,2,16384,1,207.952
indexer,32,512,4,16,1,47.968
indexer,32,512,4,32,1,48.2963
indexer,32,512,4,64,1,48.0557
indexer,32,512,4,128,1,40.649
indexer,32,512,4,256,1,40.4952
indexer,32,512,4,512,1,46.2245
indexer,32,512,4,1024,1,53.5043
indexer,32,512,4,2048,1,79.6325
indexer,32,512,4,4096,1,119.91
indexer,32,512,4,8192,1,170.713
indexer,32,512,4,16384,1,262.768
indexer,32,512,8,16,1,48.2478
indexer,32,512,8,32,1,48.2327
indexer,32,512,8,64,1,40.8555
indexer,32,512,8,128,1,36.6085
indexer,32,512,8,256,1,39.0798
indexer,32,512,8,512,1,46.7115
indexer,32,512,8,1024,1,61.1453
indexer,32,512,8,2048,1,83.9115
indexer,32,512,8,4096,1,126.616
indexer,32,512,8,8192,1,189.008
indexer,32,512,8,16384,1,297.4
indexer,32,512,16,16,1,49.8805
indexer,32,512,16,32,1,42.242
indexer,32,512,16,64,1,37.8727
indexer,32,512,16,128,1,37.8
indexer,32,512,16,256,1,46.1927
indexer,32,512,16,512,1,52.3365
indexer,32,512,16,1024,1,62.0717
indexer,32,512,16,2048,1,442.777
indexer,32,512,16,4096,1,141.641
indexer,32,512,16,8192,1,220.481
indexer,32,512,16,16384,1,353.04
indexer,32,512,32,16,1,44.5037
indexer,32,512,32,32,1,39.6147
indexer,32,512,32,64,1,39.7608
indexer,32,512,32,128,1,43.2168
indexer,32,512,32,256,1,50.4885
indexer,32,512,32,512,1,55.9843
indexer,32,512,32,1024,1,72.1845
indexer,32,512,32,2048,1,461.162
indexer,32,512,32,4096,1,172.345
indexer,32,512,32,8192,1,278.761
indexer,32,512,32,16384,1,504.089
indexer,32,512,64,16,1,43.6722
indexer,32,512,64,32,1,45.0493
indexer,32,512,64,64,1,44.9928
indexer,32,512,64,128,1,47.3273
indexer,32,512,64,256,1,52.5042
indexer,32,512,64,512,1,64.4395
indexer,32,512,64,1024,1,88.9035
indexer,32,512,64,2048,1,496.577
indexer,32,512,64,4096,1,237.481
indexer,32,512,64,8192,1,440.753
indexer,32,512,64,16384,1,916.752
indexer,32,512,128,16,1,54.1205
indexer,32,512,128,32,1,54.7353
indexer,32,512,128,64,1,55.6078
indexer,32,512,128,128,1,59.2963
indexer,32,512,128,256,1,71.1915
indexer,32,512,128,512,1,93.6643
indexer,32,512,128,1024,1,130.344
indexer,32,512,128,2048,1,571.057
indexer,32,512,128,4096,1,410.194
indexer,32,512,128,8192,1,968.147
indexer,32,512,128,16384,1,1814.9
indexer,32,1024,0,0,1,48.6312
indexer,32,1024,1,16,1,48.5678
indexer,32,1024,1,32,1,48.3757
indexer,32,1024,1,64,1,48.2797
indexer,32,1024,1,128,1,48.4733
indexer,32,1024,1,256,1,48.4477
indexer,32,1024,1,512,1,41.552
indexer,32,1024,1,1024,1,41.9195
indexer,32,1024,1,2048,1,56.6727
indexer,32,1024,1,4096,1,89.8708
indexer,32,1024,1,8192,1,126.832
indexer,32,1024,1,16384,1,179.114
indexer,32,1024,2,16,1,48.3768
indexer,32,1024,2,32,1,48.344
indexer,32,1024,2,64,1,48.5928
indexer,32,1024,2,128,1,48.5535
indexer,32,1024,2,256,1,41.5205
indexer,32,1024,2,512,1,42.089
indexer,32,1024,2,1024,1,44.0407
indexer,32,1024,2,2048,1,66.584
indexer,32,1024,2,4096,1,104.367
indexer,32,1024,2,8192,1,144.024
indexer,32,1024,2,16384,1,206.968
indexer,32,1024,4,16,1,48.7523
indexer,32,1024,4,32,1,48.768
indexer,32,1024,4,64,1,48.848
indexer,32,1024,4,128,1,41.8323
indexer,32,1024,4,256,1,41.9287
indexer,32,1024,4,512,1,43.9525
indexer,32,1024,4,1024,1,54.4963
indexer,32,1024,4,2048,1,80.368
indexer,32,1024,4,4096,1,121.329
indexer,32,1024,4,8192,1,171.353
indexer,32,1024,4,16384,1,263.016
indexer,32,1024,8,16,1,48.5358
indexer,32,1024,8,32,1,48.6398
indexer,32,1024,8,64,1,41.9117
indexer,32,1024,8,128,1,41.9683
indexer,32,1024,8,256,1,39.7285
indexer,32,1024,8,512,1,47.1675
indexer,32,1024,8,1024,1,61.8405
indexer,32,1024,8,2048,1,84.4248
indexer,32,1024,8,4096,1,127.209
indexer,32,1024,8,8192,1,190.481
indexer,32,1024,8,16384,1,296.904
indexer,32,1024,16,16,1,49.945
indexer,32,1024,16,32,1,42.768
indexer,32,1024,16,64,1,42.6955
indexer,32,1024,16,128,1,40.9847
indexer,32,1024,16,256,1,46.3203
indexer,32,1024,16,512,1,53.4075
indexer,32,1024,16,1024,1,62.9682
indexer,32,1024,16,2048,1,443.728
indexer,32,1024,16,4096,1,143.808
indexer,32,1024,16,8192,1,220.721
indexer,32,1024,16,16384,1,353.729
indexer,32,1024,32,16,1,44.1843
indexer,32,1024,32,32,1,44.9838
indexer,32,1024,32,64,1,42.8313
indexer,32,1024,32,128,1,49.1685
indexer,32,1024,32,256,1,50.9195
indexer,32,1024,32,512,1,56.7683
indexer,32,1024,32,1024,1,74.5285
indexer,32,1024,32,2048,1,463.264
indexer,32,1024,32,4096,1,175.263
indexer,32,1024,32,8192,1,282.904
indexer,32,1024,32,16384,1,506.345
indexer,32,1024,64,16,1,48.6403
indexer,32,1024,64,32,1,47.223
indexer,32,1024,64,64,1,48.498
indexer,32,1024,64,128,1,48.32
indexer,32,1024,64,256,1,52.824
indexer,32,1024,64,512,1,65.0885
indexer,32,1024,64,1024,1,88.8165
indexer,32,1024,64,2048,1,497.274
indexer,32,1024,64,4096,1,238.544
indexer,32,1024,64,8192,1,441.329
indexer,32,1024,64,16384,1,917.593
indexer,32,1024,128,16,1,59.1435
indexer,32,1024,128,32,1,59.84
indexer,32,1024,128,64,1,61.376
indexer,32,1024,128,128,1,64.3025
indexer,32,1024,128,256,1,71.2322
indexer,32,1024,128,512,1,91.3773
indexer,32,1024,128,1024,1,128.303
indexer,32,1024,128,2048,1,572.713
indexer,32,1024,128,4096,1,412.008
indexer,32,1024,128,8192,1,971.435
indexer,32,1024,128,16384,1,1819.32
indexer,32,2048,0,0,1,73.0555
indexer,32,2048,1,16,1,72.6637
indexer,32,2048,1,32,1,72.7748
indexer,32,2048,1,64,1,72.5362
indexer,32,2048,1,128,1,72.744
indexer,32,2048,1,256,1,72.656
indexer,32,2048,1,512,1,70.0003
indexer,32,2048,1,1024,1,67.937
indexer,32,2048,1,2048,1,68.36
indexer,32,2048,1,4096,1,88.0483
indexer,32,2048,1,8192,1,123.776
indexer,32,2048,1,16384,1,178.617
indexer,32,2048,2,16,1,72.4958
indexer,32,2048,2,32,1,72.5595
indexer,32,2048,2,64,1,72.76
indexer,32,2048,2,128,1,72.7843
indexer,32,2048,2,256,1,70.3528
indexer,32,2048,2,512,1,67.6317
indexer,32,2048,2,1024,1,68.0648
indexer,32,2048,2,2048,1,79.6965
indexer,32,2048,2,4096,1,102.976
indexer,32,2048,2,8192,1,144.423
indexer,32,2048,2,16384,1,208.825
indexer,32,2048,4,16,1,72.3283
indexer,32,2048,4,32,1,72.8797
indexer,32,2048,4,64,1,72.4957
indexer,32,2048,4,128,1,69.9758
indexer,32,2048,4,256,1,67.5347
indexer,32,2048,4,512,1,68.1355
indexer,32,2048,4,1024,1,79.5123
indexer,32,2048,4,2048,1,92.889
indexer,32,2048,4,4096,1,120.208
indexer,32,2048,4,8192,1,173.177
indexer,32,2048,4,16384,1,268.305
indexer,32,2048,8,16,1,72.241
indexer,32,2048,8,32,1,72.0245
indexer,32,2048,8,64,1,69.5208
indexer,32,2048,8,128,1,67.6165
indexer,32,2048,8,256,1,67.712
indexer,32,2048,8,512,1,70.7435
indexer,32,2048,8,1024,1,85.9763
indexer,32,2048,8,2048,1,97.0958
indexer,32,2048,8,4096,1,127.025
indexer,32,2048,8,8192,1,192.161
indexer,32,2048,8,16384,1,300.201
indexer,32,2048,16,16,1,73.0787
indexer,32,2048,16,32,1,71.3433
indexer,32,2048,16,64,1,68.8072
indexer,32,2048,16,128,1,69.0158
indexer,32,2048,16,256,1,72.1197
indexer,32,2048,16,512,1,77.3438
indexer,32,2048,16,1024,1,87.1852
indexer,32,2048,16,2048,1,448.024
indexer,32,2048,16,4096,1,143.512
indexer,32,2048,16,8192,1,223.433
indexer,32,2048,16,16384,1,356.481
indexer,32,2048,32,16,1,73.5925
indexer,32,2048,32,32,1,70.9763
indexer,32,2048,32,64,1,71.112
indexer,32,2048,32,128,1,74.817
indexer,32,2048,32,256,1,77.1275
indexer,32,2048,32,512,1,80.9918
indexer,32,2048,32,1024,1,98.7445
indexer,32,2048,32,2048,1,465.993
indexer,32,2048,32,4096,1,175.4
indexer,32,2048,32,8192,1,285.873
indexer,32,2048,32,16384,1,509.665
indexer,32,2048,64,16,1,76.096
indexer,32,2048,64,32,1,75.5842
indexer,32,2048,64,64,1,76.1847
indexer,32,2048,64,128,1,77.848
indexer,32,2048,64,256,1,81.752
indexer,32,2048,64,512,1,87.784
indexer,32,2048,64,1024,1,111.817
indexer,32,2048,64,2048,1,497.353
indexer,32,2048,64,4096,1,237.744
indexer,32,2048,64,8192,1,443.193
indexer,32,2048,64,16384,1,919.8
indexer,32,2048,128,16,1,89.8812
indexer,32,2048,128,32,1,90.2637
indexer,32,2048,128,64,1,90.6875
indexer,32,2048,128,128,1,95.1277
indexer,32,2048,128,256,1,101.249
indexer,32,2048,128,512,1,115.8
indexer,32,2048,128,1024,1,155.009
indexer,32,2048,128,2048,1,575.048
indexer,32,2048,128,4096,1,414.808
indexer,32,2048,128,8192,1,976.674
indexer,32,2048,128,16384,1,1820.16
indexer,32,4096,0,0,1,406.88
indexer,32,4096,1,16,1,407.24
indexer,32,4096,1,32,1,407.097
indexer,32,4096,1,64,1,407.369
indexer,32,4096,1,128,1,407.801
indexer,32,4096,1,256,1,407.432
indexer,32,4096,1,512,1,407.976
indexer,32,4096,1,1024,1,408.001
indexer,32,4096,1,2048,1,411.353
indexer,32,4096,1,4096,1,412.097
indexer,32,4096,1,8192,1,425.928
indexer,32,4096,1,16384,1,442.984
indexer,32,4096,2,16,1,406.906
indexer,32,4096,2,32,1,407.537
indexer,32,4096,2,64,1,415.368
indexer,32,4096,2,128,1,410.705
indexer,32,4096,2,256,1,408.041
indexer,32,4096,2,512,1,408.025
indexer,32,4096,2,1024,1,411.208
indexer,32,4096,2,2048,1,412.121
indexer,32,4096,2,4096,1,425.409
indexer,32,4096,2,8192,1,442.865
indexer,32,4096,2,16384,1,473.178
indexer,32,4096,4,16,1,407.313
indexer,32,4096,4,32,1,407.217
indexer,32,4096,4,64,1,407.154
indexer,32,4096,4,128,1,408.033
indexer,32,4096,4,256,1,408.041
indexer,32,4096,4,512,1,410.986
indexer,32,4096,4,1024,1,411.728
indexer,32,4096,4,2048,1,426.168
indexer,32,4096,4,4096,1,442.992
indexer,32,4096,4,8192,1,473.76
indexer,32,4096,4,16384,1,528.858
indexer,32,4096,8,16,1,407.097
indexer,32,4096,8,32,1,407.328
indexer,32,4096,8,64,1,408.265
indexer,32,4096,8,128,1,408
indexer,32,4096,8,256,1,411.641
indexer,32,4096,8,512,1,412.184
indexer,32,4096,8,1024,1,418.897
indexer,32,4096,8,2048,1,429.985
indexer,32,4096,8,4096,1,451.818
indexer,32,4096,8,8192,1,489.568
indexer,32,4096,8,16384,1,559.249
indexer,32,4096,16,16,1,408.688
indexer,32,4096,16,32,1,409.561
indexer,32,4096,16,64,1,409.409
indexer,32,4096,16,128,1,412.682
indexer,32,4096,16,256,1,413.929
indexer,32,4096,16,512,1,416.08
indexer,32,4096,16,1024,1,419.482
indexer,32,4096,16,2048,1,452.344
indexer,32,4096,16,4096,1,467.737
indexer,32,4096,16,8192,1,520.816
indexer,32,4096,16,16384,1,617.505
indexer,32,4096,32,16,1,411.161
indexer,32,4096,32,32,1,412.024
indexer,32,4096,32,64,1,415.447
indexer,32,4096,32,128,1,416.825
indexer,32,4096,32,256,1,418.559
indexer,32,4096,32,512,1,423.145
indexer,32,4096,32,1024,1,433.753
indexer,32,4096,32,2048,1,468.561
indexer,32,4096,32,4096,1,499.754
indexer,32,4096,32,8192,1,583.033
indexer,32,4096,32,16384,1,773.115
indexer,32,4096,64,16,1,415.488
indexer,32,4096,64,32,1,416.169
indexer,32,4096,64,64,1,417.6
indexer,32,4096,64,128,1,419.121
indexer,32,4096,64,256,1,423.265
indexer,32,4096,64,512,1,431.273
indexer,32,4096,64,1024,1,443.201
indexer,32,4096,64,2048,1,499.233
indexer,32,4096,64,4096,1,560.722
indexer,32,4096,64,8192,1,736.375
indexer,32,4096,64,16384,1,1178.47
indexer,32,4096,128,16,1,433.561
indexer,32,4096,128,32,1,434.416
indexer,32,4096,128,64,1,441.37
indexer,32,4096,128,128,1,439.905
indexer,32,4096,128,256,1,448.288
indexer,32,4096,128,512,1,460.72
indexer,32,4096,128,1024,1,486.105
indexer,32,4096,128,2048,1,575.473
indexer,32,4096,128,4096,1,734.265
indexer,32,4096,128,8192,1,1273.23
indexer,32,4096,128,16384,1,2082.86
indexer,32,8192,0,0,1,131.129
indexer,32,8192,1,16,1,133.489
indexer,32,8192,1,32,1,131.4
indexer,32,8192,1,64,1,131.729
indexer,32,8192,1,128,1,131.897
indexer,32,8192,1,256,1,131.591
indexer,32,8192,1,512,1,135.656
indexer,32,8192,1,1024,1,134.968
indexer,32,8192,1,2048,1,135.344
indexer,32,8192,1,4096,1,137.016
indexer,32,8192,1,8192,1,137.305
indexer,32,8192,1,16384,1,183.44
indexer,32,8192,2,16,1,131.561
indexer,32,8192,2,32,1,132.168
indexer,32,8192,2,64,1,131.984
indexer,32,8192,2,128,1,132.056
indexer,32,8192,2,256,1,133.616
indexer,32,8192,2,512,1,135.017
indexer,32,8192,2,1024,1,135.328
indexer,32,8192,2,2048,1,135.696
indexer,32,8192,2,4096,1,138.944
indexer,32,8192,2,8192,1,155.44
indexer,32,8192,2,16384,1,220.6
indexer,32,8192,4,16,1,131.025
indexer,32,8192,4,32,1,131.728
indexer,32,8192,4,64,1,132.064
indexer,32,8192,4,128,1,135.025
indexer,32,8192,4,256,1,134.656
indexer,32,8192,4,512,1,136.658
indexer,32,8192,4,1024,1,136.56
indexer,32,8192,4,2048,1,137.521
indexer,32,8192,4,4096,1,155.289
indexer,32,8192,4,8192,1,185.505
indexer,32,8192,4,16384,1,277.152
indexer,32,8192,8,16,1,131.08
indexer,32,8192,8,32,1,131.434
indexer,32,8192,8,64,1,135.274
indexer,32,8192,8,128,1,134.696
indexer,32,8192,8,256,1,135.408
indexer,32,8192,8,512,1,136.775
indexer,32,8192,8,1024,1,137.881
indexer,32,8192,8,2048,1,141.753
indexer,32,8192,8,4096,1,164.2
indexer,32,8192,8,8192,1,201.825
indexer,32,8192,8,16384,1,309.176
indexer,32,8192,16,16,1,132.055
indexer,32,8192,16,32,1,133.097
indexer,32,8192,16,64,1,133.738
indexer,32,8192,16,128,1,133.448
indexer,32,8192,16,256,1,135.752
indexer,32,8192,16,512,1,138.185
indexer,32,8192,16,1024,1,141.193
indexer,32,8192,16,2048,1,457.769
indexer,32,8192,16,4096,1,179.623
indexer,32,8192,16,8192,1,232.857
indexer,32,8192,16,16384,1,367.498
indexer,32,8192,32,16,1,132.064
indexer,32,8192,32,32,1,132.498
indexer,32,8192,32,64,1,132.137
indexer,32,8192,32,128,1,135.247
indexer,32,8192,32,256,1,136.56
indexer,32,8192,32,512,1,142.504
indexer,32,8192,32,1024,1,150.808
indexer,32,8192,32,2048,1,475.264
indexer,32,8192,32,4096,1,207.857
indexer,32,8192,32,8192,1,293.928
indexer,32,8192,32,16384,1,517.929
indexer,32,8192,64,16,1,143.216
indexer,32,8192,64,32,1,143.656
indexer,32,8192,64,64,1,144.401
indexer,32,8192,64,128,1,145.64
indexer,32,8192,64,256,1,149.976
indexer,32,8192,64,512,1,157.705
indexer,32,8192,64,1024,1,168.52
indexer,32,8192,64,2048,1,503.034
indexer,32,8192,64,4096,1,268.113
indexer,32,8192,64,8192,1,447.897
indexer,32,8192,64,16384,1,924.986
indexer,32,8192,128,16,1,168.408
indexer,32,8192,128,32,1,167.841
indexer,32,8192,128,64,1,170
indexer,32,8192,128,128,1,175.2
indexer,32,8192,128,256,1,185.535
indexer,32,8192,128,512,1,197.913
indexer,32,8192,128,1024,1,220.793
indexer,32,8192,128,2048,1,575.568
indexer,32,8192,128,4096,1,441.343
indexer,32,8192,128,8192,1,983.889
indexer,32,8192,128,16384,1,1822.91
indexer,32,16384,0,0,1,159.585
indexer,32,16384,1,16,1,159.905
indexer,32,16384,1,32,1,159.879
indexer,32,16384,1,64,1,159.983
indexer,32,16384,1,128,1,158.431
indexer,32,16384,1,256,1,158.137
indexer,32,16384,1,512,1,159.713
indexer,32,16384,1,1024,1,160.969
indexer,32,16384,1,2048,1,159.408
indexer,32,16384,1,4096,1,160.68
indexer,32,16384,1,8192,1,162.416
indexer,32,16384,1,16384,1,194.656
indexer,32,16384,2,16,1,157.609
indexer,32,16384,2,32,1,157.312
indexer,32,16384,2,64,1,157.704
indexer,32,16384,2,128,1,158.136
indexer,32,16384,2,256,1,157.32
indexer,32,16384,2,512,1,159.624
indexer,32,16384,2,1024,1,158.002
indexer,32,16384,2,2048,1,159.841
indexer,32,16384,2,4096,1,161.968
indexer,32,16384,2,8192,1,164.616
indexer,32,16384,2,16384,1,228.543
indexer,32,16384,4,16,1,157.873
indexer,32,16384,4,32,1,158.015
indexer,32,16384,4,64,1,158.616
indexer,32,16384,4,128,1,158.185
indexer,32,16384,4,256,1,160.185
indexer,32,16384,4,512,1,159.96
indexer,32,16384,4,1024,1,161.576
indexer,32,16384,4,2048,1,163.647
indexer,32,16384,4,4096,1,164.568
indexer,32,16384,4,8192,1,197.432
indexer,32,16384,4,16384,1,287.161
indexer,32,16384,8,16,1,158.216
indexer,32,16384,8,32,1,157.569
indexer,32,16384,8,64,1,157.521
indexer,32,16384,8,128,1,159.056
indexer,32,16384,8,256,1,158.249
indexer,32,16384,8,512,1,159.344
indexer,32,16384,8,1024,1,163.48
indexer,32,16384,8,2048,1,471.008
indexer,32,16384,8,4096,1,173.833
indexer,32,16384,8,8192,1,214.824
indexer,32,16384,8,16384,1,319.16
indexer,32,16384,16,16,1,155.112
indexer,32,16384,16,32,1,154.496
indexer,32,16384,16,64,1,156.888
indexer,32,16384,16,128,1,155.729
indexer,32,16384,16,256,1,156.648
indexer,32,16384,16,512,1,159.991
indexer,32,16384,16,1024,1,163.168
indexer,32,16384,16,2048,1,481.992
indexer,32,16384,16,4096,1,192.553
indexer,32,16384,16,8192,1,246.144
indexer,32,16384,16,16384,1,378.744
indexer,32,16384,32,16,1,156.504
indexer,32,16384,32,32,1,156.624
indexer,32,16384,32,64,1,156.688
indexer,32,16384,32,128,1,156.68
indexer,32,16384,32,256,1,160.865
indexer,32,16384,32,512,1,164.481
indexer,32,16384,32,1024,1,174.217
indexer,32,16384,32,2048,1,497.009
indexer,32,16384,32,4096,1,213.384
indexer,32,16384,32,8192,1,296.976
indexer,32,16384,32,16384,1,525.496
indexer,32,16384,64,16,1,176.032
indexer,32,16384,64,32,1,177.247
indexer,32,16384,64,64,1,178.946
indexer,32,16384,64,128,1,179.416
indexer,32,16384,64,256,1,184.423
indexer,32,16384,64,512,1,191.887
indexer,32,16384,64,1024,1,204.367
indexer,32,16384,64,2048,1,536.304
indexer,32,16384,64,4096,1,273.4
indexer,32,16384,64,8192,1,453.343
indexer,32,16384,64,16384,1,934.121
indexer,32,16384,128,16,1,228.448
indexer,32,16384,128,32,1,229.672
indexer,32,16384,128,64,1,232.809
indexer,32,16384,128,128,1,235.457
indexer,32,16384,128,256,1,244.057
indexer,32,16384,128,512,1,257.754
indexer,32,16384,128,1024,1,280.832
indexer,32,16384,128,2048,1,634.369
indexer,32,16384,128,4096,1,447.104
indexer,32,16384,128,8192,1,979.05
indexer,32,16384,128,16384,1,1833.63
indexer,64,0,0,0,1,29.0965
indexer,64,0,1,16,1,44.464
indexer,64,0,1,32,1,44.2715
indexer,64,0,1,64,1,44.9038
indexer,64,0,1,128,1,45.104
indexer,64,0,1,256,1,44.8645
indexer,64,0,1,512,1,44.8972
indexer,64,0,1,1024,1,44.928
indexer,64,0,1,2048,1,61.7837
indexer,64,0,1,4096,1,72.7205
indexer,64,0,1,8192,1,74.2558
indexer,64,0,1,16384,1,87.9515
indexer,64,0,2,16,1,45.7767
indexer,64,0,2,32,1,45.9115
indexer,64,0,2,64,1,46.4865
indexer,64,0,2,128,1,46.321
indexer,64,0,2,256,1,46.4483
indexer,64,0,2,512,1,45.968
indexer,64,0,2,1024,1,47.112
indexer,64,0,2,2048,1,66.816
indexer,64,0,2,4096,1,76.1435
indexer,64,0,2,8192,1,79.3513
indexer,64,0,2,16384,1,94.9852
indexer,64,0,4,16,1,45.479
indexer,64,0,4,32,1,45.5515
indexer,64,0,4,64,1,45.9918
indexer,64,0,4,128,1,46.0795
indexer,64,0,4,256,1,46.2393
indexer,64,0,4,512,1,46.6005
indexer,64,0,4,1024,1,46.9115
indexer,64,0,4,2048,1,68.0475
indexer,64,0,4,4096,1,78.742
indexer,64,0,4,8192,1,86.7923
indexer,64,0,4,16384,1,104.768
indexer,64,0,8,16,1,46.5532
indexer,64,0,8,32,1,46.2328
indexer,64,0,8,64,1,46.8245
indexer,64,0,8,128,1,46.9855
indexer,64,0,8,256,1,47.4333
indexer,64,0,8,512,1,47.5283
indexer,64,0,8,1024,1,48.7278
indexer,64,0,8,2048,1,70.7598
indexer,64,0,8,4096,1,85.8165
indexer,64,0,8,8192,1,94.6245
indexer,64,0,8,16384,1,125.216
indexer,64,0,16,16,1,46.6078
indexer,64,0,16,32,1,46.967
indexer,64,0,16,64,1,48.4317
indexer,64,0,16,128,1,47.6558
indexer,64,0,16,256,1,47.3758
indexer,64,0,16,512,1,48.5282
indexer,64,0,16,1024,1,50.5843
indexer,64,0,16,2048,1,78.4157
indexer,64,0,16,4096,1,96.6633
indexer,64,0,16,8192,1,119.993
indexer,64,0,16,16384,1,165.728
indexer,64,0,32,16,1,48.905
indexer,64,0,32,32,1,48.6395
indexer,64,0,32,64,1,50.3927
indexer,64,0,32,128,1,50.7203
indexer,64,0,32,256,1,51.3445
indexer,64,0,32,512,1,53.1987
indexer,64,0,32,1024,1,58.4147
indexer,64,0,32,2048,1,108.583
indexer,64,0,32,4096,1,148.665
indexer,64,0,32,8192,1,194.345
indexer,64,0,32,16384,1,285.32
indexer,64,0,64,16,1,51.5448
indexer,64,0,64,32,1,51.7348
indexer,64,0,64,64,1,53.0948
indexer,64,0,64,128,1,54.3522
indexer,64,0,64,256,1,56.8417
indexer,64,0,64,512,1,61.4075
indexer,64,0,64,1024,1,71.3917
indexer,64,0,64,2048,1,174.793
indexer,64,0,64,4096,1,246.127
indexer,64,0,64,8192,1,339.713
indexer,64,0,64,16384,1,534.473
indexer,64,0,128,16,1,55.489
indexer,64,0,128,32,1,55.273
indexer,64,0,128,64,1,57.553
indexer,64,0,128,128,1,60.8383
indexer,64,0,128,256,1,64.5443
indexer,64,0,128,512,1,74.1915
indexer,64,0,128,1024,1,94.776
indexer,64,0,128,2048,1,278.035
indexer,64,0,128,4096,1,419.912
indexer,64,0,128,8192,1,618.13
indexer,64,0,128,16384,1,976.178
indexer,64,16,0,0,1,30.855
indexer,64,16,1,16,1,31.0958
indexer,64,16,1,32,1,31.2722
indexer,64,16,1,64,1,31.2085
indexer,64,16,1,128,1,34.4957
indexer,64,16,1,256,1,38.7368
indexer,64,16,1,512,1,46.6167
indexer,64,16,1,1024,1,46.6962
indexer,64,16,1,2048,1,66.2813
indexer,64,16,1,4096,1,422.938
indexer,64,16,1,8192,1,122.655
indexer,64,16,1,16384,1,130.881
indexer,64,16,2,16,1,31.24
indexer,64,16,2,32,1,31.5198
indexer,64,16,2,64,1,34.136
indexer,64,16,2,128,1,38.9838
indexer,64,16,2,256,1,46.0478
indexer,64,16,2,512,1,46.3442
indexer,64,16,2,1024,1,47.4952
indexer,64,16,2,2048,1,70.4395
indexer,64,16,2,4096,1,432.416
indexer,64,16,2,8192,1,145.4
indexer,64,16,2,16384,1,226.722
indexer,64,16,4,16,1,31.1112
indexer,64,16,4,32,1,34.0717
indexer,64,16,4,64,1,38.4243
indexer,64,16,4,128,1,45.784
indexer,64,16,4,256,1,46.2003
indexer,64,16,4,512,1,48.2085
indexer,64,16,4,1024,1,53.4243
indexer,64,16,4,2048,1,80.871
indexer,64,16,4,4096,1,457.888
indexer,64,16,4,8192,1,192.434
indexer,64,16,4,16384,1,319.456
indexer,64,16,8,16,1,31.321
indexer,64,16,8,32,1,34.6807
indexer,64,16,8,64,1,39.0787
indexer,64,16,8,128,1,39.327
indexer,64,16,8,256,1,40.8315
indexer,64,16,8,512,1,44.0715
indexer,64,16,8,1024,1,54.4313
indexer,64,16,8,2048,1,85.3833
indexer,64,16,8,4096,1,464.056
indexer,64,16,8,8192,1,208.488
indexer,64,16,8,16384,1,358.473
indexer,64,16,16,16,1,32.1765
indexer,64,16,16,32,1,36.3445
indexer,64,16,16,64,1,36.2072
indexer,64,16,16,128,1,37.0565
indexer,64,16,16,256,1,40.5293
indexer,64,16,16,512,1,48.8165
indexer,64,16,16,1024,1,58.9917
indexer,64,16,16,2048,1,443.329
indexer,64,16,16,4096,1,484.722
indexer,64,16,16,8192,1,245.215
indexer,64,16,16,16384,1,420.849
indexer,64,16,32,16,1,34.9117
indexer,64,16,32,32,1,34.7125
indexer,64,16,32,64,1,37.0017
indexer,64,16,32,128,1,41.4402
indexer,64,16,32,256,1,43.9775
indexer,64,16,32,512,1,53.7278
indexer,64,16,32,1024,1,68.4077
indexer,64,16,32,2048,1,464.465
indexer,64,16,32,4096,1,521.738
indexer,64,16,32,8192,1,314.313
indexer,64,16,32,16384,1,590.505
indexer,64,16,64,16,1,39.3365
indexer,64,16,64,32,1,39.807
indexer,64,16,64,64,1,41.72
indexer,64,16,64,128,1,47.9353
indexer,64,16,64,256,1,52.9753
indexer,64,16,64,512,1,67.1518
indexer,64,16,64,1024,1,90.8637
indexer,64,16,64,2048,1,504.08
indexer,64,16,64,4096,1,591.368
indexer,64,16,64,8192,1,488.327
indexer,64,16,64,16384,1,1138.65
indexer,64,16,128,16,1,50.8792
indexer,64,16,128,32,1,51.2073
indexer,64,16,128,64,1,54.36
indexer,64,16,128,128,1,60.2413
indexer,64,16,128,256,1,73.6417
indexer,64,16,128,512,1,95.4003
indexer,64,16,128,1024,1,137.705
indexer,64,16,128,2048,1,587.44
indexer,64,16,128,4096,1,784.961
indexer,64,16,128,8192,1,984.496
indexer,64,16,128,16384,1,1915.99
indexer,64,32,0,0,1,31.0622
indexer,64,32,1,16,1,30.6153
indexer,64,32,1,32,1,31.3197
indexer,64,32,1,64,1,31.3197
indexer,64,32,1,128,1,33.977
indexer,64,32,1,256,1,38.144
indexer,64,32,1,512,1,46.311
indexer,64,32,1,1024,1,46.2323
indexer,64,32,1,2048,1,66.1762
indexer,64,32,1,4096,1,423.041
indexer,64,32,1,8192,1,121.992
indexer,64,32,1,16384,1,131.055
indexer,64,32,2,16,1,31.0727
indexer,64,32,2,32,1,30.9612
indexer,64,32,2,64,1,34.209
indexer,64,32,2,128,1,38.5047
indexer,64,32,2,256,1,46.0955
indexer,64,32,2,512,1,46.2883
indexer,64,32,2,1024,1,48.0563
indexer,64,32,2,2048,1,70.2157
indexer,64,32,2,4096,1,433.488
indexer,64,32,2,8192,1,145.824
indexer,64,32,2,16384,1,229.88
indexer,64,32,4,16,1,31.4325
indexer,64,32,4,32,1,34.144
indexer,64,32,4,64,1,38.5842
indexer,64,32,4,128,1,45.9598
indexer,64,32,4,256,1,46.0158
indexer,64,32,4,512,1,47.9682
indexer,64,32,4,1024,1,52.576
indexer,64,32,4,2048,1,80.8087
indexer,64,32,4,4096,1,457.407
indexer,64,32,4,8192,1,192.84
indexer,64,32,4,16384,1,321.576
indexer,64,32,8,16,1,31.3593
indexer,64,32,8,32,1,35.1915
indexer,64,32,8,64,1,39.03
indexer,64,32,8,128,1,39.0953
indexer,64,32,8,256,1,40.264
indexer,64,32,8,512,1,44.8005
indexer,64,32,8,1024,1,55.2403
indexer,64,32,8,2048,1,86.2155
indexer,64,32,8,4096,1,463.969
indexer,64,32,8,8192,1,209.936
indexer,64,32,8,16384,1,359.576
indexer,64,32,16,16,1,32.9042
indexer,64,32,16,32,1,36.5997
indexer,64,32,16,64,1,36.544
indexer,64,32,16,128,1,36.978
indexer,64,32,16,256,1,40.5432
indexer,64,32,16,512,1,49.0245
indexer,64,32,16,1024,1,59.2397
indexer,64,32,16,2048,1,445.432
indexer,64,32,16,4096,1,484.89
indexer,64,32,16,8192,1,245.664
indexer,64,32,16,16384,1,419.873
indexer,64,32,32,16,1,35.2722
indexer,64,32,32,32,1,34.817
indexer,64,32,32,64,1,37.1285
indexer,64,32,32,128,1,40.7922
indexer,64,32,32,256,1,44.0793
indexer,64,32,32,512,1,54.2088
indexer,64,32,32,1024,1,67.6635
indexer,64,32,32,2048,1,465.216
indexer,64,32,32,4096,1,521.216
indexer,64,32,32,8192,1,315.248
indexer,64,32,32,16384,1,592.881
indexer,64,32,64,16,1,40.1675
indexer,64,32,64,32,1,39.8162
indexer,64,32,64,64,1,42.016
indexer,64,32,64,128,1,47.8488
indexer,64,32,64,256,1,52.441
indexer,64,32,64,512,1,66.8155
indexer,64,32,64,1024,1,90.5358
indexer,64,32,64,2048,1,503.193
indexer,64,32,64,4096,1,589.367
indexer,64,32,64,8192,1,489.002
indexer,64,32,64,16384,1,1140.21
indexer,64,32,128,16,1,50.056
indexer,64,32,128,32,1,51.4163
indexer,64,32,128,64,1,54.6485
indexer,64,32,128,128,1,59.8965
indexer,64,32,128,256,1,73.681
indexer,64,32,128,512,1,95.2403
indexer,64,32,128,1024,1,137.344
indexer,64,32,128,2048,1,587.129
indexer,64,32,128,4096,1,787
indexer,64,32,128,8192,1,985.371
indexer,64,32,128,16384,1,1920
indexer,64,64,0,0,1,30.543
indexer,64,64,1,16,1,31.0335
indexer,64,64,1,32,1,31.399
indexer,64,64,1,64,1,31.4645
indexer,64,64,1,128,1,34.1435
indexer,64,64,1,256,1,38.5447
indexer,64,64,1,512,1,46.3118
indexer,64,64,1,1024,1,46.2728
indexer,64,64,1,2048,1,66.2725
indexer,64,64,1,4096,1,423.305
indexer,64,64,1,8192,1,121.961
indexer,64,64,1,16384,1,130.401
indexer,64,64,2,16,1,31.2157
indexer,64,64,2,32,1,31.296
indexer,64,64,2,64,1,34.3277
indexer,64,64,2,128,1,38.7593
indexer,64,64,2,256,1,46.2237
indexer,64,64,2,512,1,46.4075
indexer,64,64,2,1024,1,47.9447
indexer,64,64,2,2048,1,70.1752
indexer,64,64,2,4096,1,433.064
indexer,64,64,2,8192,1,145.945
indexer,64,64,2,16384,1,230.73
indexer,64,64,4,16,1,30.7362
indexer,64,64,4,32,1,33.871
indexer,64,64,4,64,1,38.0797
indexer,64,64,4,128,1,45.415
indexer,64,64,4,256,1,45.9688
indexer,64,64,4,512,1,47.4875
indexer,64,64,4,1024,1,52.889
indexer,64,64,4,2048,1,80.5035
indexer,64,64,4,4096,1,456.769
indexer,64,64,4,8192,1,191.312
indexer,64,64,4,16384,1,318.976
indexer,64,64,8,16,1,31.2567
indexer,64,64,8,32,1,34.784
indexer,64,64,8,64,1,39.1523
indexer,64,64,8,128,1,39.2632
indexer,64,64,8,256,1,40.3825
indexer,64,64,8,512,1,44.8878
indexer,64,64,8,1024,1,55.0802
indexer,64,64,8,2048,1,85.9842
indexer,64,64,8,4096,1,464.648
indexer,64,64,8,8192,1,216.719
indexer,64,64,8,16384,1,359.687
indexer,64,64,16,16,1,32.6317
indexer,64,64,16,32,1,36.5515
indexer,64,64,16,64,1,36.552
indexer,64,64,16,128,1,37.288
indexer,64,64,16,256,1,40.3825
indexer,64,64,16,512,1,49.305
indexer,64,64,16,1024,1,59.4403
indexer,64,64,16,2048,1,445.433
indexer,64,64,16,4096,1,484.105
indexer,64,64,16,8192,1,244.561
indexer,64,64,16,16384,1,419.681
indexer,64,64,32,16,1,35.0962
indexer,64,64,32,32,1,35.4402
indexer,64,64,32,64,1,37.177
indexer,64,64,32,128,1,41.537
indexer,64,64,32,256,1,44.376
indexer,64,64,32,512,1,53.721
indexer,64,64,32,1024,1,68.7275
indexer,64,64,32,2048,1,464.473
indexer,64,64,32,4096,1,520.457
indexer,64,64,32,8192,1,315.048
indexer,64,64,32,16384,1,595
indexer,64,64,64,16,1,39.6075
indexer,64,64,64,32,1,39.3985
indexer,64,64,64,64,1,41.8578
indexer,64,64,64,128,1,48.1113
indexer,64,64,64,256,1,52.8957
indexer,64,64,64,512,1,67.0643
indexer,64,64,64,1024,1,90.792
indexer,64,64,64,2048,1,503.744
indexer,64,64,64,4096,1,590.88
indexer,64,64,64,8192,1,490.257
indexer,64,64,64,16384,1,1143.64
indexer,64,64,128,16,1,49.825
indexer,64,64,128,32,1,50.256
indexer,64,64,128,64,1,52.0563
indexer,64,64,128,128,1,58.1773
indexer,64,64,128,256,1,70.0078
indexer,64,64,128,512,1,93.4798
indexer,64,64,128,1024,1,136.09
indexer,64,64,128,2048,1,586.921
indexer,64,64,128,4096,1,784.586
indexer,64,64,128,8192,1,986.265
indexer,64,64,128,16384,1,1919.92
indexer,64,128,0,0,1,35.6555
indexer,64,128,1,16,1,36.0795
indexer,64,128,1,32,1,36.5527
indexer,64,128,1,64,1,36.4877
indexer,64,128,1,128,1,36.711
indexer,64,128,1,256,1,38.4885
indexer,64,128,1,512,1,46.0168
indexer,64,128,1,1024,1,46.169
indexer,64,128,1,2048,1,66.3672
indexer,64,128,1,4096,1,90.2643
indexer,64,128,1,8192,1,122.216
indexer,64,128,1,16384,1,132.344
indexer,64,128,2,16,1,36.439
indexer,64,128,2,32,1,36.7835
indexer,64,128,2,64,1,36.6797
indexer,64,128,2,128,1,38.4002
indexer,64,128,2,256,1,45.9435
indexer,64,128,2,512,1,46.4653
indexer,64,128,2,1024,1,48.3127
indexer,64,128,2,2048,1,71.2895
indexer,64,128,2,4096,1,100.601
indexer,64,128,2,8192,1,146.456
indexer,64,128,2,16384,1,230.559
indexer,64,128,4,16,1,36.5597
indexer,64,128,4,32,1,36.609
indexer,64,128,4,64,1,38.096
indexer,64,128,4,128,1,45.5995
indexer,64,128,4,256,1,45.792
indexer,64,128,4,512,1,48.0567
indexer,64,128,4,1024,1,54.2807
indexer,64,128,4,2048,1,81.6003
indexer,64,128,4,4096,1,123.48
indexer,64,128,4,8192,1,193.12
indexer,64,128,4,16384,1,322.937
indexer,64,128,8,16,1,36.648
indexer,64,128,8,32,1,36.7513
indexer,64,128,8,64,1,39.577
indexer,64,128,8,128,1,39.1358
indexer,64,128,8,256,1,40.8878
indexer,64,128,8,512,1,44.976
indexer,64,128,8,1024,1,55.5755
indexer,64,128,8,2048,1,86.448
indexer,64,128,8,4096,1,130.823
indexer,64,128,8,8192,1,212.312
indexer,64,128,8,16384,1,360.417
indexer,64,128,16,16,1,38.025
indexer,64,128,16,32,1,38.0085
indexer,64,128,16,64,1,36.6717
indexer,64,128,16,128,1,37.5125
indexer,64,128,16,256,1,40.7935
indexer,64,128,16,512,1,49.9195
indexer,64,128,16,1024,1,60.0635
indexer,64,128,16,2048,1,443.792
indexer,64,128,16,4096,1,150.096
indexer,64,128,16,8192,1,245.865
indexer,64,128,16,16384,1,420.544
indexer,64,128,32,16,1,40.5207
indexer,64,128,32,32,1,35.3767
indexer,64,128,32,64,1,37.383
indexer,64,128,32,128,1,41.8625
indexer,64,128,32,256,1,44.7275
indexer,64,128,32,512,1,53.816
indexer,64,128,32,1024,1,69.3915
indexer,64,128,32,2048,1,465.209
indexer,64,128,32,4096,1,187.681
indexer,64,128,32,8192,1,318.248
indexer,64,128,32,16384,1,596.13
indexer,64,128,64,16,1,40.0637
indexer,64,128,64,32,1,39.7765
indexer,64,128,64,64,1,41.713
indexer,64,128,64,128,1,49.04
indexer,64,128,64,256,1,52.4548
indexer,64,128,64,512,1,66.9528
indexer,64,128,64,1024,1,90.8485
indexer,64,128,64,2048,1,504.433
indexer,64,128,64,4096,1,255.583
indexer,64,128,64,8192,1,487.704
indexer,64,128,64,16384,1,1140.87
indexer,64,128,128,16,1,51.1915
indexer,64,128,128,32,1,51.0978
indexer,64,128,128,64,1,54.3922
indexer,64,128,128,128,1,60.6883
indexer,64,128,128,256,1,72.7602
indexer,64,128,128,512,1,95.224
indexer,64,128,128,1024,1,137.959
indexer,64,128,128,2048,1,588.801
indexer,64,128,128,4096,1,449.961
indexer,64,128,128,8192,1,984.091
indexer,64,128,128,16384,1,1917.13
indexer,64,256,0,0,1,40.4403
indexer,64,256,1,16,1,41.273
indexer,64,256,1,32,1,41.2383
indexer,64,256,1,64,1,41.4883
indexer,64,256,1,128,1,41.2402
indexer,64,256,1,256,1,41.4645
indexer,64,256,1,512,1,45.985
indexer,64,256,1,1024,1,46.0073
indexer,64,256,1,2048,1,64.5042
indexer,64,256,1,4096,1,90.3762
indexer,64,256,1,8192,1,123.089
indexer,64,256,1,16384,1,132.297
indexer,64,256,2,16,1,41.105
indexer,64,256,2,32,1,41.4962
indexer,64,256,2,64,1,41.2882
indexer,64,256,2,128,1,41.528
indexer,64,256,2,256,1,45.8008
indexer,64,256,2,512,1,45.976
indexer,64,256,2,1024,1,48.2323
indexer,64,256,2,2048,1,70.8488
indexer,64,256,2,4096,1,101.336
indexer,64,256,2,8192,1,146.519
indexer,64,256,2,16384,1,229.12
indexer,64,256,4,16,1,41.377
indexer,64,256,4,32,1,41.296
indexer,64,256,4,64,1,41.2485
indexer,64,256,4,128,1,45.7035
indexer,64,256,4,256,1,45.913
indexer,64,256,4,512,1,47.9367
indexer,64,256,4,1024,1,54.5435
indexer,64,256,4,2048,1,79.9455
indexer,64,256,4,4096,1,124.223
indexer,64,256,4,8192,1,194.208
indexer,64,256,4,16384,1,322.497
indexer,64,256,8,16,1,41.6733
indexer,64,256,8,32,1,41.9763
indexer,64,256,8,64,1,41.9767
indexer,64,256,8,128,1,39.2323
indexer,64,256,8,256,1,41.2245
indexer,64,256,8,512,1,46.1195
indexer,64,256,8,1024,1,55.9123
indexer,64,256,8,2048,1,85.5208
indexer,64,256,8,4096,1,131.352
indexer,64,256,8,8192,1,212.777
indexer,64,256,8,16384,1,365.561
indexer,64,256,16,16,1,43.0645
indexer,64,256,16,32,1,43.0057
indexer,64,256,16,64,1,38.0727
indexer,64,256,16,128,1,37.712
indexer,64,256,16,256,1,40.7677
indexer,64,256,16,512,1,50.8165
indexer,64,256,16,1024,1,61.4477
indexer,64,256,16,2048,1,444.585
indexer,64,256,16,4096,1,151.024
indexer,64,256,16,8192,1,245.785
indexer,64,256,16,16384,1,422.529
indexer,64,256,32,16,1,45.663
indexer,64,256,32,32,1,41.4237
indexer,64,256,32,64,1,37.543
indexer,64,256,32,128,1,42.5117
indexer,64,256,32,256,1,45.1437
indexer,64,256,32,512,1,54.5913
indexer,64,256,32,1024,1,69.5517
indexer,64,256,32,2048,1,482.927
indexer,64,256,32,4096,1,186.631
indexer,64,256,32,8192,1,316.066
indexer,64,256,32,16384,1,595.912
indexer,64,256,64,16,1,45.0717
indexer,64,256,64,32,1,41.7193
indexer,64,256,64,64,1,43.3912
indexer,64,256,64,128,1,49.5363
indexer,64,256,64,256,1,53.2872
indexer,64,256,64,512,1,67.7685
indexer,64,256,64,1024,1,90.392
indexer,64,256,64,2048,1,504.271
indexer,64,256,64,4096,1,255.761
indexer,64,256,64,8192,1,488.288
indexer,64,256,64,16384,1,1141.54
indexer,64,256,128,16,1,49.9283
indexer,64,256,128,32,1,51.7443
indexer,64,256,128,64,1,53.6805
indexer,64,256,128,128,1,58.0788
indexer,64,256,128,256,1,70.96
indexer,64,256,128,512,1,92.7678
indexer,64,256,128,1024,1,136.282
indexer,64,256,128,2048,1,587.144
indexer,64,256,128,4096,1,448.113
indexer,64,256,128,8192,1,985.561
indexer,64,256,128,16384,1,1921.17
indexer,64,512,0,0,1,48.6412
indexer,64,512,1,16,1,49.1743
indexer,64,512,1,32,1,49.3925
indexer,64,512,1,64,1,49.096
indexer,64,512,1,128,1,49.336
indexer,64,512,1,256,1,49.1757
indexer,64,512,1,512,1,41.9608
indexer,64,512,1,1024,1,41.032
indexer,64,512,1,2048,1,59.8725
indexer,64,512,1,4096,1,90.8323
indexer,64,512,1,8192,1,124.735
indexer,64,512,1,16384,1,131.209
indexer,64,512,2,16,1,48.9035
indexer,64,512,2,32,1,49.0237
indexer,64,512,2,64,1,49.16
indexer,64,512,2,128,1,49.135
indexer,64,512,2,256,1,42.056
indexer,64,512,2,512,1,41.2803
indexer,64,512,2,1024,1,46.472
indexer,64,512,2,2048,1,67.712
indexer,64,512,2,4096,1,102.193
indexer,64,512,2,8192,1,147.562
indexer,64,512,2,16384,1,231.785
indexer,64,512,4,16,1,49.0405
indexer,64,512,4,32,1,48.9688
indexer,64,512,4,64,1,50.0883
indexer,64,512,4,128,1,42.0235
indexer,64,512,4,256,1,41.2803
indexer,64,512,4,512,1,46.208
indexer,64,512,4,1024,1,55.4635
indexer,64,512,4,2048,1,78.2245
indexer,64,512,4,4096,1,125.345
indexer,64,512,4,8192,1,194.473
indexer,64,512,4,16384,1,321.496
indexer,64,512,8,16,1,49.3127
indexer,64,512,8,32,1,49.3515
indexer,64,512,8,64,1,42.1455
indexer,64,512,8,128,1,37.4723
indexer,64,512,8,256,1,39.3997
indexer,64,512,8,512,1,48.889
indexer,64,512,8,1024,1,57.8085
indexer,64,512,8,2048,1,85.2883
indexer,64,512,8,4096,1,132.489
indexer,64,512,8,8192,1,212.376
indexer,64,512,8,16384,1,361.608
indexer,64,512,16,16,1,50.7993
indexer,64,512,16,32,1,43.3362
indexer,64,512,16,64,1,38.3292
indexer,64,512,16,128,1,39.3767
indexer,64,512,16,256,1,47.448
indexer,64,512,16,512,1,51.663
indexer,64,512,16,1024,1,61.8253
indexer,64,512,16,2048,1,445.664
indexer,64,512,16,4096,1,152.184
indexer,64,512,16,8192,1,246.112
indexer,64,512,16,16384,1,422.777
indexer,64,512,32,16,1,45.4958
indexer,64,512,32,32,1,40.7437
indexer,64,512,32,64,1,41.982
indexer,64,512,32,128,1,42.4645
indexer,64,512,32,256,1,45.5598
indexer,64,512,32,512,1,55.3683
indexer,64,512,32,1024,1,69.7837
indexer,64,512,32,2048,1,467.048
indexer,64,512,32,4096,1,189.201
indexer,64,512,32,8192,1,317.536
indexer,64,512,32,16384,1,594.616
indexer,64,512,64,16,1,45.0235
indexer,64,512,64,32,1,46.9287
indexer,64,512,64,64,1,48.0245
indexer,64,512,64,128,1,49.2803
indexer,64,512,64,256,1,53.7365
indexer,64,512,64,512,1,67.5995
indexer,64,512,64,1024,1,92.215
indexer,64,512,64,2048,1,505.744
indexer,64,512,64,4096,1,255.8
indexer,64,512,64,8192,1,488.225
indexer,64,512,64,16384,1,1144.02
indexer,64,512,128,16,1,56.3115
indexer,64,512,128,32,1,56.0885
indexer,64,512,128,64,1,56.6233
indexer,64,512,128,128,1,60.657
indexer,64,512,128,256,1,73.4882
indexer,64,512,128,512,1,94.8
indexer,64,512,128,1024,1,138.44
indexer,64,512,128,2048,1,587.774
indexer,64,512,128,4096,1,450.968
indexer,64,512,128,8192,1,989.496
indexer,64,512,128,16384,1,1917.76
indexer,64,1024,0,0,1,49.2003
indexer,64,1024,1,16,1,49.145
indexer,64,1024,1,32,1,49.1043
indexer,64,1024,1,64,1,49.1525
indexer,64,1024,1,128,1,49.089
indexer,64,1024,1,256,1,49.4175
indexer,64,1024,1,512,1,42.6008
indexer,64,1024,1,1024,1,42.9438
indexer,64,1024,1,2048,1,58.1757
indexer,64,1024,1,4096,1,91.7192
indexer,64,1024,1,8192,1,125.895
indexer,64,1024,1,16384,1,184.223
indexer,64,1024,2,16,1,49.0405
indexer,64,1024,2,32,1,49.072
indexer,64,1024,2,64,1,49.3847
indexer,64,1024,2,128,1,49.3283
indexer,64,1024,2,256,1,42.7193
indexer,64,1024,2,512,1,42.9848
indexer,64,1024,2,1024,1,45.152
indexer,64,1024,2,2048,1,68.4712
indexer,64,1024,2,4096,1,103.632
indexer,64,1024,2,8192,1,148.713
indexer,64,1024,2,16384,1,230.281
indexer,64,1024,4,16,1,48.9197
indexer,64,1024,4,32,1,48.9522
indexer,64,1024,4,64,1,49.4155
indexer,64,1024,4,128,1,42.9045
indexer,64,1024,4,256,1,42.6155
indexer,64,1024,4,512,1,45.0405
indexer,64,1024,4,1024,1,56.4555
indexer,64,1024,4,2048,1,79.4728
indexer,64,1024,4,4096,1,127.064
indexer,64,1024,4,8192,1,195.224
indexer,64,1024,4,16384,1,322.359
indexer,64,1024,8,16,1,49.1515
indexer,64,1024,8,32,1,49.384
indexer,64,1024,8,64,1,42.8398
indexer,64,1024,8,128,1,42.8418
indexer,64,1024,8,256,1,40.0142
indexer,64,1024,8,512,1,49.0635
indexer,64,1024,8,1024,1,58.2878
indexer,64,1024,8,2048,1,84.888
indexer,64,1024,8,4096,1,133.936
indexer,64,1024,8,8192,1,212.433
indexer,64,1024,8,16384,1,362.128
indexer,64,1024,16,16,1,50.657
indexer,64,1024,16,32,1,43.9048
indexer,64,1024,16,64,1,43.9285
indexer,64,1024,16,128,1,42.1362
indexer,64,1024,16,256,1,48.6077
indexer,64,1024,16,512,1,52.439
indexer,64,1024,16,1024,1,62.3195
indexer,64,1024,16,2048,1,445.696
indexer,64,1024,16,4096,1,152.257
indexer,64,1024,16,8192,1,247.704
indexer,64,1024,16,16384,1,425.776
indexer,64,1024,32,16,1,45.7125
indexer,64,1024,32,32,1,46.154
indexer,64,1024,32,64,1,43.2957
indexer,64,1024,32,128,1,44.4315
indexer,64,1024,32,256,1,45.8883
indexer,64,1024,32,512,1,54.64
indexer,64,1024,32,1024,1,70.8725
indexer,64,1024,32,2048,1,466.04
indexer,64,1024,32,4096,1,188.96
indexer,64,1024,32,8192,1,318.448
indexer,64,1024,32,16384,1,596.545
indexer,64,1024,64,16,1,51.4327
indexer,64,1024,64,32,1,49.193
indexer,64,1024,64,64,1,49.8083
indexer,64,1024,64,128,1,50.6715
indexer,64,1024,64,256,1,54.1115
indexer,64,1024,64,512,1,67.7365
indexer,64,1024,64,1024,1,90.8715
indexer,64,1024,64,2048,1,506.137
indexer,64,1024,64,4096,1,257.2
indexer,64,1024,64,8192,1,486.41
indexer,64,1024,64,16384,1,1143.55
indexer,64,1024,128,16,1,59.0088
indexer,64,1024,128,32,1,59.032
indexer,64,1024,128,64,1,60.6552
indexer,64,1024,128,128,1,63.8088
indexer,64,1024,128,256,1,72.3357
indexer,64,1024,128,512,1,93.6333
indexer,64,1024,128,1024,1,136.952
indexer,64,1024,128,2048,1,590.481
indexer,64,1024,128,4096,1,452.394
indexer,64,1024,128,8192,1,987.008
indexer,64,1024,128,16384,1,1923.53
indexer,64,2048,0,0,1,77.888
indexer,64,2048,1,16,1,77.5918
indexer,64,2048,1,32,1,77.1277
indexer,64,2048,1,64,1,77.5285
indexer,64,2048,1,128,1,77.3445
indexer,64,2048,1,256,1,77.2797
indexer,64,2048,1,512,1,75.1045
indexer,64,2048,1,1024,1,73.8005
indexer,64,2048,1,2048,1,74.176
indexer,64,2048,1,4096,1,92.2557
indexer,64,2048,1,8192,1,124.409
indexer,64,2048,1,16384,1,183.688
indexer,64,2048,2,16,1,77.1995
indexer,64,2048,2,32,1,76.7282
indexer,64,2048,2,64,1,77.1202
indexer,64,2048,2,128,1,76.984
indexer,64,2048,2,256,1,75.288
indexer,64,2048,2,512,1,73.3117
indexer,64,2048,2,1024,1,73.8155
indexer,64,2048,2,2048,1,87.216
indexer,64,2048,2,4096,1,102.961
indexer,64,2048,2,8192,1,151.232
indexer,64,2048,2,16384,1,234.089
indexer,64,2048,4,16,1,77.072
indexer,64,2048,4,32,1,76.8152
indexer,64,2048,4,64,1,76.7198
indexer,64,2048,4,128,1,74.28
indexer,64,2048,4,256,1,72.7913
indexer,64,2048,4,512,1,73.4318
indexer,64,2048,4,1024,1,86.672
indexer,64,2048,4,2048,1,96.4013
indexer,64,2048,4,4096,1,126.296
indexer,64,2048,4,8192,1,196.56
indexer,64,2048,4,16384,1,326.736
indexer,64,2048,8,16,1,77.5118
indexer,64,2048,8,32,1,77.0467
indexer,64,2048,8,64,1,75.296
indexer,64,2048,8,128,1,73.8157
indexer,64,2048,8,256,1,74.0965
indexer,64,2048,8,512,1,78.0882
indexer,64,2048,8,1024,1,87.3275
indexer,64,2048,8,2048,1,102.296
indexer,64,2048,8,4096,1,133.592
indexer,64,2048,8,8192,1,215.345
indexer,64,2048,8,16384,1,366.055
indexer,64,2048,16,16,1,78.233
indexer,64,2048,16,32,1,75.8875
indexer,64,2048,16,64,1,75.0302
indexer,64,2048,16,128,1,75.3435
indexer,64,2048,16,256,1,80.2322
indexer,64,2048,16,512,1,81.2883
indexer,64,2048,16,1024,1,91.8807
indexer,64,2048,16,2048,1,450.616
indexer,64,2048,16,4096,1,152.615
indexer,64,2048,16,8192,1,249.281
indexer,64,2048,16,16384,1,428.936
indexer,64,2048,32,16,1,76.0075
indexer,64,2048,32,32,1,74.8075
indexer,64,2048,32,64,1,74.471
indexer,64,2048,32,128,1,75.912
indexer,64,2048,32,256,1,76.5365
indexer,64,2048,32,512,1,80.0648
indexer,64,2048,32,1024,1,95.633
indexer,64,2048,32,2048,1,468.505
indexer,64,2048,32,4096,1,187.929
indexer,64,2048,32,8192,1,319.296
indexer,64,2048,32,16384,1,597
indexer,64,2048,64,16,1,84.936
indexer,64,2048,64,32,1,85.225
indexer,64,2048,64,64,1,85.1267
indexer,64,2048,64,128,1,87.6005
indexer,64,2048,64,256,1,89.8158
indexer,64,2048,64,512,1,96.4963
indexer,64,2048,64,1024,1,120.456
indexer,64,2048,64,2048,1,506.216
indexer,64,2048,64,4096,1,256.368
indexer,64,2048,64,8192,1,490.36
indexer,64,2048,64,16384,1,1139.13
indexer,64,2048,128,16,1,96.8245
indexer,64,2048,128,32,1,96.7368
indexer,64,2048,128,64,1,97.472
indexer,64,2048,128,128,1,100.631
indexer,64,2048,128,256,1,107.52
indexer,64,2048,128,512,1,121.688
indexer,64,2048,128,1024,1,164.609
indexer,64,2048,128,2048,1,599.312
indexer,64,2048,128,4096,1,459.745
indexer,64,2048,128,8192,1,986.13
indexer,64,2048,128,16384,1,1921.28
indexer,64,4096,0,0,1,388.001
indexer,64,4096,1,16,1,388.034
indexer,64,4096,1,32,1,388.649
indexer,64,4096,1,64,1,388.705
indexer,64,4096,1,128,1,388.399
indexer,64,4096,1,256,1,389.392
indexer,64,4096,1,512,1,392.136
indexer,64,4096,1,1024,1,392.192
indexer,64,4096,1,2048,1,396.497
indexer,64,4096,1,4096,1,397.591
indexer,64,4096,1,8192,1,405.777
indexer,64,4096,1,16384,1,429.008
indexer,64,4096,2,16,1,388.136
indexer,64,4096,2,32,1,388.553
indexer,64,4096,2,64,1,388.817
indexer,64,4096,2,128,1,388.584
indexer,64,4096,2,256,1,390.745
indexer,64,4096,2,512,1,391.072
indexer,64,4096,2,1024,1,395.736
indexer,64,4096,2,2048,1,397.024
indexer,64,4096,2,4096,1,405.337
indexer,64,4096,2,8192,1,428.858
indexer,64,4096,2,16384,1,477.897
indexer,64,4096,4,16,1,388.024
indexer,64,4096,4,32,1,387.935
indexer,64,4096,4,64,1,388.111
indexer,64,4096,4,128,1,391.089
indexer,64,4096,4,256,1,391.081
indexer,64,4096,4,512,1,396.233
indexer,64,4096,4,1024,1,397.226
indexer,64,4096,4,2048,1,405.649
indexer,64,4096,4,4096,1,428.913
indexer,64,4096,4,8192,1,478.728
indexer,64,4096,4,16384,1,568.153
indexer,64,4096,8,16,1,388.833
indexer,64,4096,8,32,1,389.256
indexer,64,4096,8,64,1,392.201
indexer,64,4096,8,128,1,391.353
indexer,64,4096,8,256,1,392.834
indexer,64,4096,8,512,1,392.753
indexer,64,4096,8,1024,1,395.976
indexer,64,4096,8,2048,1,412.785
indexer,64,4096,8,4096,1,441.082
indexer,64,4096,8,8192,1,496.487
indexer,64,4096,8,16384,1,609.513
indexer,64,4096,16,16,1,389.433
indexer,64,4096,16,32,1,393.192
indexer,64,4096,16,64,1,393.144
indexer,64,4096,16,128,1,394.282
indexer,64,4096,16,256,1,395.785
indexer,64,4096,16,512,1,397.52
indexer,64,4096,16,1024,1,401.296
indexer,64,4096,16,2048,1,457.106
indexer,64,4096,16,4096,1,457.368
indexer,64,4096,16,8192,1,529.52
indexer,64,4096,16,16384,1,670.521
indexer,64,4096,32,16,1,392.481
indexer,64,4096,32,32,1,392.769
indexer,64,4096,32,64,1,394.673
indexer,64,4096,32,128,1,395.769
indexer,64,4096,32,256,1,396.706
indexer,64,4096,32,512,1,399.264
indexer,64,4096,32,1024,1,408.514
indexer,64,4096,32,2048,1,469.632
indexer,64,4096,32,4096,1,488.977
indexer,64,4096,32,8192,1,592.297
indexer,64,4096,32,16384,1,837.921
indexer,64,4096,64,16,1,398.984
indexer,64,4096,64,32,1,399.521
indexer,64,4096,64,64,1,400.034
indexer,64,4096,64,128,1,401.664
indexer,64,4096,64,256,1,404.288
indexer,64,4096,64,512,1,413.793
indexer,64,4096,64,1024,1,424.617
indexer,64,4096,64,2048,1,508.32
indexer,64,4096,64,4096,1,558.16
indexer,64,4096,64,8192,1,769.793
indexer,64,4096,64,16384,1,1385.63
indexer,64,4096,128,16,1,419.528
indexer,64,4096,128,32,1,419.408
indexer,64,4096,128,64,1,422.177
indexer,64,4096,128,128,1,425.968
indexer,64,4096,128,256,1,433.489
indexer,64,4096,128,512,1,447.457
indexer,64,4096,128,1024,1,471.113
indexer,64,4096,128,2048,1,899.442
indexer,64,4096,128,4096,1,756.649
indexer,64,4096,128,8192,1,1262.02
indexer,64,4096,128,16384,1,2160.09
indexer,64,8192,0,0,1,139.496
indexer,64,8192,1,16,1,140.263
indexer,64,8192,1,32,1,139.92
indexer,64,8192,1,64,1,141.337
indexer,64,8192,1,128,1,140.832
indexer,64,8192,1,256,1,141.377
indexer,64,8192,1,512,1,140.551
indexer,64,8192,1,1024,1,139.351
indexer,64,8192,1,2048,1,139.808
indexer,64,8192,1,4096,1,140.176
indexer,64,8192,1,8192,1,142.168
indexer,64,8192,1,16384,1,190.864
indexer,64,8192,2,16,1,138.849
indexer,64,8192,2,32,1,139.592
indexer,64,8192,2,64,1,139.536
indexer,64,8192,2,128,1,139.912
indexer,64,8192,2,256,1,137.993
indexer,64,8192,2,512,1,139.183
indexer,64,8192,2,1024,1,141.344
indexer,64,8192,2,2048,1,140.056
indexer,64,8192,2,4096,1,141.808
indexer,64,8192,2,8192,1,163.775
indexer,64,8192,2,16384,1,245.384
indexer,64,8192,4,16,1,139.744
indexer,64,8192,4,32,1,139.72
indexer,64,8192,4,64,1,140.432
indexer,64,8192,4,128,1,139.089
indexer,64,8192,4,256,1,139.649
indexer,64,8192,4,512,1,140.04
indexer,64,8192,4,1024,1,140.832
indexer,64,8192,4,2048,1,141.792
indexer,64,8192,4,4096,1,165.113
indexer,64,8192,4,8192,1,213.138
indexer,64,8192,4,16384,1,337.882
indexer,64,8192,8,16,1,135.761
indexer,64,8192,8,32,1,135.392
indexer,64,8192,8,64,1,137.712
indexer,64,8192,8,128,1,137.912
indexer,64,8192,8,256,1,137.033
indexer,64,8192,8,512,1,137.84
indexer,64,8192,8,1024,1,140.376
indexer,64,8192,8,2048,1,143.944
indexer,64,8192,8,4096,1,176.664
indexer,64,8192,8,8192,1,227.673
indexer,64,8192,8,16384,1,375.985
indexer,64,8192,16,16,1,136.128
indexer,64,8192,16,32,1,135.849
indexer,64,8192,16,64,1,136.785
indexer,64,8192,16,128,1,137.369
indexer,64,8192,16,256,1,139.232
indexer,64,8192,16,512,1,142.272
indexer,64,8192,16,1024,1,145.928
indexer,64,8192,16,2048,1,459.584
indexer,64,8192,16,4096,1,189.016
indexer,64,8192,16,8192,1,261.553
indexer,64,8192,16,16384,1,445.537
indexer,64,8192,32,16,1,141.224
indexer,64,8192,32,32,1,141.561
indexer,64,8192,32,64,1,143.279
indexer,64,8192,32,128,1,143.656
indexer,64,8192,32,256,1,143.537
indexer,64,8192,32,512,1,146.2
indexer,64,8192,32,1024,1,154.632
indexer,64,8192,32,2048,1,473.106
indexer,64,8192,32,4096,1,220.601
indexer,64,8192,32,8192,1,325.978
indexer,64,8192,32,16384,1,604.017
indexer,64,8192,64,16,1,154.04
indexer,64,8192,64,32,1,153.273
indexer,64,8192,64,64,1,155.248
indexer,64,8192,64,128,1,156.433
indexer,64,8192,64,256,1,160.217
indexer,64,8192,64,512,1,168.689
indexer,64,8192,64,1024,1,180.96
indexer,64,8192,64,2048,1,511.098
indexer,64,8192,64,4096,1,289.216
indexer,64,8192,64,8192,1,495.689
indexer,64,8192,64,16384,1,1144.4
indexer,64,8192,128,16,1,184.513
indexer,64,8192,128,32,1,185.712
indexer,64,8192,128,64,1,187.793
indexer,64,8192,128,128,1,191.392
indexer,64,8192,128,256,1,199.305
indexer,64,8192,128,512,1,212.663
indexer,64,8192,128,1024,1,236.153
indexer,64,8192,128,2048,1,612.761
indexer,64,8192,128,4096,1,484.808
indexer,64,8192,128,8192,1,998.216
indexer,64,8192,128,16384,1,1925.12
indexer,64,16384,0,0,1,168.177
indexer,64,16384,1,16,1,167.536
indexer,64,16384,1,32,1,167.04
indexer,64,16384,1,64,1,167.633
indexer,64,16384,1,128,1,168.151
indexer,64,16384,1,256,1,168.033
indexer,64,16384,1,512,1,167.864
indexer,64,16384,1,1024,1,167.88
indexer,64,16384,1,2048,1,169.049
indexer,64,16384,1,4096,1,170.502
indexer,64,16384,1,8192,1,172.721
indexer,64,16384,1,16384,1,204.192
indexer,64,16384,2,16,1,166.896
indexer,64,16384,2,32,1,167.544
indexer,64,16384,2,64,1,167.672
indexer,64,16384,2,128,1,167.969
indexer,64,16384,2,256,1,167.729
indexer,64,16384,2,512,1,168.129
indexer,64,16384,2,1024,1,168.576
indexer,64,16384,2,2048,1,171.135
indexer,64,16384,2,4096,1,173.296
indexer,64,16384,2,8192,1,178.769
indexer,64,16384,2,16384,1,253.6
indexer,64,16384,4,16,1,167.297
indexer,64,16384,4,32,1,167.512
indexer,64,16384,4,64,1,167.968
indexer,64,16384,4,128,1,168.784
indexer,64,16384,4,256,1,168.624
indexer,64,16384,4,512,1,168.672
indexer,64,16384,4,1024,1,171.768
indexer,64,16384,4,2048,1,173.533
indexer,64,16384,4,4096,1,178.976
indexer,64,16384,4,8192,1,223.008
indexer,64,16384,4,16384,1,348.304
indexer,64,16384,8,16,1,167.656
indexer,64,16384,8,32,1,168.119
indexer,64,16384,8,64,1,168.056
indexer,64,16384,8,128,1,168.656
indexer,64,16384,8,256,1,168.744
indexer,64,16384,8,512,1,170.185
indexer,64,16384,8,1024,1,174.256
indexer,64,16384,8,2048,1,480.913
indexer,64,16384,8,4096,1,186.846
indexer,64,16384,8,8192,1,237.834
indexer,64,16384,8,16384,1,380.712
indexer,64,16384,16,16,1,169
indexer,64,16384,16,32,1,169.16
indexer,64,16384,16,64,1,169.345
indexer,64,16384,16,128,1,170.232
indexer,64,16384,16,256,1,173.473
indexer,64,16384,16,512,1,173.897
indexer,64,16384,16,1024,1,179.161
indexer,64,16384,16,2048,1,487.44
indexer,64,16384,16,4096,1,197.944
indexer,64,16384,16,8192,1,269.815
indexer,64,16384,16,16384,1,452.392
indexer,64,16384,32,16,1,177.448
indexer,64,16384,32,32,1,177.744
indexer,64,16384,32,64,1,179.113
indexer,64,16384,32,128,1,179.569
indexer,64,16384,32,256,1,181.688
indexer,64,16384,32,512,1,185.688
indexer,64,16384,32,1024,1,192.216
indexer,64,16384,32,2048,1,507.369
indexer,64,16384,32,4096,1,227.369
indexer,64,16384,32,8192,1,333.432
indexer,64,16384,32,16384,1,611.017
indexer,64,16384,64,16,1,221.872
indexer,64,16384,64,32,1,221.649
indexer,64,16384,64,64,1,225.288
indexer,64,16384,64,128,1,223.593
indexer,64,16384,64,256,1,228.057
indexer,64,16384,64,512,1,235.768
indexer,64,16384,64,1024,1,248.12
indexer,64,16384,64,2048,1,560.114
indexer,64,16384,64,4096,1,315.129
indexer,64,16384,64,8192,1,526.12
indexer,64,16384,64,16384,1,1155.92
indexer,64,16384,128,16,1,269.775
indexer,64,16384,128,32,1,273.937
indexer,64,16384,128,64,1,272.337
indexer,64,16384,128,128,1,275.737
indexer,64,16384,128,256,1,286.08
indexer,64,16384,128,512,1,302.224
indexer,64,16384,128,1024,1,322.008
indexer,64,16384,128,2048,1,703.041
indexer,64,16384,128,4096,1,493.84
indexer,64,16384,128,8192,1,1012.54
indexer,64,16384,128,16384,1,1933.9
indexer,128,0,0,0,1,30.7997
indexer,128,0,1,16,1,45.9425
indexer,128,0,1,32,1,46.4088
indexer,128,0,1,64,1,46.072
indexer,128,0,1,128,1,46.3118
indexer,128,0,1,256,1,46.6878
indexer,128,0,1,512,1,46.537
indexer,128,0,1,1024,1,46.4553
indexer,128,0,1,2048,1,62.9525
indexer,128,0,1,4096,1,76.2078
indexer,128,0,1,8192,1,75.6548
indexer,128,0,1,16384,1,89.1857
indexer,128,0,2,16,1,45.8483
indexer,128,0,2,32,1,46.6175
indexer,128,0,2,64,1,46.889
indexer,128,0,2,128,1,47.4158
indexer,128,0,2,256,1,47.4478
indexer,128,0,2,512,1,47.1928
indexer,128,0,2,1024,1,48.1123
indexer,128,0,2,2048,1,68.918
indexer,128,0,2,4096,1,77.8805
indexer,128,0,2,8192,1,81.1855
indexer,128,0,2,16384,1,96.3097
indexer,128,0,4,16,1,46.935
indexer,128,0,4,32,1,46.5768
indexer,128,0,4,64,1,47.255
indexer,128,0,4,128,1,46.937
indexer,128,0,4,256,1,47.7405
indexer,128,0,4,512,1,48.456
indexer,128,0,4,1024,1,48.424
indexer,128,0,4,2048,1,69.0392
indexer,128,0,4,4096,1,80.0965
indexer,128,0,4,8192,1,87.7027
indexer,128,0,4,16384,1,105.265
indexer,128,0,8,16,1,47.1677
indexer,128,0,8,32,1,47.064
indexer,128,0,8,64,1,48.184
indexer,128,0,8,128,1,48.2805
indexer,128,0,8,256,1,47.7295
indexer,128,0,8,512,1,48.0722
indexer,128,0,8,1024,1,49.3688
indexer,128,0,8,2048,1,71.8073
indexer,128,0,8,4096,1,85.76
indexer,128,0,8,8192,1,96.1595
indexer,128,0,8,16384,1,124.415
indexer,128,0,16,16,1,47.4693
indexer,128,0,16,32,1,47.5923
indexer,128,0,16,64,1,48.104
indexer,128,0,16,128,1,48.367
indexer,128,0,16,256,1,49.1678
indexer,128,0,16,512,1,50.184
indexer,128,0,16,1024,1,52.4967
indexer,128,0,16,2048,1,79.0495
indexer,128,0,16,4096,1,97.167
indexer,128,0,16,8192,1,121.447
indexer,128,0,16,16384,1,169.416
indexer,128,0,32,16,1,50.2483
indexer,128,0,32,32,1,50.0083
indexer,128,0,32,64,1,50.944
indexer,128,0,32,128,1,51.4688
indexer,128,0,32,256,1,51.6655
indexer,128,0,32,512,1,53.6702
indexer,128,0,32,1024,1,58.52
indexer,128,0,32,2048,1,109.577
indexer,128,0,32,4096,1,150.872
indexer,128,0,32,8192,1,197.127
indexer,128,0,32,16384,1,285.912
indexer,128,0,64,16,1,51.4792
indexer,128,0,64,32,1,51.9453
indexer,128,0,64,64,1,53.0548
indexer,128,0,64,128,1,53.4087
indexer,128,0,64,256,1,55.9985
indexer,128,0,64,512,1,60.8733
indexer,128,0,64,1024,1,69.2855
indexer,128,0,64,2048,1,176.847
indexer,128,0,64,4096,1,253.281
indexer,128,0,64,8192,1,340.994
indexer,128,0,64,16384,1,541.712
indexer,128,0,128,16,1,56.7528
indexer,128,0,128,32,1,57.4317
indexer,128,0,128,64,1,59.137
indexer,128,0,128,128,1,62.2405
indexer,128,0,128,256,1,66.312
indexer,128,0,128,512,1,74.719
indexer,128,0,128,1024,1,94.88
indexer,128,0,128,2048,1,279.481
indexer,128,0,128,4096,1,417.882
indexer,128,0,128,8192,1,628.512
indexer,128,0,128,16384,1,988.249
indexer,128,16,0,0,1,35.5677
indexer,128,16,1,16,1,34.8555
indexer,128,16,1,32,1,35.1665
indexer,128,16,1,64,1,35.063
indexer,128,16,1,128,1,35.4465
indexer,128,16,1,256,1,39.0145
indexer,128,16,1,512,1,46.2545
indexer,128,16,1,1024,1,46.504
indexer,128,16,1,2048,1,67.4562
indexer,128,16,1,4096,1,427.778
indexer,128,16,1,8192,1,141.21
indexer,128,16,1,16384,1,174.353
indexer,128,16,2,16,1,35.8557
indexer,128,16,2,32,1,35.8635
indexer,128,16,2,64,1,35.3295
indexer,128,16,2,128,1,39.4972
indexer,128,16,2,256,1,46.0892
indexer,128,16,2,512,1,46.823
indexer,128,16,2,1024,1,48.504
indexer,128,16,2,2048,1,76.9525
indexer,128,16,2,4096,1,460.28
indexer,128,16,2,8192,1,186.736
indexer,128,16,2,16384,1,318.817
indexer,128,16,4,16,1,35.0965
indexer,128,16,4,32,1,35.6555
indexer,128,16,4,64,1,39.2558
indexer,128,16,4,128,1,46.4803
indexer,128,16,4,256,1,47.3048
indexer,128,16,4,512,1,48.4642
indexer,128,16,4,1024,1,58.8718
indexer,128,16,4,2048,1,100.296
indexer,128,16,4,4096,1,495.258
indexer,128,16,4,8192,1,280.504
indexer,128,16,4,16384,1,504.392
indexer,128,16,8,16,1,35.4005
indexer,128,16,8,32,1,35.9597
indexer,128,16,8,64,1,40.328
indexer,128,16,8,128,1,40.1923
indexer,128,16,8,256,1,41.5517
indexer,128,16,8,512,1,48.3675
indexer,128,16,8,1024,1,60.425
indexer,128,16,8,2048,1,103.264
indexer,128,16,8,4096,1,510.033
indexer,128,16,8,8192,1,299.368
indexer,128,16,8,16384,1,533.392
indexer,128,16,16,16,1,37.3757
indexer,128,16,16,32,1,37.5203
indexer,128,16,16,64,1,37.4642
indexer,128,16,16,128,1,37.3257
indexer,128,16,16,256,1,42.4468
indexer,128,16,16,512,1,51.7183
indexer,128,16,16,1024,1,64.6073
indexer,128,16,16,2048,1,456.377
indexer,128,16,16,4096,1,517.425
indexer,128,16,16,8192,1,324.985
indexer,128,16,16,16384,1,576.993
indexer,128,16,32,16,1,39.7993
indexer,128,16,32,32,1,36.2005
indexer,128,16,32,64,1,37.873
indexer,128,16,32,128,1,41.1105
indexer,128,16,32,256,1,47.368
indexer,128,16,32,512,1,57.281
indexer,128,16,32,1024,1,77.1998
indexer,128,16,32,2048,1,488.69
indexer,128,16,32,4096,1,565.449
indexer,128,16,32,8192,1,409.737
indexer,128,16,32,16384,1,785.607
indexer,128,16,64,16,1,40.3355
indexer,128,16,64,32,1,40.5445
indexer,128,16,64,64,1,43.216
indexer,128,16,64,128,1,46.5765
indexer,128,16,64,256,1,55.52
indexer,128,16,64,512,1,69.5435
indexer,128,16,64,1024,1,102.889
indexer,128,16,64,2048,1,529.809
indexer,128,16,64,4096,1,649.969
indexer,128,16,64,8192,1,613.937
indexer,128,16,64,16384,1,1307.87
indexer,128,16,128,16,1,50.5355
indexer,128,16,128,32,1,50.8
indexer,128,16,128,64,1,57.7845
indexer,128,16,128,128,1,63.7452
indexer,128,16,128,256,1,77.3915
indexer,128,16,128,512,1,103.649
indexer,128,16,128,1024,1,155.728
indexer,128,16,128,2048,1,978
indexer,128,16,128,4096,1,944.162
indexer,128,16,128,8192,1,1076.33
indexer,128,16,128,16384,1,2152.29
indexer,128,32,0,0,1,35.847
indexer,128,32,1,16,1,35.065
indexer,128,32,1,32,1,35.2647
indexer,128,32,1,64,1,35.0802
indexer,128,32,1,128,1,35.4395
indexer,128,32,1,256,1,39.3037
indexer,128,32,1,512,1,46.3767
indexer,128,32,1,1024,1,46.8958
indexer,128,32,1,2048,1,67.7032
indexer,128,32,1,4096,1,434.175
indexer,128,32,1,8192,1,140.642
indexer,128,32,1,16384,1,173.648
indexer,128,32,2,16,1,35.4968
indexer,128,32,2,32,1,35.3045
indexer,128,32,2,64,1,35.4567
indexer,128,32,2,128,1,38.8235
indexer,128,32,2,256,1,46.1508
indexer,128,32,2,512,1,47.2643
indexer,128,32,2,1024,1,49.168
indexer,128,32,2,2048,1,75.4788
indexer,128,32,2,4096,1,450.594
indexer,128,32,2,8192,1,186.183
indexer,128,32,2,16384,1,318.007
indexer,128,32,4,16,1,35.1522
indexer,128,32,4,32,1,35.2325
indexer,128,32,4,64,1,38.737
indexer,128,32,4,128,1,46.3533
indexer,128,32,4,256,1,46.7685
indexer,128,32,4,512,1,48.7513
indexer,128,32,4,1024,1,58.9205
indexer,128,32,4,2048,1,98.9765
indexer,128,32,4,4096,1,496.456
indexer,128,32,4,8192,1,280.904
indexer,128,32,4,16384,1,509.36
indexer,128,32,8,16,1,35.6715
indexer,128,32,8,32,1,36.1435
indexer,128,32,8,64,1,39.2165
indexer,128,32,8,128,1,39.864
indexer,128,32,8,256,1,41.472
indexer,128,32,8,512,1,48.0328
indexer,128,32,8,1024,1,60.1513
indexer,128,32,8,2048,1,100.929
indexer,128,32,8,4096,1,501.954
indexer,128,32,8,8192,1,294.584
indexer,128,32,8,16384,1,529.337
indexer,128,32,16,16,1,37.0727
indexer,128,32,16,32,1,37.5595
indexer,128,32,16,64,1,36.8082
indexer,128,32,16,128,1,37.728
indexer,128,32,16,256,1,42.4325
indexer,128,32,16,512,1,51.9373
indexer,128,32,16,1024,1,65.0078
indexer,128,32,16,2048,1,457.17
indexer,128,32,16,4096,1,516.61
indexer,128,32,16,8192,1,322.616
indexer,128,32,16,16384,1,585.417
indexer,128,32,32,16,1,39.8328
indexer,128,32,32,32,1,36.249
indexer,128,32,32,64,1,37.8308
indexer,128,32,32,128,1,41.0147
indexer,128,32,32,256,1,47.199
indexer,128,32,32,512,1,57.3035
indexer,128,32,32,1024,1,76.3357
indexer,128,32,32,2048,1,482.056
indexer,128,32,32,4096,1,564.369
indexer,128,32,32,8192,1,407.729
indexer,128,32,32,16384,1,786.193
indexer,128,32,64,16,1,40.6315
indexer,128,32,64,32,1,40.6258
indexer,128,32,64,64,1,43.0168
indexer,128,32,64,128,1,46.2157
indexer,128,32,64,256,1,55.7998
indexer,128,32,64,512,1,68.9375
indexer,128,32,64,1024,1,103.081
indexer,128,32,64,2048,1,528.985
indexer,128,32,64,4096,1,650.505
indexer,128,32,64,8192,1,611.801
indexer,128,32,64,16384,1,1307.3
indexer,128,32,128,16,1,50.6152
indexer,128,32,128,32,1,50.84
indexer,128,32,128,64,1,56.977
indexer,128,32,128,128,1,63.7847
indexer,128,32,128,256,1,78
indexer,128,32,128,512,1,103.849
indexer,128,32,128,1024,1,155.937
indexer,128,32,128,2048,1,979.402
indexer,128,32,128,4096,1,946.906
indexer,128,32,128,8192,1,1079.81
indexer,128,32,128,16384,1,2149.99
indexer,128,64,0,0,1,36.3597
indexer,128,64,1,16,1,36.1275
indexer,128,64,1,32,1,36.0562
indexer,128,64,1,64,1,36.416
indexer,128,64,1,128,1,37.0962
indexer,128,64,1,256,1,38.7108
indexer,128,64,1,512,1,45.7283
indexer,128,64,1,1024,1,46.723
indexer,128,64,1,2048,1,67.3355
indexer,128,64,1,4096,1,427.185
indexer,128,64,1,8192,1,139.578
indexer,128,64,1,16384,1,173.264
indexer,128,64,2,16,1,37.1777
indexer,128,64,2,32,1,37.0085
indexer,128,64,2,64,1,37.0643
indexer,128,64,2,128,1,39.2885
indexer,128,64,2,256,1,46.23
indexer,128,64,2,512,1,46.808
indexer,128,64,2,1024,1,49.6405
indexer,128,64,2,2048,1,75.439
indexer,128,64,2,4096,1,457.673
indexer,128,64,2,8192,1,185.017
indexer,128,64,2,16384,1,320.128
indexer,128,64,4,16,1,36.8077
indexer,128,64,4,32,1,36.5992
indexer,128,64,4,64,1,38.8005
indexer,128,64,4,128,1,45.664
indexer,128,64,4,256,1,47.1512
indexer,128,64,4,512,1,48.7515
indexer,128,64,4,1024,1,59.5688
indexer,128,64,4,2048,1,98.7597
indexer,128,64,4,4096,1,497.417
indexer,128,64,4,8192,1,280.304
indexer,128,64,4,16384,1,503.88
indexer,128,64,8,16,1,37.0077
indexer,128,64,8,32,1,37.295
indexer,128,64,8,64,1,39.4405
indexer,128,64,8,128,1,40.3623
indexer,128,64,8,256,1,41.2573
indexer,128,64,8,512,1,48.4253
indexer,128,64,8,1024,1,60.415
indexer,128,64,8,2048,1,102.624
indexer,128,64,8,4096,1,501.703
indexer,128,64,8,8192,1,296.929
indexer,128,64,8,16384,1,535.921
indexer,128,64,16,16,1,38.0082
indexer,128,64,16,32,1,38.8397
indexer,128,64,16,64,1,36.8635
indexer,128,64,16,128,1,37.656
indexer,128,64,16,256,1,42.1292
indexer,128,64,16,512,1,51.9215
indexer,128,64,16,1024,1,64.3847
indexer,128,64,16,2048,1,457.36
indexer,128,64,16,4096,1,516.314
indexer,128,64,16,8192,1,319.824
indexer,128,64,16,16384,1,578.016
indexer,128,64,32,16,1,40.4243
indexer,128,64,32,32,1,36.152
indexer,128,64,32,64,1,38.1448
indexer,128,64,32,128,1,41.1205
indexer,128,64,32,256,1,47.3445
indexer,128,64,32,512,1,57.2963
indexer,128,64,32,1024,1,76.6163
indexer,128,64,32,2048,1,481.928
indexer,128,64,32,4096,1,564.001
indexer,128,64,32,8192,1,411.007
indexer,128,64,32,16384,1,784.377
indexer,128,64,64,16,1,40.3835
indexer,128,64,64,32,1,40.7915
indexer,128,64,64,64,1,43.177
indexer,128,64,64,128,1,46.2078
indexer,128,64,64,256,1,55.7597
indexer,128,64,64,512,1,69.4645
indexer,128,64,64,1024,1,103.488
indexer,128,64,64,2048,1,530.121
indexer,128,64,64,4096,1,650.586
indexer,128,64,64,8192,1,613.361
indexer,128,64,64,16384,1,1306.71
indexer,128,64,128,16,1,50.9442
indexer,128,64,128,32,1,51.5275
indexer,128,64,128,64,1,57.0645
indexer,128,64,128,128,1,64.847
indexer,128,64,128,256,1,76.7275
indexer,128,64,128,512,1,103.768
indexer,128,64,128,1024,1,155.216
indexer,128,64,128,2048,1,977.873
indexer,128,64,128,4096,1,947.065
indexer,128,64,128,8192,1,1080.25
indexer,128,64,128,16384,1,2153.67
indexer,128,128,0,0,1,37.071
indexer,128,128,1,16,1,36.9355
indexer,128,128,1,32,1,36.8312
indexer,128,128,1,64,1,36.7677
indexer,128,128,1,128,1,36.6658
indexer,128,128,1,256,1,38.807
indexer,128,128,1,512,1,45.9213
indexer,128,128,1,1024,1,46.5295
indexer,128,128,1,2048,1,66.2957
indexer,128,128,1,4096,1,94.3768
indexer,128,128,1,8192,1,140.617
indexer,128,128,1,16384,1,174.744
indexer,128,128,2,16,1,37.1118
indexer,128,128,2,32,1,37.2793
indexer,128,128,2,64,1,37.0877
indexer,128,128,2,128,1,40.0643
indexer,128,128,2,256,1,46.009
indexer,128,128,2,512,1,47.144
indexer,128,128,2,1024,1,49.4723
indexer,128,128,2,2048,1,74.5995
indexer,128,128,2,4096,1,119.281
indexer,128,128,2,8192,1,186.288
indexer,128,128,2,16384,1,319.048
indexer,128,128,4,16,1,37.1675
indexer,128,128,4,32,1,36.8873
indexer,128,128,4,64,1,38.5035
indexer,128,128,4,128,1,45.9528
indexer,128,128,4,256,1,46.1283
indexer,128,128,4,512,1,48.6243
indexer,128,128,4,1024,1,58.3125
indexer,128,128,4,2048,1,100.904
indexer,128,128,4,4096,1,163.96
indexer,128,128,4,8192,1,281.863
indexer,128,128,4,16384,1,505.009
indexer,128,128,8,16,1,36.784
indexer,128,128,8,32,1,37.192
indexer,128,128,8,64,1,39.3925
indexer,128,128,8,128,1,39.688
indexer,128,128,8,256,1,41.2557
indexer,128,128,8,512,1,49.1605
indexer,128,128,8,1024,1,60.569
indexer,128,128,8,2048,1,101.609
indexer,128,128,8,4096,1,168.658
indexer,128,128,8,8192,1,294.208
indexer,128,128,8,16384,1,530.969
indexer,128,128,16,16,1,39.1447
indexer,128,128,16,32,1,38.8485
indexer,128,128,16,64,1,37.638
indexer,128,128,16,128,1,38.4155
indexer,128,128,16,256,1,42.6877
indexer,128,128,16,512,1,51.1432
indexer,128,128,16,1024,1,64.456
indexer,128,128,16,2048,1,463.01
indexer,128,128,16,4096,1,182.448
indexer,128,128,16,8192,1,320.44
indexer,128,128,16,16384,1,576.577
indexer,128,128,32,16,1,40.9117
indexer,128,128,32,32,1,36.2395
indexer,128,128,32,64,1,37.992
indexer,128,128,32,128,1,41.1285
indexer,128,128,32,256,1,48.2957
indexer,128,128,32,512,1,57.4958
indexer,128,128,32,1024,1,77.2635
indexer,128,128,32,2048,1,482.729
indexer,128,128,32,4096,1,229.898
indexer,128,128,32,8192,1,409.92
indexer,128,128,32,16384,1,787.018
indexer,128,128,64,16,1,40.312
indexer,128,128,64,32,1,40.7205
indexer,128,128,64,64,1,43.0078
indexer,128,128,64,128,1,46.7923
indexer,128,128,64,256,1,55.8235
indexer,128,128,64,512,1,69.3615
indexer,128,128,64,1024,1,103.032
indexer,128,128,64,2048,1,529.496
indexer,128,128,64,4096,1,316.257
indexer,128,128,64,8192,1,612.336
indexer,128,128,64,16384,1,1312.14
indexer,128,128,128,16,1,50.736
indexer,128,128,128,32,1,51.4083
indexer,128,128,128,64,1,57.4008
indexer,128,128,128,128,1,64.208
indexer,128,128,128,256,1,77.5752
indexer,128,128,128,512,1,104.512
indexer,128,128,128,1024,1,155.151
indexer,128,128,128,2048,1,977.944
indexer,128,128,128,4096,1,618.169
indexer,128,128,128,8192,1,1077.61
indexer,128,128,128,16384,1,2150.68
indexer,128,256,0,0,1,42.272
indexer,128,256,1,16,1,42.023
indexer,128,256,1,32,1,42.1523
indexer,128,256,1,64,1,41.5757
indexer,128,256,1,128,1,41.8955
indexer,128,256,1,256,1,42.0403
indexer,128,256,1,512,1,39.1445
indexer,128,256,1,1024,1,42.0237
indexer,128,256,1,2048,1,62.3842
indexer,128,256,1,4096,1,94.928
indexer,128,256,1,8192,1,143.273
indexer,128,256,1,16384,1,173.056
indexer,128,256,2,16,1,41.7203
indexer,128,256,2,32,1,41.935
indexer,128,256,2,64,1,42.4323
indexer,128,256,2,128,1,41.976
indexer,128,256,2,256,1,39.632
indexer,128,256,2,512,1,42.032
indexer,128,256,2,1024,1,47.7115
indexer,128,256,2,2048,1,73.7365
indexer,128,256,2,4096,1,119.697
indexer,128,256,2,8192,1,187.058
indexer,128,256,2,16384,1,318.201
indexer,128,256,4,16,1,41.7845
indexer,128,256,4,32,1,42.1757
indexer,128,256,4,64,1,41.7288
indexer,128,256,4,128,1,39.1125
indexer,128,256,4,256,1,42.152
indexer,128,256,4,512,1,48.0395
indexer,128,256,4,1024,1,59.52
indexer,128,256,4,2048,1,98.9765
indexer,128,256,4,4096,1,163.568
indexer,128,256,4,8192,1,279.585
indexer,128,256,4,16384,1,502.418
indexer,128,256,8,16,1,42.305
indexer,128,256,8,32,1,42.664
indexer,128,256,8,64,1,37.497
indexer,128,256,8,128,1,36.471
indexer,128,256,8,256,1,40.6403
indexer,128,256,8,512,1,49.4167
indexer,128,256,8,1024,1,60.7698
indexer,128,256,8,2048,1,99.8968
indexer,128,256,8,4096,1,168.992
indexer,128,256,8,8192,1,292.592
indexer,128,256,8,16384,1,530.273
indexer,128,256,16,16,1,43.1998
indexer,128,256,16,32,1,38.6797
indexer,128,256,16,64,1,35.8005
indexer,128,256,16,128,1,42.0548
indexer,128,256,16,256,1,42.6968
indexer,128,256,16,512,1,52.144
indexer,128,256,16,1024,1,65.775
indexer,128,256,16,2048,1,459.112
indexer,128,256,16,4096,1,183.111
indexer,128,256,16,8192,1,319.2
indexer,128,256,16,16384,1,576.536
indexer,128,256,32,16,1,40.936
indexer,128,256,32,32,1,38.3765
indexer,128,256,32,64,1,37.9847
indexer,128,256,32,128,1,41.1525
indexer,128,256,32,256,1,48.0965
indexer,128,256,32,512,1,57.96
indexer,128,256,32,1024,1,77.0808
indexer,128,256,32,2048,1,483.16
indexer,128,256,32,4096,1,230.552
indexer,128,256,32,8192,1,407.633
indexer,128,256,32,16384,1,785.241
indexer,128,256,64,16,1,42.6395
indexer,128,256,64,32,1,42.2715
indexer,128,256,64,64,1,43.4797
indexer,128,256,64,128,1,46.4967
indexer,128,256,64,256,1,56.0235
indexer,128,256,64,512,1,69.599
indexer,128,256,64,1024,1,103.736
indexer,128,256,64,2048,1,529.024
indexer,128,256,64,4096,1,316.793
indexer,128,256,64,8192,1,613.457
indexer,128,256,64,16384,1,1312.33
indexer,128,256,128,16,1,55.8385
indexer,128,256,128,32,1,56.3443
indexer,128,256,128,64,1,57.1048
indexer,128,256,128,128,1,64.1365
indexer,128,256,128,256,1,76.9035
indexer,128,256,128,512,1,104.751
indexer,128,256,128,1024,1,155.737
indexer,128,256,128,2048,1,978.832
indexer,128,256,128,4096,1,621.103
indexer,128,256,128,8192,1,1080.48
indexer,128,256,128,16384,1,2155.49
indexer,128,512,0,0,1,50.3438
indexer,128,512,1,16,1,49.4813
indexer,128,512,1,32,1,49.4475
indexer,128,512,1,64,1,49.4813
indexer,128,512,1,128,1,49.6713
indexer,128,512,1,256,1,41.9675
indexer,128,512,1,512,1,42.5513
indexer,128,512,1,1024,1,42.3768
indexer,128,512,1,2048,1,61.9202
indexer,128,512,1,4096,1,95.0162
indexer,128,512,1,8192,1,142.976
indexer,128,512,1,16384,1,172.792
indexer,128,512,2,16,1,49.2968
indexer,128,512,2,32,1,49.3835
indexer,128,512,2,64,1,50.024
indexer,128,512,2,128,1,42.2245
indexer,128,512,2,256,1,42.4793
indexer,128,512,2,512,1,42.3915
indexer,128,512,2,1024,1,48.9515
indexer,128,512,2,2048,1,72.4237
indexer,128,512,2,4096,1,120.488
indexer,128,512,2,8192,1,186.655
indexer,128,512,2,16384,1,317.193
indexer,128,512,4,16,1,49.216
indexer,128,512,4,32,1,49.68
indexer,128,512,4,64,1,42.5288
indexer,128,512,4,128,1,42.0403
indexer,128,512,4,256,1,42.775
indexer,128,512,4,512,1,48.513
indexer,128,512,4,1024,1,59.05
indexer,128,512,4,2048,1,96.776
indexer,128,512,4,4096,1,163.977
indexer,128,512,4,8192,1,282.841
indexer,128,512,4,16384,1,506.871
indexer,128,512,8,16,1,49.8795
indexer,128,512,8,32,1,42.6328
indexer,128,512,8,64,1,42.6307
indexer,128,512,8,128,1,38.071
indexer,128,512,8,256,1,42.1763
indexer,128,512,8,512,1,49.6162
indexer,128,512,8,1024,1,61.215
indexer,128,512,8,2048,1,99.4
indexer,128,512,8,4096,1,169.312
indexer,128,512,8,8192,1,292.112
indexer,128,512,8,16384,1,530.249
indexer,128,512,16,16,1,43.5282
indexer,128,512,16,32,1,43.768
indexer,128,512,16,64,1,39.5517
indexer,128,512,16,128,1,42.487
indexer,128,512,16,256,1,43.2473
indexer,128,512,16,512,1,52.8317
indexer,128,512,16,1024,1,65.5435
indexer,128,512,16,2048,1,460.025
indexer,128,512,16,4096,1,184.393
indexer,128,512,16,8192,1,319.08
indexer,128,512,16,16384,1,578.064
indexer,128,512,32,16,1,45.8562
indexer,128,512,32,32,1,41.0632
indexer,128,512,32,64,1,41.4635
indexer,128,512,32,128,1,42.2578
indexer,128,512,32,256,1,48.7678
indexer,128,512,32,512,1,58.6473
indexer,128,512,32,1024,1,77.4728
indexer,128,512,32,2048,1,484.504
indexer,128,512,32,4096,1,231.055
indexer,128,512,32,8192,1,408.425
indexer,128,512,32,16384,1,787.648
indexer,128,512,64,16,1,45.5037
indexer,128,512,64,32,1,44.9688
indexer,128,512,64,64,1,45.8318
indexer,128,512,64,128,1,47.008
indexer,128,512,64,256,1,56.1838
indexer,128,512,64,512,1,69.7355
indexer,128,512,64,1024,1,103.848
indexer,128,512,64,2048,1,535.169
indexer,128,512,64,4096,1,316.36
indexer,128,512,64,8192,1,614.593
indexer,128,512,64,16384,1,1308.72
indexer,128,512,128,16,1,61.0643
indexer,128,512,128,32,1,61.2405
indexer,128,512,128,64,1,61.744
indexer,128,512,128,128,1,65.3752
indexer,128,512,128,256,1,77.0162
indexer,128,512,128,512,1,104.247
indexer,128,512,128,1024,1,156.736
indexer,128,512,128,2048,1,978.674
indexer,128,512,128,4096,1,617.017
indexer,128,512,128,8192,1,1081.3
indexer,128,512,128,16384,1,2154.48
indexer,128,1024,0,0,1,49.977
indexer,128,1024,1,16,1,49.5123
indexer,128,1024,1,32,1,49.7692
indexer,128,1024,1,64,1,49.2803
indexer,128,1024,1,128,1,50.2003
indexer,128,1024,1,256,1,44.2092
indexer,128,1024,1,512,1,44.383
indexer,128,1024,1,1024,1,43.9675
indexer,128,1024,1,2048,1,63.016
indexer,128,1024,1,4096,1,95.8165
indexer,128,1024,1,8192,1,143.177
indexer,128,1024,1,16384,1,225.376
indexer,128,1024,2,16,1,49.208
indexer,128,1024,2,32,1,49.641
indexer,128,1024,2,64,1,49.8167
indexer,128,1024,2,128,1,44.2475
indexer,128,1024,2,256,1,44.311
indexer,128,1024,2,512,1,44.1588
indexer,128,1024,2,1024,1,49.5025
indexer,128,1024,2,2048,1,71.9213
indexer,128,1024,2,4096,1,121.615
indexer,128,1024,2,8192,1,188.137
indexer,128,1024,2,16384,1,317.424
indexer,128,1024,4,16,1,49.8
indexer,128,1024,4,32,1,49.511
indexer,128,1024,4,64,1,44.2553
indexer,128,1024,4,128,1,44.5283
indexer,128,1024,4,256,1,44.5188
indexer,128,1024,4,512,1,48.7272
indexer,128,1024,4,1024,1,59.6875
indexer,128,1024,4,2048,1,98.183
indexer,128,1024,4,4096,1,165.84
indexer,128,1024,4,8192,1,281.144
indexer,128,1024,4,16384,1,507.587
indexer,128,1024,8,16,1,49.5192
indexer,128,1024,8,32,1,43.8952
indexer,128,1024,8,64,1,44.4485
indexer,128,1024,8,128,1,44.3593
indexer,128,1024,8,256,1,42.5675
indexer,128,1024,8,512,1,49.6795
indexer,128,1024,8,1024,1,62.2005
indexer,128,1024,8,2048,1,100.849
indexer,128,1024,8,4096,1,173.368
indexer,128,1024,8,8192,1,294.769
indexer,128,1024,8,16384,1,529.889
indexer,128,1024,16,16,1,46.279
indexer,128,1024,16,32,1,45.7837
indexer,128,1024,16,64,1,45.8478
indexer,128,1024,16,128,1,44.7443
indexer,128,1024,16,256,1,45.5517
indexer,128,1024,16,512,1,53.4005
indexer,128,1024,16,1024,1,66.359
indexer,128,1024,16,2048,1,462.09
indexer,128,1024,16,4096,1,186.239
indexer,128,1024,16,8192,1,322.744
indexer,128,1024,16,16384,1,576.434
indexer,128,1024,32,16,1,47.9588
indexer,128,1024,32,32,1,48.0233
indexer,128,1024,32,64,1,47.7193
indexer,128,1024,32,128,1,49.2002
indexer,128,1024,32,256,1,50.8558
indexer,128,1024,32,512,1,60.1605
indexer,128,1024,32,1024,1,79.425
indexer,128,1024,32,2048,1,488.89
indexer,128,1024,32,4096,1,233.639
indexer,128,1024,32,8192,1,414.962
indexer,128,1024,32,16384,1,787.393
indexer,128,1024,64,16,1,52.1373
indexer,128,1024,64,32,1,51.8003
indexer,128,1024,64,64,1,52.455
indexer,128,1024,64,128,1,54.1765
indexer,128,1024,64,256,1,57.1917
indexer,128,1024,64,512,1,70.9208
indexer,128,1024,64,1024,1,104.962
indexer,128,1024,64,2048,1,531.247
indexer,128,1024,64,4096,1,317.632
indexer,128,1024,64,8192,1,614.409
indexer,128,1024,64,16384,1,1310.63
indexer,128,1024,128,16,1,68.232
indexer,128,1024,128,32,1,68.6653
indexer,128,1024,128,64,1,69.9675
indexer,128,1024,128,128,1,72.8958
indexer,128,1024,128,256,1,78.056
indexer,128,1024,128,512,1,105.434
indexer,128,1024,128,1024,1,157
indexer,128,1024,128,2048,1,978.881
indexer,128,1024,128,4096,1,618.761
indexer,128,1024,128,8192,1,1073.85
indexer,128,1024,128,16384,1,2154.22
indexer,128,2048,0,0,1,82.1358
indexer,128,2048,1,16,1,80.9772
indexer,128,2048,1,32,1,81.0485
indexer,128,2048,1,64,1,81.0807
indexer,128,2048,1,128,1,81.2082
indexer,128,2048,1,256,1,79.7927
indexer,128,2048,1,512,1,80.8405
indexer,128,2048,1,1024,1,80.352
indexer,128,2048,1,2048,1,80.8417
indexer,128,2048,1,4096,1,92.9603
indexer,128,2048,1,8192,1,139.968
indexer,128,2048,1,16384,1,220.249
indexer,128,2048,2,16,1,82.2328
indexer,128,2048,2,32,1,81.4645
indexer,128,2048,2,64,1,82.2013
indexer,128,2048,2,128,1,79.5675
indexer,128,2048,2,256,1,79.887
indexer,128,2048,2,512,1,81.0647
indexer,128,2048,2,1024,1,80.7035
indexer,128,2048,2,2048,1,90.6805
indexer,128,2048,2,4096,1,119.665
indexer,128,2048,2,8192,1,188.936
indexer,128,2048,2,16384,1,320.593
indexer,128,2048,4,16,1,81.0647
indexer,128,2048,4,32,1,81.088
indexer,128,2048,4,64,1,80.0317
indexer,128,2048,4,128,1,79.9522
indexer,128,2048,4,256,1,80.792
indexer,128,2048,4,512,1,81.3453
indexer,128,2048,4,1024,1,91.0088
indexer,128,2048,4,2048,1,116.815
indexer,128,2048,4,4096,1,163.177
indexer,128,2048,4,8192,1,284.745
indexer,128,2048,4,16384,1,516.488
indexer,128,2048,8,16,1,81.376
indexer,128,2048,8,32,1,80.488
indexer,128,2048,8,64,1,80.104
indexer,128,2048,8,128,1,80.8327
indexer,128,2048,8,256,1,81.1272
indexer,128,2048,8,512,1,81.5927
indexer,128,2048,8,1024,1,92.2632
indexer,128,2048,8,2048,1,118.6
indexer,128,2048,8,4096,1,168.52
indexer,128,2048,8,8192,1,297.968
indexer,128,2048,8,16384,1,538.056
indexer,128,2048,16,16,1,81.999
indexer,128,2048,16,32,1,80.9445
indexer,128,2048,16,64,1,81.5748
indexer,128,2048,16,128,1,82.04
indexer,128,2048,16,256,1,82.3357
indexer,128,2048,16,512,1,82.8717
indexer,128,2048,16,1024,1,96.2315
indexer,128,2048,16,2048,1,464.217
indexer,128,2048,16,4096,1,185.127
indexer,128,2048,16,8192,1,323.713
indexer,128,2048,16,16384,1,579.033
indexer,128,2048,32,16,1,84.6313
indexer,128,2048,32,32,1,84.912
indexer,128,2048,32,64,1,85.3287
indexer,128,2048,32,128,1,86.4965
indexer,128,2048,32,256,1,87.145
indexer,128,2048,32,512,1,89.1202
indexer,128,2048,32,1024,1,109.128
indexer,128,2048,32,2048,1,487.4
indexer,128,2048,32,4096,1,231.848
indexer,128,2048,32,8192,1,412.104
indexer,128,2048,32,16384,1,789.434
indexer,128,2048,64,16,1,88.952
indexer,128,2048,64,32,1,89.152
indexer,128,2048,64,64,1,90.4247
indexer,128,2048,64,128,1,91.1683
indexer,128,2048,64,256,1,94.302
indexer,128,2048,64,512,1,100.681
indexer,128,2048,64,1024,1,134.311
indexer,128,2048,64,2048,1,544.192
indexer,128,2048,64,4096,1,328.881
indexer,128,2048,64,8192,1,618.497
indexer,128,2048,64,16384,1,1309.39
indexer,128,2048,128,16,1,111.992
indexer,128,2048,128,32,1,111.511
indexer,128,2048,128,64,1,113.536
indexer,128,2048,128,128,1,116.855
indexer,128,2048,128,256,1,122.648
indexer,128,2048,128,512,1,137
indexer,128,2048,128,1024,1,188.2
indexer,128,2048,128,2048,1,979.97
indexer,128,2048,128,4096,1,626.616
indexer,128,2048,128,8192,1,1090.5
indexer,128,2048,128,16384,1,2154.63
indexer,128,4096,0,0,1,383.656
indexer,128,4096,1,16,1,383.505
indexer,128,4096,1,32,1,383.938
indexer,128,4096,1,64,1,383.64
indexer,128,4096,1,128,1,384.04
indexer,128,4096,1,256,1,384.001
indexer,128,4096,1,512,1,383.465
indexer,128,4096,1,1024,1,384
indexer,128,4096,1,2048,1,384.233
indexer,128,4096,1,4096,1,385.16
indexer,128,4096,1,8192,1,410.985
indexer,128,4096,1,16384,1,454.466
indexer,128,4096,2,16,1,384.065
indexer,128,4096,2,32,1,384.056
indexer,128,4096,2,64,1,383.833
indexer,128,4096,2,128,1,383.817
indexer,128,4096,2,256,1,383.744
indexer,128,4096,2,512,1,384.423
indexer,128,4096,2,1024,1,384.673
indexer,128,4096,2,2048,1,385.695
indexer,128,4096,2,4096,1,410.36
indexer,128,4096,2,8192,1,455.376
indexer,128,4096,2,16384,1,552.441
indexer,128,4096,4,16,1,383.657
indexer,128,4096,4,32,1,384
indexer,128,4096,4,64,1,384.08
indexer,128,4096,4,128,1,383.761
indexer,128,4096,4,256,1,384.176
indexer,128,4096,4,512,1,384.353
indexer,128,4096,4,1024,1,385.544
indexer,128,4096,4,2048,1,410.249
indexer,128,4096,4,4096,1,455.64
indexer,128,4096,4,8192,1,551.441
indexer,128,4096,4,16384,1,739.49
indexer,128,4096,8,16,1,384.137
indexer,128,4096,8,32,1,385.314
indexer,128,4096,8,64,1,384.48
indexer,128,4096,8,128,1,384.776
indexer,128,4096,8,256,1,385.337
indexer,128,4096,8,512,1,386.024
indexer,128,4096,8,1024,1,387.193
indexer,128,4096,8,2048,1,415.705
indexer,128,4096,8,4096,1,464.393
indexer,128,4096,8,8192,1,570.216
indexer,128,4096,8,16384,1,764.065
indexer,128,4096,16,16,1,386.304
indexer,128,4096,16,32,1,385.791
indexer,128,4096,16,64,1,385.616
indexer,128,4096,16,128,1,386.753
indexer,128,4096,16,256,1,387.761
indexer,128,4096,16,512,1,388.651
indexer,128,4096,16,1024,1,391.92
indexer,128,4096,16,2048,1,469.2
indexer,128,4096,16,4096,1,482.649
indexer,128,4096,16,8192,1,588.721
indexer,128,4096,16,16384,1,810.105
indexer,128,4096,32,16,1,392.223
indexer,128,4096,32,32,1,392.504
indexer,128,4096,32,64,1,393.409
indexer,128,4096,32,128,1,395.047
indexer,128,4096,32,256,1,397.113
indexer,128,4096,32,512,1,398.488
indexer,128,4096,32,1024,1,407.313
indexer,128,4096,32,2048,1,487.977
indexer,128,4096,32,4096,1,524.121
indexer,128,4096,32,8192,1,677.961
indexer,128,4096,32,16384,1,1017.92
indexer,128,4096,64,16,1,402.648
indexer,128,4096,64,32,1,402.665
indexer,128,4096,64,64,1,403.722
indexer,128,4096,64,128,1,404.76
indexer,128,4096,64,256,1,408.519
indexer,128,4096,64,512,1,417.608
indexer,128,4096,64,1024,1,429.087
indexer,128,4096,64,2048,1,832.786
indexer,128,4096,64,4096,1,615.824
indexer,128,4096,64,8192,1,888.105
indexer,128,4096,64,16384,1,1538.17
indexer,128,4096,128,16,1,432.785
indexer,128,4096,128,32,1,433.259
indexer,128,4096,128,64,1,437.391
indexer,128,4096,128,128,1,438.481
indexer,128,4096,128,256,1,446.688
indexer,128,4096,128,512,1,458.488
indexer,128,4096,128,1024,1,483.4
indexer,128,4096,128,2048,1,982.922
indexer,128,4096,128,4096,1,907.243
indexer,128,4096,128,8192,1,1344.61
indexer,128,4096,128,16384,1,2386.83
indexer,128,8192,0,0,1,148.056
indexer,128,8192,1,16,1,147.952
indexer,128,8192,1,32,1,146.464
indexer,128,8192,1,64,1,147.696
indexer,128,8192,1,128,1,147.304
indexer,128,8192,1,256,1,147.88
indexer,128,8192,1,512,1,147.76
indexer,128,8192,1,1024,1,148.233
indexer,128,8192,1,2048,1,149.393
indexer,128,8192,1,4096,1,148.649
indexer,128,8192,1,8192,1,148.593
indexer,128,8192,1,16384,1,225.52
indexer,128,8192,2,16,1,147.025
indexer,128,8192,2,32,1,147.473
indexer,128,8192,2,64,1,147.929
indexer,128,8192,2,128,1,147.817
indexer,128,8192,2,256,1,148.072
indexer,128,8192,2,512,1,148.968
indexer,128,8192,2,1024,1,147.648
indexer,128,8192,2,2048,1,148.752
indexer,128,8192,2,4096,1,148.96
indexer,128,8192,2,8192,1,195.512
indexer,128,8192,2,16384,1,326.984
indexer,128,8192,4,16,1,147.304
indexer,128,8192,4,32,1,148.608
indexer,128,8192,4,64,1,147.502
indexer,128,8192,4,128,1,147.96
indexer,128,8192,4,256,1,148.784
indexer,128,8192,4,512,1,148.384
indexer,128,8192,4,1024,1,149.024
indexer,128,8192,4,2048,1,150.817
indexer,128,8192,4,4096,1,194.225
indexer,128,8192,4,8192,1,290.592
indexer,128,8192,4,16384,1,515.177
indexer,128,8192,8,16,1,147.649
indexer,128,8192,8,32,1,149.055
indexer,128,8192,8,64,1,148.377
indexer,128,8192,8,128,1,150.129
indexer,128,8192,8,256,1,149.497
indexer,128,8192,8,512,1,150.448
indexer,128,8192,8,1024,1,151.76
indexer,128,8192,8,2048,1,154.312
indexer,128,8192,8,4096,1,203.359
indexer,128,8192,8,8192,1,302.944
indexer,128,8192,8,16384,1,537.76
indexer,128,8192,16,16,1,149.56
indexer,128,8192,16,32,1,150.112
indexer,128,8192,16,64,1,150.224
indexer,128,8192,16,128,1,149.84
indexer,128,8192,16,256,1,152.776
indexer,128,8192,16,512,1,153.745
indexer,128,8192,16,1024,1,155.48
indexer,128,8192,16,2048,1,473.505
indexer,128,8192,16,4096,1,216.744
indexer,128,8192,16,8192,1,327.56
indexer,128,8192,16,16384,1,587.346
indexer,128,8192,32,16,1,159.408
indexer,128,8192,32,32,1,159.241
indexer,128,8192,32,64,1,160.041
indexer,128,8192,32,128,1,161.928
indexer,128,8192,32,256,1,162.248
indexer,128,8192,32,512,1,165.969
indexer,128,8192,32,1024,1,172.704
indexer,128,8192,32,2048,1,493.888
indexer,128,8192,32,4096,1,262.089
indexer,128,8192,32,8192,1,419.48
indexer,128,8192,32,16384,1,795.361
indexer,128,8192,64,16,1,175.913
indexer,128,8192,64,32,1,176.272
indexer,128,8192,64,64,1,176.881
indexer,128,8192,64,128,1,177.793
indexer,128,8192,64,256,1,182.352
indexer,128,8192,64,512,1,189.96
indexer,128,8192,64,1024,1,202.92
indexer,128,8192,64,2048,1,552.911
indexer,128,8192,64,4096,1,348.472
indexer,128,8192,64,8192,1,626.617
indexer,128,8192,64,16384,1,1318.74
indexer,128,8192,128,16,1,225.135
indexer,128,8192,128,32,1,228.096
indexer,128,8192,128,64,1,229.073
indexer,128,8192,128,128,1,231.937
indexer,128,8192,128,256,1,239.807
indexer,128,8192,128,512,1,251.896
indexer,128,8192,128,1024,1,276.248
indexer,128,8192,128,2048,1,984.466
indexer,128,8192,128,4096,1,648.865
indexer,128,8192,128,8192,1,1086.03
indexer,128,8192,128,16384,1,2160.83
indexer,128,16384,0,0,1,221.561
indexer,128,16384,1,16,1,249.44
indexer,128,16384,1,32,1,249.456
indexer,128,16384,1,64,1,249.232
indexer,128,16384,1,128,1,249.928
indexer,128,16384,1,256,1,249.72
indexer,128,16384,1,512,1,249.048
indexer,128,16384,1,1024,1,249.28
indexer,128,16384,1,2048,1,249.33
indexer,128,16384,1,4096,1,251.287
indexer,128,16384,1,8192,1,251.848
indexer,128,16384,1,16384,1,255.112
indexer,128,16384,2,16,1,248.793
indexer,128,16384,2,32,1,248.329
indexer,128,16384,2,64,1,248.976
indexer,128,16384,2,128,1,249.687
indexer,128,16384,2,256,1,250.569
indexer,128,16384,2,512,1,249.649
indexer,128,16384,2,1024,1,249.081
indexer,128,16384,2,2048,1,251.176
indexer,128,16384,2,4096,1,252.416
indexer,128,16384,2,8192,1,254.072
indexer,128,16384,2,16384,1,352.12
indexer,128,16384,4,16,1,249.464
indexer,128,16384,4,32,1,248.408
indexer,128,16384,4,64,1,249.482
indexer,128,16384,4,128,1,249.033
indexer,128,16384,4,256,1,250.208
indexer,128,16384,4,512,1,250.752
indexer,128,16384,4,1024,1,249.985
indexer,128,16384,4,2048,1,252.313
indexer,128,16384,4,4096,1,253.976
indexer,128,16384,4,8192,1,352.402
indexer,128,16384,4,16384,1,540.015
indexer,128,16384,8,16,1,248.769
indexer,128,16384,8,32,1,249.84
indexer,128,16384,8,64,1,251.817
indexer,128,16384,8,128,1,251.16
indexer,128,16384,8,256,1,251.337
indexer,128,16384,8,512,1,252.769
indexer,128,16384,8,1024,1,254.184
indexer,128,16384,8,2048,1,510.001
indexer,128,16384,8,4096,1,264.872
indexer,128,16384,8,8192,1,364.408
indexer,128,16384,8,16384,1,564.281
indexer,128,16384,16,16,1,252.521
indexer,128,16384,16,32,1,252.841
indexer,128,16384,16,64,1,252.992
indexer,128,16384,16,128,1,252.513
indexer,128,16384,16,256,1,253.391
indexer,128,16384,16,512,1,256.111
indexer,128,16384,16,1024,1,257.76
indexer,128,16384,16,2048,1,520.264
indexer,128,16384,16,4096,1,277.817
indexer,128,16384,16,8192,1,389.594
indexer,128,16384,16,16384,1,608.576
indexer,128,16384,32,16,1,272.72
indexer,128,16384,32,32,1,271.6
indexer,128,16384,32,64,1,273.209
indexer,128,16384,32,128,1,273.593
indexer,128,16384,32,256,1,275.505
indexer,128,16384,32,512,1,278.242
indexer,128,16384,32,1024,1,286.129
indexer,128,16384,32,2048,1,553.369
indexer,128,16384,32,4096,1,321.657
indexer,128,16384,32,8192,1,474.449
indexer,128,16384,32,16384,1,819.032
indexer,128,16384,64,16,1,309.897
indexer,128,16384,64,32,1,309.855
indexer,128,16384,64,64,1,311.631
indexer,128,16384,64,128,1,312.617
indexer,128,16384,64,256,1,316.888
indexer,128,16384,64,512,1,324.464
indexer,128,16384,64,1024,1,337.912
indexer,128,16384,64,2048,1,646.681
indexer,128,16384,64,4096,1,406.201
indexer,128,16384,64,8192,1,677.097
indexer,128,16384,64,16384,1,1343.02
indexer,128,16384,128,16,1,362.056
indexer,128,16384,128,32,1,362.816
indexer,128,16384,128,64,1,364.376
indexer,128,16384,128,128,1,366.561
indexer,128,16384,128,256,1,374.96
indexer,128,16384,128,512,1,387.903
indexer,128,16384,128,1024,1,411.688
indexer,128,16384,128,2048,1,1098.3
indexer,128,16384,128,4096,1,681.466
indexer,128,16384,128,8192,1,1101.58
indexer,128,16384,128,16384,1,2168.6
indexer,256,0,0,0,1,37.2315
indexer,256,0,1,16,1,54.5905
indexer,256,0,1,32,1,55.2062
indexer,256,0,1,64,1,55.8308
indexer,256,0,1,128,1,55.5455
indexer,256,0,1,256,1,55.5525
indexer,256,0,1,512,1,55.1105
indexer,256,0,1,1024,1,55.1205
indexer,256,0,1,2048,1,71.5607
indexer,256,0,1,4096,1,83.7432
indexer,256,0,1,8192,1,84.815
indexer,256,0,1,16384,1,98.073
indexer,256,0,2,16,1,52.7993
indexer,256,0,2,32,1,52.9045
indexer,256,0,2,64,1,54.0883
indexer,256,0,2,128,1,53.3755
indexer,256,0,2,256,1,53.775
indexer,256,0,2,512,1,53.4475
indexer,256,0,2,1024,1,54.3752
indexer,256,0,2,2048,1,75.0002
indexer,256,0,2,4096,1,83.8532
indexer,256,0,2,8192,1,87.568
indexer,256,0,2,16384,1,101.579
indexer,256,0,4,16,1,53.0485
indexer,256,0,4,32,1,53.9518
indexer,256,0,4,64,1,54.4885
indexer,256,0,4,128,1,53.9195
indexer,256,0,4,256,1,53.7368
indexer,256,0,4,512,1,54.864
indexer,256,0,4,1024,1,54.6815
indexer,256,0,4,2048,1,76.161
indexer,256,0,4,4096,1,86.5903
indexer,256,0,4,8192,1,93.2323
indexer,256,0,4,16384,1,111.441
indexer,256,0,8,16,1,53.2553
indexer,256,0,8,32,1,53.3115
indexer,256,0,8,64,1,54.0635
indexer,256,0,8,128,1,54.5832
indexer,256,0,8,256,1,54.3113
indexer,256,0,8,512,1,54.6618
indexer,256,0,8,1024,1,56.0325
indexer,256,0,8,2048,1,77.2955
indexer,256,0,8,4096,1,92.2657
indexer,256,0,8,8192,1,101.617
indexer,256,0,8,16384,1,129.906
indexer,256,0,16,16,1,54.4975
indexer,256,0,16,32,1,54.6478
indexer,256,0,16,64,1,55.2248
indexer,256,0,16,128,1,55.288
indexer,256,0,16,256,1,56.398
indexer,256,0,16,512,1,57.119
indexer,256,0,16,1024,1,58.7595
indexer,256,0,16,2048,1,85.344
indexer,256,0,16,4096,1,103.297
indexer,256,0,16,8192,1,126.409
indexer,256,0,16,16384,1,171.712
indexer,256,0,32,16,1,55.6715
indexer,256,0,32,32,1,56.2637
indexer,256,0,32,64,1,56.8007
indexer,256,0,32,128,1,56.9122
indexer,256,0,32,256,1,57.8963
indexer,256,0,32,512,1,60.216
indexer,256,0,32,1024,1,64.8727
indexer,256,0,32,2048,1,114.753
indexer,256,0,32,4096,1,153.729
indexer,256,0,32,8192,1,201.528
indexer,256,0,32,16384,1,293.513
indexer,256,0,64,16,1,58.2085
indexer,256,0,64,32,1,57.9525
indexer,256,0,64,64,1,59.4472
indexer,256,0,64,128,1,60.552
indexer,256,0,64,256,1,62.681
indexer,256,0,64,512,1,67.976
indexer,256,0,64,1024,1,76.4228
indexer,256,0,64,2048,1,181.023
indexer,256,0,64,4096,1,253.256
indexer,256,0,64,8192,1,341.008
indexer,256,0,64,16384,1,559.056
indexer,256,0,128,16,1,63.064
indexer,256,0,128,32,1,63.0955
indexer,256,0,128,64,1,66.1185
indexer,256,0,128,128,1,68.5927
indexer,256,0,128,256,1,72.1113
indexer,256,0,128,512,1,82.3768
indexer,256,0,128,1024,1,101.704
indexer,256,0,128,2048,1,283.552
indexer,256,0,128,4096,1,425.848
indexer,256,0,128,8192,1,644.952
indexer,256,0,128,16384,1,1009.35
indexer,256,16,0,0,1,40.1202
indexer,256,16,1,16,1,40.3032
indexer,256,16,1,32,1,40.527
indexer,256,16,1,64,1,40.6562
indexer,256,16,1,128,1,41.157
indexer,256,16,1,256,1,41.1278
indexer,256,16,1,512,1,47.168
indexer,256,16,1,1024,1,47.0732
indexer,256,16,1,2048,1,78.4485
indexer,256,16,1,4096,1,459.872
indexer,256,16,1,8192,1,203.832
indexer,256,16,1,16384,1,303.312
indexer,256,16,2,16,1,40.2965
indexer,256,16,2,32,1,40.8642
indexer,256,16,2,64,1,40.913
indexer,256,16,2,128,1,41.152
indexer,256,16,2,256,1,46.769
indexer,256,16,2,512,1,47.9042
indexer,256,16,2,1024,1,61.8565
indexer,256,16,2,2048,1,105.945
indexer,256,16,2,4096,1,516.664
indexer,256,16,2,8192,1,318.832
indexer,256,16,2,16384,1,580.656
indexer,256,16,4,16,1,40.9997
indexer,256,16,4,32,1,40.864
indexer,256,16,4,64,1,41.1913
indexer,256,16,4,128,1,47.3605
indexer,256,16,4,256,1,47.3355
indexer,256,16,4,512,1,61.727
indexer,256,16,4,1024,1,90.5607
indexer,256,16,4,2048,1,161.848
indexer,256,16,4,4096,1,630.098
indexer,256,16,4,8192,1,545.298
indexer,256,16,4,16384,1,1034.97
indexer,256,16,8,16,1,40.9113
indexer,256,16,8,32,1,41.3755
indexer,256,16,8,64,1,41.6158
indexer,256,16,8,128,1,40.4888
indexer,256,16,8,256,1,48.241
indexer,256,16,8,512,1,62.7995
indexer,256,16,8,1024,1,91.7285
indexer,256,16,8,2048,1,164.977
indexer,256,16,8,4096,1,635.553
indexer,256,16,8,8192,1,559.666
indexer,256,16,8,16384,1,1062.49
indexer,256,16,16,16,1,42.7352
indexer,256,16,16,32,1,42.9115
indexer,256,16,16,64,1,38.8957
indexer,256,16,16,128,1,42.3195
indexer,256,16,16,256,1,50.2405
indexer,256,16,16,512,1,65.2088
indexer,256,16,16,1024,1,95.6723
indexer,256,16,16,2048,1,521.64
indexer,256,16,16,4096,1,651.224
indexer,256,16,16,8192,1,584.225
indexer,256,16,16,16384,1,1111.43
indexer,256,16,32,16,1,45.521
indexer,256,16,32,32,1,41.2553
indexer,256,16,32,64,1,41.64
indexer,256,16,32,128,1,45.9528
indexer,256,16,32,256,1,54.432
indexer,256,16,32,512,1,71.1365
indexer,256,16,32,1024,1,103.136
indexer,256,16,32,2048,1,537.731
indexer,256,16,32,4096,1,676.962
indexer,256,16,32,8192,1,639.945
indexer,256,16,32,16384,1,1550.49
indexer,256,16,64,16,1,46.1685
indexer,256,16,64,32,1,46.5925
indexer,256,16,64,64,1,47.255
indexer,256,16,64,128,1,52.5673
indexer,256,16,64,256,1,62.735
indexer,256,16,64,512,1,81.231
indexer,256,16,64,1024,1,122.992
indexer,256,16,64,2048,1,569.912
indexer,256,16,64,4096,1,735.001
indexer,256,16,64,8192,1,952.21
indexer,256,16,64,16384,1,1763.31
indexer,256,16,128,16,1,61.5603
indexer,256,16,128,32,1,62.672
indexer,256,16,128,64,1,63.9597
indexer,256,16,128,128,1,74.88
indexer,256,16,128,256,1,94.2255
indexer,256,16,128,512,1,137.593
indexer,256,16,128,1024,1,218.76
indexer,256,16,128,2048,1,757.185
indexer,256,16,128,4096,1,983.081
indexer,256,16,128,8192,1,1223.67
indexer,256,16,128,16384,1,2859.96
indexer,256,32,0,0,1,41.272
indexer,256,32,1,16,1,41.1847
indexer,256,32,1,32,1,42.168
indexer,256,32,1,64,1,41.464
indexer,256,32,1,128,1,41.3837
indexer,256,32,1,256,1,41.9358
indexer,256,32,1,512,1,46.9842
indexer,256,32,1,1024,1,47.4327
indexer,256,32,1,2048,1,78.625
indexer,256,32,1,4096,1,461.265
indexer,256,32,1,8192,1,205.264
indexer,256,32,1,16384,1,304.449
indexer,256,32,2,16,1,41.3678
indexer,256,32,2,32,1,42.016
indexer,256,32,2,64,1,41.632
indexer,256,32,2,128,1,41.8725
indexer,256,32,2,256,1,47.1755
indexer,256,32,2,512,1,47.5932
indexer,256,32,2,1024,1,62.1047
indexer,256,32,2,2048,1,105.537
indexer,256,32,2,4096,1,517.366
indexer,256,32,2,8192,1,319.19
indexer,256,32,2,16384,1,581.329
indexer,256,32,4,16,1,41.4165
indexer,256,32,4,32,1,41.6405
indexer,256,32,4,64,1,41.7988
indexer,256,32,4,128,1,46.9997
indexer,256,32,4,256,1,47.8643
indexer,256,32,4,512,1,61.8963
indexer,256,32,4,1024,1,90.0005
indexer,256,32,4,2048,1,161.449
indexer,256,32,4,4096,1,630.033
indexer,256,32,4,8192,1,546.296
indexer,256,32,4,16384,1,1037.49
indexer,256,32,8,16,1,41.552
indexer,256,32,8,32,1,41.7848
indexer,256,32,8,64,1,42.153
indexer,256,32,8,128,1,40.5042
indexer,256,32,8,256,1,48.1915
indexer,256,32,8,512,1,62.712
indexer,256,32,8,1024,1,92.2398
indexer,256,32,8,2048,1,165.143
indexer,256,32,8,4096,1,635.401
indexer,256,32,8,8192,1,560.288
indexer,256,32,8,16384,1,1063.35
indexer,256,32,16,16,1,43.1917
indexer,256,32,16,32,1,43.3525
indexer,256,32,16,64,1,39.12
indexer,256,32,16,128,1,42.2232
indexer,256,32,16,256,1,50.2645
indexer,256,32,16,512,1,64.807
indexer,256,32,16,1024,1,96.4238
indexer,256,32,16,2048,1,522.673
indexer,256,32,16,4096,1,650.697
indexer,256,32,16,8192,1,585.744
indexer,256,32,16,16384,1,1114
indexer,256,32,32,16,1,45.703
indexer,256,32,32,32,1,41.2163
indexer,256,32,32,64,1,41.8712
indexer,256,32,32,128,1,45.7595
indexer,256,32,32,256,1,54.1605
indexer,256,32,32,512,1,71.0625
indexer,256,32,32,1024,1,103.721
indexer,256,32,32,2048,1,538.072
indexer,256,32,32,4096,1,676.584
indexer,256,32,32,8192,1,642.369
indexer,256,32,32,16384,1,1548.76
indexer,256,32,64,16,1,46.2713
indexer,256,32,64,32,1,46.6165
indexer,256,32,64,64,1,47.68
indexer,256,32,64,128,1,52.5763
indexer,256,32,64,256,1,62.88
indexer,256,32,64,512,1,81.4318
indexer,256,32,64,1024,1,122.993
indexer,256,32,64,2048,1,567.808
indexer,256,32,64,4096,1,734.417
indexer,256,32,64,8192,1,952.889
indexer,256,32,64,16384,1,1763.4
indexer,256,32,128,16,1,61.8085
indexer,256,32,128,32,1,62.056
indexer,256,32,128,64,1,64.1852
indexer,256,32,128,128,1,74.5915
indexer,256,32,128,256,1,94.1677
indexer,256,32,128,512,1,137.734
indexer,256,32,128,1024,1,219.28
indexer,256,32,128,2048,1,755.913
indexer,256,32,128,4096,1,983.514
indexer,256,32,128,8192,1,1222.1
indexer,256,32,128,16384,1,2859.31
indexer,256,64,0,0,1,42.7203
indexer,256,64,1,16,1,42.7123
indexer,256,64,1,32,1,42.7923
indexer,256,64,1,64,1,42.7103
indexer,256,64,1,128,1,42.7755
indexer,256,64,1,256,1,43.12
indexer,256,64,1,512,1,47.1112
indexer,256,64,1,1024,1,47.3127
indexer,256,64,1,2048,1,78.9355
indexer,256,64,1,4096,1,461.376
indexer,256,64,1,8192,1,204.505
indexer,256,64,1,16384,1,304.488
indexer,256,64,2,16,1,42.5758
indexer,256,64,2,32,1,42.9125
indexer,256,64,2,64,1,42.8872
indexer,256,64,2,128,1,43.4645
indexer,256,64,2,256,1,46.9357
indexer,256,64,2,512,1,47.7125
indexer,256,64,2,1024,1,61.984
indexer,256,64,2,2048,1,105.689
indexer,256,64,2,4096,1,516.137
indexer,256,64,2,8192,1,318.512
indexer,256,64,2,16384,1,580.665
indexer,256,64,4,16,1,42.9615
indexer,256,64,4,32,1,43.2493
indexer,256,64,4,64,1,43.0165
indexer,256,64,4,128,1,47.2717
indexer,256,64,4,256,1,47.593
indexer,256,64,4,512,1,62.4085
indexer,256,64,4,1024,1,90.5932
indexer,256,64,4,2048,1,162.463
indexer,256,64,4,4096,1,629.77
indexer,256,64,4,8192,1,546.129
indexer,256,64,4,16384,1,1040.66
indexer,256,64,8,16,1,43.2005
indexer,256,64,8,32,1,43.433
indexer,256,64,8,64,1,43.2405
indexer,256,64,8,128,1,40.3443
indexer,256,64,8,256,1,47.9432
indexer,256,64,8,512,1,62.5835
indexer,256,64,8,1024,1,92.1593
indexer,256,64,8,2048,1,165.648
indexer,256,64,8,4096,1,636.041
indexer,256,64,8,8192,1,561.066
indexer,256,64,8,16384,1,1064.03
indexer,256,64,16,16,1,45.072
indexer,256,64,16,32,1,44.7915
indexer,256,64,16,64,1,39.9855
indexer,256,64,16,128,1,41.9295
indexer,256,64,16,256,1,50.1055
indexer,256,64,16,512,1,65.3123
indexer,256,64,16,1024,1,96.6002
indexer,256,64,16,2048,1,522.727
indexer,256,64,16,4096,1,651.023
indexer,256,64,16,8192,1,585.248
indexer,256,64,16,16384,1,1114.18
indexer,256,64,32,16,1,46.9123
indexer,256,64,32,32,1,42.3697
indexer,256,64,32,64,1,42.2658
indexer,256,64,32,128,1,45.528
indexer,256,64,32,256,1,53.9925
indexer,256,64,32,512,1,71.288
indexer,256,64,32,1024,1,103.793
indexer,256,64,32,2048,1,538.376
indexer,256,64,32,4096,1,676.122
indexer,256,64,32,8192,1,642.623
indexer,256,64,32,16384,1,1551.46
indexer,256,64,64,16,1,47.104
indexer,256,64,64,32,1,46.9123
indexer,256,64,64,64,1,47.5848
indexer,256,64,64,128,1,52.512
indexer,256,64,64,256,1,62.4555
indexer,256,64,64,512,1,81.5113
indexer,256,64,64,1024,1,122.584
indexer,256,64,64,2048,1,568.577
indexer,256,64,64,4096,1,735.416
indexer,256,64,64,8192,1,952.265
indexer,256,64,64,16384,1,1764.99
indexer,256,64,128,16,1,62.7118
indexer,256,64,128,32,1,62.695
indexer,256,64,128,64,1,63.921
indexer,256,64,128,128,1,74.847
indexer,256,64,128,256,1,93.5348
indexer,256,64,128,512,1,137.344
indexer,256,64,128,1024,1,218.864
indexer,256,64,128,2048,1,756.825
indexer,256,64,128,4096,1,983.488
indexer,256,64,128,8192,1,1226.21
indexer,256,64,128,16384,1,2863.35
indexer,256,128,0,0,1,43.3517
indexer,256,128,1,16,1,43.3593
indexer,256,128,1,32,1,43.304
indexer,256,128,1,64,1,43.24
indexer,256,128,1,128,1,43.4468
indexer,256,128,1,256,1,43.519
indexer,256,128,1,512,1,39.9205
indexer,256,128,1,1024,1,47.4175
indexer,256,128,1,2048,1,76.9207
indexer,256,128,1,4096,1,124.897
indexer,256,128,1,8192,1,203.287
indexer,256,128,1,16384,1,303.592
indexer,256,128,2,16,1,43.2893
indexer,256,128,2,32,1,43.352
indexer,256,128,2,64,1,43.392
indexer,256,128,2,128,1,43.48
indexer,256,128,2,256,1,40.3287
indexer,256,128,2,512,1,47.5032
indexer,256,128,2,1024,1,61.823
indexer,256,128,2,2048,1,104.392
indexer,256,128,2,4096,1,181.673
indexer,256,128,2,8192,1,318
indexer,256,128,2,16384,1,582.002
indexer,256,128,4,16,1,43.0965
indexer,256,128,4,32,1,43.7267
indexer,256,128,4,64,1,43.9517
indexer,256,128,4,128,1,40.5123
indexer,256,128,4,256,1,47.5025
indexer,256,128,4,512,1,61.8563
indexer,256,128,4,1024,1,90.1843
indexer,256,128,4,2048,1,160.672
indexer,256,128,4,4096,1,294.608
indexer,256,128,4,8192,1,545.139
indexer,256,128,4,16384,1,1039.49
indexer,256,128,8,16,1,43.5927
indexer,256,128,8,32,1,43.665
indexer,256,128,8,64,1,38.9847
indexer,256,128,8,128,1,40.8312
indexer,256,128,8,256,1,47.7843
indexer,256,128,8,512,1,62.408
indexer,256,128,8,1024,1,92.232
indexer,256,128,8,2048,1,163.665
indexer,256,128,8,4096,1,300.296
indexer,256,128,8,8192,1,557.656
indexer,256,128,8,16384,1,1063.15
indexer,256,128,16,16,1,45.2235
indexer,256,128,16,32,1,40.817
indexer,256,128,16,64,1,40.832
indexer,256,128,16,128,1,42.3267
indexer,256,128,16,256,1,50.1037
indexer,256,128,16,512,1,65.1298
indexer,256,128,16,1024,1,96.1915
indexer,256,128,16,2048,1,521.896
indexer,256,128,16,4096,1,314.777
indexer,256,128,16,8192,1,584.207
indexer,256,128,16,16384,1,1115.43
indexer,256,128,32,16,1,42.856
indexer,256,128,32,32,1,42.9435
indexer,256,128,32,64,1,43.3122
indexer,256,128,32,128,1,45.456
indexer,256,128,32,256,1,54.0173
indexer,256,128,32,512,1,71.2642
indexer,256,128,32,1024,1,103.512
indexer,256,128,32,2048,1,537.513
indexer,256,128,32,4096,1,340.633
indexer,256,128,32,8192,1,639.561
indexer,256,128,32,16384,1,1550.67
indexer,256,128,64,16,1,47.5917
indexer,256,128,64,32,1,47.633
indexer,256,128,64,64,1,48.119
indexer,256,128,64,128,1,52.3602
indexer,256,128,64,256,1,62.3522
indexer,256,128,64,512,1,81.1455
indexer,256,128,64,1024,1,123.192
indexer,256,128,64,2048,1,569.001
indexer,256,128,64,4096,1,398.432
indexer,256,128,64,8192,1,952.68
indexer,256,128,64,16384,1,1765.24
indexer,256,128,128,16,1,63.024
indexer,256,128,128,32,1,62.9207
indexer,256,128,128,64,1,64.4882
indexer,256,128,128,128,1,74.4398
indexer,256,128,128,256,1,94.063
indexer,256,128,128,512,1,137.089
indexer,256,128,128,1024,1,219.231
indexer,256,128,128,2048,1,755.688
indexer,256,128,128,4096,1,647.537
indexer,256,128,128,8192,1,1223.38
indexer,256,128,128,16384,1,2861.31
indexer,256,256,0,0,1,47.304
indexer,256,256,1,16,1,47.2797
indexer,256,256,1,32,1,47.3843
indexer,256,256,1,64,1,47.1765
indexer,256,256,1,128,1,47.249
indexer,256,256,1,256,1,47.6075
indexer,256,256,1,512,1,40.3757
indexer,256,256,1,1024,1,48.2165
indexer,256,256,1,2048,1,76.1197
indexer,256,256,1,4096,1,125.233
indexer,256,256,1,8192,1,202.497
indexer,256,256,1,16384,1,303.992
indexer,256,256,2,16,1,47.0322
indexer,256,256,2,32,1,47.8092
indexer,256,256,2,64,1,47.185
indexer,256,256,2,128,1,47.2468
indexer,256,256,2,256,1,40.4
indexer,256,256,2,512,1,47.8252
indexer,256,256,2,1024,1,61.775
indexer,256,256,2,2048,1,103.32
indexer,256,256,2,4096,1,182.079
indexer,256,256,2,8192,1,318.248
indexer,256,256,2,16384,1,581.752
indexer,256,256,4,16,1,47.783
indexer,256,256,4,32,1,47.352
indexer,256,256,4,64,1,47.4477
indexer,256,256,4,128,1,40.496
indexer,256,256,4,256,1,47.5835
indexer,256,256,4,512,1,62.344
indexer,256,256,4,1024,1,90.7045
indexer,256,256,4,2048,1,159.233
indexer,256,256,4,4096,1,295.224
indexer,256,256,4,8192,1,546.514
indexer,256,256,4,16384,1,1038.11
indexer,256,256,8,16,1,47.6075
indexer,256,256,8,32,1,47.7682
indexer,256,256,8,64,1,39.009
indexer,256,256,8,128,1,41.1608
indexer,256,256,8,256,1,47.912
indexer,256,256,8,512,1,62.92
indexer,256,256,8,1024,1,91.5845
indexer,256,256,8,2048,1,162.025
indexer,256,256,8,4096,1,300.176
indexer,256,256,8,8192,1,558.832
indexer,256,256,8,16384,1,1066.63
indexer,256,256,16,16,1,48.8643
indexer,256,256,16,32,1,40.5042
indexer,256,256,16,64,1,40.4397
indexer,256,256,16,128,1,43.1585
indexer,256,256,16,256,1,50.5265
indexer,256,256,16,512,1,65.568
indexer,256,256,16,1024,1,95.9835
indexer,256,256,16,2048,1,521.713
indexer,256,256,16,4096,1,314.633
indexer,256,256,16,8192,1,586.073
indexer,256,256,16,16384,1,1114.78
indexer,256,256,32,16,1,42.9932
indexer,256,256,32,32,1,42.9135
indexer,256,256,32,64,1,42.9045
indexer,256,256,32,128,1,45.481
indexer,256,256,32,256,1,54.505
indexer,256,256,32,512,1,70.5773
indexer,256,256,32,1024,1,104.134
indexer,256,256,32,2048,1,537.8
indexer,256,256,32,4096,1,341.376
indexer,256,256,32,8192,1,640.991
indexer,256,256,32,16384,1,1548.62
indexer,256,256,64,16,1,46.9682
indexer,256,256,64,32,1,47.7918
indexer,256,256,64,64,1,47.9437
indexer,256,256,64,128,1,53.1368
indexer,256,256,64,256,1,63.232
indexer,256,256,64,512,1,81.6633
indexer,256,256,64,1024,1,123.656
indexer,256,256,64,2048,1,568.68
indexer,256,256,64,4096,1,398.912
indexer,256,256,64,8192,1,952.889
indexer,256,256,64,16384,1,1762.03
indexer,256,256,128,16,1,66.7117
indexer,256,256,128,32,1,66.992
indexer,256,256,128,64,1,67.216
indexer,256,256,128,128,1,74.5847
indexer,256,256,128,256,1,93.8722
indexer,256,256,128,512,1,136.809
indexer,256,256,128,1024,1,218.408
indexer,256,256,128,2048,1,756.984
indexer,256,256,128,4096,1,646.976
indexer,256,256,128,8192,1,1226.79
indexer,256,256,128,16384,1,2860.49
indexer,256,512,0,0,1,54.7852
indexer,256,512,1,16,1,54.3845
indexer,256,512,1,32,1,54.5847
indexer,256,512,1,64,1,54.4158
indexer,256,512,1,128,1,44.785
indexer,256,512,1,256,1,44.3115
indexer,256,512,1,512,1,44.5682
indexer,256,512,1,1024,1,48.3593
indexer,256,512,1,2048,1,75.9442
indexer,256,512,1,4096,1,125.864
indexer,256,512,1,8192,1,203.888
indexer,256,512,1,16384,1,302.745
indexer,256,512,2,16,1,54.2417
indexer,256,512,2,32,1,54.52
indexer,256,512,2,64,1,44.297
indexer,256,512,2,128,1,44.6562
indexer,256,512,2,256,1,44.6538
indexer,256,512,2,512,1,47.9932
indexer,256,512,2,1024,1,62.679
indexer,256,512,2,2048,1,102.624
indexer,256,512,2,4096,1,182.345
indexer,256,512,2,8192,1,320.154
indexer,256,512,2,16384,1,580.664
indexer,256,512,4,16,1,54.209
indexer,256,512,4,32,1,44.6558
indexer,256,512,4,64,1,44.6628
indexer,256,512,4,128,1,44.352
indexer,256,512,4,256,1,47.8465
indexer,256,512,4,512,1,62.7045
indexer,256,512,4,1024,1,89.992
indexer,256,512,4,2048,1,159.033
indexer,256,512,4,4096,1,296.153
indexer,256,512,4,8192,1,545.801
indexer,256,512,4,16384,1,1039.18
indexer,256,512,8,16,1,44.8083
indexer,256,512,8,32,1,44.7178
indexer,256,512,8,64,1,44.6805
indexer,256,512,8,128,1,44.9197
indexer,256,512,8,256,1,48.2007
indexer,256,512,8,512,1,63.0877
indexer,256,512,8,1024,1,92.3185
indexer,256,512,8,2048,1,162.312
indexer,256,512,8,4096,1,301.824
indexer,256,512,8,8192,1,559.184
indexer,256,512,8,16384,1,1061.78
indexer,256,512,16,16,1,45.9605
indexer,256,512,16,32,1,46.096
indexer,256,512,16,64,1,45.9683
indexer,256,512,16,128,1,46.5523
indexer,256,512,16,256,1,50.2398
indexer,256,512,16,512,1,66.0805
indexer,256,512,16,1024,1,97.0645
indexer,256,512,16,2048,1,521.906
indexer,256,512,16,4096,1,316.008
indexer,256,512,16,8192,1,583.632
indexer,256,512,16,16384,1,1115.38
indexer,256,512,32,16,1,48.0807
indexer,256,512,32,32,1,48.4417
indexer,256,512,32,64,1,48.7363
indexer,256,512,32,128,1,48.8635
indexer,256,512,32,256,1,54.1763
indexer,256,512,32,512,1,70.6008
indexer,256,512,32,1024,1,103.639
indexer,256,512,32,2048,1,538.889
indexer,256,512,32,4096,1,340.608
indexer,256,512,32,8192,1,640.489
indexer,256,512,32,16384,1,1548.65
indexer,256,512,64,16,1,53.152
indexer,256,512,64,32,1,53.208
indexer,256,512,64,64,1,53.881
indexer,256,512,64,128,1,55.1675
indexer,256,512,64,256,1,62.112
indexer,256,512,64,512,1,82.0555
indexer,256,512,64,1024,1,123.817
indexer,256,512,64,2048,1,569.209
indexer,256,512,64,4096,1,399.265
indexer,256,512,64,8192,1,953.129
indexer,256,512,64,16384,1,1765.28
indexer,256,512,128,16,1,74.4963
indexer,256,512,128,32,1,73.9045
indexer,256,512,128,64,1,75.7915
indexer,256,512,128,128,1,79.048
indexer,256,512,128,256,1,95.0413
indexer,256,512,128,512,1,138.513
indexer,256,512,128,1024,1,219.706
indexer,256,512,128,2048,1,755.097
indexer,256,512,128,4096,1,647.77
indexer,256,512,128,8192,1,1221.18
indexer,256,512,128,16384,1,2866.17
indexer,256,1024,0,0,1,52.392
indexer,256,1024,1,16,1,52.0235
indexer,256,1024,1,32,1,51.9753
indexer,256,1024,1,64,1,51.8395
indexer,256,1024,1,128,1,52.007
indexer,256,1024,1,256,1,51.9273
indexer,256,1024,1,512,1,51.768
indexer,256,1024,1,1024,1,51.76
indexer,256,1024,1,2048,1,75.7225
indexer,256,1024,1,4096,1,126.656
indexer,256,1024,1,8192,1,203.92
indexer,256,1024,1,16384,1,351.96
indexer,256,1024,2,16,1,51.4403
indexer,256,1024,2,32,1,51.9135
indexer,256,1024,2,64,1,52.0248
indexer,256,1024,2,128,1,51.688
indexer,256,1024,2,256,1,51.9045
indexer,256,1024,2,512,1,51.8873
indexer,256,1024,2,1024,1,62.463
indexer,256,1024,2,2048,1,103.783
indexer,256,1024,2,4096,1,183.056
indexer,256,1024,2,8192,1,319.464
indexer,256,1024,2,16384,1,581.336
indexer,256,1024,4,16,1,51.8318
indexer,256,1024,4,32,1,51.3842
indexer,256,1024,4,64,1,51.816
indexer,256,1024,4,128,1,51.601
indexer,256,1024,4,256,1,51.8153
indexer,256,1024,4,512,1,62.2728
indexer,256,1024,4,1024,1,91.0873
indexer,256,1024,4,2048,1,159.72
indexer,256,1024,4,4096,1,295.489
indexer,256,1024,4,8192,1,546.608
indexer,256,1024,4,16384,1,1038.1
indexer,256,1024,8,16,1,52.1445
indexer,256,1024,8,32,1,52.1752
indexer,256,1024,8,64,1,52.009
indexer,256,1024,8,128,1,52.1925
indexer,256,1024,8,256,1,52.0323
indexer,256,1024,8,512,1,63.5203
indexer,256,1024,8,1024,1,92.5433
indexer,256,1024,8,2048,1,162.376
indexer,256,1024,8,4096,1,301.057
indexer,256,1024,8,8192,1,563.28
indexer,256,1024,8,16384,1,1064.01
indexer,256,1024,16,16,1,53.0723
indexer,256,1024,16,32,1,52.8643
indexer,256,1024,16,64,1,53.1202
indexer,256,1024,16,128,1,53.2235
indexer,256,1024,16,256,1,54.3508
indexer,256,1024,16,512,1,66.1763
indexer,256,1024,16,1024,1,97.009
indexer,256,1024,16,2048,1,522.504
indexer,256,1024,16,4096,1,316.632
indexer,256,1024,16,8192,1,586.728
indexer,256,1024,16,16384,1,1114.34
indexer,256,1024,32,16,1,55.7512
indexer,256,1024,32,32,1,55.4237
indexer,256,1024,32,64,1,55.871
indexer,256,1024,32,128,1,56.4877
indexer,256,1024,32,256,1,57.391
indexer,256,1024,32,512,1,71.608
indexer,256,1024,32,1024,1,104.575
indexer,256,1024,32,2048,1,539.305
indexer,256,1024,32,4096,1,343.543
indexer,256,1024,32,8192,1,642.496
indexer,256,1024,32,16384,1,1548.03
indexer,256,1024,64,16,1,60.6418
indexer,256,1024,64,32,1,60.5122
indexer,256,1024,64,64,1,61.1197
indexer,256,1024,64,128,1,62.5132
indexer,256,1024,64,256,1,65.8165
indexer,256,1024,64,512,1,82.8
indexer,256,1024,64,1024,1,124.2
indexer,256,1024,64,2048,1,570.456
indexer,256,1024,64,4096,1,400.529
indexer,256,1024,64,8192,1,953.425
indexer,256,1024,64,16384,1,1767.71
indexer,256,1024,128,16,1,87.913
indexer,256,1024,128,32,1,88.224
indexer,256,1024,128,64,1,89.8077
indexer,256,1024,128,128,1,92.1598
indexer,256,1024,128,256,1,97.6395
indexer,256,1024,128,512,1,138.256
indexer,256,1024,128,1024,1,220.905
indexer,256,1024,128,2048,1,755.801
indexer,256,1024,128,4096,1,648.536
indexer,256,1024,128,8192,1,1226.82
indexer,256,1024,128,16384,1,2864.04
indexer,256,2048,0,0,1,135.513
indexer,256,2048,1,16,1,133.08
indexer,256,2048,1,32,1,133.398
indexer,256,2048,1,64,1,132.504
indexer,256,2048,1,128,1,133.103
indexer,256,2048,1,256,1,132.927
indexer,256,2048,1,512,1,132.952
indexer,256,2048,1,1024,1,133.056
indexer,256,2048,1,2048,1,133.593
indexer,256,2048,1,4096,1,157.704
indexer,256,2048,1,8192,1,223.321
indexer,256,2048,1,16384,1,371.728
indexer,256,2048,2,16,1,132.969
indexer,256,2048,2,32,1,132.873
indexer,256,2048,2,64,1,132.72
indexer,256,2048,2,128,1,133.224
indexer,256,2048,2,256,1,133.248
indexer,256,2048,2,512,1,132.759
indexer,256,2048,2,1024,1,133.344
indexer,256,2048,2,2048,1,157.447
indexer,256,2048,2,4096,1,214.152
indexer,256,2048,2,8192,1,339.119
indexer,256,2048,2,16384,1,602.191
indexer,256,2048,4,16,1,132.256
indexer,256,2048,4,32,1,132.969
indexer,256,2048,4,64,1,133.415
indexer,256,2048,4,128,1,133.143
indexer,256,2048,4,256,1,133.296
indexer,256,2048,4,512,1,133.76
indexer,256,2048,4,1024,1,157.281
indexer,256,2048,4,2048,1,214.328
indexer,256,2048,4,4096,1,328.704
indexer,256,2048,4,8192,1,568.097
indexer,256,2048,4,16384,1,1061.03
indexer,256,2048,8,16,1,132.801
indexer,256,2048,8,32,1,132.504
indexer,256,2048,8,64,1,133.136
indexer,256,2048,8,128,1,133.399
indexer,256,2048,8,256,1,133.457
indexer,256,2048,8,512,1,134.104
indexer,256,2048,8,1024,1,159.089
indexer,256,2048,8,2048,1,217.688
indexer,256,2048,8,4096,1,333.351
indexer,256,2048,8,8192,1,583.097
indexer,256,2048,8,16384,1,1084.68
indexer,256,2048,16,16,1,132.511
indexer,256,2048,16,32,1,133.041
indexer,256,2048,16,64,1,133.175
indexer,256,2048,16,128,1,133.361
indexer,256,2048,16,256,1,134.488
indexer,256,2048,16,512,1,135.344
indexer,256,2048,16,1024,1,162.16
indexer,256,2048,16,2048,1,547.328
indexer,256,2048,16,4096,1,347.408
indexer,256,2048,16,8192,1,606.848
indexer,256,2048,16,16384,1,1137.35
indexer,256,2048,32,16,1,134.737
indexer,256,2048,32,32,1,135.232
indexer,256,2048,32,64,1,135.992
indexer,256,2048,32,128,1,136.466
indexer,256,2048,32,256,1,137.265
indexer,256,2048,32,512,1,139.751
indexer,256,2048,32,1024,1,169.394
indexer,256,2048,32,2048,1,564.079
indexer,256,2048,32,4096,1,374.312
indexer,256,2048,32,8192,1,663.313
indexer,256,2048,32,16384,1,1570.67
indexer,256,2048,64,16,1,134.12
indexer,256,2048,64,32,1,134.025
indexer,256,2048,64,64,1,135.208
indexer,256,2048,64,128,1,136.482
indexer,256,2048,64,256,1,139.728
indexer,256,2048,64,512,1,145.392
indexer,256,2048,64,1024,1,185.081
indexer,256,2048,64,2048,1,592.625
indexer,256,2048,64,4096,1,427.047
indexer,256,2048,64,8192,1,973.528
indexer,256,2048,64,16384,1,1791.39
indexer,256,2048,128,16,1,173.663
indexer,256,2048,128,32,1,174.36
indexer,256,2048,128,64,1,176.457
indexer,256,2048,128,128,1,179.265
indexer,256,2048,128,256,1,184.824
indexer,256,2048,128,512,1,201
indexer,256,2048,128,1024,1,277.745
indexer,256,2048,128,2048,1,794.361
indexer,256,2048,128,4096,1,677.433
indexer,256,2048,128,8192,1,1251.81
indexer,256,2048,128,16384,1,2889.88
indexer,256,4096,0,0,1,649.13
indexer,256,4096,1,16,1,649.912
indexer,256,4096,1,32,1,649.586
indexer,256,4096,1,64,1,649.946
indexer,256,4096,1,128,1,649.72
indexer,256,4096,1,256,1,648.753
indexer,256,4096,1,512,1,648.81
indexer,256,4096,1,1024,1,649.712
indexer,256,4096,1,2048,1,649.985
indexer,256,4096,1,4096,1,650.049
indexer,256,4096,1,8192,1,703.473
indexer,256,4096,1,16384,1,818
indexer,256,4096,2,16,1,649.137
indexer,256,4096,2,32,1,649.857
indexer,256,4096,2,64,1,649.39
indexer,256,4096,2,128,1,650.216
indexer,256,4096,2,256,1,649.026
indexer,256,4096,2,512,1,649.362
indexer,256,4096,2,1024,1,649.968
indexer,256,4096,2,2048,1,650.025
indexer,256,4096,2,4096,1,702.921
indexer,256,4096,2,8192,1,817.393
indexer,256,4096,2,16384,1,1046.79
indexer,256,4096,4,16,1,649.225
indexer,256,4096,4,32,1,648.585
indexer,256,4096,4,64,1,649.592
indexer,256,4096,4,128,1,650.432
indexer,256,4096,4,256,1,649.257
indexer,256,4096,4,512,1,650.912
indexer,256,4096,4,1024,1,650.473
indexer,256,4096,4,2048,1,703.488
indexer,256,4096,4,4096,1,817.103
indexer,256,4096,4,8192,1,1046.23
indexer,256,4096,4,16384,1,1504.2
indexer,256,4096,8,16,1,649.048
indexer,256,4096,8,32,1,649.57
indexer,256,4096,8,64,1,648.729
indexer,256,4096,8,128,1,649.792
indexer,256,4096,8,256,1,650.073
indexer,256,4096,8,512,1,650.977
indexer,256,4096,8,1024,1,652.288
indexer,256,4096,8,2048,1,706.128
indexer,256,4096,8,4096,1,825.312
indexer,256,4096,8,8192,1,1058.78
indexer,256,4096,8,16384,1,1527
indexer,256,4096,16,16,1,650.826
indexer,256,4096,16,32,1,650.72
indexer,256,4096,16,64,1,651.217
indexer,256,4096,16,128,1,651.609
indexer,256,4096,16,256,1,652.2
indexer,256,4096,16,512,1,653.288
indexer,256,4096,16,1024,1,655.912
indexer,256,4096,16,2048,1,791.049
indexer,256,4096,16,4096,1,837.865
indexer,256,4096,16,8192,1,1082.86
indexer,256,4096,16,16384,1,1575.09
indexer,256,4096,32,16,1,653.601
indexer,256,4096,32,32,1,653.256
indexer,256,4096,32,64,1,654.969
indexer,256,4096,32,128,1,655.018
indexer,256,4096,32,256,1,655.928
indexer,256,4096,32,512,1,658.688
indexer,256,4096,32,1024,1,665.848
indexer,256,4096,32,2048,1,804.234
indexer,256,4096,32,4096,1,863.305
indexer,256,4096,32,8192,1,1139.1
indexer,256,4096,32,16384,1,2010.88
indexer,256,4096,64,16,1,657.617
indexer,256,4096,64,32,1,659.441
indexer,256,4096,64,64,1,659.121
indexer,256,4096,64,128,1,661.058
indexer,256,4096,64,256,1,664.513
indexer,256,4096,64,512,1,672.433
indexer,256,4096,64,1024,1,682.089
indexer,256,4096,64,2048,1,835.777
indexer,256,4096,64,4096,1,922.474
indexer,256,4096,64,8192,1,1451.53
indexer,256,4096,64,16384,1,2238.82
indexer,256,4096,128,16,1,723.609
indexer,256,4096,128,32,1,724.273
indexer,256,4096,128,64,1,727.658
indexer,256,4096,128,128,1,729.313
indexer,256,4096,128,256,1,738.177
indexer,256,4096,128,512,1,752.529
indexer,256,4096,128,1024,1,777.04
indexer,256,4096,128,2048,1,1281.16
indexer,256,4096,128,4096,1,1175.15
indexer,256,4096,128,8192,1,1733.56
indexer,256,4096,128,16384,1,3335.07
indexer,256,8192,0,0,1,215.111
indexer,256,8192,1,16,1,214.48
indexer,256,8192,1,32,1,215.696
indexer,256,8192,1,64,1,214.975
indexer,256,8192,1,128,1,214.72
indexer,256,8192,1,256,1,215.36
indexer,256,8192,1,512,1,215.072
indexer,256,8192,1,1024,1,216.206
indexer,256,8192,1,2048,1,215.864
indexer,256,8192,1,4096,1,216.76
indexer,256,8192,1,8192,1,219.047
indexer,256,8192,1,16384,1,359.826
indexer,256,8192,2,16,1,215.567
indexer,256,8192,2,32,1,216.417
indexer,256,8192,2,64,1,215.961
indexer,256,8192,2,128,1,215.488
indexer,256,8192,2,256,1,215.728
indexer,256,8192,2,512,1,214.857
indexer,256,8192,2,1024,1,215.135
indexer,256,8192,2,2048,1,216.792
indexer,256,8192,2,4096,1,217.183
indexer,256,8192,2,8192,1,332.248
indexer,256,8192,2,16384,1,595.424
indexer,256,8192,4,16,1,215.224
indexer,256,8192,4,32,1,215.185
indexer,256,8192,4,64,1,215.288
indexer,256,8192,4,128,1,215.712
indexer,256,8192,4,256,1,215.753
indexer,256,8192,4,512,1,215.6
indexer,256,8192,4,1024,1,216.961
indexer,256,8192,4,2048,1,217.168
indexer,256,8192,4,4096,1,327.975
indexer,256,8192,4,8192,1,560.673
indexer,256,8192,4,16384,1,1053.35
indexer,256,8192,8,16,1,216.423
indexer,256,8192,8,32,1,215.632
indexer,256,8192,8,64,1,215.777
indexer,256,8192,8,128,1,216.816
indexer,256,8192,8,256,1,216.449
indexer,256,8192,8,512,1,217.473
indexer,256,8192,8,1024,1,218.153
indexer,256,8192,8,2048,1,220.929
indexer,256,8192,8,4096,1,336.024
indexer,256,8192,8,8192,1,573.248
indexer,256,8192,8,16384,1,1077.22
indexer,256,8192,16,16,1,216.92
indexer,256,8192,16,32,1,216.874
indexer,256,8192,16,64,1,217.015
indexer,256,8192,16,128,1,217.183
indexer,256,8192,16,256,1,218.336
indexer,256,8192,16,512,1,220.105
indexer,256,8192,16,1024,1,222.152
indexer,256,8192,16,2048,1,544.151
indexer,256,8192,16,4096,1,347.32
indexer,256,8192,16,8192,1,597.647
indexer,256,8192,16,16384,1,1128.29
indexer,256,8192,32,16,1,219.225
indexer,256,8192,32,32,1,218.295
indexer,256,8192,32,64,1,219.719
indexer,256,8192,32,128,1,221.626
indexer,256,8192,32,256,1,222.41
indexer,256,8192,32,512,1,225.128
indexer,256,8192,32,1024,1,231.625
indexer,256,8192,32,2048,1,557.12
indexer,256,8192,32,4096,1,372.999
indexer,256,8192,32,8192,1,654.727
indexer,256,8192,32,16384,1,1562.55
indexer,256,8192,64,16,1,226.36
indexer,256,8192,64,32,1,228.88
indexer,256,8192,64,64,1,228.24
indexer,256,8192,64,128,1,228.888
indexer,256,8192,64,256,1,232.288
indexer,256,8192,64,512,1,241.777
indexer,256,8192,64,1024,1,253.144
indexer,256,8192,64,2048,1,587.089
indexer,256,8192,64,4096,1,435.753
indexer,256,8192,64,8192,1,968.353
indexer,256,8192,64,16384,1,1796.09
indexer,256,8192,128,16,1,347.088
indexer,256,8192,128,32,1,347.801
indexer,256,8192,128,64,1,350.175
indexer,256,8192,128,128,1,352.481
indexer,256,8192,128,256,1,361.633
indexer,256,8192,128,512,1,376.217
indexer,256,8192,128,1024,1,400
indexer,256,8192,128,2048,1,780.464
indexer,256,8192,128,4096,1,688.985
indexer,256,8192,128,8192,1,1256.75
indexer,256,8192,128,16384,1,2893.45
indexer,256,16384,0,0,1,365.104
indexer,256,16384,1,16,1,384.008
indexer,256,16384,1,32,1,385.097
indexer,256,16384,1,64,1,383.825
indexer,256,16384,1,128,1,384.688
indexer,256,16384,1,256,1,384.697
indexer,256,16384,1,512,1,384.128
indexer,256,16384,1,1024,1,384.872
indexer,256,16384,1,2048,1,384.921
indexer,256,16384,1,4096,1,386.681
indexer,256,16384,1,8192,1,386.303
indexer,256,16384,1,16384,1,389.857
indexer,256,16384,2,16,1,384.346
indexer,256,16384,2,32,1,384.857
indexer,256,16384,2,64,1,384.2
indexer,256,16384,2,128,1,384.207
indexer,256,16384,2,256,1,384.711
indexer,256,16384,2,512,1,384.104
indexer,256,16384,2,1024,1,384.753
indexer,256,16384,2,2048,1,385.736
indexer,256,16384,2,4096,1,387.168
indexer,256,16384,2,8192,1,388.721
indexer,256,16384,2,16384,1,614.985
indexer,256,16384,4,16,1,385.057
indexer,256,16384,4,32,1,385.057
indexer,256,16384,4,64,1,385.576
indexer,256,16384,4,128,1,384.569
indexer,256,16384,4,256,1,384.816
indexer,256,16384,4,512,1,384.154
indexer,256,16384,4,1024,1,385.424
indexer,256,16384,4,2048,1,387.049
indexer,256,16384,4,4096,1,389.048
indexer,256,16384,4,8192,1,615.393
indexer,256,16384,4,16384,1,1070.8
indexer,256,16384,8,16,1,384.537
indexer,256,16384,8,32,1,384.928
indexer,256,16384,8,64,1,384.152
indexer,256,16384,8,128,1,384.961
indexer,256,16384,8,256,1,384.737
indexer,256,16384,8,512,1,387.464
indexer,256,16384,8,1024,1,387.457
indexer,256,16384,8,2048,1,666.64
indexer,256,16384,8,4096,1,395.904
indexer,256,16384,8,8192,1,626.913
indexer,256,16384,8,16384,1,1095.03
indexer,256,16384,16,16,1,399.224
indexer,256,16384,16,32,1,399.145
indexer,256,16384,16,64,1,400.155
indexer,256,16384,16,128,1,401.976
indexer,256,16384,16,256,1,401.898
indexer,256,16384,16,512,1,402.274
indexer,256,16384,16,1024,1,404.384
indexer,256,16384,16,2048,1,681.385
indexer,256,16384,16,4096,1,422.033
indexer,256,16384,16,8192,1,666.368
indexer,256,16384,16,16384,1,1160.32
indexer,256,16384,32,16,1,376.689
indexer,256,16384,32,32,1,377.178
indexer,256,16384,32,64,1,378.463
indexer,256,16384,32,128,1,379.008
indexer,256,16384,32,256,1,380.888
indexer,256,16384,32,512,1,381.329
indexer,256,16384,32,1024,1,391.681
indexer,256,16384,32,2048,1,696.009
indexer,256,16384,32,4096,1,422.937
indexer,256,16384,32,8192,1,696.881
indexer,256,16384,32,16384,1,1548.5
indexer,256,16384,64,16,1,416.608
indexer,256,16384,64,32,1,417.289
indexer,256,16384,64,64,1,419.873
indexer,256,16384,64,128,1,420.033
indexer,256,16384,64,256,1,422.648
indexer,256,16384,64,512,1,430.704
indexer,256,16384,64,1024,1,443.152
indexer,256,16384,64,2048,1,725.489
indexer,256,16384,64,4096,1,518.263
indexer,256,16384,64,8192,1,1028.79
indexer,256,16384,64,16384,1,1842.69
indexer,256,16384,128,16,1,643.465
indexer,256,16384,128,32,1,644.105
indexer,256,16384,128,64,1,647.273
indexer,256,16384,128,128,1,648.76
indexer,256,16384,128,256,1,658.937
indexer,256,16384,128,512,1,670.744
indexer,256,16384,128,1024,1,698.937
indexer,256,16384,128,2048,1,1055.34
indexer,256,16384,128,4096,1,768.864
indexer,256,16384,128,8192,1,1334.75
indexer,256,16384,128,16384,1,2946.1
indexer,512,0,0,0,1,49.5605
indexer,512,0,1,16,1,67.6325
indexer,512,0,1,32,1,67.6808
indexer,512,0,1,64,1,68.0963
indexer,512,0,1,128,1,67.9587
indexer,512,0,1,256,1,68.0635
indexer,512,0,1,512,1,68.0242
indexer,512,0,1,1024,1,68.2797
indexer,512,0,1,2048,1,83.9775
indexer,512,0,1,4096,1,96.5035
indexer,512,0,1,8192,1,98.0248
indexer,512,0,1,16384,1,109.897
indexer,512,0,2,16,1,65.0555
indexer,512,0,2,32,1,65.3675
indexer,512,0,2,64,1,65.992
indexer,512,0,2,128,1,65.9038
indexer,512,0,2,256,1,65.9928
indexer,512,0,2,512,1,65.919
indexer,512,0,2,1024,1,66.7202
indexer,512,0,2,2048,1,86.9283
indexer,512,0,2,4096,1,96.5517
indexer,512,0,2,8192,1,100.168
indexer,512,0,2,16384,1,113.729
indexer,512,0,4,16,1,65.377
indexer,512,0,4,32,1,65.6643
indexer,512,0,4,64,1,66.4553
indexer,512,0,4,128,1,66.272
indexer,512,0,4,256,1,66.3372
indexer,512,0,4,512,1,66.6645
indexer,512,0,4,1024,1,67.0632
indexer,512,0,4,2048,1,88.3588
indexer,512,0,4,4096,1,99.2487
indexer,512,0,4,8192,1,105.735
indexer,512,0,4,16384,1,124.448
indexer,512,0,8,16,1,65.9763
indexer,512,0,8,32,1,66.1355
indexer,512,0,8,64,1,66.6082
indexer,512,0,8,128,1,66.5442
indexer,512,0,8,256,1,66.8003
indexer,512,0,8,512,1,67.1763
indexer,512,0,8,1024,1,68.5367
indexer,512,0,8,2048,1,90.127
indexer,512,0,8,4096,1,105.096
indexer,512,0,8,8192,1,114.92
indexer,512,0,8,16384,1,147.4
indexer,512,0,16,16,1,66.8723
indexer,512,0,16,32,1,66.752
indexer,512,0,16,64,1,67.6258
indexer,512,0,16,128,1,67.7515
indexer,512,0,16,256,1,68.3597
indexer,512,0,16,512,1,69.1835
indexer,512,0,16,1024,1,71.3675
indexer,512,0,16,2048,1,98.1283
indexer,512,0,16,4096,1,116.966
indexer,512,0,16,8192,1,141.536
indexer,512,0,16,16384,1,187.368
indexer,512,0,32,16,1,68.5205
indexer,512,0,32,32,1,68.3282
indexer,512,0,32,64,1,69.5275
indexer,512,0,32,128,1,69.9107
indexer,512,0,32,256,1,71.2705
indexer,512,0,32,512,1,73.4802
indexer,512,0,32,1024,1,77.5838
indexer,512,0,32,2048,1,128.792
indexer,512,0,32,4096,1,169.904
indexer,512,0,32,8192,1,217.065
indexer,512,0,32,16384,1,316.68
indexer,512,0,64,16,1,70.8092
indexer,512,0,64,32,1,71.137
indexer,512,0,64,64,1,72.544
indexer,512,0,64,128,1,73.4795
indexer,512,0,64,256,1,75.6005
indexer,512,0,64,512,1,80.3363
indexer,512,0,64,1024,1,89.081
indexer,512,0,64,2048,1,195.368
indexer,512,0,64,4096,1,269.704
indexer,512,0,64,8192,1,372.09
indexer,512,0,64,16384,1,590.705
indexer,512,0,128,16,1,76.0577
indexer,512,0,128,32,1,75.8738
indexer,512,0,128,64,1,78.6167
indexer,512,0,128,128,1,81.3605
indexer,512,0,128,256,1,85.4635
indexer,512,0,128,512,1,94.1188
indexer,512,0,128,1024,1,114.072
indexer,512,0,128,2048,1,300.44
indexer,512,0,128,4096,1,453.593
indexer,512,0,128,8192,1,673.817
indexer,512,0,128,16384,1,1041.97
indexer,512,16,0,0,1,52.432
indexer,512,16,1,16,1,69.5925
indexer,512,16,1,32,1,69.208
indexer,512,16,1,64,1,70.1683
indexer,512,16,1,128,1,69.7287
indexer,512,16,1,256,1,70.0803
indexer,512,16,1,512,1,70.167
indexer,512,16,1,1024,1,69.7052
indexer,512,16,1,2048,1,86.2002
indexer,512,16,1,4096,1,98.5595
indexer,512,16,1,8192,1,100.152
indexer,512,16,1,16384,1,110.079
indexer,512,16,2,16,1,67.5612
indexer,512,16,2,32,1,67.3028
indexer,512,16,2,64,1,67.8565
indexer,512,16,2,128,1,68.448
indexer,512,16,2,256,1,67.9195
indexer,512,16,2,512,1,68.304
indexer,512,16,2,1024,1,69.104
indexer,512,16,2,2048,1,88.9287
indexer,512,16,2,4096,1,98.4877
indexer,512,16,2,8192,1,102.424
indexer,512,16,2,16384,1,116.023
indexer,512,16,4,16,1,68.0485
indexer,512,16,4,32,1,68.096
indexer,512,16,4,64,1,68.8407
indexer,512,16,4,128,1,68.7445
indexer,512,16,4,256,1,69.2575
indexer,512,16,4,512,1,69.4473
indexer,512,16,4,1024,1,69.6315
indexer,512,16,4,2048,1,90.833
indexer,512,16,4,4096,1,101.808
indexer,512,16,4,8192,1,108.441
indexer,512,16,4,16384,1,126.69
indexer,512,16,8,16,1,68.8072
indexer,512,16,8,32,1,68.5858
indexer,512,16,8,64,1,69.2875
indexer,512,16,8,128,1,69.7122
indexer,512,16,8,256,1,69.8558
indexer,512,16,8,512,1,70.224
indexer,512,16,8,1024,1,71.272
indexer,512,16,8,2048,1,93.0563
indexer,512,16,8,4096,1,108.425
indexer,512,16,8,8192,1,117.727
indexer,512,16,8,16384,1,150.386
indexer,512,16,16,16,1,69.7835
indexer,512,16,16,32,1,69.8648
indexer,512,16,16,64,1,70.959
indexer,512,16,16,128,1,71.1448
indexer,512,16,16,256,1,71.2475
indexer,512,16,16,512,1,72.383
indexer,512,16,16,1024,1,74.8548
indexer,512,16,16,2048,1,101.648
indexer,512,16,16,4096,1,120.496
indexer,512,16,16,8192,1,145.263
indexer,512,16,16,16384,1,191.064
indexer,512,16,32,16,1,72.0395
indexer,512,16,32,32,1,71.9753
indexer,512,16,32,64,1,72.7517
indexer,512,16,32,128,1,73.7125
indexer,512,16,32,256,1,74.8088
indexer,512,16,32,512,1,76.743
indexer,512,16,32,1024,1,80.8732
indexer,512,16,32,2048,1,132.792
indexer,512,16,32,4096,1,172.847
indexer,512,16,32,8192,1,219.68
indexer,512,16,32,16384,1,320.282
indexer,512,16,64,16,1,73.8398
indexer,512,16,64,32,1,74.5357
indexer,512,16,64,64,1,75.4405
indexer,512,16,64,128,1,76.2482
indexer,512,16,64,256,1,78.4707
indexer,512,16,64,512,1,83.0338
indexer,512,16,64,1024,1,92.392
indexer,512,16,64,2048,1,198.761
indexer,512,16,64,4096,1,272.513
indexer,512,16,64,8192,1,374.623
indexer,512,16,64,16384,1,593.666
indexer,512,16,128,16,1,78.808
indexer,512,16,128,32,1,78.5117
indexer,512,16,128,64,1,81.3215
indexer,512,16,128,128,1,84.5765
indexer,512,16,128,256,1,87.8723
indexer,512,16,128,512,1,96.8957
indexer,512,16,128,1024,1,117.159
indexer,512,16,128,2048,1,302.881
indexer,512,16,128,4096,1,455.584
indexer,512,16,128,8192,1,676.538
indexer,512,16,128,16384,1,1044.02
indexer,512,32,0,0,1,53.4303
indexer,512,32,1,16,1,71.1525
indexer,512,32,1,32,1,71.1593
indexer,512,32,1,64,1,71.6565
indexer,512,32,1,128,1,71.8248
indexer,512,32,1,256,1,72.017
indexer,512,32,1,512,1,72.1105
indexer,512,32,1,1024,1,71.704
indexer,512,32,1,2048,1,87.8395
indexer,512,32,1,4096,1,100.545
indexer,512,32,1,8192,1,102.161
indexer,512,32,1,16384,1,113.28
indexer,512,32,2,16,1,68.848
indexer,512,32,2,32,1,68.888
indexer,512,32,2,64,1,69.5443
indexer,512,32,2,128,1,69.4795
indexer,512,32,2,256,1,69.4148
indexer,512,32,2,512,1,69.664
indexer,512,32,2,1024,1,70.0878
indexer,512,32,2,2048,1,90.5207
indexer,512,32,2,4096,1,99.9455
indexer,512,32,2,8192,1,103.856
indexer,512,32,2,16384,1,117.689
indexer,512,32,4,16,1,69.0567
indexer,512,32,4,32,1,69.6172
indexer,512,32,4,64,1,69.8313
indexer,512,32,4,128,1,69.9682
indexer,512,32,4,256,1,70.3598
indexer,512,32,4,512,1,69.9355
indexer,512,32,4,1024,1,70.856
indexer,512,32,4,2048,1,91.7592
indexer,512,32,4,4096,1,103.463
indexer,512,32,4,8192,1,109.297
indexer,512,32,4,16384,1,127.96
indexer,512,32,8,16,1,69.4475
indexer,512,32,8,32,1,69.2477
indexer,512,32,8,64,1,69.7933
indexer,512,32,8,128,1,69.7915
indexer,512,32,8,256,1,70.128
indexer,512,32,8,512,1,70.3043
indexer,512,32,8,1024,1,71.7043
indexer,512,32,8,2048,1,93.5522
indexer,512,32,8,4096,1,108.738
indexer,512,32,8,8192,1,118.249
indexer,512,32,8,16384,1,150.296
indexer,512,32,16,16,1,70.1363
indexer,512,32,16,32,1,70.1208
indexer,512,32,16,64,1,71.1525
indexer,512,32,16,128,1,71.2332
indexer,512,32,16,256,1,71.7517
indexer,512,32,16,512,1,72.4798
indexer,512,32,16,1024,1,74.7515
indexer,512,32,16,2048,1,101.472
indexer,512,32,16,4096,1,120.641
indexer,512,32,16,8192,1,145.911
indexer,512,32,16,16384,1,190.856
indexer,512,32,32,16,1,72.0968
indexer,512,32,32,32,1,72.0558
indexer,512,32,32,64,1,73.56
indexer,512,32,32,128,1,73.448
indexer,512,32,32,256,1,74.687
indexer,512,32,32,512,1,77.0975
indexer,512,32,32,1024,1,81.8482
indexer,512,32,32,2048,1,133.089
indexer,512,32,32,4096,1,172.688
indexer,512,32,32,8192,1,220.487
indexer,512,32,32,16384,1,319.943
indexer,512,32,64,16,1,74.5837
indexer,512,32,64,32,1,74.6395
indexer,512,32,64,64,1,76.1677
indexer,512,32,64,128,1,76.8712
indexer,512,32,64,256,1,79.3362
indexer,512,32,64,512,1,83.849
indexer,512,32,64,1024,1,92.5362
indexer,512,32,64,2048,1,199.586
indexer,512,32,64,4096,1,272.831
indexer,512,32,64,8192,1,375.342
indexer,512,32,64,16384,1,594.697
indexer,512,32,128,16,1,79.5993
indexer,512,32,128,32,1,79.6572
indexer,512,32,128,64,1,82.2723
indexer,512,32,128,128,1,84.481
indexer,512,32,128,256,1,88.697
indexer,512,32,128,512,1,98.04
indexer,512,32,128,1024,1,118.303
indexer,512,32,128,2048,1,303.377
indexer,512,32,128,4096,1,455.474
indexer,512,32,128,8192,1,677.777
indexer,512,32,128,16384,1,1045.24
indexer,512,64,0,0,1,54.4958
indexer,512,64,1,16,1,72.072
indexer,512,64,1,32,1,72.1835
indexer,512,64,1,64,1,73.1598
indexer,512,64,1,128,1,72.9515
indexer,512,64,1,256,1,72.8325
indexer,512,64,1,512,1,72.9112
indexer,512,64,1,1024,1,73.1665
indexer,512,64,1,2048,1,88.8565
indexer,512,64,1,4096,1,101.632
indexer,512,64,1,8192,1,102.36
indexer,512,64,1,16384,1,113.272
indexer,512,64,2,16,1,70.256
indexer,512,64,2,32,1,70.2067
indexer,512,64,2,64,1,70.8492
indexer,512,64,2,128,1,70.8727
indexer,512,64,2,256,1,71.0233
indexer,512,64,2,512,1,71.24
indexer,512,64,2,1024,1,71.7202
indexer,512,64,2,2048,1,91.5447
indexer,512,64,2,4096,1,101.226
indexer,512,64,2,8192,1,105
indexer,512,64,2,16384,1,119.057
indexer,512,64,4,16,1,70.513
indexer,512,64,4,32,1,70.617
indexer,512,64,4,64,1,71
indexer,512,64,4,128,1,71.2478
indexer,512,64,4,256,1,71.4638
indexer,512,64,4,512,1,71.6315
indexer,512,64,4,1024,1,72.408
indexer,512,64,4,2048,1,93.1377
indexer,512,64,4,4096,1,104.104
indexer,512,64,4,8192,1,110.6
indexer,512,64,4,16384,1,129.184
indexer,512,64,8,16,1,71.1042
indexer,512,64,8,32,1,70.6402
indexer,512,64,8,64,1,71.6395
indexer,512,64,8,128,1,71.824
indexer,512,64,8,256,1,71.928
indexer,512,64,8,512,1,71.9593
indexer,512,64,8,1024,1,73.249
indexer,512,64,8,2048,1,95.1123
indexer,512,64,8,4096,1,109.919
indexer,512,64,8,8192,1,120.121
indexer,512,64,8,16384,1,152.407
indexer,512,64,16,16,1,71.6012
indexer,512,64,16,32,1,71.616
indexer,512,64,16,64,1,72.68
indexer,512,64,16,128,1,72.8875
indexer,512,64,16,256,1,73.3275
indexer,512,64,16,512,1,74.3923
indexer,512,64,16,1024,1,76.5118
indexer,512,64,16,2048,1,103.137
indexer,512,64,16,4096,1,121.705
indexer,512,64,16,8192,1,146.68
indexer,512,64,16,16384,1,192.456
indexer,512,64,32,16,1,73.7208
indexer,512,64,32,32,1,73.5308
indexer,512,64,32,64,1,74.5828
indexer,512,64,32,128,1,75.2087
indexer,512,64,32,256,1,76.2248
indexer,512,64,32,512,1,78.3205
indexer,512,64,32,1024,1,83.2793
indexer,512,64,32,2048,1,134.48
indexer,512,64,32,4096,1,174.224
indexer,512,64,32,8192,1,221.85
indexer,512,64,32,16384,1,321.697
indexer,512,64,64,16,1,76.0092
indexer,512,64,64,32,1,75.6407
indexer,512,64,64,64,1,77.0552
indexer,512,64,64,128,1,78.5045
indexer,512,64,64,256,1,80.3762
indexer,512,64,64,512,1,85.1278
indexer,512,64,64,1024,1,94.0257
indexer,512,64,64,2048,1,200.408
indexer,512,64,64,4096,1,274.153
indexer,512,64,64,8192,1,377.138
indexer,512,64,64,16384,1,597.064
indexer,512,64,128,16,1,81.1448
indexer,512,64,128,32,1,80.8648
indexer,512,64,128,64,1,83.448
indexer,512,64,128,128,1,85.9592
indexer,512,64,128,256,1,89.4878
indexer,512,64,128,512,1,99.0157
indexer,512,64,128,1024,1,119.432
indexer,512,64,128,2048,1,305.121
indexer,512,64,128,4096,1,457.344
indexer,512,64,128,8192,1,678.177
indexer,512,64,128,16384,1,1046.52
indexer,512,128,0,0,1,55.2318
indexer,512,128,1,16,1,73.1683
indexer,512,128,1,32,1,72.5362
indexer,512,128,1,64,1,73.9203
indexer,512,128,1,128,1,73.231
indexer,512,128,1,256,1,73.352
indexer,512,128,1,512,1,73.3208
indexer,512,128,1,1024,1,73.776
indexer,512,128,1,2048,1,89.3127
indexer,512,128,1,4096,1,102.696
indexer,512,128,1,8192,1,103.448
indexer,512,128,1,16384,1,114.103
indexer,512,128,2,16,1,70.6958
indexer,512,128,2,32,1,70.5927
indexer,512,128,2,64,1,71.2092
indexer,512,128,2,128,1,71.1688
indexer,512,128,2,256,1,71.1765
indexer,512,128,2,512,1,71.4232
indexer,512,128,2,1024,1,71.9363
indexer,512,128,2,2048,1,92
indexer,512,128,2,4096,1,101.921
indexer,512,128,2,8192,1,105.833
indexer,512,128,2,16384,1,119.464
indexer,512,128,4,16,1,70.7925
indexer,512,128,4,32,1,70.7602
indexer,512,128,4,64,1,71.5203
indexer,512,128,4,128,1,71.6
indexer,512,128,4,256,1,71.5763
indexer,512,128,4,512,1,71.8958
indexer,512,128,4,1024,1,72.5915
indexer,512,128,4,2048,1,93.8885
indexer,512,128,4,4096,1,104.847
indexer,512,128,4,8192,1,110.793
indexer,512,128,4,16384,1,129.944
indexer,512,128,8,16,1,71
indexer,512,128,8,32,1,71.0875
indexer,512,128,8,64,1,71.7913
indexer,512,128,8,128,1,72.0727
indexer,512,128,8,256,1,72.201
indexer,512,128,8,512,1,72.3925
indexer,512,128,8,1024,1,73.9677
indexer,512,128,8,2048,1,95.4955
indexer,512,128,8,4096,1,110.775
indexer,512,128,8,8192,1,120.528
indexer,512,128,8,16384,1,152.696
indexer,512,128,16,16,1,72.103
indexer,512,128,16,32,1,72.281
indexer,512,128,16,64,1,72.9848
indexer,512,128,16,128,1,73.096
indexer,512,128,16,256,1,73.7127
indexer,512,128,16,512,1,74.5125
indexer,512,128,16,1024,1,76.672
indexer,512,128,16,2048,1,103.896
indexer,512,128,16,4096,1,122.763
indexer,512,128,16,8192,1,147.288
indexer,512,128,16,16384,1,193.097
indexer,512,128,32,16,1,74.2715
indexer,512,128,32,32,1,73.9925
indexer,512,128,32,64,1,75.2
indexer,512,128,32,128,1,75.784
indexer,512,128,32,256,1,76.4567
indexer,512,128,32,512,1,79.1845
indexer,512,128,32,1024,1,83.5675
indexer,512,128,32,2048,1,134.698
indexer,512,128,32,4096,1,175.434
indexer,512,128,32,8192,1,221.872
indexer,512,128,32,16384,1,321.912
indexer,512,128,64,16,1,76.2067
indexer,512,128,64,32,1,76.655
indexer,512,128,64,64,1,77.8865
indexer,512,128,64,128,1,78.5528
indexer,512,128,64,256,1,81.1367
indexer,512,128,64,512,1,85.9373
indexer,512,128,64,1024,1,95.0485
indexer,512,128,64,2048,1,201
indexer,512,128,64,4096,1,275.619
indexer,512,128,64,8192,1,378.208
indexer,512,128,64,16384,1,597.031
indexer,512,128,128,16,1,81.2645
indexer,512,128,128,32,1,81.0877
indexer,512,128,128,64,1,83.3918
indexer,512,128,128,128,1,86.966
indexer,512,128,128,256,1,90.335
indexer,512,128,128,512,1,99.607
indexer,512,128,128,1024,1,119.374
indexer,512,128,128,2048,1,305.064
indexer,512,128,128,4096,1,457.88
indexer,512,128,128,8192,1,678.68
indexer,512,128,128,16384,1,1048.15
indexer,512,256,0,0,1,58.6007
indexer,512,256,1,16,1,76.4493
indexer,512,256,1,32,1,76.0468
indexer,512,256,1,64,1,77.12
indexer,512,256,1,128,1,76.9525
indexer,512,256,1,256,1,77.1285
indexer,512,256,1,512,1,77.0475
indexer,512,256,1,1024,1,77.7447
indexer,512,256,1,2048,1,93.4652
indexer,512,256,1,4096,1,106.207
indexer,512,256,1,8192,1,107.289
indexer,512,256,1,16384,1,117.736
indexer,512,256,2,16,1,74.1688
indexer,512,256,2,32,1,74.0485
indexer,512,256,2,64,1,75.135
indexer,512,256,2,128,1,74.9055
indexer,512,256,2,256,1,75.0397
indexer,512,256,2,512,1,75.1598
indexer,512,256,2,1024,1,75.6405
indexer,512,256,2,2048,1,95.8243
indexer,512,256,2,4096,1,105.585
indexer,512,256,2,8192,1,109.145
indexer,512,256,2,16384,1,122.688
indexer,512,256,4,16,1,74.9117
indexer,512,256,4,32,1,74.936
indexer,512,256,4,64,1,75.4483
indexer,512,256,4,128,1,75.5138
indexer,512,256,4,256,1,75.6015
indexer,512,256,4,512,1,75.4145
indexer,512,256,4,1024,1,76.256
indexer,512,256,4,2048,1,97.7442
indexer,512,256,4,4096,1,108.792
indexer,512,256,4,8192,1,115.016
indexer,512,256,4,16384,1,133.774
indexer,512,256,8,16,1,75.4237
indexer,512,256,8,32,1,75.127
indexer,512,256,8,64,1,75.6243
indexer,512,256,8,128,1,75.9767
indexer,512,256,8,256,1,76.1045
indexer,512,256,8,512,1,76.354
indexer,512,256,8,1024,1,77.9048
indexer,512,256,8,2048,1,99.5683
indexer,512,256,8,4096,1,114.368
indexer,512,256,8,8192,1,123.905
indexer,512,256,8,16384,1,155.432
indexer,512,256,16,16,1,75.816
indexer,512,256,16,32,1,76.344
indexer,512,256,16,64,1,76.847
indexer,512,256,16,128,1,77.0252
indexer,512,256,16,256,1,77.8805
indexer,512,256,16,512,1,78.3825
indexer,512,256,16,1024,1,80.6
indexer,512,256,16,2048,1,107.431
indexer,512,256,16,4096,1,125.937
indexer,512,256,16,8192,1,150.808
indexer,512,256,16,16384,1,197.32
indexer,512,256,32,16,1,78.0478
indexer,512,256,32,32,1,78.4238
indexer,512,256,32,64,1,78.8882
indexer,512,256,32,128,1,79.9207
indexer,512,256,32,256,1,80.784
indexer,512,256,32,512,1,83.0405
indexer,512,256,32,1024,1,87.824
indexer,512,256,32,2048,1,139.151
indexer,512,256,32,4096,1,178.89
indexer,512,256,32,8192,1,226.473
indexer,512,256,32,16384,1,326.665
indexer,512,256,64,16,1,80.4727
indexer,512,256,64,32,1,80.1045
indexer,512,256,64,64,1,81.3437
indexer,512,256,64,128,1,82.9598
indexer,512,256,64,256,1,85.1358
indexer,512,256,64,512,1,89.744
indexer,512,256,64,1024,1,98.4095
indexer,512,256,64,2048,1,204.815
indexer,512,256,64,4096,1,279.184
indexer,512,256,64,8192,1,381.769
indexer,512,256,64,16384,1,600.745
indexer,512,256,128,16,1,85.2167
indexer,512,256,128,32,1,85.0322
indexer,512,256,128,64,1,87.3202
indexer,512,256,128,128,1,90.7357
indexer,512,256,128,256,1,94.3035
indexer,512,256,128,512,1,103.433
indexer,512,256,128,1024,1,123.456
indexer,512,256,128,2048,1,309.873
indexer,512,256,128,4096,1,462.567
indexer,512,256,128,8192,1,682.408
indexer,512,256,128,16384,1,1051.55
indexer,512,512,0,0,1,65.872
indexer,512,512,1,16,1,83.7065
indexer,512,512,1,32,1,83.777
indexer,512,512,1,64,1,85.153
indexer,512,512,1,128,1,84.5693
indexer,512,512,1,256,1,84.2725
indexer,512,512,1,512,1,84.3603
indexer,512,512,1,1024,1,84.3203
indexer,512,512,1,2048,1,101.12
indexer,512,512,1,4096,1,113.952
indexer,512,512,1,8192,1,114.368
indexer,512,512,1,16384,1,125.041
indexer,512,512,2,16,1,81.76
indexer,512,512,2,32,1,81.4948
indexer,512,512,2,64,1,82.3835
indexer,512,512,2,128,1,81.9043
indexer,512,512,2,256,1,82.0393
indexer,512,512,2,512,1,82.4532
indexer,512,512,2,1024,1,83.3347
indexer,512,512,2,2048,1,103.208
indexer,512,512,2,4096,1,112.931
indexer,512,512,2,8192,1,116.879
indexer,512,512,2,16384,1,131.072
indexer,512,512,4,16,1,81.7602
indexer,512,512,4,32,1,81.736
indexer,512,512,4,64,1,82.4235
indexer,512,512,4,128,1,82.1273
indexer,512,512,4,256,1,82.865
indexer,512,512,4,512,1,82.7438
indexer,512,512,4,1024,1,83.3037
indexer,512,512,4,2048,1,104.817
indexer,512,512,4,4096,1,115.993
indexer,512,512,4,8192,1,121.88
indexer,512,512,4,16384,1,140.617
indexer,512,512,8,16,1,82.4653
indexer,512,512,8,32,1,82.1352
indexer,512,512,8,64,1,82.8648
indexer,512,512,8,128,1,83.008
indexer,512,512,8,256,1,83.281
indexer,512,512,8,512,1,84.1428
indexer,512,512,8,1024,1,84.657
indexer,512,512,8,2048,1,106.513
indexer,512,512,8,4096,1,121.824
indexer,512,512,8,8192,1,131.873
indexer,512,512,8,16384,1,163.729
indexer,512,512,16,16,1,83.1848
indexer,512,512,16,32,1,82.969
indexer,512,512,16,64,1,84.0085
indexer,512,512,16,128,1,84.7205
indexer,512,512,16,256,1,84.4958
indexer,512,512,16,512,1,85.4628
indexer,512,512,16,1024,1,88
indexer,512,512,16,2048,1,114.897
indexer,512,512,16,4096,1,134.16
indexer,512,512,16,8192,1,158.721
indexer,512,512,16,16384,1,204.208
indexer,512,512,32,16,1,86.032
indexer,512,512,32,32,1,85.0408
indexer,512,512,32,64,1,87.176
indexer,512,512,32,128,1,86.9995
indexer,512,512,32,256,1,87.9518
indexer,512,512,32,512,1,89.911
indexer,512,512,32,1024,1,94.7515
indexer,512,512,32,2048,1,145.881
indexer,512,512,32,4096,1,185.911
indexer,512,512,32,8192,1,233.599
indexer,512,512,32,16384,1,333.705
indexer,512,512,64,16,1,87.4253
indexer,512,512,64,32,1,87.6075
indexer,512,512,64,64,1,89.1605
indexer,512,512,64,128,1,89.7437
indexer,512,512,64,256,1,92.1672
indexer,512,512,64,512,1,96.7585
indexer,512,512,64,1024,1,105.415
indexer,512,512,64,2048,1,207.065
indexer,512,512,64,4096,1,286.44
indexer,512,512,64,8192,1,389.609
indexer,512,512,64,16384,1,609.29
indexer,512,512,128,16,1,92.3045
indexer,512,512,128,32,1,92.4955
indexer,512,512,128,64,1,95.183
indexer,512,512,128,128,1,97.5035
indexer,512,512,128,256,1,101.489
indexer,512,512,128,512,1,110.592
indexer,512,512,128,1024,1,130.528
indexer,512,512,128,2048,1,319.162
indexer,512,512,128,4096,1,469.05
indexer,512,512,128,8192,1,689.304
indexer,512,512,128,16384,1,1058.71
indexer,512,1024,0,0,1,80.8005
indexer,512,1024,1,16,1,98.136
indexer,512,1024,1,32,1,98.6947
indexer,512,1024,1,64,1,99.007
indexer,512,1024,1,128,1,99
indexer,512,1024,1,256,1,100.697
indexer,512,1024,1,512,1,99.0657
indexer,512,1024,1,1024,1,99.5517
indexer,512,1024,1,2048,1,115.296
indexer,512,1024,1,4096,1,128.792
indexer,512,1024,1,8192,1,131.384
indexer,512,1024,1,16384,1,145.112
indexer,512,1024,2,16,1,96.377
indexer,512,1024,2,32,1,96.5187
indexer,512,1024,2,64,1,97.6293
indexer,512,1024,2,128,1,96.9932
indexer,512,1024,2,256,1,97.016
indexer,512,1024,2,512,1,97.2727
indexer,512,1024,2,1024,1,98.3438
indexer,512,1024,2,2048,1,118.358
indexer,512,1024,2,4096,1,128.16
indexer,512,1024,2,8192,1,132.849
indexer,512,1024,2,16384,1,146.8
indexer,512,1024,4,16,1,96.7608
indexer,512,1024,4,32,1,96.7125
indexer,512,1024,4,64,1,97.6715
indexer,512,1024,4,128,1,97.407
indexer,512,1024,4,256,1,97.5197
indexer,512,1024,4,512,1,97.7682
indexer,512,1024,4,1024,1,98.072
indexer,512,1024,4,2048,1,120.008
indexer,512,1024,4,4096,1,131.648
indexer,512,1024,4,8192,1,137.633
indexer,512,1024,4,16384,1,156.576
indexer,512,1024,8,16,1,96.9112
indexer,512,1024,8,32,1,97.2163
indexer,512,1024,8,64,1,98.0635
indexer,512,1024,8,128,1,97.657
indexer,512,1024,8,256,1,97.8248
indexer,512,1024,8,512,1,98.455
indexer,512,1024,8,1024,1,99.3855
indexer,512,1024,8,2048,1,121.873
indexer,512,1024,8,4096,1,137.056
indexer,512,1024,8,8192,1,146.153
indexer,512,1024,8,16384,1,177.224
indexer,512,1024,16,16,1,98.473
indexer,512,1024,16,32,1,98.0408
indexer,512,1024,16,64,1,98.8778
indexer,512,1024,16,128,1,99.0793
indexer,512,1024,16,256,1,99.3758
indexer,512,1024,16,512,1,100.76
indexer,512,1024,16,1024,1,102.552
indexer,512,1024,16,2048,1,129.736
indexer,512,1024,16,4096,1,148.519
indexer,512,1024,16,8192,1,173.184
indexer,512,1024,16,16384,1,219.601
indexer,512,1024,32,16,1,99.977
indexer,512,1024,32,32,1,100.202
indexer,512,1024,32,64,1,101.232
indexer,512,1024,32,128,1,102.399
indexer,512,1024,32,256,1,103.472
indexer,512,1024,32,512,1,105.265
indexer,512,1024,32,1024,1,109.392
indexer,512,1024,32,2048,1,160.647
indexer,512,1024,32,4096,1,200.728
indexer,512,1024,32,8192,1,247.432
indexer,512,1024,32,16384,1,348.689
indexer,512,1024,64,16,1,102.558
indexer,512,1024,64,32,1,102.264
indexer,512,1024,64,64,1,103.897
indexer,512,1024,64,128,1,104.753
indexer,512,1024,64,256,1,107.159
indexer,512,1024,64,512,1,111.808
indexer,512,1024,64,1024,1,120.432
indexer,512,1024,64,2048,1,229.24
indexer,512,1024,64,4096,1,301.211
indexer,512,1024,64,8192,1,403.208
indexer,512,1024,64,16384,1,623.793
indexer,512,1024,128,16,1,107.65
indexer,512,1024,128,32,1,107.136
indexer,512,1024,128,64,1,109.488
indexer,512,1024,128,128,1,112.584
indexer,512,1024,128,256,1,116.447
indexer,512,1024,128,512,1,125.696
indexer,512,1024,128,1024,1,145.615
indexer,512,1024,128,2048,1,331.912
indexer,512,1024,128,4096,1,485.081
indexer,512,1024,128,8192,1,706.112
indexer,512,1024,128,16384,1,1077.53
indexer,512,2048,0,0,1,206.743
indexer,512,2048,1,16,1,224.207
indexer,512,2048,1,32,1,224.312
indexer,512,2048,1,64,1,224.127
indexer,512,2048,1,128,1,225.656
indexer,512,2048,1,256,1,224.922
indexer,512,2048,1,512,1,224.383
indexer,512,2048,1,1024,1,224.671
indexer,512,2048,1,2048,1,245.257
indexer,512,2048,1,4096,1,254.128
indexer,512,2048,1,8192,1,256.657
indexer,512,2048,1,16384,1,268.527
indexer,512,2048,2,16,1,222.407
indexer,512,2048,2,32,1,222.063
indexer,512,2048,2,64,1,222.504
indexer,512,2048,2,128,1,223.497
indexer,512,2048,2,256,1,222.984
indexer,512,2048,2,512,1,222.8
indexer,512,2048,2,1024,1,223.809
indexer,512,2048,2,2048,1,243.711
indexer,512,2048,2,4096,1,254.048
indexer,512,2048,2,8192,1,258.143
indexer,512,2048,2,16384,1,272.055
indexer,512,2048,4,16,1,222.889
indexer,512,2048,4,32,1,222.216
indexer,512,2048,4,64,1,223.24
indexer,512,2048,4,128,1,223.488
indexer,512,2048,4,256,1,223.016
indexer,512,2048,4,512,1,223.265
indexer,512,2048,4,1024,1,224.208
indexer,512,2048,4,2048,1,244.729
indexer,512,2048,4,4096,1,256.64
indexer,512,2048,4,8192,1,263.017
indexer,512,2048,4,16384,1,282.161
indexer,512,2048,8,16,1,223.072
indexer,512,2048,8,32,1,223.112
indexer,512,2048,8,64,1,224.895
indexer,512,2048,8,128,1,223.568
indexer,512,2048,8,256,1,224.736
indexer,512,2048,8,512,1,224.664
indexer,512,2048,8,1024,1,225.776
indexer,512,2048,8,2048,1,247.111
indexer,512,2048,8,4096,1,262.257
indexer,512,2048,8,8192,1,272.481
indexer,512,2048,8,16384,1,303.713
indexer,512,2048,16,16,1,223.833
indexer,512,2048,16,32,1,224.377
indexer,512,2048,16,64,1,225.64
indexer,512,2048,16,128,1,224.889
indexer,512,2048,16,256,1,225.727
indexer,512,2048,16,512,1,227.009
indexer,512,2048,16,1024,1,229.296
indexer,512,2048,16,2048,1,255.417
indexer,512,2048,16,4096,1,273.902
indexer,512,2048,16,8192,1,299.162
indexer,512,2048,16,16384,1,345.537
indexer,512,2048,32,16,1,225.51
indexer,512,2048,32,32,1,226.224
indexer,512,2048,32,64,1,226.998
indexer,512,2048,32,128,1,227.945
indexer,512,2048,32,256,1,228.792
indexer,512,2048,32,512,1,230.296
indexer,512,2048,32,1024,1,235.745
indexer,512,2048,32,2048,1,286.993
indexer,512,2048,32,4096,1,325.704
indexer,512,2048,32,8192,1,373.113
indexer,512,2048,32,16384,1,474.121
indexer,512,2048,64,16,1,228.562
indexer,512,2048,64,32,1,228
indexer,512,2048,64,64,1,230.016
indexer,512,2048,64,128,1,229.865
indexer,512,2048,64,256,1,233.577
indexer,512,2048,64,512,1,237.807
indexer,512,2048,64,1024,1,246.768
indexer,512,2048,64,2048,1,354.92
indexer,512,2048,64,4096,1,427.655
indexer,512,2048,64,8192,1,529.961
indexer,512,2048,64,16384,1,749.8
indexer,512,2048,128,16,1,233.825
indexer,512,2048,128,32,1,233.513
indexer,512,2048,128,64,1,236.113
indexer,512,2048,128,128,1,239.097
indexer,512,2048,128,256,1,242.551
indexer,512,2048,128,512,1,252.266
indexer,512,2048,128,1024,1,272.063
indexer,512,2048,128,2048,1,457.496
indexer,512,2048,128,4096,1,610.194
indexer,512,2048,128,8192,1,831.418
indexer,512,2048,128,16384,1,1205.47
indexer,512,4096,0,0,1,757.776
indexer,512,4096,1,16,1,774.482
indexer,512,4096,1,32,1,774.537
indexer,512,4096,1,64,1,775.193
indexer,512,4096,1,128,1,775.034
indexer,512,4096,1,256,1,776.193
indexer,512,4096,1,512,1,774.242
indexer,512,4096,1,1024,1,776.321
indexer,512,4096,1,2048,1,795.2
indexer,512,4096,1,4096,1,805.081
indexer,512,4096,1,8192,1,806.041
indexer,512,4096,1,16384,1,819.977
indexer,512,4096,2,16,1,771.482
indexer,512,4096,2,32,1,772.537
indexer,512,4096,2,64,1,773.649
indexer,512,4096,2,128,1,773.45
indexer,512,4096,2,256,1,773.713
indexer,512,4096,2,512,1,773.063
indexer,512,4096,2,1024,1,773.105
indexer,512,4096,2,2048,1,794.442
indexer,512,4096,2,4096,1,803.761
indexer,512,4096,2,8192,1,807.329
indexer,512,4096,2,16384,1,821.594
indexer,512,4096,4,16,1,774.985
indexer,512,4096,4,32,1,774.345
indexer,512,4096,4,64,1,774.178
indexer,512,4096,4,128,1,773.425
indexer,512,4096,4,256,1,773.681
indexer,512,4096,4,512,1,774.041
indexer,512,4096,4,1024,1,775.601
indexer,512,4096,4,2048,1,795.577
indexer,512,4096,4,4096,1,808.386
indexer,512,4096,4,8192,1,812.922
indexer,512,4096,4,16384,1,831.673
indexer,512,4096,8,16,1,773.657
indexer,512,4096,8,32,1,773.531
indexer,512,4096,8,64,1,774.178
indexer,512,4096,8,128,1,773.353
indexer,512,4096,8,256,1,773.48
indexer,512,4096,8,512,1,774.175
indexer,512,4096,8,1024,1,776.058
indexer,512,4096,8,2048,1,798.209
indexer,512,4096,8,4096,1,811.801
indexer,512,4096,8,8192,1,821.315
indexer,512,4096,8,16384,1,853.322
indexer,512,4096,16,16,1,774.313
indexer,512,4096,16,32,1,773.976
indexer,512,4096,16,64,1,776.226
indexer,512,4096,16,128,1,776.457
indexer,512,4096,16,256,1,775.856
indexer,512,4096,16,512,1,776.499
indexer,512,4096,16,1024,1,779.178
indexer,512,4096,16,2048,1,805.864
indexer,512,4096,16,4096,1,823.474
indexer,512,4096,16,8192,1,848.665
indexer,512,4096,16,16384,1,894.545
indexer,512,4096,32,16,1,776.682
indexer,512,4096,32,32,1,776.241
indexer,512,4096,32,64,1,776.823
indexer,512,4096,32,128,1,776.913
indexer,512,4096,32,256,1,779.041
indexer,512,4096,32,512,1,780.12
indexer,512,4096,32,1024,1,784.799
indexer,512,4096,32,2048,1,835.08
indexer,512,4096,32,4096,1,875.809
indexer,512,4096,32,8192,1,923.132
indexer,512,4096,32,16384,1,1022.95
indexer,512,4096,64,16,1,778.487
indexer,512,4096,64,32,1,778.913
indexer,512,4096,64,64,1,779.21
indexer,512,4096,64,128,1,781.272
indexer,512,4096,64,256,1,783.338
indexer,512,4096,64,512,1,788.137
indexer,512,4096,64,1024,1,796.399
indexer,512,4096,64,2048,1,903.24
indexer,512,4096,64,4096,1,977.993
indexer,512,4096,64,8192,1,1080.81
indexer,512,4096,64,16384,1,1300.46
indexer,512,4096,128,16,1,783.85
indexer,512,4096,128,32,1,782.28
indexer,512,4096,128,64,1,785.072
indexer,512,4096,128,128,1,788.161
indexer,512,4096,128,256,1,791.762
indexer,512,4096,128,512,1,802.409
indexer,512,4096,128,1024,1,820.465
indexer,512,4096,128,2048,1,1011.48
indexer,512,4096,128,4096,1,1159.31
indexer,512,4096,128,8192,1,1381.83
indexer,512,4096,128,16384,1,1758.99
indexer,512,8192,0,0,1,348.184
indexer,512,8192,1,16,1,365.353
indexer,512,8192,1,32,1,364.593
indexer,512,8192,1,64,1,365.6
indexer,512,8192,1,128,1,365.705
indexer,512,8192,1,256,1,364.969
indexer,512,8192,1,512,1,364.985
indexer,512,8192,1,1024,1,365.522
indexer,512,8192,1,2048,1,386.744
indexer,512,8192,1,4096,1,395.512
indexer,512,8192,1,8192,1,397.977
indexer,512,8192,1,16384,1,409.526
indexer,512,8192,2,16,1,362.976
indexer,512,8192,2,32,1,362.807
indexer,512,8192,2,64,1,363.601
indexer,512,8192,2,128,1,364.352
indexer,512,8192,2,256,1,364.296
indexer,512,8192,2,512,1,364.864
indexer,512,8192,2,1024,1,364.098
indexer,512,8192,2,2048,1,384.56
indexer,512,8192,2,4096,1,394.729
indexer,512,8192,2,8192,1,399.466
indexer,512,8192,2,16384,1,412.319
indexer,512,8192,4,16,1,363.975
indexer,512,8192,4,32,1,363.258
indexer,512,8192,4,64,1,363.33
indexer,512,8192,4,128,1,365.065
indexer,512,8192,4,256,1,366.104
indexer,512,8192,4,512,1,366.048
indexer,512,8192,4,1024,1,366.385
indexer,512,8192,4,2048,1,386.465
indexer,512,8192,4,4096,1,396.88
indexer,512,8192,4,8192,1,404.32
indexer,512,8192,4,16384,1,421.463
indexer,512,8192,8,16,1,365.552
indexer,512,8192,8,32,1,365.137
indexer,512,8192,8,64,1,365.041
indexer,512,8192,8,128,1,365.825
indexer,512,8192,8,256,1,365.616
indexer,512,8192,8,512,1,366.72
indexer,512,8192,8,1024,1,366.392
indexer,512,8192,8,2048,1,388.28
indexer,512,8192,8,4096,1,402.352
indexer,512,8192,8,8192,1,412.481
indexer,512,8192,8,16384,1,441.545
indexer,512,8192,16,16,1,365.56
indexer,512,8192,16,32,1,364.856
indexer,512,8192,16,64,1,366.144
indexer,512,8192,16,128,1,366.88
indexer,512,8192,16,256,1,366.12
indexer,512,8192,16,512,1,367.704
indexer,512,8192,16,1024,1,369.914
indexer,512,8192,16,2048,1,396.658
indexer,512,8192,16,4096,1,413.849
indexer,512,8192,16,8192,1,437.809
indexer,512,8192,16,16384,1,485.353
indexer,512,8192,32,16,1,366.306
indexer,512,8192,32,32,1,366.952
indexer,512,8192,32,64,1,369.071
indexer,512,8192,32,128,1,368.937
indexer,512,8192,32,256,1,369.754
indexer,512,8192,32,512,1,371.65
indexer,512,8192,32,1024,1,376.049
indexer,512,8192,32,2048,1,427.152
indexer,512,8192,32,4096,1,466.344
indexer,512,8192,32,8192,1,514.592
indexer,512,8192,32,16384,1,612.738
indexer,512,8192,64,16,1,369.504
indexer,512,8192,64,32,1,368.169
indexer,512,8192,64,64,1,370.464
indexer,512,8192,64,128,1,371.241
indexer,512,8192,64,256,1,373.289
indexer,512,8192,64,512,1,378.513
indexer,512,8192,64,1024,1,387.385
indexer,512,8192,64,2048,1,477.576
indexer,512,8192,64,4096,1,567.832
indexer,512,8192,64,8192,1,667.369
indexer,512,8192,64,16384,1,889.377
indexer,512,8192,128,16,1,374.313
indexer,512,8192,128,32,1,374.664
indexer,512,8192,128,64,1,377.449
indexer,512,8192,128,128,1,379.84
indexer,512,8192,128,256,1,384.231
indexer,512,8192,128,512,1,393.009
indexer,512,8192,128,1024,1,412.135
indexer,512,8192,128,2048,1,588.055
indexer,512,8192,128,4096,1,747.545
indexer,512,8192,128,8192,1,970.993
indexer,512,8192,128,16384,1,1355.2
indexer,512,16384,0,0,1,686.497
indexer,512,16384,1,16,1,720.952
indexer,512,16384,1,32,1,720.897
indexer,512,16384,1,64,1,722.626
indexer,512,16384,1,128,1,721.859
indexer,512,16384,1,256,1,722.185
indexer,512,16384,1,512,1,722.217
indexer,512,16384,1,1024,1,722.217
indexer,512,16384,1,2048,1,743.52
indexer,512,16384,1,4096,1,750.889
indexer,512,16384,1,8192,1,756.418
indexer,512,16384,1,16384,1,767.361
indexer,512,16384,2,16,1,718.658
indexer,512,16384,2,32,1,717.968
indexer,512,16384,2,64,1,721.049
indexer,512,16384,2,128,1,721.002
indexer,512,16384,2,256,1,721.698
indexer,512,16384,2,512,1,719.145
indexer,512,16384,2,1024,1,720.345
indexer,512,16384,2,2048,1,741.768
indexer,512,16384,2,4096,1,750.642
indexer,512,16384,2,8192,1,754.338
indexer,512,16384,2,16384,1,769.577
indexer,512,16384,4,16,1,720.721
indexer,512,16384,4,32,1,719.8
indexer,512,16384,4,64,1,720.288
indexer,512,16384,4,128,1,720.352
indexer,512,16384,4,256,1,721.248
indexer,512,16384,4,512,1,720.672
indexer,512,16384,4,1024,1,722.239
indexer,512,16384,4,2048,1,741.921
indexer,512,16384,4,4096,1,755.551
indexer,512,16384,4,8192,1,759.993
indexer,512,16384,4,16384,1,778.696
indexer,512,16384,8,16,1,720.584
indexer,512,16384,8,32,1,720.073
indexer,512,16384,8,64,1,721.544
indexer,512,16384,8,128,1,720.273
indexer,512,16384,8,256,1,721.241
indexer,512,16384,8,512,1,723.249
indexer,512,16384,8,1024,1,722.808
indexer,512,16384,8,2048,1,746.842
indexer,512,16384,8,4096,1,758.738
indexer,512,16384,8,8192,1,768.562
indexer,512,16384,8,16384,1,798.439
indexer,512,16384,16,16,1,722
indexer,512,16384,16,32,1,721.962
indexer,512,16384,16,64,1,721.16
indexer,512,16384,16,128,1,722.609
indexer,512,16384,16,256,1,723.618
indexer,512,16384,16,512,1,724.689
indexer,512,16384,16,1024,1,726.25
indexer,512,16384,16,2048,1,753.455
indexer,512,16384,16,4096,1,770.665
indexer,512,16384,16,8192,1,794.458
indexer,512,16384,16,16384,1,839.034
indexer,512,16384,32,16,1,723.377
indexer,512,16384,32,32,1,723.328
indexer,512,16384,32,64,1,725.282
indexer,512,16384,32,128,1,725.385
indexer,512,16384,32,256,1,726.056
indexer,512,16384,32,512,1,729.745
indexer,512,16384,32,1024,1,732.521
indexer,512,16384,32,2048,1,785.295
indexer,512,16384,32,4096,1,823.721
indexer,512,16384,32,8192,1,868.632
indexer,512,16384,32,16384,1,958.985
indexer,512,16384,64,16,1,726.201
indexer,512,16384,64,32,1,724.705
indexer,512,16384,64,64,1,727.689
indexer,512,16384,64,128,1,728.561
indexer,512,16384,64,256,1,732.745
indexer,512,16384,64,512,1,736.592
indexer,512,16384,64,1024,1,746.407
indexer,512,16384,64,2048,1,850.6
indexer,512,16384,64,4096,1,923.28
indexer,512,16384,64,8192,1,1014.52
indexer,512,16384,64,16384,1,1239.29
indexer,512,16384,128,16,1,731.457
indexer,512,16384,128,32,1,733.698
indexer,512,16384,128,64,1,734.169
indexer,512,16384,128,128,1,737.56
indexer,512,16384,128,256,1,742.209
indexer,512,16384,128,512,1,752.369
indexer,512,16384,128,1024,1,770.537
indexer,512,16384,128,2048,1,947.994
indexer,512,16384,128,4096,1,1095.36
indexer,512,16384,128,8192,1,1323.42
indexer,512,16384,128,16384,1,1715.37
indexer,1024,0,0,0,1,87.703
indexer,1024,0,1,16,1,106.512
indexer,1024,0,1,32,1,105.705
indexer,1024,0,1,64,1,107.031
indexer,1024,0,1,128,1,106.776
indexer,1024,0,1,256,1,107.016
indexer,1024,0,1,512,1,106.944
indexer,1024,0,1,1024,1,106.999
indexer,1024,0,1,2048,1,122.304
indexer,1024,0,1,4096,1,135.224
indexer,1024,0,1,8192,1,137.041
indexer,1024,0,1,16384,1,147.776
indexer,1024,0,2,16,1,104.441
indexer,1024,0,2,32,1,104.026
indexer,1024,0,2,64,1,104.921
indexer,1024,0,2,128,1,105.127
indexer,1024,0,2,256,1,105.52
indexer,1024,0,2,512,1,104.824
indexer,1024,0,2,1024,1,105.728
indexer,1024,0,2,2048,1,126.311
indexer,1024,0,2,4096,1,135.857
indexer,1024,0,2,8192,1,138.736
indexer,1024,0,2,16384,1,153.601
indexer,1024,0,4,16,1,104.567
indexer,1024,0,4,32,1,104.897
indexer,1024,0,4,64,1,105.783
indexer,1024,0,4,128,1,105.16
indexer,1024,0,4,256,1,105.632
indexer,1024,0,4,512,1,105.831
indexer,1024,0,4,1024,1,106.626
indexer,1024,0,4,2048,1,128.207
indexer,1024,0,4,4096,1,138.288
indexer,1024,0,4,8192,1,144.505
indexer,1024,0,4,16384,1,163.377
indexer,1024,0,8,16,1,105.024
indexer,1024,0,8,32,1,104.472
indexer,1024,0,8,64,1,105.248
indexer,1024,0,8,128,1,105.593
indexer,1024,0,8,256,1,105.416
indexer,1024,0,8,512,1,106.048
indexer,1024,0,8,1024,1,107.298
indexer,1024,0,8,2048,1,129.038
indexer,1024,0,8,4096,1,143.649
indexer,1024,0,8,8192,1,153.177
indexer,1024,0,8,16384,1,182.64
indexer,1024,0,16,16,1,106.449
indexer,1024,0,16,32,1,105.952
indexer,1024,0,16,64,1,106.64
indexer,1024,0,16,128,1,106.608
indexer,1024,0,16,256,1,107.145
indexer,1024,0,16,512,1,107.945
indexer,1024,0,16,1024,1,110.343
indexer,1024,0,16,2048,1,136.455
indexer,1024,0,16,4096,1,155.209
indexer,1024,0,16,8192,1,177.466
indexer,1024,0,16,16384,1,222.481
indexer,1024,0,32,16,1,106.904
indexer,1024,0,32,32,1,107.544
indexer,1024,0,32,64,1,108.464
indexer,1024,0,32,128,1,108.783
indexer,1024,0,32,256,1,109.175
indexer,1024,0,32,512,1,111.704
indexer,1024,0,32,1024,1,115.968
indexer,1024,0,32,2048,1,165.921
indexer,1024,0,32,4096,1,205.432
indexer,1024,0,32,8192,1,251.783
indexer,1024,0,32,16384,1,359.624
indexer,1024,0,64,16,1,109.6
indexer,1024,0,64,32,1,109.991
indexer,1024,0,64,64,1,110.792
indexer,1024,0,64,128,1,112.143
indexer,1024,0,64,256,1,114.088
indexer,1024,0,64,512,1,119.319
indexer,1024,0,64,1024,1,127.209
indexer,1024,0,64,2048,1,227.28
indexer,1024,0,64,4096,1,304.833
indexer,1024,0,64,8192,1,414.464
indexer,1024,0,64,16384,1,639.33
indexer,1024,0,128,16,1,116.208
indexer,1024,0,128,32,1,115.248
indexer,1024,0,128,64,1,117.314
indexer,1024,0,128,128,1,120.793
indexer,1024,0,128,256,1,123.896
indexer,1024,0,128,512,1,133.705
indexer,1024,0,128,1024,1,151.824
indexer,1024,0,128,2048,1,331.991
indexer,1024,0,128,4096,1,493.648
indexer,1024,0,128,8192,1,718.224
indexer,1024,0,128,16384,1,1097.47
indexer,1024,16,0,0,1,93.3447
indexer,1024,16,1,16,1,111.232
indexer,1024,16,1,32,1,111.184
indexer,1024,16,1,64,1,111.489
indexer,1024,16,1,128,1,111.793
indexer,1024,16,1,256,1,111.394
indexer,1024,16,1,512,1,111.912
indexer,1024,16,1,1024,1,111.919
indexer,1024,16,1,2048,1,128.328
indexer,1024,16,1,4096,1,140.873
indexer,1024,16,1,8192,1,141.36
indexer,1024,16,1,16384,1,153.839
indexer,1024,16,2,16,1,109.647
indexer,1024,16,2,32,1,109.608
indexer,1024,16,2,64,1,109.889
indexer,1024,16,2,128,1,110.799
indexer,1024,16,2,256,1,109.846
indexer,1024,16,2,512,1,109.866
indexer,1024,16,2,1024,1,110.049
indexer,1024,16,2,2048,1,130.792
indexer,1024,16,2,4096,1,140
indexer,1024,16,2,8192,1,143.762
indexer,1024,16,2,16384,1,159.008
indexer,1024,16,4,16,1,108.792
indexer,1024,16,4,32,1,110.904
indexer,1024,16,4,64,1,110.826
indexer,1024,16,4,128,1,110.361
indexer,1024,16,4,256,1,110.831
indexer,1024,16,4,512,1,109.849
indexer,1024,16,4,1024,1,111.729
indexer,1024,16,4,2048,1,132.144
indexer,1024,16,4,4096,1,144.521
indexer,1024,16,4,8192,1,149.776
indexer,1024,16,4,16384,1,167.968
indexer,1024,16,8,16,1,110.121
indexer,1024,16,8,32,1,110.345
indexer,1024,16,8,64,1,110.375
indexer,1024,16,8,128,1,111.185
indexer,1024,16,8,256,1,111.096
indexer,1024,16,8,512,1,111.766
indexer,1024,16,8,1024,1,112.544
indexer,1024,16,8,2048,1,134.032
indexer,1024,16,8,4096,1,149.192
indexer,1024,16,8,8192,1,157.673
indexer,1024,16,8,16384,1,188.321
indexer,1024,16,16,16,1,111.223
indexer,1024,16,16,32,1,110.433
indexer,1024,16,16,64,1,111.584
indexer,1024,16,16,128,1,111.328
indexer,1024,16,16,256,1,111.641
indexer,1024,16,16,512,1,113.088
indexer,1024,16,16,1024,1,115.313
indexer,1024,16,16,2048,1,141.023
indexer,1024,16,16,4096,1,159.673
indexer,1024,16,16,8192,1,181.632
indexer,1024,16,16,16384,1,227.704
indexer,1024,16,32,16,1,113.44
indexer,1024,16,32,32,1,112.583
indexer,1024,16,32,64,1,113.177
indexer,1024,16,32,128,1,113.383
indexer,1024,16,32,256,1,113.872
indexer,1024,16,32,512,1,116.535
indexer,1024,16,32,1024,1,121.448
indexer,1024,16,32,2048,1,171.151
indexer,1024,16,32,4096,1,210.985
indexer,1024,16,32,8192,1,257.656
indexer,1024,16,32,16384,1,364.83
indexer,1024,16,64,16,1,114.264
indexer,1024,16,64,32,1,114.905
indexer,1024,16,64,64,1,116.783
indexer,1024,16,64,128,1,116.576
indexer,1024,16,64,256,1,119.656
indexer,1024,16,64,512,1,123.656
indexer,1024,16,64,1024,1,131.688
indexer,1024,16,64,2048,1,232.425
indexer,1024,16,64,4096,1,309.106
indexer,1024,16,64,8192,1,421.64
indexer,1024,16,64,16384,1,643.304
indexer,1024,16,128,16,1,120.522
indexer,1024,16,128,32,1,119.737
indexer,1024,16,128,64,1,122.311
indexer,1024,16,128,128,1,125.64
indexer,1024,16,128,256,1,129.512
indexer,1024,16,128,512,1,137.729
indexer,1024,16,128,1024,1,156.377
indexer,1024,16,128,2048,1,335.993
indexer,1024,16,128,4096,1,501.249
indexer,1024,16,128,8192,1,723.144
indexer,1024,16,128,16384,1,1102.99
indexer,1024,32,0,0,1,95.1047
indexer,1024,32,1,16,1,113.184
indexer,1024,32,1,32,1,113.201
indexer,1024,32,1,64,1,113.585
indexer,1024,32,1,128,1,113.591
indexer,1024,32,1,256,1,113.639
indexer,1024,32,1,512,1,113.872
indexer,1024,32,1,1024,1,114.424
indexer,1024,32,1,2048,1,129.874
indexer,1024,32,1,4096,1,142.993
indexer,1024,32,1,8192,1,143.12
indexer,1024,32,1,16384,1,155.232
indexer,1024,32,2,16,1,111.393
indexer,1024,32,2,32,1,111.576
indexer,1024,32,2,64,1,112.448
indexer,1024,32,2,128,1,111.977
indexer,1024,32,2,256,1,112.231
indexer,1024,32,2,512,1,112.416
indexer,1024,32,2,1024,1,112.255
indexer,1024,32,2,2048,1,133.073
indexer,1024,32,2,4096,1,142.801
indexer,1024,32,2,8192,1,145.6
indexer,1024,32,2,16384,1,160.777
indexer,1024,32,4,16,1,111.594
indexer,1024,32,4,32,1,111.601
indexer,1024,32,4,64,1,112.672
indexer,1024,32,4,128,1,112.952
indexer,1024,32,4,256,1,113.145
indexer,1024,32,4,512,1,113.072
indexer,1024,32,4,1024,1,113.592
indexer,1024,32,4,2048,1,134.64
indexer,1024,32,4,4096,1,144.927
indexer,1024,32,4,8192,1,151.64
indexer,1024,32,4,16384,1,170.192
indexer,1024,32,8,16,1,111.648
indexer,1024,32,8,32,1,112.049
indexer,1024,32,8,64,1,112.168
indexer,1024,32,8,128,1,112.896
indexer,1024,32,8,256,1,112.272
indexer,1024,32,8,512,1,113.352
indexer,1024,32,8,1024,1,114.337
indexer,1024,32,8,2048,1,135.585
indexer,1024,32,8,4096,1,149.575
indexer,1024,32,8,8192,1,160.072
indexer,1024,32,8,16384,1,189.074
indexer,1024,32,16,16,1,113.184
indexer,1024,32,16,32,1,112.328
indexer,1024,32,16,64,1,114.296
indexer,1024,32,16,128,1,113.776
indexer,1024,32,16,256,1,114.48
indexer,1024,32,16,512,1,114.64
indexer,1024,32,16,1024,1,117.593
indexer,1024,32,16,2048,1,143.898
indexer,1024,32,16,4096,1,161.623
indexer,1024,32,16,8192,1,184.311
indexer,1024,32,16,16384,1,230.258
indexer,1024,32,32,16,1,113.984
indexer,1024,32,32,32,1,114.954
indexer,1024,32,32,64,1,115.265
indexer,1024,32,32,128,1,115.814
indexer,1024,32,32,256,1,116.84
indexer,1024,32,32,512,1,120.041
indexer,1024,32,32,1024,1,123.672
indexer,1024,32,32,2048,1,173.303
indexer,1024,32,32,4096,1,211.361
indexer,1024,32,32,8192,1,258.455
indexer,1024,32,32,16384,1,366.664
indexer,1024,32,64,16,1,116.657
indexer,1024,32,64,32,1,116.007
indexer,1024,32,64,64,1,117.951
indexer,1024,32,64,128,1,118.872
indexer,1024,32,64,256,1,121.209
indexer,1024,32,64,512,1,125.488
indexer,1024,32,64,1024,1,134.255
indexer,1024,32,64,2048,1,234.417
indexer,1024,32,64,4096,1,311.897
indexer,1024,32,64,8192,1,422.273
indexer,1024,32,64,16384,1,645.69
indexer,1024,32,128,16,1,122.871
indexer,1024,32,128,32,1,121.76
indexer,1024,32,128,64,1,124.656
indexer,1024,32,128,128,1,127.559
indexer,1024,32,128,256,1,130.871
indexer,1024,32,128,512,1,140.561
indexer,1024,32,128,1024,1,158.951
indexer,1024,32,128,2048,1,338.432
indexer,1024,32,128,4096,1,502.425
indexer,1024,32,128,8192,1,724.817
indexer,1024,32,128,16384,1,1104.24
indexer,1024,64,0,0,1,95.9195
indexer,1024,64,1,16,1,113.655
indexer,1024,64,1,32,1,113.729
indexer,1024,64,1,64,1,114.609
indexer,1024,64,1,128,1,114.241
indexer,1024,64,1,256,1,114.17
indexer,1024,64,1,512,1,114.93
indexer,1024,64,1,1024,1,114.808
indexer,1024,64,1,2048,1,130.464
indexer,1024,64,1,4096,1,143.152
indexer,1024,64,1,8192,1,143.808
indexer,1024,64,1,16384,1,156.233
indexer,1024,64,2,16,1,111.333
indexer,1024,64,2,32,1,111.527
indexer,1024,64,2,64,1,112.32
indexer,1024,64,2,128,1,112.626
indexer,1024,64,2,256,1,112.08
indexer,1024,64,2,512,1,112.666
indexer,1024,64,2,1024,1,113.47
indexer,1024,64,2,2048,1,133.633
indexer,1024,64,2,4096,1,142.968
indexer,1024,64,2,8192,1,146.442
indexer,1024,64,2,16384,1,160.64
indexer,1024,64,4,16,1,112.816
indexer,1024,64,4,32,1,111.959
indexer,1024,64,4,64,1,113.632
indexer,1024,64,4,128,1,112.889
indexer,1024,64,4,256,1,112.936
indexer,1024,64,4,512,1,112.863
indexer,1024,64,4,1024,1,113.296
indexer,1024,64,4,2048,1,135.473
indexer,1024,64,4,4096,1,145.466
indexer,1024,64,4,8192,1,152.344
indexer,1024,64,4,16384,1,170.457
indexer,1024,64,8,16,1,112.32
indexer,1024,64,8,32,1,112.168
indexer,1024,64,8,64,1,112.807
indexer,1024,64,8,128,1,113.728
indexer,1024,64,8,256,1,112.904
indexer,1024,64,8,512,1,113.224
indexer,1024,64,8,1024,1,115.143
indexer,1024,64,8,2048,1,136.137
indexer,1024,64,8,4096,1,151.257
indexer,1024,64,8,8192,1,160.752
indexer,1024,64,8,16384,1,189.56
indexer,1024,64,16,16,1,113.24
indexer,1024,64,16,32,1,113.512
indexer,1024,64,16,64,1,114.6
indexer,1024,64,16,128,1,113.792
indexer,1024,64,16,256,1,114.768
indexer,1024,64,16,512,1,115.728
indexer,1024,64,16,1024,1,117.392
indexer,1024,64,16,2048,1,144.064
indexer,1024,64,16,4096,1,162.831
indexer,1024,64,16,8192,1,184.896
indexer,1024,64,16,16384,1,229.802
indexer,1024,64,32,16,1,114.656
indexer,1024,64,32,32,1,114.919
indexer,1024,64,32,64,1,115.984
indexer,1024,64,32,128,1,115.824
indexer,1024,64,32,256,1,116.856
indexer,1024,64,32,512,1,119.24
indexer,1024,64,32,1024,1,123.295
indexer,1024,64,32,2048,1,173.881
indexer,1024,64,32,4096,1,212.464
indexer,1024,64,32,8192,1,258.881
indexer,1024,64,32,16384,1,366.81
indexer,1024,64,64,16,1,116.984
indexer,1024,64,64,32,1,117.064
indexer,1024,64,64,64,1,119.177
indexer,1024,64,64,128,1,119.584
indexer,1024,64,64,256,1,122.184
indexer,1024,64,64,512,1,126.159
indexer,1024,64,64,1024,1,134.944
indexer,1024,64,64,2048,1,234.569
indexer,1024,64,64,4096,1,312.158
indexer,1024,64,64,8192,1,422.784
indexer,1024,64,64,16384,1,646.121
indexer,1024,64,128,16,1,122.441
indexer,1024,64,128,32,1,122.817
indexer,1024,64,128,64,1,124.945
indexer,1024,64,128,128,1,127.848
indexer,1024,64,128,256,1,131.201
indexer,1024,64,128,512,1,140.912
indexer,1024,64,128,1024,1,159.382
indexer,1024,64,128,2048,1,339.111
indexer,1024,64,128,4096,1,502.608
indexer,1024,64,128,8192,1,726.105
indexer,1024,64,128,16384,1,1105.78
indexer,1024,128,0,0,1,97.3673
indexer,1024,128,1,16,1,115.48
indexer,1024,128,1,32,1,115.579
indexer,1024,128,1,64,1,115.913
indexer,1024,128,1,128,1,115.808
indexer,1024,128,1,256,1,116.192
indexer,1024,128,1,512,1,116.424
indexer,1024,128,1,1024,1,116.07
indexer,1024,128,1,2048,1,132.385
indexer,1024,128,1,4096,1,145.306
indexer,1024,128,1,8192,1,145.537
indexer,1024,128,1,16384,1,157.264
indexer,1024,128,2,16,1,113.584
indexer,1024,128,2,32,1,113.568
indexer,1024,128,2,64,1,114.544
indexer,1024,128,2,128,1,113.975
indexer,1024,128,2,256,1,114.353
indexer,1024,128,2,512,1,114.016
indexer,1024,128,2,1024,1,114.56
indexer,1024,128,2,2048,1,135.928
indexer,1024,128,2,4096,1,145
indexer,1024,128,2,8192,1,148.185
indexer,1024,128,2,16384,1,162.662
indexer,1024,128,4,16,1,114.105
indexer,1024,128,4,32,1,114.368
indexer,1024,128,4,64,1,115.105
indexer,1024,128,4,128,1,115.377
indexer,1024,128,4,256,1,114.632
indexer,1024,128,4,512,1,115.248
indexer,1024,128,4,1024,1,115.312
indexer,1024,128,4,2048,1,137.031
indexer,1024,128,4,4096,1,148.391
indexer,1024,128,4,8192,1,153.857
indexer,1024,128,4,16384,1,171.992
indexer,1024,128,8,16,1,114.088
indexer,1024,128,8,32,1,113.944
indexer,1024,128,8,64,1,115.016
indexer,1024,128,8,128,1,114.897
indexer,1024,128,8,256,1,115.257
indexer,1024,128,8,512,1,115.368
indexer,1024,128,8,1024,1,116.458
indexer,1024,128,8,2048,1,138.511
indexer,1024,128,8,4096,1,153.352
indexer,1024,128,8,8192,1,163.026
indexer,1024,128,8,16384,1,191.888
indexer,1024,128,16,16,1,115.542
indexer,1024,128,16,32,1,115.256
indexer,1024,128,16,64,1,117.072
indexer,1024,128,16,128,1,116.822
indexer,1024,128,16,256,1,116.568
indexer,1024,128,16,512,1,117.272
indexer,1024,128,16,1024,1,119.721
indexer,1024,128,16,2048,1,146.056
indexer,1024,128,16,4096,1,164.911
indexer,1024,128,16,8192,1,187.287
indexer,1024,128,16,16384,1,232.544
indexer,1024,128,32,16,1,116.913
indexer,1024,128,32,32,1,117.303
indexer,1024,128,32,64,1,117.49
indexer,1024,128,32,128,1,118.001
indexer,1024,128,32,256,1,119.543
indexer,1024,128,32,512,1,121.792
indexer,1024,128,32,1024,1,125.41
indexer,1024,128,32,2048,1,175.511
indexer,1024,128,32,4096,1,213.952
indexer,1024,128,32,8192,1,261.2
indexer,1024,128,32,16384,1,369.488
indexer,1024,128,64,16,1,118.753
indexer,1024,128,64,32,1,118.577
indexer,1024,128,64,64,1,120.872
indexer,1024,128,64,128,1,121.406
indexer,1024,128,64,256,1,123.976
indexer,1024,128,64,512,1,128.593
indexer,1024,128,64,1024,1,136.857
indexer,1024,128,64,2048,1,236.48
indexer,1024,128,64,4096,1,314.432
indexer,1024,128,64,8192,1,424.256
indexer,1024,128,64,16384,1,647.905
indexer,1024,128,128,16,1,125.401
indexer,1024,128,128,32,1,124.544
indexer,1024,128,128,64,1,127.431
indexer,1024,128,128,128,1,130.024
indexer,1024,128,128,256,1,133.496
indexer,1024,128,128,512,1,142.815
indexer,1024,128,128,1024,1,160.664
indexer,1024,128,128,2048,1,341.264
indexer,1024,128,128,4096,1,504.17
indexer,1024,128,128,8192,1,726.553
indexer,1024,128,128,16384,1,1106.75
indexer,1024,256,0,0,1,105.681
indexer,1024,256,1,16,1,123.847
indexer,1024,256,1,32,1,123.697
indexer,1024,256,1,64,1,124.28
indexer,1024,256,1,128,1,124.464
indexer,1024,256,1,256,1,124.128
indexer,1024,256,1,512,1,125.481
indexer,1024,256,1,1024,1,124.609
indexer,1024,256,1,2048,1,140.856
indexer,1024,256,1,4096,1,153.967
indexer,1024,256,1,8192,1,154.505
indexer,1024,256,1,16384,1,165.257
indexer,1024,256,2,16,1,122.376
indexer,1024,256,2,32,1,121.761
indexer,1024,256,2,64,1,122.784
indexer,1024,256,2,128,1,122.353
indexer,1024,256,2,256,1,122.697
indexer,1024,256,2,512,1,123.127
indexer,1024,256,2,1024,1,123.265
indexer,1024,256,2,2048,1,143.641
indexer,1024,256,2,4096,1,153.103
indexer,1024,256,2,8192,1,156.84
indexer,1024,256,2,16384,1,170.913
indexer,1024,256,4,16,1,121.761
indexer,1024,256,4,32,1,122.361
indexer,1024,256,4,64,1,122.886
indexer,1024,256,4,128,1,123.095
indexer,1024,256,4,256,1,123.337
indexer,1024,256,4,512,1,122.633
indexer,1024,256,4,1024,1,124.313
indexer,1024,256,4,2048,1,145.329
indexer,1024,256,4,4096,1,156.064
indexer,1024,256,4,8192,1,162.944
indexer,1024,256,4,16384,1,181.137
indexer,1024,256,8,16,1,121.96
indexer,1024,256,8,32,1,122.522
indexer,1024,256,8,64,1,123.215
indexer,1024,256,8,128,1,122.48
indexer,1024,256,8,256,1,123.6
indexer,1024,256,8,512,1,123.735
indexer,1024,256,8,1024,1,125.266
indexer,1024,256,8,2048,1,146.529
indexer,1024,256,8,4096,1,161.408
indexer,1024,256,8,8192,1,170.775
indexer,1024,256,8,16384,1,200.56
indexer,1024,256,16,16,1,123.529
indexer,1024,256,16,32,1,123.512
indexer,1024,256,16,64,1,124.151
indexer,1024,256,16,128,1,124.089
indexer,1024,256,16,256,1,124.993
indexer,1024,256,16,512,1,125.439
indexer,1024,256,16,1024,1,128.088
indexer,1024,256,16,2048,1,154.424
indexer,1024,256,16,4096,1,172.753
indexer,1024,256,16,8192,1,194.649
indexer,1024,256,16,16384,1,240.177
indexer,1024,256,32,16,1,125.592
indexer,1024,256,32,32,1,125.328
indexer,1024,256,32,64,1,125.874
indexer,1024,256,32,128,1,126.578
indexer,1024,256,32,256,1,127.495
indexer,1024,256,32,512,1,128.778
indexer,1024,256,32,1024,1,133.631
indexer,1024,256,32,2048,1,184.704
indexer,1024,256,32,4096,1,222.087
indexer,1024,256,32,8192,1,268.776
indexer,1024,256,32,16384,1,377.289
indexer,1024,256,64,16,1,127.536
indexer,1024,256,64,32,1,127.281
indexer,1024,256,64,64,1,129.127
indexer,1024,256,64,128,1,129.289
indexer,1024,256,64,256,1,131.544
indexer,1024,256,64,512,1,136.601
indexer,1024,256,64,1024,1,145.072
indexer,1024,256,64,2048,1,244.825
indexer,1024,256,64,4096,1,323.409
indexer,1024,256,64,8192,1,433.041
indexer,1024,256,64,16384,1,655.993
indexer,1024,256,128,16,1,132.425
indexer,1024,256,128,32,1,132.91
indexer,1024,256,128,64,1,134.888
indexer,1024,256,128,128,1,137.48
indexer,1024,256,128,256,1,141.775
indexer,1024,256,128,512,1,150.336
indexer,1024,256,128,1024,1,169.455
indexer,1024,256,128,2048,1,355.304
indexer,1024,256,128,4096,1,512.272
indexer,1024,256,128,8192,1,734.312
indexer,1024,256,128,16384,1,1114.03
indexer,1024,512,0,0,1,120.759
indexer,1024,512,1,16,1,138.648
indexer,1024,512,1,32,1,139.496
indexer,1024,512,1,64,1,140.447
indexer,1024,512,1,128,1,139.737
indexer,1024,512,1,256,1,139.602
indexer,1024,512,1,512,1,139.864
indexer,1024,512,1,1024,1,140.08
indexer,1024,512,1,2048,1,156.071
indexer,1024,512,1,4096,1,168.4
indexer,1024,512,1,8192,1,169.457
indexer,1024,512,1,16384,1,182.409
indexer,1024,512,2,16,1,137.073
indexer,1024,512,2,32,1,137.098
indexer,1024,512,2,64,1,137.767
indexer,1024,512,2,128,1,137.808
indexer,1024,512,2,256,1,137.77
indexer,1024,512,2,512,1,138.627
indexer,1024,512,2,1024,1,137.985
indexer,1024,512,2,2048,1,158.496
indexer,1024,512,2,4096,1,168.024
indexer,1024,512,2,8192,1,171.567
indexer,1024,512,2,16384,1,185.488
indexer,1024,512,4,16,1,137.736
indexer,1024,512,4,32,1,137.641
indexer,1024,512,4,64,1,138.078
indexer,1024,512,4,128,1,138.367
indexer,1024,512,4,256,1,138.28
indexer,1024,512,4,512,1,139.04
indexer,1024,512,4,1024,1,139.265
indexer,1024,512,4,2048,1,160.422
indexer,1024,512,4,4096,1,171.128
indexer,1024,512,4,8192,1,177.52
indexer,1024,512,4,16384,1,196.849
indexer,1024,512,8,16,1,137.72
indexer,1024,512,8,32,1,137.856
indexer,1024,512,8,64,1,138.453
indexer,1024,512,8,128,1,138.808
indexer,1024,512,8,256,1,138.969
indexer,1024,512,8,512,1,139.258
indexer,1024,512,8,1024,1,140.071
indexer,1024,512,8,2048,1,161.761
indexer,1024,512,8,4096,1,176.391
indexer,1024,512,8,8192,1,186.232
indexer,1024,512,8,16384,1,214.944
indexer,1024,512,16,16,1,139.041
indexer,1024,512,16,32,1,138.976
indexer,1024,512,16,64,1,139.729
indexer,1024,512,16,128,1,139.783
indexer,1024,512,16,256,1,139.851
indexer,1024,512,16,512,1,140.928
indexer,1024,512,16,1024,1,143.041
indexer,1024,512,16,2048,1,170.064
indexer,1024,512,16,4096,1,187.72
indexer,1024,512,16,8192,1,210.306
indexer,1024,512,16,16384,1,254.777
indexer,1024,512,32,16,1,140.8
indexer,1024,512,32,32,1,141.121
indexer,1024,512,32,64,1,141.8
indexer,1024,512,32,128,1,141.889
indexer,1024,512,32,256,1,142.977
indexer,1024,512,32,512,1,145.671
indexer,1024,512,32,1024,1,149.433
indexer,1024,512,32,2048,1,200.424
indexer,1024,512,32,4096,1,237.681
indexer,1024,512,32,8192,1,284.28
indexer,1024,512,32,16384,1,392
indexer,1024,512,64,16,1,142.086
indexer,1024,512,64,32,1,142.274
indexer,1024,512,64,64,1,143.681
indexer,1024,512,64,128,1,144.304
indexer,1024,512,64,256,1,146.129
indexer,1024,512,64,512,1,151.889
indexer,1024,512,64,1024,1,159.794
indexer,1024,512,64,2048,1,266.441
indexer,1024,512,64,4096,1,337.528
indexer,1024,512,64,8192,1,445.864
indexer,1024,512,64,16384,1,670.177
indexer,1024,512,128,16,1,148.464
indexer,1024,512,128,32,1,148.281
indexer,1024,512,128,64,1,151.312
indexer,1024,512,128,128,1,153.72
indexer,1024,512,128,256,1,156.488
indexer,1024,512,128,512,1,166.224
indexer,1024,512,128,1024,1,184.959
indexer,1024,512,128,2048,1,370.951
indexer,1024,512,128,4096,1,526.162
indexer,1024,512,128,8192,1,748.658
indexer,1024,512,128,16384,1,1130.14
indexer,1024,1024,0,0,1,153.401
indexer,1024,1024,1,16,1,170.656
indexer,1024,1024,1,32,1,170.704
indexer,1024,1024,1,64,1,171.799
indexer,1024,1024,1,128,1,171.282
indexer,1024,1024,1,256,1,171.28
indexer,1024,1024,1,512,1,171.993
indexer,1024,1024,1,1024,1,171.385
indexer,1024,1024,1,2048,1,187.185
indexer,1024,1024,1,4096,1,199.961
indexer,1024,1024,1,8192,1,202.887
indexer,1024,1024,1,16384,1,213.92
indexer,1024,1024,2,16,1,168.417
indexer,1024,1024,2,32,1,168.344
indexer,1024,1024,2,64,1,168.368
indexer,1024,1024,2,128,1,169.361
indexer,1024,1024,2,256,1,168.881
indexer,1024,1024,2,512,1,169.09
indexer,1024,1024,2,1024,1,169.425
indexer,1024,1024,2,2048,1,189.664
indexer,1024,1024,2,4096,1,199.328
indexer,1024,1024,2,8192,1,203.114
indexer,1024,1024,2,16384,1,217.88
indexer,1024,1024,4,16,1,169.159
indexer,1024,1024,4,32,1,168.728
indexer,1024,1024,4,64,1,169.538
indexer,1024,1024,4,128,1,169.089
indexer,1024,1024,4,256,1,168.977
indexer,1024,1024,4,512,1,170.129
indexer,1024,1024,4,1024,1,170.471
indexer,1024,1024,4,2048,1,190.824
indexer,1024,1024,4,4096,1,201.68
indexer,1024,1024,4,8192,1,207.954
indexer,1024,1024,4,16384,1,227.312
indexer,1024,1024,8,16,1,169.192
indexer,1024,1024,8,32,1,169.809
indexer,1024,1024,8,64,1,170.136
indexer,1024,1024,8,128,1,170.154
indexer,1024,1024,8,256,1,170.576
indexer,1024,1024,8,512,1,170.679
indexer,1024,1024,8,1024,1,171.471
indexer,1024,1024,8,2048,1,193.112
indexer,1024,1024,8,4096,1,207.697
indexer,1024,1024,8,8192,1,217.568
indexer,1024,1024,8,16384,1,246.49
indexer,1024,1024,16,16,1,169.833
indexer,1024,1024,16,32,1,170.064
indexer,1024,1024,16,64,1,171.072
indexer,1024,1024,16,128,1,171.087
indexer,1024,1024,16,256,1,171.273
indexer,1024,1024,16,512,1,172.025
indexer,1024,1024,16,1024,1,174.567
indexer,1024,1024,16,2048,1,200.712
indexer,1024,1024,16,4096,1,218.464
indexer,1024,1024,16,8192,1,241.353
indexer,1024,1024,16,16384,1,286.208
indexer,1024,1024,32,16,1,171.448
indexer,1024,1024,32,32,1,171.578
indexer,1024,1024,32,64,1,172.928
indexer,1024,1024,32,128,1,172.872
indexer,1024,1024,32,256,1,174.281
indexer,1024,1024,32,512,1,176.385
indexer,1024,1024,32,1024,1,179.99
indexer,1024,1024,32,2048,1,230.553
indexer,1024,1024,32,4096,1,268.626
indexer,1024,1024,32,8192,1,314.968
indexer,1024,1024,32,16384,1,420.945
indexer,1024,1024,64,16,1,173.32
indexer,1024,1024,64,32,1,172.999
indexer,1024,1024,64,64,1,175.135
indexer,1024,1024,64,128,1,176.344
indexer,1024,1024,64,256,1,178.015
indexer,1024,1024,64,512,1,183.113
indexer,1024,1024,64,1024,1,190.816
indexer,1024,1024,64,2048,1,296.888
indexer,1024,1024,64,4096,1,368.505
indexer,1024,1024,64,8192,1,476.993
indexer,1024,1024,64,16384,1,698.827
indexer,1024,1024,128,16,1,179.152
indexer,1024,1024,128,32,1,179.433
indexer,1024,1024,128,64,1,182.007
indexer,1024,1024,128,128,1,183.322
indexer,1024,1024,128,256,1,188.272
indexer,1024,1024,128,512,1,197.216
indexer,1024,1024,128,1024,1,215.826
indexer,1024,1024,128,2048,1,394.962
indexer,1024,1024,128,4096,1,556.793
indexer,1024,1024,128,8192,1,778.075
indexer,1024,1024,128,16384,1,1161.77
indexer,1024,2048,0,0,1,659.458
indexer,1024,2048,1,16,1,676.431
indexer,1024,2048,1,32,1,676.458
indexer,1024,2048,1,64,1,677.827
indexer,1024,2048,1,128,1,676.937
indexer,1024,2048,1,256,1,677.201
indexer,1024,2048,1,512,1,676.914
indexer,1024,2048,1,1024,1,678.167
indexer,1024,2048,1,2048,1,697.409
indexer,1024,2048,1,4096,1,706.945
indexer,1024,2048,1,8192,1,709.851
indexer,1024,2048,1,16384,1,720.858
indexer,1024,2048,2,16,1,674.128
indexer,1024,2048,2,32,1,674.083
indexer,1024,2048,2,64,1,674.136
indexer,1024,2048,2,128,1,674.529
indexer,1024,2048,2,256,1,674.464
indexer,1024,2048,2,512,1,674.552
indexer,1024,2048,2,1024,1,676.233
indexer,1024,2048,2,2048,1,695.914
indexer,1024,2048,2,4096,1,705.666
indexer,1024,2048,2,8192,1,710.433
indexer,1024,2048,2,16384,1,723.249
indexer,1024,2048,4,16,1,675.433
indexer,1024,2048,4,32,1,674.792
indexer,1024,2048,4,64,1,674.952
indexer,1024,2048,4,128,1,674.817
indexer,1024,2048,4,256,1,674.849
indexer,1024,2048,4,512,1,676.122
indexer,1024,2048,4,1024,1,675.826
indexer,1024,2048,4,2048,1,696.817
indexer,1024,2048,4,4096,1,709.738
indexer,1024,2048,4,8192,1,714.745
indexer,1024,2048,4,16384,1,733.385
indexer,1024,2048,8,16,1,675.92
indexer,1024,2048,8,32,1,675.098
indexer,1024,2048,8,64,1,676.465
indexer,1024,2048,8,128,1,676.28
indexer,1024,2048,8,256,1,676.225
indexer,1024,2048,8,512,1,676.545
indexer,1024,2048,8,1024,1,677.482
indexer,1024,2048,8,2048,1,699.578
indexer,1024,2048,8,4096,1,714.072
indexer,1024,2048,8,8192,1,723.37
indexer,1024,2048,8,16384,1,753.179
indexer,1024,2048,16,16,1,676.418
indexer,1024,2048,16,32,1,675.986
indexer,1024,2048,16,64,1,676.905
indexer,1024,2048,16,128,1,677.856
indexer,1024,2048,16,256,1,676.898
indexer,1024,2048,16,512,1,679.058
indexer,1024,2048,16,1024,1,680.617
indexer,1024,2048,16,2048,1,706.961
indexer,1024,2048,16,4096,1,724.434
indexer,1024,2048,16,8192,1,748.032
indexer,1024,2048,16,16384,1,793.705
indexer,1024,2048,32,16,1,678.81
indexer,1024,2048,32,32,1,677.666
indexer,1024,2048,32,64,1,678.768
indexer,1024,2048,32,128,1,678.953
indexer,1024,2048,32,256,1,679.344
indexer,1024,2048,32,512,1,681.993
indexer,1024,2048,32,1024,1,686.793
indexer,1024,2048,32,2048,1,736.481
indexer,1024,2048,32,4096,1,775.241
indexer,1024,2048,32,8192,1,822.209
indexer,1024,2048,32,16384,1,924.65
indexer,1024,2048,64,16,1,676.722
indexer,1024,2048,64,32,1,677.817
indexer,1024,2048,64,64,1,679.473
indexer,1024,2048,64,128,1,679.995
indexer,1024,2048,64,256,1,684.057
indexer,1024,2048,64,512,1,686.25
indexer,1024,2048,64,1024,1,695.409
indexer,1024,2048,64,2048,1,801.921
indexer,1024,2048,64,4096,1,870.473
indexer,1024,2048,64,8192,1,976.77
indexer,1024,2048,64,16384,1,1198.73
indexer,1024,2048,128,16,1,682.136
indexer,1024,2048,128,32,1,682.129
indexer,1024,2048,128,64,1,684.595
indexer,1024,2048,128,128,1,688.313
indexer,1024,2048,128,256,1,691.674
indexer,1024,2048,128,512,1,701.033
indexer,1024,2048,128,1024,1,719.895
indexer,1024,2048,128,2048,1,898.233
indexer,1024,2048,128,4096,1,1054.58
indexer,1024,2048,128,8192,1,1277.55
indexer,1024,2048,128,16384,1,1664.27
indexer,1024,4096,0,0,1,623.321
indexer,1024,4096,1,16,1,571.33
indexer,1024,4096,1,32,1,571.448
indexer,1024,4096,1,64,1,571.465
indexer,1024,4096,1,128,1,571.513
indexer,1024,4096,1,256,1,572.024
indexer,1024,4096,1,512,1,571.152
indexer,1024,4096,1,1024,1,572.303
indexer,1024,4096,1,2048,1,591.963
indexer,1024,4096,1,4096,1,601.592
indexer,1024,4096,1,8192,1,603.073
indexer,1024,4096,1,16384,1,615.603
indexer,1024,4096,2,16,1,569.065
indexer,1024,4096,2,32,1,569.281
indexer,1024,4096,2,64,1,568.874
indexer,1024,4096,2,128,1,569.345
indexer,1024,4096,2,256,1,569.946
indexer,1024,4096,2,512,1,569.872
indexer,1024,4096,2,1024,1,570.417
indexer,1024,4096,2,2048,1,590.137
indexer,1024,4096,2,4096,1,600.088
indexer,1024,4096,2,8192,1,604.336
indexer,1024,4096,2,16384,1,618.713
indexer,1024,4096,4,16,1,568.579
indexer,1024,4096,4,32,1,569.121
indexer,1024,4096,4,64,1,569.553
indexer,1024,4096,4,128,1,568.744
indexer,1024,4096,4,256,1,569.633
indexer,1024,4096,4,512,1,568.919
indexer,1024,4096,4,1024,1,570.226
indexer,1024,4096,4,2048,1,590.794
indexer,1024,4096,4,4096,1,602.304
indexer,1024,4096,4,8192,1,608.098
indexer,1024,4096,4,16384,1,627.68
indexer,1024,4096,8,16,1,569.48
indexer,1024,4096,8,32,1,568.217
indexer,1024,4096,8,64,1,569.441
indexer,1024,4096,8,128,1,570.321
indexer,1024,4096,8,256,1,570.263
indexer,1024,4096,8,512,1,570.56
indexer,1024,4096,8,1024,1,571.617
indexer,1024,4096,8,2048,1,593.457
indexer,1024,4096,8,4096,1,606.864
indexer,1024,4096,8,8192,1,616.529
indexer,1024,4096,8,16384,1,646.889
indexer,1024,4096,16,16,1,569.665
indexer,1024,4096,16,32,1,570.193
indexer,1024,4096,16,64,1,570.72
indexer,1024,4096,16,128,1,570.465
indexer,1024,4096,16,256,1,571.29
indexer,1024,4096,16,512,1,572.736
indexer,1024,4096,16,1024,1,573.754
indexer,1024,4096,16,2048,1,600.768
indexer,1024,4096,16,4096,1,618.44
indexer,1024,4096,16,8192,1,641.872
indexer,1024,4096,16,16384,1,686.475
indexer,1024,4096,32,16,1,572.161
indexer,1024,4096,32,32,1,571.337
indexer,1024,4096,32,64,1,572.504
indexer,1024,4096,32,128,1,572.727
indexer,1024,4096,32,256,1,574.825
indexer,1024,4096,32,512,1,575.92
indexer,1024,4096,32,1024,1,579.897
indexer,1024,4096,32,2048,1,631.713
indexer,1024,4096,32,4096,1,669.337
indexer,1024,4096,32,8192,1,715.505
indexer,1024,4096,32,16384,1,810.762
indexer,1024,4096,64,16,1,572.352
indexer,1024,4096,64,32,1,571.737
indexer,1024,4096,64,64,1,574.33
indexer,1024,4096,64,128,1,574.273
indexer,1024,4096,64,256,1,576.458
indexer,1024,4096,64,512,1,581.904
indexer,1024,4096,64,1024,1,590.379
indexer,1024,4096,64,2048,1,681.146
indexer,1024,4096,64,4096,1,766.729
indexer,1024,4096,64,8192,1,864.473
indexer,1024,4096,64,16384,1,1085.58
indexer,1024,4096,128,16,1,577.994
indexer,1024,4096,128,32,1,577.73
indexer,1024,4096,128,64,1,580.639
indexer,1024,4096,128,128,1,583.058
indexer,1024,4096,128,256,1,586.369
indexer,1024,4096,128,512,1,595.936
indexer,1024,4096,128,1024,1,615.05
indexer,1024,4096,128,2048,1,788.17
indexer,1024,4096,128,4096,1,943.258
indexer,1024,4096,128,8192,1,1167.64
indexer,1024,4096,128,16384,1,1559.29
indexer,1024,8192,0,0,1,694.841
indexer,1024,8192,1,16,1,713.914
indexer,1024,8192,1,32,1,715.153
indexer,1024,8192,1,64,1,714.6
indexer,1024,8192,1,128,1,714.785
indexer,1024,8192,1,256,1,714.304
indexer,1024,8192,1,512,1,713.587
indexer,1024,8192,1,1024,1,713.41
indexer,1024,8192,1,2048,1,735.77
indexer,1024,8192,1,4096,1,745.218
indexer,1024,8192,1,8192,1,746.801
indexer,1024,8192,1,16384,1,759.41
indexer,1024,8192,2,16,1,711.779
indexer,1024,8192,2,32,1,710.68
indexer,1024,8192,2,64,1,711.497
indexer,1024,8192,2,128,1,711.824
indexer,1024,8192,2,256,1,711.649
indexer,1024,8192,2,512,1,712.635
indexer,1024,8192,2,1024,1,712.425
indexer,1024,8192,2,2048,1,733.56
indexer,1024,8192,2,4096,1,743.928
indexer,1024,8192,2,8192,1,746.906
indexer,1024,8192,2,16384,1,760.947
indexer,1024,8192,4,16,1,712.019
indexer,1024,8192,4,32,1,711.897
indexer,1024,8192,4,64,1,711.639
indexer,1024,8192,4,128,1,712.474
indexer,1024,8192,4,256,1,713.802
indexer,1024,8192,4,512,1,713.361
indexer,1024,8192,4,1024,1,712.538
indexer,1024,8192,4,2048,1,734.417
indexer,1024,8192,4,4096,1,744.801
indexer,1024,8192,4,8192,1,751.138
indexer,1024,8192,4,16384,1,771.826
indexer,1024,8192,8,16,1,713.313
indexer,1024,8192,8,32,1,711.121
indexer,1024,8192,8,64,1,713.241
indexer,1024,8192,8,128,1,714.298
indexer,1024,8192,8,256,1,713.865
indexer,1024,8192,8,512,1,713.753
indexer,1024,8192,8,1024,1,714.553
indexer,1024,8192,8,2048,1,737.353
indexer,1024,8192,8,4096,1,752.377
indexer,1024,8192,8,8192,1,761.747
indexer,1024,8192,8,16384,1,790.618
indexer,1024,8192,16,16,1,711.729
indexer,1024,8192,16,32,1,711.776
indexer,1024,8192,16,64,1,713.281
indexer,1024,8192,16,128,1,713.809
indexer,1024,8192,16,256,1,714.882
indexer,1024,8192,16,512,1,715.752
indexer,1024,8192,16,1024,1,718.281
indexer,1024,8192,16,2048,1,744.689
indexer,1024,8192,16,4096,1,762.304
indexer,1024,8192,16,8192,1,786.305
indexer,1024,8192,16,16384,1,829.882
indexer,1024,8192,32,16,1,715.313
indexer,1024,8192,32,32,1,713.658
indexer,1024,8192,32,64,1,714.992
indexer,1024,8192,32,128,1,716.049
indexer,1024,8192,32,256,1,717.44
indexer,1024,8192,32,512,1,719.618
indexer,1024,8192,32,1024,1,723.739
indexer,1024,8192,32,2048,1,777.282
indexer,1024,8192,32,4096,1,812.985
indexer,1024,8192,32,8192,1,858.033
indexer,1024,8192,32,16384,1,948.251
indexer,1024,8192,64,16,1,717.481
indexer,1024,8192,64,32,1,717.394
indexer,1024,8192,64,64,1,718.528
indexer,1024,8192,64,128,1,720.216
indexer,1024,8192,64,256,1,721.161
indexer,1024,8192,64,512,1,726.057
indexer,1024,8192,64,1024,1,737.139
indexer,1024,8192,64,2048,1,824.065
indexer,1024,8192,64,4096,1,912.433
indexer,1024,8192,64,8192,1,1003.66
indexer,1024,8192,64,16384,1,1228.92
indexer,1024,8192,128,16,1,723.512
indexer,1024,8192,128,32,1,725.747
indexer,1024,8192,128,64,1,725.521
indexer,1024,8192,128,128,1,727.416
indexer,1024,8192,128,256,1,732.554
indexer,1024,8192,128,512,1,742.673
indexer,1024,8192,128,1024,1,761.187
indexer,1024,8192,128,2048,1,935.394
indexer,1024,8192,128,4096,1,1085.68
indexer,1024,8192,128,8192,1,1312.41
indexer,1024,8192,128,16384,1,1708.54
indexer,1024,16384,0,0,1,1419.01
indexer,1024,16384,1,16,1,1432.05
indexer,1024,16384,1,32,1,1441.7
indexer,1024,16384,1,64,1,1441.85
indexer,1024,16384,1,128,1,1438.74
indexer,1024,16384,1,256,1,1437.14
indexer,1024,16384,1,512,1,1441.26
indexer,1024,16384,1,1024,1,1440.14
indexer,1024,16384,1,2048,1,1467.14
indexer,1024,16384,1,4096,1,1464.46
indexer,1024,16384,1,8192,1,1470.48
indexer,1024,16384,1,16384,1,1484.15
indexer,1024,16384,2,16,1,1439.75
indexer,1024,16384,2,32,1,1435.46
indexer,1024,16384,2,64,1,1431.47
indexer,1024,16384,2,128,1,1439.73
indexer,1024,16384,2,256,1,1440.72
indexer,1024,16384,2,512,1,1436.07
indexer,1024,16384,2,1024,1,1433.69
indexer,1024,16384,2,2048,1,1454.06
indexer,1024,16384,2,4096,1,1464.59
indexer,1024,16384,2,8192,1,1474.8
indexer,1024,16384,2,16384,1,1482.64
indexer,1024,16384,4,16,1,1447.66
indexer,1024,16384,4,32,1,1438.07
indexer,1024,16384,4,64,1,1425.86
indexer,1024,16384,4,128,1,1438.58
indexer,1024,16384,4,256,1,1439.04
indexer,1024,16384,4,512,1,1429.29
indexer,1024,16384,4,1024,1,1433.76
indexer,1024,16384,4,2048,1,1456.01
indexer,1024,16384,4,4096,1,1477.91
indexer,1024,16384,4,8192,1,1487.45
indexer,1024,16384,4,16384,1,1503.9
indexer,1024,16384,8,16,1,1434.12
indexer,1024,16384,8,32,1,1437.45
indexer,1024,16384,8,64,1,1434.31
indexer,1024,16384,8,128,1,1433.99
indexer,1024,16384,8,256,1,1438.47
indexer,1024,16384,8,512,1,1439.71
indexer,1024,16384,8,1024,1,1444.72
indexer,1024,16384,8,2048,1,1468.22
indexer,1024,16384,8,4096,1,1473.73
indexer,1024,16384,8,8192,1,1491.37
indexer,1024,16384,8,16384,1,1515.91
indexer,1024,16384,16,16,1,1432.95
indexer,1024,16384,16,32,1,1437.05
indexer,1024,16384,16,64,1,1432.79
indexer,1024,16384,16,128,1,1442.67
indexer,1024,16384,16,256,1,1434
indexer,1024,16384,16,512,1,1436.71
indexer,1024,16384,16,1024,1,1444.71
indexer,1024,16384,16,2048,1,1465.92
indexer,1024,16384,16,4096,1,1492.39
indexer,1024,16384,16,8192,1,1517.33
indexer,1024,16384,16,16384,1,1558.07
indexer,1024,16384,32,16,1,1436.77
indexer,1024,16384,32,32,1,1440.23
indexer,1024,16384,32,64,1,1445.08
indexer,1024,16384,32,128,1,1436.53
indexer,1024,16384,32,256,1,1437.73
indexer,1024,16384,32,512,1,1444.15
indexer,1024,16384,32,1024,1,1442.41
indexer,1024,16384,32,2048,1,1508.87
indexer,1024,16384,32,4096,1,1542.23
indexer,1024,16384,32,8192,1,1590.64
indexer,1024,16384,32,16384,1,1685.71
indexer,1024,16384,64,16,1,1429.77
indexer,1024,16384,64,32,1,1438.37
indexer,1024,16384,64,64,1,1434.03
indexer,1024,16384,64,128,1,1432.91
indexer,1024,16384,64,256,1,1438.08
indexer,1024,16384,64,512,1,1457.38
indexer,1024,16384,64,1024,1,1460.45
indexer,1024,16384,64,2048,1,1563.75
indexer,1024,16384,64,4096,1,1634.03
indexer,1024,16384,64,8192,1,1738.59
indexer,1024,16384,64,16384,1,1963.89
indexer,1024,16384,128,16,1,1448.28
indexer,1024,16384,128,32,1,1433.35
indexer,1024,16384,128,64,1,1447.8
indexer,1024,16384,128,128,1,1452.06
indexer,1024,16384,128,256,1,1454.72
indexer,1024,16384,128,512,1,1462.66
indexer,1024,16384,128,1024,1,1484.15
indexer,1024,16384,128,2048,1,1672.43
indexer,1024,16384,128,4096,1,1814.59
indexer,1024,16384,128,8192,1,2045.5
indexer,1024,16384,128,16384,1,2431.6
indexer,2048,0,0,0,1,194.664
indexer,2048,0,1,16,1,212.248
indexer,2048,0,1,32,1,212.576
indexer,2048,0,1,64,1,212.721
indexer,2048,0,1,128,1,212.624
indexer,2048,0,1,256,1,212.879
indexer,2048,0,1,512,1,212.696
indexer,2048,0,1,1024,1,213.096
indexer,2048,0,1,2048,1,228.65
indexer,2048,0,1,4096,1,240.986
indexer,2048,0,1,8192,1,241.607
indexer,2048,0,1,16384,1,253.602
indexer,2048,0,2,16,1,209.881
indexer,2048,0,2,32,1,210.105
indexer,2048,0,2,64,1,210.409
indexer,2048,0,2,128,1,210.506
indexer,2048,0,2,256,1,211.464
indexer,2048,0,2,512,1,210.945
indexer,2048,0,2,1024,1,211.136
indexer,2048,0,2,2048,1,231.393
indexer,2048,0,2,4096,1,239.257
indexer,2048,0,2,8192,1,245.298
indexer,2048,0,2,16384,1,259.377
indexer,2048,0,4,16,1,209.833
indexer,2048,0,4,32,1,211.328
indexer,2048,0,4,64,1,211.137
indexer,2048,0,4,128,1,211.281
indexer,2048,0,4,256,1,210.737
indexer,2048,0,4,512,1,212.248
indexer,2048,0,4,1024,1,212.497
indexer,2048,0,4,2048,1,233.127
indexer,2048,0,4,4096,1,243.92
indexer,2048,0,4,8192,1,251.072
indexer,2048,0,4,16384,1,269.2
indexer,2048,0,8,16,1,211.178
indexer,2048,0,8,32,1,210.673
indexer,2048,0,8,64,1,211.169
indexer,2048,0,8,128,1,210.945
indexer,2048,0,8,256,1,211.73
indexer,2048,0,8,512,1,212.248
indexer,2048,0,8,1024,1,212.833
indexer,2048,0,8,2048,1,234.848
indexer,2048,0,8,4096,1,249.433
indexer,2048,0,8,8192,1,259.153
indexer,2048,0,8,16384,1,287.866
indexer,2048,0,16,16,1,211.48
indexer,2048,0,16,32,1,211.817
indexer,2048,0,16,64,1,212.544
indexer,2048,0,16,128,1,212.913
indexer,2048,0,16,256,1,213.265
indexer,2048,0,16,512,1,214.608
indexer,2048,0,16,1024,1,216.825
indexer,2048,0,16,2048,1,242.841
indexer,2048,0,16,4096,1,260.809
indexer,2048,0,16,8192,1,283.353
indexer,2048,0,16,16384,1,327.913
indexer,2048,0,32,16,1,212.744
indexer,2048,0,32,32,1,212.433
indexer,2048,0,32,64,1,214.584
indexer,2048,0,32,128,1,214.953
indexer,2048,0,32,256,1,215.625
indexer,2048,0,32,512,1,217.569
indexer,2048,0,32,1024,1,222.376
indexer,2048,0,32,2048,1,272.249
indexer,2048,0,32,4096,1,310.688
indexer,2048,0,32,8192,1,356.17
indexer,2048,0,32,16384,1,446.138
indexer,2048,0,64,16,1,216.639
indexer,2048,0,64,32,1,216.256
indexer,2048,0,64,64,1,218.082
indexer,2048,0,64,128,1,219.201
indexer,2048,0,64,256,1,221.249
indexer,2048,0,64,512,1,225.617
indexer,2048,0,64,1024,1,234.568
indexer,2048,0,64,2048,1,333.075
indexer,2048,0,64,4096,1,408.592
indexer,2048,0,64,8192,1,499.944
indexer,2048,0,64,16384,1,725.826
indexer,2048,0,128,16,1,221.352
indexer,2048,0,128,32,1,220.353
indexer,2048,0,128,64,1,223.479
indexer,2048,0,128,128,1,226.585
indexer,2048,0,128,256,1,230.521
indexer,2048,0,128,512,1,239.377
indexer,2048,0,128,1024,1,257.783
indexer,2048,0,128,2048,1,434.058
indexer,2048,0,128,4096,1,580.777
indexer,2048,0,128,8192,1,805.57
indexer,2048,0,128,16384,1,1202.34
indexer,2048,16,0,0,1,223.441
indexer,2048,16,1,16,1,239.161
indexer,2048,16,1,32,1,238.666
indexer,2048,16,1,64,1,240.602
indexer,2048,16,1,128,1,237.873
indexer,2048,16,1,256,1,239.738
indexer,2048,16,1,512,1,240.234
indexer,2048,16,1,1024,1,240.113
indexer,2048,16,1,2048,1,255.952
indexer,2048,16,1,4096,1,267.615
indexer,2048,16,1,8192,1,270.002
indexer,2048,16,1,16384,1,281.184
indexer,2048,16,2,16,1,237.921
indexer,2048,16,2,32,1,237.96
indexer,2048,16,2,64,1,239.712
indexer,2048,16,2,128,1,237.623
indexer,2048,16,2,256,1,237.562
indexer,2048,16,2,512,1,238.345
indexer,2048,16,2,1024,1,239.143
indexer,2048,16,2,2048,1,259.008
indexer,2048,16,2,4096,1,267.84
indexer,2048,16,2,8192,1,271.072
indexer,2048,16,2,16384,1,287.912
indexer,2048,16,4,16,1,237.569
indexer,2048,16,4,32,1,238.769
indexer,2048,16,4,64,1,238.808
indexer,2048,16,4,128,1,238.984
indexer,2048,16,4,256,1,240.505
indexer,2048,16,4,512,1,239.776
indexer,2048,16,4,1024,1,239.104
indexer,2048,16,4,2048,1,262.009
indexer,2048,16,4,4096,1,272.696
indexer,2048,16,4,8192,1,278.555
indexer,2048,16,4,16384,1,299.704
indexer,2048,16,8,16,1,237.841
indexer,2048,16,8,32,1,239.104
indexer,2048,16,8,64,1,239.399
indexer,2048,16,8,128,1,238.424
indexer,2048,16,8,256,1,239.513
indexer,2048,16,8,512,1,240.312
indexer,2048,16,8,1024,1,240.593
indexer,2048,16,8,2048,1,263.944
indexer,2048,16,8,4096,1,274.985
indexer,2048,16,8,8192,1,288.418
indexer,2048,16,8,16384,1,317.378
indexer,2048,16,16,16,1,239.818
indexer,2048,16,16,32,1,239.312
indexer,2048,16,16,64,1,239.77
indexer,2048,16,16,128,1,240.8
indexer,2048,16,16,256,1,241.345
indexer,2048,16,16,512,1,240.536
indexer,2048,16,16,1024,1,244.953
indexer,2048,16,16,2048,1,271.512
indexer,2048,16,16,4096,1,289.082
indexer,2048,16,16,8192,1,311.689
indexer,2048,16,16,16384,1,355.448
indexer,2048,16,32,16,1,242.025
indexer,2048,16,32,32,1,241.696
indexer,2048,16,32,64,1,242.264
indexer,2048,16,32,128,1,243.825
indexer,2048,16,32,256,1,243.625
indexer,2048,16,32,512,1,246.327
indexer,2048,16,32,1024,1,250.152
indexer,2048,16,32,2048,1,299.865
indexer,2048,16,32,4096,1,338.48
indexer,2048,16,32,8192,1,384.209
indexer,2048,16,32,16384,1,474.145
indexer,2048,16,64,16,1,246.897
indexer,2048,16,64,32,1,243.537
indexer,2048,16,64,64,1,245.345
indexer,2048,16,64,128,1,247.056
indexer,2048,16,64,256,1,248.93
indexer,2048,16,64,512,1,253.153
indexer,2048,16,64,1024,1,262.889
indexer,2048,16,64,2048,1,361.673
indexer,2048,16,64,4096,1,436.456
indexer,2048,16,64,8192,1,527.795
indexer,2048,16,64,16384,1,752.209
indexer,2048,16,128,16,1,249.304
indexer,2048,16,128,32,1,247.867
indexer,2048,16,128,64,1,252.017
indexer,2048,16,128,128,1,254.351
indexer,2048,16,128,256,1,259.296
indexer,2048,16,128,512,1,268.2
indexer,2048,16,128,1024,1,286.497
indexer,2048,16,128,2048,1,466.984
indexer,2048,16,128,4096,1,608.473
indexer,2048,16,128,8192,1,835.283
indexer,2048,16,128,16384,1,1230.48
indexer,2048,32,0,0,1,228.481
indexer,2048,32,1,16,1,244.887
indexer,2048,32,1,32,1,244.313
indexer,2048,32,1,64,1,243.12
indexer,2048,32,1,128,1,242.745
indexer,2048,32,1,256,1,245.113
indexer,2048,32,1,512,1,242.92
indexer,2048,32,1,1024,1,244.785
indexer,2048,32,1,2048,1,262.393
indexer,2048,32,1,4096,1,272.6
indexer,2048,32,1,8192,1,274.185
indexer,2048,32,1,16384,1,287.024
indexer,2048,32,2,16,1,243.769
indexer,2048,32,2,32,1,242.625
indexer,2048,32,2,64,1,242.97
indexer,2048,32,2,128,1,242.407
indexer,2048,32,2,256,1,242.472
indexer,2048,32,2,512,1,242.232
indexer,2048,32,2,1024,1,244.218
indexer,2048,32,2,2048,1,263.393
indexer,2048,32,2,4096,1,272.665
indexer,2048,32,2,8192,1,276.17
indexer,2048,32,2,16384,1,289.545
indexer,2048,32,4,16,1,244.192
indexer,2048,32,4,32,1,244.801
indexer,2048,32,4,64,1,243.984
indexer,2048,32,4,128,1,244.512
indexer,2048,32,4,256,1,244.272
indexer,2048,32,4,512,1,244.592
indexer,2048,32,4,1024,1,244.505
indexer,2048,32,4,2048,1,266.537
indexer,2048,32,4,4096,1,276.608
indexer,2048,32,4,8192,1,282.531
indexer,2048,32,4,16384,1,303.591
indexer,2048,32,8,16,1,243.433
indexer,2048,32,8,32,1,246.736
indexer,2048,32,8,64,1,245.457
indexer,2048,32,8,128,1,243.809
indexer,2048,32,8,256,1,242.937
indexer,2048,32,8,512,1,243.888
indexer,2048,32,8,1024,1,245.56
indexer,2048,32,8,2048,1,267.897
indexer,2048,32,8,4096,1,281.217
indexer,2048,32,8,8192,1,291.353
indexer,2048,32,8,16384,1,318.719
indexer,2048,32,16,16,1,245.409
indexer,2048,32,16,32,1,245.625
indexer,2048,32,16,64,1,245.279
indexer,2048,32,16,128,1,247.031
indexer,2048,32,16,256,1,247.249
indexer,2048,32,16,512,1,245.65
indexer,2048,32,16,1024,1,249.569
indexer,2048,32,16,2048,1,273.658
indexer,2048,32,16,4096,1,294.537
indexer,2048,32,16,8192,1,316.016
indexer,2048,32,16,16384,1,360.32
indexer,2048,32,32,16,1,245.496
indexer,2048,32,32,32,1,245.329
indexer,2048,32,32,64,1,247.183
indexer,2048,32,32,128,1,247.201
indexer,2048,32,32,256,1,248.681
indexer,2048,32,32,512,1,249.928
indexer,2048,32,32,1024,1,254.561
indexer,2048,32,32,2048,1,305.353
indexer,2048,32,32,4096,1,344.04
indexer,2048,32,32,8192,1,388.146
indexer,2048,32,32,16384,1,479.33
indexer,2048,32,64,16,1,251.312
indexer,2048,32,64,32,1,248.682
indexer,2048,32,64,64,1,251.568
indexer,2048,32,64,128,1,249.432
indexer,2048,32,64,256,1,252.57
indexer,2048,32,64,512,1,255.849
indexer,2048,32,64,1024,1,267.736
indexer,2048,32,64,2048,1,366.402
indexer,2048,32,64,4096,1,442.361
indexer,2048,32,64,8192,1,534.945
indexer,2048,32,64,16384,1,755.954
indexer,2048,32,128,16,1,254.01
indexer,2048,32,128,32,1,254.177
indexer,2048,32,128,64,1,254.904
indexer,2048,32,128,128,1,258.344
indexer,2048,32,128,256,1,262.257
indexer,2048,32,128,512,1,270.209
indexer,2048,32,128,1024,1,290.361
indexer,2048,32,128,2048,1,469.592
indexer,2048,32,128,4096,1,612.289
indexer,2048,32,128,8192,1,835.626
indexer,2048,32,128,16384,1,1235.48
indexer,2048,64,0,0,1,235.423
indexer,2048,64,1,16,1,251.544
indexer,2048,64,1,32,1,250.689
indexer,2048,64,1,64,1,251.145
indexer,2048,64,1,128,1,251.865
indexer,2048,64,1,256,1,251.904
indexer,2048,64,1,512,1,252.496
indexer,2048,64,1,1024,1,252.377
indexer,2048,64,1,2048,1,267.049
indexer,2048,64,1,4096,1,279.65
indexer,2048,64,1,8192,1,281.72
indexer,2048,64,1,16384,1,294.865
indexer,2048,64,2,16,1,249.177
indexer,2048,64,2,32,1,250.185
indexer,2048,64,2,64,1,251.311
indexer,2048,64,2,128,1,249.529
indexer,2048,64,2,256,1,250.056
indexer,2048,64,2,512,1,250.33
indexer,2048,64,2,1024,1,250.202
indexer,2048,64,2,2048,1,271.113
indexer,2048,64,2,4096,1,277.929
indexer,2048,64,2,8192,1,284.026
indexer,2048,64,2,16384,1,299.103
indexer,2048,64,4,16,1,250.585
indexer,2048,64,4,32,1,250.152
indexer,2048,64,4,64,1,251.23
indexer,2048,64,4,128,1,251.264
indexer,2048,64,4,256,1,251.184
indexer,2048,64,4,512,1,251.369
indexer,2048,64,4,1024,1,252.427
indexer,2048,64,4,2048,1,272.489
indexer,2048,64,4,4096,1,283.321
indexer,2048,64,4,8192,1,291.328
indexer,2048,64,4,16384,1,309.105
indexer,2048,64,8,16,1,250.92
indexer,2048,64,8,32,1,252.017
indexer,2048,64,8,64,1,250.567
indexer,2048,64,8,128,1,250.858
indexer,2048,64,8,256,1,251.528
indexer,2048,64,8,512,1,252.999
indexer,2048,64,8,1024,1,253.178
indexer,2048,64,8,2048,1,274.601
indexer,2048,64,8,4096,1,289.209
indexer,2048,64,8,8192,1,300.274
indexer,2048,64,8,16384,1,328.626
indexer,2048,64,16,16,1,251.026
indexer,2048,64,16,32,1,251.538
indexer,2048,64,16,64,1,251.713
indexer,2048,64,16,128,1,254.033
indexer,2048,64,16,256,1,252.84
indexer,2048,64,16,512,1,254.504
indexer,2048,64,16,1024,1,255.391
indexer,2048,64,16,2048,1,284.112
indexer,2048,64,16,4096,1,300.426
indexer,2048,64,16,8192,1,323.938
indexer,2048,64,16,16384,1,367.354
indexer,2048,64,32,16,1,253.361
indexer,2048,64,32,32,1,251.327
indexer,2048,64,32,64,1,254.801
indexer,2048,64,32,128,1,254.883
indexer,2048,64,32,256,1,256.017
indexer,2048,64,32,512,1,257.291
indexer,2048,64,32,1024,1,261.817
indexer,2048,64,32,2048,1,311.906
indexer,2048,64,32,4096,1,349.561
indexer,2048,64,32,8192,1,394.857
indexer,2048,64,32,16384,1,485.346
indexer,2048,64,64,16,1,256.888
indexer,2048,64,64,32,1,256.248
indexer,2048,64,64,64,1,258.113
indexer,2048,64,64,128,1,259.856
indexer,2048,64,64,256,1,259.863
indexer,2048,64,64,512,1,266.714
indexer,2048,64,64,1024,1,274.993
indexer,2048,64,64,2048,1,373.393
indexer,2048,64,64,4096,1,449.506
indexer,2048,64,64,8192,1,539
indexer,2048,64,64,16384,1,763.857
indexer,2048,64,128,16,1,261.543
indexer,2048,64,128,32,1,260.52
indexer,2048,64,128,64,1,263.384
indexer,2048,64,128,128,1,267.672
indexer,2048,64,128,256,1,267.465
indexer,2048,64,128,512,1,279.312
indexer,2048,64,128,1024,1,297.713
indexer,2048,64,128,2048,1,478.993
indexer,2048,64,128,4096,1,619.497
indexer,2048,64,128,8192,1,844.529
indexer,2048,64,128,16384,1,1242.49
indexer,2048,128,0,0,1,248.951
indexer,2048,128,1,16,1,264.904
indexer,2048,128,1,32,1,267.999
indexer,2048,128,1,64,1,263.601
indexer,2048,128,1,128,1,265.522
indexer,2048,128,1,256,1,267.44
indexer,2048,128,1,512,1,265.353
indexer,2048,128,1,1024,1,267.121
indexer,2048,128,1,2048,1,282.847
indexer,2048,128,1,4096,1,294.257
indexer,2048,128,1,8192,1,297.073
indexer,2048,128,1,16384,1,305.746
indexer,2048,128,2,16,1,264.457
indexer,2048,128,2,32,1,263.375
indexer,2048,128,2,64,1,263.129
indexer,2048,128,2,128,1,262.944
indexer,2048,128,2,256,1,262.12
indexer,2048,128,2,512,1,266.138
indexer,2048,128,2,1024,1,267.04
indexer,2048,128,2,2048,1,286.08
indexer,2048,128,2,4096,1,292.656
indexer,2048,128,2,8192,1,298.656
indexer,2048,128,2,16384,1,314.353
indexer,2048,128,4,16,1,266
indexer,2048,128,4,32,1,264.417
indexer,2048,128,4,64,1,262.408
indexer,2048,128,4,128,1,266.185
indexer,2048,128,4,256,1,266.288
indexer,2048,128,4,512,1,266.288
indexer,2048,128,4,1024,1,265.599
indexer,2048,128,4,2048,1,286.026
indexer,2048,128,4,4096,1,300.633
indexer,2048,128,4,8192,1,304.721
indexer,2048,128,4,16384,1,325.297
indexer,2048,128,8,16,1,264.703
indexer,2048,128,8,32,1,264.544
indexer,2048,128,8,64,1,266.152
indexer,2048,128,8,128,1,268.098
indexer,2048,128,8,256,1,267.369
indexer,2048,128,8,512,1,266.065
indexer,2048,128,8,1024,1,269.465
indexer,2048,128,8,2048,1,288.017
indexer,2048,128,8,4096,1,303.594
indexer,2048,128,8,8192,1,314.362
indexer,2048,128,8,16384,1,339.552
indexer,2048,128,16,16,1,266.978
indexer,2048,128,16,32,1,265.704
indexer,2048,128,16,64,1,269.809
indexer,2048,128,16,128,1,268.737
indexer,2048,128,16,256,1,267.416
indexer,2048,128,16,512,1,269.953
indexer,2048,128,16,1024,1,268.712
indexer,2048,128,16,2048,1,299.449
indexer,2048,128,16,4096,1,315.401
indexer,2048,128,16,8192,1,336.76
indexer,2048,128,16,16384,1,383.145
indexer,2048,128,32,16,1,265.744
indexer,2048,128,32,32,1,266.844
indexer,2048,128,32,64,1,269.56
indexer,2048,128,32,128,1,269.256
indexer,2048,128,32,256,1,271.048
indexer,2048,128,32,512,1,270.68
indexer,2048,128,32,1024,1,275.913
indexer,2048,128,32,2048,1,327.625
indexer,2048,128,32,4096,1,365.098
indexer,2048,128,32,8192,1,412.306
indexer,2048,128,32,16384,1,500.209
indexer,2048,128,64,16,1,269.76
indexer,2048,128,64,32,1,268.785
indexer,2048,128,64,64,1,273.576
indexer,2048,128,64,128,1,273.201
indexer,2048,128,64,256,1,275.399
indexer,2048,128,64,512,1,281.145
indexer,2048,128,64,1024,1,288.512
indexer,2048,128,64,2048,1,387.978
indexer,2048,128,64,4096,1,461.169
indexer,2048,128,64,8192,1,552.006
indexer,2048,128,64,16384,1,779.443
indexer,2048,128,128,16,1,276.913
indexer,2048,128,128,32,1,277.44
indexer,2048,128,128,64,1,277.361
indexer,2048,128,128,128,1,281.464
indexer,2048,128,128,256,1,285.937
indexer,2048,128,128,512,1,292.218
indexer,2048,128,128,1024,1,312.568
indexer,2048,128,128,2048,1,492.817
indexer,2048,128,128,4096,1,634.89
indexer,2048,128,128,8192,1,858.161
indexer,2048,128,128,16384,1,1257
indexer,2048,256,0,0,1,288.449
indexer,2048,256,1,16,1,305.143
indexer,2048,256,1,32,1,305.512
indexer,2048,256,1,64,1,307.008
indexer,2048,256,1,128,1,307.073
indexer,2048,256,1,256,1,306.513
indexer,2048,256,1,512,1,305.416
indexer,2048,256,1,1024,1,306.097
indexer,2048,256,1,2048,1,321.969
indexer,2048,256,1,4096,1,336.49
indexer,2048,256,1,8192,1,336.411
indexer,2048,256,1,16384,1,347.497
indexer,2048,256,2,16,1,305.817
indexer,2048,256,2,32,1,303.833
indexer,2048,256,2,64,1,306.304
indexer,2048,256,2,128,1,305.311
indexer,2048,256,2,256,1,304.337
indexer,2048,256,2,512,1,304.049
indexer,2048,256,2,1024,1,305.729
indexer,2048,256,2,2048,1,325.767
indexer,2048,256,2,4096,1,334.697
indexer,2048,256,2,8192,1,338.713
indexer,2048,256,2,16384,1,352.082
indexer,2048,256,4,16,1,304.632
indexer,2048,256,4,32,1,304.112
indexer,2048,256,4,64,1,306.457
indexer,2048,256,4,128,1,307.6
indexer,2048,256,4,256,1,306.649
indexer,2048,256,4,512,1,305.145
indexer,2048,256,4,1024,1,307.753
indexer,2048,256,4,2048,1,328.529
indexer,2048,256,4,4096,1,339.089
indexer,2048,256,4,8192,1,346.385
indexer,2048,256,4,16384,1,366.439
indexer,2048,256,8,16,1,303.624
indexer,2048,256,8,32,1,306.201
indexer,2048,256,8,64,1,305.503
indexer,2048,256,8,128,1,306.809
indexer,2048,256,8,256,1,308.952
indexer,2048,256,8,512,1,308.138
indexer,2048,256,8,1024,1,306.784
indexer,2048,256,8,2048,1,329.705
indexer,2048,256,8,4096,1,344.929
indexer,2048,256,8,8192,1,352.777
indexer,2048,256,8,16384,1,383.032
indexer,2048,256,16,16,1,306.713
indexer,2048,256,16,32,1,306.024
indexer,2048,256,16,64,1,306.52
indexer,2048,256,16,128,1,306.002
indexer,2048,256,16,256,1,308.192
indexer,2048,256,16,512,1,307.904
indexer,2048,256,16,1024,1,309.04
indexer,2048,256,16,2048,1,337.239
indexer,2048,256,16,4096,1,355.21
indexer,2048,256,16,8192,1,379.064
indexer,2048,256,16,16384,1,421.634
indexer,2048,256,32,16,1,306.113
indexer,2048,256,32,32,1,308.17
indexer,2048,256,32,64,1,309.633
indexer,2048,256,32,128,1,308.752
indexer,2048,256,32,256,1,309.089
indexer,2048,256,32,512,1,313.529
indexer,2048,256,32,1024,1,318.962
indexer,2048,256,32,2048,1,366.612
indexer,2048,256,32,4096,1,406.064
indexer,2048,256,32,8192,1,452.106
indexer,2048,256,32,16384,1,540.993
indexer,2048,256,64,16,1,312.433
indexer,2048,256,64,32,1,310.345
indexer,2048,256,64,64,1,314.824
indexer,2048,256,64,128,1,313.657
indexer,2048,256,64,256,1,316.865
indexer,2048,256,64,512,1,321.216
indexer,2048,256,64,1024,1,328.311
indexer,2048,256,64,2048,1,428.216
indexer,2048,256,64,4096,1,506.921
indexer,2048,256,64,8192,1,594.882
indexer,2048,256,64,16384,1,820.579
indexer,2048,256,128,16,1,316.513
indexer,2048,256,128,32,1,315.595
indexer,2048,256,128,64,1,316.362
indexer,2048,256,128,128,1,319.922
indexer,2048,256,128,256,1,322.985
indexer,2048,256,128,512,1,334.176
indexer,2048,256,128,1024,1,350.391
indexer,2048,256,128,2048,1,528.61
indexer,2048,256,128,4096,1,676.618
indexer,2048,256,128,8192,1,899.553
indexer,2048,256,128,16384,1,1296.79
indexer,2048,512,0,0,1,346.225
indexer,2048,512,1,16,1,362.912
indexer,2048,512,1,32,1,363.601
indexer,2048,512,1,64,1,364.368
indexer,2048,512,1,128,1,364.233
indexer,2048,512,1,256,1,363.928
indexer,2048,512,1,512,1,363.729
indexer,2048,512,1,1024,1,363.121
indexer,2048,512,1,2048,1,379.529
indexer,2048,512,1,4096,1,393.168
indexer,2048,512,1,8192,1,393.514
indexer,2048,512,1,16384,1,405.943
indexer,2048,512,2,16,1,360.616
indexer,2048,512,2,32,1,360.201
indexer,2048,512,2,64,1,361.848
indexer,2048,512,2,128,1,361.403
indexer,2048,512,2,256,1,361.968
indexer,2048,512,2,512,1,360.217
indexer,2048,512,2,1024,1,361.825
indexer,2048,512,2,2048,1,383.344
indexer,2048,512,2,4096,1,391.419
indexer,2048,512,2,8192,1,396.154
indexer,2048,512,2,16384,1,409.928
indexer,2048,512,4,16,1,360.505
indexer,2048,512,4,32,1,362.448
indexer,2048,512,4,64,1,361.842
indexer,2048,512,4,128,1,362.064
indexer,2048,512,4,256,1,362.866
indexer,2048,512,4,512,1,363.168
indexer,2048,512,4,1024,1,363.4
indexer,2048,512,4,2048,1,383.721
indexer,2048,512,4,4096,1,395.248
indexer,2048,512,4,8192,1,402.705
indexer,2048,512,4,16384,1,421.465
indexer,2048,512,8,16,1,361.858
indexer,2048,512,8,32,1,361.208
indexer,2048,512,8,64,1,362.474
indexer,2048,512,8,128,1,362.776
indexer,2048,512,8,256,1,362
indexer,2048,512,8,512,1,362.753
indexer,2048,512,8,1024,1,363.355
indexer,2048,512,8,2048,1,385.393
indexer,2048,512,8,4096,1,399.376
indexer,2048,512,8,8192,1,410.208
indexer,2048,512,8,16384,1,439.13
indexer,2048,512,16,16,1,362.184
indexer,2048,512,16,32,1,363.05
indexer,2048,512,16,64,1,363.713
indexer,2048,512,16,128,1,363.61
indexer,2048,512,16,256,1,363.28
indexer,2048,512,16,512,1,363.943
indexer,2048,512,16,1024,1,366.753
indexer,2048,512,16,2048,1,394.247
indexer,2048,512,16,4096,1,412.015
indexer,2048,512,16,8192,1,434.081
indexer,2048,512,16,16384,1,477.683
indexer,2048,512,32,16,1,366.026
indexer,2048,512,32,32,1,364.824
indexer,2048,512,32,64,1,366.249
indexer,2048,512,32,128,1,365.713
indexer,2048,512,32,256,1,365.426
indexer,2048,512,32,512,1,368.144
indexer,2048,512,32,1024,1,374.745
indexer,2048,512,32,2048,1,424.361
indexer,2048,512,32,4096,1,461.801
indexer,2048,512,32,8192,1,508.37
indexer,2048,512,32,16384,1,596.714
indexer,2048,512,64,16,1,366.527
indexer,2048,512,64,32,1,366.626
indexer,2048,512,64,64,1,368.568
indexer,2048,512,64,128,1,369.409
indexer,2048,512,64,256,1,371.93
indexer,2048,512,64,512,1,376.728
indexer,2048,512,64,1024,1,385.864
indexer,2048,512,64,2048,1,482.72
indexer,2048,512,64,4096,1,561.514
indexer,2048,512,64,8192,1,651.066
indexer,2048,512,64,16384,1,875.265
indexer,2048,512,128,16,1,372.777
indexer,2048,512,128,32,1,371.938
indexer,2048,512,128,64,1,375.344
indexer,2048,512,128,128,1,377.786
indexer,2048,512,128,256,1,381.969
indexer,2048,512,128,512,1,390.042
indexer,2048,512,128,1024,1,410.003
indexer,2048,512,128,2048,1,587.417
indexer,2048,512,128,4096,1,730.025
indexer,2048,512,128,8192,1,958.666
indexer,2048,512,128,16384,1,1352.27
indexer,2048,1024,0,0,1,432.066
indexer,2048,1024,1,16,1,750.562
indexer,2048,1024,1,32,1,751.346
indexer,2048,1024,1,64,1,749.904
indexer,2048,1024,1,128,1,752.346
indexer,2048,1024,1,256,1,750.873
indexer,2048,1024,1,512,1,752.216
indexer,2048,1024,1,1024,1,751.12
indexer,2048,1024,1,2048,1,770.075
indexer,2048,1024,1,4096,1,776.419
indexer,2048,1024,1,8192,1,783.681
indexer,2048,1024,1,16384,1,794.619
indexer,2048,1024,2,16,1,748.243
indexer,2048,1024,2,32,1,746.265
indexer,2048,1024,2,64,1,747.081
indexer,2048,1024,2,128,1,748.898
indexer,2048,1024,2,256,1,749.162
indexer,2048,1024,2,512,1,747.842
indexer,2048,1024,2,1024,1,748.091
indexer,2048,1024,2,2048,1,769.108
indexer,2048,1024,2,4096,1,778.698
indexer,2048,1024,2,8192,1,784.363
indexer,2048,1024,2,16384,1,796.316
indexer,2048,1024,4,16,1,747.171
indexer,2048,1024,4,32,1,746.785
indexer,2048,1024,4,64,1,750.09
indexer,2048,1024,4,128,1,749.417
indexer,2048,1024,4,256,1,748.658
indexer,2048,1024,4,512,1,749.273
indexer,2048,1024,4,1024,1,750.65
indexer,2048,1024,4,2048,1,769.449
indexer,2048,1024,4,4096,1,784.265
indexer,2048,1024,4,8192,1,787.69
indexer,2048,1024,4,16384,1,809.34
indexer,2048,1024,8,16,1,750.145
indexer,2048,1024,8,32,1,746.505
indexer,2048,1024,8,64,1,745.555
indexer,2048,1024,8,128,1,747.825
indexer,2048,1024,8,256,1,747.442
indexer,2048,1024,8,512,1,748.802
indexer,2048,1024,8,1024,1,750.264
indexer,2048,1024,8,2048,1,772.242
indexer,2048,1024,8,4096,1,787.114
indexer,2048,1024,8,8192,1,798.594
indexer,2048,1024,8,16384,1,826.635
indexer,2048,1024,16,16,1,745.89
indexer,2048,1024,16,32,1,749.251
indexer,2048,1024,16,64,1,753.425
indexer,2048,1024,16,128,1,752.345
indexer,2048,1024,16,256,1,748.02
indexer,2048,1024,16,512,1,753.777
indexer,2048,1024,16,1024,1,752.961
indexer,2048,1024,16,2048,1,781.258
indexer,2048,1024,16,4096,1,800.376
indexer,2048,1024,16,8192,1,824.147
indexer,2048,1024,16,16384,1,865.091
indexer,2048,1024,32,16,1,750.064
indexer,2048,1024,32,32,1,750.14
indexer,2048,1024,32,64,1,749.92
indexer,2048,1024,32,128,1,754.602
indexer,2048,1024,32,256,1,751.889
indexer,2048,1024,32,512,1,756.612
indexer,2048,1024,32,1024,1,762.194
indexer,2048,1024,32,2048,1,810.41
indexer,2048,1024,32,4096,1,846.834
indexer,2048,1024,32,8192,1,896.01
indexer,2048,1024,32,16384,1,982.186
indexer,2048,1024,64,16,1,754.274
indexer,2048,1024,64,32,1,753.769
indexer,2048,1024,64,64,1,755.097
indexer,2048,1024,64,128,1,755.25
indexer,2048,1024,64,256,1,759.346
indexer,2048,1024,64,512,1,762.154
indexer,2048,1024,64,1024,1,774.834
indexer,2048,1024,64,2048,1,874.092
indexer,2048,1024,64,4096,1,949.577
indexer,2048,1024,64,8192,1,1039.3
indexer,2048,1024,64,16384,1,1262.69
indexer,2048,1024,128,16,1,757.976
indexer,2048,1024,128,32,1,757.065
indexer,2048,1024,128,64,1,763.275
indexer,2048,1024,128,128,1,765.025
indexer,2048,1024,128,256,1,770.041
indexer,2048,1024,128,512,1,776.321
indexer,2048,1024,128,1024,1,796.986
indexer,2048,1024,128,2048,1,979.251
indexer,2048,1024,128,4096,1,1121.04
indexer,2048,1024,128,8192,1,1344.14
indexer,2048,1024,128,16384,1,1741.28
indexer,2048,2048,0,0,1,549.058
indexer,2048,2048,1,16,1,834.185
indexer,2048,2048,1,32,1,834.417
indexer,2048,2048,1,64,1,834.537
indexer,2048,2048,1,128,1,834.132
indexer,2048,2048,1,256,1,833.666
indexer,2048,2048,1,512,1,833.426
indexer,2048,2048,1,1024,1,834.082
indexer,2048,2048,1,2048,1,855.49
indexer,2048,2048,1,4096,1,861.289
indexer,2048,2048,1,8192,1,867.032
indexer,2048,2048,1,16384,1,876.562
indexer,2048,2048,2,16,1,832.809
indexer,2048,2048,2,32,1,831.858
indexer,2048,2048,2,64,1,833.281
indexer,2048,2048,2,128,1,833.377
indexer,2048,2048,2,256,1,831.665
indexer,2048,2048,2,512,1,832.723
indexer,2048,2048,2,1024,1,832.681
indexer,2048,2048,2,2048,1,855.177
indexer,2048,2048,2,4096,1,863.163
indexer,2048,2048,2,8192,1,866.986
indexer,2048,2048,2,16384,1,882.819
indexer,2048,2048,4,16,1,833.035
indexer,2048,2048,4,32,1,832.113
indexer,2048,2048,4,64,1,833.528
indexer,2048,2048,4,128,1,832.45
indexer,2048,2048,4,256,1,833.09
indexer,2048,2048,4,512,1,833.826
indexer,2048,2048,4,1024,1,834.922
indexer,2048,2048,4,2048,1,855.657
indexer,2048,2048,4,4096,1,867.362
indexer,2048,2048,4,8192,1,874.649
indexer,2048,2048,4,16384,1,897.088
indexer,2048,2048,8,16,1,833.707
indexer,2048,2048,8,32,1,833.217
indexer,2048,2048,8,64,1,835.523
indexer,2048,2048,8,128,1,833.497
indexer,2048,2048,8,256,1,835.307
indexer,2048,2048,8,512,1,833.211
indexer,2048,2048,8,1024,1,836.275
indexer,2048,2048,8,2048,1,857.987
indexer,2048,2048,8,4096,1,874.075
indexer,2048,2048,8,8192,1,884.426
indexer,2048,2048,8,16384,1,913.25
indexer,2048,2048,16,16,1,834.674
indexer,2048,2048,16,32,1,832.514
indexer,2048,2048,16,64,1,835.569
indexer,2048,2048,16,128,1,835.123
indexer,2048,2048,16,256,1,834.915
indexer,2048,2048,16,512,1,837.69
indexer,2048,2048,16,1024,1,841.824
indexer,2048,2048,16,2048,1,866.555
indexer,2048,2048,16,4096,1,885.85
indexer,2048,2048,16,8192,1,909.666
indexer,2048,2048,16,16384,1,954.443
indexer,2048,2048,32,16,1,836.378
indexer,2048,2048,32,32,1,835.777
indexer,2048,2048,32,64,1,836.633
indexer,2048,2048,32,128,1,837.713
indexer,2048,2048,32,256,1,839.059
indexer,2048,2048,32,512,1,841.027
indexer,2048,2048,32,1024,1,846.929
indexer,2048,2048,32,2048,1,898.786
indexer,2048,2048,32,4096,1,937.826
indexer,2048,2048,32,8192,1,982.338
indexer,2048,2048,32,16384,1,1070.64
indexer,2048,2048,64,16,1,839.233
indexer,2048,2048,64,32,1,840.403
indexer,2048,2048,64,64,1,842.066
indexer,2048,2048,64,128,1,840.714
indexer,2048,2048,64,256,1,844.891
indexer,2048,2048,64,512,1,850.69
indexer,2048,2048,64,1024,1,858.882
indexer,2048,2048,64,2048,1,965.314
indexer,2048,2048,64,4096,1,1034.78
indexer,2048,2048,64,8192,1,1124.88
indexer,2048,2048,64,16384,1,1350.75
indexer,2048,2048,128,16,1,843.706
indexer,2048,2048,128,32,1,844.771
indexer,2048,2048,128,64,1,847.658
indexer,2048,2048,128,128,1,852.099
indexer,2048,2048,128,256,1,856.314
indexer,2048,2048,128,512,1,866.097
indexer,2048,2048,128,1024,1,883.323
indexer,2048,2048,128,2048,1,1069.83
indexer,2048,2048,128,4096,1,1206.19
indexer,2048,2048,128,8192,1,1433.61
indexer,2048,2048,128,16384,1,1829.56
indexer,2048,4096,0,0,1,761.53
indexer,2048,4096,1,16,1,780.354
indexer,2048,4096,1,32,1,779.21
indexer,2048,4096,1,64,1,780.753
indexer,2048,4096,1,128,1,779.864
indexer,2048,4096,1,256,1,779.274
indexer,2048,4096,1,512,1,780.706
indexer,2048,4096,1,1024,1,781.635
indexer,2048,4096,1,2048,1,801.834
indexer,2048,4096,1,4096,1,809.003
indexer,2048,4096,1,8192,1,811.266
indexer,2048,4096,1,16384,1,826.242
indexer,2048,4096,2,16,1,777.745
indexer,2048,4096,2,32,1,778.241
indexer,2048,4096,2,64,1,777.562
indexer,2048,4096,2,128,1,779.393
indexer,2048,4096,2,256,1,779.321
indexer,2048,4096,2,512,1,779.115
indexer,2048,4096,2,1024,1,779.092
indexer,2048,4096,2,2048,1,800.65
indexer,2048,4096,2,4096,1,810.897
indexer,2048,4096,2,8192,1,813.842
indexer,2048,4096,2,16384,1,831.753
indexer,2048,4096,4,16,1,779.026
indexer,2048,4096,4,32,1,779.161
indexer,2048,4096,4,64,1,779.138
indexer,2048,4096,4,128,1,778.609
indexer,2048,4096,4,256,1,779.497
indexer,2048,4096,4,512,1,780.274
indexer,2048,4096,4,1024,1,780.899
indexer,2048,4096,4,2048,1,800.417
indexer,2048,4096,4,4096,1,813.769
indexer,2048,4096,4,8192,1,822.53
indexer,2048,4096,4,16384,1,845.698
indexer,2048,4096,8,16,1,777.45
indexer,2048,4096,8,32,1,778.747
indexer,2048,4096,8,64,1,779.297
indexer,2048,4096,8,128,1,780.29
indexer,2048,4096,8,256,1,779.705
indexer,2048,4096,8,512,1,779.418
indexer,2048,4096,8,1024,1,782.129
indexer,2048,4096,8,2048,1,803.938
indexer,2048,4096,8,4096,1,821.53
indexer,2048,4096,8,8192,1,832.228
indexer,2048,4096,8,16384,1,861.858
indexer,2048,4096,16,16,1,779.53
indexer,2048,4096,16,32,1,779.825
indexer,2048,4096,16,64,1,780.947
indexer,2048,4096,16,128,1,781.844
indexer,2048,4096,16,256,1,781.25
indexer,2048,4096,16,512,1,783.378
indexer,2048,4096,16,1024,1,785.592
indexer,2048,4096,16,2048,1,815.042
indexer,2048,4096,16,4096,1,836.953
indexer,2048,4096,16,8192,1,860.13
indexer,2048,4096,16,16384,1,903.155
indexer,2048,4096,32,16,1,782.338
indexer,2048,4096,32,32,1,783.05
indexer,2048,4096,32,64,1,783.12
indexer,2048,4096,32,128,1,782.627
indexer,2048,4096,32,256,1,786.106
indexer,2048,4096,32,512,1,788.866
indexer,2048,4096,32,1024,1,794.963
indexer,2048,4096,32,2048,1,846.953
indexer,2048,4096,32,4096,1,888.633
indexer,2048,4096,32,8192,1,931.858
indexer,2048,4096,32,16384,1,1021.76
indexer,2048,4096,64,16,1,785.106
indexer,2048,4096,64,32,1,784.72
indexer,2048,4096,64,64,1,786.681
indexer,2048,4096,64,128,1,788.921
indexer,2048,4096,64,256,1,789.745
indexer,2048,4096,64,512,1,798.115
indexer,2048,4096,64,1024,1,809.681
indexer,2048,4096,64,2048,1,898.643
indexer,2048,4096,64,4096,1,984.914
indexer,2048,4096,64,8192,1,1077.16
indexer,2048,4096,64,16384,1,1304.35
indexer,2048,4096,128,16,1,791.156
indexer,2048,4096,128,32,1,789.923
indexer,2048,4096,128,64,1,794.186
indexer,2048,4096,128,128,1,796.665
indexer,2048,4096,128,256,1,803.481
indexer,2048,4096,128,512,1,815.673
indexer,2048,4096,128,1024,1,833.618
indexer,2048,4096,128,2048,1,1020.8
indexer,2048,4096,128,4096,1,1157.77
indexer,2048,4096,128,8192,1,1385.84
indexer,2048,4096,128,16384,1,1778.88
indexer,2048,8192,0,0,1,1539.08
indexer,2048,8192,1,16,1,1559.43
indexer,2048,8192,1,32,1,1559.27
indexer,2048,8192,1,64,1,1559.22
indexer,2048,8192,1,128,1,1557.24
indexer,2048,8192,1,256,1,1557.13
indexer,2048,8192,1,512,1,1560.29
indexer,2048,8192,1,1024,1,1559.18
indexer,2048,8192,1,2048,1,1582.11
indexer,2048,8192,1,4096,1,1588.43
indexer,2048,8192,1,8192,1,1591.5
indexer,2048,8192,1,16384,1,1607.52
indexer,2048,8192,2,16,1,1555.77
indexer,2048,8192,2,32,1,1556.35
indexer,2048,8192,2,64,1,1558.15
indexer,2048,8192,2,128,1,1559.38
indexer,2048,8192,2,256,1,1557.05
indexer,2048,8192,2,512,1,1557.89
indexer,2048,8192,2,1024,1,1556.53
indexer,2048,8192,2,2048,1,1577.63
indexer,2048,8192,2,4096,1,1587.59
indexer,2048,8192,2,8192,1,1595.09
indexer,2048,8192,2,16384,1,1608.85
indexer,2048,8192,4,16,1,1558.65
indexer,2048,8192,4,32,1,1557.67
indexer,2048,8192,4,64,1,1559.32
indexer,2048,8192,4,128,1,1558.65
indexer,2048,8192,4,256,1,1560.44
indexer,2048,8192,4,512,1,1558.18
indexer,2048,8192,4,1024,1,1560.83
indexer,2048,8192,4,2048,1,1581.6
indexer,2048,8192,4,4096,1,1592.89
indexer,2048,8192,4,8192,1,1601.22
indexer,2048,8192,4,16384,1,1628.78
indexer,2048,8192,8,16,1,1556.52
indexer,2048,8192,8,32,1,1556.09
indexer,2048,8192,8,64,1,1558.8
indexer,2048,8192,8,128,1,1556.76
indexer,2048,8192,8,256,1,1561.6
indexer,2048,8192,8,512,1,1557.71
indexer,2048,8192,8,1024,1,1559.6
indexer,2048,8192,8,2048,1,1584.59
indexer,2048,8192,8,4096,1,1599.18
indexer,2048,8192,8,8192,1,1610.87
indexer,2048,8192,8,16384,1,1639.1
indexer,2048,8192,16,16,1,1559
indexer,2048,8192,16,32,1,1558.7
indexer,2048,8192,16,64,1,1557.62
indexer,2048,8192,16,128,1,1560.24
indexer,2048,8192,16,256,1,1559.64
indexer,2048,8192,16,512,1,1561.52
indexer,2048,8192,16,1024,1,1567.11
indexer,2048,8192,16,2048,1,1591.37
indexer,2048,8192,16,4096,1,1612.67
indexer,2048,8192,16,8192,1,1636.7
indexer,2048,8192,16,16384,1,1679.11
indexer,2048,8192,32,16,1,1561.24
indexer,2048,8192,32,32,1,1560.28
indexer,2048,8192,32,64,1,1561.17
indexer,2048,8192,32,128,1,1563.08
indexer,2048,8192,32,256,1,1565
indexer,2048,8192,32,512,1,1567.1
indexer,2048,8192,32,1024,1,1574.64
indexer,2048,8192,32,2048,1,1627.43
indexer,2048,8192,32,4096,1,1664.92
indexer,2048,8192,32,8192,1,1709.89
indexer,2048,8192,32,16384,1,1806.98
indexer,2048,8192,64,16,1,1562.52
indexer,2048,8192,64,32,1,1565.88
indexer,2048,8192,64,64,1,1566.56
indexer,2048,8192,64,128,1,1564.7
indexer,2048,8192,64,256,1,1570.54
indexer,2048,8192,64,512,1,1575.63
indexer,2048,8192,64,1024,1,1587.11
indexer,2048,8192,64,2048,1,1674.73
indexer,2048,8192,64,4096,1,1763.55
indexer,2048,8192,64,8192,1,1862.35
indexer,2048,8192,64,16384,1,2091.89
indexer,2048,8192,128,16,1,1569.49
indexer,2048,8192,128,32,1,1570.9
indexer,2048,8192,128,64,1,1569.98
indexer,2048,8192,128,128,1,1574.79
indexer,2048,8192,128,256,1,1579.3
indexer,2048,8192,128,512,1,1591.01
indexer,2048,8192,128,1024,1,1606.96
indexer,2048,8192,128,2048,1,1770.73
indexer,2048,8192,128,4096,1,1940.26
indexer,2048,8192,128,8192,1,2172.02
indexer,2048,8192,128,16384,1,2557.54
indexer,2048,16384,0,0,1,2488.8
indexer,2048,16384,1,16,1,2510.36
indexer,2048,16384,1,32,1,2508.99
indexer,2048,16384,1,64,1,2514.14
indexer,2048,16384,1,128,1,2504.98
indexer,2048,16384,1,256,1,2505.41
indexer,2048,16384,1,512,1,2514.77
indexer,2048,16384,1,1024,1,2515.23
indexer,2048,16384,1,2048,1,2538.25
indexer,2048,16384,1,4096,1,2541.48
indexer,2048,16384,1,8192,1,2541.38
indexer,2048,16384,1,16384,1,2559.59
indexer,2048,16384,2,16,1,2512.66
indexer,2048,16384,2,32,1,2508.45
indexer,2048,16384,2,64,1,2507.25
indexer,2048,16384,2,128,1,2514.41
indexer,2048,16384,2,256,1,2514.3
indexer,2048,16384,2,512,1,2517.5
indexer,2048,16384,2,1024,1,2506.22
indexer,2048,16384,2,2048,1,2528.78
indexer,2048,16384,2,4096,1,2541.94
indexer,2048,16384,2,8192,1,2544.25
indexer,2048,16384,2,16384,1,2563.87
indexer,2048,16384,4,16,1,2506.2
indexer,2048,16384,4,32,1,2507.84
indexer,2048,16384,4,64,1,2506.49
indexer,2048,16384,4,128,1,2506.92
indexer,2048,16384,4,256,1,2512.52
indexer,2048,16384,4,512,1,2511.96
indexer,2048,16384,4,1024,1,2508.04
indexer,2048,16384,4,2048,1,2539.53
indexer,2048,16384,4,4096,1,2542.21
indexer,2048,16384,4,8192,1,2550.46
indexer,2048,16384,4,16384,1,2571.48
indexer,2048,16384,8,16,1,2511.76
indexer,2048,16384,8,32,1,2517.24
indexer,2048,16384,8,64,1,2507.42
indexer,2048,16384,8,128,1,2508.69
indexer,2048,16384,8,256,1,2516.47
indexer,2048,16384,8,512,1,2512.45
indexer,2048,16384,8,1024,1,2512.79
indexer,2048,16384,8,2048,1,2534.56
indexer,2048,16384,8,4096,1,2550.25
indexer,2048,16384,8,8192,1,2560.37
indexer,2048,16384,8,16384,1,2591.68
indexer,2048,16384,16,16,1,2512.81
indexer,2048,16384,16,32,1,2508.43
indexer,2048,16384,16,64,1,2520.3
indexer,2048,16384,16,128,1,2514.15
indexer,2048,16384,16,256,1,2518.12
indexer,2048,16384,16,512,1,2518.19
indexer,2048,16384,16,1024,1,2517.92
indexer,2048,16384,16,2048,1,2551.15
indexer,2048,16384,16,4096,1,2559.86
indexer,2048,16384,16,8192,1,2590.37
indexer,2048,16384,16,16384,1,2635.93
indexer,2048,16384,32,16,1,2518.2
indexer,2048,16384,32,32,1,2512.24
indexer,2048,16384,32,64,1,2511.9
indexer,2048,16384,32,128,1,2518.58
indexer,2048,16384,32,256,1,2515.57
indexer,2048,16384,32,512,1,2522.6
indexer,2048,16384,32,1024,1,2522.13
indexer,2048,16384,32,2048,1,2571.17
indexer,2048,16384,32,4096,1,2614.08
indexer,2048,16384,32,8192,1,2671.22
indexer,2048,16384,32,16384,1,2762.47
indexer,2048,16384,64,16,1,2523.68
indexer,2048,16384,64,32,1,2515.21
indexer,2048,16384,64,64,1,2517.29
indexer,2048,16384,64,128,1,2516.28
indexer,2048,16384,64,256,1,2521.64
indexer,2048,16384,64,512,1,2524.77
indexer,2048,16384,64,1024,1,2534.89
indexer,2048,16384,64,2048,1,2635.39
indexer,2048,16384,64,4096,1,2720.11
indexer,2048,16384,64,8192,1,2811.62
indexer,2048,16384,64,16384,1,3021.97
indexer,2048,16384,128,16,1,2524.44
indexer,2048,16384,128,32,1,2525.23
indexer,2048,16384,128,64,1,2524.56
indexer,2048,16384,128,128,1,2525.8
indexer,2048,16384,128,256,1,2527.54
indexer,2048,16384,128,512,1,2539.36
indexer,2048,16384,128,1024,1,2561.17
indexer,2048,16384,128,2048,1,2741.1
indexer,2048,16384,128,4096,1,2900.87
indexer,2048,16384,128,8192,1,3100.2
indexer,2048,16384,128,16384,1,3458.26
