layer,prefill_chunk,kv_prefill,n_decode,kv_decode,decode_q_len,time_us
attention,0,0,1,16,1,27.518
attention,0,0,1,32,1,27.585
attention,0,0,1,64,1,38.69
attention,0,0,1,128,1,39.936
attention,0,0,1,256,1,41.665
attention,0,0,1,512,1,44.544
attention,0,0,1,1024,1,51.616
attention,0,0,1,2048,1,67.901
attention,0,0,1,4096,1,102.049
attention,0,0,1,8192,1,135.49
attention,0,0,1,16384,1,212.321
attention,0,0,2,16,1,40.992
attention,0,0,2,32,1,41.855
attention,0,0,2,64,1,49.63
attention,0,0,2,128,1,50.752
attention,0,0,2,256,1,53.023
attention,0,0,2,512,1,58.559
attention,0,0,2,1024,1,70.624
attention,0,0,2,2048,1,96.062
attention,0,0,2,4096,1,129.984
attention,0,0,2,8192,1,200.764
attention,0,0,2,16384,1,331.231
attention,0,0,4,16,1,41.729
attention,0,0,4,32,1,41.566
attention,0,0,4,64,1,49.856
attention,0,0,4,128,1,52.224
attention,0,0,4,256,1,55.615
attention,0,0,4,512,1,66.687
attention,0,0,4,1024,1,88.767
attention,0,0,4,2048,1,121.632
attention,0,0,4,4096,1,188.704
attention,0,0,4,8192,1,322.018
attention,0,0,4,16384,1,586.944
attention,0,0,8,16,1,42.814
attention,0,0,8,32,1,43.52
attention,0,0,8,64,1,51.488
attention,0,0,8,128,1,54.4
attention,0,0,8,256,1,63.71
attention,0,0,8,512,1,85.058
attention,0,0,8,1024,1,119.167
attention,0,0,8,2048,1,184.511
attention,0,0,8,4096,1,315.523
attention,0,0,8,8192,1,583.716
attention,0,0,8,16384,1,1122.24
attention,0,0,16,16,1,43.233
attention,0,0,16,32,1,44
attention,0,0,16,64,1,54.56
attention,0,0,16,128,1,66.655
attention,0,0,16,256,1,82.975
attention,0,0,16,512,1,115.871
attention,0,0,16,1024,1,183.362
attention,0,0,16,2048,1,319.839
attention,0,0,16,4096,1,581.733
attention,0,0,16,8192,1,1118.6
attention,0,0,16,16384,1,2164.48
attention,0,0,32,16,1,45.089
attention,0,0,32,32,1,47.424
attention,0,0,32,64,1,67.968
attention,0,0,32,128,1,84.77
attention,0,0,32,256,1,118.624
attention,0,0,32,512,1,186.783
attention,0,0,32,1024,1,328.768
attention,0,0,32,2048,1,612.254
attention,0,0,32,4096,1,1131.24
attention,0,0,32,8192,1,2187.65
attention,0,0,32,16384,1,4294.57
attention,0,0,64,16,1,59.103
attention,0,0,64,32,1,64
attention,0,0,64,64,1,83.327
attention,0,0,64,128,1,115.967
attention,0,0,64,256,1,188.354
attention,0,0,64,512,1,330.56
attention,0,0,64,1024,1,612.098
attention,0,0,64,2048,1,1159.17
attention,0,0,64,4096,1,2211.68
attention,0,0,64,8192,1,4304.49
attention,0,0,64,16384,1,8497.1
attention,0,0,128,16,1,76.799
attention,0,0,128,32,1,86.816
attention,0,0,128,64,1,123.712
attention,0,0,128,128,1,189.506
attention,0,0,128,256,1,330.977
attention,0,0,128,512,1,618.626
attention,0,0,128,1024,1,1143.39
attention,0,0,128,2048,1,2186.82
attention,0,0,128,4096,1,4275.91
attention,0,0,128,8192,1,8455.19
attention,0,0,128,16384,1,16886.8
attention,0,0,256,16,1,124.864
attention,0,0,256,32,1,138.112
attention,0,0,256,64,1,201.023
attention,0,0,256,128,1,358.657
attention,0,0,256,256,1,654.08
attention,0,0,256,512,1,1191.81
attention,0,0,256,1024,1,2243.88
attention,0,0,256,2048,1,4328.08
attention,0,0,256,4096,1,8529.01
attention,0,0,256,8192,1,16891.9
attention,0,0,256,16384,1,33727.4
attention,16,0,0,0,1,28.737
attention,16,0,1,16,1,28.608
attention,16,0,1,32,1,29.151
attention,16,0,1,64,1,33.983
attention,16,0,1,128,1,41.408
attention,16,0,1,256,1,56.417
attention,16,0,1,512,1,86.561
attention,16,0,1,1024,1,146.369
attention,16,0,1,2048,1,267.36
attention,16,0,1,4096,1,511.425
attention,16,0,1,8192,1,993.41
attention,16,0,1,16384,1,1963.59
attention,16,0,2,16,1,28.576
attention,16,0,2,32,1,28.287
attention,16,0,2,64,1,33.409
attention,16,0,2,128,1,40.864
attention,16,0,2,256,1,55.68
attention,16,0,2,512,1,85.92
attention,16,0,2,1024,1,146.753
attention,16,0,2,2048,1,267.808
attention,16,0,2,4096,1,511.329
attention,16,0,2,8192,1,996.418
attention,16,0,2,16384,1,1965.86
attention,16,0,4,16,1,28.736
attention,16,0,4,32,1,28.287
attention,16,0,4,64,1,33.216
attention,16,0,4,128,1,41.249
attention,16,0,4,256,1,55.904
attention,16,0,4,512,1,86.241
attention,16,0,4,1024,1,147.68
attention,16,0,4,2048,1,270.24
attention,16,0,4,4096,1,514.369
attention,16,0,4,8192,1,994.658
attention,16,0,4,16384,1,1975.68
attention,16,0,8,16,1,41.792
attention,16,0,8,32,1,42.144
attention,16,0,8,64,1,53.408
attention,16,0,8,128,1,70.497
attention,16,0,8,256,1,100.928
attention,16,0,8,512,1,163.106
attention,16,0,8,1024,1,288.642
attention,16,0,8,2048,1,535.268
attention,16,0,8,4096,1,1029.83
attention,16,0,8,8192,1,2014.47
attention,16,0,8,16384,1,3963.88
attention,16,0,16,16,1,56.128
attention,16,0,16,32,1,56.704
attention,16,0,16,64,1,75.423
attention,16,0,16,128,1,99.358
attention,16,0,16,256,1,146.882
attention,16,0,16,512,1,240.161
attention,16,0,16,1024,1,426.816
attention,16,0,16,2048,1,798.562
attention,16,0,16,4096,1,1537.89
attention,16,0,16,8192,1,3016.1
attention,16,0,16,16384,1,5932.53
attention,16,0,32,16,1,83.52
attention,16,0,32,32,1,85.408
attention,16,0,32,64,1,118.751
attention,16,0,32,128,1,160.224
attention,16,0,32,256,1,237.376
attention,16,0,32,512,1,391.905
attention,16,0,32,1024,1,702.432
attention,16,0,32,2048,1,1320.23
attention,16,0,32,4096,1,2553.93
attention,16,0,32,8192,1,5002.83
attention,16,0,32,16384,1,9875.54
attention,16,0,64,16,1,139.903
attention,16,0,64,32,1,142.655
attention,16,0,64,64,1,206.624
attention,16,0,64,128,1,280.674
attention,16,0,64,256,1,417.218
attention,16,0,64,512,1,714.466
attention,16,0,64,1024,1,1300
attention,16,0,64,2048,1,2622.95
attention,16,0,64,4096,1,5278.89
attention,16,0,64,8192,1,10289.8
attention,16,0,64,16384,1,20384
attention,16,0,128,16,1,251.072
attention,16,0,128,32,1,257.441
attention,16,0,128,64,1,390.114
attention,16,0,128,128,1,573.41
attention,16,0,128,256,1,895.938
attention,16,0,128,512,1,1564.58
attention,16,0,128,1024,1,3144.29
attention,16,0,128,2048,1,9354.74
attention,16,0,128,4096,1,18321.8
attention,16,0,128,8192,1,46262.5
attention,16,0,128,16384,1,97098.9
attention,16,16,0,0,1,29.441
attention,16,16,1,16,1,29.249
attention,16,16,1,32,1,29.28
attention,16,16,1,64,1,33.728
attention,16,16,1,128,1,41.344
attention,16,16,1,256,1,56.865
attention,16,16,1,512,1,86.591
attention,16,16,1,1024,1,146.463
attention,16,16,1,2048,1,267.2
attention,16,16,1,4096,1,508.834
attention,16,16,1,8192,1,994.274
attention,16,16,1,16384,1,1958.05
attention,16,16,2,16,1,28.417
attention,16,16,2,32,1,28.801
attention,16,16,2,64,1,33.28
attention,16,16,2,128,1,41.249
attention,16,16,2,256,1,56.031
attention,16,16,2,512,1,86.306
attention,16,16,2,1024,1,146.881
attention,16,16,2,2048,1,268.353
attention,16,16,2,4096,1,507.33
attention,16,16,2,8192,1,993.281
attention,16,16,2,16384,1,1958.12
attention,16,16,4,16,1,28.545
attention,16,16,4,32,1,29.246
attention,16,16,4,64,1,33.504
attention,16,16,4,128,1,41.152
attention,16,16,4,256,1,56.383
attention,16,16,4,512,1,86.56
attention,16,16,4,1024,1,147.104
attention,16,16,4,2048,1,268.96
attention,16,16,4,4096,1,512.352
attention,16,16,4,8192,1,996.514
attention,16,16,4,16384,1,1972.48
attention,16,16,8,16,1,42.882
attention,16,16,8,32,1,43.776
attention,16,16,8,64,1,53.76
attention,16,16,8,128,1,70.559
attention,16,16,8,256,1,100.736
attention,16,16,8,512,1,162.784
attention,16,16,8,1024,1,285.665
attention,16,16,8,2048,1,532.321
attention,16,16,8,4096,1,1016.1
attention,16,16,8,8192,1,1990.85
attention,16,16,8,16384,1,3953.45
attention,16,16,16,16,1,56.735
attention,16,16,16,32,1,56.929
attention,16,16,16,64,1,75.552
attention,16,16,16,128,1,100.384
attention,16,16,16,256,1,146.689
attention,16,16,16,512,1,239.393
attention,16,16,16,1024,1,424.482
attention,16,16,16,2048,1,790.018
attention,16,16,16,4096,1,1523.27
attention,16,16,16,8192,1,2998.05
attention,16,16,16,16384,1,5927.24
attention,16,16,32,16,1,83.936
attention,16,16,32,32,1,86.113
attention,16,16,32,64,1,119.328
attention,16,16,32,128,1,159.711
attention,16,16,32,256,1,237.698
attention,16,16,32,512,1,391.649
attention,16,16,32,1024,1,698.562
attention,16,16,32,2048,1,1309.57
attention,16,16,32,4096,1,2545
attention,16,16,32,8192,1,4980.68
attention,16,16,32,16384,1,9861.78
attention,16,16,64,16,1,140.992
attention,16,16,64,32,1,143.392
attention,16,16,64,64,1,206.497
attention,16,16,64,128,1,280.417
attention,16,16,64,256,1,422.817
attention,16,16,64,512,1,714.463
attention,16,16,64,1024,1,1295.71
attention,16,16,64,2048,1,2618.89
attention,16,16,64,4096,1,5279.75
attention,16,16,64,8192,1,10290.6
attention,16,16,64,16384,1,20355.7
attention,16,16,128,16,1,252.097
attention,16,16,128,32,1,258.913
attention,16,16,128,64,1,396.481
attention,16,16,128,128,1,567.138
attention,16,16,128,256,1,904.066
attention,16,16,128,512,1,1570.24
attention,16,16,128,1024,1,3141.03
attention,16,16,128,2048,1,9341.78
attention,16,16,128,4096,1,18317.5
attention,16,16,128,8192,1,47088
attention,16,16,128,16384,1,97866.1
attention,16,32,0,0,1,29.568
attention,16,32,1,16,1,29.536
attention,16,32,1,32,1,29.12
attention,16,32,1,64,1,33.856
attention,16,32,1,128,1,41.728
attention,16,32,1,256,1,56.097
attention,16,32,1,512,1,86.592
attention,16,32,1,1024,1,147.041
attention,16,32,1,2048,1,267.776
attention,16,32,1,4096,1,508.705
attention,16,32,1,8192,1,995.01
attention,16,32,1,16384,1,1965.35
attention,16,32,2,16,1,28.641
attention,16,32,2,32,1,28.928
attention,16,32,2,64,1,33.632
attention,16,32,2,128,1,41.027
attention,16,32,2,256,1,55.872
attention,16,32,2,512,1,86.433
attention,16,32,2,1024,1,147.137
attention,16,32,2,2048,1,267.68
attention,16,32,2,4096,1,507.296
attention,16,32,2,8192,1,993.313
attention,16,32,2,16384,1,1965.76
attention,16,32,4,16,1,28.449
attention,16,32,4,32,1,28.929
attention,16,32,4,64,1,33.727
attention,16,32,4,128,1,41.312
attention,16,32,4,256,1,55.999
attention,16,32,4,512,1,86.688
attention,16,32,4,1024,1,147.744
attention,16,32,4,2048,1,268.609
attention,16,32,4,4096,1,511.362
attention,16,32,4,8192,1,997.217
attention,16,32,4,16384,1,1968.23
attention,16,32,8,16,1,43.041
attention,16,32,8,32,1,43.232
attention,16,32,8,64,1,53.569
attention,16,32,8,128,1,70.306
attention,16,32,8,256,1,101.056
attention,16,32,8,512,1,162.623
attention,16,32,8,1024,1,285.858
attention,16,32,8,2048,1,531.616
attention,16,32,8,4096,1,1017.54
attention,16,32,8,8192,1,1993.83
attention,16,32,8,16384,1,3944.84
attention,16,32,16,16,1,57.024
attention,16,32,16,32,1,57.601
attention,16,32,16,64,1,75.392
attention,16,32,16,128,1,100.224
attention,16,32,16,256,1,146.017
attention,16,32,16,512,1,239.008
attention,16,32,16,1024,1,425.825
attention,16,32,16,2048,1,789.633
attention,16,32,16,4096,1,1525.67
attention,16,32,16,8192,1,2995.01
attention,16,32,16,16384,1,5942.8
attention,16,32,32,16,1,85.088
attention,16,32,32,32,1,86.303
attention,16,32,32,64,1,118.881
attention,16,32,32,128,1,160.482
attention,16,32,32,256,1,238.37
attention,16,32,32,512,1,392.64
attention,16,32,32,1024,1,698.083
attention,16,32,32,2048,1,1306.95
attention,16,32,32,4096,1,2542.57
attention,16,32,32,8192,1,5005.51
attention,16,32,32,16384,1,9872.73
attention,16,32,64,16,1,140.384
attention,16,32,64,32,1,142.625
attention,16,32,64,64,1,206.143
attention,16,32,64,128,1,280.994
attention,16,32,64,256,1,422.594
attention,16,32,64,512,1,714.752
attention,16,32,64,1024,1,1296.61
attention,16,32,64,2048,1,2617.35
attention,16,32,64,4096,1,5281.77
attention,16,32,64,8192,1,10287.6
attention,16,32,64,16384,1,20373.9
attention,16,32,128,16,1,252.287
attention,16,32,128,32,1,258.817
attention,16,32,128,64,1,396.479
attention,16,32,128,128,1,567.65
attention,16,32,128,256,1,904.13
attention,16,32,128,512,1,1563.55
attention,16,32,128,1024,1,3144.84
attention,16,32,128,2048,1,9360.79
attention,16,32,128,4096,1,18322.8
attention,16,32,128,8192,1,46485.4
attention,16,32,128,16384,1,97519
attention,16,64,0,0,1,36.512
attention,16,64,1,16,1,34.144
attention,16,64,1,32,1,34.304
attention,16,64,1,64,1,36.256
attention,16,64,1,128,1,41.47
attention,16,64,1,256,1,56.128
attention,16,64,1,512,1,86.464
attention,16,64,1,1024,1,146.56
attention,16,64,1,2048,1,268.191
attention,16,64,1,4096,1,510.305
attention,16,64,1,8192,1,994.401
attention,16,64,1,16384,1,1960.61
attention,16,64,2,16,1,33.76
attention,16,64,2,32,1,33.919
attention,16,64,2,64,1,36.161
attention,16,64,2,128,1,41.055
attention,16,64,2,256,1,55.841
attention,16,64,2,512,1,86.497
attention,16,64,2,1024,1,146.591
attention,16,64,2,2048,1,268.416
attention,16,64,2,4096,1,508.192
attention,16,64,2,8192,1,995.585
attention,16,64,2,16384,1,1960.74
attention,16,64,4,16,1,33.92
attention,16,64,4,32,1,34.177
attention,16,64,4,64,1,35.423
attention,16,64,4,128,1,41.633
attention,16,64,4,256,1,55.84
attention,16,64,4,512,1,86.528
attention,16,64,4,1024,1,147.776
attention,16,64,4,2048,1,268.768
attention,16,64,4,4096,1,513.538
attention,16,64,4,8192,1,999.938
attention,16,64,4,16384,1,1976.42
attention,16,64,8,16,1,50.784
attention,16,64,8,32,1,51.201
attention,16,64,8,64,1,57.216
attention,16,64,8,128,1,69.696
attention,16,64,8,256,1,99.743
attention,16,64,8,512,1,162.176
attention,16,64,8,1024,1,285.92
attention,16,64,8,2048,1,528.705
attention,16,64,8,4096,1,1015.46
attention,16,64,8,8192,1,1990.4
attention,16,64,8,16384,1,3941.35
attention,16,64,16,16,1,64.545
attention,16,64,16,32,1,64.097
attention,16,64,16,64,1,78.463
attention,16,64,16,128,1,99.872
attention,16,64,16,256,1,146.817
attention,16,64,16,512,1,238.368
attention,16,64,16,1024,1,425.505
attention,16,64,16,2048,1,788.547
attention,16,64,16,4096,1,1526.43
attention,16,64,16,8192,1,3002.79
attention,16,64,16,16384,1,5931.4
attention,16,64,32,16,1,92.639
attention,16,64,32,32,1,93.983
attention,16,64,32,64,1,122.21
attention,16,64,32,128,1,160.031
attention,16,64,32,256,1,237.634
attention,16,64,32,512,1,392.833
attention,16,64,32,1024,1,699.039
attention,16,64,32,2048,1,1311.9
attention,16,64,32,4096,1,2545.32
attention,16,64,32,8192,1,5003.75
attention,16,64,32,16384,1,9865.17
attention,16,64,64,16,1,148.865
attention,16,64,64,32,1,151.264
attention,16,64,64,64,1,209.601
attention,16,64,64,128,1,281.217
attention,16,64,64,256,1,422.336
attention,16,64,64,512,1,714.818
attention,16,64,64,1024,1,1297.6
attention,16,64,64,2048,1,2617.89
attention,16,64,64,4096,1,5281.39
attention,16,64,64,8192,1,10288.6
attention,16,64,64,16384,1,20401.7
attention,16,64,128,16,1,255.743
attention,16,64,128,32,1,262.626
attention,16,64,128,64,1,399.298
attention,16,64,128,128,1,571.521
attention,16,64,128,256,1,903.011
attention,16,64,128,512,1,1567.01
attention,16,64,128,1024,1,3113.13
attention,16,64,128,2048,1,9335.48
attention,16,64,128,4096,1,18326.3
attention,16,64,128,8192,1,45493.6
attention,16,64,128,16384,1,98939.8
attention,16,128,0,0,1,44.352
attention,16,128,1,16,1,41.664
attention,16,128,1,32,1,41.856
attention,16,128,1,64,1,41.887
attention,16,128,1,128,1,44.321
attention,16,128,1,256,1,55.743
attention,16,128,1,512,1,86.529
attention,16,128,1,1024,1,146.4
attention,16,128,1,2048,1,268.48
attention,16,128,1,4096,1,509.793
attention,16,128,1,8192,1,994.657
attention,16,128,1,16384,1,1958.24
attention,16,128,2,16,1,41.377
attention,16,128,2,32,1,41.664
attention,16,128,2,64,1,41.28
attention,16,128,2,128,1,43.295
attention,16,128,2,256,1,55.488
attention,16,128,2,512,1,85.632
attention,16,128,2,1024,1,146.847
attention,16,128,2,2048,1,266.592
attention,16,128,2,4096,1,510.849
attention,16,128,2,8192,1,996.58
attention,16,128,2,16384,1,1967.88
attention,16,128,4,16,1,41.664
attention,16,128,4,32,1,41.823
attention,16,128,4,64,1,41.28
attention,16,128,4,128,1,42.752
attention,16,128,4,256,1,56
attention,16,128,4,512,1,86.24
attention,16,128,4,1024,1,147.457
attention,16,128,4,2048,1,269.76
attention,16,128,4,4096,1,511.807
attention,16,128,4,8192,1,994.082
attention,16,128,4,16384,1,1969.03
attention,16,128,8,16,1,58.881
attention,16,128,8,32,1,59.136
attention,16,128,8,64,1,65.15
attention,16,128,8,128,1,74.784
attention,16,128,8,256,1,99.459
attention,16,128,8,512,1,162.208
attention,16,128,8,1024,1,285.888
attention,16,128,8,2048,1,529.507
attention,16,128,8,4096,1,1018.62
attention,16,128,8,8192,1,1998.82
attention,16,128,8,16384,1,3954.54
attention,16,128,16,16,1,72.256
attention,16,128,16,32,1,73.472
attention,16,128,16,64,1,86.301
attention,16,128,16,128,1,103.298
attention,16,128,16,256,1,146.176
attention,16,128,16,512,1,238.208
attention,16,128,16,1024,1,425.183
attention,16,128,16,2048,1,788.161
attention,16,128,16,4096,1,1525.35
attention,16,128,16,8192,1,2997.54
attention,16,128,16,16384,1,5937.9
attention,16,128,32,16,1,100.416
attention,16,128,32,32,1,101.791
attention,16,128,32,64,1,130.338
attention,16,128,32,128,1,164.448
attention,16,128,32,256,1,238.176
attention,16,128,32,512,1,391.809
attention,16,128,32,1024,1,698.241
attention,16,128,32,2048,1,1312.13
attention,16,128,32,4096,1,2542.28
attention,16,128,32,8192,1,5004.75
attention,16,128,32,16384,1,9880.99
attention,16,128,64,16,1,156.64
attention,16,128,64,32,1,160.096
attention,16,128,64,64,1,217.537
attention,16,128,64,128,1,285.185
attention,16,128,64,256,1,423.458
attention,16,128,64,512,1,713.986
attention,16,128,64,1024,1,1296.04
attention,16,128,64,2048,1,2623.62
attention,16,128,64,4096,1,5278.41
attention,16,128,64,8192,1,10296.4
attention,16,128,64,16384,1,20374.9
attention,16,128,128,16,1,269.152
attention,16,128,128,32,1,277.312
attention,16,128,128,64,1,407.584
attention,16,128,128,128,1,566.402
attention,16,128,128,256,1,893.794
attention,16,128,128,512,1,1551.55
attention,16,128,128,1024,1,3141.67
attention,16,128,128,2048,1,9339.12
attention,16,128,128,4096,1,18327.9
attention,16,128,128,8192,1,46342.8
attention,16,128,128,16384,1,98402.4
attention,16,256,0,0,1,58.654
attention,16,256,1,16,1,56.769
attention,16,256,1,32,1,56.703
attention,16,256,1,64,1,56.704
attention,16,256,1,128,1,56.448
attention,16,256,1,256,1,58.496
attention,16,256,1,512,1,85.729
attention,16,256,1,1024,1,146.464
attention,16,256,1,2048,1,266.881
attention,16,256,1,4096,1,509.088
attention,16,256,1,8192,1,990.978
attention,16,256,1,16384,1,1969.64
attention,16,256,2,16,1,56.32
attention,16,256,2,32,1,56.447
attention,16,256,2,64,1,55.968
attention,16,256,2,128,1,55.584
attention,16,256,2,256,1,58.497
attention,16,256,2,512,1,85.791
attention,16,256,2,1024,1,146.4
attention,16,256,2,2048,1,267.842
attention,16,256,2,4096,1,509.411
attention,16,256,2,8192,1,991.073
attention,16,256,2,16384,1,1969.12
attention,16,256,4,16,1,56.288
attention,16,256,4,32,1,56.223
attention,16,256,4,64,1,56.193
attention,16,256,4,128,1,56.192
attention,16,256,4,256,1,57.791
attention,16,256,4,512,1,86.465
attention,16,256,4,1024,1,147.329
attention,16,256,4,2048,1,269.248
attention,16,256,4,4096,1,512.222
attention,16,256,4,8192,1,995.874
attention,16,256,4,16384,1,1963.01
attention,16,256,8,16,1,73.375
attention,16,256,8,32,1,73.825
attention,16,256,8,64,1,80.353
attention,16,256,8,128,1,89.023
attention,16,256,8,256,1,105.473
attention,16,256,8,512,1,162.273
attention,16,256,8,1024,1,286.303
attention,16,256,8,2048,1,531.137
attention,16,256,8,4096,1,1018.27
attention,16,256,8,8192,1,1994.91
attention,16,256,8,16384,1,3941.96
attention,16,256,16,16,1,87.295
attention,16,256,16,32,1,88.033
attention,16,256,16,64,1,101.952
attention,16,256,16,128,1,119.104
attention,16,256,16,256,1,150.432
attention,16,256,16,512,1,240.415
attention,16,256,16,1024,1,423.746
attention,16,256,16,2048,1,787.968
attention,16,256,16,4096,1,1526.31
attention,16,256,16,8192,1,2994.15
attention,16,256,16,16384,1,5926.32
attention,16,256,32,16,1,116.351
attention,16,256,32,32,1,117.695
attention,16,256,32,64,1,145.663
attention,16,256,32,128,1,180.321
attention,16,256,32,256,1,241.567
attention,16,256,32,512,1,391.424
attention,16,256,32,1024,1,698.176
attention,16,256,32,2048,1,1307.39
attention,16,256,32,4096,1,2544.9
attention,16,256,32,8192,1,4993.55
attention,16,256,32,16384,1,9864.15
attention,16,256,64,16,1,172.832
attention,16,256,64,32,1,175.039
attention,16,256,64,64,1,232.864
attention,16,256,64,128,1,299.616
attention,16,256,64,256,1,428.128
attention,16,256,64,512,1,715.682
attention,16,256,64,1024,1,1300.26
attention,16,256,64,2048,1,2624.29
attention,16,256,64,4096,1,5286.95
attention,16,256,64,8192,1,10295.3
attention,16,256,64,16384,1,20371.2
attention,16,256,128,16,1,284.671
attention,16,256,128,32,1,292.224
attention,16,256,128,64,1,418.882
attention,16,256,128,128,1,582.21
attention,16,256,128,256,1,913.41
attention,16,256,128,512,1,1567.62
attention,16,256,128,1024,1,3144.81
attention,16,256,128,2048,1,9360.27
attention,16,256,128,4096,1,18334.4
attention,16,256,128,8192,1,45862.6
attention,16,256,128,16384,1,97309.7
attention,16,512,0,0,1,88.896
attention,16,512,1,16,1,87.202
attention,16,512,1,32,1,86.591
attention,16,512,1,64,1,86.816
attention,16,512,1,128,1,86.561
attention,16,512,1,256,1,86.624
attention,16,512,1,512,1,88.544
attention,16,512,1,1024,1,146.914
attention,16,512,1,2048,1,268.353
attention,16,512,1,4096,1,510.177
attention,16,512,1,8192,1,992.61
attention,16,512,1,16384,1,1963.52
attention,16,512,2,16,1,86.624
attention,16,512,2,32,1,86.432
attention,16,512,2,64,1,86.08
attention,16,512,2,128,1,85.664
attention,16,512,2,256,1,86.016
attention,16,512,2,512,1,88.19
attention,16,512,2,1024,1,146.975
attention,16,512,2,2048,1,268.227
attention,16,512,2,4096,1,512.129
attention,16,512,2,8192,1,998.403
attention,16,512,2,16384,1,1957.41
attention,16,512,4,16,1,86.403
attention,16,512,4,32,1,86.688
attention,16,512,4,64,1,85.919
attention,16,512,4,128,1,86.849
attention,16,512,4,256,1,86.945
attention,16,512,4,512,1,88.577
attention,16,512,4,1024,1,148.032
attention,16,512,4,2048,1,269.536
attention,16,512,4,4096,1,510.625
attention,16,512,4,8192,1,996.994
attention,16,512,4,16384,1,1965.76
attention,16,512,8,16,1,103.968
attention,16,512,8,32,1,103.039
attention,16,512,8,64,1,110.625
attention,16,512,8,128,1,119.329
attention,16,512,8,256,1,134.879
attention,16,512,8,512,1,167.808
attention,16,512,8,1024,1,286.848
attention,16,512,8,2048,1,531.2
attention,16,512,8,4096,1,1014.85
attention,16,512,8,8192,1,1992.36
attention,16,512,8,16384,1,3956.78
attention,16,512,16,16,1,118.082
attention,16,512,16,32,1,118.848
attention,16,512,16,64,1,132.897
attention,16,512,16,128,1,149.631
attention,16,512,16,256,1,181.729
attention,16,512,16,512,1,243.008
attention,16,512,16,1024,1,424.768
attention,16,512,16,2048,1,790.081
attention,16,512,16,4096,1,1522.88
attention,16,512,16,8192,1,2998.41
attention,16,512,16,16384,1,5923.82
attention,16,512,32,16,1,145.983
attention,16,512,32,32,1,148.031
attention,16,512,32,64,1,176.385
attention,16,512,32,128,1,210.079
attention,16,512,32,256,1,272.61
attention,16,512,32,512,1,393.889
attention,16,512,32,1024,1,698.88
attention,16,512,32,2048,1,1306.82
attention,16,512,32,4096,1,2539.91
attention,16,512,32,8192,1,4993.48
attention,16,512,32,16384,1,9858.07
attention,16,512,64,16,1,203.201
attention,16,512,64,32,1,206.113
attention,16,512,64,64,1,264.929
attention,16,512,64,128,1,331.52
attention,16,512,64,256,1,457.567
attention,16,512,64,512,1,720.034
attention,16,512,64,1024,1,1300.77
attention,16,512,64,2048,1,2631.2
attention,16,512,64,4096,1,5293.16
attention,16,512,64,8192,1,10302.3
attention,16,512,64,16384,1,20506.5
attention,16,512,128,16,1,318.081
attention,16,512,128,32,1,320.929
attention,16,512,128,64,1,456.226
attention,16,512,128,128,1,623.744
attention,16,512,128,256,1,943.074
attention,16,512,128,512,1,1586.24
attention,16,512,128,1024,1,3121.32
attention,16,512,128,2048,1,9380.28
attention,16,512,128,4096,1,18346
attention,16,512,128,8192,1,46396.4
attention,16,512,128,16384,1,99010.7
attention,16,1024,0,0,1,148.769
attention,16,1024,1,16,1,147.84
attention,16,1024,1,32,1,147.105
attention,16,1024,1,64,1,147.263
attention,16,1024,1,128,1,146.816
attention,16,1024,1,256,1,147.296
attention,16,1024,1,512,1,147.2
attention,16,1024,1,1024,1,148.577
attention,16,1024,1,2048,1,266.849
attention,16,1024,1,4096,1,510.21
attention,16,1024,1,8192,1,992.384
attention,16,1024,1,16384,1,1966.08
attention,16,1024,2,16,1,146.624
attention,16,1024,2,32,1,146.944
attention,16,1024,2,64,1,146.561
attention,16,1024,2,128,1,146.88
attention,16,1024,2,256,1,146.783
attention,16,1024,2,512,1,147.361
attention,16,1024,2,1024,1,148.674
attention,16,1024,2,2048,1,267.875
attention,16,1024,2,4096,1,507.49
attention,16,1024,2,8192,1,992.322
attention,16,1024,2,16384,1,1959.78
attention,16,1024,4,16,1,147.426
attention,16,1024,4,32,1,147.614
attention,16,1024,4,64,1,146.496
attention,16,1024,4,128,1,146.624
attention,16,1024,4,256,1,147.713
attention,16,1024,4,512,1,148.736
attention,16,1024,4,1024,1,148.961
attention,16,1024,4,2048,1,270.08
attention,16,1024,4,4096,1,512.641
attention,16,1024,4,8192,1,999.649
attention,16,1024,4,16384,1,1973.32
attention,16,1024,8,16,1,163.872
attention,16,1024,8,32,1,164.895
attention,16,1024,8,64,1,170.08
attention,16,1024,8,128,1,179.617
attention,16,1024,8,256,1,196.098
attention,16,1024,8,512,1,227.999
attention,16,1024,8,1024,1,292.447
attention,16,1024,8,2048,1,531.041
attention,16,1024,8,4096,1,1019.36
attention,16,1024,8,8192,1,1995.62
attention,16,1024,8,16384,1,3951.82
attention,16,1024,16,16,1,178.273
attention,16,1024,16,32,1,178.847
attention,16,1024,16,64,1,193.249
attention,16,1024,16,128,1,210.401
attention,16,1024,16,256,1,241.504
attention,16,1024,16,512,1,303.936
attention,16,1024,16,1024,1,426.592
attention,16,1024,16,2048,1,791.807
attention,16,1024,16,4096,1,1524
attention,16,1024,16,8192,1,2990.95
attention,16,1024,16,16384,1,5933.67
attention,16,1024,32,16,1,206.176
attention,16,1024,32,32,1,207.585
attention,16,1024,32,64,1,236.514
attention,16,1024,32,128,1,270.753
attention,16,1024,32,256,1,330.401
attention,16,1024,32,512,1,454.273
attention,16,1024,32,1024,1,700.608
attention,16,1024,32,2048,1,1309.22
attention,16,1024,32,4096,1,2537.64
attention,16,1024,32,8192,1,4997.48
attention,16,1024,32,16384,1,9874.04
attention,16,1024,64,16,1,264.385
attention,16,1024,64,32,1,267.329
attention,16,1024,64,64,1,325.056
attention,16,1024,64,128,1,391.489
attention,16,1024,64,256,1,520.737
attention,16,1024,64,512,1,779.172
attention,16,1024,64,1024,1,1306.91
attention,16,1024,64,2048,1,2651.88
attention,16,1024,64,4096,1,5278.57
attention,16,1024,64,8192,1,10338.5
attention,16,1024,64,16384,1,20388.1
attention,16,1024,128,16,1,384.994
attention,16,1024,128,32,1,392.929
attention,16,1024,128,64,1,521.537
attention,16,1024,128,128,1,685.665
attention,16,1024,128,256,1,1002.4
attention,16,1024,128,512,1,1619.75
attention,16,1024,128,1024,1,3118.44
attention,16,1024,128,2048,1,9573.11
attention,16,1024,128,4096,1,21957.7
attention,16,1024,128,8192,1,45211.5
attention,16,1024,128,16384,1,97752.8
attention,16,2048,0,0,1,269.535
attention,16,2048,1,16,1,268.161
attention,16,2048,1,32,1,267.776
attention,16,2048,1,64,1,267.871
attention,16,2048,1,128,1,267.744
attention,16,2048,1,256,1,267.68
attention,16,2048,1,512,1,267.936
attention,16,2048,1,1024,1,268.096
attention,16,2048,1,2048,1,269.824
attention,16,2048,1,4096,1,510.432
attention,16,2048,1,8192,1,992.16
attention,16,2048,1,16384,1,1961.45
attention,16,2048,2,16,1,268.385
attention,16,2048,2,32,1,267.392
attention,16,2048,2,64,1,268.929
attention,16,2048,2,128,1,267.265
attention,16,2048,2,256,1,269.057
attention,16,2048,2,512,1,267.454
attention,16,2048,2,1024,1,268.032
attention,16,2048,2,2048,1,269.345
attention,16,2048,2,4096,1,509.312
attention,16,2048,2,8192,1,996.643
attention,16,2048,2,16384,1,1960.77
attention,16,2048,4,16,1,266.785
attention,16,2048,4,32,1,267.521
attention,16,2048,4,64,1,268.959
attention,16,2048,4,128,1,267.618
attention,16,2048,4,256,1,267.745
attention,16,2048,4,512,1,268.579
attention,16,2048,4,1024,1,270.207
attention,16,2048,4,2048,1,270.848
attention,16,2048,4,4096,1,513.408
attention,16,2048,4,8192,1,998.273
attention,16,2048,4,16384,1,1963.21
attention,16,2048,8,16,1,284.256
attention,16,2048,8,32,1,285.506
attention,16,2048,8,64,1,290.879
attention,16,2048,8,128,1,301.921
attention,16,2048,8,256,1,317.441
attention,16,2048,8,512,1,348.96
attention,16,2048,8,1024,1,412.032
attention,16,2048,8,2048,1,535.873
attention,16,2048,8,4096,1,1015.78
attention,16,2048,8,8192,1,1991.91
attention,16,2048,8,16384,1,3943.47
attention,16,2048,16,16,1,299.489
attention,16,2048,16,32,1,299.04
attention,16,2048,16,64,1,313.858
attention,16,2048,16,128,1,331.071
attention,16,2048,16,256,1,361.792
attention,16,2048,16,512,1,424.226
attention,16,2048,16,1024,1,546.017
attention,16,2048,16,2048,1,791.905
attention,16,2048,16,4096,1,1517.38
attention,16,2048,16,8192,1,2991.52
attention,16,2048,16,16384,1,5940.78
attention,16,2048,32,16,1,327.136
attention,16,2048,32,32,1,328.963
attention,16,2048,32,64,1,357.409
attention,16,2048,32,128,1,391.168
attention,16,2048,32,256,1,453.186
attention,16,2048,32,512,1,576.033
attention,16,2048,32,1024,1,817.217
attention,16,2048,32,2048,1,1310.72
attention,16,2048,32,4096,1,2546.37
attention,16,2048,32,8192,1,5011.98
attention,16,2048,32,16384,1,9897.94
attention,16,2048,64,16,1,385.858
attention,16,2048,64,32,1,387.777
attention,16,2048,64,64,1,446.914
attention,16,2048,64,128,1,514.979
attention,16,2048,64,256,1,642.467
attention,16,2048,64,512,1,909.282
attention,16,2048,64,1024,1,1436.96
attention,16,2048,64,2048,1,2792.68
attention,16,2048,64,4096,1,5808.84
attention,16,2048,64,8192,1,11348.9
attention,16,2048,64,16384,1,24863
attention,16,2048,128,16,1,510.018
attention,16,2048,128,32,1,515.489
attention,16,2048,128,64,1,643.234
attention,16,2048,128,128,1,813.507
attention,16,2048,128,256,1,1137.44
attention,16,2048,128,512,1,1769.35
attention,16,2048,128,1024,1,3398.12
attention,16,2048,128,2048,1,9650.13
attention,16,2048,128,4096,1,19874.1
attention,16,2048,128,8192,1,46275.5
attention,16,2048,128,16384,1,97436.4
attention,16,4096,0,0,1,512.322
attention,16,4096,1,16,1,509.186
attention,16,4096,1,32,1,507.043
attention,16,4096,1,64,1,508.289
attention,16,4096,1,128,1,509.377
attention,16,4096,1,256,1,509.087
attention,16,4096,1,512,1,510.367
attention,16,4096,1,1024,1,510.656
attention,16,4096,1,2048,1,510.497
attention,16,4096,1,4096,1,509.538
attention,16,4096,1,8192,1,992.962
attention,16,4096,1,16384,1,1963.11
attention,16,4096,2,16,1,508.832
attention,16,4096,2,32,1,507.329
attention,16,4096,2,64,1,508.96
attention,16,4096,2,128,1,510.082
attention,16,4096,2,256,1,510.337
attention,16,4096,2,512,1,509.698
attention,16,4096,2,1024,1,509.728
attention,16,4096,2,2048,1,512.386
attention,16,4096,2,4096,1,510.658
attention,16,4096,2,8192,1,996.611
attention,16,4096,2,16384,1,1961.09
attention,16,4096,4,16,1,510.592
attention,16,4096,4,32,1,511.362
attention,16,4096,4,64,1,506.784
attention,16,4096,4,128,1,512.671
attention,16,4096,4,256,1,512.706
attention,16,4096,4,512,1,512.129
attention,16,4096,4,1024,1,512.801
attention,16,4096,4,2048,1,512.576
attention,16,4096,4,4096,1,515.745
attention,16,4096,4,8192,1,998.626
attention,16,4096,4,16384,1,1968.8
attention,16,4096,8,16,1,524.768
attention,16,4096,8,32,1,527.808
attention,16,4096,8,64,1,530.721
attention,16,4096,8,128,1,541.473
attention,16,4096,8,256,1,558.722
attention,16,4096,8,512,1,590.56
attention,16,4096,8,1024,1,655.488
attention,16,4096,8,2048,1,776.033
attention,16,4096,8,4096,1,1023.08
attention,16,4096,8,8192,1,1989.47
attention,16,4096,8,16384,1,3959.75
attention,16,4096,16,16,1,537.473
attention,16,4096,16,32,1,541.665
attention,16,4096,16,64,1,555.906
attention,16,4096,16,128,1,572.737
attention,16,4096,16,256,1,604.737
attention,16,4096,16,512,1,664.992
attention,16,4096,16,1024,1,790.018
attention,16,4096,16,2048,1,1032.07
attention,16,4096,16,4096,1,1521.76
attention,16,4096,16,8192,1,2993.51
attention,16,4096,16,16384,1,5929.61
attention,16,4096,32,16,1,570.562
attention,16,4096,32,32,1,569.536
attention,16,4096,32,64,1,599.521
attention,16,4096,32,128,1,632.129
attention,16,4096,32,256,1,694.498
attention,16,4096,32,512,1,817.506
attention,16,4096,32,1024,1,1060.22
attention,16,4096,32,2048,1,1553.03
attention,16,4096,32,4096,1,2575.43
attention,16,4096,32,8192,1,5062.89
attention,16,4096,32,16384,1,10024.3
attention,16,4096,64,16,1,626.529
attention,16,4096,64,32,1,630.08
attention,16,4096,64,64,1,689.921
attention,16,4096,64,128,1,753.538
attention,16,4096,64,256,1,886.018
attention,16,4096,64,512,1,1153.15
attention,16,4096,64,1024,1,1698.21
attention,16,4096,64,2048,1,3160.61
attention,16,4096,64,4096,1,5619.66
attention,16,4096,64,8192,1,11781.9
attention,16,4096,64,16384,1,25370.8
attention,16,4096,128,16,1,725.154
attention,16,4096,128,32,1,745.025
attention,16,4096,128,64,1,899.298
attention,16,4096,128,128,1,1063.97
attention,16,4096,128,256,1,1384.35
attention,16,4096,128,512,1,1992.26
attention,16,4096,128,1024,1,3725.03
attention,16,4096,128,2048,1,10140.1
attention,16,4096,128,4096,1,21944.8
attention,16,4096,128,8192,1,49168.2
attention,16,4096,128,16384,1,96963.8
attention,16,8192,0,0,1,996.96
attention,16,8192,1,16,1,991.842
attention,16,8192,1,32,1,995.264
attention,16,8192,1,64,1,993.506
attention,16,8192,1,128,1,997.281
attention,16,8192,1,256,1,991.811
attention,16,8192,1,512,1,992.93
attention,16,8192,1,1024,1,992.035
attention,16,8192,1,2048,1,990.947
attention,16,8192,1,4096,1,998.114
attention,16,8192,1,8192,1,995.904
attention,16,8192,1,16384,1,1959.62
attention,16,8192,2,16,1,990.209
attention,16,8192,2,32,1,994.242
attention,16,8192,2,64,1,996.675
attention,16,8192,2,128,1,993.728
attention,16,8192,2,256,1,993.218
attention,16,8192,2,512,1,993.695
attention,16,8192,2,1024,1,988.544
attention,16,8192,2,2048,1,995.072
attention,16,8192,2,4096,1,996.674
attention,16,8192,2,8192,1,997.795
attention,16,8192,2,16384,1,1964.67
attention,16,8192,4,16,1,995.331
attention,16,8192,4,32,1,997.056
attention,16,8192,4,64,1,996.579
attention,16,8192,4,128,1,993.923
attention,16,8192,4,256,1,994.721
attention,16,8192,4,512,1,998.37
attention,16,8192,4,1024,1,993.827
attention,16,8192,4,2048,1,996.13
attention,16,8192,4,4096,1,998.37
attention,16,8192,4,8192,1,1000.1
attention,16,8192,4,16384,1,1969.83
attention,16,8192,8,16,1,1010.46
attention,16,8192,8,32,1,1010.24
attention,16,8192,8,64,1,1017.06
attention,16,8192,8,128,1,1025.47
attention,16,8192,8,256,1,1040.42
attention,16,8192,8,512,1,1069.98
attention,16,8192,8,1024,1,1137.03
attention,16,8192,8,2048,1,1264.83
attention,16,8192,8,4096,1,1504.71
attention,16,8192,8,8192,1,1996.74
attention,16,8192,8,16384,1,3948.29
attention,16,8192,16,16,1,1025.95
attention,16,8192,16,32,1,1025.54
attention,16,8192,16,64,1,1040.67
attention,16,8192,16,128,1,1051.59
attention,16,8192,16,256,1,1087.46
attention,16,8192,16,512,1,1150.37
attention,16,8192,16,1024,1,1269.89
attention,16,8192,16,2048,1,1518.59
attention,16,8192,16,4096,1,2005.57
attention,16,8192,16,8192,1,3001.06
attention,16,8192,16,16384,1,5936.56
attention,16,8192,32,16,1,1057.47
attention,16,8192,32,32,1,1052.07
attention,16,8192,32,64,1,1076.96
attention,16,8192,32,128,1,1113.89
attention,16,8192,32,256,1,1176.9
attention,16,8192,32,512,1,1303.59
attention,16,8192,32,1024,1,1542.4
attention,16,8192,32,2048,1,2045.38
attention,16,8192,32,4096,1,3116.26
attention,16,8192,32,8192,1,5054.48
attention,16,8192,32,16384,1,10002.5
attention,16,8192,64,16,1,1114.47
attention,16,8192,64,32,1,1119.97
attention,16,8192,64,64,1,1174.46
attention,16,8192,64,128,1,1241.19
attention,16,8192,64,256,1,1364.07
attention,16,8192,64,512,1,1640.1
attention,16,8192,64,1024,1,2211.46
attention,16,8192,64,2048,1,3768.61
attention,16,8192,64,4096,1,6440.91
attention,16,8192,64,8192,1,11018.9
attention,16,8192,64,16384,1,24705.7
attention,16,8192,128,16,1,1238.34
attention,16,8192,128,32,1,1245.89
attention,16,8192,128,64,1,1377.15
attention,16,8192,128,128,1,1542.53
attention,16,8192,128,256,1,1879.62
attention,16,8192,128,512,1,2495.27
attention,16,8192,128,1024,1,4349.83
attention,16,8192,128,2048,1,10737.6
attention,16,8192,128,4096,1,19785.5
attention,16,8192,128,8192,1,49127.8
attention,16,8192,128,16384,1,98745.8
attention,16,16384,0,0,1,1952.23
attention,16,16384,1,16,1,1959.68
attention,16,16384,1,32,1,1964
attention,16,16384,1,64,1,1966.05
attention,16,16384,1,128,1,1963.52
attention,16,16384,1,256,1,1958.69
attention,16,16384,1,512,1,1960.1
attention,16,16384,1,1024,1,1969.47
attention,16,16384,1,2048,1,1951.11
attention,16,16384,1,4096,1,1957.25
attention,16,16384,1,8192,1,1956.07
attention,16,16384,1,16384,1,1963.14
attention,16,16384,2,16,1,1965.06
attention,16,16384,2,32,1,1961.83
attention,16,16384,2,64,1,1951.39
attention,16,16384,2,128,1,1958.73
attention,16,16384,2,256,1,1952.81
attention,16,16384,2,512,1,1968.32
attention,16,16384,2,1024,1,1968.77
attention,16,16384,2,2048,1,1963.17
attention,16,16384,2,4096,1,1963.52
attention,16,16384,2,8192,1,1954.69
attention,16,16384,2,16384,1,1964.64
attention,16,16384,4,16,1,1959.97
attention,16,16384,4,32,1,1958.53
attention,16,16384,4,64,1,1961.67
attention,16,16384,4,128,1,1963.14
attention,16,16384,4,256,1,1968.39
attention,16,16384,4,512,1,1962.75
attention,16,16384,4,1024,1,1954.41
attention,16,16384,4,2048,1,1961.44
attention,16,16384,4,4096,1,1969.8
attention,16,16384,4,8192,1,1960.26
attention,16,16384,4,16384,1,1965.22
attention,16,16384,8,16,1,1980.55
attention,16,16384,8,32,1,1975.71
attention,16,16384,8,64,1,1981.92
attention,16,16384,8,128,1,1992.64
attention,16,16384,8,256,1,2007.75
attention,16,16384,8,512,1,2043.49
attention,16,16384,8,1024,1,2108.26
attention,16,16384,8,2048,1,2231.55
attention,16,16384,8,4096,1,2473.73
attention,16,16384,8,8192,1,2963.4
attention,16,16384,8,16384,1,3947.3
attention,16,16384,16,16,1,1985.83
attention,16,16384,16,32,1,1987.88
attention,16,16384,16,64,1,2001.89
attention,16,16384,16,128,1,2022.98
attention,16,16384,16,256,1,2059.4
attention,16,16384,16,512,1,2107.08
attention,16,16384,16,1024,1,2237.54
attention,16,16384,16,2048,1,2483.91
attention,16,16384,16,4096,1,2981.25
attention,16,16384,16,8192,1,3967.78
attention,16,16384,16,16384,1,5921.19
attention,16,16384,32,16,1,2021.32
attention,16,16384,32,32,1,2014.6
attention,16,16384,32,64,1,2053.57
attention,16,16384,32,128,1,2074.05
attention,16,16384,32,256,1,2147.11
attention,16,16384,32,512,1,2271.94
attention,16,16384,32,1024,1,2507.11
attention,16,16384,32,2048,1,3009.83
attention,16,16384,32,4096,1,4113.89
attention,16,16384,32,8192,1,6114.38
attention,16,16384,32,16384,1,9984.95
attention,16,16384,64,16,1,2079.36
attention,16,16384,64,32,1,2078.98
attention,16,16384,64,64,1,2135.84
attention,16,16384,64,128,1,2211.97
attention,16,16384,64,256,1,2338.63
attention,16,16384,64,512,1,2614.02
attention,16,16384,64,1024,1,3186.95
attention,16,16384,64,2048,1,4826.89
attention,16,16384,64,4096,1,7683.38
attention,16,16384,64,8192,1,12626.2
attention,16,16384,64,16384,1,22720
attention,16,16384,128,16,1,2161.51
attention,16,16384,128,32,1,2209.38
attention,16,16384,128,64,1,2344.07
attention,16,16384,128,128,1,2505.16
attention,16,16384,128,256,1,2839.46
attention,16,16384,128,512,1,3493.74
attention,16,16384,128,1024,1,5489.97
attention,16,16384,128,2048,1,12124.2
attention,16,16384,128,4096,1,21168
attention,16,16384,128,8192,1,48648.1
attention,16,16384,128,16384,1,99031
attention,32,0,0,0,1,29.761
attention,32,0,1,16,1,29.152
attention,32,0,1,32,1,29.214
attention,32,0,1,64,1,33.792
attention,32,0,1,128,1,41.632
attention,32,0,1,256,1,56.192
attention,32,0,1,512,1,86.53
attention,32,0,1,1024,1,147.105
attention,32,0,1,2048,1,267.776
attention,32,0,1,4096,1,510.464
attention,32,0,1,8192,1,996.771
attention,32,0,1,16384,1,1957.09
attention,32,0,2,16,1,28.832
attention,32,0,2,32,1,28.608
attention,32,0,2,64,1,33.377
attention,32,0,2,128,1,41.345
attention,32,0,2,256,1,56.127
attention,32,0,2,512,1,86.24
attention,32,0,2,1024,1,146.624
attention,32,0,2,2048,1,267.618
attention,32,0,2,4096,1,509.696
attention,32,0,2,8192,1,994.115
attention,32,0,2,16384,1,1966.21
attention,32,0,4,16,1,28.703
attention,32,0,4,32,1,29.023
attention,32,0,4,64,1,33.697
attention,32,0,4,128,1,41.089
attention,32,0,4,256,1,56.192
attention,32,0,4,512,1,86.303
attention,32,0,4,1024,1,147.136
attention,32,0,4,2048,1,268.895
attention,32,0,4,4096,1,514.305
attention,32,0,4,8192,1,990.722
attention,32,0,4,16384,1,1964.8
attention,32,0,8,16,1,43.104
attention,32,0,8,32,1,43.616
attention,32,0,8,64,1,53.567
attention,32,0,8,128,1,70.658
attention,32,0,8,256,1,100.896
attention,32,0,8,512,1,162.337
attention,32,0,8,1024,1,285.441
attention,32,0,8,2048,1,530.337
attention,32,0,8,4096,1,1016.07
attention,32,0,8,8192,1,1987.91
attention,32,0,8,16384,1,3938.47
attention,32,0,16,16,1,56.799
attention,32,0,16,32,1,58.078
attention,32,0,16,64,1,75.777
attention,32,0,16,128,1,99.904
attention,32,0,16,256,1,145.985
attention,32,0,16,512,1,239.042
attention,32,0,16,1024,1,422.72
attention,32,0,16,2048,1,788.928
attention,32,0,16,4096,1,1518.34
attention,32,0,16,8192,1,2990.79
attention,32,0,16,16384,1,5929.19
attention,32,0,32,16,1,85.375
attention,32,0,32,32,1,86.494
attention,32,0,32,64,1,118.784
attention,32,0,32,128,1,159.745
attention,32,0,32,256,1,237.055
attention,32,0,32,512,1,389.375
attention,32,0,32,1024,1,694.08
attention,32,0,32,2048,1,1305.54
attention,32,0,32,4096,1,2543.08
attention,32,0,32,8192,1,4986.15
attention,32,0,32,16384,1,9858.83
attention,32,0,64,16,1,140.417
attention,32,0,64,32,1,143.615
attention,32,0,64,64,1,206.273
attention,32,0,64,128,1,280.224
attention,32,0,64,256,1,422.785
attention,32,0,64,512,1,713.666
attention,32,0,64,1024,1,1295.01
attention,32,0,64,2048,1,2613.86
attention,32,0,64,4096,1,5282.51
attention,32,0,64,8192,1,10294.7
attention,32,0,64,16384,1,20608.1
attention,32,0,128,16,1,252.928
attention,32,0,128,32,1,258.048
attention,32,0,128,64,1,395.329
attention,32,0,128,128,1,564.067
attention,32,0,128,256,1,902.211
attention,32,0,128,512,1,1556.36
attention,32,0,128,1024,1,3144.23
attention,32,0,128,2048,1,9337.33
attention,32,0,128,4096,1,18320.6
attention,32,0,128,8192,1,47058.3
attention,32,0,128,16384,1,97913.4
attention,32,16,0,0,1,29.919
attention,32,16,1,16,1,29.601
attention,32,16,1,32,1,29.855
attention,32,16,1,64,1,33.857
attention,32,16,1,128,1,41.855
attention,32,16,1,256,1,55.967
attention,32,16,1,512,1,86.656
attention,32,16,1,1024,1,146.401
attention,32,16,1,2048,1,266.624
attention,32,16,1,4096,1,508.29
attention,32,16,1,8192,1,991.011
attention,32,16,1,16384,1,1952.55
attention,32,16,2,16,1,29.089
attention,32,16,2,32,1,29.09
attention,32,16,2,64,1,33.473
attention,32,16,2,128,1,40.735
attention,32,16,2,256,1,56.256
attention,32,16,2,512,1,86.272
attention,32,16,2,1024,1,146.047
attention,32,16,2,2048,1,267.968
attention,32,16,2,4096,1,511.938
attention,32,16,2,8192,1,990.148
attention,32,16,2,16384,1,1967.04
attention,32,16,4,16,1,29.024
attention,32,16,4,32,1,29.408
attention,32,16,4,64,1,34.08
attention,32,16,4,128,1,41.025
attention,32,16,4,256,1,56.224
attention,32,16,4,512,1,86.527
attention,32,16,4,1024,1,147.745
attention,32,16,4,2048,1,269.185
attention,32,16,4,4096,1,512.194
attention,32,16,4,8192,1,997.154
attention,32,16,4,16384,1,1956.68
attention,32,16,8,16,1,43.68
attention,32,16,8,32,1,44.002
attention,32,16,8,64,1,53.887
attention,32,16,8,128,1,69.952
attention,32,16,8,256,1,101.025
attention,32,16,8,512,1,162.463
attention,32,16,8,1024,1,285.282
attention,32,16,8,2048,1,530.978
attention,32,16,8,4096,1,1016.1
attention,32,16,8,8192,1,1991.17
attention,32,16,8,16384,1,3939.75
attention,32,16,16,16,1,57.826
attention,32,16,16,32,1,58.367
attention,32,16,16,64,1,75.007
attention,32,16,16,128,1,99.454
attention,32,16,16,256,1,146.815
attention,32,16,16,512,1,239.232
attention,32,16,16,1024,1,422.304
attention,32,16,16,2048,1,786.913
attention,32,16,16,4096,1,1521.09
attention,32,16,16,8192,1,2993.48
attention,32,16,16,16384,1,5920.26
attention,32,16,32,16,1,85.633
attention,32,16,32,32,1,86.881
attention,32,16,32,64,1,118.912
attention,32,16,32,128,1,159.519
attention,32,16,32,256,1,236.865
attention,32,16,32,512,1,389.889
attention,32,16,32,1024,1,694.499
attention,32,16,32,2048,1,1305.48
attention,32,16,32,4096,1,2540.71
attention,32,16,32,8192,1,4983.88
attention,32,16,32,16384,1,9855.8
attention,32,16,64,16,1,141.248
attention,32,16,64,32,1,143.201
attention,32,16,64,64,1,206.72
attention,32,16,64,128,1,280.032
attention,32,16,64,256,1,422.241
attention,32,16,64,512,1,713.698
attention,32,16,64,1024,1,1295.78
attention,32,16,64,2048,1,2618.44
attention,32,16,64,4096,1,5279.47
attention,32,16,64,8192,1,10291.3
attention,32,16,64,16384,1,20368.8
attention,32,16,128,16,1,252.449
attention,32,16,128,32,1,258.753
attention,32,16,128,64,1,396.065
attention,32,16,128,128,1,566.371
attention,32,16,128,256,1,902.499
attention,32,16,128,512,1,1574.69
attention,32,16,128,1024,1,3140.49
attention,32,16,128,2048,1,9342.62
attention,32,16,128,4096,1,18331.4
attention,32,16,128,8192,1,47100
attention,32,16,128,16384,1,97331.9
attention,32,32,0,0,1,30.336
attention,32,32,1,16,1,29.505
attention,32,32,1,32,1,29.535
attention,32,32,1,64,1,33.92
attention,32,32,1,128,1,41.696
attention,32,32,1,256,1,56.96
attention,32,32,1,512,1,86.402
attention,32,32,1,1024,1,146.304
attention,32,32,1,2048,1,267.809
attention,32,32,1,4096,1,511.777
attention,32,32,1,8192,1,991.94
attention,32,32,1,16384,1,1958.34
attention,32,32,2,16,1,28.639
attention,32,32,2,32,1,29.025
attention,32,32,2,64,1,33.409
attention,32,32,2,128,1,41.569
attention,32,32,2,256,1,55.904
attention,32,32,2,512,1,86.56
attention,32,32,2,1024,1,146.112
attention,32,32,2,2048,1,268.32
attention,32,32,2,4096,1,509.409
attention,32,32,2,8192,1,995.01
attention,32,32,2,16384,1,1964.23
attention,32,32,4,16,1,28.704
attention,32,32,4,32,1,28.608
attention,32,32,4,64,1,33.727
attention,32,32,4,128,1,41.247
attention,32,32,4,256,1,56.192
attention,32,32,4,512,1,86.721
attention,32,32,4,1024,1,147.328
attention,32,32,4,2048,1,268.415
attention,32,32,4,4096,1,511.202
attention,32,32,4,8192,1,995.17
attention,32,32,4,16384,1,1959.84
attention,32,32,8,16,1,43.744
attention,32,32,8,32,1,44.161
attention,32,32,8,64,1,54.496
attention,32,32,8,128,1,70.335
attention,32,32,8,256,1,100.577
attention,32,32,8,512,1,162.399
attention,32,32,8,1024,1,285.314
attention,32,32,8,2048,1,530.081
attention,32,32,8,4096,1,1014.21
attention,32,32,8,8192,1,1986.37
attention,32,32,8,16384,1,3946.15
attention,32,32,16,16,1,57.634
attention,32,32,16,32,1,57.889
attention,32,32,16,64,1,75.967
attention,32,32,16,128,1,99.232
attention,32,32,16,256,1,146.271
attention,32,32,16,512,1,238.623
attention,32,32,16,1024,1,422.24
attention,32,32,16,2048,1,787.747
attention,32,32,16,4096,1,1520.32
attention,32,32,16,8192,1,2987.4
attention,32,32,16,16384,1,5922.28
attention,32,32,32,16,1,85.57
attention,32,32,32,32,1,86.494
attention,32,32,32,64,1,118.208
attention,32,32,32,128,1,159.649
attention,32,32,32,256,1,236.449
attention,32,32,32,512,1,390.658
attention,32,32,32,1024,1,695.841
attention,32,32,32,2048,1,1305.67
attention,32,32,32,4096,1,2531.14
attention,32,32,32,8192,1,4987.78
attention,32,32,32,16384,1,9861.04
attention,32,32,64,16,1,140.416
attention,32,32,64,32,1,144.321
attention,32,32,64,64,1,206.689
attention,32,32,64,128,1,279.458
attention,32,32,64,256,1,421.792
attention,32,32,64,512,1,713.699
attention,32,32,64,1024,1,1294.28
attention,32,32,64,2048,1,2619.78
attention,32,32,64,4096,1,5283.92
attention,32,32,64,8192,1,10293.8
attention,32,32,64,16384,1,20381
attention,32,32,128,16,1,252.577
attention,32,32,128,32,1,259.201
attention,32,32,128,64,1,396.066
attention,32,32,128,128,1,575.808
attention,32,32,128,256,1,907.97
attention,32,32,128,512,1,1568.61
attention,32,32,128,1024,1,3143.65
attention,32,32,128,2048,1,9345.27
attention,32,32,128,4096,1,18327
attention,32,32,128,8192,1,44889.6
attention,32,32,128,16384,1,96923.8
attention,32,64,0,0,1,37.632
attention,32,64,1,16,1,34.945
attention,32,64,1,32,1,34.816
attention,32,64,1,64,1,36.257
attention,32,64,1,128,1,41.664
attention,32,64,1,256,1,55.615
attention,32,64,1,512,1,85.919
attention,32,64,1,1024,1,146.496
attention,32,64,1,2048,1,266.657
attention,32,64,1,4096,1,508.896
attention,32,64,1,8192,1,996.833
attention,32,64,1,16384,1,1955.39
attention,32,64,2,16,1,34.177
attention,32,64,2,32,1,34.113
attention,32,64,2,64,1,35.808
attention,32,64,2,128,1,41.216
attention,32,64,2,256,1,55.872
attention,32,64,2,512,1,86.497
attention,32,64,2,1024,1,147.104
attention,32,64,2,2048,1,266.879
attention,32,64,2,4096,1,509.634
attention,32,64,2,8192,1,991.619
attention,32,64,2,16384,1,1951.68
attention,32,64,4,16,1,34.368
attention,32,64,4,32,1,34.176
attention,32,64,4,64,1,35.778
attention,32,64,4,128,1,41.568
attention,32,64,4,256,1,55.777
attention,32,64,4,512,1,86.465
attention,32,64,4,1024,1,146.466
attention,32,64,4,2048,1,269.28
attention,32,64,4,4096,1,512.577
attention,32,64,4,8192,1,994.402
attention,32,64,4,16384,1,1957.35
attention,32,64,8,16,1,51.998
attention,32,64,8,32,1,52.257
attention,32,64,8,64,1,58.208
attention,32,64,8,128,1,71.968
attention,32,64,8,256,1,99.809
attention,32,64,8,512,1,161.888
attention,32,64,8,1024,1,284.735
attention,32,64,8,2048,1,529.185
attention,32,64,8,4096,1,1015.17
attention,32,64,8,8192,1,1986.95
attention,32,64,8,16384,1,3935.53
attention,32,64,16,16,1,65.313
attention,32,64,16,32,1,65.697
attention,32,64,16,64,1,79.361
attention,32,64,16,128,1,100.256
attention,32,64,16,256,1,145.696
attention,32,64,16,512,1,239.233
attention,32,64,16,1024,1,422.113
attention,32,64,16,2048,1,787.65
attention,32,64,16,4096,1,1520.52
attention,32,64,16,8192,1,2987.97
attention,32,64,16,16384,1,5929.61
attention,32,64,32,16,1,93.247
attention,32,64,32,32,1,94.976
attention,32,64,32,64,1,122.657
attention,32,64,32,128,1,160.127
attention,32,64,32,256,1,235.841
attention,32,64,32,512,1,389.568
attention,32,64,32,1024,1,694.37
attention,32,64,32,2048,1,1297.41
attention,32,64,32,4096,1,2535.36
attention,32,64,32,8192,1,4981.9
attention,32,64,32,16384,1,9858.58
attention,32,64,64,16,1,148.832
attention,32,64,64,32,1,151.968
attention,32,64,64,64,1,210.177
attention,32,64,64,128,1,281.342
attention,32,64,64,256,1,422.049
attention,32,64,64,512,1,715.619
attention,32,64,64,1024,1,1295.97
attention,32,64,64,2048,1,2619.72
attention,32,64,64,4096,1,5281.2
attention,32,64,64,8192,1,10295.5
attention,32,64,64,16384,1,20375.8
attention,32,64,128,16,1,260.195
attention,32,64,128,32,1,266.272
attention,32,64,128,64,1,399.233
attention,32,64,128,128,1,569.472
attention,32,64,128,256,1,899.65
attention,32,64,128,512,1,1571.36
attention,32,64,128,1024,1,3144.84
attention,32,64,128,2048,1,9340.5
attention,32,64,128,4096,1,18328.3
attention,32,64,128,8192,1,46394.4
attention,32,64,128,16384,1,96921.2
attention,32,128,0,0,1,44.865
attention,32,128,1,16,1,42.592
attention,32,128,1,32,1,42.783
attention,32,128,1,64,1,42.4
attention,32,128,1,128,1,43.65
attention,32,128,1,256,1,55.424
attention,32,128,1,512,1,85.504
attention,32,128,1,1024,1,146.368
attention,32,128,1,2048,1,266.017
attention,32,128,1,4096,1,509.312
attention,32,128,1,8192,1,993.793
attention,32,128,1,16384,1,1956.39
attention,32,128,2,16,1,42.048
attention,32,128,2,32,1,42.08
attention,32,128,2,64,1,41.63
attention,32,128,2,128,1,43.264
attention,32,128,2,256,1,55.744
attention,32,128,2,512,1,85.952
attention,32,128,2,1024,1,146.976
attention,32,128,2,2048,1,267.937
attention,32,128,2,4096,1,512.16
attention,32,128,2,8192,1,993.314
attention,32,128,2,16384,1,1953.09
attention,32,128,4,16,1,41.857
attention,32,128,4,32,1,41.92
attention,32,128,4,64,1,41.79
attention,32,128,4,128,1,43.041
attention,32,128,4,256,1,55.52
attention,32,128,4,512,1,86.624
attention,32,128,4,1024,1,146.496
attention,32,128,4,2048,1,269.345
attention,32,128,4,4096,1,512.481
attention,32,128,4,8192,1,996.676
attention,32,128,4,16384,1,1967.56
attention,32,128,8,16,1,59.936
attention,32,128,8,32,1,60.097
attention,32,128,8,64,1,65.984
attention,32,128,8,128,1,76.16
attention,32,128,8,256,1,99.649
attention,32,128,8,512,1,162.367
attention,32,128,8,1024,1,285.377
attention,32,128,8,2048,1,529.889
attention,32,128,8,4096,1,1015.46
attention,32,128,8,8192,1,1985.48
attention,32,128,8,16384,1,3927.72
attention,32,128,16,16,1,72.927
attention,32,128,16,32,1,73.504
attention,32,128,16,64,1,87.489
attention,32,128,16,128,1,103.969
attention,32,128,16,256,1,145.568
attention,32,128,16,512,1,239.297
attention,32,128,16,1024,1,422.465
attention,32,128,16,2048,1,787.842
attention,32,128,16,4096,1,1519.56
attention,32,128,16,8192,1,2989
attention,32,128,16,16384,1,5924.4
attention,32,128,32,16,1,101.089
attention,32,128,32,32,1,102.72
attention,32,128,32,64,1,130.591
attention,32,128,32,128,1,164.544
attention,32,128,32,256,1,235.999
attention,32,128,32,512,1,390.274
attention,32,128,32,1024,1,692.161
attention,32,128,32,2048,1,1303.52
attention,32,128,32,4096,1,2532.45
attention,32,128,32,8192,1,5000.43
attention,32,128,32,16384,1,9859.15
attention,32,128,64,16,1,157.601
attention,32,128,64,32,1,160.832
attention,32,128,64,64,1,218.593
attention,32,128,64,128,1,284.416
attention,32,128,64,256,1,423.97
attention,32,128,64,512,1,713.441
attention,32,128,64,1024,1,1296.67
attention,32,128,64,2048,1,2623.08
attention,32,128,64,4096,1,5285.29
attention,32,128,64,8192,1,10298.5
attention,32,128,64,16384,1,20415.7
attention,32,128,128,16,1,267.073
attention,32,128,128,32,1,277.408
attention,32,128,128,64,1,406.912
attention,32,128,128,128,1,572.447
attention,32,128,128,256,1,899.841
attention,32,128,128,512,1,1548.74
attention,32,128,128,1024,1,3116.39
attention,32,128,128,2048,1,9368.5
attention,32,128,128,4096,1,18337.1
attention,32,128,128,8192,1,46473.6
attention,32,128,128,16384,1,96782.2
attention,32,256,0,0,1,59.392
attention,32,256,1,16,1,57.121
attention,32,256,1,32,1,57.6
attention,32,256,1,64,1,56.768
attention,32,256,1,128,1,56.673
attention,32,256,1,256,1,58.368
attention,32,256,1,512,1,85.92
attention,32,256,1,1024,1,145.919
attention,32,256,1,2048,1,267.17
attention,32,256,1,4096,1,507.458
attention,32,256,1,8192,1,989.57
attention,32,256,1,16384,1,1947.68
attention,32,256,2,16,1,56.927
attention,32,256,2,32,1,56.77
attention,32,256,2,64,1,56.543
attention,32,256,2,128,1,56.705
attention,32,256,2,256,1,58.05
attention,32,256,2,512,1,85.887
attention,32,256,2,1024,1,146.24
attention,32,256,2,2048,1,267.168
attention,32,256,2,4096,1,513.282
attention,32,256,2,8192,1,992.065
attention,32,256,2,16384,1,1957.03
attention,32,256,4,16,1,56.993
attention,32,256,4,32,1,56.735
attention,32,256,4,64,1,56.159
attention,32,256,4,128,1,56.224
attention,32,256,4,256,1,58.337
attention,32,256,4,512,1,86.175
attention,32,256,4,1024,1,147.01
attention,32,256,4,2048,1,268.768
attention,32,256,4,4096,1,511.777
attention,32,256,4,8192,1,994.467
attention,32,256,4,16384,1,1958.91
attention,32,256,8,16,1,74.016
attention,32,256,8,32,1,74.528
attention,32,256,8,64,1,81.058
attention,32,256,8,128,1,90.048
attention,32,256,8,256,1,105.504
attention,32,256,8,512,1,161.76
attention,32,256,8,1024,1,285.249
attention,32,256,8,2048,1,528.096
attention,32,256,8,4096,1,1014.88
attention,32,256,8,8192,1,1990.44
attention,32,256,8,16384,1,3935.82
attention,32,256,16,16,1,87.936
attention,32,256,16,32,1,89.375
attention,32,256,16,64,1,102.561
attention,32,256,16,128,1,119.713
attention,32,256,16,256,1,150.688
attention,32,256,16,512,1,238.432
attention,32,256,16,1024,1,422.817
attention,32,256,16,2048,1,787.489
attention,32,256,16,4096,1,1517.19
attention,32,256,16,8192,1,2991.46
attention,32,256,16,16384,1,5911.73
attention,32,256,32,16,1,116.769
attention,32,256,32,32,1,118.016
attention,32,256,32,64,1,146.592
attention,32,256,32,128,1,180.29
attention,32,256,32,256,1,241.632
attention,32,256,32,512,1,389.12
attention,32,256,32,1024,1,693.698
attention,32,256,32,2048,1,1304.07
attention,32,256,32,4096,1,2534.92
attention,32,256,32,8192,1,4985.13
attention,32,256,32,16384,1,9850.3
attention,32,256,64,16,1,173.025
attention,32,256,64,32,1,175.682
attention,32,256,64,64,1,234.08
attention,32,256,64,128,1,299.937
attention,32,256,64,256,1,426.239
attention,32,256,64,512,1,714.563
attention,32,256,64,1024,1,1295.62
attention,32,256,64,2048,1,2620.04
attention,32,256,64,4096,1,5288.97
attention,32,256,64,8192,1,10300.6
attention,32,256,64,16384,1,20374.9
attention,32,256,128,16,1,280.96
attention,32,256,128,32,1,287.841
attention,32,256,128,64,1,424.77
attention,32,256,128,128,1,586.561
attention,32,256,128,256,1,908.292
attention,32,256,128,512,1,1572.16
attention,32,256,128,1024,1,3114.99
attention,32,256,128,2048,1,9349.91
attention,32,256,128,4096,1,18339.8
attention,32,256,128,8192,1,44333.2
attention,32,256,128,16384,1,95925.2
attention,32,512,0,0,1,89.697
attention,32,512,1,16,1,87.455
attention,32,512,1,32,1,87.327
attention,32,512,1,64,1,86.591
attention,32,512,1,128,1,87.231
attention,32,512,1,256,1,87.008
attention,32,512,1,512,1,88.319
attention,32,512,1,1024,1,145.76
attention,32,512,1,2048,1,267.714
attention,32,512,1,4096,1,507.074
attention,32,512,1,8192,1,996.962
attention,32,512,1,16384,1,1961.79
attention,32,512,2,16,1,87.009
attention,32,512,2,32,1,87.008
attention,32,512,2,64,1,86.273
attention,32,512,2,128,1,86.624
attention,32,512,2,256,1,86.688
attention,32,512,2,512,1,88.736
attention,32,512,2,1024,1,146.529
attention,32,512,2,2048,1,268.352
attention,32,512,2,4096,1,512.32
attention,32,512,2,8192,1,994.5
attention,32,512,2,16384,1,1953.09
attention,32,512,4,16,1,86.976
attention,32,512,4,32,1,87.136
attention,32,512,4,64,1,86.305
attention,32,512,4,128,1,87.168
attention,32,512,4,256,1,86.913
attention,32,512,4,512,1,88.129
attention,32,512,4,1024,1,147.456
attention,32,512,4,2048,1,269.504
attention,32,512,4,4096,1,512.224
attention,32,512,4,8192,1,997.186
attention,32,512,4,16384,1,1963.46
attention,32,512,8,16,1,103.935
attention,32,512,8,32,1,104.768
attention,32,512,8,64,1,111.681
attention,32,512,8,128,1,120.897
attention,32,512,8,256,1,136.834
attention,32,512,8,512,1,167.682
attention,32,512,8,1024,1,286.24
attention,32,512,8,2048,1,529.311
attention,32,512,8,4096,1,1013.19
attention,32,512,8,8192,1,1988.32
attention,32,512,8,16384,1,3942.02
attention,32,512,16,16,1,118.336
attention,32,512,16,32,1,119.232
attention,32,512,16,64,1,132.544
attention,32,512,16,128,1,150.882
attention,32,512,16,256,1,181.471
attention,32,512,16,512,1,243.586
attention,32,512,16,1024,1,422.304
attention,32,512,16,2048,1,787.936
attention,32,512,16,4096,1,1512.29
attention,32,512,16,8192,1,2999.94
attention,32,512,16,16384,1,5930.18
attention,32,512,32,16,1,147.136
attention,32,512,32,32,1,149.25
attention,32,512,32,64,1,176.96
attention,32,512,32,128,1,210.72
attention,32,512,32,256,1,271.137
attention,32,512,32,512,1,393.951
attention,32,512,32,1024,1,694.273
attention,32,512,32,2048,1,1302.08
attention,32,512,32,4096,1,2539.56
attention,32,512,32,8192,1,4990.51
attention,32,512,32,16384,1,9876.43
attention,32,512,64,16,1,204.256
attention,32,512,64,32,1,206.368
attention,32,512,64,64,1,264.479
attention,32,512,64,128,1,331.905
attention,32,512,64,256,1,457.952
attention,32,512,64,512,1,722.209
attention,32,512,64,1024,1,1300.55
attention,32,512,64,2048,1,2630.15
attention,32,512,64,4096,1,5295.34
attention,32,512,64,8192,1,10284.2
attention,32,512,64,16384,1,20387.6
attention,32,512,128,16,1,315.68
attention,32,512,128,32,1,326.848
attention,32,512,128,64,1,456.64
attention,32,512,128,128,1,619.618
attention,32,512,128,256,1,942.178
attention,32,512,128,512,1,1585.22
attention,32,512,128,1024,1,3152.87
attention,32,512,128,2048,1,9396.47
attention,32,512,128,4096,1,18364.8
attention,32,512,128,8192,1,47237.6
attention,32,512,128,16384,1,95392.6
attention,32,1024,0,0,1,150.464
attention,32,1024,1,16,1,147.681
attention,32,1024,1,32,1,147.618
attention,32,1024,1,64,1,146.911
attention,32,1024,1,128,1,147.519
attention,32,1024,1,256,1,148.034
attention,32,1024,1,512,1,148.063
attention,32,1024,1,1024,1,148.895
attention,32,1024,1,2048,1,267.776
attention,32,1024,1,4096,1,509.281
attention,32,1024,1,8192,1,991.073
attention,32,1024,1,16384,1,1952
attention,32,1024,2,16,1,147.905
attention,32,1024,2,32,1,147.647
attention,32,1024,2,64,1,147.264
attention,32,1024,2,128,1,146.72
attention,32,1024,2,256,1,147.744
attention,32,1024,2,512,1,147.745
attention,32,1024,2,1024,1,149.089
attention,32,1024,2,2048,1,267.521
attention,32,1024,2,4096,1,507.681
attention,32,1024,2,8192,1,992.962
attention,32,1024,2,16384,1,1959.69
attention,32,1024,4,16,1,147.072
attention,32,1024,4,32,1,147.456
attention,32,1024,4,64,1,147.648
attention,32,1024,4,128,1,147.488
attention,32,1024,4,256,1,147.937
attention,32,1024,4,512,1,148.191
attention,32,1024,4,1024,1,149.408
attention,32,1024,4,2048,1,269.889
attention,32,1024,4,4096,1,513.411
attention,32,1024,4,8192,1,999.105
attention,32,1024,4,16384,1,1962.47
attention,32,1024,8,16,1,165.248
attention,32,1024,8,32,1,166.08
attention,32,1024,8,64,1,171.745
attention,32,1024,8,128,1,180.511
attention,32,1024,8,256,1,197.089
attention,32,1024,8,512,1,228.417
attention,32,1024,8,1024,1,291.361
attention,32,1024,8,2048,1,529.281
attention,32,1024,8,4096,1,1016.26
attention,32,1024,8,8192,1,1985.73
attention,32,1024,8,16384,1,3938.57
attention,32,1024,16,16,1,177.856
attention,32,1024,16,32,1,179.489
attention,32,1024,16,64,1,193.377
attention,32,1024,16,128,1,210.721
attention,32,1024,16,256,1,243.296
attention,32,1024,16,512,1,304.288
attention,32,1024,16,1024,1,427.807
attention,32,1024,16,2048,1,788.034
attention,32,1024,16,4096,1,1520.39
attention,32,1024,16,8192,1,2996.52
attention,32,1024,16,16384,1,5923.05
attention,32,1024,32,16,1,207.042
attention,32,1024,32,32,1,208.64
attention,32,1024,32,64,1,236.896
attention,32,1024,32,128,1,271.073
attention,32,1024,32,256,1,333.536
attention,32,1024,32,512,1,455.265
attention,32,1024,32,1024,1,701.472
attention,32,1024,32,2048,1,1305.76
attention,32,1024,32,4096,1,2533.12
attention,32,1024,32,8192,1,4998.25
attention,32,1024,32,16384,1,9856.33
attention,32,1024,64,16,1,265.665
attention,32,1024,64,32,1,268.193
attention,32,1024,64,64,1,327.489
attention,32,1024,64,128,1,392.513
attention,32,1024,64,256,1,521.794
attention,32,1024,64,512,1,784.544
attention,32,1024,64,1024,1,1305.95
attention,32,1024,64,2048,1,2651.68
attention,32,1024,64,4096,1,5281.51
attention,32,1024,64,8192,1,10345.7
attention,32,1024,64,16384,1,20414.7
attention,32,1024,128,16,1,387.489
attention,32,1024,128,32,1,391.456
attention,32,1024,128,64,1,521.505
attention,32,1024,128,128,1,685.25
attention,32,1024,128,256,1,1004.32
attention,32,1024,128,512,1,1650.98
attention,32,1024,128,1024,1,3117.8
attention,32,1024,128,2048,1,9566.32
attention,32,1024,128,4096,1,21838.1
attention,32,1024,128,8192,1,48155.9
attention,32,1024,128,16384,1,97430.5
attention,32,2048,0,0,1,270.496
attention,32,2048,1,16,1,268.705
attention,32,2048,1,32,1,269.186
attention,32,2048,1,64,1,267.905
attention,32,2048,1,128,1,267.457
attention,32,2048,1,256,1,267.97
attention,32,2048,1,512,1,267.906
attention,32,2048,1,1024,1,267.68
attention,32,2048,1,2048,1,269.121
attention,32,2048,1,4096,1,507.937
attention,32,2048,1,8192,1,989.25
attention,32,2048,1,16384,1,1959.14
attention,32,2048,2,16,1,267.199
attention,32,2048,2,32,1,268.417
attention,32,2048,2,64,1,267.359
attention,32,2048,2,128,1,268.001
attention,32,2048,2,256,1,267.36
attention,32,2048,2,512,1,268.512
attention,32,2048,2,1024,1,268.128
attention,32,2048,2,2048,1,270.497
attention,32,2048,2,4096,1,509.952
attention,32,2048,2,8192,1,999.171
attention,32,2048,2,16384,1,1957.32
attention,32,2048,4,16,1,267.009
attention,32,2048,4,32,1,268.767
attention,32,2048,4,64,1,268.576
attention,32,2048,4,128,1,267.969
attention,32,2048,4,256,1,268.608
attention,32,2048,4,512,1,269.631
attention,32,2048,4,1024,1,270.272
attention,32,2048,4,2048,1,271.234
attention,32,2048,4,4096,1,513.09
attention,32,2048,4,8192,1,996.929
attention,32,2048,4,16384,1,1968.07
attention,32,2048,8,16,1,286.047
attention,32,2048,8,32,1,285.025
attention,32,2048,8,64,1,291.81
attention,32,2048,8,128,1,302.659
attention,32,2048,8,256,1,316.641
attention,32,2048,8,512,1,349.633
attention,32,2048,8,1024,1,411.074
attention,32,2048,8,2048,1,535.937
attention,32,2048,8,4096,1,1015.46
attention,32,2048,8,8192,1,1995.59
attention,32,2048,8,16384,1,3944.84
attention,32,2048,16,16,1,299.234
attention,32,2048,16,32,1,300.8
attention,32,2048,16,64,1,313.216
attention,32,2048,16,128,1,331.264
attention,32,2048,16,256,1,362.944
attention,32,2048,16,512,1,426.24
attention,32,2048,16,1024,1,546.946
attention,32,2048,16,2048,1,791.01
attention,32,2048,16,4096,1,1518.59
attention,32,2048,16,8192,1,2992.52
attention,32,2048,16,16384,1,5919.31
attention,32,2048,32,16,1,326.976
attention,32,2048,32,32,1,329.057
attention,32,2048,32,64,1,358.433
attention,32,2048,32,128,1,391.297
attention,32,2048,32,256,1,454.114
attention,32,2048,32,512,1,576.832
attention,32,2048,32,1024,1,822.114
attention,32,2048,32,2048,1,1308.93
attention,32,2048,32,4096,1,2543.23
attention,32,2048,32,8192,1,5013.23
attention,32,2048,32,16384,1,9905.84
attention,32,2048,64,16,1,385.889
attention,32,2048,64,32,1,388.417
attention,32,2048,64,64,1,448.961
attention,32,2048,64,128,1,516.928
attention,32,2048,64,256,1,645.187
attention,32,2048,64,512,1,910.113
attention,32,2048,64,1024,1,1439.01
attention,32,2048,64,2048,1,2797.73
attention,32,2048,64,4096,1,5788.62
attention,32,2048,64,8192,1,11345.3
attention,32,2048,64,16384,1,23416.4
attention,32,2048,128,16,1,507.778
attention,32,2048,128,32,1,514.976
attention,32,2048,128,64,1,655.68
attention,32,2048,128,128,1,812.835
attention,32,2048,128,256,1,1137.44
attention,32,2048,128,512,1,1770.69
attention,32,2048,128,1024,1,3394.79
attention,32,2048,128,2048,1,9686.13
attention,32,2048,128,4096,1,19877.2
attention,32,2048,128,8192,1,47219.1
attention,32,2048,128,16384,1,98601.2
attention,32,4096,0,0,1,511.234
attention,32,4096,1,16,1,510.081
attention,32,4096,1,32,1,509.631
attention,32,4096,1,64,1,511.616
attention,32,4096,1,128,1,509.346
attention,32,4096,1,256,1,509.889
attention,32,4096,1,512,1,509.663
attention,32,4096,1,1024,1,509.441
attention,32,4096,1,2048,1,509.633
attention,32,4096,1,4096,1,510.335
attention,32,4096,1,8192,1,992.93
attention,32,4096,1,16384,1,1949.35
attention,32,4096,2,16,1,508.899
attention,32,4096,2,32,1,511.744
attention,32,4096,2,64,1,512.32
attention,32,4096,2,128,1,509.441
attention,32,4096,2,256,1,511.36
attention,32,4096,2,512,1,511.776
attention,32,4096,2,1024,1,510.977
attention,32,4096,2,2048,1,510.721
attention,32,4096,2,4096,1,511.04
attention,32,4096,2,8192,1,993.667
attention,32,4096,2,16384,1,1954.05
attention,32,4096,4,16,1,510.178
attention,32,4096,4,32,1,510.304
attention,32,4096,4,64,1,510.399
attention,32,4096,4,128,1,511.744
attention,32,4096,4,256,1,510.562
attention,32,4096,4,512,1,510.528
attention,32,4096,4,1024,1,510.113
attention,32,4096,4,2048,1,513.568
attention,32,4096,4,4096,1,515.073
attention,32,4096,4,8192,1,999.682
attention,32,4096,4,16384,1,1973.16
attention,32,4096,8,16,1,529.858
attention,32,4096,8,32,1,529.761
attention,32,4096,8,64,1,533.09
attention,32,4096,8,128,1,541.761
attention,32,4096,8,256,1,558.179
attention,32,4096,8,512,1,593.569
attention,32,4096,8,1024,1,653.538
attention,32,4096,8,2048,1,775.714
attention,32,4096,8,4096,1,1020.74
attention,32,4096,8,8192,1,1991.11
attention,32,4096,8,16384,1,3946.85
attention,32,4096,16,16,1,542.401
attention,32,4096,16,32,1,542.017
attention,32,4096,16,64,1,556.131
attention,32,4096,16,128,1,570.881
attention,32,4096,16,256,1,604.931
attention,32,4096,16,512,1,668.032
attention,32,4096,16,1024,1,788.449
attention,32,4096,16,2048,1,1032
attention,32,4096,16,4096,1,1525.51
attention,32,4096,16,8192,1,2997.8
attention,32,4096,16,16384,1,5937.96
attention,32,4096,32,16,1,568.16
attention,32,4096,32,32,1,570.144
attention,32,4096,32,64,1,599.232
attention,32,4096,32,128,1,635.202
attention,32,4096,32,256,1,695.585
attention,32,4096,32,512,1,819.106
attention,32,4096,32,1024,1,1062.27
attention,32,4096,32,2048,1,1551.62
attention,32,4096,32,4096,1,2577.61
attention,32,4096,32,8192,1,5064.33
attention,32,4096,32,16384,1,10021.3
attention,32,4096,64,16,1,628.866
attention,32,4096,64,32,1,631.488
attention,32,4096,64,64,1,692.002
attention,32,4096,64,128,1,754.817
attention,32,4096,64,256,1,886.593
attention,32,4096,64,512,1,1160.32
attention,32,4096,64,1024,1,1698.88
attention,32,4096,64,2048,1,3162.4
attention,32,4096,64,4096,1,5615.18
attention,32,4096,64,8192,1,11794.9
attention,32,4096,64,16384,1,26542.4
attention,32,4096,128,16,1,754.527
attention,32,4096,128,32,1,757.152
attention,32,4096,128,64,1,897.186
attention,32,4096,128,128,1,1060
attention,32,4096,128,256,1,1378.43
attention,32,4096,128,512,1,2024.55
attention,32,4096,128,1024,1,3732.74
attention,32,4096,128,2048,1,10219.3
attention,32,4096,128,4096,1,22710.2
attention,32,4096,128,8192,1,48850.7
attention,32,4096,128,16384,1,97974.9
attention,32,8192,0,0,1,994.529
attention,32,8192,1,16,1,995.459
attention,32,8192,1,32,1,993.987
attention,32,8192,1,64,1,994.113
attention,32,8192,1,128,1,993.569
attention,32,8192,1,256,1,993.154
attention,32,8192,1,512,1,997.025
attention,32,8192,1,1024,1,992.994
attention,32,8192,1,2048,1,996.482
attention,32,8192,1,4096,1,997.635
attention,32,8192,1,8192,1,995.842
attention,32,8192,1,16384,1,1951.68
attention,32,8192,2,16,1,995.267
attention,32,8192,2,32,1,991.809
attention,32,8192,2,64,1,995.236
attention,32,8192,2,128,1,998.21
attention,32,8192,2,256,1,994.913
attention,32,8192,2,512,1,990.754
attention,32,8192,2,1024,1,995.265
attention,32,8192,2,2048,1,993.663
attention,32,8192,2,4096,1,992.482
attention,32,8192,2,8192,1,994.753
attention,32,8192,2,16384,1,1961.92
attention,32,8192,4,16,1,996.227
attention,32,8192,4,32,1,991.873
attention,32,8192,4,64,1,995.424
attention,32,8192,4,128,1,992.418
attention,32,8192,4,256,1,999.297
attention,32,8192,4,512,1,996.833
attention,32,8192,4,1024,1,998.657
attention,32,8192,4,2048,1,1000.67
attention,32,8192,4,4096,1,999.294
attention,32,8192,4,8192,1,999.649
attention,32,8192,4,16384,1,1967.49
attention,32,8192,8,16,1,1007.84
attention,32,8192,8,32,1,1010.02
attention,32,8192,8,64,1,1015.11
attention,32,8192,8,128,1,1027.39
attention,32,8192,8,256,1,1040.99
attention,32,8192,8,512,1,1075.14
attention,32,8192,8,1024,1,1134.34
attention,32,8192,8,2048,1,1261.92
attention,32,8192,8,4096,1,1506.15
attention,32,8192,8,8192,1,1994.66
attention,32,8192,8,16384,1,3944.49
attention,32,8192,16,16,1,1022.72
attention,32,8192,16,32,1,1025.41
attention,32,8192,16,64,1,1041.99
attention,32,8192,16,128,1,1052.61
attention,32,8192,16,256,1,1085.99
attention,32,8192,16,512,1,1153.67
attention,32,8192,16,1024,1,1274.37
attention,32,8192,16,2048,1,1518.59
attention,32,8192,16,4096,1,2008.77
attention,32,8192,16,8192,1,3000.29
attention,32,8192,16,16384,1,5930.12
attention,32,8192,32,16,1,1052.16
attention,32,8192,32,32,1,1051.97
attention,32,8192,32,64,1,1084.23
attention,32,8192,32,128,1,1114.98
attention,32,8192,32,256,1,1178.31
attention,32,8192,32,512,1,1304.2
attention,32,8192,32,1024,1,1551.17
attention,32,8192,32,2048,1,2053.99
attention,32,8192,32,4096,1,3110.69
attention,32,8192,32,8192,1,5048.07
attention,32,8192,32,16384,1,10013.4
attention,32,8192,64,16,1,1112.26
attention,32,8192,64,32,1,1116.64
attention,32,8192,64,64,1,1172.58
attention,32,8192,64,128,1,1239.78
attention,32,8192,64,256,1,1371.94
attention,32,8192,64,512,1,1641.19
attention,32,8192,64,1024,1,2212.68
attention,32,8192,64,2048,1,3776.71
attention,32,8192,64,4096,1,6439.15
attention,32,8192,64,8192,1,11019.4
attention,32,8192,64,16384,1,23479.6
attention,32,8192,128,16,1,1230.4
attention,32,8192,128,32,1,1237.03
attention,32,8192,128,64,1,1376.23
attention,32,8192,128,128,1,1543.33
attention,32,8192,128,256,1,1876.07
attention,32,8192,128,512,1,2504.36
attention,32,8192,128,1024,1,4349.48
attention,32,8192,128,2048,1,10734.1
attention,32,8192,128,4096,1,19814.2
attention,32,8192,128,8192,1,48570.9
attention,32,8192,128,16384,1,98112.5
attention,32,16384,0,0,1,1970.85
attention,32,16384,1,16,1,1956.55
attention,32,16384,1,32,1,1952.71
attention,32,16384,1,64,1,1963.24
attention,32,16384,1,128,1,1959.46
attention,32,16384,1,256,1,1963.94
attention,32,16384,1,512,1,1960.8
attention,32,16384,1,1024,1,1960.04
attention,32,16384,1,2048,1,1956.9
attention,32,16384,1,4096,1,1963.94
attention,32,16384,1,8192,1,1953.51
attention,32,16384,1,16384,1,1969.03
attention,32,16384,2,16,1,1970.02
attention,32,16384,2,32,1,1960.26
attention,32,16384,2,64,1,1959.53
attention,32,16384,2,128,1,1953.32
attention,32,16384,2,256,1,1961.19
attention,32,16384,2,512,1,1963.11
attention,32,16384,2,1024,1,1971.2
attention,32,16384,2,2048,1,1963.65
attention,32,16384,2,4096,1,1960.45
attention,32,16384,2,8192,1,1966.18
attention,32,16384,2,16384,1,1960
attention,32,16384,4,16,1,1959.97
attention,32,16384,4,32,1,1962.24
attention,32,16384,4,64,1,1954.72
attention,32,16384,4,128,1,1965.99
attention,32,16384,4,256,1,1966.56
attention,32,16384,4,512,1,1955.94
attention,32,16384,4,1024,1,1966.82
attention,32,16384,4,2048,1,1969.86
attention,32,16384,4,4096,1,1966.98
attention,32,16384,4,8192,1,1972.74
attention,32,16384,4,16384,1,1968.9
attention,32,16384,8,16,1,1972.58
attention,32,16384,8,32,1,1975.46
attention,32,16384,8,64,1,1986.53
attention,32,16384,8,128,1,1987.01
attention,32,16384,8,256,1,1999.11
attention,32,16384,8,512,1,2035.11
attention,32,16384,8,1024,1,2108.26
attention,32,16384,8,2048,1,2225.99
attention,32,16384,8,4096,1,2474.63
attention,32,16384,8,8192,1,2953.8
attention,32,16384,8,16384,1,3956.2
attention,32,16384,16,16,1,1988.61
attention,32,16384,16,32,1,1989
attention,32,16384,16,64,1,2009
attention,32,16384,16,128,1,2023.71
attention,32,16384,16,256,1,2054.27
attention,32,16384,16,512,1,2119.94
attention,32,16384,16,1024,1,2247.88
attention,32,16384,16,2048,1,2490.69
attention,32,16384,16,4096,1,2983.52
attention,32,16384,16,8192,1,3969.54
attention,32,16384,16,16384,1,5930.03
attention,32,16384,32,16,1,2010.98
attention,32,16384,32,32,1,2023.65
attention,32,16384,32,64,1,2046.24
attention,32,16384,32,128,1,2082.27
attention,32,16384,32,256,1,2142.76
attention,32,16384,32,512,1,2271.01
attention,32,16384,32,1024,1,2522.05
attention,32,16384,32,2048,1,3024.9
attention,32,16384,32,4096,1,4121.48
attention,32,16384,32,8192,1,6112.17
attention,32,16384,32,16384,1,9964.53
attention,32,16384,64,16,1,2077.38
attention,32,16384,64,32,1,2083.36
attention,32,16384,64,64,1,2143.33
attention,32,16384,64,128,1,2197
attention,32,16384,64,256,1,2346.63
attention,32,16384,64,512,1,2621.96
attention,32,16384,64,1024,1,3186.6
attention,32,16384,64,2048,1,4831.56
attention,32,16384,64,4096,1,7684.46
attention,32,16384,64,8192,1,12643.3
attention,32,16384,64,16384,1,21878
attention,32,16384,128,16,1,2212.77
attention,32,16384,128,32,1,2208.29
attention,32,16384,128,64,1,2356.23
attention,32,16384,128,128,1,2515.91
attention,32,16384,128,256,1,2841.83
attention,32,16384,128,512,1,3488.9
attention,32,16384,128,1024,1,5507.79
attention,32,16384,128,2048,1,12149.3
attention,32,16384,128,4096,1,21155.5
attention,32,16384,128,8192,1,48726.3
attention,32,16384,128,16384,1,99365.7
attention,64,0,0,0,1,31.875
attention,64,0,1,16,1,30.594
attention,64,0,1,32,1,30.785
attention,64,0,1,64,1,33.664
attention,64,0,1,128,1,41.76
attention,64,0,1,256,1,56.544
attention,64,0,1,512,1,86.688
attention,64,0,1,1024,1,147.042
attention,64,0,1,2048,1,267.297
attention,64,0,1,4096,1,511.072
attention,64,0,1,8192,1,998.274
attention,64,0,1,16384,1,1962.24
attention,64,0,2,16,1,30.239
attention,64,0,2,32,1,30.752
attention,64,0,2,64,1,34.336
attention,64,0,2,128,1,41.471
attention,64,0,2,256,1,56.544
attention,64,0,2,512,1,86.881
attention,64,0,2,1024,1,148.096
attention,64,0,2,2048,1,268.547
attention,64,0,2,4096,1,513.153
attention,64,0,2,8192,1,991.777
attention,64,0,2,16384,1,1963.14
attention,64,0,4,16,1,29.632
attention,64,0,4,32,1,29.664
attention,64,0,4,64,1,34.143
attention,64,0,4,128,1,41.249
attention,64,0,4,256,1,56.416
attention,64,0,4,512,1,86.814
attention,64,0,4,1024,1,148.064
attention,64,0,4,2048,1,269.792
attention,64,0,4,4096,1,512.801
attention,64,0,4,8192,1,1000.39
attention,64,0,4,16384,1,1967.52
attention,64,0,8,16,1,45.697
attention,64,0,8,32,1,45.76
attention,64,0,8,64,1,54.526
attention,64,0,8,128,1,70.624
attention,64,0,8,256,1,100.736
attention,64,0,8,512,1,162.881
attention,64,0,8,1024,1,285.695
attention,64,0,8,2048,1,529.506
attention,64,0,8,4096,1,1018.34
attention,64,0,8,8192,1,1993.06
attention,64,0,8,16384,1,3952.42
attention,64,0,16,16,1,58.88
attention,64,0,16,32,1,60.159
attention,64,0,16,64,1,76.577
attention,64,0,16,128,1,100.352
attention,64,0,16,256,1,147.04
attention,64,0,16,512,1,239.424
attention,64,0,16,1024,1,422.913
attention,64,0,16,2048,1,787.874
attention,64,0,16,4096,1,1523.97
attention,64,0,16,8192,1,3001.89
attention,64,0,16,16384,1,5918.67
attention,64,0,32,16,1,86.655
attention,64,0,32,32,1,88.479
attention,64,0,32,64,1,120.033
attention,64,0,32,128,1,159.489
attention,64,0,32,256,1,237.28
attention,64,0,32,512,1,389.506
attention,64,0,32,1024,1,696.256
attention,64,0,32,2048,1,1305.32
attention,64,0,32,4096,1,2535.97
attention,64,0,32,8192,1,4995.56
attention,64,0,32,16384,1,9889.49
attention,64,0,64,16,1,142.625
attention,64,0,64,32,1,145.504
attention,64,0,64,64,1,207.295
attention,64,0,64,128,1,280.64
attention,64,0,64,256,1,422.273
attention,64,0,64,512,1,716.066
attention,64,0,64,1024,1,1299.84
attention,64,0,64,2048,1,2626.76
attention,64,0,64,4096,1,5285.58
attention,64,0,64,8192,1,10301.5
attention,64,0,64,16384,1,20368.8
attention,64,0,128,16,1,253.888
attention,64,0,128,32,1,260.577
attention,64,0,128,64,1,395.907
attention,64,0,128,128,1,566.048
attention,64,0,128,256,1,905.412
attention,64,0,128,512,1,1559.71
attention,64,0,128,1024,1,3150.76
attention,64,0,128,2048,1,9356.31
attention,64,0,128,4096,1,18330.1
attention,64,0,128,8192,1,46926.7
attention,64,0,128,16384,1,95587.5
attention,64,16,0,0,1,39.167
attention,64,16,1,16,1,35.872
attention,64,16,1,32,1,35.744
attention,64,16,1,64,1,37.311
attention,64,16,1,128,1,41.536
attention,64,16,1,256,1,55.711
attention,64,16,1,512,1,85.696
attention,64,16,1,1024,1,146.369
attention,64,16,1,2048,1,267.457
attention,64,16,1,4096,1,508.321
attention,64,16,1,8192,1,992.003
attention,64,16,1,16384,1,1955.46
attention,64,16,2,16,1,35.231
attention,64,16,2,32,1,35.808
attention,64,16,2,64,1,36.64
attention,64,16,2,128,1,41.408
attention,64,16,2,256,1,56.64
attention,64,16,2,512,1,86.592
attention,64,16,2,1024,1,147.232
attention,64,16,2,2048,1,267.936
attention,64,16,2,4096,1,506.657
attention,64,16,2,8192,1,995.426
attention,64,16,2,16384,1,1958.34
attention,64,16,4,16,1,35.264
attention,64,16,4,32,1,35.584
attention,64,16,4,64,1,36.353
attention,64,16,4,128,1,41.535
attention,64,16,4,256,1,56.097
attention,64,16,4,512,1,87.136
attention,64,16,4,1024,1,147.968
attention,64,16,4,2048,1,268.864
attention,64,16,4,4096,1,512.352
attention,64,16,4,8192,1,997.538
attention,64,16,4,16384,1,1964.58
attention,64,16,8,16,1,53.217
attention,64,16,8,32,1,53.12
attention,64,16,8,64,1,59.328
attention,64,16,8,128,1,72.352
attention,64,16,8,256,1,99.744
attention,64,16,8,512,1,162.08
attention,64,16,8,1024,1,284.128
attention,64,16,8,2048,1,530.274
attention,64,16,8,4096,1,1017.25
attention,64,16,8,8192,1,1989.19
attention,64,16,8,16384,1,3945.1
attention,64,16,16,16,1,66.882
attention,64,16,16,32,1,67.009
attention,64,16,16,64,1,80.288
attention,64,16,16,128,1,99.391
attention,64,16,16,256,1,145.985
attention,64,16,16,512,1,238.434
attention,64,16,16,1024,1,422.656
attention,64,16,16,2048,1,787.616
attention,64,16,16,4096,1,1524.96
attention,64,16,16,8192,1,2999.91
attention,64,16,16,16384,1,5919.28
attention,64,16,32,16,1,94.24
attention,64,16,32,32,1,96.895
attention,64,16,32,64,1,123.681
attention,64,16,32,128,1,161.376
attention,64,16,32,256,1,237.153
attention,64,16,32,512,1,389.922
attention,64,16,32,1024,1,695.521
attention,64,16,32,2048,1,1306.69
attention,64,16,32,4096,1,2537.92
attention,64,16,32,8192,1,4994.44
attention,64,16,32,16384,1,9871.09
attention,64,16,64,16,1,149.824
attention,64,16,64,32,1,153.474
attention,64,16,64,64,1,210.817
attention,64,16,64,128,1,283.169
attention,64,16,64,256,1,421.985
attention,64,16,64,512,1,714.528
attention,64,16,64,1024,1,1301.32
attention,64,16,64,2048,1,2621.19
attention,64,16,64,4096,1,5288.52
attention,64,16,64,8192,1,10296
attention,64,16,64,16384,1,20469.8
attention,64,16,128,16,1,256.257
attention,64,16,128,32,1,268.513
attention,64,16,128,64,1,400.482
attention,64,16,128,128,1,572.417
attention,64,16,128,256,1,900.708
attention,64,16,128,512,1,1572.32
attention,64,16,128,1024,1,3145.41
attention,64,16,128,2048,1,9357.3
attention,64,16,128,4096,1,18334.9
attention,64,16,128,8192,1,46669.8
attention,64,16,128,16384,1,97222.1
attention,64,32,0,0,1,39.777
attention,64,32,1,16,1,35.808
attention,64,32,1,32,1,36.287
attention,64,32,1,64,1,36.577
attention,64,32,1,128,1,41.087
attention,64,32,1,256,1,56.384
attention,64,32,1,512,1,85.985
attention,64,32,1,1024,1,146.272
attention,64,32,1,2048,1,267.713
attention,64,32,1,4096,1,512.227
attention,64,32,1,8192,1,995.17
attention,64,32,1,16384,1,1969.44
attention,64,32,2,16,1,35.936
attention,64,32,2,32,1,35.456
attention,64,32,2,64,1,36.511
attention,64,32,2,128,1,42.016
attention,64,32,2,256,1,56.576
attention,64,32,2,512,1,86.785
attention,64,32,2,1024,1,147.04
attention,64,32,2,2048,1,269.344
attention,64,32,2,4096,1,511.744
attention,64,32,2,8192,1,997.09
attention,64,32,2,16384,1,1962.85
attention,64,32,4,16,1,35.681
attention,64,32,4,32,1,35.81
attention,64,32,4,64,1,36.48
attention,64,32,4,128,1,41.602
attention,64,32,4,256,1,56.098
attention,64,32,4,512,1,86.879
attention,64,32,4,1024,1,147.776
attention,64,32,4,2048,1,270.144
attention,64,32,4,4096,1,513.441
attention,64,32,4,8192,1,998.721
attention,64,32,4,16384,1,1969.99
attention,64,32,8,16,1,53.023
attention,64,32,8,32,1,53.6
attention,64,32,8,64,1,59.777
attention,64,32,8,128,1,73.185
attention,64,32,8,256,1,99.936
attention,64,32,8,512,1,162.176
attention,64,32,8,1024,1,284.546
attention,64,32,8,2048,1,529.024
attention,64,32,8,4096,1,1018.11
attention,64,32,8,8192,1,1990.69
attention,64,32,8,16384,1,3945.93
attention,64,32,16,16,1,66.59
attention,64,32,16,32,1,67.585
attention,64,32,16,64,1,80.96
attention,64,32,16,128,1,99.711
attention,64,32,16,256,1,146.561
attention,64,32,16,512,1,239.712
attention,64,32,16,1024,1,423.33
attention,64,32,16,2048,1,787.617
attention,64,32,16,4096,1,1522.21
attention,64,32,16,8192,1,2995.4
attention,64,32,16,16384,1,5919.56
attention,64,32,32,16,1,95.136
attention,64,32,32,32,1,97.152
attention,64,32,32,64,1,124.254
attention,64,32,32,128,1,160.511
attention,64,32,32,256,1,237.472
attention,64,32,32,512,1,389.794
attention,64,32,32,1024,1,697.185
attention,64,32,32,2048,1,1307.01
attention,64,32,32,4096,1,2535.43
attention,64,32,32,8192,1,4993.54
attention,64,32,32,16384,1,9866.13
attention,64,32,64,16,1,150.689
attention,64,32,64,32,1,154.145
attention,64,32,64,64,1,210.816
attention,64,32,64,128,1,282.56
attention,64,32,64,256,1,422.433
attention,64,32,64,512,1,714.56
attention,64,32,64,1024,1,1300.1
attention,64,32,64,2048,1,2625.64
attention,64,32,64,4096,1,5290.12
attention,64,32,64,8192,1,10298.5
attention,64,32,64,16384,1,20377.1
attention,64,32,128,16,1,261.953
attention,64,32,128,32,1,270.496
attention,64,32,128,64,1,401.695
attention,64,32,128,128,1,573.536
attention,64,32,128,256,1,904.096
attention,64,32,128,512,1,1574.5
attention,64,32,128,1024,1,3149.99
attention,64,32,128,2048,1,9362.51
attention,64,32,128,4096,1,18332.1
attention,64,32,128,8192,1,46581.6
attention,64,32,128,16384,1,97664.7
attention,64,64,0,0,1,39.84
attention,64,64,1,16,1,36.48
attention,64,64,1,32,1,36.543
attention,64,64,1,64,1,36.895
attention,64,64,1,128,1,41.407
attention,64,64,1,256,1,55.615
attention,64,64,1,512,1,85.856
attention,64,64,1,1024,1,146.369
attention,64,64,1,2048,1,265.985
attention,64,64,1,4096,1,509.502
attention,64,64,1,8192,1,996.706
attention,64,64,1,16384,1,1966.72
attention,64,64,2,16,1,36.288
attention,64,64,2,32,1,36.193
attention,64,64,2,64,1,36.738
attention,64,64,2,128,1,41.665
attention,64,64,2,256,1,56.224
attention,64,64,2,512,1,86.752
attention,64,64,2,1024,1,147.455
attention,64,64,2,2048,1,268.32
attention,64,64,2,4096,1,509.954
attention,64,64,2,8192,1,994.274
attention,64,64,2,16384,1,1970.66
attention,64,64,4,16,1,36.192
attention,64,64,4,32,1,36.289
attention,64,64,4,64,1,36.255
attention,64,64,4,128,1,41.665
attention,64,64,4,256,1,56.321
attention,64,64,4,512,1,86.464
attention,64,64,4,1024,1,147.424
attention,64,64,4,2048,1,269.184
attention,64,64,4,4096,1,513.889
attention,64,64,4,8192,1,1000.38
attention,64,64,4,16384,1,1976.77
attention,64,64,8,16,1,53.856
attention,64,64,8,32,1,54.56
attention,64,64,8,64,1,60.384
attention,64,64,8,128,1,73.056
attention,64,64,8,256,1,99.968
attention,64,64,8,512,1,162.562
attention,64,64,8,1024,1,285.153
attention,64,64,8,2048,1,529.602
attention,64,64,8,4096,1,1020.16
attention,64,64,8,8192,1,1993.6
attention,64,64,8,16384,1,3946.95
attention,64,64,16,16,1,67.745
attention,64,64,16,32,1,68.577
attention,64,64,16,64,1,81.473
attention,64,64,16,128,1,100.639
attention,64,64,16,256,1,145.953
attention,64,64,16,512,1,239.007
attention,64,64,16,1024,1,423.137
attention,64,64,16,2048,1,789.026
attention,64,64,16,4096,1,1520.42
attention,64,64,16,8192,1,3000.97
attention,64,64,16,16384,1,5916.84
attention,64,64,32,16,1,96
attention,64,64,32,32,1,97.217
attention,64,64,32,64,1,124.29
attention,64,64,32,128,1,160.671
attention,64,64,32,256,1,237.184
attention,64,64,32,512,1,389.73
attention,64,64,32,1024,1,695.808
attention,64,64,32,2048,1,1308.74
attention,64,64,32,4096,1,2536.8
attention,64,64,32,8192,1,4986.92
attention,64,64,32,16384,1,9849.1
attention,64,64,64,16,1,150.912
attention,64,64,64,32,1,154.016
attention,64,64,64,64,1,212.002
attention,64,64,64,128,1,281.89
attention,64,64,64,256,1,422.56
attention,64,64,64,512,1,715.872
attention,64,64,64,1024,1,1299.94
attention,64,64,64,2048,1,2625.48
attention,64,64,64,4096,1,5286.92
attention,64,64,64,8192,1,10304.6
attention,64,64,64,16384,1,20400.2
attention,64,64,128,16,1,264.033
attention,64,64,128,32,1,269.633
attention,64,64,128,64,1,401.218
attention,64,64,128,128,1,574.497
attention,64,64,128,256,1,900.865
attention,64,64,128,512,1,1575.04
attention,64,64,128,1024,1,3145.86
attention,64,64,128,2048,1,9362.42
attention,64,64,128,4096,1,18338.2
attention,64,64,128,8192,1,46630.1
attention,64,64,128,16384,1,95875.7
attention,64,128,0,0,1,47.233
attention,64,128,1,16,1,44.736
attention,64,128,1,32,1,44.513
attention,64,128,1,64,1,44.096
attention,64,128,1,128,1,44.383
attention,64,128,1,256,1,55.2
attention,64,128,1,512,1,85.056
attention,64,128,1,1024,1,146.4
attention,64,128,1,2048,1,267.969
attention,64,128,1,4096,1,509.505
attention,64,128,1,8192,1,991.746
attention,64,128,1,16384,1,1957.44
attention,64,128,2,16,1,43.871
attention,64,128,2,32,1,44.064
attention,64,128,2,64,1,43.264
attention,64,128,2,128,1,44.128
attention,64,128,2,256,1,56.353
attention,64,128,2,512,1,86.911
attention,64,128,2,1024,1,147.264
attention,64,128,2,2048,1,268.706
attention,64,128,2,4096,1,509.728
attention,64,128,2,8192,1,997.697
attention,64,128,2,16384,1,1957.96
attention,64,128,4,16,1,43.967
attention,64,128,4,32,1,44.194
attention,64,128,4,64,1,43.872
attention,64,128,4,128,1,43.936
attention,64,128,4,256,1,55.969
attention,64,128,4,512,1,87.264
attention,64,128,4,1024,1,147.552
attention,64,128,4,2048,1,269.538
attention,64,128,4,4096,1,511.138
attention,64,128,4,8192,1,999.075
attention,64,128,4,16384,1,1976.68
attention,64,128,8,16,1,61.439
attention,64,128,8,32,1,63.134
attention,64,128,8,64,1,68.255
attention,64,128,8,128,1,76.928
attention,64,128,8,256,1,99.65
attention,64,128,8,512,1,162.659
attention,64,128,8,1024,1,286.047
attention,64,128,8,2048,1,530.721
attention,64,128,8,4096,1,1015.43
attention,64,128,8,8192,1,1990.18
attention,64,128,8,16384,1,3944.58
attention,64,128,16,16,1,75.072
attention,64,128,16,32,1,76.961
attention,64,128,16,64,1,89.024
attention,64,128,16,128,1,106.174
attention,64,128,16,256,1,145.632
attention,64,128,16,512,1,238.753
attention,64,128,16,1024,1,423.872
attention,64,128,16,2048,1,787.938
attention,64,128,16,4096,1,1523.17
attention,64,128,16,8192,1,2988.8
attention,64,128,16,16384,1,5931.98
attention,64,128,32,16,1,104
attention,64,128,32,32,1,105.792
attention,64,128,32,64,1,133.6
attention,64,128,32,128,1,166.847
attention,64,128,32,256,1,236.864
attention,64,128,32,512,1,390.144
attention,64,128,32,1024,1,695.714
attention,64,128,32,2048,1,1303.87
attention,64,128,32,4096,1,2542.11
attention,64,128,32,8192,1,4999.3
attention,64,128,32,16384,1,9874.55
attention,64,128,64,16,1,160.161
attention,64,128,64,32,1,162.239
attention,64,128,64,64,1,220.033
attention,64,128,64,128,1,286.08
attention,64,128,64,256,1,422.753
attention,64,128,64,512,1,716.195
attention,64,128,64,1024,1,1301.06
attention,64,128,64,2048,1,2622.69
attention,64,128,64,4096,1,5295.75
attention,64,128,64,8192,1,10305
attention,64,128,64,16384,1,20393.9
attention,64,128,128,16,1,268.192
attention,64,128,128,32,1,278.975
attention,64,128,128,64,1,409.28
attention,64,128,128,128,1,576.066
attention,64,128,128,256,1,906.017
attention,64,128,128,512,1,1577.31
attention,64,128,128,1024,1,3151.05
attention,64,128,128,2048,1,9356.85
attention,64,128,128,4096,1,18335
attention,64,128,128,8192,1,46535.9
attention,64,128,128,16384,1,98500
attention,64,256,0,0,1,62.209
attention,64,256,1,16,1,59.008
attention,64,256,1,32,1,59.456
attention,64,256,1,64,1,58.593
attention,64,256,1,128,1,58.784
attention,64,256,1,256,1,59.008
attention,64,256,1,512,1,85.824
attention,64,256,1,1024,1,146.399
attention,64,256,1,2048,1,268.607
attention,64,256,1,4096,1,510.178
attention,64,256,1,8192,1,997.155
attention,64,256,1,16384,1,1966.02
attention,64,256,2,16,1,58.527
attention,64,256,2,32,1,58.462
attention,64,256,2,64,1,58.593
attention,64,256,2,128,1,58.273
attention,64,256,2,256,1,58.816
attention,64,256,2,512,1,86.656
attention,64,256,2,1024,1,147.521
attention,64,256,2,2048,1,267.619
attention,64,256,2,4096,1,508.449
attention,64,256,2,8192,1,996.929
attention,64,256,2,16384,1,1963.81
attention,64,256,4,16,1,58.816
attention,64,256,4,32,1,58.974
attention,64,256,4,64,1,58.655
attention,64,256,4,128,1,58.817
attention,64,256,4,256,1,58.816
attention,64,256,4,512,1,86.337
attention,64,256,4,1024,1,148.096
attention,64,256,4,2048,1,268.929
attention,64,256,4,4096,1,513.729
attention,64,256,4,8192,1,1001.54
attention,64,256,4,16384,1,1969.67
attention,64,256,8,16,1,76.8
attention,64,256,8,32,1,76.544
attention,64,256,8,64,1,82.91
attention,64,256,8,128,1,91.939
attention,64,256,8,256,1,107.362
attention,64,256,8,512,1,162.623
attention,64,256,8,1024,1,285.377
attention,64,256,8,2048,1,530.112
attention,64,256,8,4096,1,1015.07
attention,64,256,8,8192,1,1995.07
attention,64,256,8,16384,1,3939.14
attention,64,256,16,16,1,90.08
attention,64,256,16,32,1,91.487
attention,64,256,16,64,1,105.536
attention,64,256,16,128,1,122.528
attention,64,256,16,256,1,152.96
attention,64,256,16,512,1,239.585
attention,64,256,16,1024,1,423.103
attention,64,256,16,2048,1,788.771
attention,64,256,16,4096,1,1520
attention,64,256,16,8192,1,2991.68
attention,64,256,16,16384,1,5933.52
attention,64,256,32,16,1,118.975
attention,64,256,32,32,1,120.865
attention,64,256,32,64,1,148.384
attention,64,256,32,128,1,181.665
attention,64,256,32,256,1,243.809
attention,64,256,32,512,1,390.849
attention,64,256,32,1024,1,696.162
attention,64,256,32,2048,1,1310.66
attention,64,256,32,4096,1,2536.55
attention,64,256,32,8192,1,4997.13
attention,64,256,32,16384,1,9867.86
attention,64,256,64,16,1,174.53
attention,64,256,64,32,1,177.76
attention,64,256,64,64,1,235.841
attention,64,256,64,128,1,301.824
attention,64,256,64,256,1,429.344
attention,64,256,64,512,1,716.449
attention,64,256,64,1024,1,1297.7
attention,64,256,64,2048,1,2627.21
attention,64,256,64,4096,1,5294.64
attention,64,256,64,8192,1,10304.7
attention,64,256,64,16384,1,20492
attention,64,256,128,16,1,285.472
attention,64,256,128,32,1,290.272
attention,64,256,128,64,1,427.553
attention,64,256,128,128,1,592.705
attention,64,256,128,256,1,915.328
attention,64,256,128,512,1,1577.12
attention,64,256,128,1024,1,3155.78
attention,64,256,128,2048,1,9374.97
attention,64,256,128,4096,1,18347.8
attention,64,256,128,8192,1,46208.3
attention,64,256,128,16384,1,97900.7
attention,64,512,0,0,1,92.384
attention,64,512,1,16,1,89.091
attention,64,512,1,32,1,89.791
attention,64,512,1,64,1,89.504
attention,64,512,1,128,1,89.536
attention,64,512,1,256,1,89.121
attention,64,512,1,512,1,89.09
attention,64,512,1,1024,1,146.592
attention,64,512,1,2048,1,267.2
attention,64,512,1,4096,1,506.881
attention,64,512,1,8192,1,992.803
attention,64,512,1,16384,1,1965.76
attention,64,512,2,16,1,89.154
attention,64,512,2,32,1,88.833
attention,64,512,2,64,1,88.736
attention,64,512,2,128,1,88.609
attention,64,512,2,256,1,88.992
attention,64,512,2,512,1,89.44
attention,64,512,2,1024,1,147.232
attention,64,512,2,2048,1,269.762
attention,64,512,2,4096,1,512.418
attention,64,512,2,8192,1,998.145
attention,64,512,2,16384,1,1963.01
attention,64,512,4,16,1,89.217
attention,64,512,4,32,1,89.121
attention,64,512,4,64,1,88.801
attention,64,512,4,128,1,89.056
attention,64,512,4,256,1,89.248
attention,64,512,4,512,1,89.443
attention,64,512,4,1024,1,148.289
attention,64,512,4,2048,1,270.464
attention,64,512,4,4096,1,512.93
attention,64,512,4,8192,1,996.514
attention,64,512,4,16384,1,1967.27
attention,64,512,8,16,1,106.721
attention,64,512,8,32,1,107.552
attention,64,512,8,64,1,113.12
attention,64,512,8,128,1,122.753
attention,64,512,8,256,1,138.144
attention,64,512,8,512,1,169.345
attention,64,512,8,1024,1,286.4
attention,64,512,8,2048,1,528.001
attention,64,512,8,4096,1,1014.27
attention,64,512,8,8192,1,1989.99
attention,64,512,8,16384,1,3940.9
attention,64,512,16,16,1,120.576
attention,64,512,16,32,1,122.016
attention,64,512,16,64,1,135.041
attention,64,512,16,128,1,153.119
attention,64,512,16,256,1,183.456
attention,64,512,16,512,1,246.083
attention,64,512,16,1024,1,424.097
attention,64,512,16,2048,1,788.385
attention,64,512,16,4096,1,1518.95
attention,64,512,16,8192,1,2992.36
attention,64,512,16,16384,1,5939.28
attention,64,512,32,16,1,149.216
attention,64,512,32,32,1,151.298
attention,64,512,32,64,1,179.682
attention,64,512,32,128,1,213.281
attention,64,512,32,256,1,274.528
attention,64,512,32,512,1,397.505
attention,64,512,32,1024,1,696.226
attention,64,512,32,2048,1,1309.7
attention,64,512,32,4096,1,2538.34
attention,64,512,32,8192,1,5001.64
attention,64,512,32,16384,1,9867.6
attention,64,512,64,16,1,206.335
attention,64,512,64,32,1,208.671
attention,64,512,64,64,1,265.986
attention,64,512,64,128,1,334.337
attention,64,512,64,256,1,459.779
attention,64,512,64,512,1,719.01
attention,64,512,64,1024,1,1302.91
attention,64,512,64,2048,1,2633.54
attention,64,512,64,4096,1,5303.85
attention,64,512,64,8192,1,10318.5
attention,64,512,64,16384,1,20388.6
attention,64,512,128,16,1,315.104
attention,64,512,128,32,1,324.033
attention,64,512,128,64,1,458.721
attention,64,512,128,128,1,613.568
attention,64,512,128,256,1,933.505
attention,64,512,128,512,1,1574.66
attention,64,512,128,1024,1,3159.24
attention,64,512,128,2048,1,9415.38
attention,64,512,128,4096,1,18360.4
attention,64,512,128,8192,1,46898.9
attention,64,512,128,16384,1,96068
attention,64,1024,0,0,1,152.288
attention,64,1024,1,16,1,149.984
attention,64,1024,1,32,1,150.273
attention,64,1024,1,64,1,149.92
attention,64,1024,1,128,1,149.633
attention,64,1024,1,256,1,149.792
attention,64,1024,1,512,1,149.791
attention,64,1024,1,1024,1,150.178
attention,64,1024,1,2048,1,267.872
attention,64,1024,1,4096,1,508.96
attention,64,1024,1,8192,1,992.515
attention,64,1024,1,16384,1,1966.6
attention,64,1024,2,16,1,149.026
attention,64,1024,2,32,1,149.345
attention,64,1024,2,64,1,149.376
attention,64,1024,2,128,1,149.184
attention,64,1024,2,256,1,149.758
attention,64,1024,2,512,1,149.376
attention,64,1024,2,1024,1,149.728
attention,64,1024,2,2048,1,269.055
attention,64,1024,2,4096,1,509.024
attention,64,1024,2,8192,1,996.962
attention,64,1024,2,16384,1,1963.53
attention,64,1024,4,16,1,149.599
attention,64,1024,4,32,1,148.608
attention,64,1024,4,64,1,149.439
attention,64,1024,4,128,1,148.929
attention,64,1024,4,256,1,149.92
attention,64,1024,4,512,1,149.663
attention,64,1024,4,1024,1,151.264
attention,64,1024,4,2048,1,270.081
attention,64,1024,4,4096,1,512.481
attention,64,1024,4,8192,1,1000.04
attention,64,1024,4,16384,1,1970.53
attention,64,1024,8,16,1,167.422
attention,64,1024,8,32,1,168.64
attention,64,1024,8,64,1,174.496
attention,64,1024,8,128,1,182.4
attention,64,1024,8,256,1,198.975
attention,64,1024,8,512,1,230.112
attention,64,1024,8,1024,1,293.155
attention,64,1024,8,2048,1,530.849
attention,64,1024,8,4096,1,1015.91
attention,64,1024,8,8192,1,1990.5
attention,64,1024,8,16384,1,3937.51
attention,64,1024,16,16,1,181.567
attention,64,1024,16,32,1,181.792
attention,64,1024,16,64,1,195.714
attention,64,1024,16,128,1,213.12
attention,64,1024,16,256,1,243.233
attention,64,1024,16,512,1,306.145
attention,64,1024,16,1024,1,429.663
attention,64,1024,16,2048,1,787.971
attention,64,1024,16,4096,1,1517.44
attention,64,1024,16,8192,1,2998.18
attention,64,1024,16,16384,1,5923.47
attention,64,1024,32,16,1,210.273
attention,64,1024,32,32,1,211.711
attention,64,1024,32,64,1,240.352
attention,64,1024,32,128,1,274.143
attention,64,1024,32,256,1,335.425
attention,64,1024,32,512,1,457.313
attention,64,1024,32,1024,1,704.512
attention,64,1024,32,2048,1,1305.51
attention,64,1024,32,4096,1,2539.17
attention,64,1024,32,8192,1,4892.36
attention,64,1024,32,16384,1,9650.16
attention,64,1024,64,16,1,268.257
attention,64,1024,64,32,1,270.817
attention,64,1024,64,64,1,328.993
attention,64,1024,64,128,1,395.105
attention,64,1024,64,256,1,511.106
attention,64,1024,64,512,1,777.603
attention,64,1024,64,1024,1,1314.91
attention,64,1024,64,2048,1,2658.53
attention,64,1024,64,4096,1,5275.27
attention,64,1024,64,8192,1,10324.5
attention,64,1024,64,16384,1,20491.9
attention,64,1024,128,16,1,389.602
attention,64,1024,128,32,1,395.393
attention,64,1024,128,64,1,517.921
attention,64,1024,128,128,1,685.92
attention,64,1024,128,256,1,996.387
attention,64,1024,128,512,1,1632.99
attention,64,1024,128,1024,1,3141.64
attention,64,1024,128,2048,1,9608.95
attention,64,1024,128,4096,1,22672.4
attention,64,1024,128,8192,1,45972
attention,64,1024,128,16384,1,99027
attention,64,2048,0,0,1,272.928
attention,64,2048,1,16,1,271.872
attention,64,2048,1,32,1,271.426
attention,64,2048,1,64,1,270.625
attention,64,2048,1,128,1,271.232
attention,64,2048,1,256,1,271.648
attention,64,2048,1,512,1,271.103
attention,64,2048,1,1024,1,271.04
attention,64,2048,1,2048,1,271.522
attention,64,2048,1,4096,1,509.921
attention,64,2048,1,8192,1,996.544
attention,64,2048,1,16384,1,1962.15
attention,64,2048,2,16,1,270.912
attention,64,2048,2,32,1,270.369
attention,64,2048,2,64,1,270.528
attention,64,2048,2,128,1,271.489
attention,64,2048,2,256,1,269.952
attention,64,2048,2,512,1,269.185
attention,64,2048,2,1024,1,270.4
attention,64,2048,2,2048,1,271.808
attention,64,2048,2,4096,1,509.568
attention,64,2048,2,8192,1,996.674
attention,64,2048,2,16384,1,1963.85
attention,64,2048,4,16,1,271.298
attention,64,2048,4,32,1,269.568
attention,64,2048,4,64,1,270.401
attention,64,2048,4,128,1,271.107
attention,64,2048,4,256,1,269.6
attention,64,2048,4,512,1,271.778
attention,64,2048,4,1024,1,271.968
attention,64,2048,4,2048,1,273.153
attention,64,2048,4,4096,1,513.602
attention,64,2048,4,8192,1,1001.89
attention,64,2048,4,16384,1,1975.49
attention,64,2048,8,16,1,288.351
attention,64,2048,8,32,1,287.713
attention,64,2048,8,64,1,295.295
attention,64,2048,8,128,1,303.523
attention,64,2048,8,256,1,318.784
attention,64,2048,8,512,1,352
attention,64,2048,8,1024,1,414.85
attention,64,2048,8,2048,1,537.121
attention,64,2048,8,4096,1,1015.59
attention,64,2048,8,8192,1,1986.24
attention,64,2048,8,16384,1,3948.84
attention,64,2048,16,16,1,301.923
attention,64,2048,16,32,1,302.111
attention,64,2048,16,64,1,316.384
attention,64,2048,16,128,1,333.792
attention,64,2048,16,256,1,366.018
attention,64,2048,16,512,1,428.159
attention,64,2048,16,1024,1,551.584
attention,64,2048,16,2048,1,794.467
attention,64,2048,16,4096,1,1515.94
attention,64,2048,16,8192,1,2991.3
attention,64,2048,16,16384,1,5809.26
attention,64,2048,32,16,1,330.784
attention,64,2048,32,32,1,332.48
attention,64,2048,32,64,1,360.834
attention,64,2048,32,128,1,395.202
attention,64,2048,32,256,1,455.873
attention,64,2048,32,512,1,580.195
attention,64,2048,32,1024,1,824.259
attention,64,2048,32,2048,1,1312.87
attention,64,2048,32,4096,1,2548.39
attention,64,2048,32,8192,1,4841.13
attention,64,2048,32,16384,1,9751.83
attention,64,2048,64,16,1,388.865
attention,64,2048,64,32,1,391.33
attention,64,2048,64,64,1,449.219
attention,64,2048,64,128,1,518.176
attention,64,2048,64,256,1,648.61
attention,64,2048,64,512,1,901.826
attention,64,2048,64,1024,1,1446.24
attention,64,2048,64,2048,1,2798.12
attention,64,2048,64,4096,1,5787.66
attention,64,2048,64,8192,1,11458.3
attention,64,2048,64,16384,1,26011.9
attention,64,2048,128,16,1,512.257
attention,64,2048,128,32,1,519.2
attention,64,2048,128,64,1,645.152
attention,64,2048,128,128,1,789.505
attention,64,2048,128,256,1,1139.27
attention,64,2048,128,512,1,1779.75
attention,64,2048,128,1024,1,3373.48
attention,64,2048,128,2048,1,9689.78
attention,64,2048,128,4096,1,19906.5
attention,64,2048,128,8192,1,45654.7
attention,64,2048,128,16384,1,98728
attention,64,4096,0,0,1,514.017
attention,64,4096,1,16,1,514.688
attention,64,4096,1,32,1,511.488
attention,64,4096,1,64,1,513.314
attention,64,4096,1,128,1,509.632
attention,64,4096,1,256,1,511.328
attention,64,4096,1,512,1,512.897
attention,64,4096,1,1024,1,514.943
attention,64,4096,1,2048,1,513.504
attention,64,4096,1,4096,1,514.048
attention,64,4096,1,8192,1,994.083
attention,64,4096,1,16384,1,1962.76
attention,64,4096,2,16,1,513.408
attention,64,4096,2,32,1,513.986
attention,64,4096,2,64,1,514.017
attention,64,4096,2,128,1,511.715
attention,64,4096,2,256,1,514.017
attention,64,4096,2,512,1,513.443
attention,64,4096,2,1024,1,514.051
attention,64,4096,2,2048,1,513.121
attention,64,4096,2,4096,1,513.826
attention,64,4096,2,8192,1,996.192
attention,64,4096,2,16384,1,1960.49
attention,64,4096,4,16,1,512.545
attention,64,4096,4,32,1,515.201
attention,64,4096,4,64,1,513.954
attention,64,4096,4,128,1,512.768
attention,64,4096,4,256,1,513.185
attention,64,4096,4,512,1,514.495
attention,64,4096,4,1024,1,515.904
attention,64,4096,4,2048,1,514.529
attention,64,4096,4,4096,1,516.482
attention,64,4096,4,8192,1,999.905
attention,64,4096,4,16384,1,1972.77
attention,64,4096,8,16,1,529.889
attention,64,4096,8,32,1,526.882
attention,64,4096,8,64,1,537.152
attention,64,4096,8,128,1,545.952
attention,64,4096,8,256,1,558.209
attention,64,4096,8,512,1,593.504
attention,64,4096,8,1024,1,656.29
attention,64,4096,8,2048,1,776.004
attention,64,4096,8,4096,1,1027.23
attention,64,4096,8,8192,1,1993.89
attention,64,4096,8,16384,1,3946.82
attention,64,4096,16,16,1,545.729
attention,64,4096,16,32,1,544.864
attention,64,4096,16,64,1,558.562
attention,64,4096,16,128,1,574.401
attention,64,4096,16,256,1,606.721
attention,64,4096,16,512,1,670.271
attention,64,4096,16,1024,1,793.632
attention,64,4096,16,2048,1,1038.21
attention,64,4096,16,4096,1,1530.95
attention,64,4096,16,8192,1,2998.95
attention,64,4096,16,16384,1,5941.45
attention,64,4096,32,16,1,574.722
attention,64,4096,32,32,1,576.576
attention,64,4096,32,64,1,600.321
attention,64,4096,32,128,1,637.667
attention,64,4096,32,256,1,699.744
attention,64,4096,32,512,1,822.946
attention,64,4096,32,1024,1,1066.53
attention,64,4096,32,2048,1,1561.7
attention,64,4096,32,4096,1,2581.74
attention,64,4096,32,8192,1,5062.12
attention,64,4096,32,16384,1,9881.94
attention,64,4096,64,16,1,627.425
attention,64,4096,64,32,1,622.625
attention,64,4096,64,64,1,692.642
attention,64,4096,64,128,1,759.778
attention,64,4096,64,256,1,891.586
attention,64,4096,64,512,1,1161.98
attention,64,4096,64,1024,1,1706.85
attention,64,4096,64,2048,1,3172.65
attention,64,4096,64,4096,1,5612.65
attention,64,4096,64,8192,1,11759.4
attention,64,4096,64,16384,1,26588.6
attention,64,4096,128,16,1,740.512
attention,64,4096,128,32,1,760.196
attention,64,4096,128,64,1,886.561
attention,64,4096,128,128,1,1068.51
attention,64,4096,128,256,1,1364.77
attention,64,4096,128,512,1,2003.75
attention,64,4096,128,1024,1,3685.64
attention,64,4096,128,2048,1,10160.6
attention,64,4096,128,4096,1,21659.6
attention,64,4096,128,8192,1,49078.2
attention,64,4096,128,16384,1,96694.6
attention,64,8192,0,0,1,1000.42
attention,64,8192,1,16,1,1002.02
attention,64,8192,1,32,1,998.85
attention,64,8192,1,64,1,1000.03
attention,64,8192,1,128,1,1000.03
attention,64,8192,1,256,1,998.467
attention,64,8192,1,512,1,1000.04
attention,64,8192,1,1024,1,1000.16
attention,64,8192,1,2048,1,997.346
attention,64,8192,1,4096,1,998.146
attention,64,8192,1,8192,1,996.097
attention,64,8192,1,16384,1,1962.79
attention,64,8192,2,16,1,997.794
attention,64,8192,2,32,1,998.497
attention,64,8192,2,64,1,997.313
attention,64,8192,2,128,1,1001.19
attention,64,8192,2,256,1,997.696
attention,64,8192,2,512,1,1000.38
attention,64,8192,2,1024,1,999.552
attention,64,8192,2,2048,1,995.172
attention,64,8192,2,4096,1,999.2
attention,64,8192,2,8192,1,996.289
attention,64,8192,2,16384,1,1971.4
attention,64,8192,4,16,1,997.058
attention,64,8192,4,32,1,997.121
attention,64,8192,4,64,1,997.922
attention,64,8192,4,128,1,997.923
attention,64,8192,4,256,1,1000.51
attention,64,8192,4,512,1,1001.95
attention,64,8192,4,1024,1,998.916
attention,64,8192,4,2048,1,1003.14
attention,64,8192,4,4096,1,1002.85
attention,64,8192,4,8192,1,1002.92
attention,64,8192,4,16384,1,1976.13
attention,64,8192,8,16,1,1013.09
attention,64,8192,8,32,1,1016.48
attention,64,8192,8,64,1,1025.09
attention,64,8192,8,128,1,1025.12
attention,64,8192,8,256,1,1044.48
attention,64,8192,8,512,1,1077.38
attention,64,8192,8,1024,1,1142.08
attention,64,8192,8,2048,1,1267.36
attention,64,8192,8,4096,1,1505.38
attention,64,8192,8,8192,1,1997.96
attention,64,8192,8,16384,1,3947.56
attention,64,8192,16,16,1,1030.24
attention,64,8192,16,32,1,1031.46
attention,64,8192,16,64,1,1045.67
attention,64,8192,16,128,1,1062.53
attention,64,8192,16,256,1,1091.17
attention,64,8192,16,512,1,1152.74
attention,64,8192,16,1024,1,1281.35
attention,64,8192,16,2048,1,1520.9
attention,64,8192,16,4096,1,2010.66
attention,64,8192,16,8192,1,2992.55
attention,64,8192,16,16384,1,5926.67
attention,64,8192,32,16,1,1060.19
attention,64,8192,32,32,1,1054.47
attention,64,8192,32,64,1,1089.57
attention,64,8192,32,128,1,1117.6
attention,64,8192,32,256,1,1180.39
attention,64,8192,32,512,1,1308.13
attention,64,8192,32,1024,1,1551.49
attention,64,8192,32,2048,1,2061.19
attention,64,8192,32,4096,1,3116.93
attention,64,8192,32,8192,1,5045.68
attention,64,8192,32,16384,1,10021.2
attention,64,8192,64,16,1,1115.75
attention,64,8192,64,32,1,1077.51
attention,64,8192,64,64,1,1178.31
attention,64,8192,64,128,1,1245.19
attention,64,8192,64,256,1,1369.95
attention,64,8192,64,512,1,1644.87
attention,64,8192,64,1024,1,2213.73
attention,64,8192,64,2048,1,3783.72
attention,64,8192,64,4096,1,6447.28
attention,64,8192,64,8192,1,11027.4
attention,64,8192,64,16384,1,23820
attention,64,8192,128,16,1,1235.24
attention,64,8192,128,32,1,1243.62
attention,64,8192,128,64,1,1383.04
attention,64,8192,128,128,1,1523.14
attention,64,8192,128,256,1,1844.26
attention,64,8192,128,512,1,2466.5
attention,64,8192,128,1024,1,4411.82
attention,64,8192,128,2048,1,10765.8
attention,64,8192,128,4096,1,19797.9
attention,64,8192,128,8192,1,49193.5
attention,64,8192,128,16384,1,98130.3
attention,64,16384,0,0,1,1961.76
attention,64,16384,1,16,1,1966.43
attention,64,16384,1,32,1,1968.29
attention,64,16384,1,64,1,1967.59
attention,64,16384,1,128,1,1966.66
attention,64,16384,1,256,1,1967.33
attention,64,16384,1,512,1,1969.31
attention,64,16384,1,1024,1,1974.82
attention,64,16384,1,2048,1,1969.79
attention,64,16384,1,4096,1,1965.48
attention,64,16384,1,8192,1,1972.39
attention,64,16384,1,16384,1,1965.09
attention,64,16384,2,16,1,1965.89
attention,64,16384,2,32,1,1966.56
attention,64,16384,2,64,1,1973.35
attention,64,16384,2,128,1,1969.76
attention,64,16384,2,256,1,1969.06
attention,64,16384,2,512,1,1955.62
attention,64,16384,2,1024,1,1971.75
attention,64,16384,2,2048,1,1967.21
attention,64,16384,2,4096,1,1972.42
attention,64,16384,2,8192,1,1970.34
attention,64,16384,2,16384,1,1963.59
attention,64,16384,4,16,1,1959.94
attention,64,16384,4,32,1,1966.82
attention,64,16384,4,64,1,1965.41
attention,64,16384,4,128,1,1963.59
attention,64,16384,4,256,1,1969.19
attention,64,16384,4,512,1,1973.57
attention,64,16384,4,1024,1,1972.36
attention,64,16384,4,2048,1,1973.44
attention,64,16384,4,4096,1,1970.21
attention,64,16384,4,8192,1,1969.79
attention,64,16384,4,16384,1,1974.63
attention,64,16384,8,16,1,1983.01
attention,64,16384,8,32,1,1987.81
attention,64,16384,8,64,1,1996.99
attention,64,16384,8,128,1,1998.28
attention,64,16384,8,256,1,2017.64
attention,64,16384,8,512,1,2047.59
attention,64,16384,8,1024,1,2107.97
attention,64,16384,8,2048,1,2236.32
attention,64,16384,8,4096,1,2480.32
attention,64,16384,8,8192,1,2974.72
attention,64,16384,8,16384,1,3943.85
attention,64,16384,16,16,1,1994.37
attention,64,16384,16,32,1,2002.66
attention,64,16384,16,64,1,1998.59
attention,64,16384,16,128,1,2024.68
attention,64,16384,16,256,1,2059.2
attention,64,16384,16,512,1,2123.27
attention,64,16384,16,1024,1,2247.68
attention,64,16384,16,2048,1,2497.06
attention,64,16384,16,4096,1,2981.35
attention,64,16384,16,8192,1,3975.34
attention,64,16384,16,16384,1,5954.73
attention,64,16384,32,16,1,2023.49
attention,64,16384,32,32,1,2031.52
attention,64,16384,32,64,1,2054.82
attention,64,16384,32,128,1,2085.64
attention,64,16384,32,256,1,2145.92
attention,64,16384,32,512,1,2280.74
attention,64,16384,32,1024,1,2524.07
attention,64,16384,32,2048,1,3028.84
attention,64,16384,32,4096,1,4058.7
attention,64,16384,32,8192,1,6125.13
attention,64,16384,32,16384,1,9979.41
attention,64,16384,64,16,1,2084.9
attention,64,16384,64,32,1,2090.98
attention,64,16384,64,64,1,2137.7
attention,64,16384,64,128,1,2211.27
attention,64,16384,64,256,1,2342.76
attention,64,16384,64,512,1,2608.52
attention,64,16384,64,1024,1,3186.31
attention,64,16384,64,2048,1,4795.3
attention,64,16384,64,4096,1,7692.78
attention,64,16384,64,8192,1,12646.7
attention,64,16384,64,16384,1,21981.5
attention,64,16384,128,16,1,2206.15
attention,64,16384,128,32,1,2211.91
attention,64,16384,128,64,1,2348.03
attention,64,16384,128,128,1,2473.86
attention,64,16384,128,256,1,2801.51
attention,64,16384,128,512,1,3501.09
attention,64,16384,128,1024,1,5415.43
attention,64,16384,128,2048,1,12113.9
attention,64,16384,128,4096,1,21177.7
attention,64,16384,128,8192,1,48608.3
attention,64,16384,128,16384,1,99096.6
attention,128,0,0,0,1,37.088
attention,128,0,1,16,1,36.545
attention,128,0,1,32,1,36.192
attention,128,0,1,64,1,36.257
attention,128,0,1,128,1,39.936
attention,128,0,1,256,1,55.84
attention,128,0,1,512,1,84.415
attention,128,0,1,1024,1,145.536
attention,128,0,1,2048,1,262.56
attention,128,0,1,4096,1,508.705
attention,128,0,1,8192,1,995.617
attention,128,0,1,16384,1,1965.29
attention,128,0,2,16,1,35.902
attention,128,0,2,32,1,36.001
attention,128,0,2,64,1,36.512
attention,128,0,2,128,1,41.344
attention,128,0,2,256,1,56.095
attention,128,0,2,512,1,86.334
attention,128,0,2,1024,1,144.734
attention,128,0,2,2048,1,258.466
attention,128,0,2,4096,1,511.136
attention,128,0,2,8192,1,996.93
attention,128,0,2,16384,1,1933.99
attention,128,0,4,16,1,36.638
attention,128,0,4,32,1,36.32
attention,128,0,4,64,1,37.377
attention,128,0,4,128,1,41.792
attention,128,0,4,256,1,56.896
attention,128,0,4,512,1,87.198
attention,128,0,4,1024,1,148.384
attention,128,0,4,2048,1,270.208
attention,128,0,4,4096,1,493.601
attention,128,0,4,8192,1,999.49
attention,128,0,4,16384,1,1936.48
attention,128,0,8,16,1,54.591
attention,128,0,8,32,1,54.656
attention,128,0,8,64,1,57.408
attention,128,0,8,128,1,69.663
attention,128,0,8,256,1,100.449
attention,128,0,8,512,1,161.921
attention,128,0,8,1024,1,285.792
attention,128,0,8,2048,1,523.809
attention,128,0,8,4096,1,1018.69
attention,128,0,8,8192,1,1990.37
attention,128,0,8,16384,1,3877.73
attention,128,0,16,16,1,68.447
attention,128,0,16,32,1,69.92
attention,128,0,16,64,1,78.464
attention,128,0,16,128,1,103.009
attention,128,0,16,256,1,147.649
attention,128,0,16,512,1,241.696
attention,128,0,16,1024,1,424.703
attention,128,0,16,2048,1,789.409
attention,128,0,16,4096,1,1468.7
attention,128,0,16,8192,1,2994.79
attention,128,0,16,16384,1,5682.41
attention,128,0,32,16,1,99.872
attention,128,0,32,32,1,97.665
attention,128,0,32,64,1,125.184
attention,128,0,32,128,1,159.49
attention,128,0,32,256,1,240.641
attention,128,0,32,512,1,386.018
attention,128,0,32,1024,1,685.827
attention,128,0,32,2048,1,1286.85
attention,128,0,32,4096,1,2448.8
attention,128,0,32,8192,1,4987.34
attention,128,0,32,16384,1,9930.9
attention,128,0,64,16,1,160.449
attention,128,0,64,32,1,155.553
attention,128,0,64,64,1,213.536
attention,128,0,64,128,1,278.048
attention,128,0,64,256,1,431.137
attention,128,0,64,512,1,729.154
attention,128,0,64,1024,1,1313.48
attention,128,0,64,2048,1,2641.89
attention,128,0,64,4096,1,5308.01
attention,128,0,64,8192,1,10285.3
attention,128,0,64,16384,1,20583.4
attention,128,0,128,16,1,271.039
attention,128,0,128,32,1,284.96
attention,128,0,128,64,1,416.16
attention,128,0,128,128,1,586.947
attention,128,0,128,256,1,906.145
attention,128,0,128,512,1,1557.67
attention,128,0,128,1024,1,3148.3
attention,128,0,128,2048,1,9372.72
attention,128,0,128,4096,1,18351.8
attention,128,0,128,8192,1,45857.4
attention,128,0,128,16384,1,96593
attention,128,16,0,0,1,44.159
attention,128,16,1,16,1,42.624
attention,128,16,1,32,1,41.665
attention,128,16,1,64,1,42.976
attention,128,16,1,128,1,42.912
attention,128,16,1,256,1,55.809
attention,128,16,1,512,1,82.88
attention,128,16,1,1024,1,143.872
attention,128,16,1,2048,1,269.056
attention,128,16,1,4096,1,510.784
attention,128,16,1,8192,1,975.651
attention,128,16,1,16384,1,1919.72
attention,128,16,2,16,1,42.398
attention,128,16,2,32,1,41.536
attention,128,16,2,64,1,42.753
attention,128,16,2,128,1,43.264
attention,128,16,2,256,1,56.193
attention,128,16,2,512,1,81.952
attention,128,16,2,1024,1,141.728
attention,128,16,2,2048,1,269.089
attention,128,16,2,4096,1,501.344
attention,128,16,2,8192,1,1000.32
attention,128,16,2,16384,1,1932.99
attention,128,16,4,16,1,43.392
attention,128,16,4,32,1,43.327
attention,128,16,4,64,1,42.337
attention,128,16,4,128,1,43.233
attention,128,16,4,256,1,56.032
attention,128,16,4,512,1,87.262
attention,128,16,4,1024,1,148.545
attention,128,16,4,2048,1,269.92
attention,128,16,4,4096,1,515.041
attention,128,16,4,8192,1,943.425
attention,128,16,4,16384,1,1901.16
attention,128,16,8,16,1,61.056
attention,128,16,8,32,1,59.296
attention,128,16,8,64,1,67.231
attention,128,16,8,128,1,72.097
attention,128,16,8,256,1,98.945
attention,128,16,8,512,1,162.37
attention,128,16,8,1024,1,285.92
attention,128,16,8,2048,1,519.839
attention,128,16,8,4096,1,979.362
attention,128,16,8,8192,1,1992.48
attention,128,16,8,16384,1,3872.46
attention,128,16,16,16,1,76.094
attention,128,16,16,32,1,76.608
attention,128,16,16,64,1,88.351
attention,128,16,16,128,1,103.233
attention,128,16,16,256,1,145.057
attention,128,16,16,512,1,236.865
attention,128,16,16,1024,1,422.915
attention,128,16,16,2048,1,791.075
attention,128,16,16,4096,1,1491.36
attention,128,16,16,8192,1,2880.49
attention,128,16,16,16384,1,5684.11
attention,128,16,32,16,1,106.945
attention,128,16,32,32,1,104.832
attention,128,16,32,64,1,131.84
attention,128,16,32,128,1,167.04
attention,128,16,32,256,1,239.327
attention,128,16,32,512,1,374.497
attention,128,16,32,1024,1,688.703
attention,128,16,32,2048,1,1236.9
attention,128,16,32,4096,1,2548.01
attention,128,16,32,8192,1,4890.67
attention,128,16,32,16384,1,9895.03
attention,128,16,64,16,1,167.201
attention,128,16,64,32,1,170.912
attention,128,16,64,64,1,218.848
attention,128,16,64,128,1,293.473
attention,128,16,64,256,1,431.489
attention,128,16,64,512,1,729.954
attention,128,16,64,1024,1,1301
attention,128,16,64,2048,1,2646.79
attention,128,16,64,4096,1,5316.2
attention,128,16,64,8192,1,10287.3
attention,128,16,64,16384,1,20382.6
attention,128,16,128,16,1,289.73
attention,128,16,128,32,1,294.367
attention,128,16,128,64,1,422.687
attention,128,16,128,128,1,582.595
attention,128,16,128,256,1,910.338
attention,128,16,128,512,1,1573.47
attention,128,16,128,1024,1,3145.38
attention,128,16,128,2048,1,9376.37
attention,128,16,128,4096,1,18346
attention,128,16,128,8192,1,46225
attention,128,16,128,16384,1,96569.3
attention,128,32,0,0,1,44.385
attention,128,32,1,16,1,42.848
attention,128,32,1,32,1,42.336
attention,128,32,1,64,1,42.976
attention,128,32,1,128,1,43.522
attention,128,32,1,256,1,56.191
attention,128,32,1,512,1,83.329
attention,128,32,1,1024,1,146.784
attention,128,32,1,2048,1,268.737
attention,128,32,1,4096,1,494.113
attention,128,32,1,8192,1,997.091
attention,128,32,1,16384,1,1892.39
attention,128,32,2,16,1,41.696
attention,128,32,2,32,1,43.359
attention,128,32,2,64,1,41.888
attention,128,32,2,128,1,43.425
attention,128,32,2,256,1,56.448
attention,128,32,2,512,1,83.488
attention,128,32,2,1024,1,141.633
attention,128,32,2,2048,1,267.233
attention,128,32,2,4096,1,492.128
attention,128,32,2,8192,1,960.289
attention,128,32,2,16384,1,1968.45
attention,128,32,4,16,1,43.871
attention,128,32,4,32,1,44.16
attention,128,32,4,64,1,43.745
attention,128,32,4,128,1,43.104
attention,128,32,4,256,1,55.647
attention,128,32,4,512,1,87.328
attention,128,32,4,1024,1,148.321
attention,128,32,4,2048,1,266.751
attention,128,32,4,4096,1,513.442
attention,128,32,4,8192,1,997.89
attention,128,32,4,16384,1,1892.9
attention,128,32,8,16,1,61.632
attention,128,32,8,32,1,61.055
attention,128,32,8,64,1,65.601
attention,128,32,8,128,1,73.442
attention,128,32,8,256,1,98.497
attention,128,32,8,512,1,163.296
attention,128,32,8,1024,1,285.919
attention,128,32,8,2048,1,512.707
attention,128,32,8,4096,1,1017.51
attention,128,32,8,8192,1,2000.52
attention,128,32,8,16384,1,3793.51
attention,128,32,16,16,1,76.416
attention,128,32,16,32,1,76
attention,128,32,16,64,1,90.209
attention,128,32,16,128,1,104.578
attention,128,32,16,256,1,147.489
attention,128,32,16,512,1,240.065
attention,128,32,16,1024,1,417.761
attention,128,32,16,2048,1,746.722
attention,128,32,16,4096,1,1475.37
attention,128,32,16,8192,1,2992.58
attention,128,32,16,16384,1,5738.66
attention,128,32,32,16,1,107.425
attention,128,32,32,32,1,108.257
attention,128,32,32,64,1,132.673
attention,128,32,32,128,1,164.991
attention,128,32,32,256,1,233.634
attention,128,32,32,512,1,395.01
attention,128,32,32,1024,1,699.425
attention,128,32,32,2048,1,1264
attention,128,32,32,4096,1,2461.19
attention,128,32,32,8192,1,4890.96
attention,128,32,32,16384,1,9857.08
attention,128,32,64,16,1,166.593
attention,128,32,64,32,1,165.985
attention,128,32,64,64,1,229.472
attention,128,32,64,128,1,286.466
attention,128,32,64,256,1,416.929
attention,128,32,64,512,1,720.802
attention,128,32,64,1024,1,1309.03
attention,128,32,64,2048,1,2590.05
attention,128,32,64,4096,1,5306.51
attention,128,32,64,8192,1,10314.6
attention,128,32,64,16384,1,20429.8
attention,128,32,128,16,1,289.791
attention,128,32,128,32,1,293.315
attention,128,32,128,64,1,422.978
attention,128,32,128,128,1,574.019
attention,128,32,128,256,1,909.953
attention,128,32,128,512,1,1572.32
attention,128,32,128,1024,1,3172.58
attention,128,32,128,2048,1,9376.85
attention,128,32,128,4096,1,18352
attention,128,32,128,8192,1,46069.8
attention,128,32,128,16384,1,96571
attention,128,64,0,0,1,44.799
attention,128,64,1,16,1,41.825
attention,128,64,1,32,1,43.554
attention,128,64,1,64,1,42.016
attention,128,64,1,128,1,43.71
attention,128,64,1,256,1,56.031
attention,128,64,1,512,1,86.177
attention,128,64,1,1024,1,145.536
attention,128,64,1,2048,1,267.583
attention,128,64,1,4096,1,509.09
attention,128,64,1,8192,1,957.986
attention,128,64,1,16384,1,1964.13
attention,128,64,2,16,1,43.584
attention,128,64,2,32,1,42.943
attention,128,64,2,64,1,43.712
attention,128,64,2,128,1,43.519
attention,128,64,2,256,1,54.464
attention,128,64,2,512,1,86.945
attention,128,64,2,1024,1,147.328
attention,128,64,2,2048,1,263.393
attention,128,64,2,4096,1,522.786
attention,128,64,2,8192,1,998.948
attention,128,64,2,16384,1,1894.47
attention,128,64,4,16,1,44.449
attention,128,64,4,32,1,43.136
attention,128,64,4,64,1,44.096
attention,128,64,4,128,1,44.032
attention,128,64,4,256,1,54.591
attention,128,64,4,512,1,82.432
attention,128,64,4,1024,1,148.352
attention,128,64,4,2048,1,270.178
attention,128,64,4,4096,1,504.799
attention,128,64,4,8192,1,981.6
attention,128,64,4,16384,1,1981.09
attention,128,64,8,16,1,61.473
attention,128,64,8,32,1,61.184
attention,128,64,8,64,1,68.864
attention,128,64,8,128,1,76.033
attention,128,64,8,256,1,97.409
attention,128,64,8,512,1,156.831
attention,128,64,8,1024,1,292.642
attention,128,64,8,2048,1,530.849
attention,128,64,8,4096,1,1019.27
attention,128,64,8,8192,1,1989.06
attention,128,64,8,16384,1,3789.67
attention,128,64,16,16,1,77.248
attention,128,64,16,32,1,77.568
attention,128,64,16,64,1,91.777
attention,128,64,16,128,1,105.857
attention,128,64,16,256,1,147.072
attention,128,64,16,512,1,240.448
attention,128,64,16,1024,1,417.507
attention,128,64,16,2048,1,789.762
attention,128,64,16,4096,1,1523.75
attention,128,64,16,8192,1,2877.7
attention,128,64,16,16384,1,5803.02
attention,128,64,32,16,1,108.161
attention,128,64,32,32,1,109.024
attention,128,64,32,64,1,132.512
attention,128,64,32,128,1,167.776
attention,128,64,32,256,1,240.8
attention,128,64,32,512,1,380.224
attention,128,64,32,1024,1,675.394
attention,128,64,32,2048,1,1315.01
attention,128,64,32,4096,1,2543.08
attention,128,64,32,8192,1,4901.77
attention,128,64,32,16384,1,9478.78
attention,128,64,64,16,1,170.113
attention,128,64,64,32,1,171.391
attention,128,64,64,64,1,222.465
attention,128,64,64,128,1,286.08
attention,128,64,64,256,1,432.259
attention,128,64,64,512,1,711.232
attention,128,64,64,1024,1,1315.65
attention,128,64,64,2048,1,2613.86
attention,128,64,64,4096,1,5283.25
attention,128,64,64,8192,1,10314.7
attention,128,64,64,16384,1,20394.7
attention,128,64,128,16,1,289.313
attention,128,64,128,32,1,286.879
attention,128,64,128,64,1,439.137
attention,128,64,128,128,1,595.201
attention,128,64,128,256,1,921.732
attention,128,64,128,512,1,1598.53
attention,128,64,128,1024,1,3174.92
attention,128,64,128,2048,1,9367.44
attention,128,64,128,4096,1,18352.7
attention,128,64,128,8192,1,45636.2
attention,128,64,128,16384,1,96588.9
attention,128,128,0,0,1,51.359
attention,128,128,1,16,1,50.688
attention,128,128,1,32,1,50.849
attention,128,128,1,64,1,51.102
attention,128,128,1,128,1,51.008
attention,128,128,1,256,1,56.065
attention,128,128,1,512,1,86.05
attention,128,128,1,1024,1,147.008
attention,128,128,1,2048,1,267.969
attention,128,128,1,4096,1,510.976
attention,128,128,1,8192,1,996.193
attention,128,128,1,16384,1,1963.3
attention,128,128,2,16,1,51.072
attention,128,128,2,32,1,51.04
attention,128,128,2,64,1,50.785
attention,128,128,2,128,1,51.074
attention,128,128,2,256,1,56.161
attention,128,128,2,512,1,86.176
attention,128,128,2,1024,1,147.198
attention,128,128,2,2048,1,264
attention,128,128,2,4096,1,510.977
attention,128,128,2,8192,1,995.265
attention,128,128,2,16384,1,1965.8
attention,128,128,4,16,1,51.905
attention,128,128,4,32,1,51.713
attention,128,128,4,64,1,51.871
attention,128,128,4,128,1,51.202
attention,128,128,4,256,1,56.641
attention,128,128,4,512,1,88.128
attention,128,128,4,1024,1,148.704
attention,128,128,4,2048,1,270.497
attention,128,128,4,4096,1,513.505
attention,128,128,4,8192,1,1001.47
attention,128,128,4,16384,1,1971.81
attention,128,128,8,16,1,69.28
attention,128,128,8,32,1,69.152
attention,128,128,8,64,1,76.608
attention,128,128,8,128,1,85.537
attention,128,128,8,256,1,102.144
attention,128,128,8,512,1,162.943
attention,128,128,8,1024,1,285.376
attention,128,128,8,2048,1,530.369
attention,128,128,8,4096,1,1017.73
attention,128,128,8,8192,1,1994.08
attention,128,128,8,16384,1,3950.63
attention,128,128,16,16,1,84.674
attention,128,128,16,32,1,86.272
attention,128,128,16,64,1,98.913
attention,128,128,16,128,1,116.834
attention,128,128,16,256,1,148.736
attention,128,128,16,512,1,240.513
attention,128,128,16,1024,1,424.127
attention,128,128,16,2048,1,791.297
attention,128,128,16,4096,1,1525.57
attention,128,128,16,8192,1,2993.03
attention,128,128,16,16384,1,5810.38
attention,128,128,32,16,1,115.744
attention,128,128,32,32,1,117.631
attention,128,128,32,64,1,144.769
attention,128,128,32,128,1,177.824
attention,128,128,32,256,1,242.624
attention,128,128,32,512,1,394.753
attention,128,128,32,1024,1,702.305
attention,128,128,32,2048,1,1315.62
attention,128,128,32,4096,1,2550.12
attention,128,128,32,8192,1,4905.35
attention,128,128,32,16384,1,9856.6
attention,128,128,64,16,1,172.898
attention,128,128,64,32,1,182.142
attention,128,128,64,64,1,239.68
attention,128,128,64,128,1,305.088
attention,128,128,64,256,1,426.979
attention,128,128,64,512,1,731.552
attention,128,128,64,1024,1,1315.17
attention,128,128,64,2048,1,2621.16
attention,128,128,64,4096,1,5305.04
attention,128,128,64,8192,1,10320.2
attention,128,128,64,16384,1,20474.3
attention,128,128,128,16,1,299.872
attention,128,128,128,32,1,309.41
attention,128,128,128,64,1,441.28
attention,128,128,128,128,1,592.45
attention,128,128,128,256,1,927.744
attention,128,128,128,512,1,1596.55
attention,128,128,128,1024,1,3172.78
attention,128,128,128,2048,1,9388.12
attention,128,128,128,4096,1,18359.2
attention,128,128,128,8192,1,46412.1
attention,128,128,128,16384,1,96977.8
attention,128,256,0,0,1,66.944
attention,128,256,1,16,1,66.048
attention,128,256,1,32,1,66.272
attention,128,256,1,64,1,66.144
attention,128,256,1,128,1,66.112
attention,128,256,1,256,1,66.625
attention,128,256,1,512,1,86.112
attention,128,256,1,1024,1,146.24
attention,128,256,1,2048,1,267.619
attention,128,256,1,4096,1,508.962
attention,128,256,1,8192,1,992.29
attention,128,256,1,16384,1,1965.13
attention,128,256,2,16,1,65.888
attention,128,256,2,32,1,66.304
attention,128,256,2,64,1,66.368
attention,128,256,2,128,1,65.985
attention,128,256,2,256,1,66.4
attention,128,256,2,512,1,86.56
attention,128,256,2,1024,1,147.585
attention,128,256,2,2048,1,268.672
attention,128,256,2,4096,1,509.216
attention,128,256,2,8192,1,999.266
attention,128,256,2,16384,1,1964.29
attention,128,256,4,16,1,67.136
attention,128,256,4,32,1,67.361
attention,128,256,4,64,1,67.488
attention,128,256,4,128,1,67.744
attention,128,256,4,256,1,67.808
attention,128,256,4,512,1,87.679
attention,128,256,4,1024,1,148.864
attention,128,256,4,2048,1,269.185
attention,128,256,4,4096,1,514.083
attention,128,256,4,8192,1,1001.79
attention,128,256,4,16384,1,1971.14
attention,128,256,8,16,1,84.674
attention,128,256,8,32,1,84.736
attention,128,256,8,64,1,90.816
attention,128,256,8,128,1,100.704
attention,128,256,8,256,1,115.423
attention,128,256,8,512,1,163.584
attention,128,256,8,1024,1,286.177
attention,128,256,8,2048,1,531.776
attention,128,256,8,4096,1,1018.43
attention,128,256,8,8192,1,1996.32
attention,128,256,8,16384,1,3952.46
attention,128,256,16,16,1,99.52
attention,128,256,16,32,1,101.087
attention,128,256,16,64,1,114.879
attention,128,256,16,128,1,131.68
attention,128,256,16,256,1,162.367
attention,128,256,16,512,1,241.057
attention,128,256,16,1024,1,423.456
attention,128,256,16,2048,1,790.466
attention,128,256,16,4096,1,1527.75
attention,128,256,16,8192,1,2997.89
attention,128,256,16,16384,1,5925.99
attention,128,256,32,16,1,132.768
attention,128,256,32,32,1,135.392
attention,128,256,32,64,1,161.504
attention,128,256,32,128,1,194.112
attention,128,256,32,256,1,255.841
attention,128,256,32,512,1,394.145
attention,128,256,32,1024,1,700.927
attention,128,256,32,2048,1,1313.57
attention,128,256,32,4096,1,2544.81
attention,128,256,32,8192,1,4995.69
attention,128,256,32,16384,1,9878.22
attention,128,256,64,16,1,199.68
attention,128,256,64,32,1,200.447
attention,128,256,64,64,1,256.704
attention,128,256,64,128,1,322.112
attention,128,256,64,256,1,446.627
attention,128,256,64,512,1,733.442
attention,128,256,64,1024,1,1317.12
attention,128,256,64,2048,1,2650.05
attention,128,256,64,4096,1,5291.08
attention,128,256,64,8192,1,10322
attention,128,256,64,16384,1,20398
attention,128,256,128,16,1,323.168
attention,128,256,128,32,1,327.937
attention,128,256,128,64,1,459.872
attention,128,256,128,128,1,620.481
attention,128,256,128,256,1,943.076
attention,128,256,128,512,1,1580.8
attention,128,256,128,1024,1,3176.87
attention,128,256,128,2048,1,9395.25
attention,128,256,128,4096,1,18360.4
attention,128,256,128,8192,1,45885.7
attention,128,256,128,16384,1,97224.2
attention,128,512,0,0,1,97.279
attention,128,512,1,16,1,96.129
attention,128,512,1,32,1,97.312
attention,128,512,1,64,1,96.832
attention,128,512,1,128,1,96.672
attention,128,512,1,256,1,97.279
attention,128,512,1,512,1,97.088
attention,128,512,1,1024,1,147.649
attention,128,512,1,2048,1,267.904
attention,128,512,1,4096,1,511.009
attention,128,512,1,8192,1,992.099
attention,128,512,1,16384,1,1969.92
attention,128,512,2,16,1,97.314
attention,128,512,2,32,1,97.184
attention,128,512,2,64,1,96.928
attention,128,512,2,128,1,97.087
attention,128,512,2,256,1,96.961
attention,128,512,2,512,1,97.312
attention,128,512,2,1024,1,147.137
attention,128,512,2,2048,1,268.416
attention,128,512,2,4096,1,510.434
attention,128,512,2,8192,1,996.577
attention,128,512,2,16384,1,1966.43
attention,128,512,4,16,1,97.376
attention,128,512,4,32,1,97.985
attention,128,512,4,64,1,97.857
attention,128,512,4,128,1,97.601
attention,128,512,4,256,1,98.175
attention,128,512,4,512,1,98.527
attention,128,512,4,1024,1,149.281
attention,128,512,4,2048,1,271.103
attention,128,512,4,4096,1,515.49
attention,128,512,4,8192,1,1006.43
attention,128,512,4,16384,1,1972.74
attention,128,512,8,16,1,114.783
attention,128,512,8,32,1,115.168
attention,128,512,8,64,1,121.887
attention,128,512,8,128,1,130.944
attention,128,512,8,256,1,146.976
attention,128,512,8,512,1,178.528
attention,128,512,8,1024,1,287.168
attention,128,512,8,2048,1,530.689
attention,128,512,8,4096,1,1019.94
attention,128,512,8,8192,1,1992.1
attention,128,512,8,16384,1,3951.11
attention,128,512,16,16,1,129.761
attention,128,512,16,32,1,131.711
attention,128,512,16,64,1,145.247
attention,128,512,16,128,1,161.92
attention,128,512,16,256,1,193.6
attention,128,512,16,512,1,255.264
attention,128,512,16,1024,1,426.529
attention,128,512,16,2048,1,790.466
attention,128,512,16,4096,1,1522.69
attention,128,512,16,8192,1,2997.41
attention,128,512,16,16384,1,5936.33
attention,128,512,32,16,1,164.991
attention,128,512,32,32,1,166.303
attention,128,512,32,64,1,194.944
attention,128,512,32,128,1,226.688
attention,128,512,32,256,1,286.816
attention,128,512,32,512,1,409.824
attention,128,512,32,1024,1,700.161
attention,128,512,32,2048,1,1312.55
attention,128,512,32,4096,1,2544.07
attention,128,512,32,8192,1,4999.65
attention,128,512,32,16384,1,9876.92
attention,128,512,64,16,1,232.704
attention,128,512,64,32,1,235.329
attention,128,512,64,64,1,295.074
attention,128,512,64,128,1,355.842
attention,128,512,64,256,1,479.807
attention,128,512,64,512,1,747.424
attention,128,512,64,1024,1,1322.05
attention,128,512,64,2048,1,2655.43
attention,128,512,64,4096,1,5324.07
attention,128,512,64,8192,1,10333
attention,128,512,64,16384,1,20413.3
attention,128,512,128,16,1,359.104
attention,128,512,128,32,1,364.224
attention,128,512,128,64,1,495.489
attention,128,512,128,128,1,656.066
attention,128,512,128,256,1,977.985
attention,128,512,128,512,1,1604.61
attention,128,512,128,1024,1,3161.32
attention,128,512,128,2048,1,9428.37
attention,128,512,128,4096,1,18386.8
attention,128,512,128,8192,1,47428.7
attention,128,512,128,16384,1,97865
attention,128,1024,0,0,1,158.304
attention,128,1024,1,16,1,158.111
attention,128,1024,1,32,1,157.375
attention,128,1024,1,64,1,158.144
attention,128,1024,1,128,1,157.728
attention,128,1024,1,256,1,158.113
attention,128,1024,1,512,1,157.921
attention,128,1024,1,1024,1,157.376
attention,128,1024,1,2048,1,268.065
attention,128,1024,1,4096,1,509.475
attention,128,1024,1,8192,1,991.778
attention,128,1024,1,16384,1,1957.57
attention,128,1024,2,16,1,157.121
attention,128,1024,2,32,1,158.432
attention,128,1024,2,64,1,157.888
attention,128,1024,2,128,1,157.632
attention,128,1024,2,256,1,158.208
attention,128,1024,2,512,1,158.401
attention,128,1024,2,1024,1,158.145
attention,128,1024,2,2048,1,269.441
attention,128,1024,2,4096,1,509.793
attention,128,1024,2,8192,1,999.042
attention,128,1024,2,16384,1,1960.01
attention,128,1024,4,16,1,157.825
attention,128,1024,4,32,1,158.527
attention,128,1024,4,64,1,158.112
attention,128,1024,4,128,1,158.24
attention,128,1024,4,256,1,158.88
attention,128,1024,4,512,1,159.776
attention,128,1024,4,1024,1,159.776
attention,128,1024,4,2048,1,270.913
attention,128,1024,4,4096,1,515.681
attention,128,1024,4,8192,1,1002.05
attention,128,1024,4,16384,1,1969.96
attention,128,1024,8,16,1,176.673
attention,128,1024,8,32,1,176.352
attention,128,1024,8,64,1,183.521
attention,128,1024,8,128,1,191.457
attention,128,1024,8,256,1,206.913
attention,128,1024,8,512,1,239.68
attention,128,1024,8,1024,1,302.21
attention,128,1024,8,2048,1,532.194
attention,128,1024,8,4096,1,1019.59
attention,128,1024,8,8192,1,1992.29
attention,128,1024,8,16384,1,3952.29
attention,128,1024,16,16,1,190.176
attention,128,1024,16,32,1,191.521
attention,128,1024,16,64,1,206.975
attention,128,1024,16,128,1,224.065
attention,128,1024,16,256,1,255.841
attention,128,1024,16,512,1,316.257
attention,128,1024,16,1024,1,440.159
attention,128,1024,16,2048,1,791.809
attention,128,1024,16,4096,1,1524.48
attention,128,1024,16,8192,1,2995.88
attention,128,1024,16,16384,1,5946.22
attention,128,1024,32,16,1,225.664
attention,128,1024,32,32,1,226.048
attention,128,1024,32,64,1,256.255
attention,128,1024,32,128,1,289.568
attention,128,1024,32,256,1,351.329
attention,128,1024,32,512,1,470.37
attention,128,1024,32,1024,1,717.441
attention,128,1024,32,2048,1,1313.76
attention,128,1024,32,4096,1,2539.27
attention,128,1024,32,8192,1,4989.35
attention,128,1024,32,16384,1,9881.71
attention,128,1024,64,16,1,296.415
attention,128,1024,64,32,1,299.779
attention,128,1024,64,64,1,364
attention,128,1024,64,128,1,434.401
attention,128,1024,64,256,1,549.312
attention,128,1024,64,512,1,813.057
attention,128,1024,64,1024,1,1348.35
attention,128,1024,64,2048,1,2694.15
attention,128,1024,64,4096,1,5317.51
attention,128,1024,64,8192,1,10382.7
attention,128,1024,64,16384,1,20418.9
attention,128,1024,128,16,1,429.345
attention,128,1024,128,32,1,434.11
attention,128,1024,128,64,1,567.905
attention,128,1024,128,128,1,727.487
attention,128,1024,128,256,1,1045.28
attention,128,1024,128,512,1,1689.22
attention,128,1024,128,1024,1,3252.77
attention,128,1024,128,2048,1,9776.5
attention,128,1024,128,4096,1,23006.9
attention,128,1024,128,8192,1,46902.6
attention,128,1024,128,16384,1,98288.1
attention,128,2048,0,0,1,279.2
attention,128,2048,1,16,1,280.002
attention,128,2048,1,32,1,281.184
attention,128,2048,1,64,1,279.008
attention,128,2048,1,128,1,279.647
attention,128,2048,1,256,1,280.832
attention,128,2048,1,512,1,279.937
attention,128,2048,1,1024,1,280.291
attention,128,2048,1,2048,1,279.519
attention,128,2048,1,4096,1,511.487
attention,128,2048,1,8192,1,998.688
attention,128,2048,1,16384,1,1961.51
attention,128,2048,2,16,1,280.256
attention,128,2048,2,32,1,279.904
attention,128,2048,2,64,1,278.368
attention,128,2048,2,128,1,279.553
attention,128,2048,2,256,1,279.298
attention,128,2048,2,512,1,278.72
attention,128,2048,2,1024,1,281.024
attention,128,2048,2,2048,1,279.648
attention,128,2048,2,4096,1,511.491
attention,128,2048,2,8192,1,998.207
attention,128,2048,2,16384,1,1955.2
attention,128,2048,4,16,1,280.481
attention,128,2048,4,32,1,280.639
attention,128,2048,4,64,1,279.008
attention,128,2048,4,128,1,280.671
attention,128,2048,4,256,1,279.968
attention,128,2048,4,512,1,280.258
attention,128,2048,4,1024,1,281.858
attention,128,2048,4,2048,1,282.753
attention,128,2048,4,4096,1,515.425
attention,128,2048,4,8192,1,1002.34
attention,128,2048,4,16384,1,1981.54
attention,128,2048,8,16,1,296.255
attention,128,2048,8,32,1,294.752
attention,128,2048,8,64,1,303.778
attention,128,2048,8,128,1,311.712
attention,128,2048,8,256,1,329.889
attention,128,2048,8,512,1,361.057
attention,128,2048,8,1024,1,423.264
attention,128,2048,8,2048,1,545.378
attention,128,2048,8,4096,1,1020.1
attention,128,2048,8,8192,1,1992.99
attention,128,2048,8,16384,1,3936.36
attention,128,2048,16,16,1,312.577
attention,128,2048,16,32,1,314.08
attention,128,2048,16,64,1,326.912
attention,128,2048,16,128,1,345.729
attention,128,2048,16,256,1,374.913
attention,128,2048,16,512,1,438.625
attention,128,2048,16,1024,1,561.634
attention,128,2048,16,2048,1,807.233
attention,128,2048,16,4096,1,1524.74
attention,128,2048,16,8192,1,2999.52
attention,128,2048,16,16384,1,5938.48
attention,128,2048,32,16,1,347.199
attention,128,2048,32,32,1,346.912
attention,128,2048,32,64,1,375.458
attention,128,2048,32,128,1,409.73
attention,128,2048,32,256,1,472.032
attention,128,2048,32,512,1,595.553
attention,128,2048,32,1024,1,837.186
attention,128,2048,32,2048,1,1330.47
attention,128,2048,32,4096,1,2696.13
attention,128,2048,32,8192,1,5302.98
attention,128,2048,32,16384,1,10747.1
attention,128,2048,64,16,1,418.21
attention,128,2048,64,32,1,420.513
attention,128,2048,64,64,1,487.552
attention,128,2048,64,128,1,561.857
attention,128,2048,64,256,1,698.593
attention,128,2048,64,512,1,948.001
attention,128,2048,64,1024,1,1482.75
attention,128,2048,64,2048,1,2964.23
attention,128,2048,64,4096,1,6329.96
attention,128,2048,64,8192,1,13243.2
attention,128,2048,64,16384,1,27749.6
attention,128,2048,128,16,1,561.056
attention,128,2048,128,32,1,567.104
attention,128,2048,128,64,1,710.466
attention,128,2048,128,128,1,867.201
attention,128,2048,128,256,1,1178.4
attention,128,2048,128,512,1,1813.35
attention,128,2048,128,1024,1,3517.64
attention,128,2048,128,2048,1,9861.78
attention,128,2048,128,4096,1,21144.5
attention,128,2048,128,8192,1,46859.5
attention,128,2048,128,16384,1,99412.2
attention,128,4096,0,0,1,522.209
attention,128,4096,1,16,1,523.681
attention,128,4096,1,32,1,520.32
attention,128,4096,1,64,1,521.663
attention,128,4096,1,128,1,523.551
attention,128,4096,1,256,1,521.73
attention,128,4096,1,512,1,524.512
attention,128,4096,1,1024,1,522.946
attention,128,4096,1,2048,1,524.418
attention,128,4096,1,4096,1,523.52
attention,128,4096,1,8192,1,996.003
attention,128,4096,1,16384,1,1964.19
attention,128,4096,2,16,1,522.787
attention,128,4096,2,32,1,522.848
attention,128,4096,2,64,1,522.465
attention,128,4096,2,128,1,521.826
attention,128,4096,2,256,1,521.089
attention,128,4096,2,512,1,522.848
attention,128,4096,2,1024,1,523.679
attention,128,4096,2,2048,1,522.817
attention,128,4096,2,4096,1,523.042
attention,128,4096,2,8192,1,999.651
attention,128,4096,2,16384,1,1971.75
attention,128,4096,4,16,1,520.77
attention,128,4096,4,32,1,521.986
attention,128,4096,4,64,1,520.225
attention,128,4096,4,128,1,521.792
attention,128,4096,4,256,1,522.689
attention,128,4096,4,512,1,523.328
attention,128,4096,4,1024,1,524.225
attention,128,4096,4,2048,1,525.537
attention,128,4096,4,4096,1,525.697
attention,128,4096,4,8192,1,1004.67
attention,128,4096,4,16384,1,1978.98
attention,128,4096,8,16,1,538.883
attention,128,4096,8,32,1,540.61
attention,128,4096,8,64,1,544.897
attention,128,4096,8,128,1,555.299
attention,128,4096,8,256,1,572.033
attention,128,4096,8,512,1,600.993
attention,128,4096,8,1024,1,665.536
attention,128,4096,8,2048,1,787.62
attention,128,4096,8,4096,1,1035.56
attention,128,4096,8,8192,1,1995.07
attention,128,4096,8,16384,1,3948.3
attention,128,4096,16,16,1,554.24
attention,128,4096,16,32,1,556.002
attention,128,4096,16,64,1,571.523
attention,128,4096,16,128,1,587.106
attention,128,4096,16,256,1,618.466
attention,128,4096,16,512,1,682.147
attention,128,4096,16,1024,1,804.066
attention,128,4096,16,2048,1,1047.91
attention,128,4096,16,4096,1,1540.8
attention,128,4096,16,8192,1,3003.72
attention,128,4096,16,16384,1,5959.41
attention,128,4096,32,16,1,589.825
attention,128,4096,32,32,1,590.466
attention,128,4096,32,64,1,619.904
attention,128,4096,32,128,1,652.544
attention,128,4096,32,256,1,716.035
attention,128,4096,32,512,1,835.52
attention,128,4096,32,1024,1,1085.79
attention,128,4096,32,2048,1,1578.43
attention,128,4096,32,4096,1,2654.95
attention,128,4096,32,8192,1,5421.52
attention,128,4096,32,16384,1,10778
attention,128,4096,64,16,1,649.154
attention,128,4096,64,32,1,661.825
attention,128,4096,64,64,1,731.426
attention,128,4096,64,128,1,805.154
attention,128,4096,64,256,1,946.403
attention,128,4096,64,512,1,1232.84
attention,128,4096,64,1024,1,1768.55
attention,128,4096,64,2048,1,3346.47
attention,128,4096,64,4096,1,5958.35
attention,128,4096,64,8192,1,13259.3
attention,128,4096,64,16384,1,31033.6
attention,128,4096,128,16,1,786.563
attention,128,4096,128,32,1,810.305
attention,128,4096,128,64,1,945.858
attention,128,4096,128,128,1,1125.09
attention,128,4096,128,256,1,1422.34
attention,128,4096,128,512,1,2063.43
attention,128,4096,128,1024,1,3828.49
attention,128,4096,128,2048,1,10212.4
attention,128,4096,128,4096,1,22045.4
attention,128,4096,128,8192,1,49160.1
attention,128,4096,128,16384,1,95678.6
attention,128,8192,0,0,1,1006.72
attention,128,8192,1,16,1,1009.67
attention,128,8192,1,32,1,1009.54
attention,128,8192,1,64,1,1003.87
attention,128,8192,1,128,1,1006.24
attention,128,8192,1,256,1,1007.2
attention,128,8192,1,512,1,1010.76
attention,128,8192,1,1024,1,1003.88
attention,128,8192,1,2048,1,1008.22
attention,128,8192,1,4096,1,1006.69
attention,128,8192,1,8192,1,1009.16
attention,128,8192,1,16384,1,1964.13
attention,128,8192,2,16,1,1010.43
attention,128,8192,2,32,1,1008
attention,128,8192,2,64,1,1009.99
attention,128,8192,2,128,1,1008.93
attention,128,8192,2,256,1,1004.96
attention,128,8192,2,512,1,1010.63
attention,128,8192,2,1024,1,1006.24
attention,128,8192,2,2048,1,1010.79
attention,128,8192,2,4096,1,1008.45
attention,128,8192,2,8192,1,992.642
attention,128,8192,2,16384,1,1975.75
attention,128,8192,4,16,1,1009.47
attention,128,8192,4,32,1,1009.25
attention,128,8192,4,64,1,1007.23
attention,128,8192,4,128,1,1008.77
attention,128,8192,4,256,1,1009.73
attention,128,8192,4,512,1,1007.65
attention,128,8192,4,1024,1,1013.22
attention,128,8192,4,2048,1,1013.22
attention,128,8192,4,4096,1,1012.99
attention,128,8192,4,8192,1,1012.26
attention,128,8192,4,16384,1,1973.76
attention,128,8192,8,16,1,1027.55
attention,128,8192,8,32,1,1025.67
attention,128,8192,8,64,1,1029.89
attention,128,8192,8,128,1,1041.22
attention,128,8192,8,256,1,1056.32
attention,128,8192,8,512,1,1087.17
attention,128,8192,8,1024,1,1153.38
attention,128,8192,8,2048,1,1276.48
attention,128,8192,8,4096,1,1488.39
attention,128,8192,8,8192,1,2006.56
attention,128,8192,8,16384,1,3949.93
attention,128,8192,16,16,1,1038.31
attention,128,8192,16,32,1,1039.65
attention,128,8192,16,64,1,1057.99
attention,128,8192,16,128,1,1070.91
attention,128,8192,16,256,1,1103.55
attention,128,8192,16,512,1,1164.67
attention,128,8192,16,1024,1,1291.43
attention,128,8192,16,2048,1,1541.73
attention,128,8192,16,4096,1,1950.02
attention,128,8192,16,8192,1,2902.47
attention,128,8192,16,16384,1,5953.77
attention,128,8192,32,16,1,1070.72
attention,128,8192,32,32,1,1071.56
attention,128,8192,32,64,1,1106.85
attention,128,8192,32,128,1,1141.44
attention,128,8192,32,256,1,1202.11
attention,128,8192,32,512,1,1322.91
attention,128,8192,32,1024,1,1570.4
attention,128,8192,32,2048,1,2087.88
attention,128,8192,32,4096,1,3188.45
attention,128,8192,32,8192,1,5184.14
attention,128,8192,32,16384,1,10707
attention,128,8192,64,16,1,1103.07
attention,128,8192,64,32,1,1151.23
attention,128,8192,64,64,1,1220.55
attention,128,8192,64,128,1,1289.7
attention,128,8192,64,256,1,1379.91
attention,128,8192,64,512,1,1720.07
attention,128,8192,64,1024,1,2301.45
attention,128,8192,64,2048,1,4097.99
attention,128,8192,64,4096,1,6742.96
attention,128,8192,64,8192,1,11687
attention,128,8192,64,16384,1,29217.8
attention,128,8192,128,16,1,1264.61
attention,128,8192,128,32,1,1285.76
attention,128,8192,128,64,1,1447.91
attention,128,8192,128,128,1,1586.4
attention,128,8192,128,256,1,1927.36
attention,128,8192,128,512,1,2605.93
attention,128,8192,128,1024,1,4507.34
attention,128,8192,128,2048,1,10902.3
attention,128,8192,128,4096,1,20048.4
attention,128,8192,128,8192,1,49282.3
attention,128,8192,128,16384,1,98070
attention,128,16384,0,0,1,1976.29
attention,128,16384,1,16,1,1974.41
attention,128,16384,1,32,1,1976.1
attention,128,16384,1,64,1,1976.16
attention,128,16384,1,128,1,1980.29
attention,128,16384,1,256,1,1982.95
attention,128,16384,1,512,1,1984.13
attention,128,16384,1,1024,1,1980.49
attention,128,16384,1,2048,1,1978.08
attention,128,16384,1,4096,1,1978.57
attention,128,16384,1,8192,1,1984.39
attention,128,16384,1,16384,1,1982.75
attention,128,16384,2,16,1,1976.74
attention,128,16384,2,32,1,1976.45
attention,128,16384,2,64,1,1977.51
attention,128,16384,2,128,1,1976.87
attention,128,16384,2,256,1,1978.31
attention,128,16384,2,512,1,1968.16
attention,128,16384,2,1024,1,1971.59
attention,128,16384,2,2048,1,1977.73
attention,128,16384,2,4096,1,1971.4
attention,128,16384,2,8192,1,1981.8
attention,128,16384,2,16384,1,1987.08
attention,128,16384,4,16,1,1969.83
attention,128,16384,4,32,1,1938.21
attention,128,16384,4,64,1,1964.49
attention,128,16384,4,128,1,1941.25
attention,128,16384,4,256,1,1943.2
attention,128,16384,4,512,1,1987.37
attention,128,16384,4,1024,1,1904.04
attention,128,16384,4,2048,1,1976.78
attention,128,16384,4,4096,1,1979.14
attention,128,16384,4,8192,1,1986.12
attention,128,16384,4,16384,1,1947.33
attention,128,16384,8,16,1,1998.76
attention,128,16384,8,32,1,1992.61
attention,128,16384,8,64,1,2006.82
attention,128,16384,8,128,1,2015.04
attention,128,16384,8,256,1,2035.37
attention,128,16384,8,512,1,2012.39
attention,128,16384,8,1024,1,2124.64
attention,128,16384,8,2048,1,2246.28
attention,128,16384,8,4096,1,2491.88
attention,128,16384,8,8192,1,2980.84
attention,128,16384,8,16384,1,3730.66
attention,128,16384,16,16,1,1964.36
attention,128,16384,16,32,1,2005.09
attention,128,16384,16,64,1,2025.44
attention,128,16384,16,128,1,2040.13
attention,128,16384,16,256,1,2073.35
attention,128,16384,16,512,1,2092.42
attention,128,16384,16,1024,1,2265.06
attention,128,16384,16,2048,1,2514.73
attention,128,16384,16,4096,1,3007.27
attention,128,16384,16,8192,1,4000.81
attention,128,16384,16,16384,1,5722.41
attention,128,16384,32,16,1,2040.93
attention,128,16384,32,32,1,2054.21
attention,128,16384,32,64,1,2073.19
attention,128,16384,32,128,1,2065.64
attention,128,16384,32,256,1,2169.16
attention,128,16384,32,512,1,2296.29
attention,128,16384,32,1024,1,2488.77
attention,128,16384,32,2048,1,2937.35
attention,128,16384,32,4096,1,4201.46
attention,128,16384,32,8192,1,6249.49
attention,128,16384,32,16384,1,10098.5
attention,128,16384,64,16,1,2109.13
attention,128,16384,64,32,1,2117.92
attention,128,16384,64,64,1,2133.19
attention,128,16384,64,128,1,2175.97
attention,128,16384,64,256,1,2399.97
attention,128,16384,64,512,1,2646.37
attention,128,16384,64,1024,1,3267.88
attention,128,16384,64,2048,1,5011.27
attention,128,16384,64,4096,1,8214.77
attention,128,16384,64,8192,1,13237.3
attention,128,16384,64,16384,1,23142.7
attention,128,16384,128,16,1,2216.64
attention,128,16384,128,32,1,2270.57
attention,128,16384,128,64,1,2320.93
attention,128,16384,128,128,1,2577.03
attention,128,16384,128,256,1,2879.56
attention,128,16384,128,512,1,3547.82
attention,128,16384,128,1024,1,5649.81
attention,128,16384,128,2048,1,12513.5
attention,128,16384,128,4096,1,24976
attention,128,16384,128,8192,1,50133.9
attention,128,16384,128,16384,1,98597.4
attention,256,0,0,0,1,51.554
attention,256,0,1,16,1,49.503
attention,256,0,1,32,1,50.208
attention,256,0,1,64,1,52.256
attention,256,0,1,128,1,50.495
attention,256,0,1,256,1,54.016
attention,256,0,1,512,1,84.8
attention,256,0,1,1024,1,146.752
attention,256,0,1,2048,1,258.368
attention,256,0,1,4096,1,512.289
attention,256,0,1,8192,1,978.34
attention,256,0,1,16384,1,1971.59
attention,256,0,2,16,1,53.726
attention,256,0,2,32,1,53.663
attention,256,0,2,64,1,51.839
attention,256,0,2,128,1,52.673
attention,256,0,2,256,1,58.239
attention,256,0,2,512,1,83.969
attention,256,0,2,1024,1,146.528
attention,256,0,2,2048,1,265.857
attention,256,0,2,4096,1,512.801
attention,256,0,2,8192,1,978.051
attention,256,0,2,16384,1,1971.72
attention,256,0,4,16,1,67.488
attention,256,0,4,32,1,67.552
attention,256,0,4,64,1,71.489
attention,256,0,4,128,1,70.848
attention,256,0,4,256,1,69.056
attention,256,0,4,512,1,98.112
attention,256,0,4,1024,1,161.442
attention,256,0,4,2048,1,271.585
attention,256,0,4,4096,1,505.665
attention,256,0,4,8192,1,1010.69
attention,256,0,4,16384,1,1866.53
attention,256,0,8,16,1,73.79
attention,256,0,8,32,1,71.712
attention,256,0,8,64,1,80.865
attention,256,0,8,128,1,88.449
attention,256,0,8,256,1,101.408
attention,256,0,8,512,1,156.706
attention,256,0,8,1024,1,288.193
attention,256,0,8,2048,1,503.265
attention,256,0,8,4096,1,966.082
attention,256,0,8,8192,1,1999.52
attention,256,0,8,16384,1,3873.58
attention,256,0,16,16,1,91.651
attention,256,0,16,32,1,95.359
attention,256,0,16,64,1,100.001
attention,256,0,16,128,1,117.185
attention,256,0,16,256,1,149.923
attention,256,0,16,512,1,245.408
attention,256,0,16,1024,1,412.704
attention,256,0,16,2048,1,794.657
attention,256,0,16,4096,1,1471.3
attention,256,0,16,8192,1,2938.41
attention,256,0,16,16384,1,5810.92
attention,256,0,32,16,1,131.84
attention,256,0,32,32,1,132.703
attention,256,0,32,64,1,161.088
attention,256,0,32,128,1,191.937
attention,256,0,32,256,1,245.089
attention,256,0,32,512,1,395.009
attention,256,0,32,1024,1,696.9
attention,256,0,32,2048,1,1272.29
attention,256,0,32,4096,1,2512.13
attention,256,0,32,8192,1,4808.14
attention,256,0,32,16384,1,9686.84
attention,256,0,64,16,1,200.702
attention,256,0,64,32,1,207.01
attention,256,0,64,64,1,267.36
attention,256,0,64,128,1,321.376
attention,256,0,64,256,1,451.65
attention,256,0,64,512,1,746.467
attention,256,0,64,1024,1,1316.29
attention,256,0,64,2048,1,2644.42
attention,256,0,64,4096,1,5333.32
attention,256,0,64,8192,1,10354.5
attention,256,0,64,16384,1,20427.6
attention,256,0,128,16,1,342.851
attention,256,0,128,32,1,358.56
attention,256,0,128,64,1,473.248
attention,256,0,128,128,1,633.762
attention,256,0,128,256,1,946.56
attention,256,0,128,512,1,1611.2
attention,256,0,128,1024,1,3213.35
attention,256,0,128,2048,1,9403.99
attention,256,0,128,4096,1,18385.5
attention,256,0,128,8192,1,47295.9
attention,256,0,128,16384,1,96633.7
attention,256,16,0,0,1,58.59
attention,256,16,1,16,1,57.088
attention,256,16,1,32,1,58.112
attention,256,16,1,64,1,56.96
attention,256,16,1,128,1,58.687
attention,256,16,1,256,1,57.441
attention,256,16,1,512,1,83.391
attention,256,16,1,1024,1,141.568
attention,256,16,1,2048,1,265.856
attention,256,16,1,4096,1,510.401
attention,256,16,1,8192,1,957.667
attention,256,16,1,16384,1,1885.99
attention,256,16,2,16,1,60.576
attention,256,16,2,32,1,61.312
attention,256,16,2,64,1,58.143
attention,256,16,2,128,1,58.56
attention,256,16,2,256,1,60.479
attention,256,16,2,512,1,85.855
attention,256,16,2,1024,1,149.185
attention,256,16,2,2048,1,265.985
attention,256,16,2,4096,1,512.322
attention,256,16,2,8192,1,940.642
attention,256,16,2,16384,1,1967.56
attention,256,16,4,16,1,75.743
attention,256,16,4,32,1,75.266
attention,256,16,4,64,1,82.145
attention,256,16,4,128,1,84.609
attention,256,16,4,256,1,85.342
attention,256,16,4,512,1,99.904
attention,256,16,4,1024,1,161.281
attention,256,16,4,2048,1,283.936
attention,256,16,4,4096,1,515.489
attention,256,16,4,8192,1,1008.39
attention,256,16,4,16384,1,1987.3
attention,256,16,8,16,1,82.176
attention,256,16,8,32,1,81.696
attention,256,16,8,64,1,87.936
attention,256,16,8,128,1,93.055
attention,256,16,8,256,1,108.994
attention,256,16,8,512,1,160.864
attention,256,16,8,1024,1,287.04
attention,256,16,8,2048,1,511.584
attention,256,16,8,4096,1,983.137
attention,256,16,8,8192,1,1918.53
attention,256,16,8,16384,1,3950.57
attention,256,16,16,16,1,104.449
attention,256,16,16,32,1,104.931
attention,256,16,16,64,1,114.369
attention,256,16,16,128,1,123.457
attention,256,16,16,256,1,151.169
attention,256,16,16,512,1,236.065
attention,256,16,16,1024,1,412.48
attention,256,16,16,2048,1,765.121
attention,256,16,16,4096,1,1469.7
attention,256,16,16,8192,1,2882.28
attention,256,16,16,16384,1,5687.66
attention,256,16,32,16,1,136.639
attention,256,16,32,32,1,142.304
attention,256,16,32,64,1,168.416
attention,256,16,32,128,1,200.993
attention,256,16,32,256,1,256.992
attention,256,16,32,512,1,403.618
attention,256,16,32,1024,1,710.625
attention,256,16,32,2048,1,1324.61
attention,256,16,32,4096,1,2506.28
attention,256,16,32,8192,1,4909.07
attention,256,16,32,16384,1,9887.63
attention,256,16,64,16,1,214.592
attention,256,16,64,32,1,212.193
attention,256,16,64,64,1,279.364
attention,256,16,64,128,1,332.193
attention,256,16,64,256,1,455.456
attention,256,16,64,512,1,746.467
attention,256,16,64,1024,1,1316.26
attention,256,16,64,2048,1,2674.98
attention,256,16,64,4096,1,5321.58
attention,256,16,64,8192,1,10347.6
attention,256,16,64,16384,1,20641
attention,256,16,128,16,1,357.664
attention,256,16,128,32,1,362.465
attention,256,16,128,64,1,520.353
attention,256,16,128,128,1,645.25
attention,256,16,128,256,1,968.417
attention,256,16,128,512,1,1609.73
attention,256,16,128,1024,1,3149.54
attention,256,16,128,2048,1,9389.81
attention,256,16,128,4096,1,18386.6
attention,256,16,128,8192,1,46968.8
attention,256,16,128,16384,1,97659.8
attention,256,32,0,0,1,57.665
attention,256,32,1,16,1,59.167
attention,256,32,1,32,1,59.039
attention,256,32,1,64,1,58.015
attention,256,32,1,128,1,59.135
attention,256,32,1,256,1,57.504
attention,256,32,1,512,1,83.296
attention,256,32,1,1024,1,145.95
attention,256,32,1,2048,1,253.216
attention,256,32,1,4096,1,492.13
attention,256,32,1,8192,1,987.17
attention,256,32,1,16384,1,1964.48
attention,256,32,2,16,1,59.168
attention,256,32,2,32,1,57.727
attention,256,32,2,64,1,60.352
attention,256,32,2,128,1,58.879
attention,256,32,2,256,1,60.609
attention,256,32,2,512,1,88.479
attention,256,32,2,1024,1,143.552
attention,256,32,2,2048,1,255.168
attention,256,32,2,4096,1,513.314
attention,256,32,2,8192,1,988.067
attention,256,32,2,16384,1,1968.45
attention,256,32,4,16,1,74.847
attention,256,32,4,32,1,72.704
attention,256,32,4,64,1,81.313
attention,256,32,4,128,1,88.608
attention,256,32,4,256,1,91.232
attention,256,32,4,512,1,101.089
attention,256,32,4,1024,1,161.055
attention,256,32,4,2048,1,277.536
attention,256,32,4,4096,1,526.208
attention,256,32,4,8192,1,952.962
attention,256,32,4,16384,1,1904.74
attention,256,32,8,16,1,78.527
attention,256,32,8,32,1,80.99
attention,256,32,8,64,1,89.217
attention,256,32,8,128,1,92.609
attention,256,32,8,256,1,107.264
attention,256,32,8,512,1,164.255
attention,256,32,8,1024,1,277.824
attention,256,32,8,2048,1,511.425
attention,256,32,8,4096,1,1018.08
attention,256,32,8,8192,1,1916.64
attention,256,32,8,16384,1,3792.17
attention,256,32,16,16,1,101.12
attention,256,32,16,32,1,104.993
attention,256,32,16,64,1,112.768
attention,256,32,16,128,1,130.046
attention,256,32,16,256,1,155.936
attention,256,32,16,512,1,238.272
attention,256,32,16,1024,1,426.593
attention,256,32,16,2048,1,767.297
attention,256,32,16,4096,1,1502.69
attention,256,32,16,8192,1,3008.04
attention,256,32,16,16384,1,5691.63
attention,256,32,32,16,1,141.569
attention,256,32,32,32,1,135.457
attention,256,32,32,64,1,168.768
attention,256,32,32,128,1,197.282
attention,256,32,32,256,1,248.639
attention,256,32,32,512,1,404.098
attention,256,32,32,1024,1,675.649
attention,256,32,32,2048,1,1325.35
attention,256,32,32,4096,1,2558.89
attention,256,32,32,8192,1,5068.33
attention,256,32,32,16384,1,9890.3
attention,256,32,64,16,1,204.352
attention,256,32,64,32,1,213.345
attention,256,32,64,64,1,283.839
attention,256,32,64,128,1,332.192
attention,256,32,64,256,1,456.098
attention,256,32,64,512,1,749.444
attention,256,32,64,1024,1,1330.02
attention,256,32,64,2048,1,2651.98
attention,256,32,64,4096,1,5316.88
attention,256,32,64,8192,1,10351.4
attention,256,32,64,16384,1,20852.8
attention,256,32,128,16,1,358.495
attention,256,32,128,32,1,369.633
attention,256,32,128,64,1,494.272
attention,256,32,128,128,1,645.537
attention,256,32,128,256,1,969.44
attention,256,32,128,512,1,1621.28
attention,256,32,128,1024,1,3150.25
attention,256,32,128,2048,1,9402.81
attention,256,32,128,4096,1,18380.6
attention,256,32,128,8192,1,47045.1
attention,256,32,128,16384,1,94026.4
attention,256,64,0,0,1,59.071
attention,256,64,1,16,1,59.103
attention,256,64,1,32,1,59.873
attention,256,64,1,64,1,59.841
attention,256,64,1,128,1,59.872
attention,256,64,1,256,1,59.552
attention,256,64,1,512,1,84.576
attention,256,64,1,1024,1,147.137
attention,256,64,1,2048,1,267.81
attention,256,64,1,4096,1,508.322
attention,256,64,1,8192,1,962.242
attention,256,64,1,16384,1,1969.64
attention,256,64,2,16,1,60.896
attention,256,64,2,32,1,61.344
attention,256,64,2,64,1,61.185
attention,256,64,2,128,1,62.176
attention,256,64,2,256,1,58.912
attention,256,64,2,512,1,88.865
attention,256,64,2,1024,1,144.578
attention,256,64,2,2048,1,267.618
attention,256,64,2,4096,1,504.097
attention,256,64,2,8192,1,1000.19
attention,256,64,2,16384,1,1949.09
attention,256,64,4,16,1,75.743
attention,256,64,4,32,1,75.872
attention,256,64,4,64,1,83.392
attention,256,64,4,128,1,88.096
attention,256,64,4,256,1,89.217
attention,256,64,4,512,1,99.969
attention,256,64,4,1024,1,162.145
attention,256,64,4,2048,1,281.473
attention,256,64,4,4096,1,508.991
attention,256,64,4,8192,1,1010.95
attention,256,64,4,16384,1,1910.15
attention,256,64,8,16,1,82.368
attention,256,64,8,32,1,82.207
attention,256,64,8,64,1,86.592
attention,256,64,8,128,1,95.391
attention,256,64,8,256,1,109.728
attention,256,64,8,512,1,157.249
attention,256,64,8,1024,1,277.889
attention,256,64,8,2048,1,530.816
attention,256,64,8,4096,1,1000.61
attention,256,64,8,8192,1,1998.82
attention,256,64,8,16384,1,3902.05
attention,256,64,16,16,1,106.273
attention,256,64,16,32,1,106.846
attention,256,64,16,64,1,111.904
attention,256,64,16,128,1,125.793
attention,256,64,16,256,1,153.919
attention,256,64,16,512,1,244.321
attention,256,64,16,1024,1,426.497
attention,256,64,16,2048,1,795.714
attention,256,64,16,4096,1,1528.13
attention,256,64,16,8192,1,3012.3
attention,256,64,16,16384,1,5821.93
attention,256,64,32,16,1,142.689
attention,256,64,32,32,1,143.584
attention,256,64,32,64,1,176.833
attention,256,64,32,128,1,203.585
attention,256,64,32,256,1,257.728
attention,256,64,32,512,1,396.545
attention,256,64,32,1024,1,709.219
attention,256,64,32,2048,1,1327.17
attention,256,64,32,4096,1,2560.84
attention,256,64,32,8192,1,5020.52
attention,256,64,32,16384,1,9765.91
attention,256,64,64,16,1,208.865
attention,256,64,64,32,1,214.656
attention,256,64,64,64,1,273.728
attention,256,64,64,128,1,333.473
attention,256,64,64,256,1,473.122
attention,256,64,64,512,1,771.202
attention,256,64,64,1024,1,1347.23
attention,256,64,64,2048,1,2680.58
attention,256,64,64,4096,1,5339.44
attention,256,64,64,8192,1,10352.2
attention,256,64,64,16384,1,20433
attention,256,64,128,16,1,364.609
attention,256,64,128,32,1,364.48
attention,256,64,128,64,1,492.577
attention,256,64,128,128,1,658.112
attention,256,64,128,256,1,955.81
attention,256,64,128,512,1,1631.81
attention,256,64,128,1024,1,3208.68
attention,256,64,128,2048,1,9394.32
attention,256,64,128,4096,1,18384.7
attention,256,64,128,8192,1,45766.1
attention,256,64,128,16384,1,95945.3
attention,256,128,0,0,1,66.88
attention,256,128,1,16,1,66.176
attention,256,128,1,32,1,64.033
attention,256,128,1,64,1,65.119
attention,256,128,1,128,1,65.6
attention,256,128,1,256,1,64.99
attention,256,128,1,512,1,84.064
attention,256,128,1,1024,1,139.04
attention,256,128,1,2048,1,258.528
attention,256,128,1,4096,1,512.066
attention,256,128,1,8192,1,985.283
attention,256,128,1,16384,1,1964.42
attention,256,128,2,16,1,66.368
attention,256,128,2,32,1,67.521
attention,256,128,2,64,1,68.769
attention,256,128,2,128,1,66.72
attention,256,128,2,256,1,68.928
attention,256,128,2,512,1,85.475
attention,256,128,2,1024,1,147.713
attention,256,128,2,2048,1,255.392
attention,256,128,2,4096,1,508.547
attention,256,128,2,8192,1,949.76
attention,256,128,2,16384,1,1963.97
attention,256,128,4,16,1,83.394
attention,256,128,4,32,1,84.288
attention,256,128,4,64,1,88.222
attention,256,128,4,128,1,99.841
attention,256,128,4,256,1,106.527
attention,256,128,4,512,1,103.393
attention,256,128,4,1024,1,155.616
attention,256,128,4,2048,1,272.512
attention,256,128,4,4096,1,506.272
attention,256,128,4,8192,1,970.915
attention,256,128,4,16384,1,1906.31
attention,256,128,8,16,1,84.928
attention,256,128,8,32,1,90.273
attention,256,128,8,64,1,97.761
attention,256,128,8,128,1,101.024
attention,256,128,8,256,1,117.248
attention,256,128,8,512,1,162.945
attention,256,128,8,1024,1,286.88
attention,256,128,8,2048,1,502.785
attention,256,128,8,4096,1,1019.49
attention,256,128,8,8192,1,1996.87
attention,256,128,8,16384,1,3797.7
attention,256,128,16,16,1,110.944
attention,256,128,16,32,1,109.984
attention,256,128,16,64,1,122.976
attention,256,128,16,128,1,138.496
attention,256,128,16,256,1,163.424
attention,256,128,16,512,1,238.625
attention,256,128,16,1024,1,414.048
attention,256,128,16,2048,1,765.345
attention,256,128,16,4096,1,1525.19
attention,256,128,16,8192,1,2883.31
attention,256,128,16,16384,1,5824.68
attention,256,128,32,16,1,148.802
attention,256,128,32,32,1,152.834
attention,256,128,32,64,1,175.168
attention,256,128,32,128,1,212.193
attention,256,128,32,256,1,258.913
attention,256,128,32,512,1,406.242
attention,256,128,32,1024,1,709.536
attention,256,128,32,2048,1,1319.49
attention,256,128,32,4096,1,2559.27
attention,256,128,32,8192,1,5008.36
attention,256,128,32,16384,1,9838.68
attention,256,128,64,16,1,218.177
attention,256,128,64,32,1,219.647
attention,256,128,64,64,1,279.103
attention,256,128,64,128,1,343.841
attention,256,128,64,256,1,468.642
attention,256,128,64,512,1,752.033
attention,256,128,64,1024,1,1331.49
attention,256,128,64,2048,1,2687.04
attention,256,128,64,4096,1,5324.78
attention,256,128,64,8192,1,10320.6
attention,256,128,64,16384,1,20463.7
attention,256,128,128,16,1,374.016
attention,256,128,128,32,1,380.512
attention,256,128,128,64,1,494.72
attention,256,128,128,128,1,668.545
attention,256,128,128,256,1,969.442
attention,256,128,128,512,1,1596
attention,256,128,128,1024,1,3211.24
attention,256,128,128,2048,1,9413.49
attention,256,128,128,4096,1,18388.7
attention,256,128,128,8192,1,46690.9
attention,256,128,128,16384,1,94400.9
attention,256,256,0,0,1,80.927
attention,256,256,1,16,1,79.936
attention,256,256,1,32,1,79.776
attention,256,256,1,64,1,79.744
attention,256,256,1,128,1,81.633
attention,256,256,1,256,1,82.848
attention,256,256,1,512,1,84.64
attention,256,256,1,1024,1,147.456
attention,256,256,1,2048,1,253.152
attention,256,256,1,4096,1,502.146
attention,256,256,1,8192,1,939.714
attention,256,256,1,16384,1,1890.34
attention,256,256,2,16,1,85.056
attention,256,256,2,32,1,82.943
attention,256,256,2,64,1,84.449
attention,256,256,2,128,1,84.799
attention,256,256,2,256,1,84.992
attention,256,256,2,512,1,86.913
attention,256,256,2,1024,1,150.335
attention,256,256,2,2048,1,265.791
attention,256,256,2,4096,1,512.8
attention,256,256,2,8192,1,959.041
attention,256,256,2,16384,1,1927.91
attention,256,256,4,16,1,96.863
attention,256,256,4,32,1,99.201
attention,256,256,4,64,1,104.223
attention,256,256,4,128,1,113.568
attention,256,256,4,256,1,127.487
attention,256,256,4,512,1,135.521
attention,256,256,4,1024,1,159.68
attention,256,256,4,2048,1,278.816
attention,256,256,4,4096,1,526.498
attention,256,256,4,8192,1,1013.92
attention,256,256,4,16384,1,1963.91
attention,256,256,8,16,1,106.401
attention,256,256,8,32,1,104.864
attention,256,256,8,64,1,112.608
attention,256,256,8,128,1,121.537
attention,256,256,8,256,1,137.057
attention,256,256,8,512,1,164.577
attention,256,256,8,1024,1,289.471
attention,256,256,8,2048,1,533.089
attention,256,256,8,4096,1,999.587
attention,256,256,8,8192,1,1956.23
attention,256,256,8,16384,1,3890.47
attention,256,256,16,16,1,132.064
attention,256,256,16,32,1,132.896
attention,256,256,16,64,1,147.039
attention,256,256,16,128,1,158.079
attention,256,256,16,256,1,184.161
attention,256,256,16,512,1,247.618
attention,256,256,16,1024,1,422.337
attention,256,256,16,2048,1,780.771
attention,256,256,16,4096,1,1530.47
attention,256,256,16,8192,1,2947.05
attention,256,256,16,16384,1,5707.89
attention,256,256,32,16,1,169.056
attention,256,256,32,32,1,172.896
attention,256,256,32,64,1,194.688
attention,256,256,32,128,1,234.401
attention,256,256,32,256,1,285.568
attention,256,256,32,512,1,392.675
attention,256,256,32,1024,1,709.122
attention,256,256,32,2048,1,1321.44
attention,256,256,32,4096,1,2510.12
attention,256,256,32,8192,1,4837.61
attention,256,256,32,16384,1,9498.2
attention,256,256,64,16,1,239.104
attention,256,256,64,32,1,244.866
attention,256,256,64,64,1,305.791
attention,256,256,64,128,1,366.754
attention,256,256,64,256,1,479.618
attention,256,256,64,512,1,752.609
attention,256,256,64,1024,1,1325.48
attention,256,256,64,2048,1,2672.39
attention,256,256,64,4096,1,5310.92
attention,256,256,64,8192,1,10275.5
attention,256,256,64,16384,1,20357
attention,256,256,128,16,1,381.697
attention,256,256,128,32,1,396.802
attention,256,256,128,64,1,520.834
attention,256,256,128,128,1,690.402
attention,256,256,128,256,1,973.219
attention,256,256,128,512,1,1614.63
attention,256,256,128,1024,1,3159.33
attention,256,256,128,2048,1,9417.81
attention,256,256,128,4096,1,18394.6
attention,256,256,128,8192,1,47557.5
attention,256,256,128,16384,1,96695.1
attention,256,512,0,0,1,112.384
attention,256,512,1,16,1,111.585
attention,256,512,1,32,1,110.977
attention,256,512,1,64,1,110.239
attention,256,512,1,128,1,112.896
attention,256,512,1,256,1,109.76
attention,256,512,1,512,1,107.681
attention,256,512,1,1024,1,145.218
attention,256,512,1,2048,1,263.231
attention,256,512,1,4096,1,509.408
attention,256,512,1,8192,1,978.177
attention,256,512,1,16384,1,1932.74
attention,256,512,2,16,1,114.08
attention,256,512,2,32,1,108.352
attention,256,512,2,64,1,111.81
attention,256,512,2,128,1,115.007
attention,256,512,2,256,1,114.656
attention,256,512,2,512,1,109.761
attention,256,512,2,1024,1,148.705
attention,256,512,2,2048,1,272.385
attention,256,512,2,4096,1,503.01
attention,256,512,2,8192,1,979.234
attention,256,512,2,16384,1,1965.45
attention,256,512,4,16,1,129.729
attention,256,512,4,32,1,129.409
attention,256,512,4,64,1,136.512
attention,256,512,4,128,1,138.016
attention,256,512,4,256,1,161.983
attention,256,512,4,512,1,186.272
attention,256,512,4,1024,1,191.616
attention,256,512,4,2048,1,274.944
attention,256,512,4,4096,1,518.401
attention,256,512,4,8192,1,1018.02
attention,256,512,4,16384,1,1873.44
attention,256,512,8,16,1,136.256
attention,256,512,8,32,1,136.609
attention,256,512,8,64,1,136.544
attention,256,512,8,128,1,151.874
attention,256,512,8,256,1,164.993
attention,256,512,8,512,1,195.456
attention,256,512,8,1024,1,290.016
attention,256,512,8,2048,1,530.082
attention,256,512,8,4096,1,1020.74
attention,256,512,8,8192,1,1997.16
attention,256,512,8,16384,1,3823.37
attention,256,512,16,16,1,162.593
attention,256,512,16,32,1,155.073
attention,256,512,16,64,1,181.408
attention,256,512,16,128,1,204.799
attention,256,512,16,256,1,220.354
attention,256,512,16,512,1,279.264
attention,256,512,16,1024,1,415.617
attention,256,512,16,2048,1,771.907
attention,256,512,16,4096,1,1527.36
attention,256,512,16,8192,1,3006.57
attention,256,512,16,16384,1,5737.23
attention,256,512,32,16,1,204.769
attention,256,512,32,32,1,202.848
attention,256,512,32,64,1,244.864
attention,256,512,32,128,1,272.642
attention,256,512,32,256,1,319.201
attention,256,512,32,512,1,420.577
attention,256,512,32,1024,1,712.867
attention,256,512,32,2048,1,1274.05
attention,256,512,32,4096,1,2560.52
attention,256,512,32,8192,1,4910.09
attention,256,512,32,16384,1,9633.59
attention,256,512,64,16,1,280.128
attention,256,512,64,32,1,279.488
attention,256,512,64,64,1,346.817
attention,256,512,64,128,1,419.009
attention,256,512,64,256,1,519.394
attention,256,512,64,512,1,789.919
attention,256,512,64,1024,1,1342.11
attention,256,512,64,2048,1,2673.93
attention,256,512,64,4096,1,5336.81
attention,256,512,64,8192,1,10352.8
attention,256,512,64,16384,1,20405
attention,256,512,128,16,1,433.472
attention,256,512,128,32,1,422.401
attention,256,512,128,64,1,556.097
attention,256,512,128,128,1,723.808
attention,256,512,128,256,1,1022.98
attention,256,512,128,512,1,1644.04
attention,256,512,128,1024,1,3183.05
attention,256,512,128,2048,1,9492.12
attention,256,512,128,4096,1,18436.5
attention,256,512,128,8192,1,45268.9
attention,256,512,128,16384,1,97988.6
attention,256,1024,0,0,1,169.761
attention,256,1024,1,16,1,164.545
attention,256,1024,1,32,1,174.144
attention,256,1024,1,64,1,163.68
attention,256,1024,1,128,1,170.69
attention,256,1024,1,256,1,175.199
attention,256,1024,1,512,1,174.015
attention,256,1024,1,1024,1,171.136
attention,256,1024,1,2048,1,268.224
attention,256,1024,1,4096,1,499.68
attention,256,1024,1,8192,1,979.107
attention,256,1024,1,16384,1,1971.66
attention,256,1024,2,16,1,175.745
attention,256,1024,2,32,1,175.521
attention,256,1024,2,64,1,175.455
attention,256,1024,2,128,1,172.929
attention,256,1024,2,256,1,175.683
attention,256,1024,2,512,1,173.953
attention,256,1024,2,1024,1,174.433
attention,256,1024,2,2048,1,272.928
attention,256,1024,2,4096,1,515.233
attention,256,1024,2,8192,1,1001.57
attention,256,1024,2,16384,1,1931.81
attention,256,1024,4,16,1,186.018
attention,256,1024,4,32,1,187.711
attention,256,1024,4,64,1,193.184
attention,256,1024,4,128,1,200.13
attention,256,1024,4,256,1,219.231
attention,256,1024,4,512,1,253.47
attention,256,1024,4,1024,1,315.011
attention,256,1024,4,2048,1,323.49
attention,256,1024,4,4096,1,530.69
attention,256,1024,4,8192,1,977.346
attention,256,1024,4,16384,1,1927.88
attention,256,1024,8,16,1,189.6
attention,256,1024,8,32,1,191.105
attention,256,1024,8,64,1,197.728
attention,256,1024,8,128,1,202.016
attention,256,1024,8,256,1,229.151
attention,256,1024,8,512,1,259.232
attention,256,1024,8,1024,1,319.935
attention,256,1024,8,2048,1,514.178
attention,256,1024,8,4096,1,1021.79
attention,256,1024,8,8192,1,1971.62
attention,256,1024,8,16384,1,3953.03
attention,256,1024,16,16,1,217.183
attention,256,1024,16,32,1,224.097
attention,256,1024,16,64,1,234.145
attention,256,1024,16,128,1,270.721
attention,256,1024,16,256,1,317.312
attention,256,1024,16,512,1,339.296
attention,256,1024,16,1024,1,448.417
attention,256,1024,16,2048,1,769.409
attention,256,1024,16,4096,1,1506.47
attention,256,1024,16,8192,1,2946.37
attention,256,1024,16,16384,1,5938.93
attention,256,1024,32,16,1,270.146
attention,256,1024,32,32,1,272.194
attention,256,1024,32,64,1,314.401
attention,256,1024,32,128,1,350.303
attention,256,1024,32,256,1,405.055
attention,256,1024,32,512,1,525.824
attention,256,1024,32,1024,1,753.537
attention,256,1024,32,2048,1,1252.26
attention,256,1024,32,4096,1,2544.68
attention,256,1024,32,8192,1,4895.41
attention,256,1024,32,16384,1,9685.21
attention,256,1024,64,16,1,351.554
attention,256,1024,64,32,1,364.513
attention,256,1024,64,64,1,420.706
attention,256,1024,64,128,1,500.546
attention,256,1024,64,256,1,603.745
attention,256,1024,64,512,1,877.602
attention,256,1024,64,1024,1,1360.26
attention,256,1024,64,2048,1,2821.8
attention,256,1024,64,4096,1,5318.03
attention,256,1024,64,8192,1,10453.4
attention,256,1024,64,16384,1,20520.4
attention,256,1024,128,16,1,514.273
attention,256,1024,128,32,1,508.193
attention,256,1024,128,64,1,637.984
attention,256,1024,128,128,1,807.49
attention,256,1024,128,256,1,1093.67
attention,256,1024,128,512,1,1708.9
attention,256,1024,128,1024,1,3420.49
attention,256,1024,128,2048,1,10568.3
attention,256,1024,128,4096,1,23772.3
attention,256,1024,128,8192,1,44957.3
attention,256,1024,128,16384,1,98124.3
attention,256,2048,0,0,1,295.297
attention,256,2048,1,16,1,296.032
attention,256,2048,1,32,1,296.066
attention,256,2048,1,64,1,296.864
attention,256,2048,1,128,1,286.691
attention,256,2048,1,256,1,295.777
attention,256,2048,1,512,1,295.105
attention,256,2048,1,1024,1,296.224
attention,256,2048,1,2048,1,291.681
attention,256,2048,1,4096,1,512.703
attention,256,2048,1,8192,1,964.641
attention,256,2048,1,16384,1,1966.95
attention,256,2048,2,16,1,296.575
attention,256,2048,2,32,1,296.672
attention,256,2048,2,64,1,292.514
attention,256,2048,2,128,1,297.792
attention,256,2048,2,256,1,288.546
attention,256,2048,2,512,1,297.986
attention,256,2048,2,1024,1,293.697
attention,256,2048,2,2048,1,298.016
attention,256,2048,2,4096,1,500.417
attention,256,2048,2,8192,1,970.336
attention,256,2048,2,16384,1,1974.41
attention,256,2048,4,16,1,312.29
attention,256,2048,4,32,1,310.689
attention,256,2048,4,64,1,319.008
attention,256,2048,4,128,1,329.12
attention,256,2048,4,256,1,344.705
attention,256,2048,4,512,1,364.673
attention,256,2048,4,1024,1,437.216
attention,256,2048,4,2048,1,541.411
attention,256,2048,4,4096,1,568.961
attention,256,2048,4,8192,1,1018.43
attention,256,2048,4,16384,1,1915.24
attention,256,2048,8,16,1,317.6
attention,256,2048,8,32,1,318.465
attention,256,2048,8,64,1,315.842
attention,256,2048,8,128,1,324.831
attention,256,2048,8,256,1,346.369
attention,256,2048,8,512,1,379.137
attention,256,2048,8,1024,1,444.512
attention,256,2048,8,2048,1,558.817
attention,256,2048,8,4096,1,1022.72
attention,256,2048,8,8192,1,1918.53
attention,256,2048,8,16384,1,3948.04
attention,256,2048,16,16,1,344.354
attention,256,2048,16,32,1,346.048
attention,256,2048,16,64,1,360.353
attention,256,2048,16,128,1,392.575
attention,256,2048,16,256,1,439.552
attention,256,2048,16,512,1,528.834
attention,256,2048,16,1024,1,571.489
attention,256,2048,16,2048,1,802.561
attention,256,2048,16,4096,1,1482.66
attention,256,2048,16,8192,1,3027.85
attention,256,2048,16,16384,1,6046.25
attention,256,2048,32,16,1,393.281
attention,256,2048,32,32,1,394.946
attention,256,2048,32,64,1,438.208
attention,256,2048,32,128,1,468.864
attention,256,2048,32,256,1,562.434
attention,256,2048,32,512,1,694.528
attention,256,2048,32,1024,1,888.065
attention,256,2048,32,2048,1,1368.58
attention,256,2048,32,4096,1,2867.43
attention,256,2048,32,8192,1,5746.8
attention,256,2048,32,16384,1,11553.1
attention,256,2048,64,16,1,492.576
attention,256,2048,64,32,1,474.271
attention,256,2048,64,64,1,577.25
attention,256,2048,64,128,1,654.498
attention,256,2048,64,256,1,787.49
attention,256,2048,64,512,1,1046.47
attention,256,2048,64,1024,1,1541.19
attention,256,2048,64,2048,1,3155.75
attention,256,2048,64,4096,1,7831.02
attention,256,2048,64,8192,1,16062.9
attention,256,2048,64,16384,1,36693.7
attention,256,2048,128,16,1,664.45
attention,256,2048,128,32,1,683.331
attention,256,2048,128,64,1,807.585
attention,256,2048,128,128,1,958.273
attention,256,2048,128,256,1,1285.06
attention,256,2048,128,512,1,1899.4
attention,256,2048,128,1024,1,3660.58
attention,256,2048,128,2048,1,10040.1
attention,256,2048,128,4096,1,22857.8
attention,256,2048,128,8192,1,48685.5
attention,256,2048,128,16384,1,98445.5
attention,256,4096,0,0,1,539.841
attention,256,4096,1,16,1,539.936
attention,256,4096,1,32,1,539.936
attention,256,4096,1,64,1,541.731
attention,256,4096,1,128,1,538.913
attention,256,4096,1,256,1,540.673
attention,256,4096,1,512,1,540.16
attention,256,4096,1,1024,1,540.577
attention,256,4096,1,2048,1,542.464
attention,256,4096,1,4096,1,538.881
attention,256,4096,1,8192,1,1001.31
attention,256,4096,1,16384,1,1971.46
attention,256,4096,2,16,1,541.378
attention,256,4096,2,32,1,541.955
attention,256,4096,2,64,1,538.69
attention,256,4096,2,128,1,543.169
attention,256,4096,2,256,1,539.775
attention,256,4096,2,512,1,540.001
attention,256,4096,2,1024,1,539.2
attention,256,4096,2,2048,1,540.832
attention,256,4096,2,4096,1,542.239
attention,256,4096,2,8192,1,1003.49
attention,256,4096,2,16384,1,1975.4
attention,256,4096,4,16,1,553.825
attention,256,4096,4,32,1,553.251
attention,256,4096,4,64,1,562.882
attention,256,4096,4,128,1,572.256
attention,256,4096,4,256,1,586.274
attention,256,4096,4,512,1,617.954
attention,256,4096,4,1024,1,680.546
attention,256,4096,4,2048,1,801.088
attention,256,4096,4,4096,1,1045.15
attention,256,4096,4,8192,1,1054.88
attention,256,4096,4,16384,1,1996.71
attention,256,4096,8,16,1,561.57
attention,256,4096,8,32,1,560.896
attention,256,4096,8,64,1,567.203
attention,256,4096,8,128,1,579.521
attention,256,4096,8,256,1,593.183
attention,256,4096,8,512,1,625.121
attention,256,4096,8,1024,1,688.515
attention,256,4096,8,2048,1,809.571
attention,256,4096,8,4096,1,1055.55
attention,256,4096,8,8192,1,2005.03
attention,256,4096,8,16384,1,3949.54
attention,256,4096,16,16,1,586.752
attention,256,4096,16,32,1,588.801
attention,256,4096,16,64,1,611.969
attention,256,4096,16,128,1,636.608
attention,256,4096,16,256,1,681.09
attention,256,4096,16,512,1,775.615
attention,256,4096,16,1024,1,958.304
attention,256,4096,16,2048,1,1080.61
attention,256,4096,16,4096,1,1566.08
attention,256,4096,16,8192,1,3053.57
attention,256,4096,16,16384,1,6137.48
attention,256,4096,32,16,1,635.041
attention,256,4096,32,32,1,638.529
attention,256,4096,32,64,1,678.304
attention,256,4096,32,128,1,726.816
attention,256,4096,32,256,1,812.003
attention,256,4096,32,512,1,961.505
attention,256,4096,32,1024,1,1249.25
attention,256,4096,32,2048,1,1631.11
attention,256,4096,32,4096,1,2713.51
attention,256,4096,32,8192,1,5919.69
attention,256,4096,32,16384,1,11794.9
attention,256,4096,64,16,1,732.066
attention,256,4096,64,32,1,736.097
attention,256,4096,64,64,1,822.272
attention,256,4096,64,128,1,912.355
attention,256,4096,64,256,1,1080
attention,256,4096,64,512,1,1350.98
attention,256,4096,64,1024,1,1896.87
attention,256,4096,64,2048,1,3564.26
attention,256,4096,64,4096,1,6301.45
attention,256,4096,64,8192,1,16057.5
attention,256,4096,64,16384,1,36856.9
attention,256,4096,128,16,1,937.729
attention,256,4096,128,32,1,945.507
attention,256,4096,128,64,1,1123.14
attention,256,4096,128,128,1,1287.36
attention,256,4096,128,256,1,1611.78
attention,256,4096,128,512,1,2231.84
attention,256,4096,128,1024,1,3972.78
attention,256,4096,128,2048,1,10445.5
attention,256,4096,128,4096,1,23394.6
attention,256,4096,128,8192,1,49033.9
attention,256,4096,128,16384,1,97473.3
attention,256,8192,0,0,1,1021.03
attention,256,8192,1,16,1,1028.35
attention,256,8192,1,32,1,1025.09
attention,256,8192,1,64,1,1022.76
attention,256,8192,1,128,1,1023.04
attention,256,8192,1,256,1,1023.75
attention,256,8192,1,512,1,1025.92
attention,256,8192,1,1024,1,1027.71
attention,256,8192,1,2048,1,1024.32
attention,256,8192,1,4096,1,1029.99
attention,256,8192,1,8192,1,1024.67
attention,256,8192,1,16384,1,1967.46
attention,256,8192,2,16,1,1022.88
attention,256,8192,2,32,1,1028.32
attention,256,8192,2,64,1,1030.11
attention,256,8192,2,128,1,1025.28
attention,256,8192,2,256,1,1024.07
attention,256,8192,2,512,1,1026.53
attention,256,8192,2,1024,1,1025.99
attention,256,8192,2,2048,1,1028.45
attention,256,8192,2,4096,1,1028.23
attention,256,8192,2,8192,1,1027.49
attention,256,8192,2,16384,1,1978.79
attention,256,8192,4,16,1,1044.36
attention,256,8192,4,32,1,1041.95
attention,256,8192,4,64,1,1050.72
attention,256,8192,4,128,1,1055.43
attention,256,8192,4,256,1,1073.03
attention,256,8192,4,512,1,1107.65
attention,256,8192,4,1024,1,1164.19
attention,256,8192,4,2048,1,1267.81
attention,256,8192,4,4096,1,1529
attention,256,8192,4,8192,1,2016.03
attention,256,8192,4,16384,1,1996.67
attention,256,8192,8,16,1,1049.79
attention,256,8192,8,32,1,1050.24
attention,256,8192,8,64,1,1059.94
attention,256,8192,8,128,1,1066.53
attention,256,8192,8,256,1,1080.48
attention,256,8192,8,512,1,1112.13
attention,256,8192,8,1024,1,1176.07
attention,256,8192,8,2048,1,1296.19
attention,256,8192,8,4096,1,1543.17
attention,256,8192,8,8192,1,2023.82
attention,256,8192,8,16384,1,3952.87
attention,256,8192,16,16,1,1072.06
attention,256,8192,16,32,1,1073.12
attention,256,8192,16,64,1,1095.78
attention,256,8192,16,128,1,1119.9
attention,256,8192,16,256,1,1166.34
attention,256,8192,16,512,1,1262.47
attention,256,8192,16,1024,1,1443.33
attention,256,8192,16,2048,1,1814.47
attention,256,8192,16,4096,1,2059.17
attention,256,8192,16,8192,1,3049.89
attention,256,8192,16,16384,1,5943.02
attention,256,8192,32,16,1,1122.3
attention,256,8192,32,32,1,1124.84
attention,256,8192,32,64,1,1165.28
attention,256,8192,32,128,1,1211.27
attention,256,8192,32,256,1,1273.8
attention,256,8192,32,512,1,1448.71
attention,256,8192,32,1024,1,1760.29
attention,256,8192,32,2048,1,2306.08
attention,256,8192,32,4096,1,3257.09
attention,256,8192,32,8192,1,5268.01
attention,256,8192,32,16384,1,11698.5
attention,256,8192,64,16,1,1218.24
attention,256,8192,64,32,1,1225.38
attention,256,8192,64,64,1,1310.37
attention,256,8192,64,128,1,1401.12
attention,256,8192,64,256,1,1569.76
attention,256,8192,64,512,1,1911.59
attention,256,8192,64,1024,1,2524.23
attention,256,8192,64,2048,1,4095.69
attention,256,8192,64,4096,1,7202.09
attention,256,8192,64,8192,1,12359.7
attention,256,8192,64,16384,1,38362.6
attention,256,8192,128,16,1,1395.49
attention,256,8192,128,32,1,1430.4
attention,256,8192,128,64,1,1612.58
attention,256,8192,128,128,1,1750.66
attention,256,8192,128,256,1,2213.19
attention,256,8192,128,512,1,2869.28
attention,256,8192,128,1024,1,4879.02
attention,256,8192,128,2048,1,11599.9
attention,256,8192,128,4096,1,20221.7
attention,256,8192,128,8192,1,49427.4
attention,256,8192,128,16384,1,98622.3
attention,256,16384,0,0,1,1990.69
attention,256,16384,1,16,1,1989.6
attention,256,16384,1,32,1,2001.92
attention,256,16384,1,64,1,1958.21
attention,256,16384,1,128,1,2002.43
attention,256,16384,1,256,1,1998.08
attention,256,16384,1,512,1,2003.43
attention,256,16384,1,1024,1,2003.17
attention,256,16384,1,2048,1,1998.12
attention,256,16384,1,4096,1,1996.77
attention,256,16384,1,8192,1,1996.16
attention,256,16384,1,16384,1,2002.44
attention,256,16384,2,16,1,2000.32
attention,256,16384,2,32,1,2001.32
attention,256,16384,2,64,1,1988.99
attention,256,16384,2,128,1,1998.37
attention,256,16384,2,256,1,2001.09
attention,256,16384,2,512,1,1997.48
attention,256,16384,2,1024,1,2001.35
attention,256,16384,2,2048,1,1962.85
attention,256,16384,2,4096,1,2001
attention,256,16384,2,8192,1,1997.96
attention,256,16384,2,16384,1,2006.85
attention,256,16384,4,16,1,2014.34
attention,256,16384,4,32,1,2008.29
attention,256,16384,4,64,1,2017.89
attention,256,16384,4,128,1,2031.91
attention,256,16384,4,256,1,2045.83
attention,256,16384,4,512,1,2077.19
attention,256,16384,4,1024,1,2136.93
attention,256,16384,4,2048,1,2265.54
attention,256,16384,4,4096,1,2505.54
attention,256,16384,4,8192,1,2995.43
attention,256,16384,4,16384,1,3969.16
attention,256,16384,8,16,1,2016.26
attention,256,16384,8,32,1,2016.45
attention,256,16384,8,64,1,2030.82
attention,256,16384,8,128,1,2044.17
attention,256,16384,8,256,1,2057.73
attention,256,16384,8,512,1,2084.48
attention,256,16384,8,1024,1,2152.29
attention,256,16384,8,2048,1,2269.22
attention,256,16384,8,4096,1,2518.69
attention,256,16384,8,8192,1,2893.12
attention,256,16384,8,16384,1,3987.59
attention,256,16384,16,16,1,2050.79
attention,256,16384,16,32,1,2043.21
attention,256,16384,16,64,1,2070.44
attention,256,16384,16,128,1,2095.08
attention,256,16384,16,256,1,2136.1
attention,256,16384,16,512,1,2233.35
attention,256,16384,16,1024,1,2415.07
attention,256,16384,16,2048,1,2787.05
attention,256,16384,16,4096,1,3532.14
attention,256,16384,16,8192,1,3941.48
attention,256,16384,16,16384,1,5989.23
attention,256,16384,32,16,1,2014.08
attention,256,16384,32,32,1,2096.61
attention,256,16384,32,64,1,2140.29
attention,256,16384,32,128,1,2185.73
attention,256,16384,32,256,1,2268.64
attention,256,16384,32,512,1,2417.96
attention,256,16384,32,1024,1,2735.72
attention,256,16384,32,2048,1,3350.41
attention,256,16384,32,4096,1,4641.19
attention,256,16384,32,8192,1,6260.17
attention,256,16384,32,16384,1,10339.2
attention,256,16384,64,16,1,2148.36
attention,256,16384,64,32,1,2152.97
attention,256,16384,64,64,1,2226.38
attention,256,16384,64,128,1,2374.92
attention,256,16384,64,256,1,2442.53
attention,256,16384,64,512,1,2888.64
attention,256,16384,64,1024,1,3541.8
attention,256,16384,64,2048,1,5382.1
attention,256,16384,64,4096,1,8187.67
attention,256,16384,64,8192,1,14054.8
attention,256,16384,64,16384,1,26966.9
attention,256,16384,128,16,1,2347.65
attention,256,16384,128,32,1,2382.18
attention,256,16384,128,64,1,2529.25
attention,256,16384,128,128,1,2781.73
attention,256,16384,128,256,1,3192.39
attention,256,16384,128,512,1,4005.35
attention,256,16384,128,1024,1,6243.09
attention,256,16384,128,2048,1,13508.6
attention,256,16384,128,4096,1,25826.4
attention,256,16384,128,8192,1,50329.2
attention,256,16384,128,16384,1,96798.5
attention,512,0,0,0,1,109.249
attention,512,0,1,16,1,103.359
attention,512,0,1,32,1,102.593
attention,512,0,1,64,1,107.807
attention,512,0,1,128,1,111.712
attention,512,0,1,256,1,109.76
attention,512,0,1,512,1,111.296
attention,512,0,1,1024,1,167.487
attention,512,0,1,2048,1,287.872
attention,512,0,1,4096,1,531.778
attention,512,0,1,8192,1,967.073
attention,512,0,1,16384,1,1998.11
attention,512,0,2,16,1,108.705
attention,512,0,2,32,1,111.23
attention,512,0,2,64,1,108.96
attention,512,0,2,128,1,117.152
attention,512,0,2,256,1,121.791
attention,512,0,2,512,1,126.208
attention,512,0,2,1024,1,189.825
attention,512,0,2,2048,1,294.274
attention,512,0,2,4096,1,546.529
attention,512,0,2,8192,1,1001.25
attention,512,0,2,16384,1,1934.82
attention,512,0,4,16,1,116.96
attention,512,0,4,32,1,117.28
attention,512,0,4,64,1,117.536
attention,512,0,4,128,1,122.049
attention,512,0,4,256,1,131.521
attention,512,0,4,512,1,150.275
attention,512,0,4,1024,1,208.608
attention,512,0,4,2048,1,325.602
attention,512,0,4,4096,1,568.801
attention,512,0,4,8192,1,1026.4
attention,512,0,4,16384,1,1957.6
attention,512,0,8,16,1,128.607
attention,512,0,8,32,1,131.68
attention,512,0,8,64,1,137.827
attention,512,0,8,128,1,153.248
attention,512,0,8,256,1,159.2
attention,512,0,8,512,1,176.737
attention,512,0,8,1024,1,281.376
attention,512,0,8,2048,1,523.043
attention,512,0,8,4096,1,1011.04
attention,512,0,8,8192,1,1930.63
attention,512,0,8,16384,1,3728.59
attention,512,0,16,16,1,159.903
attention,512,0,16,32,1,155.584
attention,512,0,16,64,1,171.905
attention,512,0,16,128,1,191.904
attention,512,0,16,256,1,210.72
attention,512,0,16,512,1,259.232
attention,512,0,16,1024,1,431.939
attention,512,0,16,2048,1,790.083
attention,512,0,16,4096,1,1484.87
attention,512,0,16,8192,1,2838.89
attention,512,0,16,16384,1,5841.61
attention,512,0,32,16,1,202.465
attention,512,0,32,32,1,201.441
attention,512,0,32,64,1,234.528
attention,512,0,32,128,1,261.729
attention,512,0,32,256,1,316.194
attention,512,0,32,512,1,431.138
attention,512,0,32,1024,1,714.115
attention,512,0,32,2048,1,1291.36
attention,512,0,32,4096,1,2484.42
attention,512,0,32,8192,1,4827.79
attention,512,0,32,16384,1,9715
attention,512,0,64,16,1,294.913
attention,512,0,64,32,1,290.335
attention,512,0,64,64,1,365.345
attention,512,0,64,128,1,413.76
attention,512,0,64,256,1,542.018
attention,512,0,64,512,1,817.216
attention,512,0,64,1024,1,1391.56
attention,512,0,64,2048,1,2685.67
attention,512,0,64,4096,1,5370.12
attention,512,0,64,8192,1,10367
attention,512,0,64,16384,1,20562
attention,512,0,128,16,1,476.77
attention,512,0,128,32,1,473.505
attention,512,0,128,64,1,609.091
attention,512,0,128,128,1,787.619
attention,512,0,128,256,1,1083.2
attention,512,0,128,512,1,1672.77
attention,512,0,128,1024,1,3200.36
attention,512,0,128,2048,1,9492.99
attention,512,0,128,4096,1,18443.5
attention,512,0,128,8192,1,47915.5
attention,512,0,128,16384,1,99327.9
attention,512,16,0,0,1,123.743
attention,512,16,1,16,1,119.361
attention,512,16,1,32,1,116.511
attention,512,16,1,64,1,115.103
attention,512,16,1,128,1,119.072
attention,512,16,1,256,1,121.472
attention,512,16,1,512,1,122.337
attention,512,16,1,1024,1,179.425
attention,512,16,1,2048,1,289.376
attention,512,16,1,4096,1,540.515
attention,512,16,1,8192,1,976.388
attention,512,16,1,16384,1,1929.76
attention,512,16,2,16,1,117.888
attention,512,16,2,32,1,118.432
attention,512,16,2,64,1,120
attention,512,16,2,128,1,125.441
attention,512,16,2,256,1,133.76
attention,512,16,2,512,1,141.631
attention,512,16,2,1024,1,195.489
attention,512,16,2,2048,1,305.983
attention,512,16,2,4096,1,540.448
attention,512,16,2,8192,1,986.85
attention,512,16,2,16384,1,1942.73
attention,512,16,4,16,1,127.713
attention,512,16,4,32,1,127.328
attention,512,16,4,64,1,130.432
attention,512,16,4,128,1,139.872
attention,512,16,4,256,1,136.608
attention,512,16,4,512,1,157.088
attention,512,16,4,1024,1,211.487
attention,512,16,4,2048,1,333.664
attention,512,16,4,4096,1,557.377
attention,512,16,4,8192,1,1034.53
attention,512,16,4,16384,1,1927.27
attention,512,16,8,16,1,143.393
attention,512,16,8,32,1,144.8
attention,512,16,8,64,1,148.003
attention,512,16,8,128,1,158.658
attention,512,16,8,256,1,175.457
attention,512,16,8,512,1,184.865
attention,512,16,8,1024,1,294.879
attention,512,16,8,2048,1,528.673
attention,512,16,8,4096,1,974.146
attention,512,16,8,8192,1,1894.37
attention,512,16,8,16384,1,3723.82
attention,512,16,16,16,1,166.112
attention,512,16,16,32,1,164.128
attention,512,16,16,64,1,183.84
attention,512,16,16,128,1,195.363
attention,512,16,16,256,1,223.775
attention,512,16,16,512,1,271.616
attention,512,16,16,1024,1,419.137
attention,512,16,16,2048,1,776.482
attention,512,16,16,4096,1,1485.83
attention,512,16,16,8192,1,2891.01
attention,512,16,16,16384,1,5708.27
attention,512,16,32,16,1,212.128
attention,512,16,32,32,1,217.568
attention,512,16,32,64,1,246.53
attention,512,16,32,128,1,276.321
attention,512,16,32,256,1,326.625
attention,512,16,32,512,1,442.241
attention,512,16,32,1024,1,702.626
attention,512,16,32,2048,1,1270.82
attention,512,16,32,4096,1,2487.33
attention,512,16,32,8192,1,4734.06
attention,512,16,32,16384,1,9325.3
attention,512,16,64,16,1,303.712
attention,512,16,64,32,1,303.168
attention,512,16,64,64,1,375.905
attention,512,16,64,128,1,434.754
attention,512,16,64,256,1,554.912
attention,512,16,64,512,1,815.106
attention,512,16,64,1024,1,1376.1
attention,512,16,64,2048,1,2658.73
attention,512,16,64,4096,1,5386.57
attention,512,16,64,8192,1,10365.3
attention,512,16,64,16384,1,20795.1
attention,512,16,128,16,1,497.89
attention,512,16,128,32,1,495.872
attention,512,16,128,64,1,626.433
attention,512,16,128,128,1,773.025
attention,512,16,128,256,1,1115.91
attention,512,16,128,512,1,1685.7
attention,512,16,128,1024,1,3206.89
attention,512,16,128,2048,1,9471.61
attention,512,16,128,4096,1,18449.2
attention,512,16,128,8192,1,47456.1
attention,512,16,128,16384,1,98934.6
attention,512,32,0,0,1,124.064
attention,512,32,1,16,1,120.834
attention,512,32,1,32,1,117.536
attention,512,32,1,64,1,115.009
attention,512,32,1,128,1,119.776
attention,512,32,1,256,1,125.889
attention,512,32,1,512,1,122.784
attention,512,32,1,1024,1,178.946
attention,512,32,1,2048,1,295.809
attention,512,32,1,4096,1,528.64
attention,512,32,1,8192,1,1016
attention,512,32,1,16384,1,1926.21
attention,512,32,2,16,1,121.12
attention,512,32,2,32,1,118.049
attention,512,32,2,64,1,118.304
attention,512,32,2,128,1,126.753
attention,512,32,2,256,1,135.454
attention,512,32,2,512,1,136.832
attention,512,32,2,1024,1,186.783
attention,512,32,2,2048,1,317.058
attention,512,32,2,4096,1,540.705
attention,512,32,2,8192,1,987.139
attention,512,32,2,16384,1,1944.13
attention,512,32,4,16,1,125.153
attention,512,32,4,32,1,129.024
attention,512,32,4,64,1,133.792
attention,512,32,4,128,1,133.472
attention,512,32,4,256,1,140.351
attention,512,32,4,512,1,161.186
attention,512,32,4,1024,1,214.113
attention,512,32,4,2048,1,334.112
attention,512,32,4,4096,1,566.69
attention,512,32,4,8192,1,1033.83
attention,512,32,4,16384,1,1927.17
attention,512,32,8,16,1,142.688
attention,512,32,8,32,1,144.063
attention,512,32,8,64,1,149.92
attention,512,32,8,128,1,160.704
attention,512,32,8,256,1,179.01
attention,512,32,8,512,1,184.288
attention,512,32,8,1024,1,282.497
attention,512,32,8,2048,1,519.33
attention,512,32,8,4096,1,1018.27
attention,512,32,8,8192,1,1893.64
attention,512,32,8,16384,1,3805.42
attention,512,32,16,16,1,168.353
attention,512,32,16,32,1,171.873
attention,512,32,16,64,1,186.306
attention,512,32,16,128,1,194.785
attention,512,32,16,256,1,224.384
attention,512,32,16,512,1,272.96
attention,512,32,16,1024,1,428.545
attention,512,32,16,2048,1,775.171
attention,512,32,16,4096,1,1456.9
attention,512,32,16,8192,1,2892.13
attention,512,32,16,16384,1,5592.81
attention,512,32,32,16,1,223.2
attention,512,32,32,32,1,213.089
attention,512,32,32,64,1,247.2
attention,512,32,32,128,1,276.833
attention,512,32,32,256,1,328.257
attention,512,32,32,512,1,434.305
attention,512,32,32,1024,1,729.377
attention,512,32,32,2048,1,1269.03
attention,512,32,32,4096,1,2482.09
attention,512,32,32,8192,1,4838.57
attention,512,32,32,16384,1,9732.57
attention,512,32,64,16,1,304.032
attention,512,32,64,32,1,305.441
attention,512,32,64,64,1,363.937
attention,512,32,64,128,1,427.68
attention,512,32,64,256,1,545.696
attention,512,32,64,512,1,812.002
attention,512,32,64,1024,1,1375.94
attention,512,32,64,2048,1,2689.77
attention,512,32,64,4096,1,5369.52
attention,512,32,64,8192,1,10391.7
attention,512,32,64,16384,1,20408.2
attention,512,32,128,16,1,490.08
attention,512,32,128,32,1,485.664
attention,512,32,128,64,1,620.736
attention,512,32,128,128,1,761.505
attention,512,32,128,256,1,1081.86
attention,512,32,128,512,1,1658.27
attention,512,32,128,1024,1,3176.17
attention,512,32,128,2048,1,9499.77
attention,512,32,128,4096,1,18453
attention,512,32,128,8192,1,46557.7
attention,512,32,128,16384,1,98972.1
attention,512,64,0,0,1,123.041
attention,512,64,1,16,1,120.194
attention,512,64,1,32,1,115.809
attention,512,64,1,64,1,115.968
attention,512,64,1,128,1,120.479
attention,512,64,1,256,1,126.688
attention,512,64,1,512,1,123.711
attention,512,64,1,1024,1,177.088
attention,512,64,1,2048,1,290.976
attention,512,64,1,4096,1,535.328
attention,512,64,1,8192,1,995.907
attention,512,64,1,16384,1,1888.52
attention,512,64,2,16,1,121.475
attention,512,64,2,32,1,116.957
attention,512,64,2,64,1,121.345
attention,512,64,2,128,1,122.914
attention,512,64,2,256,1,136.096
attention,512,64,2,512,1,132.864
attention,512,64,2,1024,1,188.769
attention,512,64,2,2048,1,300.928
attention,512,64,2,4096,1,532.096
attention,512,64,2,8192,1,1018.98
attention,512,64,2,16384,1,1918.31
attention,512,64,4,16,1,125.153
attention,512,64,4,32,1,125.215
attention,512,64,4,64,1,133.6
attention,512,64,4,128,1,133.696
attention,512,64,4,256,1,139.808
attention,512,64,4,512,1,162.719
attention,512,64,4,1024,1,212.896
attention,512,64,4,2048,1,334.05
attention,512,64,4,4096,1,574.05
attention,512,64,4,8192,1,1060
attention,512,64,4,16384,1,1973.28
attention,512,64,8,16,1,141.791
attention,512,64,8,32,1,144.576
attention,512,64,8,64,1,148.576
attention,512,64,8,128,1,157.889
attention,512,64,8,256,1,175.232
attention,512,64,8,512,1,188.96
attention,512,64,8,1024,1,284.289
attention,512,64,8,2048,1,516.579
attention,512,64,8,4096,1,1016.64
attention,512,64,8,8192,1,1909.19
attention,512,64,8,16384,1,3800.81
attention,512,64,16,16,1,173.539
attention,512,64,16,32,1,176.291
attention,512,64,16,64,1,189.152
attention,512,64,16,128,1,202.37
attention,512,64,16,256,1,228.994
attention,512,64,16,512,1,286.24
attention,512,64,16,1024,1,434.88
attention,512,64,16,2048,1,779.107
attention,512,64,16,4096,1,1457.79
attention,512,64,16,8192,1,2893.25
attention,512,64,16,16384,1,5590.12
attention,512,64,32,16,1,221.954
attention,512,64,32,32,1,218.016
attention,512,64,32,64,1,249.056
attention,512,64,32,128,1,280.034
attention,512,64,32,256,1,330.464
attention,512,64,32,512,1,434.849
attention,512,64,32,1024,1,739.617
attention,512,64,32,2048,1,1345.12
attention,512,64,32,4096,1,2483.04
attention,512,64,32,8192,1,4833.45
attention,512,64,32,16384,1,9729.07
attention,512,64,64,16,1,314.625
attention,512,64,64,32,1,317.952
attention,512,64,64,64,1,378.624
attention,512,64,64,128,1,434.849
attention,512,64,64,256,1,577.184
attention,512,64,64,512,1,801.535
attention,512,64,64,1024,1,1376.39
attention,512,64,64,2048,1,2716.29
attention,512,64,64,4096,1,5355.27
attention,512,64,64,8192,1,10418.5
attention,512,64,64,16384,1,20446.1
attention,512,64,128,16,1,489.857
attention,512,64,128,32,1,495.712
attention,512,64,128,64,1,622.306
attention,512,64,128,128,1,789.186
attention,512,64,128,256,1,1100.45
attention,512,64,128,512,1,1732.48
attention,512,64,128,1024,1,3177.29
attention,512,64,128,2048,1,9500.43
attention,512,64,128,4096,1,18453.5
attention,512,64,128,8192,1,47290.2
attention,512,64,128,16384,1,98015.6
attention,512,128,0,0,1,137.855
attention,512,128,1,16,1,128.383
attention,512,128,1,32,1,132.545
attention,512,128,1,64,1,133.249
attention,512,128,1,128,1,133.696
attention,512,128,1,256,1,136.224
attention,512,128,1,512,1,142.399
attention,512,128,1,1024,1,188.771
attention,512,128,1,2048,1,298.209
attention,512,128,1,4096,1,525.569
attention,512,128,1,8192,1,992.417
attention,512,128,1,16384,1,1939.94
attention,512,128,2,16,1,131.617
attention,512,128,2,32,1,133.154
attention,512,128,2,64,1,133.313
attention,512,128,2,128,1,137.664
attention,512,128,2,256,1,144.001
attention,512,128,2,512,1,149.6
attention,512,128,2,1024,1,193.791
attention,512,128,2,2048,1,317.536
attention,512,128,2,4096,1,547.874
attention,512,128,2,8192,1,1014.53
attention,512,128,2,16384,1,1952.36
attention,512,128,4,16,1,143.872
attention,512,128,4,32,1,139.231
attention,512,128,4,64,1,153.728
attention,512,128,4,128,1,149.953
attention,512,128,4,256,1,155.138
attention,512,128,4,512,1,171.746
attention,512,128,4,1024,1,222.144
attention,512,128,4,2048,1,343.105
attention,512,128,4,4096,1,598.081
attention,512,128,4,8192,1,1042.85
attention,512,128,4,16384,1,1976.84
attention,512,128,8,16,1,156.067
attention,512,128,8,32,1,157.088
attention,512,128,8,64,1,161.281
attention,512,128,8,128,1,172.065
attention,512,128,8,256,1,187.939
attention,512,128,8,512,1,203.394
attention,512,128,8,1024,1,289.025
attention,512,128,8,2048,1,517.282
attention,512,128,8,4096,1,998.754
attention,512,128,8,8192,1,1930.21
attention,512,128,8,16384,1,3801.57
attention,512,128,16,16,1,182.848
attention,512,128,16,32,1,185.089
attention,512,128,16,64,1,198.977
attention,512,128,16,128,1,211.712
attention,512,128,16,256,1,241.025
attention,512,128,16,512,1,290.56
attention,512,128,16,1024,1,428.482
attention,512,128,16,2048,1,793.185
attention,512,128,16,4096,1,1543.2
attention,512,128,16,8192,1,3012.9
attention,512,128,16,16384,1,5623.34
attention,512,128,32,16,1,226.497
attention,512,128,32,32,1,231.233
attention,512,128,32,64,1,266.24
attention,512,128,32,128,1,305.155
attention,512,128,32,256,1,350.817
attention,512,128,32,512,1,464.16
attention,512,128,32,1024,1,719.298
attention,512,128,32,2048,1,1297.25
attention,512,128,32,4096,1,2548.74
attention,512,128,32,8192,1,5047.21
attention,512,128,32,16384,1,9794.48
attention,512,128,64,16,1,324.193
attention,512,128,64,32,1,325.857
attention,512,128,64,64,1,381.343
attention,512,128,64,128,1,450.465
attention,512,128,64,256,1,582.37
attention,512,128,64,512,1,827.586
attention,512,128,64,1024,1,1397.89
attention,512,128,64,2048,1,2719.21
attention,512,128,64,4096,1,5401.96
attention,512,128,64,8192,1,10380.5
attention,512,128,64,16384,1,20476.9
attention,512,128,128,16,1,512.672
attention,512,128,128,32,1,529.249
attention,512,128,128,64,1,641.376
attention,512,128,128,128,1,802.081
attention,512,128,128,256,1,1115.71
attention,512,128,128,512,1,1700.84
attention,512,128,128,1024,1,3257.93
attention,512,128,128,2048,1,9520.02
attention,512,128,128,4096,1,18454.7
attention,512,128,128,8192,1,46467.1
attention,512,128,128,16384,1,98578.4
attention,512,256,0,0,1,168.29
attention,512,256,1,16,1,161.792
attention,512,256,1,32,1,165.44
attention,512,256,1,64,1,159.458
attention,512,256,1,128,1,162.272
attention,512,256,1,256,1,165.247
attention,512,256,1,512,1,169.983
attention,512,256,1,1024,1,198.592
attention,512,256,1,2048,1,313.024
attention,512,256,1,4096,1,552.128
attention,512,256,1,8192,1,1017.83
attention,512,256,1,16384,1,1992.1
attention,512,256,2,16,1,168.832
attention,512,256,2,32,1,170.24
attention,512,256,2,64,1,164.992
attention,512,256,2,128,1,170.273
attention,512,256,2,256,1,165.379
attention,512,256,2,512,1,183.968
attention,512,256,2,1024,1,222.464
attention,512,256,2,2048,1,342.816
attention,512,256,2,4096,1,576.768
attention,512,256,2,8192,1,1011.14
attention,512,256,2,16384,1,1924.23
attention,512,256,4,16,1,169.312
attention,512,256,4,32,1,163.808
attention,512,256,4,64,1,166.497
attention,512,256,4,128,1,178.72
attention,512,256,4,256,1,177.312
attention,512,256,4,512,1,197.217
attention,512,256,4,1024,1,237.792
attention,512,256,4,2048,1,372.832
attention,512,256,4,4096,1,578.433
attention,512,256,4,8192,1,1060.13
attention,512,256,4,16384,1,1991.49
attention,512,256,8,16,1,181.92
attention,512,256,8,32,1,184.576
attention,512,256,8,64,1,193.76
attention,512,256,8,128,1,194.081
attention,512,256,8,256,1,218.657
attention,512,256,8,512,1,238.402
attention,512,256,8,1024,1,308.96
attention,512,256,8,2048,1,529.858
attention,512,256,8,4096,1,979.297
attention,512,256,8,8192,1,1918.12
attention,512,256,8,16384,1,3723.59
attention,512,256,16,16,1,210.946
attention,512,256,16,32,1,209.153
attention,512,256,16,64,1,218.943
attention,512,256,16,128,1,235.903
attention,512,256,16,256,1,265.024
attention,512,256,16,512,1,325.185
attention,512,256,16,1024,1,437.696
attention,512,256,16,2048,1,794.145
attention,512,256,16,4096,1,1513.44
attention,512,256,16,8192,1,2853.38
attention,512,256,16,16384,1,5716.84
attention,512,256,32,16,1,249.698
attention,512,256,32,32,1,260.001
attention,512,256,32,64,1,286.72
attention,512,256,32,128,1,323.776
attention,512,256,32,256,1,371.072
attention,512,256,32,512,1,483.81
attention,512,256,32,1024,1,736.545
attention,512,256,32,2048,1,1300.29
attention,512,256,32,4096,1,2532.87
attention,512,256,32,8192,1,4777.99
attention,512,256,32,16384,1,9513.01
attention,512,256,64,16,1,348.417
attention,512,256,64,32,1,351.232
attention,512,256,64,64,1,415.618
attention,512,256,64,128,1,470.081
attention,512,256,64,256,1,611.2
attention,512,256,64,512,1,841.729
attention,512,256,64,1024,1,1399.62
attention,512,256,64,2048,1,2675.14
attention,512,256,64,4096,1,5378.76
attention,512,256,64,8192,1,10367.3
attention,512,256,64,16384,1,20640.2
attention,512,256,128,16,1,547.329
attention,512,256,128,32,1,527.969
attention,512,256,128,64,1,663.618
attention,512,256,128,128,1,806.755
attention,512,256,128,256,1,1124.13
attention,512,256,128,512,1,1726.25
attention,512,256,128,1024,1,3313.64
attention,512,256,128,2048,1,9549.46
attention,512,256,128,4096,1,18489.3
attention,512,256,128,8192,1,46380.8
attention,512,256,128,16384,1,95326
attention,512,512,0,0,1,232.096
attention,512,512,1,16,1,219.745
attention,512,512,1,32,1,221.728
attention,512,512,1,64,1,218.689
attention,512,512,1,128,1,225.696
attention,512,512,1,256,1,226.112
attention,512,512,1,512,1,226.752
attention,512,512,1,1024,1,238.369
attention,512,512,1,2048,1,354.659
attention,512,512,1,4096,1,575.075
attention,512,512,1,8192,1,1069.99
attention,512,512,1,16384,1,1940.26
attention,512,512,2,16,1,223.84
attention,512,512,2,32,1,223.649
attention,512,512,2,64,1,218.912
attention,512,512,2,128,1,221.312
attention,512,512,2,256,1,220.577
attention,512,512,2,512,1,230.979
attention,512,512,2,1024,1,240.16
attention,512,512,2,2048,1,364.033
attention,512,512,2,4096,1,606.786
attention,512,512,2,8192,1,1059.75
attention,512,512,2,16384,1,2037.38
attention,512,512,4,16,1,217.344
attention,512,512,4,32,1,225.888
attention,512,512,4,64,1,228.192
attention,512,512,4,128,1,227.712
attention,512,512,4,256,1,237.6
attention,512,512,4,512,1,242.112
attention,512,512,4,1024,1,274.752
attention,512,512,4,2048,1,381.057
attention,512,512,4,4096,1,631.618
attention,512,512,4,8192,1,1110.15
attention,512,512,4,16384,1,1980.04
attention,512,512,8,16,1,241.471
attention,512,512,8,32,1,239.424
attention,512,512,8,64,1,244.161
attention,512,512,8,128,1,257.696
attention,512,512,8,256,1,265.217
attention,512,512,8,512,1,302.561
attention,512,512,8,1024,1,356.033
attention,512,512,8,2048,1,514.527
attention,512,512,8,4096,1,1007.59
attention,512,512,8,8192,1,1961.09
attention,512,512,8,16384,1,3882.5
attention,512,512,16,16,1,252.416
attention,512,512,16,32,1,262.786
attention,512,512,16,64,1,275.841
attention,512,512,16,128,1,283.424
attention,512,512,16,256,1,313.89
attention,512,512,16,512,1,383.137
attention,512,512,16,1024,1,491.489
attention,512,512,16,2048,1,784.609
attention,512,512,16,4096,1,1450.34
attention,512,512,16,8192,1,2903.46
attention,512,512,16,16384,1,5642.38
attention,512,512,32,16,1,306.688
attention,512,512,32,32,1,306.753
attention,512,512,32,64,1,342.881
attention,512,512,32,128,1,383.553
attention,512,512,32,256,1,431.521
attention,512,512,32,512,1,533.121
attention,512,512,32,1024,1,767.714
attention,512,512,32,2048,1,1282.91
attention,512,512,32,4096,1,2439.82
attention,512,512,32,8192,1,4793.67
attention,512,512,32,16384,1,9359.51
attention,512,512,64,16,1,407.521
attention,512,512,64,32,1,409.888
attention,512,512,64,64,1,463.712
attention,512,512,64,128,1,538.945
attention,512,512,64,256,1,643.104
attention,512,512,64,512,1,906.848
attention,512,512,64,1024,1,1402.37
attention,512,512,64,2048,1,2796.93
attention,512,512,64,4096,1,5368.17
attention,512,512,64,8192,1,10453.6
attention,512,512,64,16384,1,20751.8
attention,512,512,128,16,1,596.034
attention,512,512,128,32,1,595.169
attention,512,512,128,64,1,735.426
attention,512,512,128,128,1,856.707
attention,512,512,128,256,1,1195.62
attention,512,512,128,512,1,1770.69
attention,512,512,128,1024,1,3453.61
attention,512,512,128,2048,1,10026.1
attention,512,512,128,4096,1,23341.5
attention,512,512,128,8192,1,46710.9
attention,512,512,128,16384,1,98489.1
attention,512,1024,0,0,1,356.416
attention,512,1024,1,16,1,344.513
attention,512,1024,1,32,1,336.611
attention,512,1024,1,64,1,344.706
attention,512,1024,1,128,1,332.257
attention,512,1024,1,256,1,341.156
attention,512,1024,1,512,1,331.648
attention,512,1024,1,1024,1,348.545
attention,512,1024,1,2048,1,402.401
attention,512,1024,1,4096,1,629.216
attention,512,1024,1,8192,1,1126.66
attention,512,1024,1,16384,1,1996.35
attention,512,1024,2,16,1,331.585
attention,512,1024,2,32,1,330.017
attention,512,1024,2,64,1,338.56
attention,512,1024,2,128,1,344.48
attention,512,1024,2,256,1,331.936
attention,512,1024,2,512,1,347.682
attention,512,1024,2,1024,1,347.137
attention,512,1024,2,2048,1,411.649
attention,512,1024,2,4096,1,667.777
attention,512,1024,2,8192,1,1164.83
attention,512,1024,2,16384,1,2094.18
attention,512,1024,4,16,1,341.313
attention,512,1024,4,32,1,344.32
attention,512,1024,4,64,1,347.84
attention,512,1024,4,128,1,330.721
attention,512,1024,4,256,1,350.432
attention,512,1024,4,512,1,346.786
attention,512,1024,4,1024,1,360.736
attention,512,1024,4,2048,1,453.474
attention,512,1024,4,4096,1,693.026
attention,512,1024,4,8192,1,1174.47
attention,512,1024,4,16384,1,2125.89
attention,512,1024,8,16,1,332.096
attention,512,1024,8,32,1,331.52
attention,512,1024,8,64,1,345.345
attention,512,1024,8,128,1,349.601
attention,512,1024,8,256,1,366.08
attention,512,1024,8,512,1,379.552
attention,512,1024,8,1024,1,472.097
attention,512,1024,8,2048,1,533.601
attention,512,1024,8,4096,1,991.138
attention,512,1024,8,8192,1,1943.46
attention,512,1024,8,16384,1,3944.46
attention,512,1024,16,16,1,366.272
attention,512,1024,16,32,1,374.113
attention,512,1024,16,64,1,368.001
attention,512,1024,16,128,1,391.33
attention,512,1024,16,256,1,417.729
attention,512,1024,16,512,1,474.752
attention,512,1024,16,1024,1,596.353
attention,512,1024,16,2048,1,801.794
attention,512,1024,16,4096,1,1517.61
attention,512,1024,16,8192,1,2906.18
attention,512,1024,16,16384,1,5637.52
attention,512,1024,32,16,1,406.336
attention,512,1024,32,32,1,418.752
attention,512,1024,32,64,1,445.73
attention,512,1024,32,128,1,475.745
attention,512,1024,32,256,1,519.682
attention,512,1024,32,512,1,648.896
attention,512,1024,32,1024,1,888.192
attention,512,1024,32,2048,1,1335.23
attention,512,1024,32,4096,1,2705.12
attention,512,1024,32,8192,1,5197.93
attention,512,1024,32,16384,1,10321.4
attention,512,1024,64,16,1,495.617
attention,512,1024,64,32,1,502.689
attention,512,1024,64,64,1,565.216
attention,512,1024,64,128,1,632.129
attention,512,1024,64,256,1,758.242
attention,512,1024,64,512,1,1024.51
attention,512,1024,64,1024,1,1512.96
attention,512,1024,64,2048,1,3207.62
attention,512,1024,64,4096,1,5533.65
attention,512,1024,64,8192,1,10723.7
attention,512,1024,64,16384,1,21192.2
attention,512,1024,128,16,1,695.202
attention,512,1024,128,32,1,686.466
attention,512,1024,128,64,1,817.474
attention,512,1024,128,128,1,960.353
attention,512,1024,128,256,1,1305.41
attention,512,1024,128,512,1,1845.83
attention,512,1024,128,1024,1,3607.82
attention,512,1024,128,2048,1,12145.2
attention,512,1024,128,4096,1,24353.7
attention,512,1024,128,8192,1,49126.1
attention,512,1024,128,16384,1,98183.4
attention,512,2048,0,0,1,591.106
attention,512,2048,1,16,1,564.641
attention,512,2048,1,32,1,573.315
attention,512,2048,1,64,1,563.554
attention,512,2048,1,128,1,571.777
attention,512,2048,1,256,1,559.552
attention,512,2048,1,512,1,560.319
attention,512,2048,1,1024,1,578.465
attention,512,2048,1,2048,1,560.129
attention,512,2048,1,4096,1,774.112
attention,512,2048,1,8192,1,1199.84
attention,512,2048,1,16384,1,2156.87
attention,512,2048,2,16,1,557.793
attention,512,2048,2,32,1,560.192
attention,512,2048,2,64,1,557.76
attention,512,2048,2,128,1,581.025
attention,512,2048,2,256,1,556.961
attention,512,2048,2,512,1,561.794
attention,512,2048,2,1024,1,564.418
attention,512,2048,2,2048,1,567.649
attention,512,2048,2,4096,1,755.138
attention,512,2048,2,8192,1,1259.55
attention,512,2048,2,16384,1,2126.88
attention,512,2048,4,16,1,584.193
attention,512,2048,4,32,1,583.81
attention,512,2048,4,64,1,561.026
attention,512,2048,4,128,1,570.499
attention,512,2048,4,256,1,561.825
attention,512,2048,4,512,1,577.377
attention,512,2048,4,1024,1,585.346
attention,512,2048,4,2048,1,577.346
attention,512,2048,4,4096,1,780.707
attention,512,2048,4,8192,1,1238.53
attention,512,2048,4,16384,1,2171.11
attention,512,2048,8,16,1,571.616
attention,512,2048,8,32,1,586.656
attention,512,2048,8,64,1,583.487
attention,512,2048,8,128,1,559.619
attention,512,2048,8,256,1,583.712
attention,512,2048,8,512,1,602.945
attention,512,2048,8,1024,1,609.471
attention,512,2048,8,2048,1,828.067
attention,512,2048,8,4096,1,1034.66
attention,512,2048,8,8192,1,1887.84
attention,512,2048,8,16384,1,3828.93
attention,512,2048,16,16,1,577.184
attention,512,2048,16,32,1,566.945
attention,512,2048,16,64,1,598.593
attention,512,2048,16,128,1,600.098
attention,512,2048,16,256,1,602.401
attention,512,2048,16,512,1,655.585
attention,512,2048,16,1024,1,759.65
attention,512,2048,16,2048,1,1054.95
attention,512,2048,16,4096,1,1529.8
attention,512,2048,16,8192,1,3106.38
attention,512,2048,16,16384,1,6164.46
attention,512,2048,32,16,1,601.123
attention,512,2048,32,32,1,603.808
attention,512,2048,32,64,1,626.657
attention,512,2048,32,128,1,654.21
attention,512,2048,32,256,1,708.194
attention,512,2048,32,512,1,831.682
attention,512,2048,32,1024,1,1043.39
attention,512,2048,32,2048,1,1586.37
attention,512,2048,32,4096,1,3120.49
attention,512,2048,32,8192,1,6840.27
attention,512,2048,32,16384,1,13916.3
attention,512,2048,64,16,1,712.864
attention,512,2048,64,32,1,684.579
attention,512,2048,64,64,1,759.937
attention,512,2048,64,128,1,811.426
attention,512,2048,64,256,1,962.018
attention,512,2048,64,512,1,1198.05
attention,512,2048,64,1024,1,1727.33
attention,512,2048,64,2048,1,3325.16
attention,512,2048,64,4096,1,9020.4
attention,512,2048,64,8192,1,20591.1
attention,512,2048,64,16384,1,42953.5
attention,512,2048,128,16,1,868.707
attention,512,2048,128,32,1,874.273
attention,512,2048,128,64,1,1013.38
attention,512,2048,128,128,1,1155.88
attention,512,2048,128,256,1,1488.55
attention,512,2048,128,512,1,2040.45
attention,512,2048,128,1024,1,3724.01
attention,512,2048,128,2048,1,10118.3
attention,512,2048,128,4096,1,24682.9
attention,512,2048,128,8192,1,49083.5
attention,512,2048,128,16384,1,98477.8
attention,512,4096,0,0,1,1067.65
attention,512,4096,1,16,1,1037.47
attention,512,4096,1,32,1,1038.47
attention,512,4096,1,64,1,1026.05
attention,512,4096,1,128,1,1016.96
attention,512,4096,1,256,1,1018.4
attention,512,4096,1,512,1,1016.7
attention,512,4096,1,1024,1,1047.46
attention,512,4096,1,2048,1,1018.11
attention,512,4096,1,4096,1,1040.51
attention,512,4096,1,8192,1,1431.17
attention,512,4096,1,16384,1,2341.28
attention,512,4096,2,16,1,1041.44
attention,512,4096,2,32,1,1015.49
attention,512,4096,2,64,1,1039.91
attention,512,4096,2,128,1,1027.27
attention,512,4096,2,256,1,1017.73
attention,512,4096,2,512,1,1018.43
attention,512,4096,2,1024,1,1059.42
attention,512,4096,2,2048,1,1042.85
attention,512,4096,2,4096,1,1024.19
attention,512,4096,2,8192,1,1440.29
attention,512,4096,2,16384,1,2399.97
attention,512,4096,4,16,1,1048.19
attention,512,4096,4,32,1,1068.77
attention,512,4096,4,64,1,1018.6
attention,512,4096,4,128,1,1046.53
attention,512,4096,4,256,1,1060.1
attention,512,4096,4,512,1,1040.64
attention,512,4096,4,1024,1,1041.86
attention,512,4096,4,2048,1,1077.19
attention,512,4096,4,4096,1,1032.07
attention,512,4096,4,8192,1,1499.81
attention,512,4096,4,16384,1,2379.37
attention,512,4096,8,16,1,1039.17
attention,512,4096,8,32,1,1019.84
attention,512,4096,8,64,1,1064.74
attention,512,4096,8,128,1,1043.49
attention,512,4096,8,256,1,1025.57
attention,512,4096,8,512,1,1020.9
attention,512,4096,8,1024,1,1062.72
attention,512,4096,8,2048,1,1072.13
attention,512,4096,8,4096,1,1508.26
attention,512,4096,8,8192,1,1911.72
attention,512,4096,8,16384,1,3720.81
attention,512,4096,16,16,1,1021.7
attention,512,4096,16,32,1,1061.73
attention,512,4096,16,64,1,1021.7
attention,512,4096,16,128,1,1029.86
attention,512,4096,16,256,1,1033.28
attention,512,4096,16,512,1,1058.53
attention,512,4096,16,1024,1,1170.02
attention,512,4096,16,2048,1,1322.69
attention,512,4096,16,4096,1,1986.91
attention,512,4096,16,8192,1,3010.09
attention,512,4096,16,16384,1,6502.67
attention,512,4096,32,16,1,1056.52
attention,512,4096,32,32,1,1024.96
attention,512,4096,32,64,1,1091.78
attention,512,4096,32,128,1,1086.66
attention,512,4096,32,256,1,1177.22
attention,512,4096,32,512,1,1215.2
attention,512,4096,32,1024,1,1508.32
attention,512,4096,32,2048,1,1907.75
attention,512,4096,32,4096,1,3196.55
attention,512,4096,32,8192,1,6502.26
attention,512,4096,32,16384,1,14427.4
attention,512,4096,64,16,1,1115.17
attention,512,4096,64,32,1,1131.07
attention,512,4096,64,64,1,1147.78
attention,512,4096,64,128,1,1201.28
attention,512,4096,64,256,1,1349.92
attention,512,4096,64,512,1,1632.61
attention,512,4096,64,1024,1,2145.38
attention,512,4096,64,2048,1,3856.2
attention,512,4096,64,4096,1,6678.45
attention,512,4096,64,8192,1,20121.4
attention,512,4096,64,16384,1,42905.7
attention,512,4096,128,16,1,1286.98
attention,512,4096,128,32,1,1265.38
attention,512,4096,128,64,1,1397.16
attention,512,4096,128,128,1,1571.27
attention,512,4096,128,256,1,1924.1
attention,512,4096,128,512,1,2493.77
attention,512,4096,128,1024,1,4270.41
attention,512,4096,128,2048,1,11364.9
attention,512,4096,128,4096,1,22307.9
attention,512,4096,128,8192,1,49289.7
attention,512,4096,128,16384,1,98478
attention,512,8192,0,0,1,1939.14
attention,512,8192,1,16,1,1932.87
attention,512,8192,1,32,1,1932.61
attention,512,8192,1,64,1,1950.69
attention,512,8192,1,128,1,1931.91
attention,512,8192,1,256,1,1972.23
attention,512,8192,1,512,1,1975.72
attention,512,8192,1,1024,1,1973.93
attention,512,8192,1,2048,1,1949.06
attention,512,8192,1,4096,1,1975.56
attention,512,8192,1,8192,1,1973.29
attention,512,8192,1,16384,1,2918.44
attention,512,8192,2,16,1,1932.8
attention,512,8192,2,32,1,1972.93
attention,512,8192,2,64,1,1975.68
attention,512,8192,2,128,1,1949.41
attention,512,8192,2,256,1,1934.47
attention,512,8192,2,512,1,1933.19
attention,512,8192,2,1024,1,1989.44
attention,512,8192,2,2048,1,1969.35
attention,512,8192,2,4096,1,2023.91
attention,512,8192,2,8192,1,1996.26
attention,512,8192,2,16384,1,2878.05
attention,512,8192,4,16,1,1973.92
attention,512,8192,4,32,1,1933.25
attention,512,8192,4,64,1,2017.44
attention,512,8192,4,128,1,1973.83
attention,512,8192,4,256,1,1994.08
attention,512,8192,4,512,1,1977.06
attention,512,8192,4,1024,1,2039.05
attention,512,8192,4,2048,1,2014.56
attention,512,8192,4,4096,1,1946.02
attention,512,8192,4,8192,1,1989.19
attention,512,8192,4,16384,1,2837.57
attention,512,8192,8,16,1,1953.12
attention,512,8192,8,32,1,1935.84
attention,512,8192,8,64,1,1938.31
attention,512,8192,8,128,1,1992.23
attention,512,8192,8,256,1,1952.23
attention,512,8192,8,512,1,1975.78
attention,512,8192,8,1024,1,1938.56
attention,512,8192,8,2048,1,2009.32
attention,512,8192,8,4096,1,1969.45
attention,512,8192,8,8192,1,2867.49
attention,512,8192,8,16384,1,3743.14
attention,512,8192,16,16,1,1937.89
attention,512,8192,16,32,1,1935.43
attention,512,8192,16,64,1,1935.68
attention,512,8192,16,128,1,1934.05
attention,512,8192,16,256,1,1936.29
attention,512,8192,16,512,1,1937.16
attention,512,8192,16,1024,1,1961.35
attention,512,8192,16,2048,1,2267.4
attention,512,8192,16,4096,1,2546.85
attention,512,8192,16,8192,1,3917.74
attention,512,8192,16,16384,1,5781.29
attention,512,8192,32,16,1,1939.46
attention,512,8192,32,32,1,1939.62
attention,512,8192,32,64,1,2001.86
attention,512,8192,32,128,1,1942.76
attention,512,8192,32,256,1,2025.25
attention,512,8192,32,512,1,2088.84
attention,512,8192,32,1024,1,2284.32
attention,512,8192,32,2048,1,2739.17
attention,512,8192,32,4096,1,3694.47
attention,512,8192,32,8192,1,6179.34
attention,512,8192,32,16384,1,13259.5
attention,512,8192,64,16,1,1949.38
attention,512,8192,64,32,1,1947.59
attention,512,8192,64,64,1,2038.18
attention,512,8192,64,128,1,2031.17
attention,512,8192,64,256,1,2122.73
attention,512,8192,64,512,1,2354.69
attention,512,8192,64,1024,1,2902.53
attention,512,8192,64,2048,1,4812.81
attention,512,8192,64,4096,1,7776.17
attention,512,8192,64,8192,1,13023.7
attention,512,8192,64,16384,1,41620.7
attention,512,8192,128,16,1,2082.53
attention,512,8192,128,32,1,2086.12
attention,512,8192,128,64,1,2196.32
attention,512,8192,128,128,1,2318.73
attention,512,8192,128,256,1,2650.12
attention,512,8192,128,512,1,3211.46
attention,512,8192,128,1024,1,5176.65
attention,512,8192,128,2048,1,13033.8
attention,512,8192,128,4096,1,24828
attention,512,8192,128,8192,1,47965.8
attention,512,8192,128,16384,1,99166.8
attention,512,16384,0,0,1,3887.78
attention,512,16384,1,16,1,3759.91
attention,512,16384,1,32,1,3798.63
attention,512,16384,1,64,1,3762.09
attention,512,16384,1,128,1,3874.02
attention,512,16384,1,256,1,3761.51
attention,512,16384,1,512,1,3760.68
attention,512,16384,1,1024,1,3845.7
attention,512,16384,1,2048,1,3761.58
attention,512,16384,1,4096,1,3761.16
attention,512,16384,1,8192,1,3766.82
attention,512,16384,1,16384,1,3765.93
attention,512,16384,2,16,1,3762.63
attention,512,16384,2,32,1,3875.82
attention,512,16384,2,64,1,3762.98
attention,512,16384,2,128,1,3838.02
attention,512,16384,2,256,1,3763.78
attention,512,16384,2,512,1,3761.41
attention,512,16384,2,1024,1,3796.94
attention,512,16384,2,2048,1,3766.06
attention,512,16384,2,4096,1,3766.06
attention,512,16384,2,8192,1,3844.71
attention,512,16384,2,16384,1,3772.3
attention,512,16384,4,16,1,3762.66
attention,512,16384,4,32,1,3840.2
attention,512,16384,4,64,1,3762.35
attention,512,16384,4,128,1,3796.74
attention,512,16384,4,256,1,3763.72
attention,512,16384,4,512,1,3760.93
attention,512,16384,4,1024,1,3866.47
attention,512,16384,4,2048,1,3765.86
attention,512,16384,4,4096,1,3769.29
attention,512,16384,4,8192,1,3779.62
attention,512,16384,4,16384,1,3833.54
attention,512,16384,8,16,1,3762.95
attention,512,16384,8,32,1,3763.81
attention,512,16384,8,64,1,3765.06
attention,512,16384,8,128,1,3765.35
attention,512,16384,8,256,1,3765.48
attention,512,16384,8,512,1,3763.98
attention,512,16384,8,1024,1,3765.26
attention,512,16384,8,2048,1,3766.44
attention,512,16384,8,4096,1,3782.19
attention,512,16384,8,8192,1,3795.49
attention,512,16384,8,16384,1,5615.6
attention,512,16384,16,16,1,3767.43
attention,512,16384,16,32,1,3766.6
attention,512,16384,16,64,1,3767.43
attention,512,16384,16,128,1,3849.74
attention,512,16384,16,256,1,3767.4
attention,512,16384,16,512,1,3770.66
attention,512,16384,16,1024,1,3854.76
attention,512,16384,16,2048,1,3794.02
attention,512,16384,16,4096,1,4275.78
attention,512,16384,16,8192,1,4877.36
attention,512,16384,16,16384,1,7502.45
attention,512,16384,32,16,1,3769.57
attention,512,16384,32,32,1,3845
attention,512,16384,32,64,1,3769.38
attention,512,16384,32,128,1,3876.36
attention,512,16384,32,256,1,3772.97
attention,512,16384,32,512,1,3776.97
attention,512,16384,32,1024,1,3991.24
attention,512,16384,32,2048,1,4396.62
attention,512,16384,32,4096,1,5457.42
attention,512,16384,32,8192,1,7020.34
attention,512,16384,32,16384,1,12115.5
attention,512,16384,64,16,1,3773.87
attention,512,16384,64,32,1,3861.93
attention,512,16384,64,64,1,3863.91
attention,512,16384,64,128,1,3779.75
attention,512,16384,64,256,1,3921.29
attention,512,16384,64,512,1,3986.03
attention,512,16384,64,1024,1,4450.09
attention,512,16384,64,2048,1,5904.97
attention,512,16384,64,4096,1,9814.36
attention,512,16384,64,8192,1,15179.7
attention,512,16384,64,16384,1,29132.6
attention,512,16384,128,16,1,3874.18
attention,512,16384,128,32,1,3792.14
attention,512,16384,128,64,1,3975.75
attention,512,16384,128,128,1,3968.36
attention,512,16384,128,256,1,4364.62
attention,512,16384,128,512,1,4800.65
attention,512,16384,128,1024,1,6550.48
attention,512,16384,128,2048,1,14821.5
attention,512,16384,128,4096,1,26368
attention,512,16384,128,8192,1,50868.2
attention,512,16384,128,16384,1,100429
attention,1024,0,0,0,1,253.439
attention,1024,0,1,16,1,255.937
attention,1024,0,1,32,1,256.545
attention,1024,0,1,64,1,257.408
attention,1024,0,1,128,1,258.016
attention,1024,0,1,256,1,259.52
attention,1024,0,1,512,1,264.159
attention,1024,0,1,1024,1,267.394
attention,1024,0,1,2048,1,383.872
attention,1024,0,1,4096,1,630.113
attention,1024,0,1,8192,1,1067.55
attention,1024,0,1,16384,1,1979.14
attention,1024,0,2,16,1,259.777
attention,1024,0,2,32,1,263.105
attention,1024,0,2,64,1,261.473
attention,1024,0,2,128,1,264.16
attention,1024,0,2,256,1,266.848
attention,1024,0,2,512,1,271.264
attention,1024,0,2,1024,1,279.841
attention,1024,0,2,2048,1,402.307
attention,1024,0,2,4096,1,628.578
attention,1024,0,2,8192,1,1088.93
attention,1024,0,2,16384,1,2041.83
attention,1024,0,4,16,1,266.976
attention,1024,0,4,32,1,266.943
attention,1024,0,4,64,1,268.991
attention,1024,0,4,128,1,274.465
attention,1024,0,4,256,1,280.096
attention,1024,0,4,512,1,294.304
attention,1024,0,4,1024,1,317.792
attention,1024,0,4,2048,1,466.944
attention,1024,0,4,4096,1,694.305
attention,1024,0,4,8192,1,1150.31
attention,1024,0,4,16384,1,2085.48
attention,1024,0,8,16,1,284.002
attention,1024,0,8,32,1,285.697
attention,1024,0,8,64,1,293.441
attention,1024,0,8,128,1,300.77
attention,1024,0,8,256,1,318.305
attention,1024,0,8,512,1,342.946
attention,1024,0,8,1024,1,397.505
attention,1024,0,8,2048,1,587.872
attention,1024,0,8,4096,1,989.186
attention,1024,0,8,8192,1,1905.6
attention,1024,0,8,16384,1,3769.19
attention,1024,0,16,16,1,319.264
attention,1024,0,16,32,1,318.623
attention,1024,0,16,64,1,334.561
attention,1024,0,16,128,1,353.474
attention,1024,0,16,256,1,381.794
attention,1024,0,16,512,1,438.369
attention,1024,0,16,1024,1,545.25
attention,1024,0,16,2048,1,844.769
attention,1024,0,16,4096,1,1480.99
attention,1024,0,16,8192,1,2862.79
attention,1024,0,16,16384,1,5615.4
attention,1024,0,32,16,1,388.641
attention,1024,0,32,32,1,398.689
attention,1024,0,32,64,1,420.927
attention,1024,0,32,128,1,453.475
attention,1024,0,32,256,1,508.768
attention,1024,0,32,512,1,626.659
attention,1024,0,32,1024,1,842.273
attention,1024,0,32,2048,1,1411.59
attention,1024,0,32,4096,1,2524.29
attention,1024,0,32,8192,1,4996.52
attention,1024,0,32,16384,1,9562.97
attention,1024,0,64,16,1,527.842
attention,1024,0,64,32,1,520.001
attention,1024,0,64,64,1,582.976
attention,1024,0,64,128,1,648.833
attention,1024,0,64,256,1,773.665
attention,1024,0,64,512,1,1019.36
attention,1024,0,64,1024,1,1527.08
attention,1024,0,64,2048,1,2944.1
attention,1024,0,64,4096,1,5443.21
attention,1024,0,64,8192,1,10511.8
attention,1024,0,64,16384,1,21035.8
attention,1024,0,128,16,1,778.627
attention,1024,0,128,32,1,781.985
attention,1024,0,128,64,1,915.139
attention,1024,0,128,128,1,1054.98
attention,1024,0,128,256,1,1360.64
attention,1024,0,128,512,1,1940.96
attention,1024,0,128,1024,1,3617.03
attention,1024,0,128,2048,1,9999.57
attention,1024,0,128,4096,1,23307.7
attention,1024,0,128,8192,1,46618.5
attention,1024,0,128,16384,1,97500.4
attention,1024,16,0,0,1,270.912
attention,1024,16,1,16,1,272.255
attention,1024,16,1,32,1,271.393
attention,1024,16,1,64,1,274.018
attention,1024,16,1,128,1,274.818
attention,1024,16,1,256,1,274.913
attention,1024,16,1,512,1,277.888
attention,1024,16,1,1024,1,281.184
attention,1024,16,1,2048,1,391.456
attention,1024,16,1,4096,1,619.744
attention,1024,16,1,8192,1,1077.73
attention,1024,16,1,16384,1,1989.28
attention,1024,16,2,16,1,276.321
attention,1024,16,2,32,1,276.643
attention,1024,16,2,64,1,278.464
attention,1024,16,2,128,1,279.427
attention,1024,16,2,256,1,282.464
attention,1024,16,2,512,1,286.689
attention,1024,16,2,1024,1,295.904
attention,1024,16,2,2048,1,416.321
attention,1024,16,2,4096,1,645.378
attention,1024,16,2,8192,1,1113.19
attention,1024,16,2,16384,1,2017.35
attention,1024,16,4,16,1,282.977
attention,1024,16,4,32,1,282.72
attention,1024,16,4,64,1,285.729
attention,1024,16,4,128,1,289.826
attention,1024,16,4,256,1,299.969
attention,1024,16,4,512,1,313.408
attention,1024,16,4,1024,1,335.584
attention,1024,16,4,2048,1,484.321
attention,1024,16,4,4096,1,711.841
attention,1024,16,4,8192,1,1170.6
attention,1024,16,4,16384,1,2084.58
attention,1024,16,8,16,1,301.44
attention,1024,16,8,32,1,303.136
attention,1024,16,8,64,1,313.248
attention,1024,16,8,128,1,319.008
attention,1024,16,8,256,1,335.041
attention,1024,16,8,512,1,362.815
attention,1024,16,8,1024,1,415.361
attention,1024,16,8,2048,1,600.449
attention,1024,16,8,4096,1,994.754
attention,1024,16,8,8192,1,1906.85
attention,1024,16,8,16384,1,3738.28
attention,1024,16,16,16,1,336.929
attention,1024,16,16,32,1,337.953
attention,1024,16,16,64,1,354.72
attention,1024,16,16,128,1,369.251
attention,1024,16,16,256,1,399.17
attention,1024,16,16,512,1,455.968
attention,1024,16,16,1024,1,557.825
attention,1024,16,16,2048,1,858.724
attention,1024,16,16,4096,1,1482.53
attention,1024,16,16,8192,1,2862.69
attention,1024,16,16,16384,1,5612.91
attention,1024,16,32,16,1,405.377
attention,1024,16,32,32,1,408.193
attention,1024,16,32,64,1,437.888
attention,1024,16,32,128,1,473.442
attention,1024,16,32,256,1,529.346
attention,1024,16,32,512,1,641.825
attention,1024,16,32,1024,1,854.37
attention,1024,16,32,2048,1,1396.2
attention,1024,16,32,4096,1,2552.97
attention,1024,16,32,8192,1,5121.74
attention,1024,16,32,16384,1,9655.32
attention,1024,16,64,16,1,535.361
attention,1024,16,64,32,1,540.193
attention,1024,16,64,64,1,603.074
attention,1024,16,64,128,1,668.355
attention,1024,16,64,256,1,789.123
attention,1024,16,64,512,1,1037.54
attention,1024,16,64,1024,1,1543.36
attention,1024,16,64,2048,1,3008.65
attention,1024,16,64,4096,1,5459.28
attention,1024,16,64,8192,1,10546.9
attention,1024,16,64,16384,1,21460.8
attention,1024,16,128,16,1,798.304
attention,1024,16,128,32,1,802.978
attention,1024,16,128,64,1,934.465
attention,1024,16,128,128,1,1073.44
attention,1024,16,128,256,1,1383.2
attention,1024,16,128,512,1,1961.41
attention,1024,16,128,1024,1,3705.35
attention,1024,16,128,2048,1,9925.56
attention,1024,16,128,4096,1,23069.8
attention,1024,16,128,8192,1,47285.7
attention,1024,16,128,16384,1,98265.6
attention,1024,32,0,0,1,270.72
attention,1024,32,1,16,1,272.576
attention,1024,32,1,32,1,274.336
attention,1024,32,1,64,1,273.313
attention,1024,32,1,128,1,277.12
attention,1024,32,1,256,1,277.214
attention,1024,32,1,512,1,279.808
attention,1024,32,1,1024,1,282.847
attention,1024,32,1,2048,1,391.041
attention,1024,32,1,4096,1,619.713
attention,1024,32,1,8192,1,1076.23
attention,1024,32,1,16384,1,1989.6
attention,1024,32,2,16,1,277.377
attention,1024,32,2,32,1,276.478
attention,1024,32,2,64,1,277.887
attention,1024,32,2,128,1,279.169
attention,1024,32,2,256,1,286.657
attention,1024,32,2,512,1,289.152
attention,1024,32,2,1024,1,296.448
attention,1024,32,2,2048,1,421.728
attention,1024,32,2,4096,1,646.274
attention,1024,32,2,8192,1,1102.02
attention,1024,32,2,16384,1,2016.68
attention,1024,32,4,16,1,283.041
attention,1024,32,4,32,1,282.785
attention,1024,32,4,64,1,285.664
attention,1024,32,4,128,1,291.17
attention,1024,32,4,256,1,297.729
attention,1024,32,4,512,1,314.015
attention,1024,32,4,1024,1,338.912
attention,1024,32,4,2048,1,489.888
attention,1024,32,4,4096,1,712.674
attention,1024,32,4,8192,1,1169.89
attention,1024,32,4,16384,1,2083.65
attention,1024,32,8,16,1,301.249
attention,1024,32,8,32,1,304.704
attention,1024,32,8,64,1,313.634
attention,1024,32,8,128,1,327.169
attention,1024,32,8,256,1,336.223
attention,1024,32,8,512,1,365.601
attention,1024,32,8,1024,1,414.434
attention,1024,32,8,2048,1,602.657
attention,1024,32,8,4096,1,1015.94
attention,1024,32,8,8192,1,1947.43
attention,1024,32,8,16384,1,3737.54
attention,1024,32,16,16,1,338.145
attention,1024,32,16,32,1,337.409
attention,1024,32,16,64,1,356.769
attention,1024,32,16,128,1,373.441
attention,1024,32,16,256,1,409.346
attention,1024,32,16,512,1,456.896
attention,1024,32,16,1024,1,558.785
attention,1024,32,16,2048,1,873.729
attention,1024,32,16,4096,1,1484.16
attention,1024,32,16,8192,1,2921.89
attention,1024,32,16,16384,1,5618.76
attention,1024,32,32,16,1,405.76
attention,1024,32,32,32,1,407.234
attention,1024,32,32,64,1,439.969
attention,1024,32,32,128,1,481.635
attention,1024,32,32,256,1,530.593
attention,1024,32,32,512,1,655.392
attention,1024,32,32,1024,1,857.762
attention,1024,32,32,2048,1,1396.26
attention,1024,32,32,4096,1,2557.06
attention,1024,32,32,8192,1,5114.48
attention,1024,32,32,16384,1,9849.39
attention,1024,32,64,16,1,537.891
attention,1024,32,64,32,1,539.873
attention,1024,32,64,64,1,601.665
attention,1024,32,64,128,1,666.656
attention,1024,32,64,256,1,788.417
attention,1024,32,64,512,1,1039.65
attention,1024,32,64,1024,1,1545.44
attention,1024,32,64,2048,1,3011.56
attention,1024,32,64,4096,1,5460.11
attention,1024,32,64,8192,1,10610.9
attention,1024,32,64,16384,1,21461.3
attention,1024,32,128,16,1,808.995
attention,1024,32,128,32,1,822.592
attention,1024,32,128,64,1,934.497
attention,1024,32,128,128,1,1076.51
attention,1024,32,128,256,1,1406.5
attention,1024,32,128,512,1,1961.25
attention,1024,32,128,1024,1,3774.44
attention,1024,32,128,2048,1,9887.63
attention,1024,32,128,4096,1,22879.8
attention,1024,32,128,8192,1,47358
attention,1024,32,128,16384,1,98071.7
attention,1024,64,0,0,1,277.569
attention,1024,64,1,16,1,274.113
attention,1024,64,1,32,1,279.552
attention,1024,64,1,64,1,276.704
attention,1024,64,1,128,1,276.448
attention,1024,64,1,256,1,284
attention,1024,64,1,512,1,279.648
attention,1024,64,1,1024,1,283.904
attention,1024,64,1,2048,1,393.696
attention,1024,64,1,4096,1,621.889
attention,1024,64,1,8192,1,1076.32
attention,1024,64,1,16384,1,1989.06
attention,1024,64,2,16,1,276.863
attention,1024,64,2,32,1,280.129
attention,1024,64,2,64,1,277.824
attention,1024,64,2,128,1,286.689
attention,1024,64,2,256,1,284.512
attention,1024,64,2,512,1,288.448
attention,1024,64,2,1024,1,297.568
attention,1024,64,2,2048,1,425.696
attention,1024,64,2,4096,1,662.274
attention,1024,64,2,8192,1,1103.27
attention,1024,64,2,16384,1,2016.19
attention,1024,64,4,16,1,288.929
attention,1024,64,4,32,1,288.96
attention,1024,64,4,64,1,288.386
attention,1024,64,4,128,1,292.739
attention,1024,64,4,256,1,305.442
attention,1024,64,4,512,1,316.896
attention,1024,64,4,1024,1,336.545
attention,1024,64,4,2048,1,483.776
attention,1024,64,4,4096,1,726.339
attention,1024,64,4,8192,1,1171.65
attention,1024,64,4,16384,1,2086.37
attention,1024,64,8,16,1,309.439
attention,1024,64,8,32,1,304.576
attention,1024,64,8,64,1,314.689
attention,1024,64,8,128,1,320.801
attention,1024,64,8,256,1,337.664
attention,1024,64,8,512,1,365.536
attention,1024,64,8,1024,1,415.873
attention,1024,64,8,2048,1,601.792
attention,1024,64,8,4096,1,993.315
attention,1024,64,8,8192,1,1907.75
attention,1024,64,8,16384,1,3735.5
attention,1024,64,16,16,1,348.034
attention,1024,64,16,32,1,347.969
attention,1024,64,16,64,1,357.92
attention,1024,64,16,128,1,372.992
attention,1024,64,16,256,1,402.403
attention,1024,64,16,512,1,456.706
attention,1024,64,16,1024,1,557.856
attention,1024,64,16,2048,1,876.385
attention,1024,64,16,4096,1,1516.93
attention,1024,64,16,8192,1,2921.64
attention,1024,64,16,16384,1,5617.19
attention,1024,64,32,16,1,416.834
attention,1024,64,32,32,1,409.218
attention,1024,64,32,64,1,440.704
attention,1024,64,32,128,1,484.067
attention,1024,64,32,256,1,532.001
attention,1024,64,32,512,1,658.4
attention,1024,64,32,1024,1,877.12
attention,1024,64,32,2048,1,1427.78
attention,1024,64,32,4096,1,2599.81
attention,1024,64,32,8192,1,5223.47
attention,1024,64,32,16384,1,9669.01
attention,1024,64,64,16,1,536.929
attention,1024,64,64,32,1,539.553
attention,1024,64,64,64,1,628.513
attention,1024,64,64,128,1,683.074
attention,1024,64,64,256,1,809.123
attention,1024,64,64,512,1,1042.14
attention,1024,64,64,1024,1,1568.74
attention,1024,64,64,2048,1,3016.87
attention,1024,64,64,4096,1,5457.1
attention,1024,64,64,8192,1,10701
attention,1024,64,64,16384,1,21049.4
attention,1024,64,128,16,1,819.841
attention,1024,64,128,32,1,805.439
attention,1024,64,128,64,1,938.85
attention,1024,64,128,128,1,1078.5
attention,1024,64,128,256,1,1434.31
attention,1024,64,128,512,1,2009.32
attention,1024,64,128,1024,1,3768.42
attention,1024,64,128,2048,1,9950.01
attention,1024,64,128,4096,1,22180.8
attention,1024,64,128,8192,1,46238.5
attention,1024,64,128,16384,1,96985.8
attention,1024,128,0,0,1,290.88
attention,1024,128,1,16,1,298.4
attention,1024,128,1,32,1,292.834
attention,1024,128,1,64,1,291.648
attention,1024,128,1,128,1,291.777
attention,1024,128,1,256,1,293.185
attention,1024,128,1,512,1,303.65
attention,1024,128,1,1024,1,305.729
attention,1024,128,1,2048,1,413.407
attention,1024,128,1,4096,1,645.505
attention,1024,128,1,8192,1,1088.32
attention,1024,128,1,16384,1,2040.87
attention,1024,128,2,16,1,299.296
attention,1024,128,2,32,1,295.488
attention,1024,128,2,64,1,295.52
attention,1024,128,2,128,1,305.602
attention,1024,128,2,256,1,301.472
attention,1024,128,2,512,1,312.897
attention,1024,128,2,1024,1,321.248
attention,1024,128,2,2048,1,443.393
attention,1024,128,2,4096,1,662.562
attention,1024,128,2,8192,1,1142.98
attention,1024,128,2,16384,1,2075.72
attention,1024,128,4,16,1,301.44
attention,1024,128,4,32,1,307.136
attention,1024,128,4,64,1,304.96
attention,1024,128,4,128,1,313.92
attention,1024,128,4,256,1,320.737
attention,1024,128,4,512,1,335.392
attention,1024,128,4,1024,1,366.306
attention,1024,128,4,2048,1,503.778
attention,1024,128,4,4096,1,735.073
attention,1024,128,4,8192,1,1189.99
attention,1024,128,4,16384,1,2104.64
attention,1024,128,8,16,1,327.392
attention,1024,128,8,32,1,327.713
attention,1024,128,8,64,1,339.521
attention,1024,128,8,128,1,348.514
attention,1024,128,8,256,1,363.329
attention,1024,128,8,512,1,390.465
attention,1024,128,8,1024,1,432.129
attention,1024,128,8,2048,1,614.848
attention,1024,128,8,4096,1,1020.07
attention,1024,128,8,8192,1,1906.98
attention,1024,128,8,16384,1,3771.69
attention,1024,128,16,16,1,355.424
attention,1024,128,16,32,1,364.352
attention,1024,128,16,64,1,375.553
attention,1024,128,16,128,1,391.394
attention,1024,128,16,256,1,421.024
attention,1024,128,16,512,1,475.649
attention,1024,128,16,1024,1,588.962
attention,1024,128,16,2048,1,873.249
attention,1024,128,16,4096,1,1488.07
attention,1024,128,16,8192,1,2922.6
attention,1024,128,16,16384,1,5733.84
attention,1024,128,32,16,1,436.322
attention,1024,128,32,32,1,429.12
attention,1024,128,32,64,1,469.857
attention,1024,128,32,128,1,502.88
attention,1024,128,32,256,1,551.586
attention,1024,128,32,512,1,677.218
attention,1024,128,32,1024,1,876.225
attention,1024,128,32,2048,1,1441.15
attention,1024,128,32,4096,1,2652.29
attention,1024,128,32,8192,1,5309.57
attention,1024,128,32,16384,1,10110.2
attention,1024,128,64,16,1,558.753
attention,1024,128,64,32,1,560.704
attention,1024,128,64,64,1,637.572
attention,1024,128,64,128,1,688.608
attention,1024,128,64,256,1,825.219
attention,1024,128,64,512,1,1061.25
attention,1024,128,64,1024,1,1597.12
attention,1024,128,64,2048,1,3067.05
attention,1024,128,64,4096,1,5601.93
attention,1024,128,64,8192,1,10586.8
attention,1024,128,64,16384,1,20647
attention,1024,128,128,16,1,835.137
attention,1024,128,128,32,1,839.904
attention,1024,128,128,64,1,985.216
attention,1024,128,128,128,1,1116.74
attention,1024,128,128,256,1,1405.89
attention,1024,128,128,512,1,1988.07
attention,1024,128,128,1024,1,3837.64
attention,1024,128,128,2048,1,9968.73
attention,1024,128,128,4096,1,22584.3
attention,1024,128,128,8192,1,48092.9
attention,1024,128,128,16384,1,97027
attention,1024,256,0,0,1,323.424
attention,1024,256,1,16,1,332.479
attention,1024,256,1,32,1,324.48
attention,1024,256,1,64,1,330.657
attention,1024,256,1,128,1,334.752
attention,1024,256,1,256,1,329.312
attention,1024,256,1,512,1,337.249
attention,1024,256,1,1024,1,334.978
attention,1024,256,1,2048,1,422.143
attention,1024,256,1,4096,1,650.593
attention,1024,256,1,8192,1,1130.66
attention,1024,256,1,16384,1,2021.48
attention,1024,256,2,16,1,334.112
attention,1024,256,2,32,1,331.809
attention,1024,256,2,64,1,329.441
attention,1024,256,2,128,1,335.648
attention,1024,256,2,256,1,345.28
attention,1024,256,2,512,1,347.522
attention,1024,256,2,1024,1,361.631
attention,1024,256,2,2048,1,463.488
attention,1024,256,2,4096,1,708.197
attention,1024,256,2,8192,1,1160.29
attention,1024,256,2,16384,1,2083.11
attention,1024,256,4,16,1,344.384
attention,1024,256,4,32,1,342.688
attention,1024,256,4,64,1,341.473
attention,1024,256,4,128,1,353.697
attention,1024,256,4,256,1,356.481
attention,1024,256,4,512,1,380.963
attention,1024,256,4,1024,1,407.008
attention,1024,256,4,2048,1,519.843
attention,1024,256,4,4096,1,785.666
attention,1024,256,4,8192,1,1253.44
attention,1024,256,4,16384,1,2161.51
attention,1024,256,8,16,1,360.097
attention,1024,256,8,32,1,363.425
attention,1024,256,8,64,1,373.921
attention,1024,256,8,128,1,383.904
attention,1024,256,8,256,1,393.027
attention,1024,256,8,512,1,428.257
attention,1024,256,8,1024,1,475.235
attention,1024,256,8,2048,1,657.505
attention,1024,256,8,4096,1,1034.18
attention,1024,256,8,8192,1,1907.07
attention,1024,256,8,16384,1,3816.94
attention,1024,256,16,16,1,401.44
attention,1024,256,16,32,1,401.858
attention,1024,256,16,64,1,414.081
attention,1024,256,16,128,1,432.544
attention,1024,256,16,256,1,470.624
attention,1024,256,16,512,1,512.673
attention,1024,256,16,1024,1,619.875
attention,1024,256,16,2048,1,937.599
attention,1024,256,16,4096,1,1516.8
attention,1024,256,16,8192,1,2921.6
attention,1024,256,16,16384,1,5619.78
attention,1024,256,32,16,1,480.067
attention,1024,256,32,32,1,474.24
attention,1024,256,32,64,1,519.457
attention,1024,256,32,128,1,555.873
attention,1024,256,32,256,1,589.155
attention,1024,256,32,512,1,701.282
attention,1024,256,32,1024,1,960.098
attention,1024,256,32,2048,1,1450.53
attention,1024,256,32,4096,1,2826.08
attention,1024,256,32,8192,1,5556.01
attention,1024,256,32,16384,1,11198.7
attention,1024,256,64,16,1,595.874
attention,1024,256,64,32,1,614.818
attention,1024,256,64,64,1,661.121
attention,1024,256,64,128,1,746.146
attention,1024,256,64,256,1,866.786
attention,1024,256,64,512,1,1098.21
attention,1024,256,64,1024,1,1609.86
attention,1024,256,64,2048,1,3151.4
attention,1024,256,64,4096,1,6169.9
attention,1024,256,64,8192,1,10838.5
attention,1024,256,64,16384,1,21221.4
attention,1024,256,128,16,1,877.345
attention,1024,256,128,32,1,890.723
attention,1024,256,128,64,1,1000.13
attention,1024,256,128,128,1,1159.46
attention,1024,256,128,256,1,1446.69
attention,1024,256,128,512,1,2030.79
attention,1024,256,128,1024,1,3909.1
attention,1024,256,128,2048,1,10139.8
attention,1024,256,128,4096,1,23915.5
attention,1024,256,128,8192,1,47587.7
attention,1024,256,128,16384,1,98095.2
attention,1024,512,0,0,1,401.344
attention,1024,512,1,16,1,406.337
attention,1024,512,1,32,1,399.52
attention,1024,512,1,64,1,398.688
attention,1024,512,1,128,1,393.699
attention,1024,512,1,256,1,403.903
attention,1024,512,1,512,1,417.729
attention,1024,512,1,1024,1,427.296
attention,1024,512,1,2048,1,488.288
attention,1024,512,1,4096,1,715.234
attention,1024,512,1,8192,1,1202.82
attention,1024,512,1,16384,1,2099.17
attention,1024,512,2,16,1,422.05
attention,1024,512,2,32,1,406.241
attention,1024,512,2,64,1,411.938
attention,1024,512,2,128,1,405.922
attention,1024,512,2,256,1,413.249
attention,1024,512,2,512,1,434.241
attention,1024,512,2,1024,1,444.895
attention,1024,512,2,2048,1,522.368
attention,1024,512,2,4096,1,769.281
attention,1024,512,2,8192,1,1232.99
attention,1024,512,2,16384,1,2171.27
attention,1024,512,4,16,1,415.586
attention,1024,512,4,32,1,408.736
attention,1024,512,4,64,1,412.639
attention,1024,512,4,128,1,419.424
attention,1024,512,4,256,1,438.016
attention,1024,512,4,512,1,459.011
attention,1024,512,4,1024,1,492.033
attention,1024,512,4,2048,1,576.386
attention,1024,512,4,4096,1,843.425
attention,1024,512,4,8192,1,1300.23
attention,1024,512,4,16384,1,2258.76
attention,1024,512,8,16,1,428
attention,1024,512,8,32,1,446.882
attention,1024,512,8,64,1,447.362
attention,1024,512,8,128,1,453.409
attention,1024,512,8,256,1,476.832
attention,1024,512,8,512,1,518.881
attention,1024,512,8,1024,1,552.831
attention,1024,512,8,2048,1,697.155
attention,1024,512,8,4096,1,1112.8
attention,1024,512,8,8192,1,1910.69
attention,1024,512,8,16384,1,3732.36
attention,1024,512,16,16,1,470.209
attention,1024,512,16,32,1,478.785
attention,1024,512,16,64,1,496.033
attention,1024,512,16,128,1,514.239
attention,1024,512,16,256,1,534.369
attention,1024,512,16,512,1,599.296
attention,1024,512,16,1024,1,701.568
attention,1024,512,16,2048,1,955.49
attention,1024,512,16,4096,1,1595.62
attention,1024,512,16,8192,1,2885.03
attention,1024,512,16,16384,1,5672.24
attention,1024,512,32,16,1,544.385
attention,1024,512,32,32,1,550.497
attention,1024,512,32,64,1,571.746
attention,1024,512,32,128,1,631.169
attention,1024,512,32,256,1,679.139
attention,1024,512,32,512,1,788.642
attention,1024,512,32,1024,1,1017.28
attention,1024,512,32,2048,1,1503.27
attention,1024,512,32,4096,1,2964.39
attention,1024,512,32,8192,1,6060.85
attention,1024,512,32,16384,1,11450
attention,1024,512,64,16,1,685.283
attention,1024,512,64,32,1,673.793
attention,1024,512,64,64,1,738.147
attention,1024,512,64,128,1,805.858
attention,1024,512,64,256,1,930.626
attention,1024,512,64,512,1,1183.39
attention,1024,512,64,1024,1,1688.68
attention,1024,512,64,2048,1,3265.58
attention,1024,512,64,4096,1,6821.52
attention,1024,512,64,8192,1,11403.7
attention,1024,512,64,16384,1,22388.4
attention,1024,512,128,16,1,937.666
attention,1024,512,128,32,1,943.97
attention,1024,512,128,64,1,1101.76
attention,1024,512,128,128,1,1226.31
attention,1024,512,128,256,1,1520.04
attention,1024,512,128,512,1,2104.65
attention,1024,512,128,1024,1,3826.54
attention,1024,512,128,2048,1,11698.6
attention,1024,512,128,4096,1,22822.7
attention,1024,512,128,8192,1,47413
attention,1024,512,128,16384,1,98067.2
attention,1024,1024,0,0,1,572.034
attention,1024,1024,1,16,1,564.576
attention,1024,1024,1,32,1,574.658
attention,1024,1024,1,64,1,571.234
attention,1024,1024,1,128,1,561.665
attention,1024,1024,1,256,1,567.456
attention,1024,1024,1,512,1,565.251
attention,1024,1024,1,1024,1,577.763
attention,1024,1024,1,2048,1,598.721
attention,1024,1024,1,4096,1,824.611
attention,1024,1024,1,8192,1,1278.76
attention,1024,1024,1,16384,1,2190.76
attention,1024,1024,2,16,1,573.921
attention,1024,1024,2,32,1,564.832
attention,1024,1024,2,64,1,569.216
attention,1024,1024,2,128,1,574.722
attention,1024,1024,2,256,1,574.529
attention,1024,1024,2,512,1,577.088
attention,1024,1024,2,1024,1,601.89
attention,1024,1024,2,2048,1,622.593
attention,1024,1024,2,4096,1,874.692
attention,1024,1024,2,8192,1,1325.28
attention,1024,1024,2,16384,1,2237.22
attention,1024,1024,4,16,1,580.61
attention,1024,1024,4,32,1,599.235
attention,1024,1024,4,64,1,575.042
attention,1024,1024,4,128,1,586.497
attention,1024,1024,4,256,1,584.418
attention,1024,1024,4,512,1,612.45
attention,1024,1024,4,1024,1,635.586
attention,1024,1024,4,2048,1,670.339
attention,1024,1024,4,4096,1,989.058
attention,1024,1024,4,8192,1,1459.49
attention,1024,1024,4,16384,1,2374.76
attention,1024,1024,8,16,1,583.3
attention,1024,1024,8,32,1,581.154
attention,1024,1024,8,64,1,592.129
attention,1024,1024,8,128,1,616.29
attention,1024,1024,8,256,1,625.058
attention,1024,1024,8,512,1,648.258
attention,1024,1024,8,1024,1,706.495
attention,1024,1024,8,2048,1,798.018
attention,1024,1024,8,4096,1,1192.71
attention,1024,1024,8,8192,1,1971.91
attention,1024,1024,8,16384,1,3729.39
attention,1024,1024,16,16,1,628.866
attention,1024,1024,16,32,1,617.442
attention,1024,1024,16,64,1,635.842
attention,1024,1024,16,128,1,655.105
attention,1024,1024,16,256,1,687.619
attention,1024,1024,16,512,1,741.474
attention,1024,1024,16,1024,1,894.306
attention,1024,1024,16,2048,1,1060.84
attention,1024,1024,16,4096,1,1704.45
attention,1024,1024,16,8192,1,2986.76
attention,1024,1024,16,16384,1,5910.32
attention,1024,1024,32,16,1,689.538
attention,1024,1024,32,32,1,688.386
attention,1024,1024,32,64,1,729.346
attention,1024,1024,32,128,1,762.242
attention,1024,1024,32,256,1,831.491
attention,1024,1024,32,512,1,955.616
attention,1024,1024,32,1024,1,1176.39
attention,1024,1024,32,2048,1,1607.33
attention,1024,1024,32,4096,1,3015.53
attention,1024,1024,32,8192,1,6882.48
attention,1024,1024,32,16384,1,14343
attention,1024,1024,64,16,1,841.858
attention,1024,1024,64,32,1,842.305
attention,1024,1024,64,64,1,911.235
attention,1024,1024,64,128,1,957.57
attention,1024,1024,64,256,1,1083.62
attention,1024,1024,64,512,1,1343.49
attention,1024,1024,64,1024,1,1839.88
attention,1024,1024,64,2048,1,3369.93
attention,1024,1024,64,4096,1,9636.54
attention,1024,1024,64,8192,1,16701.3
attention,1024,1024,64,16384,1,36456
attention,1024,1024,128,16,1,1092.32
attention,1024,1024,128,32,1,1102.98
attention,1024,1024,128,64,1,1231.49
attention,1024,1024,128,128,1,1399.88
attention,1024,1024,128,256,1,1671.68
attention,1024,1024,128,512,1,2259.69
attention,1024,1024,128,1024,1,4012.01
attention,1024,1024,128,2048,1,12701.7
attention,1024,1024,128,4096,1,25211.1
attention,1024,1024,128,8192,1,49729.5
attention,1024,1024,128,16384,1,100111
attention,1024,2048,0,0,1,900.737
attention,1024,2048,1,16,1,901.346
attention,1024,2048,1,32,1,903.011
attention,1024,2048,1,64,1,902.242
attention,1024,2048,1,128,1,923.3
attention,1024,2048,1,256,1,925.698
attention,1024,2048,1,512,1,903.651
attention,1024,2048,1,1024,1,904.897
attention,1024,2048,1,2048,1,940.259
attention,1024,2048,1,4096,1,1041.95
attention,1024,2048,1,8192,1,1507.11
attention,1024,2048,1,16384,1,2419.37
attention,1024,2048,2,16,1,924.579
attention,1024,2048,2,32,1,912.226
attention,1024,2048,2,64,1,906.082
attention,1024,2048,2,128,1,904.387
attention,1024,2048,2,256,1,924.195
attention,1024,2048,2,512,1,904.418
attention,1024,2048,2,1024,1,919.075
attention,1024,2048,2,2048,1,942.977
attention,1024,2048,2,4096,1,1096.77
attention,1024,2048,2,8192,1,1551.94
attention,1024,2048,2,16384,1,2463.91
attention,1024,2048,4,16,1,912.227
attention,1024,2048,4,32,1,912.032
attention,1024,2048,4,64,1,921.122
attention,1024,2048,4,128,1,913.952
attention,1024,2048,4,256,1,933.091
attention,1024,2048,4,512,1,931.266
attention,1024,2048,4,1024,1,951.268
attention,1024,2048,4,2048,1,965.474
attention,1024,2048,4,4096,1,1150.53
attention,1024,2048,4,8192,1,1841.19
attention,1024,2048,4,16384,1,2743.97
attention,1024,2048,8,16,1,922.4
attention,1024,2048,8,32,1,924.514
attention,1024,2048,8,64,1,927.652
attention,1024,2048,8,128,1,951.043
attention,1024,2048,8,256,1,932.034
attention,1024,2048,8,512,1,978.307
attention,1024,2048,8,1024,1,1016.77
attention,1024,2048,8,2048,1,1140.13
attention,1024,2048,8,4096,1,1412.77
attention,1024,2048,8,8192,1,2194.12
attention,1024,2048,8,16384,1,3863.15
attention,1024,2048,16,16,1,950.915
attention,1024,2048,16,32,1,944.291
attention,1024,2048,16,64,1,971.363
attention,1024,2048,16,128,1,967.331
attention,1024,2048,16,256,1,1012.51
attention,1024,2048,16,512,1,1042.79
attention,1024,2048,16,1024,1,1150.63
attention,1024,2048,16,2048,1,1406.4
attention,1024,2048,16,4096,1,1898.5
attention,1024,2048,16,8192,1,3291.01
attention,1024,2048,16,16384,1,6959.92
attention,1024,2048,32,16,1,995.553
attention,1024,2048,32,32,1,996.738
attention,1024,2048,32,64,1,1029.35
attention,1024,2048,32,128,1,1057.76
attention,1024,2048,32,256,1,1116.58
attention,1024,2048,32,512,1,1233.44
attention,1024,2048,32,1024,1,1476.9
attention,1024,2048,32,2048,1,1959.43
attention,1024,2048,32,4096,1,3273.74
attention,1024,2048,32,8192,1,8614.49
attention,1024,2048,32,16384,1,18438.4
attention,1024,2048,64,16,1,1124.48
attention,1024,2048,64,32,1,1124.68
attention,1024,2048,64,64,1,1201.38
attention,1024,2048,64,128,1,1255.43
attention,1024,2048,64,256,1,1384.55
attention,1024,2048,64,512,1,1650.05
attention,1024,2048,64,1024,1,2163.17
attention,1024,2048,64,2048,1,3610.22
attention,1024,2048,64,4096,1,11431.2
attention,1024,2048,64,8192,1,22916.4
attention,1024,2048,64,16384,1,45712
attention,1024,2048,128,16,1,1425.83
attention,1024,2048,128,32,1,1401.25
attention,1024,2048,128,64,1,1540.64
attention,1024,2048,128,128,1,1684.45
attention,1024,2048,128,256,1,1971.01
attention,1024,2048,128,512,1,2565.7
attention,1024,2048,128,1024,1,4355.75
attention,1024,2048,128,2048,1,10799.1
attention,1024,2048,128,4096,1,25264.5
attention,1024,2048,128,8192,1,49886.5
attention,1024,2048,128,16384,1,99802.3
attention,1024,4096,0,0,1,1649.32
attention,1024,4096,1,16,1,1587.46
attention,1024,4096,1,32,1,1620.9
attention,1024,4096,1,64,1,1588.71
attention,1024,4096,1,128,1,1623.33
attention,1024,4096,1,256,1,1590.43
attention,1024,4096,1,512,1,1588
attention,1024,4096,1,1024,1,1604.48
attention,1024,4096,1,2048,1,1604.03
attention,1024,4096,1,4096,1,1642.02
attention,1024,4096,1,8192,1,1949.32
attention,1024,4096,1,16384,1,2878.41
attention,1024,4096,2,16,1,1610.5
attention,1024,4096,2,32,1,1592.42
attention,1024,4096,2,64,1,1606.05
attention,1024,4096,2,128,1,1599.39
attention,1024,4096,2,256,1,1606.18
attention,1024,4096,2,512,1,1661.12
attention,1024,4096,2,1024,1,1606.28
attention,1024,4096,2,2048,1,1618.4
attention,1024,4096,2,4096,1,1624.77
attention,1024,4096,2,8192,1,1987.2
attention,1024,4096,2,16384,1,2921.64
attention,1024,4096,4,16,1,1597.83
attention,1024,4096,4,32,1,1611.17
attention,1024,4096,4,64,1,1596.9
attention,1024,4096,4,128,1,1602.24
attention,1024,4096,4,256,1,1600.96
attention,1024,4096,4,512,1,1600.1
attention,1024,4096,4,1024,1,1601.38
attention,1024,4096,4,2048,1,1628.13
attention,1024,4096,4,4096,1,1650.92
attention,1024,4096,4,8192,1,2052.8
attention,1024,4096,4,16384,1,3404.62
attention,1024,4096,8,16,1,1612.23
attention,1024,4096,8,32,1,1624.8
attention,1024,4096,8,64,1,1613.19
attention,1024,4096,8,128,1,1614.6
attention,1024,4096,8,256,1,1617.67
attention,1024,4096,8,512,1,1652.83
attention,1024,4096,8,1024,1,1639.14
attention,1024,4096,8,2048,1,1681.25
attention,1024,4096,8,4096,1,2074.76
attention,1024,4096,8,8192,1,2556.97
attention,1024,4096,8,16384,1,4251.81
attention,1024,4096,16,16,1,1626.02
attention,1024,4096,16,32,1,1629.89
attention,1024,4096,16,64,1,1650.59
attention,1024,4096,16,128,1,1635.91
attention,1024,4096,16,256,1,1654.24
attention,1024,4096,16,512,1,1710.18
attention,1024,4096,16,1024,1,1751.75
attention,1024,4096,16,2048,1,1996.71
attention,1024,4096,16,4096,1,2572.61
attention,1024,4096,16,8192,1,3510.38
attention,1024,4096,16,16384,1,8005.49
attention,1024,4096,32,16,1,1655.52
attention,1024,4096,32,32,1,1691.72
attention,1024,4096,32,64,1,1664.04
attention,1024,4096,32,128,1,1704.39
attention,1024,4096,32,256,1,1729.67
attention,1024,4096,32,512,1,1838.73
attention,1024,4096,32,1024,1,2115.59
attention,1024,4096,32,2048,1,2532.07
attention,1024,4096,32,4096,1,3717.61
attention,1024,4096,32,8192,1,7122.77
attention,1024,4096,32,16384,1,19707.6
attention,1024,4096,64,16,1,1743.27
attention,1024,4096,64,32,1,1747.17
attention,1024,4096,64,64,1,1804.99
attention,1024,4096,64,128,1,1864.9
attention,1024,4096,64,256,1,1978.79
attention,1024,4096,64,512,1,2243.75
attention,1024,4096,64,1024,1,2774.5
attention,1024,4096,64,2048,1,3952.23
attention,1024,4096,64,4096,1,7393.74
attention,1024,4096,64,8192,1,22465.6
attention,1024,4096,64,16384,1,45660.8
attention,1024,4096,128,16,1,1998.47
attention,1024,4096,128,32,1,2003.01
attention,1024,4096,128,64,1,2140.13
attention,1024,4096,128,128,1,2286.56
attention,1024,4096,128,256,1,2565.93
attention,1024,4096,128,512,1,3206.02
attention,1024,4096,128,1024,1,5017.45
attention,1024,4096,128,2048,1,12192.1
attention,1024,4096,128,4096,1,20906.9
attention,1024,4096,128,8192,1,50013
attention,1024,4096,128,16384,1,99930.8
attention,1024,8192,0,0,1,2957.22
attention,1024,8192,1,16,1,2958.41
attention,1024,8192,1,32,1,2958.44
attention,1024,8192,1,64,1,2959.91
attention,1024,8192,1,128,1,2958.95
attention,1024,8192,1,256,1,2961.1
attention,1024,8192,1,512,1,2958.76
attention,1024,8192,1,1024,1,2989.8
attention,1024,8192,1,2048,1,2959.85
attention,1024,8192,1,4096,1,3008.71
attention,1024,8192,1,8192,1,2977.73
attention,1024,8192,1,16384,1,3812.81
attention,1024,8192,2,16,1,2990.66
attention,1024,8192,2,32,1,2963.14
attention,1024,8192,2,64,1,2963.33
attention,1024,8192,2,128,1,2962.22
attention,1024,8192,2,256,1,2959.18
attention,1024,8192,2,512,1,2962.6
attention,1024,8192,2,1024,1,2962.44
attention,1024,8192,2,2048,1,3022.76
attention,1024,8192,2,4096,1,2973.45
attention,1024,8192,2,8192,1,2998.09
attention,1024,8192,2,16384,1,3819.5
attention,1024,8192,4,16,1,2967.27
attention,1024,8192,4,32,1,2969.8
attention,1024,8192,4,64,1,2972.68
attention,1024,8192,4,128,1,2969.61
attention,1024,8192,4,256,1,2971.11
attention,1024,8192,4,512,1,2971.24
attention,1024,8192,4,1024,1,2968.77
attention,1024,8192,4,2048,1,2971.11
attention,1024,8192,4,4096,1,2998.54
attention,1024,8192,4,8192,1,3025.67
attention,1024,8192,4,16384,1,3882.92
attention,1024,8192,8,16,1,2983.55
attention,1024,8192,8,32,1,2980.9
attention,1024,8192,8,64,1,2983.4
attention,1024,8192,8,128,1,2986.24
attention,1024,8192,8,256,1,2990.76
attention,1024,8192,8,512,1,3003.4
attention,1024,8192,8,1024,1,2988.65
attention,1024,8192,8,2048,1,3009.74
attention,1024,8192,8,4096,1,3054.82
attention,1024,8192,8,8192,1,3895.27
attention,1024,8192,8,16384,1,4843.6
attention,1024,8192,16,16,1,3024.42
attention,1024,8192,16,32,1,3000.81
attention,1024,8192,16,64,1,3031.4
attention,1024,8192,16,128,1,3006.73
attention,1024,8192,16,256,1,3012.49
attention,1024,8192,16,512,1,3016.55
attention,1024,8192,16,1024,1,3065.61
attention,1024,8192,16,2048,1,3231.08
attention,1024,8192,16,4096,1,3556.17
attention,1024,8192,16,8192,1,4852.68
attention,1024,8192,16,16384,1,6712.3
attention,1024,8192,32,16,1,3030.09
attention,1024,8192,32,32,1,3027.94
attention,1024,8192,32,64,1,3033.7
attention,1024,8192,32,128,1,3039.94
attention,1024,8192,32,256,1,3045.48
attention,1024,8192,32,512,1,3106.47
attention,1024,8192,32,1024,1,3275.94
attention,1024,8192,32,2048,1,3807.69
attention,1024,8192,32,4096,1,4665.19
attention,1024,8192,32,8192,1,7086.55
attention,1024,8192,32,16384,1,13927.4
attention,1024,8192,64,16,1,3059.85
attention,1024,8192,64,32,1,3063.53
attention,1024,8192,64,64,1,3074.47
attention,1024,8192,64,128,1,3123.02
attention,1024,8192,64,256,1,3220.87
attention,1024,8192,64,512,1,3446.41
attention,1024,8192,64,1024,1,3964.26
attention,1024,8192,64,2048,1,5154.92
attention,1024,8192,64,4096,1,8159.34
attention,1024,8192,64,8192,1,14230.1
attention,1024,8192,64,16384,1,45725.6
attention,1024,8192,128,16,1,3245.51
attention,1024,8192,128,32,1,3248.42
attention,1024,8192,128,64,1,3367.63
attention,1024,8192,128,128,1,3494.5
attention,1024,8192,128,256,1,3748.58
attention,1024,8192,128,512,1,4319.98
attention,1024,8192,128,1024,1,5798.12
attention,1024,8192,128,2048,1,13950.9
attention,1024,8192,128,4096,1,25480.2
attention,1024,8192,128,8192,1,48728.3
attention,1024,8192,128,16384,1,99406.1
attention,1024,16384,0,0,1,5698.41
attention,1024,16384,1,16,1,5701.39
attention,1024,16384,1,32,1,5761.64
attention,1024,16384,1,64,1,5701.42
attention,1024,16384,1,128,1,5749.87
attention,1024,16384,1,256,1,5701.39
attention,1024,16384,1,512,1,5702.09
attention,1024,16384,1,1024,1,5759.08
attention,1024,16384,1,2048,1,5701.81
attention,1024,16384,1,4096,1,5702.76
attention,1024,16384,1,8192,1,5762.41
attention,1024,16384,1,16384,1,5721.51
attention,1024,16384,2,16,1,5703.72
attention,1024,16384,2,32,1,5704.49
attention,1024,16384,2,64,1,5704.14
attention,1024,16384,2,128,1,5722.16
attention,1024,16384,2,256,1,5707.79
attention,1024,16384,2,512,1,5707.63
attention,1024,16384,2,1024,1,5706.32
attention,1024,16384,2,2048,1,5703.05
attention,1024,16384,2,4096,1,5703.24
attention,1024,16384,2,8192,1,5716.27
attention,1024,16384,2,16384,1,5797.58
attention,1024,16384,4,16,1,5709.1
attention,1024,16384,4,32,1,5709.2
attention,1024,16384,4,64,1,5711.05
attention,1024,16384,4,128,1,5741.26
attention,1024,16384,4,256,1,5713.1
attention,1024,16384,4,512,1,5714.93
attention,1024,16384,4,1024,1,5713.36
attention,1024,16384,4,2048,1,5712.75
attention,1024,16384,4,4096,1,5711.31
attention,1024,16384,4,8192,1,5745.45
attention,1024,16384,4,16384,1,5770.03
attention,1024,16384,8,16,1,5786.45
attention,1024,16384,8,32,1,5725.13
attention,1024,16384,8,64,1,5736.66
attention,1024,16384,8,128,1,5729.9
attention,1024,16384,8,256,1,5734.51
attention,1024,16384,8,512,1,5732.53
attention,1024,16384,8,1024,1,5730.64
attention,1024,16384,8,2048,1,5730.03
attention,1024,16384,8,4096,1,5753.36
attention,1024,16384,8,8192,1,5799.5
attention,1024,16384,8,16384,1,7563.69
attention,1024,16384,16,16,1,5739.5
attention,1024,16384,16,32,1,5741.42
attention,1024,16384,16,64,1,5743.73
attention,1024,16384,16,128,1,5748.46
attention,1024,16384,16,256,1,5755.05
attention,1024,16384,16,512,1,5756.56
attention,1024,16384,16,1024,1,5879.73
attention,1024,16384,16,2048,1,5773.71
attention,1024,16384,16,4096,1,6205.81
attention,1024,16384,16,8192,1,6765.4
attention,1024,16384,16,16384,1,9436.34
attention,1024,16384,32,16,1,5768.46
attention,1024,16384,32,32,1,5769.97
attention,1024,16384,32,64,1,5779.98
attention,1024,16384,32,128,1,5783.95
attention,1024,16384,32,256,1,5786.89
attention,1024,16384,32,512,1,5850.8
attention,1024,16384,32,1024,1,5814.55
attention,1024,16384,32,2048,1,6224.82
attention,1024,16384,32,4096,1,7297.84
attention,1024,16384,32,8192,1,8922.9
attention,1024,16384,32,16384,1,13830.5
attention,1024,16384,64,16,1,5804.59
attention,1024,16384,64,32,1,5807.85
attention,1024,16384,64,64,1,5816.43
attention,1024,16384,64,128,1,5824.66
attention,1024,16384,64,256,1,5852.24
attention,1024,16384,64,512,1,5971.79
attention,1024,16384,64,1024,1,6397.77
attention,1024,16384,64,2048,1,7549.59
attention,1024,16384,64,4096,1,11287.8
attention,1024,16384,64,8192,1,15744.8
attention,1024,16384,64,16384,1,27887.6
attention,1024,16384,128,16,1,5878.03
attention,1024,16384,128,32,1,5883.38
attention,1024,16384,128,64,1,5910.86
attention,1024,16384,128,128,1,6009.29
attention,1024,16384,128,256,1,6228.43
attention,1024,16384,128,512,1,6708.46
attention,1024,16384,128,1024,1,7970.45
attention,1024,16384,128,2048,1,15269.5
attention,1024,16384,128,4096,1,27176.1
attention,1024,16384,128,8192,1,51176.5
attention,1024,16384,128,16384,1,99904.2
attention,2048,0,0,0,1,728.162
attention,2048,0,1,16,1,735.778
attention,2048,0,1,32,1,736.833
attention,2048,0,1,64,1,735.105
attention,2048,0,1,128,1,738.113
attention,2048,0,1,256,1,739.875
attention,2048,0,1,512,1,746.209
attention,2048,0,1,1024,1,751.49
attention,2048,0,1,2048,1,764.128
attention,2048,0,1,4096,1,989.827
attention,2048,0,1,8192,1,1449.6
attention,2048,0,1,16384,1,2363.75
attention,2048,0,2,16,1,742.401
attention,2048,0,2,32,1,742.18
attention,2048,0,2,64,1,745.283
attention,2048,0,2,128,1,746.882
attention,2048,0,2,256,1,751.778
attention,2048,0,2,512,1,759.072
attention,2048,0,2,1024,1,772.995
attention,2048,0,2,2048,1,797.473
attention,2048,0,2,4096,1,1047.75
attention,2048,0,2,8192,1,1518.4
attention,2048,0,2,16384,1,2430.15
attention,2048,0,4,16,1,755.459
attention,2048,0,4,32,1,752.866
attention,2048,0,4,64,1,759.266
attention,2048,0,4,128,1,763.523
attention,2048,0,4,256,1,769.473
attention,2048,0,4,512,1,786.85
attention,2048,0,4,1024,1,813.986
attention,2048,0,4,2048,1,865.506
attention,2048,0,4,4096,1,1158.4
attention,2048,0,4,8192,1,1690.15
attention,2048,0,4,16384,1,2604.74
attention,2048,0,8,16,1,781.315
attention,2048,0,8,32,1,783.203
attention,2048,0,8,64,1,791.139
attention,2048,0,8,128,1,800.546
attention,2048,0,8,256,1,816.097
attention,2048,0,8,512,1,846.915
attention,2048,0,8,1024,1,904.259
attention,2048,0,8,2048,1,1006.72
attention,2048,0,8,4096,1,1406.37
attention,2048,0,8,8192,1,2171.01
attention,2048,0,8,16384,1,3809.68
attention,2048,0,16,16,1,835.523
attention,2048,0,16,32,1,838.338
attention,2048,0,16,64,1,852.034
attention,2048,0,16,128,1,870.819
attention,2048,0,16,256,1,901.22
attention,2048,0,16,512,1,960.77
attention,2048,0,16,1024,1,1076.29
attention,2048,0,16,2048,1,1292.45
attention,2048,0,16,4096,1,1906.92
attention,2048,0,16,8192,1,3220.97
attention,2048,0,16,16384,1,6261.26
attention,2048,0,32,16,1,940.515
attention,2048,0,32,32,1,944.994
attention,2048,0,32,64,1,978.787
attention,2048,0,32,128,1,1012.36
attention,2048,0,32,256,1,1070.72
attention,2048,0,32,512,1,1192.32
attention,2048,0,32,1024,1,1424.8
attention,2048,0,32,2048,1,1863.11
attention,2048,0,32,4096,1,3133.96
attention,2048,0,32,8192,1,8104.34
attention,2048,0,32,16384,1,16092.5
attention,2048,0,64,16,1,1147.49
attention,2048,0,64,32,1,1150.34
attention,2048,0,64,64,1,1219.14
attention,2048,0,64,128,1,1286.4
attention,2048,0,64,256,1,1413.32
attention,2048,0,64,512,1,1680.16
attention,2048,0,64,1024,1,2173.22
attention,2048,0,64,2048,1,3536.58
attention,2048,0,64,4096,1,9019.87
attention,2048,0,64,8192,1,18149
attention,2048,0,64,16384,1,39605.5
attention,2048,0,128,16,1,1561.35
attention,2048,0,128,32,1,1566.72
attention,2048,0,128,64,1,1707.46
attention,2048,0,128,128,1,1844.36
attention,2048,0,128,256,1,2121.45
attention,2048,0,128,512,1,2714.5
attention,2048,0,128,1024,1,4537.77
attention,2048,0,128,2048,1,12924.8
attention,2048,0,128,4096,1,24362.1
attention,2048,0,128,8192,1,49308.9
attention,2048,0,128,16384,1,99903.9
attention,2048,16,0,0,1,759.235
attention,2048,16,1,16,1,768.418
attention,2048,16,1,32,1,770.307
attention,2048,16,1,64,1,769.218
attention,2048,16,1,128,1,772.291
attention,2048,16,1,256,1,772.129
attention,2048,16,1,512,1,778.881
attention,2048,16,1,1024,1,786.371
attention,2048,16,1,2048,1,798.018
attention,2048,16,1,4096,1,1015.17
attention,2048,16,1,8192,1,1477.12
attention,2048,16,1,16384,1,2390.08
attention,2048,16,2,16,1,776.258
attention,2048,16,2,32,1,775.332
attention,2048,16,2,64,1,776.194
attention,2048,16,2,128,1,780.225
attention,2048,16,2,256,1,782.337
attention,2048,16,2,512,1,791.298
attention,2048,16,2,1024,1,805.666
attention,2048,16,2,2048,1,831.938
attention,2048,16,2,4096,1,1073.48
attention,2048,16,2,8192,1,1547.75
attention,2048,16,2,16384,1,2461.13
attention,2048,16,4,16,1,784.767
attention,2048,16,4,32,1,786.722
attention,2048,16,4,64,1,791.361
attention,2048,16,4,128,1,796.803
attention,2048,16,4,256,1,801.986
attention,2048,16,4,512,1,819.905
attention,2048,16,4,1024,1,847.617
attention,2048,16,4,2048,1,900.227
attention,2048,16,4,4096,1,1187.46
attention,2048,16,4,8192,1,1726.85
attention,2048,16,4,16384,1,2641.38
attention,2048,16,8,16,1,813.954
attention,2048,16,8,32,1,816.034
attention,2048,16,8,64,1,826.656
attention,2048,16,8,128,1,832.736
attention,2048,16,8,256,1,847.972
attention,2048,16,8,512,1,879.874
attention,2048,16,8,1024,1,936.995
attention,2048,16,8,2048,1,1041.12
attention,2048,16,8,4096,1,1433.47
attention,2048,16,8,8192,1,2199.81
attention,2048,16,8,16384,1,3828.97
attention,2048,16,16,16,1,867.555
attention,2048,16,16,32,1,868.898
attention,2048,16,16,64,1,885.347
attention,2048,16,16,128,1,903.267
attention,2048,16,16,256,1,933.28
attention,2048,16,16,512,1,994.758
attention,2048,16,16,1024,1,1110.12
attention,2048,16,16,2048,1,1323.62
attention,2048,16,16,4096,1,1934.88
attention,2048,16,16,8192,1,3238.89
attention,2048,16,16,16384,1,6340.24
attention,2048,16,32,16,1,974.114
attention,2048,16,32,32,1,974.432
attention,2048,16,32,64,1,1009.57
attention,2048,16,32,128,1,1043.59
attention,2048,16,32,256,1,1104.74
attention,2048,16,32,512,1,1223.08
attention,2048,16,32,1024,1,1454.98
attention,2048,16,32,2048,1,1901.16
attention,2048,16,32,4096,1,3162.6
attention,2048,16,32,8192,1,8212.99
attention,2048,16,32,16384,1,16587.6
attention,2048,16,64,16,1,1181.06
attention,2048,16,64,32,1,1183.36
attention,2048,16,64,64,1,1251.24
attention,2048,16,64,128,1,1319.56
attention,2048,16,64,256,1,1451.62
attention,2048,16,64,512,1,1712.68
attention,2048,16,64,1024,1,2209.41
attention,2048,16,64,2048,1,3556.75
attention,2048,16,64,4096,1,9146.72
attention,2048,16,64,8192,1,18049.5
attention,2048,16,64,16384,1,40905.7
attention,2048,16,128,16,1,1593.29
attention,2048,16,128,32,1,1600.26
attention,2048,16,128,64,1,1738.24
attention,2048,16,128,128,1,1876.13
attention,2048,16,128,256,1,2152.68
attention,2048,16,128,512,1,2744.39
attention,2048,16,128,1024,1,4571.27
attention,2048,16,128,2048,1,12974.9
attention,2048,16,128,4096,1,24667.6
attention,2048,16,128,8192,1,48910.8
attention,2048,16,128,16384,1,98870.3
attention,2048,32,0,0,1,761.375
attention,2048,32,1,16,1,769.314
attention,2048,32,1,32,1,768.643
attention,2048,32,1,64,1,769.984
attention,2048,32,1,128,1,771.745
attention,2048,32,1,256,1,774.531
attention,2048,32,1,512,1,779.681
attention,2048,32,1,1024,1,785.923
attention,2048,32,1,2048,1,797.538
attention,2048,32,1,4096,1,1013.38
attention,2048,32,1,8192,1,1477.99
attention,2048,32,1,16384,1,2389.35
attention,2048,32,2,16,1,773.155
attention,2048,32,2,32,1,772.672
attention,2048,32,2,64,1,775.107
attention,2048,32,2,128,1,780.739
attention,2048,32,2,256,1,785.28
attention,2048,32,2,512,1,791.968
attention,2048,32,2,1024,1,805.73
attention,2048,32,2,2048,1,832.45
attention,2048,32,2,4096,1,1072.96
attention,2048,32,2,8192,1,1546.98
attention,2048,32,2,16384,1,2460.04
attention,2048,32,4,16,1,786.658
attention,2048,32,4,32,1,784.032
attention,2048,32,4,64,1,791.842
attention,2048,32,4,128,1,795.618
attention,2048,32,4,256,1,803.458
attention,2048,32,4,512,1,819.521
attention,2048,32,4,1024,1,849.954
attention,2048,32,4,2048,1,900.001
attention,2048,32,4,4096,1,1185.44
attention,2048,32,4,8192,1,1726.82
attention,2048,32,4,16384,1,2640.77
attention,2048,32,8,16,1,816.162
attention,2048,32,8,32,1,813.347
attention,2048,32,8,64,1,827.171
attention,2048,32,8,128,1,832.483
attention,2048,32,8,256,1,850.305
attention,2048,32,8,512,1,881.859
attention,2048,32,8,1024,1,937.858
attention,2048,32,8,2048,1,1042.24
attention,2048,32,8,4096,1,1435.24
attention,2048,32,8,8192,1,2200.84
attention,2048,32,8,16384,1,3833
attention,2048,32,16,16,1,868.292
attention,2048,32,16,32,1,867.716
attention,2048,32,16,64,1,884.259
attention,2048,32,16,128,1,901.251
attention,2048,32,16,256,1,933.57
attention,2048,32,16,512,1,992.323
attention,2048,32,16,1024,1,1109.76
attention,2048,32,16,2048,1,1324.45
attention,2048,32,16,4096,1,1935.72
attention,2048,32,16,8192,1,3243.94
attention,2048,32,16,16384,1,6334.13
attention,2048,32,32,16,1,974.082
attention,2048,32,32,32,1,976.259
attention,2048,32,32,64,1,1010.08
attention,2048,32,32,128,1,1042.05
attention,2048,32,32,256,1,1105.89
attention,2048,32,32,512,1,1225.15
attention,2048,32,32,1024,1,1458.63
attention,2048,32,32,2048,1,1899.08
attention,2048,32,32,4096,1,3164.87
attention,2048,32,32,8192,1,8198.26
attention,2048,32,32,16384,1,16523
attention,2048,32,64,16,1,1176.55
attention,2048,32,64,32,1,1182.31
attention,2048,32,64,64,1,1251.04
attention,2048,32,64,128,1,1319.23
attention,2048,32,64,256,1,1448.23
attention,2048,32,64,512,1,1710.98
attention,2048,32,64,1024,1,2208.2
attention,2048,32,64,2048,1,3556.17
attention,2048,32,64,4096,1,9151.13
attention,2048,32,64,8192,1,17757.5
attention,2048,32,64,16384,1,39345.7
attention,2048,32,128,16,1,1594.73
attention,2048,32,128,32,1,1600.84
attention,2048,32,128,64,1,1740.29
attention,2048,32,128,128,1,1874.05
attention,2048,32,128,256,1,2149.93
attention,2048,32,128,512,1,2745.8
attention,2048,32,128,1024,1,4566.96
attention,2048,32,128,2048,1,12972.2
attention,2048,32,128,4096,1,24523.9
attention,2048,32,128,8192,1,49306.2
attention,2048,32,128,16384,1,99997
attention,2048,64,0,0,1,761.219
attention,2048,64,1,16,1,768.994
attention,2048,64,1,32,1,771.555
attention,2048,64,1,64,1,770.306
attention,2048,64,1,128,1,773.569
attention,2048,64,1,256,1,775.234
attention,2048,64,1,512,1,779.714
attention,2048,64,1,1024,1,787.618
attention,2048,64,1,2048,1,798.018
attention,2048,64,1,4096,1,1014.82
attention,2048,64,1,8192,1,1476.55
attention,2048,64,1,16384,1,2393.22
attention,2048,64,2,16,1,776.194
attention,2048,64,2,32,1,776.547
attention,2048,64,2,64,1,777.986
attention,2048,64,2,128,1,780.419
attention,2048,64,2,256,1,786.272
attention,2048,64,2,512,1,790.786
attention,2048,64,2,1024,1,807.586
attention,2048,64,2,2048,1,833.506
attention,2048,64,2,4096,1,1074.56
attention,2048,64,2,8192,1,1547.84
attention,2048,64,2,16384,1,2459.59
attention,2048,64,4,16,1,786.052
attention,2048,64,4,32,1,788.258
attention,2048,64,4,64,1,790.115
attention,2048,64,4,128,1,795.042
attention,2048,64,4,256,1,804.898
attention,2048,64,4,512,1,819.875
attention,2048,64,4,1024,1,850.817
attention,2048,64,4,2048,1,899.809
attention,2048,64,4,4096,1,1185.76
attention,2048,64,4,8192,1,1729.89
attention,2048,64,4,16384,1,2645.19
attention,2048,64,8,16,1,815.235
attention,2048,64,8,32,1,816.482
attention,2048,64,8,64,1,826.496
attention,2048,64,8,128,1,832.29
attention,2048,64,8,256,1,849.314
attention,2048,64,8,512,1,882.531
attention,2048,64,8,1024,1,938.723
attention,2048,64,8,2048,1,1040.64
attention,2048,64,8,4096,1,1435.91
attention,2048,64,8,8192,1,2199.49
attention,2048,64,8,16384,1,3828.84
attention,2048,64,16,16,1,868.099
attention,2048,64,16,32,1,869.282
attention,2048,64,16,64,1,885.635
attention,2048,64,16,128,1,903.457
attention,2048,64,16,256,1,935.331
attention,2048,64,16,512,1,995.556
attention,2048,64,16,1024,1,1108.74
attention,2048,64,16,2048,1,1325.22
attention,2048,64,16,4096,1,1937.8
attention,2048,64,16,8192,1,3241.96
attention,2048,64,16,16384,1,6375.47
attention,2048,64,32,16,1,976.707
attention,2048,64,32,32,1,973.156
attention,2048,64,32,64,1,1008.19
attention,2048,64,32,128,1,1045.67
attention,2048,64,32,256,1,1104
attention,2048,64,32,512,1,1227.01
attention,2048,64,32,1024,1,1458.88
attention,2048,64,32,2048,1,1900.81
attention,2048,64,32,4096,1,3170.28
attention,2048,64,32,8192,1,8287.96
attention,2048,64,32,16384,1,16407.8
attention,2048,64,64,16,1,1178.66
attention,2048,64,64,32,1,1183.87
attention,2048,64,64,64,1,1249.63
attention,2048,64,64,128,1,1317.99
attention,2048,64,64,256,1,1448.36
attention,2048,64,64,512,1,1713.35
attention,2048,64,64,1024,1,2213.16
attention,2048,64,64,2048,1,3561
attention,2048,64,64,4096,1,9111.29
attention,2048,64,64,8192,1,17547.2
attention,2048,64,64,16384,1,40803.3
attention,2048,64,128,16,1,1592.26
attention,2048,64,128,32,1,1599.81
attention,2048,64,128,64,1,1738.6
attention,2048,64,128,128,1,1876.61
attention,2048,64,128,256,1,2151.65
attention,2048,64,128,512,1,2747.53
attention,2048,64,128,1024,1,4565.42
attention,2048,64,128,2048,1,12984.2
attention,2048,64,128,4096,1,24603.6
attention,2048,64,128,8192,1,49357.8
attention,2048,64,128,16384,1,99990
attention,2048,128,0,0,1,794.145
attention,2048,128,1,16,1,803.937
attention,2048,128,1,32,1,803.714
attention,2048,128,1,64,1,805.731
attention,2048,128,1,128,1,804.356
attention,2048,128,1,256,1,810.146
attention,2048,128,1,512,1,812.065
attention,2048,128,1,1024,1,816.961
attention,2048,128,1,2048,1,831.873
attention,2048,128,1,4096,1,1041.54
attention,2048,128,1,8192,1,1505.12
attention,2048,128,1,16384,1,2417.32
attention,2048,128,2,16,1,809.697
attention,2048,128,2,32,1,806.531
attention,2048,128,2,64,1,811.523
attention,2048,128,2,128,1,813.379
attention,2048,128,2,256,1,817.346
attention,2048,128,2,512,1,825.218
attention,2048,128,2,1024,1,840.066
attention,2048,128,2,2048,1,866.721
attention,2048,128,2,4096,1,1101.8
attention,2048,128,2,8192,1,1579.59
attention,2048,128,2,16384,1,2494.25
attention,2048,128,4,16,1,819.874
attention,2048,128,4,32,1,819.299
attention,2048,128,4,64,1,826.018
attention,2048,128,4,128,1,830.815
attention,2048,128,4,256,1,838.051
attention,2048,128,4,512,1,852.195
attention,2048,128,4,1024,1,882.786
attention,2048,128,4,2048,1,934.209
attention,2048,128,4,4096,1,1215.52
attention,2048,128,4,8192,1,1767.56
attention,2048,128,4,16384,1,2682.92
attention,2048,128,8,16,1,848.192
attention,2048,128,8,32,1,851.619
attention,2048,128,8,64,1,860.225
attention,2048,128,8,128,1,867.233
attention,2048,128,8,256,1,884.13
attention,2048,128,8,512,1,914.403
attention,2048,128,8,1024,1,972.995
attention,2048,128,8,2048,1,1075.75
attention,2048,128,8,4096,1,1466.94
attention,2048,128,8,8192,1,2229.38
attention,2048,128,8,16384,1,3854.92
attention,2048,128,16,16,1,900.93
attention,2048,128,16,32,1,901.282
attention,2048,128,16,64,1,917.635
attention,2048,128,16,128,1,937.537
attention,2048,128,16,256,1,966.083
attention,2048,128,16,512,1,1027.14
attention,2048,128,16,1024,1,1143.94
attention,2048,128,16,2048,1,1360.9
attention,2048,128,16,4096,1,1963.59
attention,2048,128,16,8192,1,3248.87
attention,2048,128,16,16384,1,6494.06
attention,2048,128,32,16,1,1007.11
attention,2048,128,32,32,1,1009.57
attention,2048,128,32,64,1,1043.04
attention,2048,128,32,128,1,1076.55
attention,2048,128,32,256,1,1138.47
attention,2048,128,32,512,1,1259.17
attention,2048,128,32,1024,1,1494.63
attention,2048,128,32,2048,1,1937.22
attention,2048,128,32,4096,1,3207.15
attention,2048,128,32,8192,1,8378.39
attention,2048,128,32,16384,1,17039.9
attention,2048,128,64,16,1,1215.72
attention,2048,128,64,32,1,1216.9
attention,2048,128,64,64,1,1286.43
attention,2048,128,64,128,1,1357.54
attention,2048,128,64,256,1,1483.17
attention,2048,128,64,512,1,1746.41
attention,2048,128,64,1024,1,2247.05
attention,2048,128,64,2048,1,3607.72
attention,2048,128,64,4096,1,9302.72
attention,2048,128,64,8192,1,17832.1
attention,2048,128,64,16384,1,41636.1
attention,2048,128,128,16,1,1628.2
attention,2048,128,128,32,1,1633.35
attention,2048,128,128,64,1,1774.47
attention,2048,128,128,128,1,1909.45
attention,2048,128,128,256,1,2187.62
attention,2048,128,128,512,1,2777.48
attention,2048,128,128,1024,1,4607.05
attention,2048,128,128,2048,1,12995
attention,2048,128,128,4096,1,24886.9
attention,2048,128,128,8192,1,49642.3
attention,2048,128,128,16384,1,99946.2
attention,2048,256,0,0,1,862.436
attention,2048,256,1,16,1,872.452
attention,2048,256,1,32,1,872.836
attention,2048,256,1,64,1,872.161
attention,2048,256,1,128,1,875.459
attention,2048,256,1,256,1,876.864
attention,2048,256,1,512,1,879.267
attention,2048,256,1,1024,1,886.37
attention,2048,256,1,2048,1,899.17
attention,2048,256,1,4096,1,1092.29
attention,2048,256,1,8192,1,1560.9
attention,2048,256,1,16384,1,2474.92
attention,2048,256,2,16,1,877.571
attention,2048,256,2,32,1,876.642
attention,2048,256,2,64,1,876.867
attention,2048,256,2,128,1,883.489
attention,2048,256,2,256,1,885.953
attention,2048,256,2,512,1,890.147
attention,2048,256,2,1024,1,908.29
attention,2048,256,2,2048,1,934.401
attention,2048,256,2,4096,1,1155.91
attention,2048,256,2,8192,1,1639.59
attention,2048,256,2,16384,1,2552.39
attention,2048,256,4,16,1,888.003
attention,2048,256,4,32,1,889.474
attention,2048,256,4,64,1,892.899
attention,2048,256,4,128,1,896.739
attention,2048,256,4,256,1,904.514
attention,2048,256,4,512,1,917.826
attention,2048,256,4,1024,1,949.507
attention,2048,256,4,2048,1,1001.35
attention,2048,256,4,4096,1,1266.72
attention,2048,256,4,8192,1,1847.91
attention,2048,256,4,16384,1,2758.92
attention,2048,256,8,16,1,915.905
attention,2048,256,8,32,1,915.649
attention,2048,256,8,64,1,926.914
attention,2048,256,8,128,1,935.203
attention,2048,256,8,256,1,950.083
attention,2048,256,8,512,1,979.267
attention,2048,256,8,1024,1,1040.32
attention,2048,256,8,2048,1,1143.65
attention,2048,256,8,4096,1,1511.91
attention,2048,256,8,8192,1,2281.29
attention,2048,256,8,16384,1,3910.44
attention,2048,256,16,16,1,965.57
attention,2048,256,16,32,1,968.578
attention,2048,256,16,64,1,984.098
attention,2048,256,16,128,1,1003.2
attention,2048,256,16,256,1,1032.83
attention,2048,256,16,512,1,1094.31
attention,2048,256,16,1024,1,1209.6
attention,2048,256,16,2048,1,1432.48
attention,2048,256,16,4096,1,2013.99
attention,2048,256,16,8192,1,3292.46
attention,2048,256,16,16384,1,6805.42
attention,2048,256,32,16,1,1072.93
attention,2048,256,32,32,1,1077.57
attention,2048,256,32,64,1,1108.23
attention,2048,256,32,128,1,1144.9
attention,2048,256,32,256,1,1206.18
attention,2048,256,32,512,1,1327.2
attention,2048,256,32,1024,1,1561.51
attention,2048,256,32,2048,1,2002.34
attention,2048,256,32,4096,1,3302.63
attention,2048,256,32,8192,1,8702.81
attention,2048,256,32,16384,1,18682.6
attention,2048,256,64,16,1,1280.07
attention,2048,256,64,32,1,1283.14
attention,2048,256,64,64,1,1350.98
attention,2048,256,64,128,1,1420.93
attention,2048,256,64,256,1,1550.76
attention,2048,256,64,512,1,1814.73
attention,2048,256,64,1024,1,2313.86
attention,2048,256,64,2048,1,3556.68
attention,2048,256,64,4096,1,9623.1
attention,2048,256,64,8192,1,18431.3
attention,2048,256,64,16384,1,39545.2
attention,2048,256,128,16,1,1695.01
attention,2048,256,128,32,1,1703.01
attention,2048,256,128,64,1,1842.37
attention,2048,256,128,128,1,1980.71
attention,2048,256,128,256,1,2293.8
attention,2048,256,128,512,1,2844.65
attention,2048,256,128,1024,1,4662.48
attention,2048,256,128,2048,1,13090.9
attention,2048,256,128,4096,1,25197.9
attention,2048,256,128,8192,1,49951.8
attention,2048,256,128,16384,1,100151
attention,2048,512,0,0,1,1011.36
attention,2048,512,1,16,1,1002.69
attention,2048,512,1,32,1,1006.95
attention,2048,512,1,64,1,1005.89
attention,2048,512,1,128,1,1005.38
attention,2048,512,1,256,1,1006.95
attention,2048,512,1,512,1,1011.49
attention,2048,512,1,1024,1,1017.28
attention,2048,512,1,2048,1,1052.48
attention,2048,512,1,4096,1,1194.02
attention,2048,512,1,8192,1,1669.09
attention,2048,512,1,16384,1,2582.6
attention,2048,512,2,16,1,1009.35
attention,2048,512,2,32,1,1009.83
attention,2048,512,2,64,1,1011.04
attention,2048,512,2,128,1,1012.13
attention,2048,512,2,256,1,1016.19
attention,2048,512,2,512,1,1024.48
attention,2048,512,2,1024,1,1039.17
attention,2048,512,2,2048,1,1070.08
attention,2048,512,2,4096,1,1258.15
attention,2048,512,2,8192,1,1758.24
attention,2048,512,2,16384,1,2670.15
attention,2048,512,4,16,1,1021.06
attention,2048,512,4,32,1,1017.41
attention,2048,512,4,64,1,1025.51
attention,2048,512,4,128,1,1031.04
attention,2048,512,4,256,1,1035.52
attention,2048,512,4,512,1,1054.3
attention,2048,512,4,1024,1,1090.24
attention,2048,512,4,2048,1,1134.66
attention,2048,512,4,4096,1,1392.19
attention,2048,512,4,8192,1,1953.63
attention,2048,512,4,16384,1,2912.9
attention,2048,512,8,16,1,1046.4
attention,2048,512,8,32,1,1049.54
attention,2048,512,8,64,1,1065.73
attention,2048,512,8,128,1,1065.7
attention,2048,512,8,256,1,1081.73
attention,2048,512,8,512,1,1111.75
attention,2048,512,8,1024,1,1172.23
attention,2048,512,8,2048,1,1285.73
attention,2048,512,8,4096,1,1624.84
attention,2048,512,8,8192,1,2394.5
attention,2048,512,8,16384,1,3992.74
attention,2048,512,16,16,1,1100.39
attention,2048,512,16,32,1,1099.46
attention,2048,512,16,64,1,1136.58
attention,2048,512,16,128,1,1132.39
attention,2048,512,16,256,1,1166.24
attention,2048,512,16,512,1,1228.13
attention,2048,512,16,1024,1,1349.51
attention,2048,512,16,2048,1,1567.01
attention,2048,512,16,4096,1,2131.75
attention,2048,512,16,8192,1,3372.04
attention,2048,512,16,16384,1,7455.09
attention,2048,512,32,16,1,1203.94
attention,2048,512,32,32,1,1216.29
attention,2048,512,32,64,1,1239.43
attention,2048,512,32,128,1,1272.64
attention,2048,512,32,256,1,1336.29
attention,2048,512,32,512,1,1459.43
attention,2048,512,32,1024,1,1695.59
attention,2048,512,32,2048,1,2141.54
attention,2048,512,32,4096,1,3446.82
attention,2048,512,32,8192,1,9202.46
attention,2048,512,32,16384,1,19112.1
attention,2048,512,64,16,1,1412.87
attention,2048,512,64,32,1,1414.92
attention,2048,512,64,64,1,1485.64
attention,2048,512,64,128,1,1554.82
attention,2048,512,64,256,1,1681.95
attention,2048,512,64,512,1,1945.25
attention,2048,512,64,1024,1,2449.45
attention,2048,512,64,2048,1,3563.46
attention,2048,512,64,4096,1,10714.1
attention,2048,512,64,8192,1,20568
attention,2048,512,64,16384,1,43269.5
attention,2048,512,128,16,1,1830.92
attention,2048,512,128,32,1,1836.55
attention,2048,512,128,64,1,1973.99
attention,2048,512,128,128,1,2114.53
attention,2048,512,128,256,1,2385.16
attention,2048,512,128,512,1,2973.93
attention,2048,512,128,1024,1,4702.02
attention,2048,512,128,2048,1,13235.7
attention,2048,512,128,4096,1,25819.2
attention,2048,512,128,8192,1,50732.7
attention,2048,512,128,16384,1,100717
attention,2048,1024,0,0,1,1256.8
attention,2048,1024,1,16,1,1268.2
attention,2048,1024,1,32,1,1268.29
attention,2048,1024,1,64,1,1269.89
attention,2048,1024,1,128,1,1269.28
attention,2048,1024,1,256,1,1271.2
attention,2048,1024,1,512,1,1276.93
attention,2048,1024,1,1024,1,1282.5
attention,2048,1024,1,2048,1,1308.16
attention,2048,1024,1,4096,1,1399.27
attention,2048,1024,1,8192,1,1887.21
attention,2048,1024,1,16384,1,2800.52
attention,2048,1024,2,16,1,1283.72
attention,2048,1024,2,32,1,1273.44
attention,2048,1024,2,64,1,1273.77
attention,2048,1024,2,128,1,1275.75
attention,2048,1024,2,256,1,1282.66
attention,2048,1024,2,512,1,1287.91
attention,2048,1024,2,1024,1,1304.23
attention,2048,1024,2,2048,1,1333.28
attention,2048,1024,2,4096,1,1467.14
attention,2048,1024,2,8192,1,1980.68
attention,2048,1024,2,16384,1,2914.25
attention,2048,1024,4,16,1,1283.23
attention,2048,1024,4,32,1,1282.47
attention,2048,1024,4,64,1,1285.41
attention,2048,1024,4,128,1,1291.62
attention,2048,1024,4,256,1,1313.54
attention,2048,1024,4,512,1,1315.14
attention,2048,1024,4,1024,1,1348.84
attention,2048,1024,4,2048,1,1406.05
attention,2048,1024,4,4096,1,1586.6
attention,2048,1024,4,8192,1,2190.31
attention,2048,1024,4,16384,1,3218.98
attention,2048,1024,8,16,1,1309.51
attention,2048,1024,8,32,1,1309.99
attention,2048,1024,8,64,1,1318.66
attention,2048,1024,8,128,1,1328.32
attention,2048,1024,8,256,1,1346.37
attention,2048,1024,8,512,1,1374.37
attention,2048,1024,8,1024,1,1439.62
attention,2048,1024,8,2048,1,1548.23
attention,2048,1024,8,4096,1,1842.02
attention,2048,1024,8,8192,1,2636.36
attention,2048,1024,8,16384,1,4201.8
attention,2048,1024,16,16,1,1358.59
attention,2048,1024,16,32,1,1361.44
attention,2048,1024,16,64,1,1378.47
attention,2048,1024,16,128,1,1407.56
attention,2048,1024,16,256,1,1428.26
attention,2048,1024,16,512,1,1492.39
attention,2048,1024,16,1024,1,1612.29
attention,2048,1024,16,2048,1,1843.17
attention,2048,1024,16,4096,1,2348.65
attention,2048,1024,16,8192,1,3676.81
attention,2048,1024,16,16384,1,8505.14
attention,2048,1024,32,16,1,1463.46
attention,2048,1024,32,32,1,1465.44
attention,2048,1024,32,64,1,1502.34
attention,2048,1024,32,128,1,1536.52
attention,2048,1024,32,256,1,1598.5
attention,2048,1024,32,512,1,1722.57
attention,2048,1024,32,1024,1,1965.76
attention,2048,1024,32,2048,1,2435.46
attention,2048,1024,32,4096,1,3496.49
attention,2048,1024,32,8192,1,10147.9
attention,2048,1024,32,16384,1,19432.4
attention,2048,1024,64,16,1,1676.9
attention,2048,1024,64,32,1,1677.7
attention,2048,1024,64,64,1,1753.09
attention,2048,1024,64,128,1,1819.05
attention,2048,1024,64,256,1,1948.77
attention,2048,1024,64,512,1,2208.87
attention,2048,1024,64,1024,1,2716.23
attention,2048,1024,64,2048,1,3765.55
attention,2048,1024,64,4096,1,12384
attention,2048,1024,64,8192,1,23485.6
attention,2048,1024,64,16384,1,46568.4
attention,2048,1024,128,16,1,2095.56
attention,2048,1024,128,32,1,2102.95
attention,2048,1024,128,64,1,2245.32
attention,2048,1024,128,128,1,2386.21
attention,2048,1024,128,256,1,2649.38
attention,2048,1024,128,512,1,3235.3
attention,2048,1024,128,1024,1,4928.43
attention,2048,1024,128,2048,1,13134.8
attention,2048,1024,128,4096,1,25903.1
attention,2048,1024,128,8192,1,50899
attention,2048,1024,128,16384,1,100710
attention,2048,2048,0,0,1,1786.24
attention,2048,2048,1,16,1,1793.8
attention,2048,2048,1,32,1,1793
attention,2048,2048,1,64,1,1793.89
attention,2048,2048,1,128,1,1795.62
attention,2048,2048,1,256,1,1800.68
attention,2048,2048,1,512,1,1803.17
attention,2048,2048,1,1024,1,1811.04
attention,2048,2048,1,2048,1,1829.22
attention,2048,2048,1,4096,1,1860.96
attention,2048,2048,1,8192,1,2292.64
attention,2048,2048,1,16384,1,3240.81
attention,2048,2048,2,16,1,1800.07
attention,2048,2048,2,32,1,1800.07
attention,2048,2048,2,64,1,1800.23
attention,2048,2048,2,128,1,1804.49
attention,2048,2048,2,256,1,1805.99
attention,2048,2048,2,512,1,1816.29
attention,2048,2048,2,1024,1,1833.16
attention,2048,2048,2,2048,1,1865
attention,2048,2048,2,4096,1,1919.68
attention,2048,2048,2,8192,1,2403.4
attention,2048,2048,2,16384,1,3390.47
attention,2048,2048,4,16,1,1808.58
attention,2048,2048,4,32,1,1806.53
attention,2048,2048,4,64,1,1813.19
attention,2048,2048,4,128,1,1816.64
attention,2048,2048,4,256,1,1823.81
attention,2048,2048,4,512,1,1842.89
attention,2048,2048,4,1024,1,1875.4
attention,2048,2048,4,2048,1,1932.81
attention,2048,2048,4,4096,1,2042.02
attention,2048,2048,4,8192,1,2626.05
attention,2048,2048,4,16384,1,3758.06
attention,2048,2048,8,16,1,1836.29
attention,2048,2048,8,32,1,1836.13
attention,2048,2048,8,64,1,1837.16
attention,2048,2048,8,128,1,1849.06
attention,2048,2048,8,256,1,1868.45
attention,2048,2048,8,512,1,1905.57
attention,2048,2048,8,1024,1,1969.35
attention,2048,2048,8,2048,1,2080.32
attention,2048,2048,8,4096,1,2301.7
attention,2048,2048,8,8192,1,3086.12
attention,2048,2048,8,16384,1,4605.03
attention,2048,2048,16,16,1,1884.16
attention,2048,2048,16,32,1,1882.21
attention,2048,2048,16,64,1,1897.48
attention,2048,2048,16,128,1,1919.88
attention,2048,2048,16,256,1,1951.43
attention,2048,2048,16,512,1,2019.59
attention,2048,2048,16,1024,1,2140.45
attention,2048,2048,16,2048,1,2382.18
attention,2048,2048,16,4096,1,2811.3
attention,2048,2048,16,8192,1,4126.57
attention,2048,2048,16,16384,1,9679.38
attention,2048,2048,32,16,1,1984.68
attention,2048,2048,32,32,1,1986.6
attention,2048,2048,32,64,1,2024.52
attention,2048,2048,32,128,1,2058.98
attention,2048,2048,32,256,1,2121.19
attention,2048,2048,32,512,1,2248.13
attention,2048,2048,32,1024,1,2495.01
attention,2048,2048,32,2048,1,2962.76
attention,2048,2048,32,4096,1,3850.18
attention,2048,2048,32,8192,1,11026.9
attention,2048,2048,32,16384,1,21761.6
attention,2048,2048,64,16,1,2198.4
attention,2048,2048,64,32,1,2201.74
attention,2048,2048,64,64,1,2275.05
attention,2048,2048,64,128,1,2344.71
attention,2048,2048,64,256,1,2469.03
attention,2048,2048,64,512,1,2729.64
attention,2048,2048,64,1024,1,3249.45
attention,2048,2048,64,2048,1,4384.46
attention,2048,2048,64,4096,1,12588
attention,2048,2048,64,8192,1,24607.2
attention,2048,2048,64,16384,1,49045.4
attention,2048,2048,128,16,1,2627.24
attention,2048,2048,128,32,1,2630.02
attention,2048,2048,128,64,1,2777.16
attention,2048,2048,128,128,1,2915.02
attention,2048,2048,128,256,1,3177.1
attention,2048,2048,128,512,1,3745.19
attention,2048,2048,128,1024,1,5304.97
attention,2048,2048,128,2048,1,12811.6
attention,2048,2048,128,4096,1,25898.8
attention,2048,2048,128,8192,1,50933.6
attention,2048,2048,128,16384,1,100832
attention,2048,4096,0,0,1,2902.85
attention,2048,4096,1,16,1,2916.87
attention,2048,4096,1,32,1,2916.42
attention,2048,4096,1,64,1,2914.18
attention,2048,4096,1,128,1,2918.63
attention,2048,4096,1,256,1,2919.27
attention,2048,4096,1,512,1,2918.92
attention,2048,4096,1,1024,1,2923.3
attention,2048,4096,1,2048,1,2931.11
attention,2048,4096,1,4096,1,2966.47
attention,2048,4096,1,8192,1,3132.84
attention,2048,4096,1,16384,1,4136.3
attention,2048,4096,2,16,1,2922.38
attention,2048,4096,2,32,1,2925.61
attention,2048,4096,2,64,1,2923.75
attention,2048,4096,2,128,1,2927.05
attention,2048,4096,2,256,1,2930.82
attention,2048,4096,2,512,1,2932.71
attention,2048,4096,2,1024,1,2936.2
attention,2048,4096,2,2048,1,2948.81
attention,2048,4096,2,4096,1,3004.75
attention,2048,4096,2,8192,1,3249.67
attention,2048,4096,2,16384,1,4272.11
attention,2048,4096,4,16,1,2939.91
attention,2048,4096,4,32,1,2942.38
attention,2048,4096,4,64,1,2944.27
attention,2048,4096,4,128,1,2944.55
attention,2048,4096,4,256,1,2950.89
attention,2048,4096,4,512,1,2957.19
attention,2048,4096,4,1024,1,2965.54
attention,2048,4096,4,2048,1,3009.48
attention,2048,4096,4,4096,1,3079.34
attention,2048,4096,4,8192,1,3429.35
attention,2048,4096,4,16384,1,4749.68
attention,2048,4096,8,16,1,2971.69
attention,2048,4096,8,32,1,2973.96
attention,2048,4096,8,64,1,2979.11
attention,2048,4096,8,128,1,2982.44
attention,2048,4096,8,256,1,2993.8
attention,2048,4096,8,512,1,3003.59
attention,2048,4096,8,1024,1,3052.65
attention,2048,4096,8,2048,1,3141.74
attention,2048,4096,8,4096,1,3404.68
attention,2048,4096,8,8192,1,3919.02
attention,2048,4096,8,16384,1,5551.95
attention,2048,4096,16,16,1,3023.18
attention,2048,4096,16,32,1,3024.2
attention,2048,4096,16,64,1,3034.63
attention,2048,4096,16,128,1,3043.81
attention,2048,4096,16,256,1,3063.02
attention,2048,4096,16,512,1,3087.59
attention,2048,4096,16,1024,1,3204.97
attention,2048,4096,16,2048,1,3440.59
attention,2048,4096,16,4096,1,3921.96
attention,2048,4096,16,8192,1,4954.64
attention,2048,4096,16,16384,1,9388.85
attention,2048,4096,32,16,1,3105.77
attention,2048,4096,32,32,1,3110.85
attention,2048,4096,32,64,1,3123.95
attention,2048,4096,32,128,1,3138.82
attention,2048,4096,32,256,1,3181.48
attention,2048,4096,32,512,1,3302.99
attention,2048,4096,32,1024,1,3551.5
attention,2048,4096,32,2048,1,4034.54
attention,2048,4096,32,4096,1,4997.65
attention,2048,4096,32,8192,1,8569.69
attention,2048,4096,32,16384,1,22422.3
attention,2048,4096,64,16,1,3242.6
attention,2048,4096,64,32,1,3242.99
attention,2048,4096,64,64,1,3318.73
attention,2048,4096,64,128,1,3389.93
attention,2048,4096,64,256,1,3517.74
attention,2048,4096,64,512,1,3772.14
attention,2048,4096,64,1024,1,4321.26
attention,2048,4096,64,2048,1,5443.76
attention,2048,4096,64,4096,1,7797.59
attention,2048,4096,64,8192,1,23193.9
attention,2048,4096,64,16384,1,49198.7
attention,2048,4096,128,16,1,3673.07
attention,2048,4096,128,32,1,3679.5
attention,2048,4096,128,64,1,3822.12
attention,2048,4096,128,128,1,3960.84
attention,2048,4096,128,256,1,4224.36
attention,2048,4096,128,512,1,4774.22
attention,2048,4096,128,1024,1,6045.59
attention,2048,4096,128,2048,1,13827.2
attention,2048,4096,128,4096,1,25394.1
attention,2048,4096,128,8192,1,51012.8
attention,2048,4096,128,16384,1,100903
attention,2048,8192,0,0,1,5188.4
attention,2048,8192,1,16,1,5199.89
attention,2048,8192,1,32,1,5203.15
attention,2048,8192,1,64,1,5205.93
attention,2048,8192,1,128,1,5204.5
attention,2048,8192,1,256,1,5203.63
attention,2048,8192,1,512,1,5203.24
attention,2048,8192,1,1024,1,5206
attention,2048,8192,1,2048,1,5209.55
attention,2048,8192,1,4096,1,5208.85
attention,2048,8192,1,8192,1,5251.53
attention,2048,8192,1,16384,1,5877.23
attention,2048,8192,2,16,1,5207.12
attention,2048,8192,2,32,1,5210.32
attention,2048,8192,2,64,1,5210.86
attention,2048,8192,2,128,1,5214.48
attention,2048,8192,2,256,1,5215.22
attention,2048,8192,2,512,1,5216.97
attention,2048,8192,2,1024,1,5221.61
attention,2048,8192,2,2048,1,5224.05
attention,2048,8192,2,4096,1,5236.69
attention,2048,8192,2,8192,1,5300.62
attention,2048,8192,2,16384,1,5992.08
attention,2048,8192,4,16,1,5225.26
attention,2048,8192,4,32,1,5224.17
attention,2048,8192,4,64,1,5229.36
attention,2048,8192,4,128,1,5231.76
attention,2048,8192,4,256,1,5236.21
attention,2048,8192,4,512,1,5242.41
attention,2048,8192,4,1024,1,5256.56
attention,2048,8192,4,2048,1,5251.38
attention,2048,8192,4,4096,1,5299.12
attention,2048,8192,4,8192,1,5365.74
attention,2048,8192,4,16384,1,6185.55
attention,2048,8192,8,16,1,5259.09
attention,2048,8192,8,32,1,5261.36
attention,2048,8192,8,64,1,5265.42
attention,2048,8192,8,128,1,5269.33
attention,2048,8192,8,256,1,5281.42
attention,2048,8192,8,512,1,5292.72
attention,2048,8192,8,1024,1,5304.14
attention,2048,8192,8,2048,1,5325.23
attention,2048,8192,8,4096,1,5428.72
attention,2048,8192,8,8192,1,6145.97
attention,2048,8192,8,16384,1,7138.42
attention,2048,8192,16,16,1,5310.42
attention,2048,8192,16,32,1,5305.68
attention,2048,8192,16,64,1,5323.41
attention,2048,8192,16,128,1,5331.82
attention,2048,8192,16,256,1,5349.61
attention,2048,8192,16,512,1,5368.34
attention,2048,8192,16,1024,1,5388.66
attention,2048,8192,16,2048,1,5565.26
attention,2048,8192,16,4096,1,5972.95
attention,2048,8192,16,8192,1,7141.94
attention,2048,8192,16,16384,1,9141.63
attention,2048,8192,32,16,1,5394.93
attention,2048,8192,32,32,1,5395.25
attention,2048,8192,32,64,1,5412.46
attention,2048,8192,32,128,1,5427.66
attention,2048,8192,32,256,1,5450.39
attention,2048,8192,32,512,1,5494
attention,2048,8192,32,1024,1,5680.95
attention,2048,8192,32,2048,1,6137.65
attention,2048,8192,32,4096,1,7158.87
attention,2048,8192,32,8192,1,9168.86
attention,2048,8192,32,16384,1,17136
attention,2048,8192,64,16,1,5517.23
attention,2048,8192,64,32,1,5518.9
attention,2048,8192,64,64,1,5542.32
attention,2048,8192,64,128,1,5582.99
attention,2048,8192,64,256,1,5633.97
attention,2048,8192,64,512,1,5888.53
attention,2048,8192,64,1024,1,6373.61
attention,2048,8192,64,2048,1,7561.49
attention,2048,8192,64,4096,1,10720
attention,2048,8192,64,8192,1,14718.1
attention,2048,8192,64,16384,1,49477.7
attention,2048,8192,128,16,1,5758.51
attention,2048,8192,128,32,1,5770.93
attention,2048,8192,128,64,1,5920.08
attention,2048,8192,128,128,1,6057.87
attention,2048,8192,128,256,1,6312.72
attention,2048,8192,128,512,1,6843.24
attention,2048,8192,128,1024,1,8018.74
attention,2048,8192,128,2048,1,14591.9
attention,2048,8192,128,4096,1,26967.4
attention,2048,8192,128,8192,1,51102.3
attention,2048,8192,128,16384,1,101092
attention,2048,16384,0,0,1,9765.2
attention,2048,16384,1,16,1,9775.09
attention,2048,16384,1,32,1,9778.3
attention,2048,16384,1,64,1,9772.02
attention,2048,16384,1,128,1,9773.56
attention,2048,16384,1,256,1,9777.11
attention,2048,16384,1,512,1,9781.01
attention,2048,16384,1,1024,1,9777.24
attention,2048,16384,1,2048,1,9780.15
attention,2048,16384,1,4096,1,9784.34
attention,2048,16384,1,8192,1,9778.52
attention,2048,16384,1,16384,1,9824.44
attention,2048,16384,2,16,1,9781.66
attention,2048,16384,2,32,1,9784.34
attention,2048,16384,2,64,1,9784.63
attention,2048,16384,2,128,1,9785.49
attention,2048,16384,2,256,1,9782.84
attention,2048,16384,2,512,1,9794.9
attention,2048,16384,2,1024,1,9793.98
attention,2048,16384,2,2048,1,9795.64
attention,2048,16384,2,4096,1,9796.73
attention,2048,16384,2,8192,1,9812.38
attention,2048,16384,2,16384,1,9867.07
attention,2048,16384,4,16,1,9797.72
attention,2048,16384,4,32,1,9798.62
attention,2048,16384,4,64,1,9798.68
attention,2048,16384,4,128,1,9802.42
attention,2048,16384,4,256,1,9810.33
attention,2048,16384,4,512,1,9812.7
attention,2048,16384,4,1024,1,9825.24
attention,2048,16384,4,2048,1,9826.81
attention,2048,16384,4,4096,1,9823.8
attention,2048,16384,4,8192,1,9873.17
attention,2048,16384,4,16384,1,9936.73
attention,2048,16384,8,16,1,9830.94
attention,2048,16384,8,32,1,9833.4
attention,2048,16384,8,64,1,9837.05
attention,2048,16384,8,128,1,9836.35
attention,2048,16384,8,256,1,9851.35
attention,2048,16384,8,512,1,9864.83
attention,2048,16384,8,1024,1,9872.83
attention,2048,16384,8,2048,1,9873.85
attention,2048,16384,8,4096,1,9890.3
attention,2048,16384,8,8192,1,10001.9
attention,2048,16384,8,16384,1,11653.5
attention,2048,16384,16,16,1,9879.29
attention,2048,16384,16,32,1,9882.68
attention,2048,16384,16,64,1,9890.59
attention,2048,16384,16,128,1,9904.28
attention,2048,16384,16,256,1,9917.98
attention,2048,16384,16,512,1,9936.89
attention,2048,16384,16,1024,1,9961.5
attention,2048,16384,16,2048,1,9981.72
attention,2048,16384,16,4096,1,10282.9
attention,2048,16384,16,8192,1,11002.9
attention,2048,16384,16,16384,1,13566
attention,2048,16384,32,16,1,9962.49
attention,2048,16384,32,32,1,9966.52
attention,2048,16384,32,64,1,9989.72
attention,2048,16384,32,128,1,9996.76
attention,2048,16384,32,256,1,10028.4
attention,2048,16384,32,512,1,10067.4
attention,2048,16384,32,1024,1,10131.6
attention,2048,16384,32,2048,1,10384.2
attention,2048,16384,32,4096,1,11403.8
attention,2048,16384,32,8192,1,13371.6
attention,2048,16384,32,16384,1,17416.8
attention,2048,16384,64,16,1,10094
attention,2048,16384,64,32,1,10094.1
attention,2048,16384,64,64,1,10118.7
attention,2048,16384,64,128,1,10149.9
attention,2048,16384,64,256,1,10209.8
attention,2048,16384,64,512,1,10328.7
attention,2048,16384,64,1024,1,10607
attention,2048,16384,64,2048,1,11656.7
attention,2048,16384,64,4096,1,15575.4
attention,2048,16384,64,8192,1,20819.9
attention,2048,16384,64,16384,1,29028
attention,2048,16384,128,16,1,10330.3
attention,2048,16384,128,32,1,10335.4
attention,2048,16384,128,64,1,10408.9
attention,2048,16384,128,128,1,10484.1
attention,2048,16384,128,256,1,10624.1
attention,2048,16384,128,512,1,11045.8
attention,2048,16384,128,1024,1,12172.9
attention,2048,16384,128,2048,1,16427.7
attention,2048,16384,128,4096,1,28296.3
attention,2048,16384,128,8192,1,53417
attention,2048,16384,128,16384,1,101846
