prefill_chunk,kv_prefill,n_decode,kv_decode,time_us
0,0,1,16,9.31067
0,0,1,32,9.34367
0,0,1,64,9.42867
0,0,1,128,12.98
0,0,1,256,13.097
0,0,1,512,13.5243
0,0,1,1024,14.1853
0,0,1,2048,20.1687
0,0,1,4096,24.3187
0,0,1,8192,37.7687
0,0,1,16384,56.616
0,0,2,16,13.589
0,0,2,32,13.7583
0,0,2,64,13.8443
0,0,2,128,16.2433
0,0,2,256,16.884
0,0,2,512,18.5597
0,0,2,1024,24.9587
0,0,2,2048,36.8203
0,0,2,4096,53.9903
0,0,2,8192,89.413
0,0,2,16384,162.391
0,0,4,16,13.535
0,0,4,32,13.6953
0,0,4,64,14.079
0,0,4,128,16.8097
0,0,4,256,18.1857
0,0,4,512,24.0203
0,0,4,1024,36.105
0,0,4,2048,54.8873
0,0,4,4096,93.2117
0,0,4,8192,161.122
0,0,4,16384,305.074
0,0,8,16,14.026
0,0,8,32,14.4197
0,0,8,64,15.0493
0,0,8,128,18.3993
0,0,8,256,24.2867
0,0,8,512,35.54
0,0,8,1024,55.5817
0,0,8,2048,92.257
0,0,8,4096,164.678
0,0,8,8192,309.611
0,0,8,16384,588.825
0,0,16,16,14.3777
0,0,16,32,15.1357
0,0,16,64,16.48
0,0,16,128,25.172
0,0,16,256,36.5953
0,0,16,512,61.6397
0,0,16,1024,99.2593
0,0,16,2048,171.838
0,0,16,4096,315.456
0,0,16,8192,595.665
0,0,16,16384,1156.96
0,0,32,16,20.629
0,0,32,32,22.165
0,0,32,64,25.3217
0,0,32,128,40.5953
0,0,32,256,65.021
0,0,32,512,107.068
0,0,32,1024,181.391
0,0,32,2048,325.006
0,0,32,4096,607.175
0,0,32,8192,1172.8
0,0,32,16384,2294.07
0,0,64,16,32.2237
0,0,64,32,34.4747
0,0,64,64,39.3493
0,0,64,128,67.3387
0,0,64,256,113.578
0,0,64,512,191.925
0,0,64,1024,333.295
0,0,64,2048,620.241
0,0,64,4096,1184.96
0,0,64,8192,2311.1
0,0,64,16384,4553.32
0,0,128,16,53.7377
0,0,128,32,55.754
0,0,128,64,59.957
0,0,128,128,101.076
0,0,128,256,177.504
0,0,128,512,323.014
0,0,128,1024,606.193
0,0,128,2048,1179.97
0,0,128,4096,2302.31
0,0,128,8192,4575.41
0,0,128,16384,9052.46
0,0,256,16,97.866
0,0,256,32,100.117
0,0,256,64,104.374
0,0,256,128,185.993
0,0,256,256,328.874
0,0,256,512,618.713
0,0,256,1024,1182.93
0,0,256,2048,2312.57
0,0,256,4096,4554.5
0,0,256,8192,9055.93
0,0,256,16384,18003.5
16,0,0,0,9.546
16,0,1,16,9.696
16,0,1,32,9.66367
16,0,1,64,9.66333
16,0,1,128,12.768
16,0,1,256,16.6813
16,0,1,512,24.4897
16,0,1,1024,40.3813
16,0,1,2048,72.4117
16,0,1,4096,136.687
16,0,1,8192,264.791
16,0,1,16384,520.064
16,0,2,16,9.68533
16,0,2,32,9.69533
16,0,2,64,9.706
16,0,2,128,12.895
16,0,2,256,16.8427
16,0,2,512,24.8853
16,0,2,1024,40.8407
16,0,2,2048,72.8817
16,0,2,4096,137.432
16,0,2,8192,265.354
16,0,2,16384,521.245
16,0,4,16,15.0177
16,0,4,32,14.9647
16,0,4,64,15.1253
16,0,4,128,21.5137
16,0,4,256,29.3843
16,0,4,512,41.757
16,0,4,1024,57.8537
16,0,4,2048,89.1043
16,0,4,4096,151.492
16,0,4,8192,275.731
16,0,4,16384,526.168
16,0,8,16,20.2333
16,0,8,32,20.3087
16,0,8,64,20.607
16,0,8,128,30.8357
16,0,8,256,42.3557
16,0,8,512,58.205
16,0,8,1024,89.4887
16,0,8,2048,152.079
16,0,8,4096,278.611
16,0,8,8192,530.871
16,0,8,16384,1044.82
16,0,16,16,30.858
16,0,16,32,31.0817
16,0,16,64,31.593
16,0,16,128,48.9687
16,0,16,256,66.5463
16,0,16,512,97.724
16,0,16,1024,160.655
16,0,16,2048,286.783
16,0,16,4096,537.486
16,0,16,8192,1052.43
16,0,16,16384,2072.32
16,0,32,16,52.1687
16,0,32,32,52.7127
16,0,32,64,53.929
16,0,32,128,83.155
16,0,32,256,116.157
16,0,32,512,177.594
16,0,32,1024,304.312
16,0,32,2048,555.675
16,0,32,4096,1058.94
16,0,32,8192,2090.89
16,0,32,16384,4124.99
16,0,64,16,93.4603
16,0,64,32,94.4293
16,0,64,64,96.0947
16,0,64,128,158.45
16,0,64,256,228.827
16,0,64,512,364.91
16,0,64,1024,633.343
16,0,64,2048,1172.61
16,0,64,4096,2355.72
16,0,64,8192,4900.4
16,0,64,16384,12808.2
16,0,128,16,174.12
16,0,128,32,175.506
16,0,128,64,179.881
16,0,128,128,308.434
16,0,128,256,471.356
16,0,128,512,774.905
16,0,128,1024,1427.52
16,0,128,2048,4514.41
16,0,128,4096,9043.11
16,0,128,8192,18046
16,0,128,16384,36013.4
16,16,0,0,9.696
16,16,1,16,9.82267
16,16,1,32,9.81233
16,16,1,64,9.88767
16,16,1,128,12.7887
16,16,1,256,16.6923
16,16,1,512,24.467
16,16,1,1024,40.3503
16,16,1,2048,72.576
16,16,1,4096,136.621
16,16,1,8192,264.751
16,16,1,16384,520.152
16,16,2,16,9.80233
16,16,2,32,9.89767
16,16,2,64,10.0903
16,16,2,128,12.895
16,16,2,256,16.916
16,16,2,512,24.916
16,16,2,1024,40.7127
16,16,2,2048,72.9023
16,16,2,4096,137.561
16,16,2,8192,265.607
16,16,2,16384,521.086
16,16,4,16,15.0817
16,16,4,32,15.221
16,16,4,64,15.4333
16,16,4,128,21.556
16,16,4,256,29.4497
16,16,4,512,42.013
16,16,4,1024,57.982
16,16,4,2048,89.382
16,16,4,4096,152.399
16,16,4,8192,276.747
16,16,4,16384,528.45
16,16,8,16,20.3947
16,16,8,32,20.638
16,16,8,64,21.0547
16,16,8,128,30.794
16,16,8,256,42.5573
16,16,8,512,58.4287
16,16,8,1024,89.525
16,16,8,2048,152.511
16,16,8,4096,278.656
16,16,8,8192,532.298
16,16,8,16384,1044.67
16,16,16,16,31.0403
16,16,16,32,31.4023
16,16,16,64,32.0843
16,16,16,128,48.8403
16,16,16,256,66.8143
16,16,16,512,98.0063
16,16,16,1024,160.434
16,16,16,2048,286.965
16,16,16,4096,538.021
16,16,16,8192,1052.12
16,16,16,16384,2072.77
16,16,32,16,52.063
16,16,32,32,52.7453
16,16,32,64,53.9507
16,16,32,128,82.997
16,16,32,256,116.333
16,16,32,512,178.021
16,16,32,1024,304.556
16,16,32,2048,555.42
16,16,32,4096,1058.09
16,16,32,8192,2091.67
16,16,32,16384,4126.02
16,16,64,16,93.5327
16,16,64,32,94.5793
16,16,64,64,96.2003
16,16,64,128,158.29
16,16,64,256,230.16
16,16,64,512,365.432
16,16,64,1024,633.11
16,16,64,2048,1172.24
16,16,64,4096,2353.25
16,16,64,8192,4721.37
16,16,64,16384,12573.3
16,16,128,16,174.217
16,16,128,32,175.625
16,16,128,64,180.095
16,16,128,128,307.261
16,16,128,256,469.231
16,16,128,512,771.588
16,16,128,1024,1425.67
16,16,128,2048,4518.02
16,16,128,4096,9041.74
16,16,128,8192,18005.9
16,16,128,16384,36045.7
16,32,0,0,9.74933
16,32,1,16,9.80233
16,32,1,32,9.87667
16,32,1,64,9.92
16,32,1,128,12.8417
16,32,1,256,16.6927
16,32,1,512,24.5
16,32,1,1024,40.3283
16,32,1,2048,72.53
16,32,1,4096,136.729
16,32,1,8192,264.704
16,32,1,16384,519.975
16,32,2,16,9.84467
16,32,2,32,9.91933
16,32,2,64,10.1117
16,32,2,128,12.8957
16,32,2,256,16.8627
16,32,2,512,24.895
16,32,2,1024,40.8937
16,32,2,2048,72.8497
16,32,2,4096,137.573
16,32,2,8192,265.404
16,32,2,16384,521.014
16,32,4,16,15.1243
16,32,4,32,15.2423
16,32,4,64,15.3923
16,32,4,128,21.5343
16,32,4,256,29.4387
16,32,4,512,41.971
16,32,4,1024,57.9593
16,32,4,2048,89.5527
16,32,4,4096,151.332
16,32,4,8192,276.692
16,32,4,16384,527.395
16,32,8,16,20.4573
16,32,8,32,20.692
16,32,8,64,21.012
16,32,8,128,30.8377
16,32,8,256,42.5263
16,32,8,512,58.4823
16,32,8,1024,89.9153
16,32,8,2048,151.952
16,32,8,4096,278.922
16,32,8,8192,532.383
16,32,8,16384,1044.1
16,32,16,16,31.103
16,32,16,32,31.2523
16,32,16,64,31.999
16,32,16,128,48.8517
16,32,16,256,66.8567
16,32,16,512,97.5647
16,32,16,1024,160.665
16,32,16,2048,286.368
16,32,16,4096,536.975
16,32,16,8192,1052.79
16,32,16,16384,2074.23
16,32,32,16,52.105
16,32,32,32,52.9477
16,32,32,64,54.0683
16,32,32,128,83.3363
16,32,32,256,116.145
16,32,32,512,178.64
16,32,32,1024,304.428
16,32,32,2048,555.839
16,32,32,4096,1057.89
16,32,32,8192,2091.74
16,32,32,16384,4131.84
16,32,64,16,93.5987
16,32,64,32,94.6217
16,32,64,64,95.955
16,32,64,128,158.589
16,32,64,256,229.094
16,32,64,512,365.529
16,32,64,1024,633.734
16,32,64,2048,1172.17
16,32,64,4096,2348.11
16,32,64,8192,4757.01
16,32,64,16384,14012
16,32,128,16,174.302
16,32,128,32,175.848
16,32,128,64,179.891
16,32,128,128,309.203
16,32,128,256,470.566
16,32,128,512,774.821
16,32,128,1024,1426.46
16,32,128,2048,4523.75
16,32,128,4096,9042.94
16,32,128,8192,18044.6
16,32,128,16384,36018.3
16,64,0,0,9.78067
16,64,1,16,9.87733
16,64,1,32,9.93033
16,64,1,64,10.069
16,64,1,128,12.8417
16,64,1,256,16.7343
16,64,1,512,24.5213
16,64,1,1024,40.331
16,64,1,2048,72.545
16,64,1,4096,136.608
16,64,1,8192,264.769
16,64,1,16384,520.207
16,64,2,16,9.87633
16,64,2,32,9.97267
16,64,2,64,10.101
16,64,2,128,12.9173
16,64,2,256,16.8957
16,64,2,512,24.9473
16,64,2,1024,40.7233
16,64,2,2048,72.742
16,64,2,4096,137.539
16,64,2,8192,265.447
16,64,2,16384,521.253
16,64,4,16,15.1993
16,64,4,32,15.306
16,64,4,64,15.712
16,64,4,128,21.5883
16,64,4,256,29.5243
16,64,4,512,42.163
16,64,4,1024,58.2793
16,64,4,2048,89.35
16,64,4,4096,151.673
16,64,4,8192,276.49
16,64,4,16384,526.614
16,64,8,16,20.479
16,64,8,32,20.6393
16,64,8,64,21.1513
16,64,8,128,30.772
16,64,8,256,42.6647
16,64,8,512,58.5147
16,64,8,1024,89.4353
16,64,8,2048,152.451
16,64,8,4096,278.847
16,64,8,8192,531.649
16,64,8,16384,1044.84
16,64,16,16,31.0177
16,64,16,32,31.4227
16,64,16,64,32.042
16,64,16,128,48.8613
16,64,16,256,66.9203
16,64,16,512,98.321
16,64,16,1024,160.732
16,64,16,2048,287.024
16,64,16,4096,538.113
16,64,16,8192,1052.68
16,64,16,16384,2073.07
16,64,32,16,52.2123
16,64,32,32,52.9597
16,64,32,64,54.1323
16,64,32,128,83.0047
16,64,32,256,115.686
16,64,32,512,178.363
16,64,32,1024,304.705
16,64,32,2048,555.247
16,64,32,4096,1059.29
16,64,32,8192,2092.51
16,64,32,16384,4128.94
16,64,64,16,93.5127
16,64,64,32,94.43
16,64,64,64,96.5193
16,64,64,128,158.205
16,64,64,256,228.657
16,64,64,512,365.806
16,64,64,1024,633.791
16,64,64,2048,1169.76
16,64,64,4096,2345.16
16,64,64,8192,4766.85
16,64,64,16384,13569.8
16,64,128,16,174.206
16,64,128,32,175.764
16,64,128,64,180.158
16,64,128,128,308.158
16,64,128,256,471.132
16,64,128,512,771.046
16,64,128,1024,1429.14
16,64,128,2048,4519.33
16,64,128,4096,9038.27
16,64,128,8192,18002.4
16,64,128,16384,36039.3
16,128,0,0,13.5027
16,128,1,16,12.9277
16,128,1,32,12.9387
16,128,1,64,12.9587
16,128,1,128,13.5463
16,128,1,256,16.735
16,128,1,512,24.5117
16,128,1,1024,40.371
16,128,1,2048,72.4963
16,128,1,4096,136.729
16,128,1,8192,264.817
16,128,1,16384,520.082
16,128,2,16,12.938
16,128,2,32,12.9917
16,128,2,64,12.9703
16,128,2,128,13.6427
16,128,2,256,16.906
16,128,2,512,24.9267
16,128,2,1024,40.7887
16,128,2,2048,72.8797
16,128,2,4096,137.473
16,128,2,8192,265.721
16,128,2,16384,521.714
16,128,4,16,19.1677
16,128,4,32,19.188
16,128,4,64,19.2737
16,128,4,128,22.7403
16,128,4,256,29.7263
16,128,4,512,44.862
16,128,4,1024,69.628
16,128,4,2048,100.764
16,128,4,4096,163.768
16,128,4,8192,287.552
16,128,4,16384,536.962
16,128,8,16,24.2763
16,128,8,32,24.459
16,128,8,64,25.012
16,128,8,128,32.1153
16,128,8,256,42.6863
16,128,8,512,65.938
16,128,8,1024,97.2217
16,128,8,2048,160.024
16,128,8,4096,286.698
16,128,8,8192,541.529
16,128,8,16384,1048.66
16,128,16,16,34.74
16,128,16,32,34.9423
16,128,16,64,35.5827
16,128,16,128,50.3233
16,128,16,256,68.5067
16,128,16,512,105.692
16,128,16,1024,168.558
16,128,16,2048,294.369
16,128,16,4096,544.698
16,128,16,8192,1056.28
16,128,16,16384,2075.03
16,128,32,16,55.1763
16,128,32,32,55.4763
16,128,32,64,56.4463
16,128,32,128,86.013
16,128,32,256,118.898
16,128,32,512,182.927
16,128,32,1024,309.517
16,128,32,2048,561.797
16,128,32,4096,1063.64
16,128,32,8192,2093.21
16,128,32,16384,4129.03
16,128,64,16,93.5983
16,128,64,32,94.814
16,128,64,64,97.332
16,128,64,128,160.925
16,128,64,256,235.248
16,128,64,512,370.34
16,128,64,1024,637.589
16,128,64,2048,1169.33
16,128,64,4096,2359.1
16,128,64,8192,4781.71
16,128,64,16384,13039.2
16,128,128,16,175.188
16,128,128,32,177.087
16,128,128,64,182.473
16,128,128,128,310.419
16,128,128,256,472.22
16,128,128,512,787.823
16,128,128,1024,1431.66
16,128,128,2048,4528.39
16,128,128,4096,9034.42
16,128,128,8192,18067.1
16,128,128,16384,36031.3
16,256,0,0,17.364
16,256,1,16,16.821
16,256,1,32,16.7887
16,256,1,64,16.8737
16,256,1,128,16.842
16,256,1,256,17.4287
16,256,1,512,24.596
16,256,1,1024,40.4677
16,256,1,2048,72.5727
16,256,1,4096,136.708
16,256,1,8192,264.702
16,256,1,16384,520.248
16,256,2,16,16.8313
16,256,2,32,16.8737
16,256,2,64,16.8953
16,256,2,128,16.98
16,256,2,256,17.493
16,256,2,512,24.969
16,256,2,1024,40.8937
16,256,2,2048,72.754
16,256,2,4096,137.742
16,256,2,8192,265.717
16,256,2,16384,521.181
16,256,4,16,23.0817
16,256,4,32,23.1357
16,256,4,64,23.3157
16,256,4,128,26.8147
16,256,4,256,30.8887
16,256,4,512,45.31
16,256,4,1024,76.2943
16,256,4,2048,112.367
16,256,4,4096,174.414
16,256,4,8192,299.763
16,256,4,16384,549.588
16,256,8,16,28.2753
16,256,8,32,28.5743
16,256,8,64,28.8627
16,256,8,128,35.9873
16,256,8,256,44.212
16,256,8,512,65.9607
16,256,8,1024,105.084
16,256,8,2048,167.673
16,256,8,4096,294.537
16,256,8,8192,549.402
16,256,8,16384,1052.98
16,256,16,16,38.7293
16,256,16,32,38.996
16,256,16,64,39.7957
16,256,16,128,53.9607
16,256,16,256,69.992
16,256,16,512,107.017
16,256,16,1024,176.078
16,256,16,2048,302.452
16,256,16,4096,553.764
16,256,16,8192,1060.37
16,256,16,16384,2078.19
16,256,32,16,59.486
16,256,32,32,60.2033
16,256,32,64,61.1177
16,256,32,128,89.352
16,256,32,256,121.458
16,256,32,512,186.191
16,256,32,1024,314.222
16,256,32,2048,565.734
16,256,32,4096,1068.63
16,256,32,8192,2099.22
16,256,32,16384,4132.67
16,256,64,16,99.7743
16,256,64,32,100.382
16,256,64,64,102.569
16,256,64,128,160.893
16,256,64,256,239.269
16,256,64,512,374.895
16,256,64,1024,642.273
16,256,64,2048,1171.54
16,256,64,4096,2341.63
16,256,64,8192,4726.22
16,256,64,16384,10700.8
16,256,128,16,178.729
16,256,128,32,180.863
16,256,128,64,185.864
16,256,128,128,312.765
16,256,128,256,472.349
16,256,128,512,796.635
16,256,128,1024,1440.39
16,256,128,2048,4524.09
16,256,128,4096,9045.36
16,256,128,8192,18007.7
16,256,128,16384,36035.2
16,512,0,0,25.0337
16,512,1,16,24.5747
16,512,1,32,24.639
16,512,1,64,24.6923
16,512,1,128,24.66
16,512,1,256,24.895
16,512,1,512,25.1073
16,512,1,1024,40.7127
16,512,1,2048,72.667
16,512,1,4096,136.976
16,512,1,8192,265.193
16,512,1,16384,520.228
16,512,2,16,24.5757
16,512,2,32,24.6177
16,512,2,64,24.6613
16,512,2,128,24.734
16,512,2,256,24.8307
16,512,2,512,25.4167
16,512,2,1024,40.989
16,512,2,2048,73.18
16,512,2,4096,137.796
16,512,2,8192,265.884
16,512,2,16384,521.076
16,512,4,16,30.836
16,512,4,32,30.8893
16,512,4,64,31.2727
16,512,4,128,34.7707
16,512,4,256,38.835
16,512,4,512,46.5783
16,512,4,1024,77.02
16,512,4,2048,134.393
16,512,4,4096,197.08
16,512,4,8192,321.927
16,512,4,16384,571.242
16,512,8,16,36.0623
16,512,8,32,36.2753
16,512,8,64,36.7657
16,512,8,128,43.8593
16,512,8,256,51.7103
16,512,8,512,67.356
16,512,8,1024,112.72
16,512,8,2048,182.684
16,512,8,4096,309.874
16,512,8,8192,562.806
16,512,8,16384,1071.37
16,512,16,16,46.6963
16,512,16,32,46.8887
16,512,16,64,47.635
16,512,16,128,62.0457
16,512,16,256,77.6493
16,512,16,512,108.656
16,512,16,1024,184.259
16,512,16,2048,317.356
16,512,16,4096,569.071
16,512,16,8192,1074.58
16,512,16,16384,2089.83
16,512,32,16,67.3257
16,512,32,32,68.297
16,512,32,64,69.3633
16,512,32,128,97.533
16,512,32,256,128.444
16,512,32,512,191.045
16,512,32,1024,321.739
16,512,32,2048,574.153
16,512,32,4096,1078.15
16,512,32,8192,2107.2
16,512,32,16384,4139.75
16,512,64,16,108.894
16,512,64,32,109.683
16,512,64,64,111.731
16,512,64,128,169.586
16,512,64,256,238.747
16,512,64,512,384.226
16,512,64,1024,651.009
16,512,64,2048,1180.48
16,512,64,4096,2347.69
16,512,64,8192,4681.5
16,512,64,16384,10166.3
16,512,128,16,187.743
16,512,128,32,190.291
16,512,128,64,195.806
16,512,128,128,317.245
16,512,128,256,481.033
16,512,128,512,800.336
16,512,128,1024,1449.06
16,512,128,2048,4532.8
16,512,128,4096,9047.91
16,512,128,8192,18058.4
16,512,128,16384,36039.8
16,1024,0,0,40.97
16,1024,1,16,40.222
16,1024,1,32,40.2967
16,1024,1,64,40.3507
16,1024,1,128,40.296
16,1024,1,256,40.4473
16,1024,1,512,40.627
16,1024,1,1024,41.3203
16,1024,1,2048,72.754
16,1024,1,4096,137.386
16,1024,1,8192,264.958
16,1024,1,16384,520.612
16,1024,2,16,40.2533
16,1024,2,32,40.328
16,1024,2,64,40.2857
16,1024,2,128,40.35
16,1024,2,256,40.4777
16,1024,2,512,41.0117
16,1024,2,1024,41.7043
16,1024,2,2048,73.7883
16,1024,2,4096,137.892
16,1024,2,8192,266.056
16,1024,2,16384,521.366
16,1024,4,16,46.3233
16,1024,4,32,46.5467
16,1024,4,64,46.772
16,1024,4,128,50.2907
16,1024,4,256,54.483
16,1024,4,512,62.2253
16,1024,4,1024,78.4287
16,1024,4,2048,140.215
16,1024,4,4096,242.985
16,1024,4,8192,367.579
16,1024,4,16384,617.79
16,1024,8,16,51.5717
16,1024,8,32,51.7723
16,1024,8,64,52.1993
16,1024,8,128,59.3143
16,1024,8,256,67.3563
16,1024,8,512,82.7263
16,1024,8,1024,114.458
16,1024,8,2048,206.549
16,1024,8,4096,341.19
16,1024,8,8192,593.974
16,1024,8,16384,1098.37
16,1024,16,16,62.2157
16,1024,16,32,62.5577
16,1024,16,64,63.2717
16,1024,16,128,77.4147
16,1024,16,256,93.2443
16,1024,16,512,123.898
16,1024,16,1024,186.671
16,1024,16,2048,340.762
16,1024,16,4096,600.536
16,1024,16,8192,1105.88
16,1024,16,16384,2113.02
16,1024,32,16,83.6563
16,1024,32,32,84.8713
16,1024,32,64,85.8753
16,1024,32,128,113.674
16,1024,32,256,144.563
16,1024,32,512,205.776
16,1024,32,1024,332.172
16,1024,32,2048,589.314
16,1024,32,4096,1093.91
16,1024,32,8192,2124.57
16,1024,32,16384,4157.17
16,1024,64,16,125.459
16,1024,64,32,126.611
16,1024,64,64,129.704
16,1024,64,128,187.772
16,1024,64,256,259.935
16,1024,64,512,386.291
16,1024,64,1024,667.837
16,1024,64,2048,1199.46
16,1024,64,4096,2350.21
16,1024,64,8192,4663.72
16,1024,64,16384,10665
16,1024,128,16,207.04
16,1024,128,32,209.641
16,1024,128,64,214.519
16,1024,128,128,334.699
16,1024,128,256,486.027
16,1024,128,512,806.071
16,1024,128,1024,1458.97
16,1024,128,2048,4535.46
16,1024,128,4096,9056.15
16,1024,128,8192,18022.5
16,1024,128,16384,36056.5
16,2048,0,0,72.7423
16,2048,1,16,72.263
16,2048,1,32,72.189
16,2048,1,64,72.1677
16,2048,1,128,72.1247
16,2048,1,256,72.2517
16,2048,1,512,72.381
16,2048,1,1024,72.4443
16,2048,1,2048,73.0743
16,2048,1,4096,137.572
16,2048,1,8192,265.258
16,2048,1,16384,520.563
16,2048,2,16,72.1963
16,2048,2,32,72.2317
16,2048,2,64,72.081
16,2048,2,128,72.1353
16,2048,2,256,72.3803
16,2048,2,512,72.572
16,2048,2,1024,72.903
16,2048,2,2048,74.0983
16,2048,2,4096,138.416
16,2048,2,8192,266.174
16,2048,2,16384,521.54
16,2048,4,16,77.664
16,2048,4,32,77.884
16,2048,4,64,78.1743
16,2048,4,128,81.725
16,2048,4,256,85.331
16,2048,4,512,92.9547
16,2048,4,1024,109.113
16,2048,4,2048,141.956
16,2048,4,4096,267.09
16,2048,4,8192,461.035
16,2048,4,16384,712.561
16,2048,8,16,82.663
16,2048,8,32,82.845
16,2048,8,64,83.3997
16,2048,8,128,90.386
16,2048,8,256,98.267
16,2048,8,512,113.916
16,2048,8,1024,145.22
16,2048,8,2048,208.488
16,2048,8,4096,394.216
16,2048,8,8192,656.67
16,2048,8,16384,1162.32
16,2048,16,16,93.191
16,2048,16,32,93.6177
16,2048,16,64,94.1767
16,2048,16,128,108.438
16,2048,16,256,124.194
16,2048,16,512,155.319
16,2048,16,1024,217.016
16,2048,16,2048,343.395
16,2048,16,4096,651.143
16,2048,16,8192,1169.12
16,2048,16,16384,2173.41
16,2048,32,16,118.562
16,2048,32,32,119.116
16,2048,32,64,119.787
16,2048,32,128,147.393
16,2048,32,256,176.588
16,2048,32,512,237.955
16,2048,32,1024,361.711
16,2048,32,2048,614.098
16,2048,32,4096,1126.91
16,2048,32,8192,2162.38
16,2048,32,16384,4192.88
16,2048,64,16,161.026
16,2048,64,32,162.348
16,2048,64,64,164.855
16,2048,64,128,224.664
16,2048,64,256,293.166
16,2048,64,512,430.896
16,2048,64,1024,669.362
16,2048,64,2048,1286.98
16,2048,64,4096,2407.85
16,2048,64,8192,4737.3
16,2048,64,16384,9613.38
16,2048,128,16,243.693
16,2048,128,32,245.806
16,2048,128,64,251.108
16,2048,128,128,373.306
16,2048,128,256,522.438
16,2048,128,512,810.804
16,2048,128,1024,1460.01
16,2048,128,2048,4559.86
16,2048,128,4096,9068.57
16,2048,128,8192,18078.2
16,2048,128,16384,36046.9
16,4096,0,0,136.61
16,4096,1,16,135.816
16,4096,1,32,135.78
16,4096,1,64,135.715
16,4096,1,128,135.889
16,4096,1,256,135.823
16,4096,1,512,136.093
16,4096,1,1024,136.079
16,4096,1,2048,136.081
16,4096,1,4096,137.636
16,4096,1,8192,265.384
16,4096,1,16384,520.891
16,4096,2,16,135.716
16,4096,2,32,135.776
16,4096,2,64,135.78
16,4096,2,128,135.758
16,4096,2,256,135.833
16,4096,2,512,136.248
16,4096,2,1024,136.366
16,4096,2,2048,136.483
16,4096,2,4096,137.955
16,4096,2,8192,265.802
16,4096,2,16384,521.567
16,4096,4,16,139.866
16,4096,4,32,139.95
16,4096,4,64,140.154
16,4096,4,128,144.046
16,4096,4,256,147.479
16,4096,4,512,155.214
16,4096,4,1024,171.98
16,4096,4,2048,203.778
16,4096,4,4096,268.989
16,4096,4,8192,520.372
16,4096,4,16384,900.546
16,4096,8,16,144.846
16,4096,8,32,145.019
16,4096,8,64,145.476
16,4096,8,128,152.517
16,4096,8,256,160.259
16,4096,8,512,175.671
16,4096,8,1024,207.424
16,4096,8,2048,270.419
16,4096,8,4096,400.325
16,4096,8,8192,770.895
16,4096,8,16384,1296.85
16,4096,16,16,155.236
16,4096,16,32,155.577
16,4096,16,64,156.186
16,4096,16,128,170.659
16,4096,16,256,186.38
16,4096,16,512,217.379
16,4096,16,1024,280.02
16,4096,16,2048,404.412
16,4096,16,4096,662.848
16,4096,16,8192,1286.62
16,4096,16,16384,2351.4
16,4096,32,16,180.524
16,4096,32,32,180.998
16,4096,32,64,181.658
16,4096,32,128,214.469
16,4096,32,256,249.52
16,4096,32,512,301.014
16,4096,32,1024,425.386
16,4096,32,2048,674.897
16,4096,32,4096,1199.94
16,4096,32,8192,2282.83
16,4096,32,16384,4389.39
16,4096,64,16,223.771
16,4096,64,32,225.073
16,4096,64,64,228.017
16,4096,64,128,293.519
16,4096,64,256,367.118
16,4096,64,512,492.291
16,4096,64,1024,759.348
16,4096,64,2048,1375.07
16,4096,64,4096,2701.98
16,4096,64,8192,6695
16,4096,64,16384,13035.5
16,4096,128,16,314.568
16,4096,128,32,316.489
16,4096,128,64,321.417
16,4096,128,128,445.715
16,4096,128,256,595.761
16,4096,128,512,895.196
16,4096,128,1024,1522.88
16,4096,128,2048,4597.58
16,4096,128,4096,9111.52
16,4096,128,8192,18077
16,4096,128,16384,36076.5
16,8192,0,0,264.264
16,8192,1,16,263.708
16,8192,1,32,263.793
16,8192,1,64,263.731
16,8192,1,128,263.914
16,8192,1,256,264.092
16,8192,1,512,263.944
16,8192,1,1024,264.115
16,8192,1,2048,263.901
16,8192,1,4096,264.019
16,8192,1,8192,265.618
16,8192,1,16384,520.84
16,8192,2,16,263.626
16,8192,2,32,263.91
16,8192,2,64,263.743
16,8192,2,128,263.723
16,8192,2,256,263.855
16,8192,2,512,264.247
16,8192,2,1024,264.209
16,8192,2,2048,264.527
16,8192,2,4096,264.039
16,8192,2,8192,266.164
16,8192,2,16384,521.5
16,8192,4,16,264.392
16,8192,4,32,264.82
16,8192,4,64,264.613
16,8192,4,128,268.704
16,8192,4,256,271.912
16,8192,4,512,280.266
16,8192,4,1024,296.561
16,8192,4,2048,328.027
16,8192,4,4096,392.45
16,8192,4,8192,527.155
16,8192,4,16384,1026.73
16,8192,8,16,268.989
16,8192,8,32,269.061
16,8192,8,64,269.406
16,8192,8,128,276.359
16,8192,8,256,284.712
16,8192,8,512,299.914
16,8192,8,1024,331.281
16,8192,8,2048,395.14
16,8192,8,4096,523.645
16,8192,8,8192,786.444
16,8192,8,16384,1526.53
16,8192,16,16,279.324
16,8192,16,32,279.623
16,8192,16,64,280.488
16,8192,16,128,294.837
16,8192,16,256,310.504
16,8192,16,512,340.991
16,8192,16,1024,404.391
16,8192,16,2048,530.156
16,8192,16,4096,786.831
16,8192,16,8192,1308.28
16,8192,16,16384,2548.37
16,8192,32,16,304.289
16,8192,32,32,304.61
16,8192,32,64,306.039
16,8192,32,128,337.973
16,8192,32,256,372.768
16,8192,32,512,442.654
16,8192,32,1024,553.694
16,8192,32,2048,802.232
16,8192,32,4096,1374.85
16,8192,32,8192,2363.79
16,8192,32,16384,4540.39
16,8192,64,16,347.813
16,8192,64,32,349.562
16,8192,64,64,352.494
16,8192,64,128,418.682
16,8192,64,256,494.414
16,8192,64,512,636.609
16,8192,64,1024,886.951
16,8192,64,2048,1612.81
16,8192,64,4096,2976.22
16,8192,64,8192,5491.06
16,8192,64,16384,14896.2
16,8192,128,16,440.179
16,8192,128,32,443.112
16,8192,128,64,448.722
16,8192,128,128,582.471
16,8192,128,256,737.512
16,8192,128,512,1036.2
16,8192,128,1024,1686.81
16,8192,128,2048,4782.02
16,8192,128,4096,9178.17
16,8192,128,8192,18181.9
16,8192,128,16384,36111.1
16,16384,0,0,519.533
16,16384,1,16,518.942
16,16384,1,32,518.105
16,16384,1,64,518.302
16,16384,1,128,518.278
16,16384,1,256,518.884
16,16384,1,512,518.751
16,16384,1,1024,519.054
16,16384,1,2048,518.685
16,16384,1,4096,518.553
16,16384,1,8192,519.314
16,16384,1,16384,521.189
16,16384,2,16,518.273
16,16384,2,32,518.29
16,16384,2,64,518.576
16,16384,2,128,518.45
16,16384,2,256,518.565
16,16384,2,512,519.041
16,16384,2,1024,519.026
16,16384,2,2048,518.683
16,16384,2,4096,518.804
16,16384,2,8192,519.47
16,16384,2,16384,521.734
16,16384,4,16,518.833
16,16384,4,32,518.751
16,16384,4,64,518.588
16,16384,4,128,518.635
16,16384,4,256,522.076
16,16384,4,512,529.203
16,16384,4,1024,545.727
16,16384,4,2048,578.257
16,16384,4,4096,642.273
16,16384,4,8192,778.721
16,16384,4,16384,1043.72
16,16384,8,16,518.467
16,16384,8,32,518.9
16,16384,8,64,519.074
16,16384,8,128,525.758
16,16384,8,256,533.443
16,16384,8,512,548.381
16,16384,8,1024,579.879
16,16384,8,2048,643.147
16,16384,8,4096,771.874
16,16384,8,8192,1032.89
16,16384,8,16384,1549.07
16,16384,16,16,527.714
16,16384,16,32,528.464
16,16384,16,64,528.406
16,16384,16,128,542.764
16,16384,16,256,558.911
16,16384,16,512,590.046
16,16384,16,1024,652.404
16,16384,16,2048,778.684
16,16384,16,4096,1036.37
16,16384,16,8192,1550.47
16,16384,16,16384,2585.54
16,16384,32,16,552.356
16,16384,32,32,553.038
16,16384,32,64,552.84
16,16384,32,128,585.53
16,16384,32,256,621.097
16,16384,32,512,690.059
16,16384,32,1024,831.383
16,16384,32,2048,1070.3
16,16384,32,4096,1665.04
16,16384,32,8192,2727.4
16,16384,32,16384,4682.17
16,16384,64,16,596.686
16,16384,64,32,597.343
16,16384,64,64,600.746
16,16384,64,128,666.72
16,16384,64,256,743.303
16,16384,64,512,888.448
16,16384,64,1024,1172.01
16,16384,64,2048,1835.31
16,16384,64,4096,3530.27
16,16384,64,8192,6438.15
16,16384,64,16384,14147.9
16,16384,128,16,688.816
16,16384,128,32,691.248
16,16384,128,64,696.945
16,16384,128,128,834.182
16,16384,128,256,1000.75
16,16384,128,512,1307.55
16,16384,128,1024,1997.1
16,16384,128,2048,5137.2
16,16384,128,4096,9543.38
16,16384,128,8192,18290
16,16384,128,16384,36251.1
32,0,0,0,9.66367
32,0,1,16,9.802
32,0,1,32,9.73833
32,0,1,64,9.80267
32,0,1,128,12.831
32,0,1,256,16.7247
32,0,1,512,24.4687
32,0,1,1024,40.383
32,0,1,2048,72.5193
32,0,1,4096,136.643
32,0,1,8192,264.729
32,0,1,16384,519.858
32,0,2,16,9.81367
32,0,2,32,9.802
32,0,2,64,9.81333
32,0,2,128,12.9387
32,0,2,256,16.9057
32,0,2,512,24.905
32,0,2,1024,40.8083
32,0,2,2048,72.9673
32,0,2,4096,137.486
32,0,2,8192,265.54
32,0,2,16384,521.387
32,0,4,16,15.0283
32,0,4,32,15.157
32,0,4,64,15.2417
32,0,4,128,21.5453
32,0,4,256,29.4077
32,0,4,512,42.099
32,0,4,1024,57.928
32,0,4,2048,89.1903
32,0,4,4096,151.811
32,0,4,8192,276.117
32,0,4,16384,525.913
32,0,8,16,20.3937
32,0,8,32,20.564
32,0,8,64,20.6923
32,0,8,128,30.729
32,0,8,256,42.5477
32,0,8,512,58.4823
32,0,8,1024,89.6907
32,0,8,2048,152.527
32,0,8,4096,278.505
32,0,8,8192,532.791
32,0,8,16384,1044.2
32,0,16,16,30.9637
32,0,16,32,31.209
32,0,16,64,31.721
32,0,16,128,48.9793
32,0,16,256,66.782
32,0,16,512,97.958
32,0,16,1024,160.666
32,0,16,2048,287.221
32,0,16,4096,538.022
32,0,16,8192,1052.75
32,0,16,16384,2077.19
32,0,32,16,52.18
32,0,32,32,52.8407
32,0,32,64,53.9087
32,0,32,128,83.0797
32,0,32,256,115.687
32,0,32,512,178.225
32,0,32,1024,304.546
32,0,32,2048,555.84
32,0,32,4096,1058.33
32,0,32,8192,2089.95
32,0,32,16384,4129.17
32,0,64,16,93.4913
32,0,64,32,94.2597
32,0,64,64,96.5207
32,0,64,128,157.991
32,0,64,256,230.855
32,0,64,512,365.978
32,0,64,1024,634.04
32,0,64,2048,1171.05
32,0,64,4096,2350.06
32,0,64,8192,4723.97
32,0,64,16384,11288.8
32,0,128,16,174.346
32,0,128,32,175.967
32,0,128,64,179.946
32,0,128,128,307.817
32,0,128,256,470.195
32,0,128,512,773.897
32,0,128,1024,1428.91
32,0,128,2048,4520.49
32,0,128,4096,9043.73
32,0,128,8192,18009.4
32,0,128,16384,36038.5
32,16,0,0,9.781
32,16,1,16,9.813
32,16,1,32,9.834
32,16,1,64,9.96233
32,16,1,128,12.8313
32,16,1,256,16.7137
32,16,1,512,24.4997
32,16,1,1024,40.3813
32,16,1,2048,72.4333
32,16,1,4096,136.728
32,16,1,8192,264.821
32,16,1,16384,520.026
32,16,2,16,9.86633
32,16,2,32,9.95167
32,16,2,64,10.0473
32,16,2,128,12.9487
32,16,2,256,16.9373
32,16,2,512,24.926
32,16,2,1024,40.7027
32,16,2,2048,72.8383
32,16,2,4096,137.594
32,16,2,8192,265.597
32,16,2,16384,521.201
32,16,4,16,15.189
32,16,4,32,15.2527
32,16,4,64,15.4657
32,16,4,128,21.503
32,16,4,256,29.3537
32,16,4,512,42.2833
32,16,4,1024,58.226
32,16,4,2048,89.2067
32,16,4,4096,151.687
32,16,4,8192,275.933
32,16,4,16384,527.276
32,16,8,16,20.3727
32,16,8,32,20.6717
32,16,8,64,21.0017
32,16,8,128,30.8043
32,16,8,256,42.4407
32,16,8,512,58.674
32,16,8,1024,89.7447
32,16,8,2048,152.429
32,16,8,4096,278.771
32,16,8,8192,534.315
32,16,8,16384,1044.57
32,16,16,16,30.9963
32,16,16,32,31.3483
32,16,16,64,32.02
32,16,16,128,48.798
32,16,16,256,66.867
32,16,16,512,97.9683
32,16,16,1024,160.945
32,16,16,2048,287.863
32,16,16,4096,538.521
32,16,16,8192,1051.95
32,16,16,16384,2072.92
32,16,32,16,52.2327
32,16,32,32,52.7447
32,16,32,64,54.0243
32,16,32,128,83.2623
32,16,32,256,116.978
32,16,32,512,178.447
32,16,32,1024,304.365
32,16,32,2048,555.824
32,16,32,4096,1058.87
32,16,32,8192,2091.46
32,16,32,16384,4133.43
32,16,64,16,93.491
32,16,64,32,94.4087
32,16,64,64,96.3503
32,16,64,128,158.622
32,16,64,256,229.149
32,16,64,512,366.576
32,16,64,1024,634.006
32,16,64,2048,1170.99
32,16,64,4096,2343.31
32,16,64,8192,4711.33
32,16,64,16384,11739.9
32,16,128,16,174.443
32,16,128,32,175.796
32,16,128,64,180.254
32,16,128,128,308.499
32,16,128,256,470.43
32,16,128,512,780.177
32,16,128,1024,1427.88
32,16,128,2048,4525.36
32,16,128,4096,9046.3
32,16,128,8192,18044.7
32,16,128,16384,36010.3
32,32,0,0,9.791
32,32,1,16,9.835
32,32,1,32,9.856
32,32,1,64,9.877
32,32,1,128,12.8213
32,32,1,256,16.714
32,32,1,512,24.5113
32,32,1,1024,40.3393
32,32,1,2048,72.4123
32,32,1,4096,136.668
32,32,1,8192,264.836
32,32,1,16384,520.182
32,32,2,16,9.93033
32,32,2,32,9.96333
32,32,2,64,10.0477
32,32,2,128,12.9167
32,32,2,256,16.9173
32,32,2,512,24.937
32,32,2,1024,40.692
32,32,2,2048,72.86
32,32,2,4096,137.55
32,32,2,8192,265.445
32,32,2,16384,521.235
32,32,4,16,15.2317
32,32,4,32,15.242
32,32,4,64,15.4653
32,32,4,128,21.5887
32,32,4,256,29.396
32,32,4,512,42.1953
32,32,4,1024,58.2897
32,32,4,2048,89.382
32,32,4,4096,152.077
32,32,4,8192,276.712
32,32,4,16384,527.149
32,32,8,16,20.4897
32,32,8,32,20.6607
32,32,8,64,21.0547
32,32,8,128,30.7613
32,32,8,256,42.569
32,32,8,512,58.5893
32,32,8,1024,89.9373
32,32,8,2048,152.526
32,32,8,4096,278.717
32,32,8,8192,532.856
32,32,8,16384,1044.26
32,32,16,16,31.0173
32,32,16,32,31.337
32,32,16,64,32.041
32,32,16,128,48.969
32,32,16,256,66.8773
32,32,16,512,97.9053
32,32,16,1024,161.07
32,32,16,2048,287.584
32,32,16,4096,538.244
32,32,16,8192,1053.18
32,32,16,16384,2073.92
32,32,32,16,52.159
32,32,32,32,52.9587
32,32,32,64,54.0037
32,32,32,128,83.304
32,32,32,256,115.858
32,32,32,512,178.991
32,32,32,1024,304.483
32,32,32,2048,556.083
32,32,32,4096,1058.93
32,32,32,8192,2090.4
32,32,32,16384,4130.41
32,32,64,16,93.5243
32,32,64,32,94.537
32,32,64,64,96.6057
32,32,64,128,158.632
32,32,64,256,230.599
32,32,64,512,366.096
32,32,64,1024,633.419
32,32,64,2048,1171.23
32,32,64,4096,2360.01
32,32,64,8192,4801.18
32,32,64,16384,10376.3
32,32,128,16,174.591
32,32,128,32,175.84
32,32,128,64,179.655
32,32,128,128,309.461
32,32,128,256,469.832
32,32,128,512,773.937
32,32,128,1024,1430.79
32,32,128,2048,4515.16
32,32,128,4096,9034.84
32,32,128,8192,18040.4
32,32,128,16384,36005.4
32,64,0,0,9.93067
32,64,1,16,9.84433
32,64,1,32,9.90933
32,64,1,64,10.0473
32,64,1,128,12.8317
32,64,1,256,16.8853
32,64,1,512,24.5427
32,64,1,1024,40.436
32,64,1,2048,72.4763
32,64,1,4096,136.634
32,64,1,8192,264.76
32,64,1,16384,519.73
32,64,2,16,9.94133
32,64,2,32,10.1013
32,64,2,64,10.1113
32,64,2,128,12.9483
32,64,2,256,16.9263
32,64,2,512,24.9483
32,64,2,1024,40.894
32,64,2,2048,72.9997
32,64,2,4096,137.658
32,64,2,8192,265.502
32,64,2,16384,520.927
32,64,4,16,15.231
32,64,4,32,15.4027
32,64,4,64,15.6473
32,64,4,128,21.5457
32,64,4,256,29.4607
32,64,4,512,42.504
32,64,4,1024,58.6537
32,64,4,2048,89.6273
32,64,4,4096,151.778
32,64,4,8192,277.363
32,64,4,16384,526.391
32,64,8,16,20.5537
32,64,8,32,20.7023
32,64,8,64,21.141
32,64,8,128,30.7723
32,64,8,256,42.686
32,64,8,512,58.6963
32,64,8,1024,90.012
32,64,8,2048,152.58
32,64,8,4096,278.633
32,64,8,8192,531.383
32,64,8,16384,1046.67
32,64,16,16,31.0703
32,64,16,32,31.3807
32,64,16,64,32.1477
32,64,16,128,49.0113
32,64,16,256,67.1107
32,64,16,512,98.3293
32,64,16,1024,161.018
32,64,16,2048,287.211
32,64,16,4096,538.886
32,64,16,8192,1053.64
32,64,16,16384,2072.42
32,64,32,16,52.106
32,64,32,32,52.894
32,64,32,64,54.0143
32,64,32,128,83.6883
32,64,32,256,116.457
32,64,32,512,178.268
32,64,32,1024,304.952
32,64,32,2048,555.644
32,64,32,4096,1059.31
32,64,32,8192,2090.46
32,64,32,16384,4127.64
32,64,64,16,93.6617
32,64,64,32,94.5157
32,64,64,64,96.6167
32,64,64,128,158.696
32,64,64,256,230.289
32,64,64,512,365.701
32,64,64,1024,633.656
32,64,64,2048,1173.42
32,64,64,4096,2343.55
32,64,64,8192,4721.61
32,64,64,16384,11075
32,64,128,16,174.516
32,64,128,32,176.212
32,64,128,64,180.159
32,64,128,128,309.15
32,64,128,256,469.652
32,64,128,512,778.6
32,64,128,1024,1429.44
32,64,128,2048,4527.36
32,64,128,4096,9039.97
32,64,128,8192,18053
32,64,128,16384,36025.5
32,128,0,0,13.6307
32,128,1,16,13.013
32,128,1,32,13.001
32,128,1,64,13.056
32,128,1,128,13.4923
32,128,1,256,16.767
32,128,1,512,24.543
32,128,1,1024,40.413
32,128,1,2048,72.4333
32,128,1,4096,136.611
32,128,1,8192,264.917
32,128,1,16384,519.931
32,128,2,16,13.0013
32,128,2,32,13.0873
32,128,2,64,13.0867
32,128,2,128,13.6633
32,128,2,256,16.9913
32,128,2,512,24.9693
32,128,2,1024,40.8087
32,128,2,2048,72.8917
32,128,2,4096,137.594
32,128,2,8192,265.586
32,128,2,16384,521.045
32,128,4,16,19.199
32,128,4,32,19.2737
32,128,4,64,19.5727
32,128,4,128,23.0177
32,128,4,256,29.7057
32,128,4,512,45.267
32,128,4,1024,70.2257
32,128,4,2048,101.4
32,128,4,4096,163.576
32,128,4,8192,287.838
32,128,4,16384,539.733
32,128,8,16,24.4357
32,128,8,32,24.6393
32,128,8,64,25.161
32,128,8,128,32.1373
32,128,8,256,42.7173
32,128,8,512,65.9167
32,128,8,1024,97.339
32,128,8,2048,159.81
32,128,8,4096,287.167
32,128,8,8192,541.897
32,128,8,16384,1048.9
32,128,16,16,34.7933
32,128,16,32,35.07
32,128,16,64,35.764
32,128,16,128,50.3657
32,128,16,256,68.434
32,128,16,512,105.873
32,128,16,1024,168.462
32,128,16,2048,294.528
32,128,16,4096,546.651
32,128,16,8192,1057.48
32,128,16,16384,2075.31
32,128,32,16,55.155
32,128,32,32,55.7743
32,128,32,64,56.7237
32,128,32,128,86.0553
32,128,32,256,118.802
32,128,32,512,182.776
32,128,32,1024,310.075
32,128,32,2048,560.837
32,128,32,4096,1063.68
32,128,32,8192,2093.55
32,128,32,16384,4128.09
32,128,64,16,93.6623
32,128,64,32,94.889
32,128,64,64,97.7263
32,128,64,128,160.69
32,128,64,256,235.708
32,128,64,512,370.17
32,128,64,1024,637.644
32,128,64,2048,1172.06
32,128,64,4096,2348.3
32,128,64,8192,4811.57
32,128,64,16384,13559.2
32,128,128,16,175.095
32,128,128,32,177.14
32,128,128,64,182.111
32,128,128,128,309.652
32,128,128,256,473.374
32,128,128,512,783.971
32,128,128,1024,1434.51
32,128,128,2048,4517.04
32,128,128,4096,9037.59
32,128,128,8192,18036.8
32,128,128,16384,36024.4
32,256,0,0,17.473
32,256,1,16,16.8953
32,256,1,32,16.884
32,256,1,64,16.927
32,256,1,128,16.9597
32,256,1,256,17.4713
32,256,1,512,24.5857
32,256,1,1024,40.4033
32,256,1,2048,72.5507
32,256,1,4096,136.591
32,256,1,8192,264.798
32,256,1,16384,520.006
32,256,2,16,16.895
32,256,2,32,16.9913
32,256,2,64,16.9917
32,256,2,128,17.0333
32,256,2,256,17.5563
32,256,2,512,25.0123
32,256,2,1024,40.852
32,256,2,2048,72.9137
32,256,2,4096,137.613
32,256,2,8192,265.609
32,256,2,16384,521.298
32,256,4,16,23.0597
32,256,4,32,23.1347
32,256,4,64,23.3817
32,256,4,128,27.1243
32,256,4,256,31.0277
32,256,4,512,45.3097
32,256,4,1024,76.3157
32,256,4,2048,112.378
32,256,4,4096,174.358
32,256,4,8192,300.625
32,256,4,16384,549.342
32,256,8,16,28.3713
32,256,8,32,28.532
32,256,8,64,28.8947
32,256,8,128,36.2753
32,256,8,256,44.052
32,256,8,512,66.246
32,256,8,1024,104.582
32,256,8,2048,167.726
32,256,8,4096,294.184
32,256,8,8192,548.547
32,256,8,16384,1052.1
32,256,16,16,38.868
32,256,16,32,39.1027
32,256,16,64,39.8697
32,256,16,128,54.163
32,256,16,256,70.1193
32,256,16,512,106.995
32,256,16,1024,176.178
32,256,16,2048,302.783
32,256,16,4096,553.126
32,256,16,8192,1059.53
32,256,16,16384,2080.98
32,256,32,16,59.635
32,256,32,32,60.2223
32,256,32,64,61.246
32,256,32,128,89.384
32,256,32,256,121.512
32,256,32,512,185.595
32,256,32,1024,314.615
32,256,32,2048,566.537
32,256,32,4096,1068.62
32,256,32,8192,2099.38
32,256,32,16384,4129.96
32,256,64,16,99.9457
32,256,64,32,100.948
32,256,64,64,103.027
32,256,64,128,161.619
32,256,64,256,239.601
32,256,64,512,375.665
32,256,64,1024,642.358
32,256,64,2048,1174.71
32,256,64,4096,2341.27
32,256,64,8192,4692.32
32,256,64,16384,11347.9
32,256,128,16,178.836
32,256,128,32,181.034
32,256,128,64,185.812
32,256,128,128,314.281
32,256,128,256,470.813
32,256,128,512,794.919
32,256,128,1024,1439.47
32,256,128,2048,4529.03
32,256,128,4096,9038.27
32,256,128,8192,18057.8
32,256,128,16384,36039.5
32,512,0,0,25.087
32,512,1,16,24.6817
32,512,1,32,24.6713
32,512,1,64,24.703
32,512,1,128,24.8307
32,512,1,256,25.077
32,512,1,512,25.2047
32,512,1,1024,40.6707
32,512,1,2048,72.5933
32,512,1,4096,136.857
32,512,1,8192,264.952
32,512,1,16384,520.028
32,512,2,16,24.6827
32,512,2,32,24.756
32,512,2,64,24.7333
32,512,2,128,24.831
32,512,2,256,24.9267
32,512,2,512,25.4487
32,512,2,1024,41.0007
32,512,2,2048,73.2447
32,512,2,4096,137.977
32,512,2,8192,265.618
32,512,2,16384,521.398
32,512,4,16,30.9317
32,512,4,32,31.038
32,512,4,64,31.3153
32,512,4,128,34.9743
32,512,4,256,39.0703
32,512,4,512,46.621
32,512,4,1024,77.0733
32,512,4,2048,134.632
32,512,4,4096,197.148
32,512,4,8192,322.352
32,512,4,16384,571.907
32,512,8,16,36.18
32,512,8,32,36.35
32,512,8,64,36.8947
32,512,8,128,44.0407
32,512,8,256,51.9543
32,512,8,512,67.1757
32,512,8,1024,112.752
32,512,8,2048,182.808
32,512,8,4096,309.991
32,512,8,8192,565.324
32,512,8,16384,1071.95
32,512,16,16,46.7927
32,512,16,32,47.1233
32,512,16,64,47.7843
32,512,16,128,61.9933
32,512,16,256,77.7677
32,512,16,512,108.582
32,512,16,1024,184.174
32,512,16,2048,317.801
32,512,16,4096,569.257
32,512,16,8192,1073.45
32,512,16,16384,2089.62
32,512,32,16,67.8703
32,512,32,32,68.425
32,512,32,64,69.4167
32,512,32,128,97.7887
32,512,32,256,128.625
32,512,32,512,191.035
32,512,32,1024,322.39
32,512,32,2048,575.071
32,512,32,4096,1078.46
32,512,32,8192,2107.46
32,512,32,16384,4142.65
32,512,64,16,109
32,512,64,32,110.217
32,512,64,64,112.094
32,512,64,128,170.205
32,512,64,256,239.697
32,512,64,512,384.57
32,512,64,1024,651.171
32,512,64,2048,1183.01
32,512,64,4096,2338.84
32,512,64,8192,4753.6
32,512,64,16384,11346.4
32,512,128,16,187.977
32,512,128,32,190.217
32,512,128,64,195.955
32,512,128,128,316.702
32,512,128,256,480.959
32,512,128,512,796.573
32,512,128,1024,1448.25
32,512,128,2048,4526.19
32,512,128,4096,9046.66
32,512,128,8192,18066.2
32,512,128,16384,36035.2
32,1024,0,0,41.0433
32,1024,1,16,40.4043
32,1024,1,32,40.4243
32,1024,1,64,40.4373
32,1024,1,128,40.478
32,1024,1,256,40.563
32,1024,1,512,40.702
32,1024,1,1024,41.4057
32,1024,1,2048,72.797
32,1024,1,4096,137.378
32,1024,1,8192,265.022
32,1024,1,16384,520.336
32,1024,2,16,40.3923
32,1024,2,32,40.4357
32,1024,2,64,40.435
32,1024,2,128,40.841
32,1024,2,256,40.99
32,1024,2,512,41.1057
32,1024,2,1024,41.6307
32,1024,2,2048,73.661
32,1024,2,4096,137.925
32,1024,2,8192,265.939
32,1024,2,16384,521.313
32,1024,4,16,46.568
32,1024,4,32,46.6433
32,1024,4,64,46.9
32,1024,4,128,50.4077
32,1024,4,256,54.3767
32,1024,4,512,62.2467
32,1024,4,1024,78.3427
32,1024,4,2048,140.302
32,1024,4,4096,243.828
32,1024,4,8192,368.325
32,1024,4,16384,619.432
32,1024,8,16,51.645
32,1024,8,32,51.923
32,1024,8,64,52.2637
32,1024,8,128,59.4747
32,1024,8,256,67.5483
32,1024,8,512,82.972
32,1024,8,1024,114.341
32,1024,8,2048,206.262
32,1024,8,4096,341
32,1024,8,8192,596.415
32,1024,8,16384,1100.98
32,1024,16,16,62.4823
32,1024,16,32,62.675
32,1024,16,64,63.3473
32,1024,16,128,77.7033
32,1024,16,256,93.4803
32,1024,16,512,123.973
32,1024,16,1024,186.403
32,1024,16,2048,340.778
32,1024,16,4096,600.036
32,1024,16,8192,1103.9
32,1024,16,16384,2111.88
32,1024,32,16,83.7403
32,1024,32,32,84.723
32,1024,32,64,86.0557
32,1024,32,128,113.905
32,1024,32,256,144.805
32,1024,32,512,205.722
32,1024,32,1024,331.735
32,1024,32,2048,590.856
32,1024,32,4096,1094.56
32,1024,32,8192,2124.81
32,1024,32,16384,4159.39
32,1024,64,16,125.406
32,1024,64,32,126.887
32,1024,64,64,129.961
32,1024,64,128,188.978
32,1024,64,256,259.356
32,1024,64,512,385.605
32,1024,64,1024,670.134
32,1024,64,2048,1201.65
32,1024,64,4096,2354.5
32,1024,64,8192,4670.74
32,1024,64,16384,9716.17
32,1024,128,16,207.212
32,1024,128,32,209.694
32,1024,128,64,214.205
32,1024,128,128,335.219
32,1024,128,256,485.193
32,1024,128,512,806.493
32,1024,128,1024,1457.6
32,1024,128,2048,4543.03
32,1024,128,4096,9064.24
32,1024,128,8192,18054.9
32,1024,128,16384,36064.9
32,2048,0,0,72.9667
32,2048,1,16,72.3713
32,2048,1,32,72.3277
32,2048,1,64,72.306
32,2048,1,128,72.3073
32,2048,1,256,72.444
32,2048,1,512,72.4353
32,2048,1,1024,72.6047
32,2048,1,2048,73.2867
32,2048,1,4096,137.445
32,2048,1,8192,265.352
32,2048,1,16384,520.66
32,2048,2,16,72.2527
32,2048,2,32,72.2617
32,2048,2,64,72.2093
32,2048,2,128,72.5823
32,2048,2,256,72.6487
32,2048,2,512,72.8603
32,2048,2,1024,72.935
32,2048,2,2048,74.0663
32,2048,2,4096,138.232
32,2048,2,8192,266.088
32,2048,2,16384,521.534
32,2048,4,16,77.7333
32,2048,4,32,77.873
32,2048,4,64,78.2143
32,2048,4,128,81.3497
32,2048,4,256,85.328
32,2048,4,512,93.1577
32,2048,4,1024,109.295
32,2048,4,2048,141.923
32,2048,4,4096,266.611
32,2048,4,8192,461.621
32,2048,4,16384,711.636
32,2048,8,16,82.7477
32,2048,8,32,82.898
32,2048,8,64,83.217
32,2048,8,128,90.459
32,2048,8,256,98.3957
32,2048,8,512,114.074
32,2048,8,1024,145.263
32,2048,8,2048,208.619
32,2048,8,4096,394.339
32,2048,8,8192,657.193
32,2048,8,16384,1165.7
32,2048,16,16,93.4787
32,2048,16,32,93.8197
32,2048,16,64,94.491
32,2048,16,128,108.465
32,2048,16,256,124.538
32,2048,16,512,155.525
32,2048,16,1024,217.239
32,2048,16,2048,343.219
32,2048,16,4096,653.176
32,2048,16,8192,1169.37
32,2048,16,16384,2177.12
32,2048,32,16,118.77
32,2048,32,32,119.186
32,2048,32,64,120.103
32,2048,32,128,148.102
32,2048,32,256,176.998
32,2048,32,512,237.901
32,2048,32,1024,361.644
32,2048,32,2048,613.735
32,2048,32,4096,1128.8
32,2048,32,8192,2159.71
32,2048,32,16384,4192.82
32,2048,64,16,161.16
32,2048,64,32,162.428
32,2048,64,64,165.021
32,2048,64,128,225.085
32,2048,64,256,292.795
32,2048,64,512,429.947
32,2048,64,1024,669.4
32,2048,64,2048,1286.43
32,2048,64,4096,2409.84
32,2048,64,8192,4795.4
32,2048,64,16384,11050.3
32,2048,128,16,243.668
32,2048,128,32,246.068
32,2048,128,64,251.347
32,2048,128,128,373.224
32,2048,128,256,523.049
32,2048,128,512,813.736
32,2048,128,1024,1462.13
32,2048,128,2048,4552.67
32,2048,128,4096,9072.7
32,2048,128,8192,18044
32,2048,128,16384,36060.1
32,4096,0,0,136.694
32,4096,1,16,136.011
32,4096,1,32,136.075
32,4096,1,64,135.862
32,4096,1,128,135.968
32,4096,1,256,136.171
32,4096,1,512,136.224
32,4096,1,1024,136.203
32,4096,1,2048,136.246
32,4096,1,4096,137.782
32,4096,1,8192,265.175
32,4096,1,16384,520.514
32,4096,2,16,135.853
32,4096,2,32,135.873
32,4096,2,64,135.914
32,4096,2,128,136.259
32,4096,2,256,136.398
32,4096,2,512,136.442
32,4096,2,1024,136.58
32,4096,2,2048,136.826
32,4096,2,4096,137.881
32,4096,2,8192,265.765
32,4096,2,16384,521.803
32,4096,4,16,140.1
32,4096,4,32,140.112
32,4096,4,64,140.099
32,4096,4,128,143.821
32,4096,4,256,148.067
32,4096,4,512,155.31
32,4096,4,1024,171.47
32,4096,4,2048,203.906
32,4096,4,4096,268.844
32,4096,4,8192,519.584
32,4096,4,16384,900.682
32,4096,8,16,144.795
32,4096,8,32,144.997
32,4096,8,64,145.52
32,4096,8,128,152.453
32,4096,8,256,160.29
32,4096,8,512,176.003
32,4096,8,1024,207.254
32,4096,8,2048,270.42
32,4096,8,4096,400.431
32,4096,8,8192,769.859
32,4096,8,16384,1298.05
32,4096,16,16,155.928
32,4096,16,32,155.812
32,4096,16,64,156.281
32,4096,16,128,170.563
32,4096,16,256,186.283
32,4096,16,512,217.687
32,4096,16,1024,279.699
32,4096,16,2048,404.689
32,4096,16,4096,664.312
32,4096,16,8192,1286.89
32,4096,16,16384,2348.76
32,4096,32,16,180.346
32,4096,32,32,180.932
32,4096,32,64,181.776
32,4096,32,128,214.413
32,4096,32,256,249.646
32,4096,32,512,301.337
32,4096,32,1024,425.641
32,4096,32,2048,675.023
32,4096,32,4096,1202.51
32,4096,32,8192,2287.69
32,4096,32,16384,4415.68
32,4096,64,16,223.962
32,4096,64,32,225.179
32,4096,64,64,228.624
32,4096,64,128,294.287
32,4096,64,256,366.512
32,4096,64,512,493.667
32,4096,64,1024,759.103
32,4096,64,2048,1373.34
32,4096,64,4096,2706.43
32,4096,64,8192,6278.01
32,4096,64,16384,14154.6
32,4096,128,16,314.751
32,4096,128,32,316.513
32,4096,128,64,320.691
32,4096,128,128,444.818
32,4096,128,256,594.783
32,4096,128,512,895.901
32,4096,128,1024,1523.75
32,4096,128,2048,4599.39
32,4096,128,4096,9111.66
32,4096,128,8192,18115.5
32,4096,128,16384,36071.9
32,8192,0,0,264.774
32,8192,1,16,264.005
32,8192,1,32,263.762
32,8192,1,64,263.915
32,8192,1,128,263.964
32,8192,1,256,264.146
32,8192,1,512,264.328
32,8192,1,1024,264.19
32,8192,1,2048,264.04
32,8192,1,4096,264.179
32,8192,1,8192,265.631
32,8192,1,16384,520.156
32,8192,2,16,263.878
32,8192,2,32,263.787
32,8192,2,64,263.732
32,8192,2,128,263.987
32,8192,2,256,263.965
32,8192,2,512,264.423
32,8192,2,1024,264.315
32,8192,2,2048,264.623
32,8192,2,4096,264.66
32,8192,2,8192,265.853
32,8192,2,16384,521.645
32,8192,4,16,264.368
32,8192,4,32,265.523
32,8192,4,64,264.631
32,8192,4,128,268.061
32,8192,4,256,272.723
32,8192,4,512,279.858
32,8192,4,1024,296.327
32,8192,4,2048,328.141
32,8192,4,4096,393.305
32,8192,4,8192,527.601
32,8192,4,16384,1026.59
32,8192,8,16,269.062
32,8192,8,32,269.3
32,8192,8,64,270.053
32,8192,8,128,276.742
32,8192,8,256,284.475
32,8192,8,512,300.604
32,8192,8,1024,331.482
32,8192,8,2048,395.159
32,8192,8,4096,522.515
32,8192,8,8192,788.538
32,8192,8,16384,1525.52
32,8192,16,16,280.009
32,8192,16,32,279.853
32,8192,16,64,280.556
32,8192,16,128,295.295
32,8192,16,256,310.718
32,8192,16,512,341.562
32,8192,16,1024,404.089
32,8192,16,2048,529.989
32,8192,16,4096,787.314
32,8192,16,8192,1310.1
32,8192,16,16384,2546.72
32,8192,32,16,304.182
32,8192,32,32,305.047
32,8192,32,64,305.825
32,8192,32,128,338.295
32,8192,32,256,373.173
32,8192,32,512,443.752
32,8192,32,1024,553.022
32,8192,32,2048,801.159
32,8192,32,4096,1374.59
32,8192,32,8192,2368.35
32,8192,32,16384,4549.18
32,8192,64,16,348.218
32,8192,64,32,349.434
32,8192,64,64,352.411
32,8192,64,128,418.831
32,8192,64,256,494.255
32,8192,64,512,638.849
32,8192,64,1024,887.806
32,8192,64,2048,1605.91
32,8192,64,4096,2985.53
32,8192,64,8192,5471.7
32,8192,64,16384,15505.5
32,8192,128,16,440.387
32,8192,128,32,443.454
32,8192,128,64,448.627
32,8192,128,128,582.665
32,8192,128,256,737.148
32,8192,128,512,1035.3
32,8192,128,1024,1690.96
32,8192,128,2048,4760.59
32,8192,128,4096,9180.06
32,8192,128,8192,18172.1
32,8192,128,16384,36101.2
32,16384,0,0,519.486
32,16384,1,16,518.549
32,16384,1,32,518.698
32,16384,1,64,518.547
32,16384,1,128,518.897
32,16384,1,256,518.816
32,16384,1,512,518.586
32,16384,1,1024,519.059
32,16384,1,2048,519.228
32,16384,1,4096,519.61
32,16384,1,8192,519.274
32,16384,1,16384,521.124
32,16384,2,16,518.345
32,16384,2,32,518.544
32,16384,2,64,518.727
32,16384,2,128,519.067
32,16384,2,256,519.172
32,16384,2,512,519.153
32,16384,2,1024,519.388
32,16384,2,2048,518.708
32,16384,2,4096,519.27
32,16384,2,8192,520.223
32,16384,2,16384,521.941
32,16384,4,16,518.865
32,16384,4,32,518.928
32,16384,4,64,518.828
32,16384,4,128,520.23
32,16384,4,256,522.353
32,16384,4,512,529.328
32,16384,4,1024,544.869
32,16384,4,2048,577.488
32,16384,4,4096,641.741
32,16384,4,8192,779.366
32,16384,4,16384,1043.11
32,16384,8,16,519.11
32,16384,8,32,518.667
32,16384,8,64,520.209
32,16384,8,128,524.905
32,16384,8,256,533.696
32,16384,8,512,548.517
32,16384,8,1024,580.233
32,16384,8,2048,643.759
32,16384,8,4096,771.624
32,16384,8,8192,1032.89
32,16384,8,16384,1559.59
32,16384,16,16,529.185
32,16384,16,32,528.149
32,16384,16,64,529.62
32,16384,16,128,542.828
32,16384,16,256,559.221
32,16384,16,512,590.12
32,16384,16,1024,651.489
32,16384,16,2048,779.433
32,16384,16,4096,1037.26
32,16384,16,8192,1551.79
32,16384,16,16384,2584.23
32,16384,32,16,552.175
32,16384,32,32,552.702
32,16384,32,64,554.693
32,16384,32,128,586.221
32,16384,32,256,621.533
32,16384,32,512,690.954
32,16384,32,1024,831.022
32,16384,32,2048,1070.26
32,16384,32,4096,1666.41
32,16384,32,8192,2731
32,16384,32,16384,4689.15
32,16384,64,16,596.696
32,16384,64,32,596.789
32,16384,64,64,601.258
32,16384,64,128,666.391
32,16384,64,256,743.722
32,16384,64,512,890.283
32,16384,64,1024,1173.7
32,16384,64,2048,1827.92
32,16384,64,4096,3544.93
32,16384,64,8192,6366.48
32,16384,64,16384,13374.4
32,16384,128,16,688.826
32,16384,128,32,691.824
32,16384,128,64,696.53
32,16384,128,128,835.057
32,16384,128,256,1001.79
32,16384,128,512,1309.04
32,16384,128,1024,1998.74
32,16384,128,2048,5146.32
32,16384,128,4096,9533.23
32,16384,128,8192,18322.3
32,16384,128,16384,36228.3
64,0,0,0,10.1863
64,0,1,16,10.1757
64,0,1,32,10.282
64,0,1,64,10.2387
64,0,1,128,13.087
64,0,1,256,16.906
64,0,1,512,24.7987
64,0,1,1024,40.4363
64,0,1,2048,72.5727
64,0,1,4096,136.689
64,0,1,8192,264.942
64,0,1,16384,520.094
64,0,2,16,10.2287
64,0,2,32,10.3037
64,0,2,64,10.3247
64,0,2,128,13.0983
64,0,2,256,17.1087
64,0,2,512,25.001
64,0,2,1024,40.9367
64,0,2,2048,72.881
64,0,2,4096,137.775
64,0,2,8192,265.661
64,0,2,16384,521.235
64,0,4,16,15.647
64,0,4,32,15.6793
64,0,4,64,15.818
64,0,4,128,21.6737
64,0,4,256,29.8227
64,0,4,512,43.2297
64,0,4,1024,59.6673
64,0,4,2048,90.7577
64,0,4,4096,153.368
64,0,4,8192,279.819
64,0,4,16384,527.181
64,0,8,16,20.906
64,0,8,32,21.183
64,0,8,64,21.3433
64,0,8,128,30.9213
64,0,8,256,42.9307
64,0,8,512,59.6247
64,0,8,1024,90.72
64,0,8,2048,153.764
64,0,8,4096,279.616
64,0,8,8192,534.255
64,0,8,16384,1044.27
64,0,16,16,31.124
64,0,16,32,31.5717
64,0,16,64,32.2023
64,0,16,128,49.0113
64,0,16,256,67.529
64,0,16,512,98.588
64,0,16,1024,161.456
64,0,16,2048,287.949
64,0,16,4096,538.769
64,0,16,8192,1053.27
64,0,16,16384,2073.12
64,0,32,16,52.4897
64,0,32,32,53.2037
64,0,32,64,54.2803
64,0,32,128,83.3367
64,0,32,256,116.306
64,0,32,512,179.042
64,0,32,1024,304.846
64,0,32,2048,556.136
64,0,32,4096,1058.02
64,0,32,8192,2090.38
64,0,32,16384,4130.33
64,0,64,16,93.653
64,0,64,32,94.8673
64,0,64,64,96.4253
64,0,64,128,158.792
64,0,64,256,229.618
64,0,64,512,365.839
64,0,64,1024,634.391
64,0,64,2048,1169.44
64,0,64,4096,2337.91
64,0,64,8192,4769.87
64,0,64,16384,12765.3
64,0,128,16,175.255
64,0,128,32,176.563
64,0,128,64,180.394
64,0,128,128,309.151
64,0,128,256,470.43
64,0,128,512,774.144
64,0,128,1024,1431
64,0,128,2048,4520.75
64,0,128,4096,9040.29
64,0,128,8192,18041.8
64,0,128,16384,36037
64,16,0,0,10.1653
64,16,1,16,10.2713
64,16,1,32,10.2617
64,16,1,64,10.2613
64,16,1,128,13.088
64,16,1,256,17.0557
64,16,1,512,24.7243
64,16,1,1024,40.4463
64,16,1,2048,72.6903
64,16,1,4096,136.676
64,16,1,8192,264.925
64,16,1,16384,520.002
64,16,2,16,10.218
64,16,2,32,10.3557
64,16,2,64,10.357
64,16,2,128,13.2263
64,16,2,256,17.097
64,16,2,512,25.0437
64,16,2,1024,40.7553
64,16,2,2048,73.042
64,16,2,4096,137.742
64,16,2,8192,265.615
64,16,2,16384,521.143
64,16,4,16,15.6263
64,16,4,32,15.7537
64,16,4,64,15.9027
64,16,4,128,21.7063
64,16,4,256,29.8763
64,16,4,512,43.519
64,16,4,1024,59.5493
64,16,4,2048,91.0787
64,16,4,4096,153.06
64,16,4,8192,277.492
64,16,4,16384,528.599
64,16,8,16,20.9057
64,16,8,32,21.2043
64,16,8,64,21.514
64,16,8,128,30.9313
64,16,8,256,42.9107
64,16,8,512,59.293
64,16,8,1024,90.7893
64,16,8,2048,153.496
64,16,8,4096,279.317
64,16,8,8192,534.041
64,16,8,16384,1047.2
64,16,16,16,31.3697
64,16,16,32,31.668
64,16,16,64,32.319
64,16,16,128,49.0117
64,16,16,256,67.5603
64,16,16,512,98.801
64,16,16,1024,161.667
64,16,16,2048,288.308
64,16,16,4096,539.175
64,16,16,8192,1052.38
64,16,16,16384,2073.49
64,16,32,16,52.4037
64,16,32,32,53.077
64,16,32,64,54.3447
64,16,32,128,83.6813
64,16,32,256,116.178
64,16,32,512,179.707
64,16,32,1024,305.015
64,16,32,2048,556.155
64,16,32,4096,1059.08
64,16,32,8192,2091.76
64,16,32,16384,4124.65
64,16,64,16,93.5993
64,16,64,32,94.764
64,16,64,64,96.6303
64,16,64,128,158.775
64,16,64,256,228.759
64,16,64,512,366.613
64,16,64,1024,634.34
64,16,64,2048,1172.49
64,16,64,4096,2341.65
64,16,64,8192,4737.56
64,16,64,16384,11138.8
64,16,128,16,175.147
64,16,128,32,176.886
64,16,128,64,180.374
64,16,128,128,307.329
64,16,128,256,470.349
64,16,128,512,773.896
64,16,128,1024,1431.21
64,16,128,2048,4525.79
64,16,128,4096,9042.95
64,16,128,8192,17999.1
64,16,128,16384,36045.3
64,32,0,0,10.2503
64,32,1,16,10.229
64,32,1,32,10.3147
64,32,1,64,10.293
64,32,1,128,13.0653
64,32,1,256,17.1083
64,32,1,512,24.798
64,32,1,1024,40.4353
64,32,1,2048,72.6147
64,32,1,4096,136.753
64,32,1,8192,264.734
64,32,1,16384,519.663
64,32,2,16,10.2077
64,32,2,32,10.314
64,32,2,64,10.4
64,32,2,128,13.1933
64,32,2,256,17.087
64,32,2,512,25.076
64,32,2,1024,41.0113
64,32,2,2048,72.7753
64,32,2,4096,137.753
64,32,2,8192,265.669
64,32,2,16384,521.12
64,32,4,16,15.7427
64,32,4,32,15.8177
64,32,4,64,15.936
64,32,4,128,21.695
64,32,4,256,29.834
64,32,4,512,43.8383
64,32,4,1024,59.986
64,32,4,2048,90.993
64,32,4,4096,152.718
64,32,4,8192,277.776
64,32,4,16384,527.981
64,32,8,16,21.0883
64,32,8,32,21.2147
64,32,8,64,21.6423
64,32,8,128,30.975
64,32,8,256,42.9527
64,32,8,512,60.7333
64,32,8,1024,90.3633
64,32,8,2048,154.437
64,32,8,4096,279.637
64,32,8,8192,532.44
64,32,8,16384,1044.57
64,32,16,16,31.2523
64,32,16,32,31.5513
64,32,16,64,32.276
64,32,16,128,48.9693
64,32,16,256,67.741
64,32,16,512,98.8337
64,32,16,1024,161.615
64,32,16,2048,288.172
64,32,16,4096,539.27
64,32,16,8192,1053.04
64,32,16,16384,2074.01
64,32,32,16,52.3817
64,32,32,32,53.2357
64,32,32,64,54.3647
64,32,32,128,83.5037
64,32,32,256,116.663
64,32,32,512,179.301
64,32,32,1024,305.346
64,32,32,2048,556.406
64,32,32,4096,1059.08
64,32,32,8192,2090.47
64,32,32,16384,4128.47
64,32,64,16,93.7693
64,32,64,32,94.9323
64,32,64,64,96.5633
64,32,64,128,159.059
64,32,64,256,230.088
64,32,64,512,367.087
64,32,64,1024,633.349
64,32,64,2048,1171
64,32,64,4096,2341.75
64,32,64,8192,4840.25
64,32,64,16384,11586
64,32,128,16,175.295
64,32,128,32,177.098
64,32,128,64,180.81
64,32,128,128,309.055
64,32,128,256,469.898
64,32,128,512,779.016
64,32,128,1024,1430.54
64,32,128,2048,4527.97
64,32,128,4096,9038.09
64,32,128,8192,18054.5
64,32,128,16384,36039.7
64,64,0,0,10.3033
64,64,1,16,10.218
64,64,1,32,10.3567
64,64,1,64,10.3673
64,64,1,128,13.279
64,64,1,256,16.8417
64,64,1,512,24.841
64,64,1,1024,40.4457
64,64,1,2048,72.5833
64,64,1,4096,136.738
64,64,1,8192,264.711
64,64,1,16384,519.754
64,64,2,16,10.2077
64,64,2,32,10.2723
64,64,2,64,10.485
64,64,2,128,13.172
64,64,2,256,17.1403
64,64,2,512,25.0967
64,64,2,1024,41.0107
64,64,2,2048,72.912
64,64,2,4096,137.729
64,64,2,8192,265.539
64,64,2,16384,521.012
64,64,4,16,15.7857
64,64,4,32,15.8387
64,64,4,64,16.063
64,64,4,128,21.6947
64,64,4,256,29.7583
64,64,4,512,43.709
64,64,4,1024,59.8353
64,64,4,2048,90.981
64,64,4,4096,153.355
64,64,4,8192,278.502
64,64,4,16384,529.032
64,64,8,16,21.0123
64,64,8,32,21.311
64,64,8,64,21.6723
64,64,8,128,30.964
64,64,8,256,42.8447
64,64,8,512,60.0173
64,64,8,1024,91.332
64,64,8,2048,154.336
64,64,8,4096,280.196
64,64,8,8192,534.061
64,64,8,16384,1044.34
64,64,16,16,31.3367
64,64,16,32,31.6567
64,64,16,64,32.3397
64,64,16,128,49.01
64,64,16,256,67.868
64,64,16,512,99.0123
64,64,16,1024,161.376
64,64,16,2048,288.188
64,64,16,4096,539.908
64,64,16,8192,1052.65
64,64,16,16384,2074.78
64,64,32,16,52.509
64,64,32,32,53.2667
64,64,32,64,54.45
64,64,32,128,83.4417
64,64,32,256,116.506
64,64,32,512,177.964
64,64,32,1024,305.129
64,64,32,2048,555.913
64,64,32,4096,1059.07
64,64,32,8192,2090.36
64,64,32,16384,4129.83
64,64,64,16,93.9073
64,64,64,32,95.111
64,64,64,64,96.8283
64,64,64,128,158.469
64,64,64,256,230.135
64,64,64,512,367.23
64,64,64,1024,634.166
64,64,64,2048,1168.23
64,64,64,4096,2334.4
64,64,64,8192,4794.55
64,64,64,16384,11393.5
64,64,128,16,175.59
64,64,128,32,177.105
64,64,128,64,181.307
64,64,128,128,306.116
64,64,128,256,471.477
64,64,128,512,773.467
64,64,128,1024,1431.79
64,64,128,2048,4526.05
64,64,128,4096,9037.55
64,64,128,8192,18005.8
64,64,128,16384,36054.7
64,128,0,0,14.037
64,128,1,16,13.4077
64,128,1,32,13.407
64,128,1,64,13.4707
64,128,1,128,13.824
64,128,1,256,17.0543
64,128,1,512,24.7983
64,128,1,1024,40.4563
64,128,1,2048,72.5067
64,128,1,4096,136.685
64,128,1,8192,264.75
64,128,1,16384,519.986
64,128,2,16,13.4713
64,128,2,32,13.5033
64,128,2,64,13.4927
64,128,2,128,13.8867
64,128,2,256,17.119
64,128,2,512,25.033
64,128,2,1024,40.914
64,128,2,2048,72.945
64,128,2,4096,137.729
64,128,2,8192,265.712
64,128,2,16384,521.278
64,128,4,16,19.71
64,128,4,32,19.871
64,128,4,64,20.0947
64,128,4,128,23.3473
64,128,4,256,29.6623
64,128,4,512,45.5863
64,128,4,1024,71.3133
64,128,4,2048,103.215
64,128,4,4096,165.536
64,128,4,8192,289.486
64,128,4,16384,537.507
64,128,8,16,24.9907
64,128,8,32,25.2357
64,128,8,64,25.5987
64,128,8,128,32.5523
64,128,8,256,42.8027
64,128,8,512,66.1933
64,128,8,1024,98.296
64,128,8,2048,161.143
64,128,8,4096,287.108
64,128,8,8192,542.191
64,128,8,16384,1047.94
64,128,16,16,35.2083
64,128,16,32,35.55
64,128,16,64,36.0393
64,128,16,128,50.6213
64,128,16,256,68.572
64,128,16,512,106.672
64,128,16,1024,169.611
64,128,16,2048,296.058
64,128,16,4096,547.154
64,128,16,8192,1057.28
64,128,16,16384,2076.72
64,128,32,16,55.752
64,128,32,32,56.4133
64,128,32,64,57.5757
64,128,32,128,86.2353
64,128,32,256,119.227
64,128,32,512,183.031
64,128,32,1024,309.415
64,128,32,2048,561.734
64,128,32,4096,1062.77
64,128,32,8192,2095.39
64,128,32,16384,4128.43
64,128,64,16,93.724
64,128,64,32,95.09
64,128,64,64,98.322
64,128,64,128,160.624
64,128,64,256,235.578
64,128,64,512,371.904
64,128,64,1024,638.006
64,128,64,2048,1169.15
64,128,64,4096,2336.92
64,128,64,8192,4732.41
64,128,64,16384,10090.2
64,128,128,16,175.27
64,128,128,32,177.222
64,128,128,64,182.31
64,128,128,128,311.032
64,128,128,256,472.277
64,128,128,512,790.037
64,128,128,1024,1435.1
64,128,128,2048,4530.92
64,128,128,4096,9037.74
64,128,128,8192,18055
64,128,128,16384,36052.4
64,256,0,0,17.7813
64,256,1,16,17.3107
64,256,1,32,17.311
64,256,1,64,17.3533
64,256,1,128,17.396
64,256,1,256,17.6843
64,256,1,512,24.937
64,256,1,1024,40.563
64,256,1,2048,72.5497
64,256,1,4096,136.737
64,256,1,8192,264.851
64,256,1,16384,519.819
64,256,2,16,17.375
64,256,2,32,17.375
64,256,2,64,17.3967
64,256,2,128,17.492
64,256,2,256,17.7263
64,256,2,512,25.204
64,256,2,1024,41.0643
64,256,2,2048,73.1273
64,256,2,4096,137.869
64,256,2,8192,265.485
64,256,2,16384,521.247
64,256,4,16,23.582
64,256,4,32,23.721
64,256,4,64,23.8593
64,256,4,128,27.369
64,256,4,256,31.4857
64,256,4,512,45.4797
64,256,4,1024,76.507
64,256,4,2048,113.623
64,256,4,4096,175.891
64,256,4,8192,301.699
64,256,4,16384,551.383
64,256,8,16,28.9573
64,256,8,32,29.342
64,256,8,64,29.4267
64,256,8,128,36.4567
64,256,8,256,44.519
64,256,8,512,66.087
64,256,8,1024,106.392
64,256,8,2048,168.758
64,256,8,4096,295.683
64,256,8,8192,549.345
64,256,8,16384,1055.08
64,256,16,16,39.4003
64,256,16,32,39.6353
64,256,16,64,40.275
64,256,16,128,54.4607
64,256,16,256,70.2677
64,256,16,512,107.023
64,256,16,1024,176.939
64,256,16,2048,303.684
64,256,16,4096,554.03
64,256,16,8192,1062.76
64,256,16,16384,2082.44
64,256,32,16,60.2427
64,256,32,32,60.892
64,256,32,64,61.896
64,256,32,128,90.085
64,256,32,256,121.433
64,256,32,512,186.435
64,256,32,1024,313.32
64,256,32,2048,565.96
64,256,32,4096,1067.27
64,256,32,8192,2100.32
64,256,32,16384,4131.57
64,256,64,16,100.188
64,256,64,32,101.255
64,256,64,64,102.919
64,256,64,128,160.998
64,256,64,256,238.072
64,256,64,512,376.904
64,256,64,1024,642.383
64,256,64,2048,1173.64
64,256,64,4096,2338.39
64,256,64,8192,4730.39
64,256,64,16384,12159.3
64,256,128,16,179.335
64,256,128,32,181.405
64,256,128,64,186.727
64,256,128,128,313.529
64,256,128,256,471.084
64,256,128,512,795.6
64,256,128,1024,1442.59
64,256,128,2048,4530.1
64,256,128,4096,9044.87
64,256,128,8192,18005.3
64,256,128,16384,36049
64,512,0,0,25.5023
64,512,1,16,25.108
64,512,1,32,25.075
64,512,1,64,25.2893
64,512,1,128,25.3523
64,512,1,256,25.4173
64,512,1,512,25.534
64,512,1,1024,40.6263
64,512,1,2048,72.7107
64,512,1,4096,136.77
64,512,1,8192,264.744
64,512,1,16384,520.159
64,512,2,16,25.129
64,512,2,32,25.1833
64,512,2,64,25.1497
64,512,2,128,25.311
64,512,2,256,25.3847
64,512,2,512,25.6843
64,512,2,1024,40.9787
64,512,2,2048,73.0723
64,512,2,4096,137.901
64,512,2,8192,265.806
64,512,2,16384,521.444
64,512,4,16,31.539
64,512,4,32,31.635
64,512,4,64,31.7313
64,512,4,128,35.2617
64,512,4,256,39.3573
64,512,4,512,47.1117
64,512,4,1024,77.072
64,512,4,2048,136.525
64,512,4,4096,199.155
64,512,4,8192,324.313
64,512,4,16384,574.369
64,512,8,16,36.744
64,512,8,32,36.926
64,512,8,64,37.384
64,512,8,128,44.425
64,512,8,256,52.4127
64,512,8,512,67.8987
64,512,8,1024,112.824
64,512,8,2048,183.764
64,512,8,4096,310.383
64,512,8,8192,565.452
64,512,8,16384,1072.67
64,512,16,16,47.1763
64,512,16,32,47.6347
64,512,16,64,48.403
64,512,16,128,62.365
64,512,16,256,78.044
64,512,16,512,108.878
64,512,16,1024,184.693
64,512,16,2048,318.618
64,512,16,4096,570.447
64,512,16,8192,1074.84
64,512,16,16384,2090.67
64,512,32,16,68.2947
64,512,32,32,68.9673
64,512,32,64,70.2687
64,512,32,128,98.3213
64,512,32,256,129.092
64,512,32,512,191.074
64,512,32,1024,322.046
64,512,32,2048,573.557
64,512,32,4096,1078.26
64,512,32,8192,2105.45
64,512,32,16384,4140.56
64,512,64,16,109.319
64,512,64,32,110.342
64,512,64,64,112.508
64,512,64,128,170.884
64,512,64,256,238.402
64,512,64,512,384.116
64,512,64,1024,649.963
64,512,64,2048,1181.21
64,512,64,4096,2346.44
64,512,64,8192,4729.52
64,512,64,16384,11434.4
64,512,128,16,188.198
64,512,128,32,190.865
64,512,128,64,196.7
64,512,128,128,317.679
64,512,128,256,481.803
64,512,128,512,799.141
64,512,128,1024,1451.48
64,512,128,2048,4536.82
64,512,128,4096,9046.4
64,512,128,8192,18062.9
64,512,128,16384,36057.9
64,1024,0,0,41.4477
64,1024,1,16,40.7753
64,1024,1,32,40.7983
64,1024,1,64,40.786
64,1024,1,128,40.8953
64,1024,1,256,40.9147
64,1024,1,512,41.0207
64,1024,1,1024,41.5657
64,1024,1,2048,72.6793
64,1024,1,4096,137.261
64,1024,1,8192,264.975
64,1024,1,16384,520.178
64,1024,2,16,40.8193
64,1024,2,32,40.786
64,1024,2,64,40.798
64,1024,2,128,40.9997
64,1024,2,256,41.1917
64,1024,2,512,41.3093
64,1024,2,1024,41.853
64,1024,2,2048,73.457
64,1024,2,4096,137.964
64,1024,2,8192,265.66
64,1024,2,16384,521.611
64,1024,4,16,47.1113
64,1024,4,32,47.1333
64,1024,4,64,47.2717
64,1024,4,128,50.6843
64,1024,4,256,54.9507
64,1024,4,512,62.7367
64,1024,4,1024,78.6943
64,1024,4,2048,140.438
64,1024,4,4096,246.065
64,1024,4,8192,371.711
64,1024,4,16384,621.003
64,1024,8,16,52.3493
64,1024,8,32,52.4973
64,1024,8,64,53.0957
64,1024,8,128,59.89
64,1024,8,256,68.0707
64,1024,8,512,83.429
64,1024,8,1024,114.873
64,1024,8,2048,206.602
64,1024,8,4096,341.409
64,1024,8,8192,596.539
64,1024,8,16384,1104.03
64,1024,16,16,62.8013
64,1024,16,32,63.325
64,1024,16,64,64.0073
64,1024,16,128,78.0333
64,1024,16,256,93.755
64,1024,16,512,124.464
64,1024,16,1024,186.464
64,1024,16,2048,340.823
64,1024,16,4096,601.842
64,1024,16,8192,1108.61
64,1024,16,16384,2113.48
64,1024,32,16,84.5513
64,1024,32,32,85.4033
64,1024,32,64,86.7267
64,1024,32,128,114.341
64,1024,32,256,144.938
64,1024,32,512,206.284
64,1024,32,1024,331.911
64,1024,32,2048,589.739
64,1024,32,4096,1092.74
64,1024,32,8192,2123.38
64,1024,32,16384,4159.22
64,1024,64,16,125.361
64,1024,64,32,127.068
64,1024,64,64,130.044
64,1024,64,128,188.901
64,1024,64,256,259.393
64,1024,64,512,384.991
64,1024,64,1024,668.545
64,1024,64,2048,1200.16
64,1024,64,4096,2358.58
64,1024,64,8192,4746.8
64,1024,64,16384,9743.76
64,1024,128,16,208.027
64,1024,128,32,210.172
64,1024,128,64,214.971
64,1024,128,128,335.502
64,1024,128,256,484.951
64,1024,128,512,807.963
64,1024,128,1024,1461.14
64,1024,128,2048,4545.94
64,1024,128,4096,9059.42
64,1024,128,8192,18015.9
64,1024,128,16384,36084.4
64,2048,0,0,73.3413
64,2048,1,16,72.6993
64,2048,1,32,72.7533
64,2048,1,64,72.668
64,2048,1,128,72.656
64,2048,1,256,72.7103
64,2048,1,512,72.8173
64,2048,1,1024,73.0953
64,2048,1,2048,73.6693
64,2048,1,4096,137.345
64,2048,1,8192,265.159
64,2048,1,16384,520.043
64,2048,2,16,72.657
64,2048,2,32,72.7313
64,2048,2,64,72.669
64,2048,2,128,72.8803
64,2048,2,256,72.9557
64,2048,2,512,72.988
64,2048,2,1024,73.4567
64,2048,2,2048,73.735
64,2048,2,4096,137.858
64,2048,2,8192,265.732
64,2048,2,16384,521.26
64,2048,4,16,78.693
64,2048,4,32,78.3097
64,2048,4,64,78.7343
64,2048,4,128,81.7433
64,2048,4,256,85.9247
64,2048,4,512,93.7993
64,2048,4,1024,109.891
64,2048,4,2048,142.465
64,2048,4,4096,266.595
64,2048,4,8192,468.198
64,2048,4,16384,715.311
64,2048,8,16,83.2803
64,2048,8,32,83.5247
64,2048,8,64,84.0163
64,2048,8,128,90.757
64,2048,8,256,98.8083
64,2048,8,512,114.467
64,2048,8,1024,145.57
64,2048,8,2048,208.968
64,2048,8,4096,394.729
64,2048,8,8192,657.577
64,2048,8,16384,1166.05
64,2048,16,16,93.7227
64,2048,16,32,94.374
64,2048,16,64,94.7993
64,2048,16,128,108.995
64,2048,16,256,124.899
64,2048,16,512,155.607
64,2048,16,1024,217.685
64,2048,16,2048,343.299
64,2048,16,4096,652.727
64,2048,16,8192,1168.84
64,2048,16,16384,2175.7
64,2048,32,16,119.238
64,2048,32,32,119.771
64,2048,32,64,120.774
64,2048,32,128,148.526
64,2048,32,256,177.261
64,2048,32,512,238.508
64,2048,32,1024,362.076
64,2048,32,2048,613.973
64,2048,32,4096,1127.44
64,2048,32,8192,2161.9
64,2048,32,16384,4195.4
64,2048,64,16,161.541
64,2048,64,32,162.95
64,2048,64,64,165.264
64,2048,64,128,226.437
64,2048,64,256,292.14
64,2048,64,512,430.92
64,2048,64,1024,670.446
64,2048,64,2048,1289.36
64,2048,64,4096,2410.01
64,2048,64,8192,4771.47
64,2048,64,16384,9780.09
64,2048,128,16,244.027
64,2048,128,32,246.677
64,2048,128,64,251.771
64,2048,128,128,373.166
64,2048,128,256,522.519
64,2048,128,512,812.657
64,2048,128,1024,1460.93
64,2048,128,2048,4565.52
64,2048,128,4096,9070.88
64,2048,128,8192,18088.3
64,2048,128,16384,36047.8
64,4096,0,0,137.099
64,4096,1,16,136.316
64,4096,1,32,136.279
64,4096,1,64,136.42
64,4096,1,128,136.418
64,4096,1,256,136.43
64,4096,1,512,136.449
64,4096,1,1024,136.653
64,4096,1,2048,136.975
64,4096,1,4096,138.306
64,4096,1,8192,264.926
64,4096,1,16384,519.968
64,4096,2,16,136.343
64,4096,2,32,136.339
64,4096,2,64,136.45
64,4096,2,128,136.662
64,4096,2,256,136.567
64,4096,2,512,136.682
64,4096,2,1024,136.909
64,4096,2,2048,137.75
64,4096,2,4096,138.402
64,4096,2,8192,265.978
64,4096,2,16384,520.725
64,4096,4,16,140.685
64,4096,4,32,140.736
64,4096,4,64,141.261
64,4096,4,128,144.054
64,4096,4,256,148.194
64,4096,4,512,156.363
64,4096,4,1024,172.362
64,4096,4,2048,204.788
64,4096,4,4096,269.392
64,4096,4,8192,520.366
64,4096,4,16384,910.697
64,4096,8,16,145.868
64,4096,8,32,145.624
64,4096,8,64,146.05
64,4096,8,128,153.08
64,4096,8,256,161.079
64,4096,8,512,176.149
64,4096,8,1024,207.988
64,4096,8,2048,271.185
64,4096,8,4096,400.686
64,4096,8,8192,770.331
64,4096,8,16384,1300.23
64,4096,16,16,155.853
64,4096,16,32,156.112
64,4096,16,64,156.909
64,4096,16,128,170.915
64,4096,16,256,186.742
64,4096,16,512,217.63
64,4096,16,1024,280.38
64,4096,16,2048,404.577
64,4096,16,4096,664.398
64,4096,16,8192,1283.58
64,4096,16,16384,2346.87
64,4096,32,16,181.121
64,4096,32,32,181.508
64,4096,32,64,182.424
64,4096,32,128,214.711
64,4096,32,256,250.121
64,4096,32,512,301.949
64,4096,32,1024,425.766
64,4096,32,2048,675.547
64,4096,32,4096,1201.96
64,4096,32,8192,2282.36
64,4096,32,16384,4419.94
64,4096,64,16,224.195
64,4096,64,32,225.689
64,4096,64,64,229.004
64,4096,64,128,292.866
64,4096,64,256,365.748
64,4096,64,512,492.691
64,4096,64,1024,759.403
64,4096,64,2048,1383.57
64,4096,64,4096,2706.22
64,4096,64,8192,7047.65
64,4096,64,16384,12946
64,4096,128,16,315.481
64,4096,128,32,317.253
64,4096,128,64,320.485
64,4096,128,128,443.235
64,4096,128,256,598.197
64,4096,128,512,897.202
64,4096,128,1024,1526.81
64,4096,128,2048,4602.24
64,4096,128,4096,9114.76
64,4096,128,8192,18068
64,4096,128,16384,36096.6
64,8192,0,0,264.975
64,8192,1,16,264.249
64,8192,1,32,264.482
64,8192,1,64,264.263
64,8192,1,128,264.241
64,8192,1,256,264.171
64,8192,1,512,264.344
64,8192,1,1024,264.741
64,8192,1,2048,264.945
64,8192,1,4096,265.617
64,8192,1,8192,265.945
64,8192,1,16384,519.991
64,8192,2,16,264.22
64,8192,2,32,264.229
64,8192,2,64,264.005
64,8192,2,128,264.528
64,8192,2,256,264.657
64,8192,2,512,264.57
64,8192,2,1024,264.901
64,8192,2,2048,265.105
64,8192,2,4096,265.498
64,8192,2,8192,266.482
64,8192,2,16384,520.731
64,8192,4,16,265.489
64,8192,4,32,265.949
64,8192,4,64,265.712
64,8192,4,128,268.935
64,8192,4,256,272.786
64,8192,4,512,280.718
64,8192,4,1024,296.645
64,8192,4,2048,329.9
64,8192,4,4096,393.375
64,8192,4,8192,528.164
64,8192,4,16384,1028.83
64,8192,8,16,269.675
64,8192,8,32,269.689
64,8192,8,64,270.758
64,8192,8,128,277.007
64,8192,8,256,284.88
64,8192,8,512,300.676
64,8192,8,1024,331.851
64,8192,8,2048,395.789
64,8192,8,4096,524.645
64,8192,8,8192,786.312
64,8192,8,16384,1526.07
64,8192,16,16,279.888
64,8192,16,32,280.776
64,8192,16,64,280.913
64,8192,16,128,294.995
64,8192,16,256,310.757
64,8192,16,512,342.554
64,8192,16,1024,404.299
64,8192,16,2048,530.522
64,8192,16,4096,788.363
64,8192,16,8192,1309.79
64,8192,16,16384,2549.57
64,8192,32,16,304.842
64,8192,32,32,305.968
64,8192,32,64,306.515
64,8192,32,128,338.907
64,8192,32,256,374.322
64,8192,32,512,443.747
64,8192,32,1024,552.246
64,8192,32,2048,802.265
64,8192,32,4096,1376.76
64,8192,32,8192,2368.7
64,8192,32,16384,4550.11
64,8192,64,16,348.297
64,8192,64,32,350.113
64,8192,64,64,353.301
64,8192,64,128,418.72
64,8192,64,256,494.811
64,8192,64,512,638.643
64,8192,64,1024,888.242
64,8192,64,2048,1617.94
64,8192,64,4096,2985.5
64,8192,64,8192,5486.37
64,8192,64,16384,15221
64,8192,128,16,440.78
64,8192,128,32,443.928
64,8192,128,64,449.784
64,8192,128,128,584.735
64,8192,128,256,738.782
64,8192,128,512,1037.69
64,8192,128,1024,1692.4
64,8192,128,2048,4775.38
64,8192,128,4096,9179.4
64,8192,128,8192,18195.4
64,8192,128,16384,36114.6
64,16384,0,0,520.013
64,16384,1,16,519.192
64,16384,1,32,518.868
64,16384,1,64,519.203
64,16384,1,128,519.584
64,16384,1,256,519.434
64,16384,1,512,519.162
64,16384,1,1024,519.232
64,16384,1,2048,519.684
64,16384,1,4096,520.448
64,16384,1,8192,520.702
64,16384,1,16384,521.265
64,16384,2,16,519.004
64,16384,2,32,518.957
64,16384,2,64,518.644
64,16384,2,128,518.924
64,16384,2,256,519.33
64,16384,2,512,519.344
64,16384,2,1024,520.075
64,16384,2,2048,520.68
64,16384,2,4096,520.729
64,16384,2,8192,521.176
64,16384,2,16384,521.902
64,16384,4,16,519.246
64,16384,4,32,519.627
64,16384,4,64,519.445
64,16384,4,128,520.181
64,16384,4,256,523.384
64,16384,4,512,530.335
64,16384,4,1024,546.326
64,16384,4,2048,578.683
64,16384,4,4096,642.864
64,16384,4,8192,780.228
64,16384,4,16384,1043.02
64,16384,8,16,519.557
64,16384,8,32,519.423
64,16384,8,64,520.56
64,16384,8,128,525.889
64,16384,8,256,533.408
64,16384,8,512,548.984
64,16384,8,1024,580.947
64,16384,8,2048,644.833
64,16384,8,4096,773.124
64,16384,8,8192,1033.94
64,16384,8,16384,1558.28
64,16384,16,16,528.698
64,16384,16,32,529.012
64,16384,16,64,529.936
64,16384,16,128,543.637
64,16384,16,256,559.492
64,16384,16,512,590.485
64,16384,16,1024,653.195
64,16384,16,2048,778.961
64,16384,16,4096,1037.88
64,16384,16,8192,1548.26
64,16384,16,16384,2589.1
64,16384,32,16,553.345
64,16384,32,32,553.501
64,16384,32,64,555.029
64,16384,32,128,587.165
64,16384,32,256,622.885
64,16384,32,512,691.707
64,16384,32,1024,831.372
64,16384,32,2048,1072.12
64,16384,32,4096,1669.09
64,16384,32,8192,2727.01
64,16384,32,16384,4683.09
64,16384,64,16,596.674
64,16384,64,32,598.661
64,16384,64,64,601.411
64,16384,64,128,666.579
64,16384,64,256,742.356
64,16384,64,512,887.824
64,16384,64,1024,1173.8
64,16384,64,2048,1831.5
64,16384,64,4096,3553.24
64,16384,64,8192,6650.53
64,16384,64,16384,12835.8
64,16384,128,16,689.217
64,16384,128,32,691.734
64,16384,128,64,697.034
64,16384,128,128,834.661
64,16384,128,256,1003.03
64,16384,128,512,1307.71
64,16384,128,1024,2000.55
64,16384,128,2048,5138.58
64,16384,128,4096,9553.81
64,16384,128,8192,18280.3
64,16384,128,16384,36263.6
128,0,0,0,10.4843
128,0,1,16,10.3353
128,0,1,32,10.346
128,0,1,64,10.4853
128,0,1,128,13.2363
128,0,1,256,17.183
128,0,1,512,25.001
128,0,1,1024,41.138
128,0,1,2048,73.7893
128,0,1,4096,139.106
128,0,1,8192,269.77
128,0,1,16384,529.238
128,0,2,16,10.8043
128,0,2,32,10.9433
128,0,2,64,10.9327
128,0,2,128,14.5373
128,0,2,256,18.527
128,0,2,512,26.2493
128,0,2,1024,42.0673
128,0,2,2048,73.468
128,0,2,4096,137.943
128,0,2,8192,265.819
128,0,2,16384,521.743
128,0,4,16,16.116
128,0,4,32,16.2227
128,0,4,64,16.3617
128,0,4,128,22.185
128,0,4,256,30.0677
128,0,4,512,45.5433
128,0,4,1024,66.247
128,0,4,2048,97.2533
128,0,4,4096,159.938
128,0,4,8192,285.244
128,0,4,16384,533.617
128,0,8,16,21.716
128,0,8,32,21.8333
128,0,8,64,22.2173
128,0,8,128,31.583
128,0,8,256,43.475
128,0,8,512,66.227
128,0,8,1024,97.6903
128,0,8,2048,160.181
128,0,8,4096,284.818
128,0,8,8192,536.978
128,0,8,16384,1045.76
128,0,16,16,32.7023
128,0,16,32,32.8197
128,0,16,64,33.3537
128,0,16,128,50.1307
128,0,16,256,69.5863
128,0,16,512,104.069
128,0,16,1024,166.755
128,0,16,2048,291.826
128,0,16,4096,543.495
128,0,16,8192,1054.37
128,0,16,16384,2075.65
128,0,32,16,54.835
128,0,32,32,55.507
128,0,32,64,56.6263
128,0,32,128,87.378
128,0,32,256,122.32
128,0,32,512,185.945
128,0,32,1024,312.137
128,0,32,2048,563.299
128,0,32,4096,1065.49
128,0,32,8192,2095.17
128,0,32,16384,4130.82
128,0,64,16,99.2497
128,0,64,32,100.338
128,0,64,64,102.439
128,0,64,128,164.347
128,0,64,256,236.345
128,0,64,512,374.742
128,0,64,1024,642.118
128,0,64,2048,1177.12
128,0,64,4096,2345.12
128,0,64,8192,4656.38
128,0,64,16384,11262.8
128,0,128,16,187.069
128,0,128,32,188.946
128,0,128,64,192.957
128,0,128,128,317.392
128,0,128,256,484.077
128,0,128,512,809.759
128,0,128,1024,1459.03
128,0,128,2048,4530.87
128,0,128,4096,9046.56
128,0,128,8192,18015.1
128,0,128,16384,36056.1
128,16,0,0,13.6837
128,16,1,16,13.759
128,16,1,32,13.823
128,16,1,64,13.8443
128,16,1,128,13.9623
128,16,1,256,17.183
128,16,1,512,25.055
128,16,1,1024,41.182
128,16,1,2048,73.9147
128,16,1,4096,139.234
128,16,1,8192,269.466
128,16,1,16384,529.399
128,16,2,16,14.271
128,16,2,32,14.2817
128,16,2,64,14.4097
128,16,2,128,14.5163
128,16,2,256,18.463
128,16,2,512,26.3347
128,16,2,1024,42.0143
128,16,2,2048,73.4887
128,16,2,4096,137.922
128,16,2,8192,265.884
128,16,2,16384,521.666
128,16,4,16,19.9343
128,16,4,32,19.9877
128,16,4,64,20.0943
128,16,4,128,22.7827
128,16,4,256,30.1423
128,16,4,512,45.5757
128,16,4,1024,73.5417
128,16,4,2048,104.953
128,16,4,4096,166.889
128,16,4,8192,293.483
128,16,4,16384,544.348
128,16,8,16,25.385
128,16,8,32,25.5883
128,16,8,64,25.8223
128,16,8,128,32.041
128,16,8,256,43.485
128,16,8,512,66.6407
128,16,8,1024,104.111
128,16,8,2048,167.032
128,16,8,4096,292.37
128,16,8,8192,544.551
128,16,8,16384,1050.32
128,16,16,16,36.489
128,16,16,32,36.596
128,16,16,64,37.2787
128,16,16,128,50.6003
128,16,16,256,69.628
128,16,16,512,107.803
128,16,16,1024,171.821
128,16,16,2048,297.576
128,16,16,4096,549.14
128,16,16,8192,1059.75
128,16,16,16384,2078.19
128,16,32,16,58.3977
128,16,32,32,58.835
128,16,32,64,60.0723
128,16,32,128,87.8257
128,16,32,256,122.405
128,16,32,512,190.904
128,16,32,1024,317.639
128,16,32,2048,567.991
128,16,32,4096,1068.84
128,16,32,8192,2097.81
128,16,32,16384,4132.72
128,16,64,16,101.224
128,16,64,32,102.109
128,16,64,64,103.998
128,16,64,128,165.669
128,16,64,256,238.149
128,16,64,512,377.921
128,16,64,1024,645.561
128,16,64,2048,1178.92
128,16,64,4096,2343.91
128,16,64,8192,4664.26
128,16,64,16384,13042.2
128,16,128,16,187.893
128,16,128,32,189.906
128,16,128,64,194.023
128,16,128,128,318.053
128,16,128,256,481.624
128,16,128,512,810.09
128,16,128,1024,1465.86
128,16,128,2048,4535.97
128,16,128,4096,9038.9
128,16,128,8192,18066
128,16,128,16384,36071
128,32,0,0,13.631
128,32,1,16,13.844
128,32,1,32,13.8553
128,32,1,64,13.8767
128,32,1,128,13.9937
128,32,1,256,17.109
128,32,1,512,25.119
128,32,1,1024,41.1713
128,32,1,2048,73.9903
128,32,1,4096,139.002
128,32,1,8192,269.371
128,32,1,16384,530.058
128,32,2,16,14.4097
128,32,2,32,14.4843
128,32,2,64,14.4217
128,32,2,128,14.5167
128,32,2,256,18.495
128,32,2,512,26.3763
128,32,2,1024,42.0903
128,32,2,2048,73.322
128,32,2,4096,138.059
128,32,2,8192,265.914
128,32,2,16384,521.281
128,32,4,16,19.9347
128,32,4,32,19.9123
128,32,4,64,19.9983
128,32,4,128,22.837
128,32,4,256,30.174
128,32,4,512,45.693
128,32,4,1024,73.6693
128,32,4,2048,105.039
128,32,4,4096,167.434
128,32,4,8192,291.822
128,32,4,16384,542.555
128,32,8,16,25.492
128,32,8,32,25.6517
128,32,8,64,25.801
128,32,8,128,32.104
128,32,8,256,43.454
128,32,8,512,66.6087
128,32,8,1024,104.836
128,32,8,2048,166.817
128,32,8,4096,292.187
128,32,8,8192,543.816
128,32,8,16384,1053.7
128,32,16,16,36.5317
128,32,16,32,36.7447
128,32,16,64,37.3097
128,32,16,128,50.6777
128,32,16,256,69.596
128,32,16,512,107.952
128,32,16,1024,171.927
128,32,16,2048,297.918
128,32,16,4096,549.14
128,32,16,8192,1058.87
128,32,16,16384,2076.33
128,32,32,16,58.323
128,32,32,32,58.8987
128,32,32,64,60.318
128,32,32,128,87.9317
128,32,32,256,122.364
128,32,32,512,191.193
128,32,32,1024,317.014
128,32,32,2048,568.395
128,32,32,4096,1069.33
128,32,32,8192,2096.98
128,32,32,16384,4132.15
128,32,64,16,101.504
128,32,64,32,102.301
128,32,64,64,104.222
128,32,64,128,165.756
128,32,64,256,237.795
128,32,64,512,377.346
128,32,64,1024,645.746
128,32,64,2048,1180.59
128,32,64,4096,2337.82
128,32,64,8192,4690.13
128,32,64,16384,13115.9
128,32,128,16,187.912
128,32,128,32,189.789
128,32,128,64,193.852
128,32,128,128,318.171
128,32,128,256,481.71
128,32,128,512,809.801
128,32,128,1024,1463.08
128,32,128,2048,4528.73
128,32,128,4096,9051.77
128,32,128,8192,18056.7
128,32,128,16384,36073.3
128,64,0,0,13.7273
128,64,1,16,13.9193
128,64,1,32,13.962
128,64,1,64,14.0373
128,64,1,128,14.015
128,64,1,256,17.2253
128,64,1,512,25.0547
128,64,1,1024,41.1823
128,64,1,2048,73.9067
128,64,1,4096,139.217
128,64,1,8192,269.781
128,64,1,16384,529.415
128,64,2,16,14.4747
128,64,2,32,14.6123
128,64,2,64,14.5057
128,64,2,128,14.6447
128,64,2,256,18.4523
128,64,2,512,26.3667
128,64,2,1024,41.9377
128,64,2,2048,73.3077
128,64,2,4096,137.944
128,64,2,8192,265.851
128,64,2,16384,521.632
128,64,4,16,19.946
128,64,4,32,20.0417
128,64,4,64,20.127
128,64,4,128,23.029
128,64,4,256,30.0987
128,64,4,512,45.7047
128,64,4,1024,74.054
128,64,4,2048,105.081
128,64,4,4096,167.246
128,64,4,8192,292.101
128,64,4,16384,541.95
128,64,8,16,25.6733
128,64,8,32,25.6517
128,64,8,64,25.908
128,64,8,128,32.2223
128,64,8,256,43.55
128,64,8,512,66.6523
128,64,8,1024,104.527
128,64,8,2048,167.404
128,64,8,4096,292.881
128,64,8,8192,544.734
128,64,8,16384,1048.67
128,64,16,16,36.638
128,64,16,32,36.9153
128,64,16,64,37.3633
128,64,16,128,50.696
128,64,16,256,69.6283
128,64,16,512,107.995
128,64,16,1024,172.215
128,64,16,2048,298.824
128,64,16,4096,549.954
128,64,16,8192,1059.78
128,64,16,16384,2078.11
128,64,32,16,58.5577
128,64,32,32,59.0593
128,64,32,64,59.997
128,64,32,128,88.0387
128,64,32,256,122.396
128,64,32,512,191.032
128,64,32,1024,317.899
128,64,32,2048,568.194
128,64,32,4096,1069.73
128,64,32,8192,2098.18
128,64,32,16384,4131.49
128,64,64,16,101.523
128,64,64,32,102.492
128,64,64,64,104.242
128,64,64,128,165.638
128,64,64,256,238.021
128,64,64,512,378.135
128,64,64,1024,646.854
128,64,64,2048,1177.43
128,64,64,4096,2342.26
128,64,64,8192,4662.94
128,64,64,16384,11813
128,64,128,16,187.954
128,64,128,32,189.971
128,64,128,64,194.109
128,64,128,128,318.524
128,64,128,256,480.921
128,64,128,512,811.251
128,64,128,1024,1462.79
128,64,128,2048,4537.72
128,64,128,4096,9044.65
128,64,128,8192,18058
128,64,128,16384,36030.1
128,128,0,0,14.4737
128,128,1,16,14.1223
128,128,1,32,14.1327
128,128,1,64,14.2503
128,128,1,128,14.1963
128,128,1,256,17.322
128,128,1,512,25.0323
128,128,1,1024,41.1497
128,128,1,2048,73.8723
128,128,1,4096,139.276
128,128,1,8192,269.489
128,128,1,16384,529.183
128,128,2,16,14.8467
128,128,2,32,14.8363
128,128,2,64,14.9857
128,128,2,128,14.9213
128,128,2,256,18.6333
128,128,2,512,26.377
128,128,2,1024,42.0557
128,128,2,2048,73.403
128,128,2,4096,138.027
128,128,2,8192,265.847
128,128,2,16384,521.383
128,128,4,16,20.5857
128,128,4,32,20.6177
128,128,4,64,20.852
128,128,4,128,23.8383
128,128,4,256,30.1633
128,128,4,512,46.035
128,128,4,1024,77.126
128,128,4,2048,113.07
128,128,4,4096,175.691
128,128,4,8192,300.059
128,128,4,16384,549.244
128,128,8,16,26.1957
128,128,8,32,26.217
128,128,8,64,26.6013
128,128,8,128,33.5123
128,128,8,256,43.7417
128,128,8,512,67.111
128,128,8,1024,109.434
128,128,8,2048,172.25
128,128,8,4096,297.805
128,128,8,8192,547.891
128,128,8,16384,1053.71
128,128,16,16,37.3097
128,128,16,32,37.4813
128,128,16,64,37.918
128,128,16,128,52.094
128,128,16,256,69.9597
128,128,16,512,108.538
128,128,16,1024,175.108
128,128,16,2048,300.349
128,128,16,4096,551.881
128,128,16,8192,1062.24
128,128,16,16384,2080.49
128,128,32,16,59.283
128,128,32,32,59.88
128,128,32,64,61.1067
128,128,32,128,89.0207
128,128,32,256,122.767
128,128,32,512,191.93
128,128,32,1024,320.126
128,128,32,2048,571.15
128,128,32,4096,1073.87
128,128,32,8192,2100.93
128,128,32,16384,4133.84
128,128,64,16,102.609
128,128,64,32,103.507
128,128,64,64,105.352
128,128,64,128,167.238
128,128,64,256,240.847
128,128,64,512,378.741
128,128,64,1024,648.446
128,128,64,2048,1178.6
128,128,64,4096,2339.35
128,128,64,8192,4745.16
128,128,64,16384,12578.1
128,128,128,16,189.021
128,128,128,32,191.09
128,128,128,64,195.198
128,128,128,128,319.697
128,128,128,256,480.687
128,128,128,512,815.583
128,128,128,1024,1468.48
128,128,128,2048,4535.97
128,128,128,4096,9056.34
128,128,128,8192,18052.5
128,128,128,16384,36071.7
128,256,0,0,18.2183
128,256,1,16,18.1217
128,256,1,32,18.1533
128,256,1,64,18.2707
128,256,1,128,18.09
128,256,1,256,18.2173
128,256,1,512,25.1407
128,256,1,1024,41.2357
128,256,1,2048,73.9483
128,256,1,4096,139.32
128,256,1,8192,269.845
128,256,1,16384,529.754
128,256,2,16,18.815
128,256,2,32,18.857
128,256,2,64,18.8357
128,256,2,128,18.8787
128,256,2,256,19.0283
128,256,2,512,26.452
128,256,2,1024,42.0777
128,256,2,2048,73.436
128,256,2,4096,137.982
128,256,2,8192,266.011
128,256,2,16384,521.938
128,256,4,16,24.702
128,256,4,32,24.8093
128,256,4,64,24.9697
128,256,4,128,28.3073
128,256,4,256,31.913
128,256,4,512,45.863
128,256,4,1024,77.34
128,256,4,2048,128.707
128,256,4,4096,190.719
128,256,4,8192,315.336
128,256,4,16384,564.808
128,256,8,16,30.964
128,256,8,32,31.2307
128,256,8,64,31.3267
128,256,8,128,37.7367
128,256,8,256,45.3627
128,256,8,512,67.0793
128,256,8,1024,113.103
128,256,8,2048,183.714
128,256,8,4096,309.756
128,256,8,8192,558.6
128,256,8,16384,1061.54
128,256,16,16,42.8033
128,256,16,32,43.0503
128,256,16,64,43.358
128,256,16,128,56.5193
128,256,16,256,71.9433
128,256,16,512,108.624
128,256,16,1024,182.467
128,256,16,2048,308.498
128,256,16,4096,559.191
128,256,16,8192,1072.65
128,256,16,16384,2083.43
128,256,32,16,65.043
128,256,32,32,65.47
128,256,32,64,66.3127
128,256,32,128,93.2873
128,256,32,256,124.592
128,256,32,512,192.452
128,256,32,1024,328.213
128,256,32,2048,579.014
128,256,32,4096,1080.37
128,256,32,8192,2105.25
128,256,32,16384,4135.82
128,256,64,16,108.202
128,256,64,32,109.159
128,256,64,64,110.941
128,256,64,128,169.052
128,256,64,256,243.716
128,256,64,512,384.321
128,256,64,1024,651.195
128,256,64,2048,1183.54
128,256,64,4096,2344.94
128,256,64,8192,4652.77
128,256,64,16384,10016.6
128,256,128,16,193.758
128,256,128,32,195.752
128,256,128,64,199.773
128,256,128,128,322.598
128,256,128,256,478.681
128,256,128,512,813.398
128,256,128,1024,1473.62
128,256,128,2048,4541.13
128,256,128,4096,9053.73
128,256,128,8192,18074.2
128,256,128,16384,36046.6
128,512,0,0,26.111
128,512,1,16,26.3243
128,512,1,32,26.3557
128,512,1,64,26.3883
128,512,1,128,26.409
128,512,1,256,26.3557
128,512,1,512,26.5157
128,512,1,1024,41.416
128,512,1,2048,73.97
128,512,1,4096,139.415
128,512,1,8192,269.822
128,512,1,16384,530.251
128,512,2,16,26.5473
128,512,2,32,26.601
128,512,2,64,26.8253
128,512,2,128,26.7083
128,512,2,256,26.9103
128,512,2,512,27.0273
128,512,2,1024,42.3113
128,512,2,2048,73.67
128,512,2,4096,138.008
128,512,2,8192,266.064
128,512,2,16384,521.607
128,512,4,16,32.489
128,512,4,32,32.605
128,512,4,64,32.703
128,512,4,128,36.1793
128,512,4,256,40.222
128,512,4,512,47.6343
128,512,4,1024,77.5107
128,512,4,2048,140.077
128,512,4,4096,221.128
128,512,4,8192,345.85
128,512,4,16384,595.494
128,512,8,16,39.71
128,512,8,32,40.083
128,512,8,64,40.2107
128,512,8,128,46.792
128,512,8,256,53.6497
128,512,8,512,68.7427
128,512,8,1024,113.615
128,512,8,2048,206.079
128,512,8,4096,332.623
128,512,8,8192,582.578
128,512,8,16384,1086.66
128,512,16,16,53.565
128,512,16,32,53.8107
128,512,16,64,54.216
128,512,16,128,65.9693
128,512,16,256,80.071
128,512,16,512,110.64
128,512,16,1024,186.316
128,512,16,2048,323.314
128,512,16,4096,575.319
128,512,16,8192,1090.38
128,512,16,16384,2098.17
128,512,32,16,76.0397
128,512,32,32,76.3067
128,512,32,64,77.374
128,512,32,128,103.3
128,512,32,256,132.741
128,512,32,512,194.649
128,512,32,1024,333.967
128,512,32,2048,594.35
128,512,32,4096,1096.86
128,512,32,8192,2115.18
128,512,32,16384,4152.65
128,512,64,16,119.506
128,512,64,32,120.35
128,512,64,64,121.938
128,512,64,128,179.919
128,512,64,256,246.896
128,512,64,512,392.236
128,512,64,1024,662.303
128,512,64,2048,1194.93
128,512,64,4096,2354.64
128,512,64,8192,4652.57
128,512,64,16384,9773.77
128,512,128,16,205.192
128,512,128,32,207.112
128,512,128,64,210.888
128,512,128,128,328.529
128,512,128,256,486.543
128,512,128,512,802.998
128,512,128,1024,1471.92
128,512,128,2048,4539.08
128,512,128,4096,9060.4
128,512,128,8192,18047
128,512,128,16384,36046.1
128,1024,0,0,42.1653
128,1024,1,16,42.1333
128,1024,1,32,42.343
128,1024,1,64,42.2057
128,1024,1,128,42.2273
128,1024,1,256,42.195
128,1024,1,512,42.238
128,1024,1,1024,42.3757
128,1024,1,2048,74.267
128,1024,1,4096,139.948
128,1024,1,8192,269.936
128,1024,1,16384,530.02
128,1024,2,16,42.187
128,1024,2,32,42.464
128,1024,2,64,42.4937
128,1024,2,128,42.304
128,1024,2,256,42.517
128,1024,2,512,42.7523
128,1024,2,1024,42.963
128,1024,2,2048,74.1443
128,1024,2,4096,138.346
128,1024,2,8192,266.086
128,1024,2,16384,521.858
128,1024,4,16,48.1273
128,1024,4,32,48.275
128,1024,4,64,48.5417
128,1024,4,128,52.0107
128,1024,4,256,55.9897
128,1024,4,512,63.455
128,1024,4,1024,79.2507
128,1024,4,2048,140.987
128,1024,4,4096,266.551
128,1024,4,8192,408.107
128,1024,4,16384,659.293
128,1024,8,16,55.421
128,1024,8,32,55.5707
128,1024,8,64,55.782
128,1024,8,128,63.4843
128,1024,8,256,71.2813
128,1024,8,512,84.7283
128,1024,8,1024,115.908
128,1024,8,2048,208.154
128,1024,8,4096,379.419
128,1024,8,8192,630.283
128,1024,8,16384,1130.3
128,1024,16,16,70.237
128,1024,16,32,70.525
128,1024,16,64,71.0803
128,1024,16,128,88.2623
128,1024,16,256,105.03
128,1024,16,512,126.864
128,1024,16,1024,189.144
128,1024,16,2048,343.358
128,1024,16,4096,605.428
128,1024,16,8192,1121.58
128,1024,16,16384,2136.55
128,1024,32,16,96.1177
128,1024,32,32,96.1607
128,1024,32,64,97.3977
128,1024,32,128,125.878
128,1024,32,256,157.142
128,1024,32,512,210.604
128,1024,32,1024,336.322
128,1024,32,2048,615.043
128,1024,32,4096,1127
128,1024,32,8192,2144.17
128,1024,32,16384,4166.91
128,1024,64,16,140.598
128,1024,64,32,141.622
128,1024,64,64,143.122
128,1024,64,128,202.374
128,1024,64,256,266.981
128,1024,64,512,400.567
128,1024,64,1024,677.547
128,1024,64,2048,1221.65
128,1024,64,4096,2373
128,1024,64,8192,4660.74
128,1024,64,16384,13297.9
128,1024,128,16,227.229
128,1024,128,32,229.266
128,1024,128,64,232.873
128,1024,128,128,351.451
128,1024,128,256,499.503
128,1024,128,512,803.693
128,1024,128,1024,1461.95
128,1024,128,2048,4557.29
128,1024,128,4096,9065.69
128,1024,128,8192,18084.8
128,1024,128,16384,36051.6
128,2048,0,0,74.1817
128,2048,1,16,74.493
128,2048,1,32,74.4917
128,2048,1,64,74.504
128,2048,1,128,74.321
128,2048,1,256,74.4703
128,2048,1,512,74.526
128,2048,1,1024,74.716
128,2048,1,2048,75.0903
128,2048,1,4096,140.142
128,2048,1,8192,270.225
128,2048,1,16384,530.445
128,2048,2,16,73.9477
128,2048,2,32,73.9263
128,2048,2,64,74.033
128,2048,2,128,74.013
128,2048,2,256,74.0013
128,2048,2,512,74.0637
128,2048,2,1024,74.503
128,2048,2,2048,74.9187
128,2048,2,4096,138.573
128,2048,2,8192,266.225
128,2048,2,16384,521.915
128,2048,4,16,79.5257
128,2048,4,32,79.7497
128,2048,4,64,79.7067
128,2048,4,128,83.0777
128,2048,4,256,87.1097
128,2048,4,512,94.5757
128,2048,4,1024,110.511
128,2048,4,2048,142.382
128,2048,4,4096,267.164
128,2048,4,8192,519.153
128,2048,4,16384,787.132
128,2048,8,16,86.406
128,2048,8,32,86.706
128,2048,8,64,86.9607
128,2048,8,128,94.1923
128,2048,8,256,101.958
128,2048,8,512,117.572
128,2048,8,1024,147.428
128,2048,8,2048,210.315
128,2048,8,4096,397.093
128,2048,8,8192,723.365
128,2048,8,16384,1230.16
128,2048,16,16,101.405
128,2048,16,32,101.627
128,2048,16,64,102.225
128,2048,16,128,120.047
128,2048,16,256,140.058
128,2048,16,512,176.845
128,2048,16,1024,220.171
128,2048,16,2048,346.099
128,2048,16,4096,655.945
128,2048,16,8192,1182.81
128,2048,16,16384,2207.85
128,2048,32,16,131.717
128,2048,32,32,132.401
128,2048,32,64,133.531
128,2048,32,128,165.926
128,2048,32,256,194.51
128,2048,32,512,260.515
128,2048,32,1024,367.754
128,2048,32,2048,618.809
128,2048,32,4096,1180.64
128,2048,32,8192,2211.37
128,2048,32,16384,4232.92
128,2048,64,16,181.03
128,2048,64,32,181.318
128,2048,64,64,183.708
128,2048,64,128,244.505
128,2048,64,256,308.646
128,2048,64,512,439.583
128,2048,64,1024,698.366
128,2048,64,2048,1393.18
128,2048,64,4096,2484.64
128,2048,64,8192,4884.2
128,2048,64,16384,9768.14
128,2048,128,16,270.088
128,2048,128,32,271.879
128,2048,128,64,275.793
128,2048,128,128,395.078
128,2048,128,256,543.396
128,2048,128,512,836.077
128,2048,128,1024,1469.39
128,2048,128,2048,4571.05
128,2048,128,4096,9081.29
128,2048,128,8192,18081
128,2048,128,16384,36065.5
128,4096,0,0,137.89
128,4096,1,16,138.823
128,4096,1,32,138.968
128,4096,1,64,138.947
128,4096,1,128,138.864
128,4096,1,256,138.989
128,4096,1,512,139.163
128,4096,1,1024,139.47
128,4096,1,2048,139.867
128,4096,1,4096,141.438
128,4096,1,8192,270.032
128,4096,1,16384,529.989
128,4096,2,16,137.506
128,4096,2,32,137.634
128,4096,2,64,137.773
128,4096,2,128,137.847
128,4096,2,256,137.689
128,4096,2,512,137.688
128,4096,2,1024,138.041
128,4096,2,2048,138.679
128,4096,2,4096,139.127
128,4096,2,8192,266.323
128,4096,2,16384,521.715
128,4096,4,16,141.701
128,4096,4,32,141.794
128,4096,4,64,142.148
128,4096,4,128,145.293
128,4096,4,256,149.015
128,4096,4,512,157.155
128,4096,4,1024,173.014
128,4096,4,2048,205.388
128,4096,4,4096,269.893
128,4096,4,8192,521.519
128,4096,4,16384,1033.55
128,4096,8,16,148.866
128,4096,8,32,149.027
128,4096,8,64,149.091
128,4096,8,128,156.408
128,4096,8,256,164.226
128,4096,8,512,179.777
128,4096,8,1024,211.222
128,4096,8,2048,273.235
128,4096,8,4096,401.317
128,4096,8,8192,779.692
128,4096,8,16384,1431.23
128,4096,16,16,163.214
128,4096,16,32,163.395
128,4096,16,64,163.908
128,4096,16,128,182.294
128,4096,16,256,201.996
128,4096,16,512,240.629
128,4096,16,1024,316.552
128,4096,16,2048,408.73
128,4096,16,4096,666.185
128,4096,16,8192,1301.93
128,4096,16,16384,2383.25
128,4096,32,16,193.656
128,4096,32,32,194.169
128,4096,32,64,195.8
128,4096,32,128,234.766
128,4096,32,256,268.982
128,4096,32,512,343.155
128,4096,32,1024,463.766
128,4096,32,2048,680.834
128,4096,32,4096,1261.81
128,4096,32,8192,2557.65
128,4096,32,16384,5436.84
128,4096,64,16,252.666
128,4096,64,32,253.913
128,4096,64,64,255.792
128,4096,64,128,324.397
128,4096,64,256,394.765
128,4096,64,512,531.304
128,4096,64,1024,783.491
128,4096,64,2048,1477
128,4096,64,4096,2993.99
128,4096,64,8192,7849.4
128,4096,64,16384,15591.7
128,4096,128,16,350.485
128,4096,128,32,352.144
128,4096,128,64,356.368
128,4096,128,128,479.78
128,4096,128,256,625.154
128,4096,128,512,919.211
128,4096,128,1024,1554.01
128,4096,128,2048,4608
128,4096,128,4096,9109.39
128,4096,128,8192,18121.7
128,4096,128,16384,36079.4
128,8192,0,0,265.97
128,8192,1,16,268.016
128,8192,1,32,268.319
128,8192,1,64,268.293
128,8192,1,128,268.446
128,8192,1,256,268.382
128,8192,1,512,268.357
128,8192,1,1024,268.819
128,8192,1,2048,269.127
128,8192,1,4096,269.823
128,8192,1,8192,271.516
128,8192,1,16384,530.22
128,8192,2,16,265.236
128,8192,2,32,265.467
128,8192,2,64,265.46
128,8192,2,128,265.393
128,8192,2,256,265.642
128,8192,2,512,265.37
128,8192,2,1024,265.733
128,8192,2,2048,266.419
128,8192,2,4096,266.855
128,8192,2,8192,267.656
128,8192,2,16384,522.356
128,8192,4,16,267.409
128,8192,4,32,268.926
128,8192,4,64,267.43
128,8192,4,128,270.461
128,8192,4,256,274.48
128,8192,4,512,282.18
128,8192,4,1024,298.566
128,8192,4,2048,330.446
128,8192,4,4096,394.552
128,8192,4,8192,529.715
128,8192,4,16384,1028.88
128,8192,8,16,272.732
128,8192,8,32,273.309
128,8192,8,64,273.865
128,8192,8,128,281.169
128,8192,8,256,288.509
128,8192,8,512,304.464
128,8192,8,1024,335.854
128,8192,8,2048,399.556
128,8192,8,4096,526.11
128,8192,8,8192,786.072
128,8192,8,16384,1552.82
128,8192,16,16,287.147
128,8192,16,32,288.818
128,8192,16,64,288.477
128,8192,16,128,306.761
128,8192,16,256,326.753
128,8192,16,512,364.445
128,8192,16,1024,443.213
128,8192,16,2048,597.682
128,8192,16,4096,790.424
128,8192,16,8192,1312.08
128,8192,16,16384,2592.97
128,8192,32,16,318.057
128,8192,32,32,318.558
128,8192,32,64,319.923
128,8192,32,128,358.781
128,8192,32,256,401.761
128,8192,32,512,487.224
128,8192,32,1024,625.464
128,8192,32,2048,869.76
128,8192,32,4096,1401.7
128,8192,32,8192,2485.02
128,8192,32,16384,5507.47
128,8192,64,16,376.792
128,8192,64,32,378.007
128,8192,64,64,379.977
128,8192,64,128,459.489
128,8192,64,256,548.126
128,8192,64,512,688.221
128,8192,64,1024,959.94
128,8192,64,2048,1639.26
128,8192,64,4096,3228.62
128,8192,64,8192,6151.62
128,8192,64,16384,16187.1
128,8192,128,16,494.276
128,8192,128,32,496.742
128,8192,128,64,501.198
128,8192,128,128,641.146
128,8192,128,256,788.514
128,8192,128,512,1080.02
128,8192,128,1024,1739.07
128,8192,128,2048,4771.88
128,8192,128,4096,9179.81
128,8192,128,8192,18156.7
128,8192,128,16384,36114.6
128,16384,0,0,521.463
128,16384,1,16,527.046
128,16384,1,32,526.878
128,16384,1,64,526.884
128,16384,1,128,526.796
128,16384,1,256,526.712
128,16384,1,512,526.784
128,16384,1,1024,527.404
128,16384,1,2048,527.278
128,16384,1,4096,528.204
128,16384,1,8192,529.317
128,16384,1,16384,531.914
128,16384,2,16,520.308
128,16384,2,32,520.388
128,16384,2,64,520.702
128,16384,2,128,520.999
128,16384,2,256,520.976
128,16384,2,512,520.25
128,16384,2,1024,521.113
128,16384,2,2048,521.607
128,16384,2,4096,522.158
128,16384,2,8192,522.91
128,16384,2,16384,523.94
128,16384,4,16,520.664
128,16384,4,32,523.196
128,16384,4,64,524.067
128,16384,4,128,524.381
128,16384,4,256,525.294
128,16384,4,512,534.12
128,16384,4,1024,548.273
128,16384,4,2048,582.253
128,16384,4,4096,644.897
128,16384,4,8192,781.458
128,16384,4,16384,1042.93
128,16384,8,16,523.397
128,16384,8,32,523.236
128,16384,8,64,523.839
128,16384,8,128,531.245
128,16384,8,256,537.461
128,16384,8,512,553.604
128,16384,8,1024,585.91
128,16384,8,2048,649.863
128,16384,8,4096,776.628
128,16384,8,8192,1035.24
128,16384,8,16384,1559.35
128,16384,16,16,537.086
128,16384,16,32,538.579
128,16384,16,64,539.891
128,16384,16,128,556.618
128,16384,16,256,575.802
128,16384,16,512,614.227
128,16384,16,1024,693.646
128,16384,16,2048,850.345
128,16384,16,4096,1164.8
128,16384,16,8192,1557.51
128,16384,16,16384,2589.94
128,16384,32,16,567.351
128,16384,32,32,567.828
128,16384,32,64,568.75
128,16384,32,128,607.114
128,16384,32,256,650.072
128,16384,32,512,735.421
128,16384,32,1024,907.218
128,16384,32,2048,1187.83
128,16384,32,4096,1767.13
128,16384,32,8192,2777.43
128,16384,32,16384,4970.89
128,16384,64,16,625.705
128,16384,64,32,626.638
128,16384,64,64,628.464
128,16384,64,128,708.154
128,16384,64,256,797.818
128,16384,64,512,976.311
128,16384,64,1024,1283.32
128,16384,64,2048,1951.2
128,16384,64,4096,3610.82
128,16384,64,8192,7333.51
128,16384,64,16384,14410.6
128,16384,128,16,743.158
128,16384,128,32,744.482
128,16384,128,64,749.899
128,16384,128,128,912.745
128,16384,128,256,1093.07
128,16384,128,512,1401.89
128,16384,128,1024,2071.76
128,16384,128,2048,5136.11
128,16384,128,4096,9546.41
128,16384,128,8192,18326.1
128,16384,128,16384,36213.5
256,0,0,0,14.9643
256,0,1,16,21.2993
256,0,1,32,21.247
256,0,1,64,21.3323
256,0,1,128,21.6523
256,0,1,256,25.311
256,0,1,512,32.8723
256,0,1,1024,48.605
256,0,1,2048,79.808
256,0,1,4096,142.178
256,0,1,8192,266.812
256,0,1,16384,522.009
256,0,2,16,21.9723
256,0,2,32,22.1537
256,0,2,64,22.2177
256,0,2,128,24.255
256,0,2,256,28.4353
256,0,2,512,36.2967
256,0,2,1024,51.89
256,0,2,2048,82.9393
256,0,2,4096,145.507
256,0,2,8192,270.087
256,0,2,16384,522.601
256,0,4,16,26.2273
256,0,4,32,26.0787
256,0,4,64,26.206
256,0,4,128,27.091
256,0,4,256,33.502
256,0,4,512,47.7613
256,0,4,1024,78.5663
256,0,4,2048,125.242
256,0,4,4096,187.82
256,0,4,8192,312.435
256,0,4,16384,563.315
256,0,8,16,32.2433
256,0,8,32,32.4463
256,0,8,64,32.7663
256,0,8,128,38.0143
256,0,8,256,47.7943
256,0,8,512,69.584
256,0,8,1024,114.842
256,0,8,2048,180.748
256,0,8,4096,306.45
256,0,8,8192,558.783
256,0,8,16384,1062.23
256,0,16,16,44.5733
256,0,16,32,44.861
256,0,16,64,45.2787
256,0,16,128,58.5783
256,0,16,256,76.0933
256,0,16,512,112.57
256,0,16,1024,185.772
256,0,16,2048,312.51
256,0,16,4096,561.825
256,0,16,8192,1070.99
256,0,16,16384,2086.7
256,0,32,16,68.9887
256,0,32,32,69.3523
256,0,32,64,70.2583
256,0,32,128,98.856
256,0,32,256,132.123
256,0,32,512,199.48
256,0,32,1024,331.637
256,0,32,2048,582.308
256,0,32,4096,1083.39
256,0,32,8192,2107.25
256,0,32,16384,4143.87
256,0,64,16,117.278
256,0,64,32,118.098
256,0,64,64,119.795
256,0,64,128,180.451
256,0,64,256,249.84
256,0,64,512,394.392
256,0,64,1024,662.16
256,0,64,2048,1193.12
256,0,64,4096,2357.17
256,0,64,8192,4627.7
256,0,64,16384,9528.75
256,0,128,16,215.903
256,0,128,32,217.596
256,0,128,64,220.882
256,0,128,128,343.217
256,0,128,256,501.465
256,0,128,512,831.672
256,0,128,1024,1495.36
256,0,128,2048,4545.46
256,0,128,4096,9062.29
256,0,128,8192,18051.5
256,0,128,16384,36088
256,16,0,0,18.5583
256,16,1,16,25.1083
256,16,1,32,25.0973
256,16,1,64,25.1293
256,16,1,128,27.2097
256,16,1,256,27.8913
256,16,1,512,35.52
256,16,1,1024,51.047
256,16,1,2048,82.0003
256,16,1,4096,143.961
256,16,1,8192,268.55
256,16,1,16384,521.8
256,16,2,16,26.196
256,16,2,32,26.121
256,16,2,64,26.2483
256,16,2,128,28.5953
256,16,2,256,30.356
256,16,2,512,38.1737
256,16,2,1024,53.887
256,16,2,2048,84.894
256,16,2,4096,146.907
256,16,2,8192,271.594
256,16,2,16384,522.844
256,16,4,16,30.5587
256,16,4,32,30.622
256,16,4,64,30.9427
256,16,4,128,32.7023
256,16,4,256,34.633
256,16,4,512,48.2633
256,16,4,1024,78.8747
256,16,4,2048,137.667
256,16,4,4096,200.854
256,16,4,8192,325.806
256,16,4,16384,575.261
256,16,8,16,36.894
256,16,8,32,37.022
256,16,8,64,37.4163
256,16,8,128,42.9203
256,16,8,256,49.1273
256,16,8,512,70.0753
256,16,8,1024,115.589
256,16,8,2048,191.722
256,16,8,4096,317.029
256,16,8,8192,565.249
256,16,8,16384,1071.76
256,16,16,16,49.5553
256,16,16,32,49.5767
256,16,16,64,50.2483
256,16,16,128,63.0273
256,16,16,256,77.4577
256,16,16,512,113.286
256,16,16,1024,189.187
256,16,16,2048,318.844
256,16,16,4096,570.369
256,16,16,8192,1076.82
256,16,16,16384,2091.13
256,16,32,16,74.2797
256,16,32,32,74.717
256,16,32,64,75.389
256,16,32,128,101.852
256,16,32,256,133.926
256,16,32,512,200.622
256,16,32,1024,337.238
256,16,32,2048,587.545
256,16,32,4096,1089.26
256,16,32,8192,2111.84
256,16,32,16384,4140.73
256,16,64,16,122.472
256,16,64,32,123.377
256,16,64,64,125.074
256,16,64,128,181.81
256,16,64,256,251.258
256,16,64,512,395.747
256,16,64,1024,666.132
256,16,64,2048,1195.72
256,16,64,4096,2350.15
256,16,64,8192,4628.46
256,16,64,16384,9566.66
256,16,128,16,219.404
256,16,128,32,220.979
256,16,128,64,224.179
256,16,128,128,344.443
256,16,128,256,499.974
256,16,128,512,833.559
256,16,128,1024,1497.73
256,16,128,2048,4548.83
256,16,128,4096,9065.06
256,16,128,8192,18041.6
256,16,128,16384,36049
256,32,0,0,18.858
256,32,1,16,25.2257
256,32,1,32,25.2257
256,32,1,64,25.1403
256,32,1,128,27.3377
256,32,1,256,28.0637
256,32,1,512,35.4433
256,32,1,1024,51.0487
256,32,1,2048,82.055
256,32,1,4096,144.44
256,32,1,8192,268.597
256,32,1,16384,521.796
256,32,2,16,26.1
256,32,2,32,26.3553
256,32,2,64,26.3133
256,32,2,128,28.4887
256,32,2,256,30.1853
256,32,2,512,38.0267
256,32,2,1024,53.6083
256,32,2,2048,84.6563
256,32,2,4096,147.171
256,32,2,8192,271.43
256,32,2,16384,522.769
256,32,4,16,30.5153
256,32,4,32,30.548
256,32,4,64,31.06
256,32,4,128,32.8087
256,32,4,256,34.7187
256,32,4,512,48.3283
256,32,4,1024,78.6943
256,32,4,2048,138.242
256,32,4,4096,200.437
256,32,4,8192,325.319
256,32,4,16384,575.238
256,32,8,16,37.0967
256,32,8,32,37.1293
256,32,8,64,37.2353
256,32,8,128,42.974
256,32,8,256,49.0533
256,32,8,512,69.917
256,32,8,1024,115.408
256,32,8,2048,191.352
256,32,8,4096,317.437
256,32,8,8192,565.738
256,32,8,16384,1073.3
256,32,16,16,49.5447
256,32,16,32,49.854
256,32,16,64,50.2797
256,32,16,128,62.9303
256,32,16,256,77.458
256,32,16,512,113.146
256,32,16,1024,189.025
256,32,16,2048,319.549
256,32,16,4096,570.372
256,32,16,8192,1076.32
256,32,16,16384,2092.46
256,32,32,16,74.3337
256,32,32,32,74.78
256,32,32,64,75.507
256,32,32,128,102.033
256,32,32,256,133.638
256,32,32,512,200.804
256,32,32,1024,337.269
256,32,32,2048,587.441
256,32,32,4096,1089.13
256,32,32,8192,2112.02
256,32,32,16384,4146.67
256,32,64,16,122.664
256,32,64,32,123.443
256,32,64,64,125.192
256,32,64,128,182.268
256,32,64,256,250.983
256,32,64,512,395.527
256,32,64,1024,665.909
256,32,64,2048,1194.24
256,32,64,4096,2351.91
256,32,64,8192,4618.03
256,32,64,16384,9605.79
256,32,128,16,219.336
256,32,128,32,220.957
256,32,128,64,223.966
256,32,128,128,344.774
256,32,128,256,500.763
256,32,128,512,830.637
256,32,128,1024,1497.03
256,32,128,2048,4550.52
256,32,128,4096,9058.14
256,32,128,8192,18071.3
256,32,128,16384,36061
256,64,0,0,19.028
256,64,1,16,25.173
256,64,1,32,25.1933
256,64,1,64,25.3327
256,64,1,128,27.5827
256,64,1,256,28.126
256,64,1,512,35.508
256,64,1,1024,50.9843
256,64,1,2048,82.016
256,64,1,4096,144.247
256,64,1,8192,268.204
256,64,1,16384,521.651
256,64,2,16,26.6007
256,64,2,32,26.4087
256,64,2,64,26.548
256,64,2,128,28.4997
256,64,2,256,30.3757
256,64,2,512,38.3333
256,64,2,1024,53.7147
256,64,2,2048,84.9547
256,64,2,4096,147.086
256,64,2,8192,271.868
256,64,2,16384,522.778
256,64,4,16,30.8257
256,64,4,32,30.8467
256,64,4,64,31.0587
256,64,4,128,32.9253
256,64,4,256,34.7727
256,64,4,512,48.2643
256,64,4,1024,78.854
256,64,4,2048,138.532
256,64,4,4096,201.291
256,64,4,8192,325.673
256,64,4,16384,576.175
256,64,8,16,37.0213
256,64,8,32,37.1823
256,64,8,64,37.4273
256,64,8,128,43.2083
256,64,8,256,49.0853
256,64,8,512,70.14
256,64,8,1024,115.493
256,64,8,2048,191.37
256,64,8,4096,317.064
256,64,8,8192,564.948
256,64,8,16384,1071.8
256,64,16,16,49.683
256,64,16,32,49.6727
256,64,16,64,50.376
256,64,16,128,63.0263
256,64,16,256,77.3517
256,64,16,512,113.371
256,64,16,1024,189.057
256,64,16,2048,319.988
256,64,16,4096,569.849
256,64,16,8192,1076.09
256,64,16,16384,2088.38
256,64,32,16,74.5453
256,64,32,32,74.75
256,64,32,64,75.5173
256,64,32,128,102.184
256,64,32,256,133.797
256,64,32,512,200.707
256,64,32,1024,336.962
256,64,32,2048,586.202
256,64,32,4096,1088.32
256,64,32,8192,2111.39
256,64,32,16384,4145.75
256,64,64,16,122.719
256,64,64,32,123.562
256,64,64,64,125.128
256,64,64,128,181.948
256,64,64,256,251.12
256,64,64,512,396.333
256,64,64,1024,665.809
256,64,64,2048,1195.22
256,64,64,4096,2352.94
256,64,64,8192,4628.18
256,64,64,16384,10934.2
256,64,128,16,219.488
256,64,128,32,220.861
256,64,128,64,224.329
256,64,128,128,344.465
256,64,128,256,500.346
256,64,128,512,832.782
256,64,128,1024,1496.78
256,64,128,2048,4548.58
256,64,128,4096,9060.9
256,64,128,8192,18025.2
256,64,128,16384,36081.9
256,128,0,0,19.2093
256,128,1,16,28.3723
256,128,1,32,28.4247
256,128,1,64,28.3397
256,128,1,128,28.969
256,128,1,256,29.5453
256,128,1,512,36.927
256,128,1,1024,52.7437
256,128,1,2048,83.9637
256,128,1,4096,146.256
256,128,1,8192,271.239
256,128,1,16384,521.992
256,128,2,16,28.8193
256,128,2,32,28.7033
256,128,2,64,28.8837
256,128,2,128,29.9077
256,128,2,256,32.2753
256,128,2,512,40.2007
256,128,2,1024,55.9437
256,128,2,2048,87.1313
256,128,2,4096,149.324
256,128,2,8192,273.931
256,128,2,16384,525.212
256,128,4,16,32.3283
256,128,4,32,32.372
256,128,4,64,32.3397
256,128,4,128,34.3007
256,128,4,256,36.9477
256,128,4,512,49.171
256,128,4,1024,79.2167
256,128,4,2048,141.457
256,128,4,4096,211.124
256,128,4,8192,336.091
256,128,4,16384,585.939
256,128,8,16,38.8777
256,128,8,32,39.0273
256,128,8,64,39.294
256,128,8,128,45.4487
256,128,8,256,52.1573
256,128,8,512,71.0573
256,128,8,1024,115.824
256,128,8,2048,197.013
256,128,8,4096,322.809
256,128,8,8192,574.015
256,128,8,16384,1077.92
256,128,16,16,51.55
256,128,16,32,51.7523
256,128,16,64,52.2747
256,128,16,128,65.6503
256,128,16,256,80.1993
256,128,16,512,114.641
256,128,16,1024,189.88
256,128,16,2048,324.232
256,128,16,4096,574.348
256,128,16,8192,1081.7
256,128,16,16384,2095.84
256,128,32,16,76.339
256,128,32,32,76.723
256,128,32,64,77.361
256,128,32,128,104.689
256,128,32,256,136.711
256,128,32,512,202.201
256,128,32,1024,338.838
256,128,32,2048,592.473
256,128,32,4096,1091.76
256,128,32,8192,2114.27
256,128,32,16384,4149.11
256,128,64,16,124.83
256,128,64,32,125.683
256,128,64,64,127.112
256,128,64,128,184.509
256,128,64,256,254.736
256,128,64,512,396.846
256,128,64,1024,668.67
256,128,64,2048,1196.76
256,128,64,4096,2359.17
256,128,64,8192,4648.2
256,128,64,16384,11087.3
256,128,128,16,221.501
256,128,128,32,223.102
256,128,128,64,226.387
256,128,128,128,347.412
256,128,128,256,500.773
256,128,128,512,829.689
256,128,128,1024,1495.82
256,128,128,2048,4550.94
256,128,128,4096,9060.75
256,128,128,8192,18072
256,128,128,16384,36076
256,256,0,0,23.4873
256,256,1,16,36.116
256,256,1,32,36.1577
256,256,1,64,36.095
256,256,1,128,36.2333
256,256,1,256,36.799
256,256,1,512,41.064
256,256,1,1024,56.681
256,256,1,2048,87.9317
256,256,1,4096,150.008
256,256,1,8192,274.359
256,256,1,16384,524.338
256,256,2,16,36.3187
256,256,2,32,36.179
256,256,2,64,36.3387
256,256,2,128,36.596
256,256,2,256,37.3203
256,256,2,512,44.2247
256,256,2,1024,59.9533
256,256,2,2048,91.0457
256,256,2,4096,153.389
256,256,2,8192,278.118
256,256,2,16384,529.362
256,256,4,16,38.3123
256,256,4,32,38.441
256,256,4,64,38.5257
256,256,4,128,41.684
256,256,4,256,42.1317
256,256,4,512,52.648
256,256,4,1024,79.6377
256,256,4,2048,141.655
256,256,4,4096,233.695
256,256,4,8192,358.427
256,256,4,16384,607.336
256,256,8,16,45.3093
256,256,8,32,45.566
256,256,8,64,45.6513
256,256,8,128,52.392
256,256,8,256,57.8737
256,256,8,512,73.9483
256,256,8,1024,116.516
256,256,8,2048,208.598
256,256,8,4096,337.073
256,256,8,8192,586.728
256,256,8,16384,1090.95
256,256,16,16,58.4607
256,256,16,32,58.592
256,256,16,64,58.9627
256,256,16,128,72.423
256,256,16,256,85.415
256,256,16,512,117.605
256,256,16,1024,190.872
256,256,16,2048,335.955
256,256,16,4096,586.168
256,256,16,8192,1092.15
256,256,16,16384,2105.47
256,256,32,16,83.3683
256,256,32,32,83.837
256,256,32,64,84.616
256,256,32,128,111.793
256,256,32,256,141.051
256,256,32,512,205.637
256,256,32,1024,340.736
256,256,32,2048,602.503
256,256,32,4096,1102.79
256,256,32,8192,2122.82
256,256,32,16384,4157.55
256,256,64,16,132.061
256,256,64,32,132.957
256,256,64,64,134.44
256,256,64,128,191.335
256,256,64,256,258.799
256,256,64,512,399.555
256,256,64,1024,675.574
256,256,64,2048,1206.88
256,256,64,4096,2361.83
256,256,64,8192,4615.95
256,256,64,16384,9582.63
256,256,128,16,229.032
256,256,128,32,230.696
256,256,128,64,233.758
256,256,128,128,351.015
256,256,128,256,503.334
256,256,128,512,827.833
256,256,128,1024,1497.23
256,256,128,2048,4553.88
256,256,128,4096,9063.87
256,256,128,8192,18038.1
256,256,128,16384,36078
256,512,0,0,31.7953
256,512,1,16,47.338
256,512,1,32,47.1127
256,512,1,64,47.529
256,512,1,128,51.5387
256,512,1,256,51.805
256,512,1,512,52.5413
256,512,1,1024,64.5087
256,512,1,2048,95.5407
256,512,1,4096,157.889
256,512,1,8192,282.224
256,512,1,16384,531.622
256,512,2,16,51.4317
256,512,2,32,51.368
256,512,2,64,51.3777
256,512,2,128,51.6023
256,512,2,256,52.4557
256,512,2,512,53.5237
256,512,2,1024,67.9027
256,512,2,2048,99.0903
256,512,2,4096,161.371
256,512,2,8192,286.082
256,512,2,16384,536.98
256,512,4,16,52.3597
256,512,4,32,52.456
256,512,4,64,52.723
256,512,4,128,53.725
256,512,4,256,57.6613
256,512,4,512,57.5623
256,512,4,1024,83.269
256,512,4,2048,142.756
256,512,4,4096,268.157
256,512,4,8192,404.037
256,512,4,16384,654.48
256,512,8,16,58.2257
256,512,8,32,58.483
256,512,8,64,58.5887
256,512,8,128,64.9567
256,512,8,256,72.0387
256,512,8,512,81.372
256,512,8,1024,118.927
256,512,8,2048,210.452
256,512,8,4096,368.891
256,512,8,8192,619.452
256,512,8,16384,1121.08
256,512,16,16,71.2493
256,512,16,32,71.4737
256,512,16,64,71.9223
256,512,16,128,86.1933
256,512,16,256,100.07
256,512,16,512,127.194
256,512,16,1024,194.816
256,512,16,2048,347.251
256,512,16,4096,609.449
256,512,16,8192,1117.24
256,512,16,16384,2125.51
256,512,32,16,97.051
256,512,32,32,97.6493
256,512,32,64,98.13
256,512,32,128,126.268
256,512,32,256,155.152
256,512,32,512,215.437
256,512,32,1024,345.855
256,512,32,2048,620.847
256,512,32,4096,1126.05
256,512,32,8192,2142.37
256,512,32,16384,4169.36
256,512,64,16,146.375
256,512,64,32,147.325
256,512,64,64,148.893
256,512,64,128,206.119
256,512,64,256,269.605
256,512,64,512,408.097
256,512,64,1024,682.524
256,512,64,2048,1218.78
256,512,64,4096,2365.33
256,512,64,8192,4633.39
256,512,64,16384,9588.32
256,512,128,16,243.947
256,512,128,32,245.597
256,512,128,64,248.551
256,512,128,128,364.701
256,512,128,256,514.128
256,512,128,512,817.273
256,512,128,1024,1489.57
256,512,128,2048,4564.98
256,512,128,4096,9070.88
256,512,128,8192,18084.1
256,512,128,16384,36085.7
256,1024,0,0,48.1037
256,1024,1,16,63.1557
256,1024,1,32,63.207
256,1024,1,64,63.548
256,1024,1,128,74.077
256,1024,1,256,82.747
256,1024,1,512,83.3143
256,1024,1,1024,84.465
256,1024,1,2048,111.961
256,1024,1,4096,174.403
256,1024,1,8192,299.013
256,1024,1,16384,547.868
256,1024,2,16,69.5113
256,1024,2,32,69.7257
256,1024,2,64,70.0333
256,1024,2,128,83.056
256,1024,2,256,82.8657
256,1024,2,512,83.654
256,1024,2,1024,84.668
256,1024,2,2048,114.756
256,1024,2,4096,177.078
256,1024,2,8192,302.078
256,1024,2,16384,552.604
256,1024,4,16,81.0743
256,1024,4,32,81.3617
256,1024,4,64,81.6383
256,1024,4,128,83.409
256,1024,4,256,84.7843
256,1024,4,512,88.592
256,1024,4,1024,88.4647
256,1024,4,2048,146.413
256,1024,4,4096,268.328
256,1024,4,8192,496.19
256,1024,4,16384,746.458
256,1024,8,16,85.2963
256,1024,8,32,85.2337
256,1024,8,64,85.627
256,1024,8,128,92.443
256,1024,8,256,99.9203
256,1024,8,512,111.034
256,1024,8,1024,128.314
256,1024,8,2048,213.163
256,1024,8,4096,397.646
256,1024,8,8192,679.838
256,1024,8,16384,1182.2
256,1024,16,16,96.8707
256,1024,16,32,96.817
256,1024,16,64,97.1257
256,1024,16,128,112.326
256,1024,16,256,128.069
256,1024,16,512,154.201
256,1024,16,1024,204.758
256,1024,16,2048,351.793
256,1024,16,4096,655.882
256,1024,16,8192,1161.91
256,1024,16,16384,2177.47
256,1024,32,16,123.472
256,1024,32,32,123.824
256,1024,32,64,124.956
256,1024,32,128,153.925
256,1024,32,256,183.973
256,1024,32,512,240.609
256,1024,32,1024,357.121
256,1024,32,2048,627.607
256,1024,32,4096,1174.27
256,1024,32,8192,2183.14
256,1024,32,16384,4203.69
256,1024,64,16,174.258
256,1024,64,32,175.174
256,1024,64,64,176.828
256,1024,64,128,234.566
256,1024,64,256,298.767
256,1024,64,512,430.21
256,1024,64,1024,696.3
256,1024,64,2048,1295.7
256,1024,64,4096,2386.85
256,1024,64,8192,4651.83
256,1024,64,16384,9471.07
256,1024,128,16,272.893
256,1024,128,32,274.345
256,1024,128,64,277.597
256,1024,128,128,393.788
256,1024,128,256,538.47
256,1024,128,512,840.313
256,1024,128,1024,1485.28
256,1024,128,2048,4565.76
256,1024,128,4096,9075.64
256,1024,128,8192,18049.5
256,1024,128,16384,36100.8
256,2048,0,0,79.731
256,2048,1,16,94.3527
256,2048,1,32,94.6843
256,2048,1,64,94.5443
256,2048,1,128,105.381
256,2048,1,256,116.668
256,2048,1,512,139.565
256,2048,1,1024,145.403
256,2048,1,2048,147.673
256,2048,1,4096,206.259
256,2048,1,8192,330.996
256,2048,1,16384,580.784
256,2048,2,16,100.703
256,2048,2,32,100.658
256,2048,2,64,100.967
256,2048,2,128,115.497
256,2048,2,256,130.332
256,2048,2,512,144.769
256,2048,2,1024,145.851
256,2048,2,2048,147.834
256,2048,2,4096,208.152
256,2048,2,8192,333.259
256,2048,2,16384,583.536
256,2048,4,16,112.359
256,2048,4,32,112.609
256,2048,4,64,112.601
256,2048,4,128,131.054
256,2048,4,256,145.177
256,2048,4,512,145.689
256,2048,4,1024,151.14
256,2048,4,2048,150.05
256,2048,4,4096,272.528
256,2048,4,8192,521.887
256,2048,4,16384,934.161
256,2048,8,16,136.645
256,2048,8,32,137.111
256,2048,8,64,137.724
256,2048,8,128,146.553
256,2048,8,256,149.197
256,2048,8,512,166.404
256,2048,8,1024,188.087
256,2048,8,2048,220.876
256,2048,8,4096,402.343
256,2048,8,8192,772.41
256,2048,8,16384,1309.27
256,2048,16,16,151.417
256,2048,16,32,151.535
256,2048,16,64,151.811
256,2048,16,128,164.579
256,2048,16,256,176.516
256,2048,16,512,210.22
256,2048,16,1024,263.136
256,2048,16,2048,360.966
256,2048,16,4096,665.93
256,2048,16,8192,1258.36
256,2048,16,16384,2280.13
256,2048,32,16,175.226
256,2048,32,32,175.289
256,2048,32,64,175.994
256,2048,32,128,205.678
256,2048,32,256,236.844
256,2048,32,512,298.349
256,2048,32,1024,413.737
256,2048,32,2048,638.479
256,2048,32,4096,1233.3
256,2048,32,8192,2307.97
256,2048,32,16384,4335.04
256,2048,64,16,226.226
256,2048,64,32,227.239
256,2048,64,64,228.847
256,2048,64,128,289.478
256,2048,64,256,355.124
256,2048,64,512,489.004
256,2048,64,1024,742.932
256,2048,64,2048,1432.48
256,2048,64,4096,3272.92
256,2048,64,8192,4882.06
256,2048,64,16384,9467.48
256,2048,128,16,328.861
256,2048,128,32,329.99
256,2048,128,64,333.394
256,2048,128,128,451.985
256,2048,128,256,590.951
256,2048,128,512,884.824
256,2048,128,1024,1521.15
256,2048,128,2048,4590.34
256,2048,128,4096,9096.91
256,2048,128,8192,18094
256,2048,128,16384,36090.1
256,4096,0,0,142.689
256,4096,1,16,156.87
256,4096,1,32,156.931
256,4096,1,64,156.934
256,4096,1,128,167.533
256,4096,1,256,179.553
256,4096,1,512,202.061
256,4096,1,1024,247.955
256,4096,1,2048,270.334
256,4096,1,4096,274.096
256,4096,1,8192,395.061
256,4096,1,16384,645.676
256,4096,2,16,162.913
256,4096,2,32,163.266
256,4096,2,64,162.817
256,4096,2,128,177.218
256,4096,2,256,192.757
256,4096,2,512,223.272
256,4096,2,1024,269.821
256,4096,2,2048,270.404
256,4096,2,4096,274.045
256,4096,2,8192,395.861
256,4096,2,16384,646.593
256,4096,4,16,173.943
256,4096,4,32,174.689
256,4096,4,64,174.744
256,4096,4,128,193.612
256,4096,4,256,212.417
256,4096,4,512,250.321
256,4096,4,1024,270.438
256,4096,4,2048,273.513
256,4096,4,4096,275.897
256,4096,4,8192,523.397
256,4096,4,16384,1027.58
256,4096,8,16,198.816
256,4096,8,32,199.712
256,4096,8,64,199.381
256,4096,8,128,236.083
256,4096,8,256,269.948
256,4096,8,512,270.993
256,4096,8,1024,304.806
256,4096,8,2048,344.91
256,4096,8,4096,409.667
256,4096,8,8192,785.824
256,4096,8,16384,1530.41
256,4096,16,16,248.553
256,4096,16,32,249.938
256,4096,16,64,250.71
256,4096,16,128,271.955
256,4096,16,256,284.971
256,4096,16,512,314.258
256,4096,16,1024,378.788
256,4096,16,2048,482.809
256,4096,16,4096,675.518
256,4096,16,8192,1329.41
256,4096,16,16384,2627.17
256,4096,32,16,282.389
256,4096,32,32,282.016
256,4096,32,64,284.385
256,4096,32,128,309.197
256,4096,32,256,339.476
256,4096,32,512,402.449
256,4096,32,1024,529.381
256,4096,32,2048,756.416
256,4096,32,4096,1283.36
256,4096,32,8192,3020.6
256,4096,32,16384,6368.56
256,4096,64,16,329.604
256,4096,64,32,330.339
256,4096,64,64,332.591
256,4096,64,128,393.218
256,4096,64,256,462.636
256,4096,64,512,593.811
256,4096,64,1024,853.21
256,4096,64,2048,1523.84
256,4096,64,4096,3083.13
256,4096,64,8192,8391.55
256,4096,64,16384,16689.7
256,4096,128,16,434.603
256,4096,128,32,435.002
256,4096,128,64,439.492
256,4096,128,128,562.202
256,4096,128,256,698.714
256,4096,128,512,990.276
256,4096,128,1024,1622.05
256,4096,128,2048,4626.15
256,4096,128,4096,9126.24
256,4096,128,8192,18093.5
256,4096,128,16384,36089.7
256,8192,0,0,269.384
256,8192,1,16,282.594
256,8192,1,32,282.908
256,8192,1,64,282.928
256,8192,1,128,293.299
256,8192,1,256,305.371
256,8192,1,512,327.334
256,8192,1,1024,374.157
256,8192,1,2048,466.054
256,8192,1,4096,525.31
256,8192,1,8192,527.098
256,8192,1,16384,772.851
256,8192,2,16,288.027
256,8192,2,32,288.672
256,8192,2,64,289.082
256,8192,2,128,304.006
256,8192,2,256,318.535
256,8192,2,512,348.633
256,8192,2,1024,409.741
256,8192,2,2048,518.721
256,8192,2,4096,524.601
256,8192,2,8192,527.442
256,8192,2,16384,780.745
256,8192,4,16,299.506
256,8192,4,32,298.189
256,8192,4,64,300.196
256,8192,4,128,318.16
256,8192,4,256,338.168
256,8192,4,512,376.097
256,8192,4,1024,453.125
256,8192,4,2048,519.813
256,8192,4,4096,526.471
256,8192,4,8192,532.318
256,8192,4,16384,1030.51
256,8192,8,16,323.301
256,8192,8,32,323.76
256,8192,8,64,324.405
256,8192,8,128,360.653
256,8192,8,256,399.475
256,8192,8,512,476.198
256,8192,8,1024,524.308
256,8192,8,2048,583.481
256,8192,8,4096,659.106
256,8192,8,8192,793.539
256,8192,8,16384,1554.16
256,8192,16,16,374.075
256,8192,16,32,375.054
256,8192,16,64,375.685
256,8192,16,128,440.707
256,8192,16,256,510.079
256,8192,16,512,524.194
256,8192,16,1024,592.71
256,8192,16,2048,720.12
256,8192,16,4096,924.718
256,8192,16,8192,1317.08
256,8192,16,16384,2640.53
256,8192,32,16,472.944
256,8192,32,32,474.457
256,8192,32,64,476.304
256,8192,32,128,529.624
256,8192,32,256,551.097
256,8192,32,512,609.485
256,8192,32,1024,742.485
256,8192,32,2048,995.345
256,8192,32,4096,1534.69
256,8192,32,8192,2519.81
256,8192,32,16384,6795.66
256,8192,64,16,547.637
256,8192,64,32,546.569
256,8192,64,64,545.714
256,8192,64,128,602.901
256,8192,64,256,669.265
256,8192,64,512,805.458
256,8192,64,1024,1070.97
256,8192,64,2048,1678.8
256,8192,64,4096,3324.74
256,8192,64,8192,7229.14
256,8192,64,16384,16896.9
256,8192,128,16,638.147
256,8192,128,32,641.972
256,8192,128,64,645.209
256,8192,128,128,771.907
256,8192,128,256,911.342
256,8192,128,512,1201.11
256,8192,128,1024,1841.8
256,8192,128,2048,4776.41
256,8192,128,4096,9208.4
256,8192,128,8192,18200
256,8192,128,16384,36131.8
256,16384,0,0,525.774
256,16384,1,16,537.917
256,16384,1,32,536.473
256,16384,1,64,538.598
256,16384,1,128,549.487
256,16384,1,256,559.122
256,16384,1,512,583.673
256,16384,1,1024,630.08
256,16384,1,2048,720.96
256,16384,1,4096,903.464
256,16384,1,8192,1025.73
256,16384,1,16384,1036.06
256,16384,2,16,541.624
256,16384,2,32,541.701
256,16384,2,64,542.048
256,16384,2,128,556.748
256,16384,2,256,571.045
256,16384,2,512,602.457
256,16384,2,1024,663.763
256,16384,2,2048,786.489
256,16384,2,4096,1024.38
256,16384,2,8192,1025.66
256,16384,2,16384,1041.46
256,16384,4,16,551.354
256,16384,4,32,552.199
256,16384,4,64,551.013
256,16384,4,128,571.055
256,16384,4,256,589.626
256,16384,4,512,628.693
256,16384,4,1024,704.311
256,16384,4,2048,859.172
256,16384,4,4096,1018.76
256,16384,4,8192,1024.71
256,16384,4,16384,1043.91
256,16384,8,16,574.941
256,16384,8,32,575.608
256,16384,8,64,576.361
256,16384,8,128,611.267
256,16384,8,256,649.218
256,16384,8,512,725.849
256,16384,8,1024,879.202
256,16384,8,2048,1018.45
256,16384,8,4096,1142.87
256,16384,8,8192,1294.73
256,16384,8,16384,1559.97
256,16384,16,16,624.59
256,16384,16,32,623.53
256,16384,16,64,624.73
256,16384,16,128,690.807
256,16384,16,256,760.141
256,16384,16,512,899.44
256,16384,16,1024,1021.02
256,16384,16,2048,1126.09
256,16384,16,4096,1409.44
256,16384,16,8192,1817.85
256,16384,16,16384,2594.58
256,16384,32,16,723.318
256,16384,32,32,725.075
256,16384,32,64,726.028
256,16384,32,128,850.351
256,16384,32,256,979.893
256,16384,32,512,1047.76
256,16384,32,1024,1153.39
256,16384,32,2048,1405.21
256,16384,32,4096,2001.76
256,16384,32,8192,3032.26
256,16384,32,16384,5111.42
256,16384,64,16,919.615
256,16384,64,32,924.323
256,16384,64,64,929.368
256,16384,64,128,1045.4
256,16384,64,256,1097.67
256,16384,64,512,1221.95
256,16384,64,1024,1488.1
256,16384,64,2048,2127.1
256,16384,64,4096,3789.16
256,16384,64,8192,8333.99
256,16384,64,16384,15940.4
256,16384,128,16,1074.12
256,16384,128,32,1078.66
256,16384,128,64,1079.14
256,16384,128,128,1188.83
256,16384,128,256,1320.74
256,16384,128,512,1608.36
256,16384,128,1024,2268.42
256,16384,128,2048,5146.69
256,16384,128,4096,9527.08
256,16384,128,8192,18354.6
256,16384,128,16384,36310.2
512,0,0,0,41.0747
512,0,1,16,42.601
512,0,1,32,42.3443
512,0,1,64,42.6537
512,0,1,128,43.272
512,0,1,256,44.254
512,0,1,512,48.3607
512,0,1,1024,66.2683
512,0,1,2048,97.45
512,0,1,4096,159.235
512,0,1,8192,283.654
512,0,1,16384,531.004
512,0,2,16,44.6053
512,0,2,32,44.531
512,0,2,64,44.808
512,0,2,128,46.6857
512,0,2,256,48.4237
512,0,2,512,55.0363
512,0,2,1024,74.951
512,0,2,2048,105.829
512,0,2,4096,167.524
512,0,2,8192,292.359
512,0,2,16384,541.873
512,0,4,16,49.16
512,0,4,32,49.245
512,0,4,64,49.4163
512,0,4,128,52.4023
512,0,4,256,55.9123
512,0,4,512,66.4603
512,0,4,1024,91.9957
512,0,4,2048,144.963
512,0,4,4096,268.2
512,0,4,8192,394.161
512,0,4,16384,642.695
512,0,8,16,57.0743
512,0,8,32,57.128
512,0,8,64,57.6077
512,0,8,128,64.0503
512,0,8,256,71.0367
512,0,8,512,89.339
512,0,8,1024,129.669
512,0,8,2048,213.487
512,0,8,4096,364.985
512,0,8,8192,616.222
512,0,8,16384,1116.55
512,0,16,16,72.754
512,0,16,32,72.9993
512,0,16,64,73.266
512,0,16,128,86.8973
512,0,16,256,100.7
512,0,16,512,134.757
512,0,16,1024,206.017
512,0,16,2048,351.732
512,0,16,4096,608.98
512,0,16,8192,1112.48
512,0,16,16384,2121.02
512,0,32,16,103.325
512,0,32,32,103.645
512,0,32,64,104.477
512,0,32,128,131.836
512,0,32,256,160.859
512,0,32,512,227.887
512,0,32,1024,361.418
512,0,32,2048,626.594
512,0,32,4096,1127.86
512,0,32,8192,2144.2
512,0,32,16384,4175.23
512,0,64,16,163.122
512,0,64,32,163.985
512,0,64,64,165.606
512,0,64,128,221.23
512,0,64,256,286.821
512,0,64,512,427.235
512,0,64,1024,707.612
512,0,64,2048,1236.07
512,0,64,4096,2384.34
512,0,64,8192,4638.34
512,0,64,16384,9442.38
512,0,128,16,282.656
512,0,128,32,284.147
512,0,128,64,286.696
512,0,128,128,404.394
512,0,128,256,553.809
512,0,128,512,875.535
512,0,128,1024,1544.91
512,0,128,2048,4578.64
512,0,128,4096,9090.2
512,0,128,8192,18055
512,0,128,16384,36073.4
512,16,0,0,46.8773
512,16,1,16,48.7983
512,16,1,32,48.8503
512,16,1,64,48.669
512,16,1,128,49.5233
512,16,1,256,50.8023
512,16,1,512,51.5383
512,16,1,1024,70.1613
512,16,1,2048,100.869
512,16,1,4096,162.958
512,16,1,8192,287.335
512,16,1,16384,536.169
512,16,2,16,51.124
512,16,2,32,51.2717
512,16,2,64,51.1647
512,16,2,128,52.8077
512,16,2,256,55.1867
512,16,2,512,58.5253
512,16,2,1024,79.3997
512,16,2,2048,110.416
512,16,2,4096,172.427
512,16,2,8192,296.979
512,16,2,16384,546.023
512,16,4,16,55.4953
512,16,4,32,55.6453
512,16,4,64,55.4527
512,16,4,128,58.717
512,16,4,256,62.1393
512,16,4,512,69.618
512,16,4,1024,95.6853
512,16,4,2048,147.128
512,16,4,4096,269.691
512,16,4,8192,413.43
512,16,4,16384,662.033
512,16,8,16,63.5177
512,16,8,32,63.7083
512,16,8,64,63.849
512,16,8,128,70.9933
512,16,8,256,77.7777
512,16,8,512,92.2937
512,16,8,1024,133.37
512,16,8,2048,215.212
512,16,8,4096,376.719
512,16,8,8192,626.946
512,16,8,16384,1127.65
512,16,16,16,79.5487
512,16,16,32,79.474
512,16,16,64,79.8253
512,16,16,128,93.3933
512,16,16,256,107.76
512,16,16,512,138.395
512,16,16,1024,209.656
512,16,16,2048,353.436
512,16,16,4096,619.169
512,16,16,8192,1120.55
512,16,16,16384,2129.48
512,16,32,16,110.033
512,16,32,32,110.407
512,16,32,64,111.121
512,16,32,128,138.652
512,16,32,256,167.91
512,16,32,512,231.502
512,16,32,1024,365.014
512,16,32,2048,633.305
512,16,32,4096,1135.24
512,16,32,8192,2148.84
512,16,32,16384,4179.93
512,16,64,16,170.033
512,16,64,32,170.843
512,16,64,64,172.348
512,16,64,128,228.241
512,16,64,256,290.437
512,16,64,512,430.36
512,16,64,1024,709.79
512,16,64,2048,1241.11
512,16,64,4096,2390.94
512,16,64,8192,4634.76
512,16,64,16384,9341.29
512,16,128,16,289.682
512,16,128,32,291.454
512,16,128,64,293.864
512,16,128,128,408.508
512,16,128,256,557.447
512,16,128,512,876.27
512,16,128,1024,1548.09
512,16,128,2048,4579.49
512,16,128,4096,9097.78
512,16,128,8192,18093.8
512,16,128,16384,36067.7
512,32,0,0,47.188
512,32,1,16,49.0107
512,32,1,32,49.0857
512,32,1,64,48.936
512,32,1,128,49.618
512,32,1,256,51.1027
512,32,1,512,51.72
512,32,1,1024,69.9277
512,32,1,2048,101.051
512,32,1,4096,163.096
512,32,1,8192,287.173
512,32,1,16384,535.186
512,32,2,16,51.0377
512,32,2,32,51.39
512,32,2,64,51.2187
512,32,2,128,52.808
512,32,2,256,55.294
512,32,2,512,58.5927
512,32,2,1024,79.153
512,32,2,2048,110.458
512,32,2,4096,172.664
512,32,2,8192,297.435
512,32,2,16384,546.483
512,32,4,16,55.4313
512,32,4,32,55.603
512,32,4,64,55.539
512,32,4,128,59.2397
512,32,4,256,62.525
512,32,4,512,69.479
512,32,4,1024,96.0177
512,32,4,2048,146.904
512,32,4,4096,269.257
512,32,4,8192,412.985
512,32,4,16384,661.841
512,32,8,16,63.8057
512,32,8,32,63.7187
512,32,8,64,64.1253
512,32,8,128,70.8763
512,32,8,256,78.1083
512,32,8,512,92.4647
512,32,8,1024,133.412
512,32,8,2048,215.287
512,32,8,4096,377.051
512,32,8,8192,626.738
512,32,8,16384,1127.64
512,32,16,16,79.5477
512,32,16,32,79.5797
512,32,16,64,80.1563
512,32,16,128,93.7663
512,32,16,256,108.167
512,32,16,512,138.298
512,32,16,1024,209.805
512,32,16,2048,353.565
512,32,16,4096,618.713
512,32,16,8192,1120.62
512,32,16,16384,2129.99
512,32,32,16,109.83
512,32,32,32,110.609
512,32,32,64,111.325
512,32,32,128,138.63
512,32,32,256,167.984
512,32,32,512,231.257
512,32,32,1024,365.131
512,32,32,2048,633.373
512,32,32,4096,1134.42
512,32,32,8192,2149.45
512,32,32,16384,4180.62
512,32,64,16,169.969
512,32,64,32,170.909
512,32,64,64,172.487
512,32,64,128,228.465
512,32,64,256,290.14
512,32,64,512,430.69
512,32,64,1024,709.489
512,32,64,2048,1241.92
512,32,64,4096,2388.3
512,32,64,8192,4645.46
512,32,64,16384,9345.71
512,32,128,16,289.619
512,32,128,32,291.058
512,32,128,64,293.801
512,32,128,128,408.508
512,32,128,256,557.169
512,32,128,512,877.518
512,32,128,1024,1546.26
512,32,128,2048,4573.99
512,32,128,4096,9089.95
512,32,128,8192,18103.7
512,32,128,16384,36066.4
512,64,0,0,47.2397
512,64,1,16,49.1073
512,64,1,32,49.011
512,64,1,64,49.0533
512,64,1,128,49.651
512,64,1,256,51.0903
512,64,1,512,51.5607
512,64,1,1024,69.9797
512,64,1,2048,100.991
512,64,1,4096,163.084
512,64,1,8192,287.44
512,64,1,16384,536.294
512,64,2,16,51.357
512,64,2,32,51.2613
512,64,2,64,51.1973
512,64,2,128,53.096
512,64,2,256,55.56
512,64,2,512,58.6737
512,64,2,1024,79.1533
512,64,2,2048,110.383
512,64,2,4096,172.909
512,64,2,8192,297.381
512,64,2,16384,546.906
512,64,4,16,55.6567
512,64,4,32,55.4843
512,64,4,64,55.7743
512,64,4,128,59.047
512,64,4,256,62.7377
512,64,4,512,69.4897
512,64,4,1024,95.6323
512,64,4,2048,147.407
512,64,4,4096,269.97
512,64,4,8192,412.922
512,64,4,16384,661.905
512,64,8,16,63.7517
512,64,8,32,63.912
512,64,8,64,63.9857
512,64,8,128,70.8873
512,64,8,256,77.8417
512,64,8,512,92.4957
512,64,8,1024,133.412
512,64,8,2048,215.121
512,64,8,4096,377.468
512,64,8,8192,627.145
512,64,8,16384,1130.02
512,64,16,16,79.3453
512,64,16,32,79.6963
512,64,16,64,80.371
512,64,16,128,93.7227
512,64,16,256,108.112
512,64,16,512,138.415
512,64,16,1024,209.867
512,64,16,2048,353.331
512,64,16,4096,619.19
512,64,16,8192,1121.72
512,64,16,16384,2130.35
512,64,32,16,110.118
512,64,32,32,110.567
512,64,32,64,111.11
512,64,32,128,138.811
512,64,32,256,167.973
512,64,32,512,231.235
512,64,32,1024,364.95
512,64,32,2048,633.231
512,64,32,4096,1135.38
512,64,32,8192,2151.12
512,64,32,16384,4183.14
512,64,64,16,170.098
512,64,64,32,171.26
512,64,64,64,172.571
512,64,64,128,228.561
512,64,64,256,290.437
512,64,64,512,430.243
512,64,64,1024,709.649
512,64,64,2048,1241.49
512,64,64,4096,2387.78
512,64,64,8192,4634.46
512,64,64,16384,9320.01
512,64,128,16,289.707
512,64,128,32,291.463
512,64,128,64,294.226
512,64,128,128,408.582
512,64,128,256,556.965
512,64,128,512,876.548
512,64,128,1024,1547.16
512,64,128,2048,4581.77
512,64,128,4096,9093.16
512,64,128,8192,18099
512,64,128,16384,36093
512,128,0,0,49.8103
512,128,1,16,51.849
512,128,1,32,51.9643
512,128,1,64,52.0713
512,128,1,128,53.032
512,128,1,256,55.0257
512,128,1,512,56.4133
512,128,1,1024,74.3007
512,128,1,2048,105.242
512,128,1,4096,167.725
512,128,1,8192,291.623
512,128,1,16384,541.139
512,128,2,16,54.9837
512,128,2,32,55.0163
512,128,2,64,54.8983
512,128,2,128,56.7013
512,128,2,256,59.0473
512,128,2,512,62.3113
512,128,2,1024,80.657
512,128,2,2048,115.993
512,128,2,4096,178.422
512,128,2,8192,302.408
512,128,2,16384,551.987
512,128,4,16,58.941
512,128,4,32,59.4
512,128,4,64,59.2283
512,128,4,128,62.717
512,128,4,256,66.1723
512,128,4,512,72.4443
512,128,4,1024,99.9093
512,128,4,2048,153.517
512,128,4,4096,270.493
512,128,4,8192,431.511
512,128,4,16384,680.777
512,128,8,16,67.442
512,128,8,32,67.431
512,128,8,64,67.7623
512,128,8,128,74.3427
512,128,8,256,81.959
512,128,8,512,95.2917
512,128,8,1024,137.125
512,128,8,2048,217.43
512,128,8,4096,389.423
512,128,8,8192,639.948
512,128,8,16384,1143.5
512,128,16,16,83.293
512,128,16,32,83.5253
512,128,16,64,84.081
512,128,16,128,97.862
512,128,16,256,112.038
512,128,16,512,142.043
512,128,16,1024,213.964
512,128,16,2048,355.898
512,128,16,4096,627.756
512,128,16,8192,1128.99
512,128,16,16384,2137.65
512,128,32,16,113.915
512,128,32,32,114.235
512,128,32,64,115.218
512,128,32,128,142.747
512,128,32,256,172.037
512,128,32,512,235.213
512,128,32,1024,369.323
512,128,32,2048,637.348
512,128,32,4096,1143.01
512,128,32,8192,2154.96
512,128,32,16384,4187.53
512,128,64,16,173.821
512,128,64,32,174.908
512,128,64,64,176.412
512,128,64,128,232.7
512,128,64,256,294.927
512,128,64,512,433.614
512,128,64,1024,712.797
512,128,64,2048,1245.84
512,128,64,4096,2392.58
512,128,64,8192,4638.67
512,128,64,16384,9309.39
512,128,128,16,293.852
512,128,128,32,295.219
512,128,128,64,298.504
512,128,128,128,413.041
512,128,128,256,560.893
512,128,128,512,878.318
512,128,128,1024,1548.03
512,128,128,2048,4576.13
512,128,128,4096,9093.4
512,128,128,8192,18082.6
512,128,128,16384,36077.5
512,256,0,0,58.121
512,256,1,16,62.5777
512,256,1,32,62.6107
512,256,1,64,62.482
512,256,1,128,63.57
512,256,1,256,64.51
512,256,1,512,67.8473
512,256,1,1024,79.772
512,256,1,2048,113.37
512,256,1,4096,175.339
512,256,1,8192,299.699
512,256,1,16384,549.073
512,256,2,16,64.4663
512,256,2,32,64.3063
512,256,2,64,64.242
512,256,2,128,67.4613
512,256,2,256,69.085
512,256,2,512,72.181
512,256,2,1024,87.942
512,256,2,2048,125.881
512,256,2,4096,187.638
512,256,2,8192,312.048
512,256,2,16384,560.445
512,256,4,16,68.9977
512,256,4,32,69.405
512,256,4,64,69.298
512,256,4,128,72.8807
512,256,4,256,75.804
512,256,4,512,81.2223
512,256,4,1024,107.003
512,256,4,2048,160.408
512,256,4,4096,271.144
512,256,4,8192,470.319
512,256,4,16384,719.322
512,256,8,16,77.4787
512,256,8,32,77.4033
512,256,8,64,78.0013
512,256,8,128,84.934
512,256,8,256,91.6333
512,256,8,512,104.369
512,256,8,1024,144.612
512,256,8,2048,228.023
512,256,8,4096,400.537
512,256,8,8192,664.947
512,256,8,16384,1166.49
512,256,16,16,93.5737
512,256,16,32,94.0757
512,256,16,64,93.8723
512,256,16,128,108.176
512,256,16,256,122.662
512,256,16,512,149.946
512,256,16,1024,221.187
512,256,16,2048,364.132
512,256,16,4096,646.007
512,256,16,8192,1149.61
512,256,16,16384,2153.91
512,256,32,16,124.519
512,256,32,32,124.71
512,256,32,64,125.501
512,256,32,128,153.53
512,256,32,256,183.097
512,256,32,512,243.343
512,256,32,1024,377.055
512,256,32,2048,644.339
512,256,32,4096,1157.6
512,256,32,8192,2167.03
512,256,32,16384,4199.6
512,256,64,16,184.562
512,256,64,32,185.692
512,256,64,64,187.293
512,256,64,128,243.921
512,256,64,256,305.989
512,256,64,512,441.421
512,256,64,1024,718.282
512,256,64,2048,1256.15
512,256,64,4096,2398.25
512,256,64,8192,4652.33
512,256,64,16384,9290.13
512,256,128,16,304.691
512,256,128,32,306.535
512,256,128,64,309.331
512,256,128,128,424.23
512,256,128,256,568.284
512,256,128,512,879.555
512,256,128,1024,1552.61
512,256,128,2048,4586.6
512,256,128,4096,9092.34
512,256,128,8192,18111.8
512,256,128,16384,36076.2
512,512,0,0,73.563
512,512,1,16,83.0273
512,512,1,32,83.4943
512,512,1,64,82.5787
512,512,1,128,83.6013
512,512,1,256,86.651
512,512,1,512,87.794
512,512,1,1024,94.651
512,512,1,2048,128.607
512,512,1,4096,190.698
512,512,1,8192,314.937
512,512,1,16384,563.952
512,512,2,16,83.6327
512,512,2,32,83.9753
512,512,2,64,84.209
512,512,2,128,86.4067
512,512,2,256,88.6033
512,512,2,512,92.1983
512,512,2,1024,102.448
512,512,2,2048,143.055
512,512,2,4096,210.177
512,512,2,8192,335.013
512,512,2,16384,582.95
512,512,4,16,88.8603
512,512,4,32,89.0833
512,512,4,64,89.02
512,512,4,128,93.6483
512,512,4,256,96.8167
512,512,4,512,103.14
512,512,4,1024,119.214
512,512,4,2048,172.685
512,512,4,4096,275.742
512,512,4,8192,523.671
512,512,4,16384,789.496
512,512,8,16,97.3923
512,512,8,32,97.4887
512,512,8,64,97.6053
512,512,8,128,104.442
512,512,8,256,112.048
512,512,8,512,126.724
512,512,8,1024,157.891
512,512,8,2048,241.108
512,512,8,4096,404.431
512,512,8,8192,713.147
512,512,8,16384,1216.47
512,512,16,16,113.521
512,512,16,32,113.595
512,512,16,64,113.82
512,512,16,128,128.591
512,512,16,256,144.026
512,512,16,512,172.463
512,512,16,1024,235.563
512,512,16,2048,379.482
512,512,16,4096,666.655
512,512,16,8192,1186.22
512,512,16,16384,2190.27
512,512,32,16,145.093
512,512,32,32,145.713
512,512,32,64,146.108
512,512,32,128,174.448
512,512,32,256,204.428
512,512,32,512,262.316
512,512,32,1024,391.562
512,512,32,2048,658.873
512,512,32,4096,1186.78
512,512,32,8192,2197.16
512,512,32,16384,4222.55
512,512,64,16,205.98
512,512,64,32,206.769
512,512,64,64,208.881
512,512,64,128,265.808
512,512,64,256,327.28
512,512,64,512,457.377
512,512,64,1024,732.722
512,512,64,2048,1285.22
512,512,64,4096,2417.68
512,512,64,8192,4665.17
512,512,64,16384,9287.73
512,512,128,16,326.731
512,512,128,32,327.944
512,512,128,64,331.378
512,512,128,128,446.45
512,512,128,256,585.829
512,512,128,512,890.49
512,512,128,1024,1553.52
512,512,128,2048,4583.46
512,512,128,4096,9099.87
512,512,128,8192,18099.7
512,512,128,16384,36068.6
512,1024,0,0,104.602
512,1024,1,16,114.759
512,1024,1,32,114.596
512,1024,1,64,114.714
512,1024,1,128,121.796
512,1024,1,256,129.517
512,1024,1,512,129.978
512,1024,1,1024,134.447
512,1024,1,2048,156.875
512,1024,1,4096,221.654
512,1024,1,8192,345.562
512,1024,1,16384,594.257
512,1024,2,16,117.423
512,1024,2,32,117.521
512,1024,2,64,117.796
512,1024,2,128,128.396
512,1024,2,256,130.927
512,1024,2,512,134.339
512,1024,2,1024,138.234
512,1024,2,2048,164.815
512,1024,2,4096,256.35
512,1024,2,8192,381.156
512,1024,2,16384,628.826
512,1024,4,16,126.917
512,1024,4,32,127.161
512,1024,4,64,127.375
512,1024,4,128,134.009
512,1024,4,256,137.678
512,1024,4,512,142.701
512,1024,4,1024,149.283
512,1024,4,2048,201.654
512,1024,4,4096,310.811
512,1024,4,8192,524.637
512,1024,4,16384,943.508
512,1024,8,16,137.817
512,1024,8,32,137.678
512,1024,8,64,137.763
512,1024,8,128,144.792
512,1024,8,256,152.174
512,1024,8,512,166.466
512,1024,8,1024,189.858
512,1024,8,2048,270.601
512,1024,8,4096,440.955
512,1024,8,8192,779.644
512,1024,8,16384,1324.75
512,1024,16,16,153.814
512,1024,16,32,153.402
512,1024,16,64,154.18
512,1024,16,128,168.175
512,1024,16,256,184.227
512,1024,16,512,213.133
512,1024,16,1024,267.883
512,1024,16,2048,407.983
512,1024,16,4096,691.744
512,1024,16,8192,1263.67
512,1024,16,16384,2267.52
512,1024,32,16,184.878
512,1024,32,32,185.508
512,1024,32,64,186.032
512,1024,32,128,215.758
512,1024,32,256,245.644
512,1024,32,512,305.718
512,1024,32,1024,423.221
512,1024,32,2048,689.37
512,1024,32,4096,1241.47
512,1024,32,8192,2268.07
512,1024,32,16384,4279.96
512,1024,64,16,247.504
512,1024,64,32,248.229
512,1024,64,64,249.338
512,1024,64,128,307.909
512,1024,64,256,370.041
512,1024,64,512,499.285
512,1024,64,1024,763.166
512,1024,64,2048,1391.62
512,1024,64,4096,2469.17
512,1024,64,8192,4714.45
512,1024,64,16384,9321.38
512,1024,128,16,370.269
512,1024,128,32,371.272
512,1024,128,64,374.419
512,1024,128,128,490.513
512,1024,128,256,626.545
512,1024,128,512,924.453
512,1024,128,1024,1564.61
512,1024,128,2048,4597.76
512,1024,128,4096,9107.31
512,1024,128,8192,18113.3
512,1024,128,16384,36082.5
512,2048,0,0,165.937
512,2048,1,16,175.671
512,2048,1,32,175.714
512,2048,1,64,176.172
512,2048,1,128,183.627
512,2048,1,256,191.065
512,2048,1,512,206.187
512,2048,1,1024,222.848
512,2048,1,2048,227.913
512,2048,1,4096,280.284
512,2048,1,8192,407.118
512,2048,1,16384,655.394
512,2048,2,16,178.947
512,2048,2,32,178.978
512,2048,2,64,178.987
512,2048,2,128,190.082
512,2048,2,256,201.654
512,2048,2,512,222.271
512,2048,2,1024,227.198
512,2048,2,2048,231.06
512,2048,2,4096,288.977
512,2048,2,8192,472.435
512,2048,2,16384,723.342
512,2048,4,16,188.448
512,2048,4,32,188.555
512,2048,4,64,189.036
512,2048,4,128,204.49
512,2048,4,256,220.502
512,2048,4,512,228.256
512,2048,4,1024,235.637
512,2048,4,2048,241.918
512,2048,4,4096,357.123
512,2048,4,8192,589.257
512,2048,4,16384,1029.62
512,2048,8,16,206.444
512,2048,8,32,207.061
512,2048,8,64,207.213
512,2048,8,128,227.841
512,2048,8,256,234.952
512,2048,8,512,247.659
512,2048,8,1024,275.017
512,2048,8,2048,314.078
512,2048,8,4096,488.896
512,2048,8,8192,830.008
512,2048,8,16384,1534.91
512,2048,16,16,234.987
512,2048,16,32,235.617
512,2048,16,64,235.84
512,2048,16,128,248.937
512,2048,16,256,263.638
512,2048,16,512,294.377
512,2048,16,1024,353.3
512,2048,16,2048,460.097
512,2048,16,4096,751.487
512,2048,16,8192,1363.08
512,2048,16,16384,2536.77
512,2048,32,16,265.07
512,2048,32,32,265.09
512,2048,32,64,266.414
512,2048,32,128,295.426
512,2048,32,256,327.346
512,2048,32,512,389.237
512,2048,32,1024,508.816
512,2048,32,2048,743.715
512,2048,32,4096,1319.41
512,2048,32,8192,3089.39
512,2048,32,16384,5512.56
512,2048,64,16,328.452
512,2048,64,32,329.008
512,2048,64,64,330.649
512,2048,64,128,390.062
512,2048,64,256,453.857
512,2048,64,512,581.877
512,2048,64,1024,840.426
512,2048,64,2048,1502.23
512,2048,64,4096,4038.09
512,2048,64,8192,7357.27
512,2048,64,16384,9806.02
512,2048,128,16,453.916
512,2048,128,32,454.748
512,2048,128,64,457.916
512,2048,128,128,576.177
512,2048,128,256,707.685
512,2048,128,512,1002
512,2048,128,1024,1625.41
512,2048,128,2048,4611.53
512,2048,128,4096,9128.16
512,2048,128,8192,18111.7
512,2048,128,16384,36116
512,4096,0,0,289.53
512,4096,1,16,298.915
512,4096,1,32,298.833
512,4096,1,64,298.951
512,4096,1,128,306.075
512,4096,1,256,313.673
512,4096,1,512,329.737
512,4096,1,1024,360.697
512,4096,1,2048,409.374
512,4096,1,4096,414.452
512,4096,1,8192,528.058
512,4096,1,16384,779.719
512,4096,2,16,302.17
512,4096,2,32,302.299
512,4096,2,64,302.427
512,4096,2,128,313.351
512,4096,2,256,324.441
512,4096,2,512,347.694
512,4096,2,1024,394.179
512,4096,2,2048,413.226
512,4096,2,4096,417.238
512,4096,2,8192,536.923
512,4096,2,16384,907.948
512,4096,4,16,311.43
512,4096,4,32,311.206
512,4096,4,64,311.773
512,4096,4,128,327.119
512,4096,4,256,343.345
512,4096,4,512,374.145
512,4096,4,1024,409.739
512,4096,4,2048,420.078
512,4096,4,4096,427.094
512,4096,4,8192,667.229
512,4096,4,16384,1156.8
512,4096,8,16,329.701
512,4096,8,32,329.871
512,4096,8,64,330.314
512,4096,8,128,354.426
512,4096,8,256,378.904
512,4096,8,512,414.08
512,4096,8,1024,434.678
512,4096,8,2048,491.765
512,4096,8,4096,560.873
512,4096,8,8192,924.169
512,4096,8,16384,1585.24
512,4096,16,16,364.996
512,4096,16,32,365.476
512,4096,16,64,366.417
512,4096,16,128,409.23
512,4096,16,256,428.399
512,4096,16,512,455.694
512,4096,16,1024,513.217
512,4096,16,2048,633.119
512,4096,16,4096,833.563
512,4096,16,8192,1493.1
512,4096,16,16384,3256.99
512,4096,32,16,428.283
512,4096,32,32,429.972
512,4096,32,64,431.485
512,4096,32,128,457.076
512,4096,32,256,486.042
512,4096,32,512,548.855
512,4096,32,1024,670.786
512,4096,32,2048,912.052
512,4096,32,4096,1418.06
512,4096,32,8192,3271.3
512,4096,32,16384,7714.86
512,4096,64,16,487.607
512,4096,64,32,489.493
512,4096,64,64,490.455
512,4096,64,128,549.791
512,4096,64,256,616.801
512,4096,64,512,745.309
512,4096,64,1024,1002.14
512,4096,64,2048,1633.52
512,4096,64,4096,3200.81
512,4096,64,8192,8765.26
512,4096,64,16384,17411.7
512,4096,128,16,594.561
512,4096,128,32,597.178
512,4096,128,64,620.217
512,4096,128,128,742.788
512,4096,128,256,875.382
512,4096,128,512,1154.52
512,4096,128,1024,1767.12
512,4096,128,2048,4657.95
512,4096,128,4096,9159.83
512,4096,128,8192,18159.8
512,4096,128,16384,36110.3
512,8192,0,0,536.58
512,8192,1,16,545.179
512,8192,1,32,545.914
512,8192,1,64,546.051
512,8192,1,128,553.692
512,8192,1,256,561.326
512,8192,1,512,576.646
512,8192,1,1024,607.277
512,8192,1,2048,669.929
512,8192,1,4096,780.916
512,8192,1,8192,786.93
512,8192,1,16384,1026.33
512,8192,2,16,548.839
512,8192,2,32,549.278
512,8192,2,64,548.955
512,8192,2,128,559.267
512,8192,2,256,571.666
512,8192,2,512,594.498
512,8192,2,1024,640.954
512,8192,2,2048,735.037
512,8192,2,4096,784.82
512,8192,2,8192,789.879
512,8192,2,16384,1033.21
512,8192,4,16,558.024
512,8192,4,32,558.416
512,8192,4,64,558.19
512,8192,4,128,574.19
512,8192,4,256,589.749
512,8192,4,512,620.341
512,8192,4,1024,683.568
512,8192,4,2048,779.949
512,8192,4,4096,794.415
512,8192,4,8192,799.677
512,8192,4,16384,1295.55
512,8192,8,16,575.801
512,8192,8,32,576.347
512,8192,8,64,576.632
512,8192,8,128,601.078
512,8192,8,256,625.914
512,8192,8,512,675.264
512,8192,8,1024,774.12
512,8192,8,2048,805.554
512,8192,8,4096,925.015
512,8192,8,8192,1060.43
512,8192,8,16384,1814.13
512,8192,16,16,611.422
512,8192,16,32,611.75
512,8192,16,64,613.124
512,8192,16,128,656.605
512,8192,16,256,701.508
512,8192,16,512,784.323
512,8192,16,1024,835.072
512,8192,16,2048,947.888
512,8192,16,4096,1195.67
512,8192,16,8192,1587.31
512,8192,16,16384,2952.07
512,8192,32,16,686.536
512,8192,32,32,686.866
512,8192,32,64,688.053
512,8192,32,128,767.452
512,8192,32,256,816.532
512,8192,32,512,869.34
512,8192,32,1024,991.869
512,8192,32,2048,1231.2
512,8192,32,4096,1779.61
512,8192,32,8192,2780.13
512,8192,32,16384,7861.11
512,8192,64,16,816.762
512,8192,64,32,818.725
512,8192,64,64,819.673
512,8192,64,128,874.546
512,8192,64,256,936.242
512,8192,64,512,1067.76
512,8192,64,1024,1331.22
512,8192,64,2048,1918.29
512,8192,64,4096,3590.19
512,8192,64,8192,8314.25
512,8192,64,16384,17539.3
512,8192,128,16,897.688
512,8192,128,32,899.557
512,8192,128,64,937.881
512,8192,128,128,1063.98
512,8192,128,256,1199.73
512,8192,128,512,1472.06
512,8192,128,1024,2075.82
512,8192,128,2048,4806.88
512,8192,128,4096,9236.16
512,8192,128,8192,18220.3
512,8192,128,16384,36159.6
512,16384,0,0,1035.82
512,16384,1,16,1044.58
512,16384,1,32,1043.84
512,16384,1,64,1042.66
512,16384,1,128,1052.1
512,16384,1,256,1058.65
512,16384,1,512,1074.65
512,16384,1,1024,1105.03
512,16384,1,2048,1166.15
512,16384,1,4096,1292.79
512,16384,1,8192,1527.36
512,16384,1,16384,1531.53
512,16384,2,16,1046.91
512,16384,2,32,1046.19
512,16384,2,64,1047.74
512,16384,2,128,1056.75
512,16384,2,256,1068.77
512,16384,2,512,1092.52
512,16384,2,1024,1137.94
512,16384,2,2048,1231.74
512,16384,2,4096,1419.26
512,16384,2,8192,1528.67
512,16384,2,16384,1538.17
512,16384,4,16,1055.26
512,16384,4,32,1055.3
512,16384,4,64,1054.27
512,16384,4,128,1070.19
512,16384,4,256,1086.57
512,16384,4,512,1117.65
512,16384,4,1024,1179.85
512,16384,4,2048,1305.07
512,16384,4,4096,1526.74
512,16384,4,8192,1539.56
512,16384,4,16384,1563.15
512,16384,8,16,1072.43
512,16384,8,32,1072.18
512,16384,8,64,1073.63
512,16384,8,128,1098.25
512,16384,8,256,1120.58
512,16384,8,512,1170.61
512,16384,8,1024,1268.93
512,16384,8,2048,1456.05
512,16384,8,4096,1552.74
512,16384,8,8192,1799.9
512,16384,8,16384,2071.62
512,16384,16,16,1109.61
512,16384,16,32,1109.73
512,16384,16,64,1110.09
512,16384,16,128,1153.56
512,16384,16,256,1198.5
512,16384,16,512,1285.26
512,16384,16,1024,1454.04
512,16384,16,2048,1605.81
512,16384,16,4096,1823.79
512,16384,16,8192,2334.41
512,16384,16,16384,3102.8
512,16384,32,16,1184.69
512,16384,32,32,1185.35
512,16384,32,64,1186.69
512,16384,32,128,1264.81
512,16384,32,256,1349.41
512,16384,32,512,1513.58
512,16384,32,1024,1648.4
512,16384,32,2048,1885.66
512,16384,32,4096,2451.75
512,16384,32,8192,3518.97
512,16384,32,16384,5602.71
512,16384,64,16,1332.37
512,16384,64,32,1335.5
512,16384,64,64,1338.05
512,16384,64,128,1491.17
512,16384,64,256,1598.38
512,16384,64,512,1714.85
512,16384,64,1024,1971.69
512,16384,64,2048,2533.82
512,16384,64,4096,4499.72
512,16384,64,8192,8850.67
512,16384,64,16384,17289.9
512,16384,128,16,1595.48
512,16384,128,32,1597.65
512,16384,128,64,1601.24
512,16384,128,128,1713.16
512,16384,128,256,1839.78
512,16384,128,512,2114.7
512,16384,128,1024,2685.08
512,16384,128,2048,5172.78
512,16384,128,4096,9539.75
512,16384,128,8192,18384.6
512,16384,128,16384,36350.5
1024,0,0,0,108.24
1024,0,1,16,111.795
1024,0,1,32,111.312
1024,0,1,64,111.708
1024,0,1,128,112.731
1024,0,1,256,113.626
1024,0,1,512,115.367
1024,0,1,1024,121.754
1024,0,1,2048,157.781
1024,0,1,4096,221.387
1024,0,1,8192,345.726
1024,0,1,16384,592.718
1024,0,2,16,113.744
1024,0,2,32,114.192
1024,0,2,64,113.978
1024,0,2,128,115.397
1024,0,2,256,117.776
1024,0,2,512,121.829
1024,0,2,1024,132.292
1024,0,2,2048,173.538
1024,0,2,4096,246.438
1024,0,2,8192,370.552
1024,0,2,16384,619.075
1024,0,4,16,119.159
1024,0,4,32,119.429
1024,0,4,64,119.303
1024,0,4,128,123.429
1024,0,4,256,126.618
1024,0,4,512,134.223
1024,0,4,1024,153.069
1024,0,4,2048,207.361
1024,0,4,4096,310.611
1024,0,4,8192,530.242
1024,0,4,16384,902.049
1024,0,8,16,130.266
1024,0,8,32,130.458
1024,0,8,64,130.821
1024,0,8,128,137.925
1024,0,8,256,145.178
1024,0,8,512,160.013
1024,0,8,1024,194.135
1024,0,8,2048,276.786
1024,0,8,4096,439.696
1024,0,8,8192,783.625
1024,0,8,16384,1290.56
1024,0,16,16,151.822
1024,0,16,32,152.025
1024,0,16,64,152.74
1024,0,16,128,166.542
1024,0,16,256,182.031
1024,0,16,512,210.766
1024,0,16,1024,276.532
1024,0,16,2048,419.294
1024,0,16,4096,702.611
1024,0,16,8192,1245.22
1024,0,16,16384,2245.48
1024,0,32,16,194.39
1024,0,32,32,194.838
1024,0,32,64,195.745
1024,0,32,128,224.107
1024,0,32,256,253.973
1024,0,32,512,312.747
1024,0,32,1024,443.446
1024,0,32,2048,709.453
1024,0,32,4096,1248.42
1024,0,32,8192,2253.74
1024,0,32,16384,4271.74
1024,0,64,16,277.605
1024,0,64,32,278.426
1024,0,64,64,280.283
1024,0,64,128,336.9
1024,0,64,256,397.934
1024,0,64,512,526.626
1024,0,64,1024,801.702
1024,0,64,2048,1368.49
1024,0,64,4096,2477.46
1024,0,64,8192,4722.22
1024,0,64,16384,9310.25
1024,0,128,16,442.604
1024,0,128,32,444.273
1024,0,128,64,447.025
1024,0,128,128,562.042
1024,0,128,256,690.586
1024,0,128,512,998.788
1024,0,128,1024,1657.9
1024,0,128,2048,4625.42
1024,0,128,4096,9151.81
1024,0,128,8192,18154.2
1024,0,128,16384,36112.5
1024,16,0,0,118.341
1024,16,1,16,121.703
1024,16,1,32,121.647
1024,16,1,64,121.434
1024,16,1,128,122.597
1024,16,1,256,123.45
1024,16,1,512,125.349
1024,16,1,1024,129.018
1024,16,1,2048,164.472
1024,16,1,4096,230.039
1024,16,1,8192,354.075
1024,16,1,16384,601.696
1024,16,2,16,124.058
1024,16,2,32,124.112
1024,16,2,64,124.121
1024,16,2,128,126.053
1024,16,2,256,127.696
1024,16,2,512,131.386
1024,16,2,1024,139.311
1024,16,2,2048,180.759
1024,16,2,4096,256.755
1024,16,2,8192,381.616
1024,16,2,16384,630.533
1024,16,4,16,129.488
1024,16,4,32,129.615
1024,16,4,64,129.53
1024,16,4,128,133.178
1024,16,4,256,136.505
1024,16,4,512,144.313
1024,16,4,1024,159.555
1024,16,4,2048,215.082
1024,16,4,4096,318.749
1024,16,4,8192,537.318
1024,16,4,16384,941.526
1024,16,8,16,140.677
1024,16,8,32,140.463
1024,16,8,64,140.739
1024,16,8,128,148.163
1024,16,8,256,155.567
1024,16,8,512,170.382
1024,16,8,1024,201.261
1024,16,8,2048,285.022
1024,16,8,4096,446.829
1024,16,8,8192,788.647
1024,16,8,16384,1314.22
1024,16,16,16,162.34
1024,16,16,32,162.083
1024,16,16,64,162.446
1024,16,16,128,176.826
1024,16,16,256,192.068
1024,16,16,512,221.22
1024,16,16,1024,283.936
1024,16,16,2048,426.896
1024,16,16,4096,711.329
1024,16,16,8192,1260.86
1024,16,16,16384,2263.18
1024,16,32,16,204.705
1024,16,32,32,205.689
1024,16,32,64,205.914
1024,16,32,128,234.648
1024,16,32,256,264.921
1024,16,32,512,323.201
1024,16,32,1024,450.836
1024,16,32,2048,717.315
1024,16,32,4096,1256.79
1024,16,32,8192,2269
1024,16,32,16384,4286.33
1024,16,64,16,288.443
1024,16,64,32,289.221
1024,16,64,64,291.075
1024,16,64,128,347.577
1024,16,64,256,408.59
1024,16,64,512,534.625
1024,16,64,1024,808.799
1024,16,64,2048,1380.16
1024,16,64,4096,2485.93
1024,16,64,8192,4735.95
1024,16,64,16384,9322.97
1024,16,128,16,453.276
1024,16,128,32,455.026
1024,16,128,64,457.575
1024,16,128,128,572.741
1024,16,128,256,700.507
1024,16,128,512,1004.9
1024,16,128,1024,1663.63
1024,16,128,2048,4619.9
1024,16,128,4096,9149.73
1024,16,128,8192,18116.2
1024,16,128,16384,36119.5
1024,32,0,0,112.423
1024,32,1,16,115.098
1024,32,1,32,115.11
1024,32,1,64,122.171
1024,32,1,128,123.237
1024,32,1,256,123.495
1024,32,1,512,126.308
1024,32,1,1024,129.178
1024,32,1,2048,164.525
1024,32,1,4096,229.791
1024,32,1,8192,354.183
1024,32,1,16384,601.638
1024,32,2,16,124.293
1024,32,2,32,124.442
1024,32,2,64,124.143
1024,32,2,128,126.213
1024,32,2,256,127.908
1024,32,2,512,131.679
1024,32,2,1024,139.566
1024,32,2,2048,180.79
1024,32,2,4096,257.001
1024,32,2,8192,381.4
1024,32,2,16384,630.851
1024,32,4,16,129.274
1024,32,4,32,129.434
1024,32,4,64,129.626
1024,32,4,128,133.284
1024,32,4,256,136.911
1024,32,4,512,143.918
1024,32,4,1024,159.609
1024,32,4,2048,214.773
1024,32,4,4096,318.171
1024,32,4,8192,535.959
1024,32,4,16384,941.298
1024,32,8,16,140.378
1024,32,8,32,140.846
1024,32,8,64,141.061
1024,32,8,128,147.769
1024,32,8,256,155.427
1024,32,8,512,170.02
1024,32,8,1024,201.058
1024,32,8,2048,284.821
1024,32,8,4096,447.056
1024,32,8,8192,788.655
1024,32,8,16384,1314.62
1024,32,16,16,162.084
1024,32,16,32,162.81
1024,32,16,64,162.927
1024,32,16,128,176.973
1024,32,16,256,192.064
1024,32,16,512,221.218
1024,32,16,1024,284.097
1024,32,16,2048,427.333
1024,32,16,4096,711.403
1024,32,16,8192,1261.38
1024,32,16,16384,2262.89
1024,32,32,16,205.093
1024,32,32,32,205.539
1024,32,32,64,206.351
1024,32,32,128,234.766
1024,32,32,256,264.695
1024,32,32,512,324.194
1024,32,32,1024,450.696
1024,32,32,2048,717.629
1024,32,32,4096,1256.56
1024,32,32,8192,2269.17
1024,32,32,16384,4282.23
1024,32,64,16,288.367
1024,32,64,32,289.414
1024,32,64,64,291.042
1024,32,64,128,347.621
1024,32,64,256,408.58
1024,32,64,512,534.828
1024,32,64,1024,808.372
1024,32,64,2048,1382.3
1024,32,64,4096,2488.55
1024,32,64,8192,4722.79
1024,32,64,16384,9312.21
1024,32,128,16,453.301
1024,32,128,32,454.772
1024,32,128,64,458.271
1024,32,128,128,572.528
1024,32,128,256,700.316
1024,32,128,512,1005.06
1024,32,128,1024,1661.43
1024,32,128,2048,4625.1
1024,32,128,4096,9149.47
1024,32,128,8192,18159.4
1024,32,128,16384,36091.7
1024,64,0,0,112.591
1024,64,1,16,115.474
1024,64,1,32,115.835
1024,64,1,64,122.257
1024,64,1,128,123.162
1024,64,1,256,124.005
1024,64,1,512,125.564
1024,64,1,1024,129.103
1024,64,1,2048,165.397
1024,64,1,4096,229.973
1024,64,1,8192,354.788
1024,64,1,16384,602.375
1024,64,2,16,124.079
1024,64,2,32,123.877
1024,64,2,64,124.079
1024,64,2,128,126.735
1024,64,2,256,127.641
1024,64,2,512,132.026
1024,64,2,1024,139.247
1024,64,2,2048,180.546
1024,64,2,4096,256.917
1024,64,2,8192,381.326
1024,64,2,16384,629.519
1024,64,4,16,129.626
1024,64,4,32,129.733
1024,64,4,64,129.957
1024,64,4,128,132.835
1024,64,4,256,137.263
1024,64,4,512,144.378
1024,64,4,1024,159.609
1024,64,4,2048,215.212
1024,64,4,4096,318.769
1024,64,4,8192,538.606
1024,64,4,16384,941.018
1024,64,8,16,140.761
1024,64,8,32,140.74
1024,64,8,64,141.22
1024,64,8,128,148.559
1024,64,8,256,155.96
1024,64,8,512,170.573
1024,64,8,1024,201.271
1024,64,8,2048,285.14
1024,64,8,4096,446.65
1024,64,8,8192,788.452
1024,64,8,16384,1315.79
1024,64,16,16,162.266
1024,64,16,32,162.244
1024,64,16,64,162.926
1024,64,16,128,176.75
1024,64,16,256,191.886
1024,64,16,512,220.727
1024,64,16,1024,284.063
1024,64,16,2048,427.089
1024,64,16,4096,710.763
1024,64,16,8192,1260.22
1024,64,16,16384,2264.03
1024,64,32,16,205.294
1024,64,32,32,205.34
1024,64,32,64,206.458
1024,64,32,128,234.906
1024,64,32,256,264.301
1024,64,32,512,323.903
1024,64,32,1024,451.028
1024,64,32,2048,717.754
1024,64,32,4096,1256.41
1024,64,32,8192,2270.61
1024,64,32,16384,4285.08
1024,64,64,16,289.125
1024,64,64,32,289.903
1024,64,64,64,290.939
1024,64,64,128,347.694
1024,64,64,256,408.836
1024,64,64,512,534.401
1024,64,64,1024,809.096
1024,64,64,2048,1381.8
1024,64,64,4096,2485.16
1024,64,64,8192,4725.37
1024,64,64,16384,9291.51
1024,64,128,16,452.855
1024,64,128,32,454.876
1024,64,128,64,457.905
1024,64,128,128,572.466
1024,64,128,256,700.335
1024,64,128,512,1005.02
1024,64,128,1024,1663.1
1024,64,128,2048,4624.61
1024,64,128,4096,9149.43
1024,64,128,8192,18108.5
1024,64,128,16384,36109
1024,128,0,0,122.756
1024,128,1,16,125.841
1024,128,1,32,125.637
1024,128,1,64,125.124
1024,128,1,128,130.555
1024,128,1,256,131.684
1024,128,1,512,132.634
1024,128,1,1024,136.985
1024,128,1,2048,171.992
1024,128,1,4096,238.199
1024,128,1,8192,361.979
1024,128,1,16384,610.42
1024,128,2,16,131.504
1024,128,2,32,131.824
1024,128,2,64,132.143
1024,128,2,128,134.212
1024,128,2,256,135.758
1024,128,2,512,138.732
1024,128,2,1024,147.301
1024,128,2,2048,187.831
1024,128,2,4096,267.551
1024,128,2,8192,391.27
1024,128,2,16384,640.741
1024,128,4,16,137.05
1024,128,4,32,137.358
1024,128,4,64,137.347
1024,128,4,128,140.602
1024,128,4,256,144.623
1024,128,4,512,151.791
1024,128,4,1024,167.747
1024,128,4,2048,221.716
1024,128,4,4096,325.799
1024,128,4,8192,544.735
1024,128,4,16384,976.661
1024,128,8,16,148.281
1024,128,8,32,148.175
1024,128,8,64,148.42
1024,128,8,128,155.875
1024,128,8,256,163.481
1024,128,8,512,177.837
1024,128,8,1024,209.187
1024,128,8,2048,291.849
1024,128,8,4096,454.957
1024,128,8,8192,793.364
1024,128,8,16384,1337.22
1024,128,16,16,169.316
1024,128,16,32,170.115
1024,128,16,64,170.002
1024,128,16,128,184.612
1024,128,16,256,199.458
1024,128,16,512,228.792
1024,128,16,1024,291.637
1024,128,16,2048,435.142
1024,128,16,4096,719.137
1024,128,16,8192,1276.76
1024,128,16,16384,2280.17
1024,128,32,16,212.6
1024,128,32,32,213.134
1024,128,32,64,213.935
1024,128,32,128,242.425
1024,128,32,256,272.343
1024,128,32,512,331.628
1024,128,32,1024,459.092
1024,128,32,2048,725.327
1024,128,32,4096,1263.79
1024,128,32,8192,2281.47
1024,128,32,16384,4292.44
1024,128,64,16,296.187
1024,128,64,32,296.784
1024,128,64,64,298.329
1024,128,64,128,355.365
1024,128,64,256,416.59
1024,128,64,512,542.36
1024,128,64,1024,815.945
1024,128,64,2048,1395.86
1024,128,64,4096,2499.74
1024,128,64,8192,4730.75
1024,128,64,16384,9323.03
1024,128,128,16,460.785
1024,128,128,32,463.144
1024,128,128,64,465.947
1024,128,128,128,581.137
1024,128,128,256,707.943
1024,128,128,512,1012.42
1024,128,128,1024,1667.26
1024,128,128,2048,4630.1
1024,128,128,4096,9150.89
1024,128,128,8192,18151.8
1024,128,128,16384,36106.1
1024,256,0,0,140.391
1024,256,1,16,142.511
1024,256,1,32,142.939
1024,256,1,64,146.895
1024,256,1,128,147.844
1024,256,1,256,148.72
1024,256,1,512,150.607
1024,256,1,1024,153.935
1024,256,1,2048,186.157
1024,256,1,4096,254.526
1024,256,1,8192,378.418
1024,256,1,16384,626.844
1024,256,2,16,149.231
1024,256,2,32,149.037
1024,256,2,64,149.091
1024,256,2,128,150.819
1024,256,2,256,153.049
1024,256,2,512,156.641
1024,256,2,1024,163.512
1024,256,2,2048,203.2
1024,256,2,4096,282.067
1024,256,2,8192,412.586
1024,256,2,16384,661.217
1024,256,4,16,153.935
1024,256,4,32,154.447
1024,256,4,64,154.51
1024,256,4,128,158.115
1024,256,4,256,161.764
1024,256,4,512,169.037
1024,256,4,1024,183.353
1024,256,4,2048,237.674
1024,256,4,4096,341.403
1024,256,4,8192,558.349
1024,256,4,16384,1034.92
1024,256,8,16,165.444
1024,256,8,32,165.496
1024,256,8,64,165.87
1024,256,8,128,172.675
1024,256,8,256,180.354
1024,256,8,512,195.491
1024,256,8,1024,223.82
1024,256,8,2048,307.978
1024,256,8,4096,469.605
1024,256,8,8192,805.723
1024,256,8,16384,1386.96
1024,256,16,16,186.866
1024,256,16,32,186.873
1024,256,16,64,187.395
1024,256,16,128,201.88
1024,256,16,256,216.78
1024,256,16,512,246.443
1024,256,16,1024,306.825
1024,256,16,2048,451.152
1024,256,16,4096,734.604
1024,256,16,8192,1309.29
1024,256,16,16384,2317.47
1024,256,32,16,230.479
1024,256,32,32,230.702
1024,256,32,64,231.449
1024,256,32,128,259.768
1024,256,32,256,290.582
1024,256,32,512,350.134
1024,256,32,1024,474.58
1024,256,32,2048,741.693
1024,256,32,4096,1281.2
1024,256,32,8192,2310.33
1024,256,32,16384,4327.36
1024,256,64,16,313.797
1024,256,64,32,314.544
1024,256,64,64,316.036
1024,256,64,128,373.368
1024,256,64,256,434.892
1024,256,64,512,559.998
1024,256,64,1024,830.406
1024,256,64,2048,1421.58
1024,256,64,4096,2525.99
1024,256,64,8192,4744.23
1024,256,64,16384,9346.62
1024,256,128,16,479.535
1024,256,128,32,481.476
1024,256,128,64,484.176
1024,256,128,128,599.31
1024,256,128,256,726.029
1024,256,128,512,1024.27
1024,256,128,1024,1678.01
1024,256,128,2048,4628.37
1024,256,128,4096,9157.91
1024,256,128,8192,18125.6
1024,256,128,16384,36101.1
1024,512,0,0,173.868
1024,512,1,16,176.922
1024,512,1,32,176.449
1024,512,1,64,181.774
1024,512,1,128,182.508
1024,512,1,256,182.966
1024,512,1,512,185.902
1024,512,1,1024,190.101
1024,512,1,2048,214.526
1024,512,1,4096,285.094
1024,512,1,8192,412.094
1024,512,1,16384,661.183
1024,512,2,16,183.35
1024,512,2,32,183.671
1024,512,2,64,184.224
1024,512,2,128,185.548
1024,512,2,256,188.224
1024,512,2,512,191.83
1024,512,2,1024,198.775
1024,512,2,2048,232.414
1024,512,2,4096,314.386
1024,512,2,8192,453.716
1024,512,2,16384,702.644
1024,512,4,16,189.867
1024,512,4,32,189.078
1024,512,4,64,189.1
1024,512,4,128,192.929
1024,512,4,256,197.282
1024,512,4,512,204.726
1024,512,4,1024,218.687
1024,512,4,2048,267.23
1024,512,4,4096,374.723
1024,512,4,8192,585.321
1024,512,4,16384,1035.2
1024,512,8,16,200.147
1024,512,8,32,200.33
1024,512,8,64,200.758
1024,512,8,128,208.064
1024,512,8,256,215.295
1024,512,8,512,230.942
1024,512,8,1024,259.464
1024,512,8,2048,338.404
1024,512,8,4096,502.323
1024,512,8,8192,830.826
1024,512,8,16384,1478.92
1024,512,16,16,221.599
1024,512,16,32,222.123
1024,512,16,64,222.71
1024,512,16,128,236.895
1024,512,16,256,252.661
1024,512,16,512,282.121
1024,512,16,1024,339.964
1024,512,16,2048,481.879
1024,512,16,4096,763.941
1024,512,16,8192,1348.77
1024,512,16,16384,2420.85
1024,512,32,16,265.365
1024,512,32,32,266.264
1024,512,32,64,266.581
1024,512,32,128,296.15
1024,512,32,256,326.218
1024,512,32,512,385.831
1024,512,32,1024,504.687
1024,512,32,2048,771.646
1024,512,32,4096,1324.16
1024,512,32,8192,2506.19
1024,512,32,16384,4521.35
1024,512,64,16,350.37
1024,512,64,32,351.148
1024,512,64,64,352.494
1024,512,64,128,409.855
1024,512,64,256,472.022
1024,512,64,512,596.392
1024,512,64,1024,858.807
1024,512,64,2048,1467.69
1024,512,64,4096,2638.61
1024,512,64,8192,4800.38
1024,512,64,16384,9377.1
1024,512,128,16,515.69
1024,512,128,32,517.669
1024,512,128,64,520.259
1024,512,128,128,636.419
1024,512,128,256,761.836
1024,512,128,512,1051.1
1024,512,128,1024,1693.07
1024,512,128,2048,4631.3
1024,512,128,4096,9154.34
1024,512,128,8192,18168
1024,512,128,16384,36121.1
1024,1024,0,0,246.505
1024,1024,1,16,250.424
1024,1024,1,32,250.505
1024,1024,1,64,250.888
1024,1024,1,128,252.842
1024,1024,1,256,252.211
1024,1024,1,512,254.846
1024,1024,1,1024,260.074
1024,1024,1,2048,270.673
1024,1024,1,4096,342.149
1024,1024,1,8192,475.017
1024,1024,1,16384,724.47
1024,1024,2,16,252.361
1024,1024,2,32,252.607
1024,1024,2,64,253.203
1024,1024,2,128,253.906
1024,1024,2,256,257.289
1024,1024,2,512,261.768
1024,1024,2,1024,269.908
1024,1024,2,2048,288.86
1024,1024,2,4096,373.42
1024,1024,2,8192,526.143
1024,1024,2,16384,783.477
1024,1024,4,16,257.386
1024,1024,4,32,257.864
1024,1024,4,64,258.051
1024,1024,4,128,262.386
1024,1024,4,256,266.439
1024,1024,4,512,274.076
1024,1024,4,1024,288.689
1024,1024,4,2048,324.068
1024,1024,4,4096,435.402
1024,1024,4,8192,641.176
1024,1024,4,16384,1078.53
1024,1024,8,16,268.765
1024,1024,8,32,268.542
1024,1024,8,64,268.774
1024,1024,8,128,276.487
1024,1024,8,256,284.573
1024,1024,8,512,300.401
1024,1024,8,1024,329.511
1024,1024,8,2048,396.482
1024,1024,8,4096,564.029
1024,1024,8,8192,887.745
1024,1024,8,16384,1568.77
1024,1024,16,16,290.602
1024,1024,16,32,290.834
1024,1024,16,64,291.548
1024,1024,16,128,306.217
1024,1024,16,256,321.853
1024,1024,16,512,352.232
1024,1024,16,1024,411.181
1024,1024,16,2048,541.492
1024,1024,16,4096,828.859
1024,1024,16,8192,1409.62
1024,1024,16,16384,2746.25
1024,1024,32,16,334.891
1024,1024,32,32,335.028
1024,1024,32,64,335.85
1024,1024,32,128,365.767
1024,1024,32,256,396.744
1024,1024,32,512,457.392
1024,1024,32,1024,575.769
1024,1024,32,2048,830.98
1024,1024,32,4096,1395.58
1024,1024,32,8192,3424.22
1024,1024,32,16384,6303.27
1024,1024,64,16,420.748
1024,1024,64,32,421.793
1024,1024,64,64,423.043
1024,1024,64,128,480.535
1024,1024,64,256,542.996
1024,1024,64,512,667.944
1024,1024,64,1024,918.189
1024,1024,64,2048,1550.78
1024,1024,64,4096,3163.49
1024,1024,64,8192,5207.69
1024,1024,64,16384,9590.11
1024,1024,128,16,587.298
1024,1024,128,32,589.871
1024,1024,128,64,592.471
1024,1024,128,128,708.791
1024,1024,128,256,834.626
1024,1024,128,512,1116.55
1024,1024,128,1024,1737.27
1024,1024,128,2048,4640.8
1024,1024,128,4096,9143.74
1024,1024,128,8192,18119.7
1024,1024,128,16384,36112.5
1024,2048,0,0,381.662
1024,2048,1,16,385.357
1024,2048,1,32,385.497
1024,2048,1,64,387.511
1024,2048,1,128,389.752
1024,2048,1,256,389.917
1024,2048,1,512,396.183
1024,2048,1,1024,403.94
1024,2048,1,2048,412.697
1024,2048,1,4096,457.674
1024,2048,1,8192,594.928
1024,2048,1,16384,847.629
1024,2048,2,16,389.232
1024,2048,2,32,389.175
1024,2048,2,64,389.301
1024,2048,2,128,391.748
1024,2048,2,256,395.148
1024,2048,2,512,401.286
1024,2048,2,1024,411.264
1024,2048,2,2048,424.181
1024,2048,2,4096,482.996
1024,2048,2,8192,663.328
1024,2048,2,16384,940.45
1024,2048,4,16,397.368
1024,2048,4,32,396.941
1024,2048,4,64,396.673
1024,2048,4,128,401.036
1024,2048,4,256,406.734
1024,2048,4,512,416.822
1024,2048,4,1024,429.421
1024,2048,4,2048,455.797
1024,2048,4,4096,553.359
1024,2048,4,8192,769.504
1024,2048,4,16384,1186.32
1024,2048,8,16,406.671
1024,2048,8,32,406.957
1024,2048,8,64,406.512
1024,2048,8,128,415.811
1024,2048,8,256,426.592
1024,2048,8,512,440.737
1024,2048,8,1024,471.38
1024,2048,8,2048,528.247
1024,2048,8,4096,686.137
1024,2048,8,8192,1022.92
1024,2048,8,16384,1680.24
1024,2048,16,16,427.874
1024,2048,16,32,428.515
1024,2048,16,64,428.95
1024,2048,16,128,445.408
1024,2048,16,256,460.801
1024,2048,16,512,491.69
1024,2048,16,1024,553.461
1024,2048,16,2048,666.96
1024,2048,16,4096,945.78
1024,2048,16,8192,1535.59
1024,2048,16,16384,3368.48
1024,2048,32,16,473.925
1024,2048,32,32,474.746
1024,2048,32,64,475.728
1024,2048,32,128,505.018
1024,2048,32,256,536.3
1024,2048,32,512,598.541
1024,2048,32,1024,720.968
1024,2048,32,2048,955.166
1024,2048,32,4096,1514.57
1024,2048,32,8192,3977.81
1024,2048,32,16384,8125.41
1024,2048,64,16,560.456
1024,2048,64,32,560.874
1024,2048,64,64,562.654
1024,2048,64,128,622.43
1024,2048,64,256,685.457
1024,2048,64,512,809.273
1024,2048,64,1024,1065.54
1024,2048,64,2048,1679.98
1024,2048,64,4096,4526.11
1024,2048,64,8192,8934.42
1024,2048,64,16384,17430
1024,2048,128,16,686.946
1024,2048,128,32,689.463
1024,2048,128,64,734.997
1024,2048,128,128,853.643
1024,2048,128,256,979.469
1024,2048,128,512,1247.79
1024,2048,128,1024,1851.12
1024,2048,128,2048,4661.99
1024,2048,128,4096,9156.48
1024,2048,128,8192,18190.1
1024,2048,128,16384,36087.2
1024,4096,0,0,620.159
1024,4096,1,16,626.876
1024,4096,1,32,626.282
1024,4096,1,64,641.167
1024,4096,1,128,644.002
1024,4096,1,256,648.694
1024,4096,1,512,657.478
1024,4096,1,1024,671.95
1024,4096,1,2048,700.709
1024,4096,1,4096,720.744
1024,4096,1,8192,829.071
1024,4096,1,16384,1091.27
1024,4096,2,16,641.002
1024,4096,2,32,640.728
1024,4096,2,64,640.425
1024,4096,2,128,643.799
1024,4096,2,256,650.433
1024,4096,2,512,667.156
1024,4096,2,1024,695.487
1024,4096,2,2048,717.106
1024,4096,2,4096,731.743
1024,4096,2,8192,856.454
1024,4096,2,16384,1220.6
1024,4096,4,16,645.614
1024,4096,4,32,647.168
1024,4096,4,64,646.499
1024,4096,4,128,653.089
1024,4096,4,256,662.733
1024,4096,4,512,680.359
1024,4096,4,1024,716.879
1024,4096,4,2048,739.147
1024,4096,4,4096,762.373
1024,4096,4,8192,987.087
1024,4096,4,16384,1443.94
1024,4096,8,16,653.184
1024,4096,8,32,652.342
1024,4096,8,64,653.313
1024,4096,8,128,665.614
1024,4096,8,256,682.186
1024,4096,8,512,719.174
1024,4096,8,1024,751.795
1024,4096,8,2048,810.523
1024,4096,8,4096,903.879
1024,4096,8,8192,1245.97
1024,4096,8,16384,1931.6
1024,4096,16,16,676.051
1024,4096,16,32,676.79
1024,4096,16,64,676.118
1024,4096,16,128,706.358
1024,4096,16,256,738.115
1024,4096,16,512,772.938
1024,4096,16,1024,831.571
1024,4096,16,2048,954.878
1024,4096,16,4096,1165.75
1024,4096,16,8192,1767.49
1024,4096,16,16384,3159.87
1024,4096,32,16,740.901
1024,4096,32,32,742.719
1024,4096,32,64,743.213
1024,4096,32,128,783.904
1024,4096,32,256,814.352
1024,4096,32,512,879.542
1024,4096,32,1024,1001.92
1024,4096,32,2048,1246.75
1024,4096,32,4096,1764.34
1024,4096,32,8192,3665.14
1024,4096,32,16384,8698.95
1024,4096,64,16,837.294
1024,4096,64,32,838.049
1024,4096,64,64,839.816
1024,4096,64,128,900.097
1024,4096,64,256,963.944
1024,4096,64,512,1091.07
1024,4096,64,1024,1347.55
1024,4096,64,2048,1869.3
1024,4096,64,4096,3443.66
1024,4096,64,8192,9077.46
1024,4096,64,16384,17895.9
1024,4096,128,16,1009.9
1024,4096,128,32,1012.02
1024,4096,128,64,1015.25
1024,4096,128,128,1135.91
1024,4096,128,256,1263.4
1024,4096,128,512,1520.37
1024,4096,128,1024,2098.1
1024,4096,128,2048,4699.29
1024,4096,128,4096,9209.18
1024,4096,128,8192,18169.3
1024,4096,128,16384,36088.2
1024,8192,0,0,1095.86
1024,8192,1,16,1102.54
1024,8192,1,32,1101.64
1024,8192,1,64,1102.99
1024,8192,1,128,1137.53
1024,8192,1,256,1141.14
1024,8192,1,512,1150.27
1024,8192,1,1024,1167.14
1024,8192,1,2048,1226.08
1024,8192,1,4096,1313.64
1024,8192,1,8192,1339.64
1024,8192,1,16384,1571.77
1024,8192,2,16,1134.9
1024,8192,2,32,1134.25
1024,8192,2,64,1134.08
1024,8192,2,128,1138.61
1024,8192,2,256,1145.47
1024,8192,2,512,1161.61
1024,8192,2,1024,1191.54
1024,8192,2,2048,1252.95
1024,8192,2,4096,1335.48
1024,8192,2,8192,1350.15
1024,8192,2,16384,1599.2
1024,8192,4,16,1140.22
1024,8192,4,32,1141.93
1024,8192,4,64,1140.79
1024,8192,4,128,1147.33
1024,8192,4,256,1156.24
1024,8192,4,512,1175.72
1024,8192,4,1024,1221.18
1024,8192,4,2048,1315.38
1024,8192,4,4096,1357.15
1024,8192,4,8192,1380.96
1024,8192,4,16384,1854.98
1024,8192,8,16,1146.66
1024,8192,8,32,1146.68
1024,8192,8,64,1147.48
1024,8192,8,128,1159.87
1024,8192,8,256,1176.9
1024,8192,8,512,1213.42
1024,8192,8,1024,1291.69
1024,8192,8,2048,1371.58
1024,8192,8,4096,1489.71
1024,8192,8,8192,1646.12
1024,8192,8,16384,2369.2
1024,8192,16,16,1169.24
1024,8192,16,32,1168.72
1024,8192,16,64,1171.19
1024,8192,16,128,1199.4
1024,8192,16,256,1232.63
1024,8192,16,512,1295.35
1024,8192,16,1024,1395.41
1024,8192,16,2048,1511.39
1024,8192,16,4096,1760.21
1024,8192,16,8192,2159.78
1024,8192,16,16384,3477.72
1024,8192,32,16,1235.01
1024,8192,32,32,1235.34
1024,8192,32,64,1236.56
1024,8192,32,128,1290.51
1024,8192,32,256,1348.93
1024,8192,32,512,1439.26
1024,8192,32,1024,1564.11
1024,8192,32,2048,1809.81
1024,8192,32,4096,2308.52
1024,8192,32,8192,3339.69
1024,8192,32,16384,8773.2
1024,8192,64,16,1366.47
1024,8192,64,32,1368.8
1024,8192,64,64,1370.85
1024,8192,64,128,1459.42
1024,8192,64,256,1522.48
1024,8192,64,512,1648.05
1024,8192,64,1024,1903.46
1024,8192,64,2048,2423.34
1024,8192,64,4096,3767.02
1024,8192,64,8192,8931.44
1024,8192,64,16384,18035.9
1024,8192,128,16,1567.53
1024,8192,128,32,1569.97
1024,8192,128,64,1571.5
1024,8192,128,128,1692.59
1024,8192,128,256,1823.58
1024,8192,128,512,2083.19
1024,8192,128,1024,2620.6
1024,8192,128,2048,4843.85
1024,8192,128,4096,9276.74
1024,8192,128,8192,18264.4
1024,8192,128,16384,36180.9
1024,16384,0,0,2001.06
1024,16384,1,16,2006.3
1024,16384,1,32,2005.9
1024,16384,1,64,2123.47
1024,16384,1,128,2127.88
1024,16384,1,256,2132.78
1024,16384,1,512,2141.11
1024,16384,1,1024,2157.67
1024,16384,1,2048,2217.34
1024,16384,1,4096,2340.01
1024,16384,1,8192,2550.71
1024,16384,1,16384,2578.98
1024,16384,2,16,2126.19
1024,16384,2,32,2125.08
1024,16384,2,64,2126.59
1024,16384,2,128,2130.79
1024,16384,2,256,2139.18
1024,16384,2,512,2148.12
1024,16384,2,1024,2182.89
1024,16384,2,2048,2242.84
1024,16384,2,4096,2371.11
1024,16384,2,8192,2572.64
1024,16384,2,16384,2591.35
1024,16384,4,16,2132.88
1024,16384,4,32,2129.12
1024,16384,4,64,2130.97
1024,16384,4,128,2139.92
1024,16384,4,256,2147.63
1024,16384,4,512,2167.07
1024,16384,4,1024,2211.83
1024,16384,4,2048,2305.13
1024,16384,4,4096,2494.74
1024,16384,4,8192,2594.52
1024,16384,4,16384,2620.64
1024,16384,8,16,2136.63
1024,16384,8,32,2142.03
1024,16384,8,64,2140.14
1024,16384,8,128,2151.1
1024,16384,8,256,2167.56
1024,16384,8,512,2203.08
1024,16384,8,1024,2278.97
1024,16384,8,2048,2434.46
1024,16384,8,4096,2612.25
1024,16384,8,8192,2854.65
1024,16384,8,16384,3140.69
1024,16384,16,16,2158.49
1024,16384,16,32,2158.52
1024,16384,16,64,2159.07
1024,16384,16,128,2187.88
1024,16384,16,256,2218.51
1024,16384,16,512,2282.63
1024,16384,16,1024,2406.14
1024,16384,16,2048,2635.58
1024,16384,16,4096,2873.46
1024,16384,16,8192,3386.75
1024,16384,16,16384,4161.66
1024,16384,32,16,2223.65
1024,16384,32,32,2225.67
1024,16384,32,64,2228.08
1024,16384,32,128,2282.07
1024,16384,32,256,2340.09
1024,16384,32,512,2452.82
1024,16384,32,1024,2675.09
1024,16384,32,2048,2929.76
1024,16384,32,4096,3445.21
1024,16384,32,8192,4467.31
1024,16384,32,16384,6554.87
1024,16384,64,16,2359.19
1024,16384,64,32,2359.51
1024,16384,64,64,2362.64
1024,16384,64,128,2466.71
1024,16384,64,256,2574.46
1024,16384,64,512,2772.55
1024,16384,64,1024,3023.21
1024,16384,64,2048,3557.58
1024,16384,64,4096,5055.52
1024,16384,64,8192,9018.6
1024,16384,64,16384,17847.4
1024,16384,128,16,2498.36
1024,16384,128,32,2500.7
1024,16384,128,64,2637.35
1024,16384,128,128,2815.15
1024,16384,128,256,2943.93
1024,16384,128,512,3201.1
1024,16384,128,1024,3746.97
1024,16384,128,2048,5312.62
1024,16384,128,4096,9542.52
1024,16384,128,8192,18413.2
1024,16384,128,16384,36400.7
2048,0,0,0,336.126
2048,0,1,16,340.771
2048,0,1,32,340.426
2048,0,1,64,340.246
2048,0,1,128,341.449
2048,0,1,256,342.516
2048,0,1,512,344.054
2048,0,1,1024,347.87
2048,0,1,2048,358.888
2048,0,1,4096,432.036
2048,0,1,8192,571.659
2048,0,1,16384,825.016
2048,0,2,16,342.921
2048,0,2,32,343.966
2048,0,2,64,344.072
2048,0,2,128,346.622
2048,0,2,256,347.561
2048,0,2,512,351.923
2048,0,2,1024,359.914
2048,0,2,2048,379.314
2048,0,2,4096,466.022
2048,0,2,8192,628.126
2048,0,2,16384,904.945
2048,0,4,16,351.369
2048,0,4,32,351.741
2048,0,4,64,351.902
2048,0,4,128,356.254
2048,0,4,256,358.89
2048,0,4,512,368.051
2048,0,4,1024,382.214
2048,0,4,2048,418.813
2048,0,4,4096,530.744
2048,0,4,8192,741.194
2048,0,4,16384,1162.38
2048,0,8,16,368.2
2048,0,8,32,368.787
2048,0,8,64,369
2048,0,8,128,375.944
2048,0,8,256,384.221
2048,0,8,512,399.611
2048,0,8,1024,428.806
2048,0,8,2048,497.508
2048,0,8,4096,668.053
2048,0,8,8192,990.88
2048,0,8,16384,1655.85
2048,0,16,16,401.885
2048,0,16,32,401.756
2048,0,16,64,401.459
2048,0,16,128,416.456
2048,0,16,256,431.73
2048,0,16,512,462.79
2048,0,16,1024,522.424
2048,0,16,2048,653.88
2048,0,16,4096,940.389
2048,0,16,8192,1515.38
2048,0,16,16384,3156.15
2048,0,32,16,466.172
2048,0,32,32,466.677
2048,0,32,64,466.878
2048,0,32,128,496.393
2048,0,32,256,526.908
2048,0,32,512,588.015
2048,0,32,1024,706.232
2048,0,32,2048,967.421
2048,0,32,4096,1521.41
2048,0,32,8192,3858.94
2048,0,32,16384,7546.48
2048,0,64,16,596.636
2048,0,64,32,597.118
2048,0,64,64,598.55
2048,0,64,128,656.733
2048,0,64,256,718.559
2048,0,64,512,841.447
2048,0,64,1024,1095.87
2048,0,64,2048,1703.08
2048,0,64,4096,3670.55
2048,0,64,8192,6539.21
2048,0,64,16384,10220.3
2048,0,128,16,852.107
2048,0,128,32,854.358
2048,0,128,64,856.779
2048,0,128,128,973.377
2048,0,128,256,1096.09
2048,0,128,512,1354.46
2048,0,128,1024,1974.94
2048,0,128,2048,4713.28
2048,0,128,4096,9210.26
2048,0,128,8192,18172.9
2048,0,128,16384,36159.5
2048,16,0,0,334.857
2048,16,1,16,338.72
2048,16,1,32,337.737
2048,16,1,64,358.354
2048,16,1,128,359.167
2048,16,1,256,360.392
2048,16,1,512,362.537
2048,16,1,1024,365.917
2048,16,1,2048,372.903
2048,16,1,4096,447.334
2048,16,1,8192,588.054
2048,16,1,16384,841.095
2048,16,2,16,362.387
2048,16,2,32,362.324
2048,16,2,64,362.11
2048,16,2,128,363.784
2048,16,2,256,365.939
2048,16,2,512,370.216
2048,16,2,1024,376.584
2048,16,2,2048,394.62
2048,16,2,4096,480.721
2048,16,2,8192,642.999
2048,16,2,16384,923.648
2048,16,4,16,369.491
2048,16,4,32,369.14
2048,16,4,64,369.252
2048,16,4,128,372.85
2048,16,4,256,376.669
2048,16,4,512,384.264
2048,16,4,1024,399.143
2048,16,4,2048,433.027
2048,16,4,4096,547.502
2048,16,4,8192,758.79
2048,16,4,16384,1176.46
2048,16,8,16,386.76
2048,16,8,32,386.548
2048,16,8,64,386.258
2048,16,8,128,393.533
2048,16,8,256,401.969
2048,16,8,512,417.478
2048,16,8,1024,447.678
2048,16,8,2048,513.018
2048,16,8,4096,682.984
2048,16,8,8192,1006.52
2048,16,8,16384,1670.06
2048,16,16,16,419.38
2048,16,16,32,419.529
2048,16,16,64,419.718
2048,16,16,128,435.198
2048,16,16,256,449.522
2048,16,16,512,480.389
2048,16,16,1024,540.473
2048,16,16,2048,669.318
2048,16,16,4096,956.164
2048,16,16,8192,1530.04
2048,16,16,16384,3215.63
2048,16,32,16,483.474
2048,16,32,32,484.712
2048,16,32,64,485.746
2048,16,32,128,513.97
2048,16,32,256,545.212
2048,16,32,512,606.821
2048,16,32,1024,724.174
2048,16,32,2048,983.197
2048,16,32,4096,1536.9
2048,16,32,8192,3929.97
2048,16,32,16384,7557.28
2048,16,64,16,615.36
2048,16,64,32,615.732
2048,16,64,64,617.075
2048,16,64,128,675.411
2048,16,64,256,736.849
2048,16,64,512,859.078
2048,16,64,1024,1111.07
2048,16,64,2048,1716.35
2048,16,64,4096,3710.13
2048,16,64,8192,7821.81
2048,16,64,16384,10329.8
2048,16,128,16,870.711
2048,16,128,32,871.961
2048,16,128,64,875.705
2048,16,128,128,992.31
2048,16,128,256,1113.79
2048,16,128,512,1371.34
2048,16,128,1024,1988.11
2048,16,128,2048,4708.63
2048,16,128,4096,9212.47
2048,16,128,8192,18221.4
2048,16,128,16384,36141.1
2048,32,0,0,355.51
2048,32,1,16,358.196
2048,32,1,32,357.696
2048,32,1,64,358.305
2048,32,1,128,359.326
2048,32,1,256,359.904
2048,32,1,512,361.971
2048,32,1,1024,367.156
2048,32,1,2048,373.897
2048,32,1,4096,446.896
2048,32,1,8192,588.28
2048,32,1,16384,842.233
2048,32,2,16,362.517
2048,32,2,32,361.992
2048,32,2,64,362.183
2048,32,2,128,363.883
2048,32,2,256,366.888
2048,32,2,512,369.726
2048,32,2,1024,377.256
2048,32,2,2048,394.663
2048,32,2,4096,481.082
2048,32,2,8192,643.656
2048,32,2,16384,924.185
2048,32,4,16,369.598
2048,32,4,32,369.971
2048,32,4,64,369.523
2048,32,4,128,372.637
2048,32,4,256,377.534
2048,32,4,512,385.288
2048,32,4,1024,400.713
2048,32,4,2048,432.593
2048,32,4,4096,547.117
2048,32,4,8192,759.774
2048,32,4,16384,1177.21
2048,32,8,16,386.729
2048,32,8,32,386.653
2048,32,8,64,386.26
2048,32,8,128,394.504
2048,32,8,256,402.397
2048,32,8,512,417.16
2048,32,8,1024,448.059
2048,32,8,2048,512.39
2048,32,8,4096,682.869
2048,32,8,8192,1006.66
2048,32,8,16384,1669.68
2048,32,16,16,420.012
2048,32,16,32,419.837
2048,32,16,64,419.965
2048,32,16,128,434.566
2048,32,16,256,449.745
2048,32,16,512,480.346
2048,32,16,1024,539.716
2048,32,16,2048,669.261
2048,32,16,4096,956.091
2048,32,16,8192,1528.74
2048,32,16,16384,3223.29
2048,32,32,16,483.572
2048,32,32,32,484.029
2048,32,32,64,484.732
2048,32,32,128,513.809
2048,32,32,256,545.287
2048,32,32,512,606.011
2048,32,32,1024,724.651
2048,32,32,2048,983.296
2048,32,32,4096,1537.63
2048,32,32,8192,3919.17
2048,32,32,16384,7626.6
2048,32,64,16,615.421
2048,32,64,32,615.754
2048,32,64,64,617.343
2048,32,64,128,675.626
2048,32,64,256,737.062
2048,32,64,512,859.481
2048,32,64,1024,1110.63
2048,32,64,2048,1716.59
2048,32,64,4096,3720.01
2048,32,64,8192,7281.84
2048,32,64,16384,10386.8
2048,32,128,16,870.19
2048,32,128,32,872.642
2048,32,128,64,875.642
2048,32,128,128,991.723
2048,32,128,256,1114.34
2048,32,128,512,1371.26
2048,32,128,1024,1988.11
2048,32,128,2048,4709.24
2048,32,128,4096,9212.66
2048,32,128,8192,18194.1
2048,32,128,16384,36154.7
2048,64,0,0,335.015
2048,64,1,16,338.22
2048,64,1,32,338.271
2048,64,1,64,358.773
2048,64,1,128,359.188
2048,64,1,256,359.976
2048,64,1,512,361.45
2048,64,1,1024,365.875
2048,64,1,2048,373.553
2048,64,1,4096,447.822
2048,64,1,8192,586.88
2048,64,1,16384,842.138
2048,64,2,16,363.112
2048,64,2,32,361.929
2048,64,2,64,362.087
2048,64,2,128,364.649
2048,64,2,256,367.08
2048,64,2,512,370.493
2048,64,2,1024,376.83
2048,64,2,2048,394.833
2048,64,2,4096,480.239
2048,64,2,8192,642.517
2048,64,2,16384,923.81
2048,64,4,16,369.449
2048,64,4,32,369.349
2048,64,4,64,369.055
2048,64,4,128,373.448
2048,64,4,256,377.064
2048,64,4,512,384.818
2048,64,4,1024,399.996
2048,64,4,2048,433.96
2048,64,4,4096,547.255
2048,64,4,8192,758.441
2048,64,4,16384,1178.05
2048,64,8,16,387.145
2048,64,8,32,386.408
2048,64,8,64,386.077
2048,64,8,128,395.282
2048,64,8,256,401.884
2048,64,8,512,418.097
2048,64,8,1024,447.648
2048,64,8,2048,512.389
2048,64,8,4096,682.805
2048,64,8,8192,1005.89
2048,64,8,16384,1670.04
2048,64,16,16,419.869
2048,64,16,32,418.695
2048,64,16,64,419.859
2048,64,16,128,435.026
2048,64,16,256,449.439
2048,64,16,512,481.112
2048,64,16,1024,540.058
2048,64,16,2048,669.324
2048,64,16,4096,956.239
2048,64,16,8192,1531.27
2048,64,16,16384,3203.85
2048,64,32,16,483.889
2048,64,32,32,484.265
2048,64,32,64,485.276
2048,64,32,128,514.026
2048,64,32,256,544.701
2048,64,32,512,606.085
2048,64,32,1024,724.76
2048,64,32,2048,983.303
2048,64,32,4096,1538.34
2048,64,32,8192,3840.16
2048,64,32,16384,7679.23
2048,64,64,16,614.889
2048,64,64,32,616.083
2048,64,64,64,617.055
2048,64,64,128,675.134
2048,64,64,256,736.541
2048,64,64,512,859.526
2048,64,64,1024,1110.65
2048,64,64,2048,1715.65
2048,64,64,4096,3713.78
2048,64,64,8192,8216.34
2048,64,64,16384,10342.7
2048,64,128,16,870.657
2048,64,128,32,871.981
2048,64,128,64,875.521
2048,64,128,128,991.319
2048,64,128,256,1113.96
2048,64,128,512,1370.45
2048,64,128,1024,1988.55
2048,64,128,2048,4708.59
2048,64,128,4096,9212.81
2048,64,128,8192,18217.1
2048,64,128,16384,36140.5
2048,128,0,0,349.022
2048,128,1,16,351.978
2048,128,1,32,352.969
2048,128,1,64,352.083
2048,128,1,128,375.785
2048,128,1,256,375.693
2048,128,1,512,377.898
2048,128,1,1024,381.106
2048,128,1,2048,389.127
2048,128,1,4096,462.172
2048,128,1,8192,604.289
2048,128,1,16384,858.843
2048,128,2,16,376.616
2048,128,2,32,376.937
2048,128,2,64,377.459
2048,128,2,128,380.113
2048,128,2,256,381.663
2048,128,2,512,385.853
2048,128,2,1024,393.323
2048,128,2,2048,409.511
2048,128,2,4096,496.579
2048,128,2,8192,661.057
2048,128,2,16384,944.534
2048,128,4,16,384.81
2048,128,4,32,384.584
2048,128,4,64,384.426
2048,128,4,128,389.137
2048,128,4,256,392.936
2048,128,4,512,400.071
2048,128,4,1024,416.252
2048,128,4,2048,448.592
2048,128,4,4096,563.555
2048,128,4,8192,776.423
2048,128,4,16384,1192.96
2048,128,8,16,401.169
2048,128,8,32,401.823
2048,128,8,64,401.405
2048,128,8,128,409.211
2048,128,8,256,417.138
2048,128,8,512,431.911
2048,128,8,1024,462.482
2048,128,8,2048,528.516
2048,128,8,4096,698.633
2048,128,8,8192,1023.59
2048,128,8,16384,1682.78
2048,128,16,16,434.164
2048,128,16,32,434.866
2048,128,16,64,434.705
2048,128,16,128,449.385
2048,128,16,256,465.137
2048,128,16,512,495.572
2048,128,16,1024,555.217
2048,128,16,2048,685.259
2048,128,16,4096,973.014
2048,128,16,8192,1546.77
2048,128,16,16384,3279.37
2048,128,32,16,499.036
2048,128,32,32,499.836
2048,128,32,64,500.2
2048,128,32,128,529.458
2048,128,32,256,560.136
2048,128,32,512,621.349
2048,128,32,1024,739.79
2048,128,32,2048,998.184
2048,128,32,4096,1554.02
2048,128,32,8192,3964.83
2048,128,32,16384,7796.55
2048,128,64,16,629.813
2048,128,64,32,630.09
2048,128,64,64,632.05
2048,128,64,128,690.516
2048,128,64,256,751.986
2048,128,64,512,874.354
2048,128,64,1024,1125.29
2048,128,64,2048,1729.75
2048,128,64,4096,3782.48
2048,128,64,8192,8123.12
2048,128,64,16384,10718.7
2048,128,128,16,885.602
2048,128,128,32,887.417
2048,128,128,64,890.041
2048,128,128,128,1007
2048,128,128,256,1128.36
2048,128,128,512,1385.45
2048,128,128,1024,2002.74
2048,128,128,2048,4710.12
2048,128,128,4096,9208.85
2048,128,128,8192,18218.5
2048,128,128,16384,36147.2
2048,256,0,0,380.491
2048,256,1,16,383.785
2048,256,1,32,383.239
2048,256,1,64,405.618
2048,256,1,128,407.111
2048,256,1,256,408.608
2048,256,1,512,409.606
2048,256,1,1024,413.704
2048,256,1,2048,421.199
2048,256,1,4096,492.81
2048,256,1,8192,634.55
2048,256,1,16384,892.676
2048,256,2,16,410.825
2048,256,2,32,409.992
2048,256,2,64,410.576
2048,256,2,128,411.668
2048,256,2,256,414.056
2048,256,2,512,417.874
2048,256,2,1024,425.637
2048,256,2,2048,439.397
2048,256,2,4096,526.268
2048,256,2,8192,691.453
2048,256,2,16384,987.051
2048,256,4,16,417.224
2048,256,4,32,417.8
2048,256,4,64,417.103
2048,256,4,128,421.84
2048,256,4,256,426.599
2048,256,4,512,432.689
2048,256,4,1024,448.102
2048,256,4,2048,478.831
2048,256,4,4096,591.937
2048,256,4,8192,807.336
2048,256,4,16384,1222.34
2048,256,8,16,433.595
2048,256,8,32,433.765
2048,256,8,64,433.971
2048,256,8,128,442.593
2048,256,8,256,449.814
2048,256,8,512,465.851
2048,256,8,1024,495.405
2048,256,8,2048,559.313
2048,256,8,4096,728.956
2048,256,8,8192,1056.8
2048,256,8,16384,1710.15
2048,256,16,16,466.193
2048,256,16,32,466.887
2048,256,16,64,466.609
2048,256,16,128,482.64
2048,256,16,256,497.788
2048,256,16,512,528.068
2048,256,16,1024,588.387
2048,256,16,2048,715.775
2048,256,16,4096,1004.44
2048,256,16,8192,1576.76
2048,256,16,16384,3371.51
2048,256,32,16,531.24
2048,256,32,32,532.273
2048,256,32,64,532.659
2048,256,32,128,562.268
2048,256,32,256,592.729
2048,256,32,512,653.904
2048,256,32,1024,773.677
2048,256,32,2048,1029.59
2048,256,32,4096,1591.36
2048,256,32,8192,4099.86
2048,256,32,16384,7953.23
2048,256,64,16,662.067
2048,256,64,32,662.731
2048,256,64,64,664.424
2048,256,64,128,723.242
2048,256,64,256,784.915
2048,256,64,512,907.397
2048,256,64,1024,1157.92
2048,256,64,2048,1753.92
2048,256,64,4096,3937.91
2048,256,64,8192,8297.51
2048,256,64,16384,14801.8
2048,256,128,16,918.094
2048,256,128,32,920.408
2048,256,128,64,924.302
2048,256,128,128,1039.76
2048,256,128,256,1161.7
2048,256,128,512,1416.43
2048,256,128,1024,2029.31
2048,256,128,2048,4713.62
2048,256,128,4096,9212.66
2048,256,128,8192,18219.2
2048,256,128,16384,36134.6
2048,512,0,0,442.404
2048,512,1,16,446.284
2048,512,1,32,445.68
2048,512,1,64,473.724
2048,512,1,128,472.88
2048,512,1,256,474.918
2048,512,1,512,476.467
2048,512,1,1024,480.677
2048,512,1,2048,487.709
2048,512,1,4096,551.469
2048,512,1,8192,695.485
2048,512,1,16384,961.42
2048,512,2,16,476.368
2048,512,2,32,475.675
2048,512,2,64,475.961
2048,512,2,128,477.797
2048,512,2,256,479.501
2048,512,2,512,483.471
2048,512,2,1024,491.109
2048,512,2,2048,506.136
2048,512,2,4096,585.773
2048,512,2,8192,753.477
2048,512,2,16384,1064.05
2048,512,4,16,483.707
2048,512,4,32,483.322
2048,512,4,64,483.441
2048,512,4,128,486.936
2048,512,4,256,492.123
2048,512,4,512,499.044
2048,512,4,1024,514.125
2048,512,4,2048,544.013
2048,512,4,4096,652.937
2048,512,4,8192,872.978
2048,512,4,16384,1286.27
2048,512,8,16,499.406
2048,512,8,32,499.545
2048,512,8,64,499.386
2048,512,8,128,508.031
2048,512,8,256,515.299
2048,512,8,512,531.714
2048,512,8,1024,560.591
2048,512,8,2048,620.725
2048,512,8,4096,791.115
2048,512,8,8192,1121.83
2048,512,8,16384,1768.97
2048,512,16,16,531.642
2048,512,16,32,532.387
2048,512,16,64,532.209
2048,512,16,128,547.695
2048,512,16,256,564.313
2048,512,16,512,594.627
2048,512,16,1024,655.061
2048,512,16,2048,776.052
2048,512,16,4096,1067.61
2048,512,16,8192,1641.46
2048,512,16,16384,3617.77
2048,512,32,16,596.879
2048,512,32,32,596.74
2048,512,32,64,597.787
2048,512,32,128,627.464
2048,512,32,256,657.818
2048,512,32,512,719.382
2048,512,32,1024,839.713
2048,512,32,2048,1090.57
2048,512,32,4096,1653.54
2048,512,32,8192,4282.22
2048,512,32,16384,8312.56
2048,512,64,16,728.859
2048,512,64,32,728.998
2048,512,64,64,730.238
2048,512,64,128,788.572
2048,512,64,256,850.93
2048,512,64,512,972.975
2048,512,64,1024,1222.05
2048,512,64,2048,1804.04
2048,512,64,4096,4294.23
2048,512,64,8192,8842.92
2048,512,64,16384,17056.3
2048,512,128,16,984.279
2048,512,128,32,986.582
2048,512,128,64,989.291
2048,512,128,128,1106.94
2048,512,128,256,1228.78
2048,512,128,512,1478.83
2048,512,128,1024,2076.37
2048,512,128,2048,4714.01
2048,512,128,4096,9225.39
2048,512,128,8192,18203.4
2048,512,128,16384,36134.9
2048,1024,0,0,566.486
2048,1024,1,16,569.54
2048,1024,1,32,570.454
2048,1024,1,64,603.839
2048,1024,1,128,604.846
2048,1024,1,256,604.481
2048,1024,1,512,607.575
2048,1024,1,1024,610.582
2048,1024,1,2048,619.291
2048,1024,1,4096,668.258
2048,1024,1,8192,814.212
2048,1024,1,16384,1092.23
2048,1024,2,16,608.417
2048,1024,2,32,608.698
2048,1024,2,64,607.69
2048,1024,2,128,610.219
2048,1024,2,256,611.683
2048,1024,2,512,616.204
2048,1024,2,1024,623.212
2048,1024,2,2048,638.168
2048,1024,2,4096,704.382
2048,1024,2,8192,876.426
2048,1024,2,16384,1196.99
2048,1024,4,16,614.223
2048,1024,4,32,614.977
2048,1024,4,64,613.643
2048,1024,4,128,617.27
2048,1024,4,256,621.951
2048,1024,4,512,630.976
2048,1024,4,1024,646.697
2048,1024,4,2048,675.41
2048,1024,4,4096,774.001
2048,1024,4,8192,996.736
2048,1024,4,16384,1414.41
2048,1024,8,16,630.123
2048,1024,8,32,631.423
2048,1024,8,64,630.417
2048,1024,8,128,637.404
2048,1024,8,256,646.625
2048,1024,8,512,663.196
2048,1024,8,1024,694.614
2048,1024,8,2048,752.776
2048,1024,8,4096,912.482
2048,1024,8,8192,1246.88
2048,1024,8,16384,1898.28
2048,1024,16,16,662.467
2048,1024,16,32,663.009
2048,1024,16,64,663.306
2048,1024,16,128,678.594
2048,1024,16,256,694.722
2048,1024,16,512,725.932
2048,1024,16,1024,786.899
2048,1024,16,2048,905.732
2048,1024,16,4096,1187.32
2048,1024,16,8192,1770.05
2048,1024,16,16384,3871.44
2048,1024,32,16,726.111
2048,1024,32,32,727.543
2048,1024,32,64,727.021
2048,1024,32,128,757.001
2048,1024,32,256,788.952
2048,1024,32,512,851.381
2048,1024,32,1024,971.721
2048,1024,32,2048,1210.21
2048,1024,32,4096,1767.14
2048,1024,32,8192,4458.35
2048,1024,32,16384,8795.24
2048,1024,64,16,859.163
2048,1024,64,32,859.547
2048,1024,64,64,860.557
2048,1024,64,128,920.058
2048,1024,64,256,982.629
2048,1024,64,512,1105.35
2048,1024,64,1024,1359.13
2048,1024,64,2048,1903.75
2048,1024,64,4096,4621.64
2048,1024,64,8192,9152.44
2048,1024,64,16384,17884.6
2048,1024,128,16,1116.02
2048,1024,128,32,1118.89
2048,1024,128,64,1120.62
2048,1024,128,128,1238.83
2048,1024,128,256,1361.52
2048,1024,128,512,1607.08
2048,1024,128,1024,2176.36
2048,1024,128,2048,4721.45
2048,1024,128,4096,9226.9
2048,1024,128,8192,18217.8
2048,1024,128,16384,36119.2
2048,2048,0,0,813.484
2048,2048,1,16,817.381
2048,2048,1,32,816.752
2048,2048,1,64,866.849
2048,2048,1,128,867.158
2048,2048,1,256,868.767
2048,2048,1,512,870.819
2048,2048,1,1024,873.788
2048,2048,1,2048,880.806
2048,2048,1,4096,901.656
2048,2048,1,8192,1049.25
2048,2048,1,16384,1337.6
2048,2048,2,16,869.479
2048,2048,2,32,869.978
2048,2048,2,64,869.912
2048,2048,2,128,871.099
2048,2048,2,256,873.178
2048,2048,2,512,876.944
2048,2048,2,1024,884.961
2048,2048,2,2048,899.915
2048,2048,2,4096,937.318
2048,2048,2,8192,1114.44
2048,2048,2,16384,1448.47
2048,2048,4,16,874.531
2048,2048,4,32,875.397
2048,2048,4,64,877.059
2048,2048,4,128,879.588
2048,2048,4,256,882.52
2048,2048,4,512,891.459
2048,2048,4,1024,907.32
2048,2048,4,2048,936.32
2048,2048,4,4096,1009.01
2048,2048,4,8192,1239.48
2048,2048,4,16384,1672.81
2048,2048,8,16,891.625
2048,2048,8,32,891.854
2048,2048,8,64,890.993
2048,2048,8,128,896.611
2048,2048,8,256,904.941
2048,2048,8,512,923.718
2048,2048,8,1024,955.011
2048,2048,8,2048,1015.47
2048,2048,8,4096,1149.81
2048,2048,8,8192,1495.45
2048,2048,8,16384,2163.99
2048,2048,16,16,922.115
2048,2048,16,32,922.513
2048,2048,16,64,921.799
2048,2048,16,128,938.222
2048,2048,16,256,954.469
2048,2048,16,512,987.832
2048,2048,16,1024,1047.67
2048,2048,16,2048,1169.73
2048,2048,16,4096,1432.96
2048,2048,16,8192,2022.42
2048,2048,16,16384,4193.41
2048,2048,32,16,985.693
2048,2048,32,32,985.35
2048,2048,32,64,986.313
2048,2048,32,128,1016.5
2048,2048,32,256,1049.23
2048,2048,32,512,1112.88
2048,2048,32,1024,1234.67
2048,2048,32,2048,1474.48
2048,2048,32,4096,1998.54
2048,2048,32,8192,4523.57
2048,2048,32,16384,9012.61
2048,2048,64,16,1118.74
2048,2048,64,32,1119.89
2048,2048,64,64,1120.92
2048,2048,64,128,1180.77
2048,2048,64,256,1242.7
2048,2048,64,512,1366.98
2048,2048,64,1024,1628.65
2048,2048,64,2048,2128.76
2048,2048,64,4096,4698.59
2048,2048,64,8192,9266.74
2048,2048,64,16384,18189.6
2048,2048,128,16,1378.42
2048,2048,128,32,1380.55
2048,2048,128,64,1383.42
2048,2048,128,128,1501.77
2048,2048,128,256,1625.04
2048,2048,128,512,1870.38
2048,2048,128,1024,2412.08
2048,2048,128,2048,4725.33
2048,2048,128,4096,9257.78
2048,2048,128,8192,18223.2
2048,2048,128,16384,36119.1
2048,4096,0,0,1303.99
2048,4096,1,16,1306.94
2048,4096,1,32,1306.48
2048,4096,1,64,1386.86
2048,4096,1,128,1384.63
2048,4096,1,256,1387
2048,4096,1,512,1389.22
2048,4096,1,1024,1396.74
2048,4096,1,2048,1409.29
2048,4096,1,4096,1429.66
2048,4096,1,8192,1519.67
2048,4096,1,16384,1811.19
2048,4096,2,16,1385.53
2048,4096,2,32,1385.13
2048,4096,2,64,1387.43
2048,4096,2,128,1388.97
2048,4096,2,256,1392
2048,4096,2,512,1396.55
2048,4096,2,1024,1408.81
2048,4096,2,2048,1428.3
2048,4096,2,4096,1458.12
2048,4096,2,8192,1583.45
2048,4096,2,16384,1935.77
2048,4096,4,16,1395.22
2048,4096,4,32,1394.04
2048,4096,4,64,1395.44
2048,4096,4,128,1400.65
2048,4096,4,256,1403.87
2048,4096,4,512,1412.08
2048,4096,4,1024,1430.77
2048,4096,4,2048,1460.51
2048,4096,4,4096,1523.08
2048,4096,4,8192,1714.84
2048,4096,4,16384,2161.54
2048,4096,8,16,1412.34
2048,4096,8,32,1412.83
2048,4096,8,64,1413.81
2048,4096,8,128,1422.41
2048,4096,8,256,1429.56
2048,4096,8,512,1443.58
2048,4096,8,1024,1478.29
2048,4096,8,2048,1535.65
2048,4096,8,4096,1659.55
2048,4096,8,8192,1975.65
2048,4096,8,16384,2668.23
2048,4096,16,16,1452.4
2048,4096,16,32,1452.65
2048,4096,16,64,1453.89
2048,4096,16,128,1465.9
2048,4096,16,256,1477.78
2048,4096,16,512,1506.38
2048,4096,16,1024,1572.01
2048,4096,16,2048,1691.59
2048,4096,16,4096,1933.22
2048,4096,16,8192,2505.52
2048,4096,16,16384,4334.68
2048,4096,32,16,1508.36
2048,4096,32,32,1509.45
2048,4096,32,64,1510.93
2048,4096,32,128,1534.09
2048,4096,32,256,1566.88
2048,4096,32,512,1631.21
2048,4096,32,1024,1760.29
2048,4096,32,2048,2001.33
2048,4096,32,4096,2479.61
2048,4096,32,8192,4479.82
2048,4096,32,16384,9103.61
2048,4096,64,16,1636.49
2048,4096,64,32,1636.62
2048,4096,64,64,1638.36
2048,4096,64,128,1700.23
2048,4096,64,256,1763.72
2048,4096,64,512,1889.7
2048,4096,64,1024,2137.23
2048,4096,64,2048,2685.56
2048,4096,64,4096,4071.62
2048,4096,64,8192,9312.09
2048,4096,64,16384,18281.8
2048,4096,128,16,1898.84
2048,4096,128,32,1901.69
2048,4096,128,64,1903.57
2048,4096,128,128,2023.36
2048,4096,128,256,2147.47
2048,4096,128,512,2394.72
2048,4096,128,1024,2912.51
2048,4096,128,2048,4771.81
2048,4096,128,4096,9297.75
2048,4096,128,8192,18270.8
2048,4096,128,16384,36170.3
2048,8192,0,0,2400.87
2048,8192,1,16,2400.99
2048,8192,1,32,2399.53
2048,8192,1,64,2409.93
2048,8192,1,128,2431.34
2048,8192,1,256,2429.88
2048,8192,1,512,2439.52
2048,8192,1,1024,2450.7
2048,8192,1,2048,2462.48
2048,8192,1,4096,2492.76
2048,8192,1,8192,2540.61
2048,8192,1,16384,2756.65
2048,8192,2,16,2433.06
2048,8192,2,32,2430.76
2048,8192,2,64,2433.35
2048,8192,2,128,2436.75
2048,8192,2,256,2443.19
2048,8192,2,512,2455.14
2048,8192,2,1024,2468.78
2048,8192,2,2048,2484.53
2048,8192,2,4096,2519.73
2048,8192,2,8192,2567.17
2048,8192,2,16384,2840.82
2048,8192,4,16,2447.34
2048,8192,4,32,2447.55
2048,8192,4,64,2448.57
2048,8192,4,128,2453.49
2048,8192,4,256,2459.75
2048,8192,4,512,2471.47
2048,8192,4,1024,2486.6
2048,8192,4,2048,2511.78
2048,8192,4,4096,2565.89
2048,8192,4,8192,2653.72
2048,8192,4,16384,3102.02
2048,8192,8,16,2477.21
2048,8192,8,32,2479.27
2048,8192,8,64,2478.06
2048,8192,8,128,2487.29
2048,8192,8,256,2499.85
2048,8192,8,512,2518.77
2048,8192,8,1024,2542.85
2048,8192,8,2048,2586.74
2048,8192,8,4096,2704.48
2048,8192,8,8192,2925.5
2048,8192,8,16384,3610.93
2048,8192,16,16,2517.32
2048,8192,16,32,2522.39
2048,8192,16,64,2516.55
2048,8192,16,128,2524.2
2048,8192,16,256,2535.66
2048,8192,16,512,2554.06
2048,8192,16,1024,2598.94
2048,8192,16,2048,2738.93
2048,8192,16,4096,2986.38
2048,8192,16,8192,3477.91
2048,8192,16,16384,4624.96
2048,8192,32,16,2522.69
2048,8192,32,32,2525.86
2048,8192,32,64,2528.85
2048,8192,32,128,2539.16
2048,8192,32,256,2566.97
2048,8192,32,512,2643.49
2048,8192,32,1024,2799.12
2048,8192,32,2048,3052.38
2048,8192,32,4096,3545.78
2048,8192,32,8192,4499.95
2048,8192,32,16384,9172.34
2048,8192,64,16,2632.17
2048,8192,64,32,2631.06
2048,8192,64,64,2633.39
2048,8192,64,128,2710.04
2048,8192,64,256,2788.01
2048,8192,64,512,2931.79
2048,8192,64,1024,3184
2048,8192,64,2048,3703.98
2048,8192,64,4096,5009.31
2048,8192,64,8192,8343.55
2048,8192,64,16384,18380.3
2048,8192,128,16,2764.92
2048,8192,128,32,2766.49
2048,8192,128,64,2932.02
2048,8192,128,128,3063.45
2048,8192,128,256,3189.59
2048,8192,128,512,3439.45
2048,8192,128,1024,3966.44
2048,8192,128,2048,5245.56
2048,8192,128,4096,9356.34
2048,8192,128,8192,18370
2048,8192,128,16384,36260.7
2048,16384,0,0,4224.98
2048,16384,1,16,4221.76
2048,16384,1,32,4226.39
2048,16384,1,64,4473.72
2048,16384,1,128,4481.65
2048,16384,1,256,4480.65
2048,16384,1,512,4489.9
2048,16384,1,1024,4509.94
2048,16384,1,2048,4542.68
2048,16384,1,4096,4601.85
2048,16384,1,8192,4659.91
2048,16384,1,16384,4763.74
2048,16384,2,16,4483.4
2048,16384,2,32,4483.51
2048,16384,2,64,4483.58
2048,16384,2,128,4486.01
2048,16384,2,256,4490.17
2048,16384,2,512,4498.92
2048,16384,2,1024,4516.76
2048,16384,2,2048,4541.67
2048,16384,2,4096,4610.39
2048,16384,2,8192,4718.69
2048,16384,2,16384,4789.62
2048,16384,4,16,4480.88
2048,16384,4,32,4479.71
2048,16384,4,64,4481.27
2048,16384,4,128,4483.26
2048,16384,4,256,4484.93
2048,16384,4,512,4491.73
2048,16384,4,1024,4504.3
2048,16384,4,2048,4545.54
2048,16384,4,4096,4665.55
2048,16384,4,8192,4790.18
2048,16384,4,16384,4876.95
2048,16384,8,16,4486.46
2048,16384,8,32,4486.68
2048,16384,8,64,4482.03
2048,16384,8,128,4490.61
2048,16384,8,256,4499.46
2048,16384,8,512,4500.12
2048,16384,8,1024,4522.06
2048,16384,8,2048,4595.88
2048,16384,8,4096,4805.67
2048,16384,8,8192,5055.32
2048,16384,8,16384,5407.05
2048,16384,16,16,4492.08
2048,16384,16,32,4495.65
2048,16384,16,64,4496.5
2048,16384,16,128,4497.62
2048,16384,16,256,4514.37
2048,16384,16,512,4535.37
2048,16384,16,1024,4577.92
2048,16384,16,2048,4762.91
2048,16384,16,4096,5087.29
2048,16384,16,8192,5605.02
2048,16384,16,16384,6467.76
2048,16384,32,16,4506.58
2048,16384,32,32,4506.82
2048,16384,32,64,4508.48
2048,16384,32,128,4514.69
2048,16384,32,256,4544.72
2048,16384,32,512,4619.34
2048,16384,32,1024,4789.51
2048,16384,32,2048,5122.38
2048,16384,32,4096,5646.3
2048,16384,32,8192,6721.41
2048,16384,32,16384,8526.83
2048,16384,64,16,4611.84
2048,16384,64,32,4610.78
2048,16384,64,64,4612.96
2048,16384,64,128,4689.69
2048,16384,64,256,4767.29
2048,16384,64,512,4924.94
2048,16384,64,1024,5240.06
2048,16384,64,2048,5801.76
2048,16384,64,4096,6939.22
2048,16384,64,8192,9521.67
2048,16384,64,16384,18022.8
2048,16384,128,16,4911.69
2048,16384,128,32,4913.3
2048,16384,128,64,4917.4
2048,16384,128,128,5061.56
2048,16384,128,256,5211.92
2048,16384,128,512,5516.55
2048,16384,128,1024,6058.12
2048,16384,128,2048,7197.2
2048,16384,128,4096,9975.07
2048,16384,128,8192,18496.2
2048,16384,128,16384,36476.4
