layer,prefill_chunk,kv_prefill,n_decode,kv_decode,decode_q_len,time_us
attention,0,0,1,16,1,20.8207
attention,0,0,1,32,1,20.981
attention,0,0,1,64,1,24
attention,0,0,1,128,1,34.453
attention,0,0,1,256,1,35.669
attention,0,0,1,512,1,37.045
attention,0,0,1,1024,1,40.0323
attention,0,0,1,2048,1,47.028
attention,0,0,1,4096,1,62.753
attention,0,0,1,8192,1,95.1797
attention,0,0,1,16384,1,128.395
attention,0,0,2,16,1,35.3597
attention,0,0,2,32,1,35.392
attention,0,0,2,64,1,38.4757
attention,0,0,2,128,1,46.5163
attention,0,0,2,256,1,47.732
attention,0,0,2,512,1,49.5273
attention,0,0,2,1024,1,55.0723
attention,0,0,2,2048,1,67.2417
attention,0,0,2,4096,1,92.832
attention,0,0,2,8192,1,125.867
attention,0,0,2,16384,1,198.519
attention,0,0,4,16,1,36.8017
attention,0,0,4,32,1,36.5013
attention,0,0,4,64,1,39.9367
attention,0,0,4,128,1,46.9443
attention,0,0,4,256,1,48.939
attention,0,0,4,512,1,52.585
attention,0,0,4,1024,1,62.9453
attention,0,0,4,2048,1,85.1627
attention,0,0,4,4096,1,120.288
attention,0,0,4,8192,1,188.983
attention,0,0,4,16384,1,321.174
attention,0,0,8,16,1,36.9717
attention,0,0,8,32,1,37.3317
attention,0,0,8,64,1,40.587
attention,0,0,8,128,1,47.7443
attention,0,0,8,256,1,51.9147
attention,0,0,8,512,1,61.868
attention,0,0,8,1024,1,83.989
attention,0,0,8,2048,1,120.479
attention,0,0,8,4096,1,186.101
attention,0,0,8,8192,1,320.501
attention,0,0,8,16384,1,582.913
attention,0,0,16,16,1,37.8567
attention,0,0,16,32,1,38.7317
attention,0,0,16,64,1,43.5193
attention,0,0,16,128,1,52.565
attention,0,0,16,256,1,64.9927
attention,0,0,16,512,1,85.6537
attention,0,0,16,1024,1,121.259
attention,0,0,16,2048,1,188.886
attention,0,0,16,4096,1,321.408
attention,0,0,16,8192,1,586.881
attention,0,0,16,16384,1,1121.73
attention,0,0,32,16,1,38.4843
attention,0,0,32,32,1,40.1177
attention,0,0,32,64,1,46.038
attention,0,0,32,128,1,66.39
attention,0,0,32,256,1,86.144
attention,0,0,32,512,1,125.269
attention,0,0,32,1024,1,195.786
attention,0,0,32,2048,1,335.264
attention,0,0,32,4096,1,618.582
attention,0,0,32,8192,1,1141.19
attention,0,0,32,16384,1,2193.66
attention,0,0,64,16,1,44.2877
attention,0,0,64,32,1,49.6633
attention,0,0,64,64,1,61.898
attention,0,0,64,128,1,83.532
attention,0,0,64,256,1,122.892
attention,0,0,64,512,1,212.354
attention,0,0,64,1024,1,352.875
attention,0,0,64,2048,1,639.298
attention,0,0,64,4096,1,1187.02
attention,0,0,64,8192,1,2244.04
attention,0,0,64,16384,1,4346.87
attention,0,0,128,16,1,59.957
attention,0,0,128,32,1,65.7273
attention,0,0,128,64,1,83.0613
attention,0,0,128,128,1,118.613
attention,0,0,128,256,1,190.155
attention,0,0,128,512,1,330.26
attention,0,0,128,1024,1,611.095
attention,0,0,128,2048,1,1142.59
attention,0,0,128,4096,1,2187.35
attention,0,0,128,8192,1,4283.63
attention,0,0,128,16384,1,8475.28
attention,0,0,256,16,1,85.5473
attention,0,0,256,32,1,91.5527
attention,0,0,256,64,1,127.084
attention,0,0,256,128,1,196.81
attention,0,0,256,256,1,345.44
attention,0,0,256,512,1,634.871
attention,0,0,256,1024,1,1170.77
attention,0,0,256,2048,1,2218.8
attention,0,0,256,4096,1,4304.62
attention,0,0,256,8192,1,8488.87
attention,0,0,256,16384,1,16850.9
attention,16,0,0,0,1,25.8873
attention,16,0,1,16,1,25.4823
attention,16,0,1,32,1,25.3553
attention,16,0,1,64,1,25.4187
attention,16,0,1,128,1,30.731
attention,16,0,1,256,1,38.4963
attention,16,0,1,512,1,52.4793
attention,16,0,1,1024,1,82.7623
attention,16,0,1,2048,1,142.09
attention,16,0,1,4096,1,261.184
attention,16,0,1,8192,1,498.986
attention,16,0,1,16384,1,974.925
attention,16,0,2,16,1,36.5027
attention,16,0,2,32,1,36.704
attention,16,0,2,64,1,36.9493
attention,16,0,2,128,1,46.015
attention,16,0,2,256,1,54.3683
attention,16,0,2,512,1,69.0567
attention,16,0,2,1024,1,99.744
attention,16,0,2,2048,1,160.192
attention,16,0,2,4096,1,277.451
attention,16,0,2,8192,1,514.411
attention,16,0,2,16384,1,988.395
attention,16,0,4,16,1,37.579
attention,16,0,4,32,1,37.93
attention,16,0,4,64,1,38.5067
attention,16,0,4,128,1,49.973
attention,16,0,4,256,1,65.429
attention,16,0,4,512,1,95.435
attention,16,0,4,1024,1,158.379
attention,16,0,4,2048,1,279.019
attention,16,0,4,4096,1,517.078
attention,16,0,4,8192,1,989.079
attention,16,0,4,16384,1,1937.69
attention,16,0,8,16,1,62.443
attention,16,0,8,32,1,61.131
attention,16,0,8,64,1,61.7387
attention,16,0,8,128,1,81.0883
attention,16,0,8,256,1,104.064
attention,16,0,8,512,1,149.973
attention,16,0,8,1024,1,242.753
attention,16,0,8,2048,1,421.067
attention,16,0,8,4096,1,776.097
attention,16,0,8,8192,1,1482.67
attention,16,0,8,16384,1,3003.22
attention,16,0,16,16,1,86.773
attention,16,0,16,32,1,87.6483
attention,16,0,16,64,1,89.536
attention,16,0,16,128,1,130.87
attention,16,0,16,256,1,178.08
attention,16,0,16,512,1,266.443
attention,16,0,16,1024,1,448.631
attention,16,0,16,2048,1,804.011
attention,16,0,16,4096,1,1512.22
attention,16,0,16,8192,1,2935.11
attention,16,0,16,16384,1,5879.39
attention,16,0,32,16,1,157.632
attention,16,0,32,32,1,159.114
attention,16,0,32,64,1,162.933
attention,16,0,32,128,1,244.427
attention,16,0,32,256,1,332.726
attention,16,0,32,512,1,496.694
attention,16,0,32,1024,1,828.8
attention,16,0,32,2048,1,1479.94
attention,16,0,32,4096,1,2785.43
attention,16,0,32,8192,1,5491.09
attention,16,0,32,16384,1,10894.1
attention,16,0,64,16,1,286.421
attention,16,0,64,32,1,288.971
attention,16,0,64,64,1,295.264
attention,16,0,64,128,1,457.994
attention,16,0,64,256,1,630.283
attention,16,0,64,512,1,963.19
attention,16,0,64,1024,1,1634.2
attention,16,0,64,2048,1,2973.18
attention,16,0,64,4096,1,6171.25
attention,16,0,64,8192,1,12895.3
attention,16,0,64,16384,1,25529.4
attention,16,0,128,16,1,540.406
attention,16,0,128,32,1,546.186
attention,16,0,128,64,1,560.086
attention,16,0,128,128,1,895.735
attention,16,0,128,256,1,1251.14
attention,16,0,128,512,1,1940.41
attention,16,0,128,1024,1,3347.54
attention,16,0,128,2048,1,6605.71
attention,16,0,128,4096,1,23529.1
attention,16,0,128,8192,1,46854.7
attention,16,0,128,16384,1,93601.6
attention,16,16,0,0,1,26.1123
attention,16,16,1,16,1,26.07
attention,16,16,1,32,1,26.2083
attention,16,16,1,64,1,26.2187
attention,16,16,1,128,1,31.1037
attention,16,16,1,256,1,38.826
attention,16,16,1,512,1,53.1737
attention,16,16,1,1024,1,82.6883
attention,16,16,1,2048,1,142.326
attention,16,16,1,4096,1,260.661
attention,16,16,1,8192,1,498.988
attention,16,16,1,16384,1,974.881
attention,16,16,2,16,1,37.642
attention,16,16,2,32,1,37.728
attention,16,16,2,64,1,37.9733
attention,16,16,2,128,1,46.794
attention,16,16,2,256,1,55.179
attention,16,16,2,512,1,70.4427
attention,16,16,2,1024,1,100.192
attention,16,16,2,2048,1,160.587
attention,16,16,2,4096,1,278.165
attention,16,16,2,8192,1,513.942
attention,16,16,2,16384,1,987.317
attention,16,16,4,16,1,38.0157
attention,16,16,4,32,1,38.3677
attention,16,16,4,64,1,39.2007
attention,16,16,4,128,1,49.6
attention,16,16,4,256,1,65.0877
attention,16,16,4,512,1,94.7943
attention,16,16,4,1024,1,157.974
attention,16,16,4,2048,1,278.474
attention,16,16,4,4096,1,516.139
attention,16,16,4,8192,1,987.926
attention,16,16,4,16384,1,1949.86
attention,16,16,8,16,1,61.1727
attention,16,16,8,32,1,61.579
attention,16,16,8,64,1,63.1147
attention,16,16,8,128,1,81.1737
attention,16,16,8,256,1,104.054
attention,16,16,8,512,1,150.433
attention,16,16,8,1024,1,243.243
attention,16,16,8,2048,1,420.821
attention,16,16,8,4096,1,777.056
attention,16,16,8,8192,1,1484.49
attention,16,16,8,16384,1,2906.72
attention,16,16,16,16,1,87.457
attention,16,16,16,32,1,88.4483
attention,16,16,16,64,1,92.5543
attention,16,16,16,128,1,130.644
attention,16,16,16,256,1,181.909
attention,16,16,16,512,1,272.469
attention,16,16,16,1024,1,448.342
attention,16,16,16,2048,1,802.955
attention,16,16,16,4096,1,1511.5
attention,16,16,16,8192,1,2934.45
attention,16,16,16,16384,1,5792.73
attention,16,16,32,16,1,157.963
attention,16,16,32,32,1,159.68
attention,16,16,32,64,1,163.764
attention,16,16,32,128,1,244.277
attention,16,16,32,256,1,332.748
attention,16,16,32,512,1,497.396
attention,16,16,32,1024,1,828.907
attention,16,16,32,2048,1,1480.97
attention,16,16,32,4096,1,2786.97
attention,16,16,32,8192,1,5508.55
attention,16,16,32,16384,1,10893.7
attention,16,16,64,16,1,284.768
attention,16,16,64,32,1,289.344
attention,16,16,64,64,1,297.014
attention,16,16,64,128,1,458.933
attention,16,16,64,256,1,631.318
attention,16,16,64,512,1,961.419
attention,16,16,64,1024,1,1636.21
attention,16,16,64,2048,1,2972.67
attention,16,16,64,4096,1,6172.39
attention,16,16,64,8192,1,12898.6
attention,16,16,64,16384,1,25524.4
attention,16,16,128,16,1,541.526
attention,16,16,128,32,1,546.112
attention,16,16,128,64,1,561.631
attention,16,16,128,128,1,895.224
attention,16,16,128,256,1,1249.83
attention,16,16,128,512,1,1943.45
attention,16,16,128,1024,1,3350.37
attention,16,16,128,2048,1,6601.96
attention,16,16,128,4096,1,23532.5
attention,16,16,128,8192,1,46853.2
attention,16,16,128,16384,1,93589
attention,16,32,0,0,1,26.0797
attention,16,32,1,16,1,26.1333
attention,16,32,1,32,1,26.1007
attention,16,32,1,64,1,26.464
attention,16,32,1,128,1,31.233
attention,16,32,1,256,1,38.805
attention,16,32,1,512,1,53.1517
attention,16,32,1,1024,1,82.6563
attention,16,32,1,2048,1,142.304
attention,16,32,1,4096,1,261.205
attention,16,32,1,8192,1,498.677
attention,16,32,1,16384,1,974.966
attention,16,32,2,16,1,38.0057
attention,16,32,2,32,1,37.9733
attention,16,32,2,64,1,37.899
attention,16,32,2,128,1,46.976
attention,16,32,2,256,1,55.253
attention,16,32,2,512,1,70.2607
attention,16,32,2,1024,1,100.267
attention,16,32,2,2048,1,160.822
attention,16,32,2,4096,1,278.784
attention,16,32,2,8192,1,515.415
attention,16,32,2,16384,1,987.766
attention,16,32,4,16,1,38.5917
attention,16,32,4,32,1,38.891
attention,16,32,4,64,1,39.3707
attention,16,32,4,128,1,50.154
attention,16,32,4,256,1,65.387
attention,16,32,4,512,1,95.062
attention,16,32,4,1024,1,158.538
attention,16,32,4,2048,1,279.061
attention,16,32,4,4096,1,517.09
attention,16,32,4,8192,1,990.209
attention,16,32,4,16384,1,1937.21
attention,16,32,8,16,1,61.397
attention,16,32,8,32,1,63.8503
attention,16,32,8,64,1,63.2007
attention,16,32,8,128,1,81.2807
attention,16,32,8,256,1,104.821
attention,16,32,8,512,1,150.304
attention,16,32,8,1024,1,243.605
attention,16,32,8,2048,1,421.526
attention,16,32,8,4096,1,776.684
attention,16,32,8,8192,1,1484.19
attention,16,32,8,16384,1,2950.46
attention,16,32,16,16,1,90.5067
attention,16,32,16,32,1,88.8207
attention,16,32,16,64,1,90.9657
attention,16,32,16,128,1,130.955
attention,16,32,16,256,1,177.92
attention,16,32,16,512,1,268.597
attention,16,32,16,1024,1,448.544
attention,16,32,16,2048,1,804.171
attention,16,32,16,4096,1,1513.54
attention,16,32,16,8192,1,2933.87
attention,16,32,16,16384,1,5791.05
attention,16,32,32,16,1,158.368
attention,16,32,32,32,1,159.808
attention,16,32,32,64,1,170.24
attention,16,32,32,128,1,245.206
attention,16,32,32,256,1,337.653
attention,16,32,32,512,1,497.28
attention,16,32,32,1024,1,854.624
attention,16,32,32,2048,1,1482.18
attention,16,32,32,4096,1,2787.1
attention,16,32,32,8192,1,5503.65
attention,16,32,32,16384,1,10891.6
attention,16,32,64,16,1,286.816
attention,16,32,64,32,1,289.43
attention,16,32,64,64,1,297.057
attention,16,32,64,128,1,458.955
attention,16,32,64,256,1,658.08
attention,16,32,64,512,1,962.145
attention,16,32,64,1024,1,1668.16
attention,16,32,64,2048,1,2994.7
attention,16,32,64,4096,1,6212.25
attention,16,32,64,8192,1,12898.5
attention,16,32,64,16384,1,25526.9
attention,16,32,128,16,1,541.249
attention,16,32,128,32,1,553.974
attention,16,32,128,64,1,559.798
attention,16,32,128,128,1,899.137
attention,16,32,128,256,1,1270.08
attention,16,32,128,512,1,1941.11
attention,16,32,128,1024,1,3363.79
attention,16,32,128,2048,1,6633.42
attention,16,32,128,4096,1,23523.4
attention,16,32,128,8192,1,46852
attention,16,32,128,16384,1,93593.1
attention,16,64,0,0,1,26.6443
attention,16,64,1,16,1,26.2927
attention,16,64,1,32,1,26.3153
attention,16,64,1,64,1,26.4643
attention,16,64,1,128,1,31.1787
attention,16,64,1,256,1,40.1393
attention,16,64,1,512,1,53.003
attention,16,64,1,1024,1,83.051
attention,16,64,1,2048,1,142.432
attention,16,64,1,4096,1,261.248
attention,16,64,1,8192,1,498.859
attention,16,64,1,16384,1,974.999
attention,16,64,2,16,1,38.123
attention,16,64,2,32,1,38.2507
attention,16,64,2,64,1,38.7093
attention,16,64,2,128,1,47.371
attention,16,64,2,256,1,55.7543
attention,16,64,2,512,1,70.5493
attention,16,64,2,1024,1,100.501
attention,16,64,2,2048,1,161.259
attention,16,64,2,4096,1,278.444
attention,16,64,2,8192,1,515.809
attention,16,64,2,16384,1,988.971
attention,16,64,4,16,1,38.6137
attention,16,64,4,32,1,39.104
attention,16,64,4,64,1,39.5417
attention,16,64,4,128,1,50.0907
attention,16,64,4,256,1,65.3227
attention,16,64,4,512,1,95.2323
attention,16,64,4,1024,1,158.539
attention,16,64,4,2048,1,279.541
attention,16,64,4,4096,1,516.897
attention,16,64,4,8192,1,990.443
attention,16,64,4,16384,1,1937.01
attention,16,64,8,16,1,61.8137
attention,16,64,8,32,1,62.2093
attention,16,64,8,64,1,63.6803
attention,16,64,8,128,1,81.7393
attention,16,64,8,256,1,104.981
attention,16,64,8,512,1,151.178
attention,16,64,8,1024,1,244.053
attention,16,64,8,2048,1,420.875
attention,16,64,8,4096,1,776.758
attention,16,64,8,8192,1,1483.35
attention,16,64,8,16384,1,2906.57
attention,16,64,16,16,1,87.85
attention,16,64,16,32,1,89.3013
attention,16,64,16,64,1,91.147
attention,16,64,16,128,1,131.019
attention,16,64,16,256,1,177.856
attention,16,64,16,512,1,268.086
attention,16,64,16,1024,1,448.598
attention,16,64,16,2048,1,803.778
attention,16,64,16,4096,1,1512.76
attention,16,64,16,8192,1,2978.06
attention,16,64,16,16384,1,5800.34
attention,16,64,32,16,1,158.656
attention,16,64,32,32,1,160.395
attention,16,64,32,64,1,163.936
attention,16,64,32,128,1,245.3
attention,16,64,32,256,1,333.91
attention,16,64,32,512,1,498.337
attention,16,64,32,1024,1,829.546
attention,16,64,32,2048,1,1480.71
attention,16,64,32,4096,1,2878.55
attention,16,64,32,8192,1,5503.32
attention,16,64,32,16384,1,10907.2
attention,16,64,64,16,1,293.643
attention,16,64,64,32,1,300.064
attention,16,64,64,64,1,308.171
attention,16,64,64,128,1,460.684
attention,16,64,64,256,1,631.51
attention,16,64,64,512,1,965.334
attention,16,64,64,1024,1,1636.69
attention,16,64,64,2048,1,2972.08
attention,16,64,64,4096,1,6234.74
attention,16,64,64,8192,1,12897
attention,16,64,64,16384,1,25531.9
attention,16,64,128,16,1,550.604
attention,16,64,128,32,1,554.347
attention,16,64,128,64,1,565.74
attention,16,64,128,128,1,895.211
attention,16,64,128,256,1,1257.02
attention,16,64,128,512,1,1967.92
attention,16,64,128,1024,1,3353.78
attention,16,64,128,2048,1,6633.22
attention,16,64,128,4096,1,23528.7
attention,16,64,128,8192,1,46850.9
attention,16,64,128,16384,1,93595
attention,16,128,0,0,1,34.3893
attention,16,128,1,16,1,31.1783
attention,16,128,1,32,1,31.222
attention,16,128,1,64,1,31.5203
attention,16,128,1,128,1,33.1523
attention,16,128,1,256,1,39.765
attention,16,128,1,512,1,54.5173
attention,16,128,1,1024,1,85.6007
attention,16,128,1,2048,1,142.261
attention,16,128,1,4096,1,261.002
attention,16,128,1,8192,1,498.901
attention,16,128,1,16384,1,974.666
attention,16,128,2,16,1,46.2297
attention,16,128,2,32,1,45.9523
attention,16,128,2,64,1,46.591
attention,16,128,2,128,1,53.5263
attention,16,128,2,256,1,61.4723
attention,16,128,2,512,1,77.856
attention,16,128,2,1024,1,108.318
attention,16,128,2,2048,1,168.459
attention,16,128,2,4096,1,285.546
attention,16,128,2,8192,1,523.103
attention,16,128,2,16384,1,1039.32
attention,16,128,4,16,1,47.723
attention,16,128,4,32,1,47.52
attention,16,128,4,64,1,48.629
attention,16,128,4,128,1,55.9037
attention,16,128,4,256,1,67.8503
attention,16,128,4,512,1,99.0183
attention,16,128,4,1024,1,164.908
attention,16,128,4,2048,1,290.443
attention,16,128,4,4096,1,538.402
attention,16,128,4,8192,1,1005.58
attention,16,128,4,16384,1,1940.5
attention,16,128,8,16,1,71.6487
attention,16,128,8,32,1,70.036
attention,16,128,8,64,1,71.2
attention,16,128,8,128,1,92.6723
attention,16,128,8,256,1,112.928
attention,16,128,8,512,1,160.16
attention,16,128,8,1024,1,254.251
attention,16,128,8,2048,1,447.659
attention,16,128,8,4096,1,783.948
attention,16,128,8,8192,1,1537.42
attention,16,128,8,16384,1,3042.51
attention,16,128,16,16,1,102.091
attention,16,128,16,32,1,103.519
attention,16,128,16,64,1,105.312
attention,16,128,16,128,1,134.828
attention,16,128,16,256,1,177.888
attention,16,128,16,512,1,268.096
attention,16,128,16,1024,1,460.597
attention,16,128,16,2048,1,829.611
attention,16,128,16,4096,1,1512.4
attention,16,128,16,8192,1,2934.1
attention,16,128,16,16384,1,5791.2
attention,16,128,32,16,1,173.195
attention,16,128,32,32,1,167.435
attention,16,128,32,64,1,178.912
attention,16,128,32,128,1,258.101
attention,16,128,32,256,1,349.674
attention,16,128,32,512,1,527.712
attention,16,128,32,1024,1,859.53
attention,16,128,32,2048,1,1489.14
attention,16,128,32,4096,1,2792.58
attention,16,128,32,8192,1,5489.01
attention,16,128,32,16384,1,10896.9
attention,16,128,64,16,1,298.485
attention,16,128,64,32,1,297.814
attention,16,128,64,64,1,305.685
attention,16,128,64,128,1,464.779
attention,16,128,64,256,1,636.779
attention,16,128,64,512,1,970.497
attention,16,128,64,1024,1,1661.22
attention,16,128,64,2048,1,2977.51
attention,16,128,64,4096,1,6160.76
attention,16,128,64,8192,1,12893.8
attention,16,128,64,16384,1,25529.4
attention,16,128,128,16,1,550.507
attention,16,128,128,32,1,555.231
attention,16,128,128,64,1,569.771
attention,16,128,128,128,1,899.435
attention,16,128,128,256,1,1260.12
attention,16,128,128,512,1,1956.29
attention,16,128,128,1024,1,3405.54
attention,16,128,128,2048,1,6577.93
attention,16,128,128,4096,1,23534.3
attention,16,128,128,8192,1,46864.1
attention,16,128,128,16384,1,93598.3
attention,16,256,0,0,1,40.2237
attention,16,256,1,16,1,38.8053
attention,16,256,1,32,1,38.8907
attention,16,256,1,64,1,38.9013
attention,16,256,1,128,1,38.4103
attention,16,256,1,256,1,39.69
attention,16,256,1,512,1,52.3203
attention,16,256,1,1024,1,82.4533
attention,16,256,1,2048,1,141.931
attention,16,256,1,4096,1,264.853
attention,16,256,1,8192,1,512.236
attention,16,256,1,16384,1,974.774
attention,16,256,2,16,1,54.026
attention,16,256,2,32,1,53.931
attention,16,256,2,64,1,53.6637
attention,16,256,2,128,1,61.2693
attention,16,256,2,256,1,69.4403
attention,16,256,2,512,1,84.1173
attention,16,256,2,1024,1,114.977
attention,16,256,2,2048,1,175.616
attention,16,256,2,4096,1,292.887
attention,16,256,2,8192,1,529.813
attention,16,256,2,16384,1,1003.29
attention,16,256,4,16,1,54.634
attention,16,256,4,32,1,54.89
attention,16,256,4,64,1,55.307
attention,16,256,4,128,1,61.61
attention,16,256,4,256,1,68.7777
attention,16,256,4,512,1,95.4553
attention,16,256,4,1024,1,158.721
attention,16,256,4,2048,1,278.88
attention,16,256,4,4096,1,517.324
attention,16,256,4,8192,1,990.239
attention,16,256,4,16384,1,1937.6
attention,16,256,8,16,1,77.9417
attention,16,256,8,32,1,78.465
attention,16,256,8,64,1,79.5313
attention,16,256,8,128,1,100.661
attention,16,256,8,256,1,123.082
attention,16,256,8,512,1,167.029
attention,16,256,8,1024,1,257.857
attention,16,256,8,2048,1,436.971
attention,16,256,8,4096,1,792.075
attention,16,256,8,8192,1,1499.13
attention,16,256,8,16384,1,2963.54
attention,16,256,16,16,1,112.874
attention,16,256,16,32,1,113.451
attention,16,256,16,64,1,115.84
attention,16,256,16,128,1,147.915
attention,16,256,16,256,1,180.939
attention,16,256,16,512,1,268.384
attention,16,256,16,1024,1,448.842
attention,16,256,16,2048,1,803.936
attention,16,256,16,4096,1,1512.79
attention,16,256,16,8192,1,2934.3
attention,16,256,16,16384,1,5789.88
attention,16,256,32,16,1,180.299
attention,16,256,32,32,1,177.269
attention,16,256,32,64,1,181.163
attention,16,256,32,128,1,259.862
attention,16,256,32,256,1,341.675
attention,16,256,32,512,1,511.786
attention,16,256,32,1024,1,841.749
attention,16,256,32,2048,1,1496.73
attention,16,256,32,4096,1,2802.49
attention,16,256,32,8192,1,5494.14
attention,16,256,32,16384,1,10898.5
attention,16,256,64,16,1,308.971
attention,16,256,64,32,1,315.083
attention,16,256,64,64,1,318.892
attention,16,256,64,128,1,480.055
attention,16,256,64,256,1,640.065
attention,16,256,64,512,1,991.041
attention,16,256,64,1024,1,1645.1
attention,16,256,64,2048,1,2977.88
attention,16,256,64,4096,1,6192.86
attention,16,256,64,8192,1,12905
attention,16,256,64,16384,1,25526.7
attention,16,256,128,16,1,568.704
attention,16,256,128,32,1,566.316
attention,16,256,128,64,1,587.317
attention,16,256,128,128,1,908.597
attention,16,256,128,256,1,1262.52
attention,16,256,128,512,1,1965.61
attention,16,256,128,1024,1,3373.68
attention,16,256,128,2048,1,6549.58
attention,16,256,128,4096,1,23541.1
attention,16,256,128,8192,1,46861.9
attention,16,256,128,16384,1,93594.5
attention,16,512,0,0,1,53.835
attention,16,512,1,16,1,53.056
attention,16,512,1,32,1,53.099
attention,16,512,1,64,1,53.173
attention,16,512,1,128,1,52.5333
attention,16,512,1,256,1,52.6397
attention,16,512,1,512,1,55.584
attention,16,512,1,1024,1,85.9083
attention,16,512,1,2048,1,142.464
attention,16,512,1,4096,1,261.514
attention,16,512,1,8192,1,499.329
attention,16,512,1,16384,1,975.093
attention,16,512,2,16,1,68.747
attention,16,512,2,32,1,68.0217
attention,16,512,2,64,1,67.936
attention,16,512,2,128,1,75.7653
attention,16,512,2,256,1,82.762
attention,16,512,2,512,1,97.3127
attention,16,512,2,1024,1,129.633
attention,16,512,2,2048,1,190.315
attention,16,512,2,4096,1,308.502
attention,16,512,2,8192,1,545.153
attention,16,512,2,16384,1,1023.54
attention,16,512,4,16,1,70.4627
attention,16,512,4,32,1,71.9247
attention,16,512,4,64,1,70.144
attention,16,512,4,128,1,76.8323
attention,16,512,4,256,1,83.509
attention,16,512,4,512,1,98.1227
attention,16,512,4,1024,1,158.955
attention,16,512,4,2048,1,279.393
attention,16,512,4,4096,1,536.289
attention,16,512,4,8192,1,989.441
attention,16,512,4,16384,1,1936.56
attention,16,512,8,16,1,93.2377
attention,16,512,8,32,1,94.0053
attention,16,512,8,64,1,95.2
attention,16,512,8,128,1,116.16
attention,16,512,8,256,1,138.667
attention,16,512,8,512,1,183.552
attention,16,512,8,1024,1,273.588
attention,16,512,8,2048,1,451.414
attention,16,512,8,4096,1,807.328
attention,16,512,8,8192,1,1513.45
attention,16,512,8,16384,1,2933.07
attention,16,512,16,16,1,129.195
attention,16,512,16,32,1,129.899
attention,16,512,16,64,1,132.427
attention,16,512,16,128,1,174.624
attention,16,512,16,256,1,209.771
attention,16,512,16,512,1,270.773
attention,16,512,16,1024,1,448.288
attention,16,512,16,2048,1,804.587
attention,16,512,16,4096,1,1511.83
attention,16,512,16,8192,1,2935.94
attention,16,512,16,16384,1,5793.33
attention,16,512,32,16,1,195.062
attention,16,512,32,32,1,196.982
attention,16,512,32,64,1,199.99
attention,16,512,32,128,1,276.405
attention,16,512,32,256,1,357.899
attention,16,512,32,512,1,526.112
attention,16,512,32,1024,1,859.222
attention,16,512,32,2048,1,1512.39
attention,16,512,32,4096,1,2818.6
attention,16,512,32,8192,1,5491.84
attention,16,512,32,16384,1,10901.5
attention,16,512,64,16,1,322.443
attention,16,512,64,32,1,325.047
attention,16,512,64,64,1,337.76
attention,16,512,64,128,1,491.979
attention,16,512,64,256,1,657.163
attention,16,512,64,512,1,987.148
attention,16,512,64,1024,1,1660.44
attention,16,512,64,2048,1,2984.6
attention,16,512,64,4096,1,6117.87
attention,16,512,64,8192,1,12908.2
attention,16,512,64,16384,1,25538.8
attention,16,512,128,16,1,578.646
attention,16,512,128,32,1,585.259
attention,16,512,128,64,1,599.232
attention,16,512,128,128,1,930.454
attention,16,512,128,256,1,1286.69
attention,16,512,128,512,1,2003.46
attention,16,512,128,1024,1,3399.47
attention,16,512,128,2048,1,6498.52
attention,16,512,128,4096,1,23552
attention,16,512,128,8192,1,46875.6
attention,16,512,128,16384,1,93609
attention,16,1024,0,0,1,83.883
attention,16,1024,1,16,1,82.902
attention,16,1024,1,32,1,83.1257
attention,16,1024,1,64,1,83.179
attention,16,1024,1,128,1,82.8163
attention,16,1024,1,256,1,82.9127
attention,16,1024,1,512,1,83.157
attention,16,1024,1,1024,1,84.128
attention,16,1024,1,2048,1,143.147
attention,16,1024,1,4096,1,262.762
attention,16,1024,1,8192,1,500.523
attention,16,1024,1,16384,1,975.488
attention,16,1024,2,16,1,97.5573
attention,16,1024,2,32,1,97.8783
attention,16,1024,2,64,1,99.8393
attention,16,1024,2,128,1,108.555
attention,16,1024,2,256,1,113.557
attention,16,1024,2,512,1,128.865
attention,16,1024,2,1024,1,159.872
attention,16,1024,2,2048,1,221.388
attention,16,1024,2,4096,1,339.616
attention,16,1024,2,8192,1,576.896
attention,16,1024,2,16384,1,1049.16
attention,16,1024,4,16,1,99.4677
attention,16,1024,4,32,1,99.4027
attention,16,1024,4,64,1,100.15
attention,16,1024,4,128,1,107.115
attention,16,1024,4,256,1,115.029
attention,16,1024,4,512,1,130.368
attention,16,1024,4,1024,1,160.726
attention,16,1024,4,2048,1,279.798
attention,16,1024,4,4096,1,517.708
attention,16,1024,4,8192,1,990.059
attention,16,1024,4,16384,1,1938.82
attention,16,1024,8,16,1,123.402
attention,16,1024,8,32,1,123.797
attention,16,1024,8,64,1,125.888
attention,16,1024,8,128,1,147.947
attention,16,1024,8,256,1,170.4
attention,16,1024,8,512,1,213.878
attention,16,1024,8,1024,1,304.352
attention,16,1024,8,2048,1,481.718
attention,16,1024,8,4096,1,835.03
attention,16,1024,8,8192,1,1542.97
attention,16,1024,8,16384,1,2964.21
attention,16,1024,16,16,1,162.912
attention,16,1024,16,32,1,166.186
attention,16,1024,16,64,1,164.139
attention,16,1024,16,128,1,207.488
attention,16,1024,16,256,1,250.613
attention,16,1024,16,512,1,329.387
attention,16,1024,16,1024,1,451.115
attention,16,1024,16,2048,1,804.064
attention,16,1024,16,4096,1,1514.31
attention,16,1024,16,8192,1,2934.92
attention,16,1024,16,16384,1,5862.42
attention,16,1024,32,16,1,232.458
attention,16,1024,32,32,1,235.295
attention,16,1024,32,64,1,239.103
attention,16,1024,32,128,1,317.9
attention,16,1024,32,256,1,391.008
attention,16,1024,32,512,1,549.558
attention,16,1024,32,1024,1,875.958
attention,16,1024,32,2048,1,1541.63
attention,16,1024,32,4096,1,2892.88
attention,16,1024,32,8192,1,5520.24
attention,16,1024,32,16384,1,10903.8
attention,16,1024,64,16,1,368.086
attention,16,1024,64,32,1,364.459
attention,16,1024,64,64,1,372.033
attention,16,1024,64,128,1,538.048
attention,16,1024,64,256,1,693.047
attention,16,1024,64,512,1,1026.67
attention,16,1024,64,1024,1,1682.05
attention,16,1024,64,2048,1,3017.45
attention,16,1024,64,4096,1,6083.18
attention,16,1024,64,8192,1,12919.4
attention,16,1024,64,16384,1,25551.6
attention,16,1024,128,16,1,619.873
attention,16,1024,128,32,1,623.498
attention,16,1024,128,64,1,638.859
attention,16,1024,128,128,1,981.952
attention,16,1024,128,256,1,1324.47
attention,16,1024,128,512,1,2040.1
attention,16,1024,128,1024,1,3431.86
attention,16,1024,128,2048,1,6392.64
attention,16,1024,128,4096,1,23570.5
attention,16,1024,128,8192,1,46901.5
attention,16,1024,128,16384,1,93646
attention,16,2048,0,0,1,143.328
attention,16,2048,1,16,1,142.581
attention,16,2048,1,32,1,142.475
attention,16,2048,1,64,1,142.475
attention,16,2048,1,128,1,142.41
attention,16,2048,1,256,1,142.592
attention,16,2048,1,512,1,143.03
attention,16,2048,1,1024,1,143.52
attention,16,2048,1,2048,1,144.662
attention,16,2048,1,4096,1,263.148
attention,16,2048,1,8192,1,501.579
attention,16,2048,1,16384,1,976.001
attention,16,2048,2,16,1,156.609
attention,16,2048,2,32,1,157.013
attention,16,2048,2,64,1,157.088
attention,16,2048,2,128,1,164.704
attention,16,2048,2,256,1,172.587
attention,16,2048,2,512,1,187.51
attention,16,2048,2,1024,1,219.104
attention,16,2048,2,2048,1,280.021
attention,16,2048,2,4096,1,400.331
attention,16,2048,2,8192,1,638.796
attention,16,2048,2,16384,1,1109.6
attention,16,2048,4,16,1,159.083
attention,16,2048,4,32,1,158.923
attention,16,2048,4,64,1,159.67
attention,16,2048,4,128,1,166.539
attention,16,2048,4,256,1,174.582
attention,16,2048,4,512,1,190.517
attention,16,2048,4,1024,1,221.941
attention,16,2048,4,2048,1,282.165
attention,16,2048,4,4096,1,517.632
attention,16,2048,4,8192,1,990.795
attention,16,2048,4,16384,1,1938.69
attention,16,2048,8,16,1,182.666
attention,16,2048,8,32,1,183.157
attention,16,2048,8,64,1,184.662
attention,16,2048,8,128,1,206.71
attention,16,2048,8,256,1,229.707
attention,16,2048,8,512,1,273.952
attention,16,2048,8,1024,1,363.405
attention,16,2048,8,2048,1,540.64
attention,16,2048,8,4096,1,895.128
attention,16,2048,8,8192,1,1602.9
attention,16,2048,8,16384,1,3023.63
attention,16,2048,16,16,1,220.81
attention,16,2048,16,32,1,225.76
attention,16,2048,16,64,1,224.022
attention,16,2048,16,128,1,267.69
attention,16,2048,16,256,1,311.99
attention,16,2048,16,512,1,399.733
attention,16,2048,16,1024,1,566.198
attention,16,2048,16,2048,1,807.628
attention,16,2048,16,4096,1,1513.74
attention,16,2048,16,8192,1,2935.46
attention,16,2048,16,16384,1,5791.69
attention,16,2048,32,16,1,302.815
attention,16,2048,32,32,1,304.203
attention,16,2048,32,64,1,308.672
attention,16,2048,32,128,1,386.849
attention,16,2048,32,256,1,471.872
attention,16,2048,32,512,1,612.918
attention,16,2048,32,1024,1,938.102
attention,16,2048,32,2048,1,1586.17
attention,16,2048,32,4096,1,2908.87
attention,16,2048,32,8192,1,5589.47
attention,16,2048,32,16384,1,10945.6
attention,16,2048,64,16,1,433.74
attention,16,2048,64,32,1,449.655
attention,16,2048,64,64,1,445.622
attention,16,2048,64,128,1,606.369
attention,16,2048,64,256,1,770.209
attention,16,2048,64,512,1,1089.07
attention,16,2048,64,1024,1,1749.97
attention,16,2048,64,2048,1,3075.1
attention,16,2048,64,4096,1,6112.77
attention,16,2048,64,8192,1,12957.2
attention,16,2048,64,16384,1,25587.5
attention,16,2048,128,16,1,694.327
attention,16,2048,128,32,1,698.199
attention,16,2048,128,64,1,712.523
attention,16,2048,128,128,1,1042.41
attention,16,2048,128,256,1,1399.88
attention,16,2048,128,512,1,2115.41
attention,16,2048,128,1024,1,3570.14
attention,16,2048,128,2048,1,6422.88
attention,16,2048,128,4096,1,23618.9
attention,16,2048,128,8192,1,47125.1
attention,16,2048,128,16384,1,93842.5
attention,16,4096,0,0,1,262.807
attention,16,4096,1,16,1,261.366
attention,16,4096,1,32,1,261.408
attention,16,4096,1,64,1,261.366
attention,16,4096,1,128,1,261.291
attention,16,4096,1,256,1,261.536
attention,16,4096,1,512,1,261.622
attention,16,4096,1,1024,1,262.028
attention,16,4096,1,2048,1,262.849
attention,16,4096,1,4096,1,264.043
attention,16,4096,1,8192,1,500.565
attention,16,4096,1,16384,1,975.926
attention,16,4096,2,16,1,274.39
attention,16,4096,2,32,1,274.39
attention,16,4096,2,64,1,274.411
attention,16,4096,2,128,1,283.009
attention,16,4096,2,256,1,290.742
attention,16,4096,2,512,1,304.29
attention,16,4096,2,1024,1,335.84
attention,16,4096,2,2048,1,396.853
attention,16,4096,2,4096,1,518.261
attention,16,4096,2,8192,1,756.512
attention,16,4096,2,16384,1,1227.68
attention,16,4096,4,16,1,276.778
attention,16,4096,4,32,1,277.034
attention,16,4096,4,64,1,277.419
attention,16,4096,4,128,1,284.62
attention,16,4096,4,256,1,292.971
attention,16,4096,4,512,1,307.125
attention,16,4096,4,1024,1,338.753
attention,16,4096,4,2048,1,399.968
attention,16,4096,4,4096,1,519.99
attention,16,4096,4,8192,1,990.541
attention,16,4096,4,16384,1,1938.19
attention,16,4096,8,16,1,300.32
attention,16,4096,8,32,1,300.8
attention,16,4096,8,64,1,302.102
attention,16,4096,8,128,1,323.83
attention,16,4096,8,256,1,346.934
attention,16,4096,8,512,1,391.766
attention,16,4096,8,1024,1,482.55
attention,16,4096,8,2048,1,658.476
attention,16,4096,8,4096,1,1012.51
attention,16,4096,8,8192,1,1721.9
attention,16,4096,8,16384,1,3140.06
attention,16,4096,16,16,1,339.115
attention,16,4096,16,32,1,340.821
attention,16,4096,16,64,1,341.792
attention,16,4096,16,128,1,385.046
attention,16,4096,16,256,1,430.54
attention,16,4096,16,512,1,518.88
attention,16,4096,16,1024,1,695.926
attention,16,4096,16,2048,1,1036.85
attention,16,4096,16,4096,1,1516.53
attention,16,4096,16,8192,1,2935.86
attention,16,4096,16,16384,1,5788.72
attention,16,4096,32,16,1,421.259
attention,16,4096,32,32,1,423.893
attention,16,4096,32,64,1,427.787
attention,16,4096,32,128,1,521.354
attention,16,4096,32,256,1,614.838
attention,16,4096,32,512,1,768.715
attention,16,4096,32,1024,1,1091.73
attention,16,4096,32,2048,1,1706.81
attention,16,4096,32,4096,1,3010.99
attention,16,4096,32,8192,1,5993.18
attention,16,4096,32,16384,1,12347.4
attention,16,4096,64,16,1,573.825
attention,16,4096,64,32,1,573.984
attention,16,4096,64,64,1,585.568
attention,16,4096,64,128,1,752.801
attention,16,4096,64,256,1,920.235
attention,16,4096,64,512,1,1236.95
attention,16,4096,64,1024,1,1896.3
attention,16,4096,64,2048,1,3204.87
attention,16,4096,64,4096,1,6447.44
attention,16,4096,64,8192,1,13907.2
attention,16,4096,64,16384,1,29284.1
attention,16,4096,128,16,1,843.296
attention,16,4096,128,32,1,846.401
attention,16,4096,128,64,1,862.018
attention,16,4096,128,128,1,1190.66
attention,16,4096,128,256,1,1542.79
attention,16,4096,128,512,1,2254.92
attention,16,4096,128,1024,1,3694.28
attention,16,4096,128,2048,1,6717.51
attention,16,4096,128,4096,1,23403.8
attention,16,4096,128,8192,1,52019.6
attention,16,4096,128,16384,1,113520
attention,16,8192,0,0,1,500.587
attention,16,8192,1,16,1,498.857
attention,16,8192,1,32,1,498.837
attention,16,8192,1,64,1,498.869
attention,16,8192,1,128,1,498.741
attention,16,8192,1,256,1,498.742
attention,16,8192,1,512,1,498.827
attention,16,8192,1,1024,1,499.595
attention,16,8192,1,2048,1,500.363
attention,16,8192,1,4096,1,500.876
attention,16,8192,1,8192,1,502.208
attention,16,8192,1,16384,1,974.848
attention,16,8192,2,16,1,509.429
attention,16,8192,2,32,1,509.707
attention,16,8192,2,64,1,510.08
attention,16,8192,2,128,1,517.889
attention,16,8192,2,256,1,525.889
attention,16,8192,2,512,1,540.481
attention,16,8192,2,1024,1,571.061
attention,16,8192,2,2048,1,632.524
attention,16,8192,2,4096,1,753.579
attention,16,8192,2,8192,1,989.59
attention,16,8192,2,16384,1,1465.93
attention,16,8192,4,16,1,513.942
attention,16,8192,4,32,1,513.302
attention,16,8192,4,64,1,514.548
attention,16,8192,4,128,1,521.29
attention,16,8192,4,256,1,529.408
attention,16,8192,4,512,1,543.766
attention,16,8192,4,1024,1,576.118
attention,16,8192,4,2048,1,636.767
attention,16,8192,4,4096,1,755.958
attention,16,8192,4,8192,1,994.678
attention,16,8192,4,16384,1,1937.49
attention,16,8192,8,16,1,536.565
attention,16,8192,8,32,1,536.746
attention,16,8192,8,64,1,538.827
attention,16,8192,8,128,1,560.267
attention,16,8192,8,256,1,583.616
attention,16,8192,8,512,1,627.414
attention,16,8192,8,1024,1,717.558
attention,16,8192,8,2048,1,896.268
attention,16,8192,8,4096,1,1246.7
attention,16,8192,8,8192,1,1954.72
attention,16,8192,8,16384,1,3377.79
attention,16,8192,16,16,1,573.419
attention,16,8192,16,32,1,576.791
attention,16,8192,16,64,1,577.941
attention,16,8192,16,128,1,621.302
attention,16,8192,16,256,1,666.795
attention,16,8192,16,512,1,754.583
attention,16,8192,16,1024,1,933.75
attention,16,8192,16,2048,1,1285.79
attention,16,8192,16,4096,1,1982.31
attention,16,8192,16,8192,1,2940.17
attention,16,8192,16,16384,1,5790.15
attention,16,8192,32,16,1,656.886
attention,16,8192,32,32,1,658.582
attention,16,8192,32,64,1,663.553
attention,16,8192,32,128,1,757.878
attention,16,8192,32,256,1,853.931
attention,16,8192,32,512,1,1042.21
attention,16,8192,32,1024,1,1363.16
attention,16,8192,32,2048,1,2036.12
attention,16,8192,32,4096,1,3247.56
attention,16,8192,32,8192,1,6018.26
attention,16,8192,32,16384,1,13182.1
attention,16,8192,64,16,1,812.299
attention,16,8192,64,32,1,814.421
attention,16,8192,64,64,1,824.257
attention,16,8192,64,128,1,1015.65
attention,16,8192,64,256,1,1200.63
attention,16,8192,64,512,1,1527.58
attention,16,8192,64,1024,1,2180.29
attention,16,8192,64,2048,1,3510.69
attention,16,8192,64,4096,1,6694.76
attention,16,8192,64,8192,1,13481.8
attention,16,8192,64,16384,1,31600.4
attention,16,8192,128,16,1,1117.71
attention,16,8192,128,32,1,1121.58
attention,16,8192,128,64,1,1137.54
attention,16,8192,128,128,1,1480.51
attention,16,8192,128,256,1,1840.27
attention,16,8192,128,512,1,2532.33
attention,16,8192,128,1024,1,3955.12
attention,16,8192,128,2048,1,7192.67
attention,16,8192,128,4096,1,24220.1
attention,16,8192,128,8192,1,46599.4
attention,16,8192,128,16384,1,110735
attention,16,16384,0,0,1,976.747
attention,16,16384,1,16,1,974.646
attention,16,16384,1,32,1,975.191
attention,16,16384,1,64,1,975.329
attention,16,16384,1,128,1,974.945
attention,16,16384,1,256,1,975.084
attention,16,16384,1,512,1,975.306
attention,16,16384,1,1024,1,975.073
attention,16,16384,1,2048,1,975.169
attention,16,16384,1,4096,1,975.436
attention,16,16384,1,8192,1,975.648
attention,16,16384,1,16384,1,977.036
attention,16,16384,2,16,1,982.423
attention,16,16384,2,32,1,982.88
attention,16,16384,2,64,1,982.102
attention,16,16384,2,128,1,990.902
attention,16,16384,2,256,1,998.796
attention,16,16384,2,512,1,1011.47
attention,16,16384,2,1024,1,1042.4
attention,16,16384,2,2048,1,1103.51
attention,16,16384,2,4096,1,1223.52
attention,16,16384,2,8192,1,1461.21
attention,16,16384,2,16384,1,1936.2
attention,16,16384,4,16,1,985.931
attention,16,16384,4,32,1,986.464
attention,16,16384,4,64,1,986.476
attention,16,16384,4,128,1,993.505
attention,16,16384,4,256,1,1000.12
attention,16,16384,4,512,1,1015.41
attention,16,16384,4,1024,1,1047.24
attention,16,16384,4,2048,1,1107.31
attention,16,16384,4,4096,1,1226.5
attention,16,16384,4,8192,1,1465.69
attention,16,16384,4,16384,1,1941
attention,16,16384,8,16,1,1007.05
attention,16,16384,8,32,1,1007.73
attention,16,16384,8,64,1,1009.03
attention,16,16384,8,128,1,1031.26
attention,16,16384,8,256,1,1053.75
attention,16,16384,8,512,1,1097.85
attention,16,16384,8,1024,1,1187
attention,16,16384,8,2048,1,1366.32
attention,16,16384,8,4096,1,1720.98
attention,16,16384,8,8192,1,2424.99
attention,16,16384,8,16384,1,3848.92
attention,16,16384,16,16,1,1045.23
attention,16,16384,16,32,1,1047.59
attention,16,16384,16,64,1,1050.33
attention,16,16384,16,128,1,1093.55
attention,16,16384,16,256,1,1138.16
attention,16,16384,16,512,1,1226.21
attention,16,16384,16,1024,1,1407.14
attention,16,16384,16,2048,1,1759.82
attention,16,16384,16,4096,1,2466.28
attention,16,16384,16,8192,1,3872.79
attention,16,16384,16,16384,1,5795.58
attention,16,16384,32,16,1,1127.73
attention,16,16384,32,32,1,1130.04
attention,16,16384,32,64,1,1132.73
attention,16,16384,32,128,1,1225.88
attention,16,16384,32,256,1,1323.14
attention,16,16384,32,512,1,1514.79
attention,16,16384,32,1024,1,1903.72
attention,16,16384,32,2048,1,2553.68
attention,16,16384,32,4096,1,3927.22
attention,16,16384,32,8192,1,6463.51
attention,16,16384,32,16384,1,11940.8
attention,16,16384,64,16,1,1283.94
attention,16,16384,64,32,1,1286.5
attention,16,16384,64,64,1,1296.47
attention,16,16384,64,128,1,1490.71
attention,16,16384,64,256,1,1686.82
attention,16,16384,64,512,1,2068.87
attention,16,16384,64,1024,1,2783.67
attention,16,16384,64,2048,1,4068.55
attention,16,16384,64,4096,1,7494.4
attention,16,16384,64,8192,1,14128.5
attention,16,16384,64,16384,1,26694.6
attention,16,16384,128,16,1,1597.29
attention,16,16384,128,32,1,1604.1
attention,16,16384,128,64,1,1621.16
attention,16,16384,128,128,1,2015.82
attention,16,16384,128,256,1,2395.5
attention,16,16384,128,512,1,3116.8
attention,16,16384,128,1024,1,4552.53
attention,16,16384,128,2048,1,7905.81
attention,16,16384,128,4096,1,25612.6
attention,16,16384,128,8192,1,48242.9
attention,16,16384,128,16384,1,93078
attention,32,0,0,0,1,25.461
attention,32,0,1,16,1,26.389
attention,32,0,1,32,1,26.3903
attention,32,0,1,64,1,26.6027
attention,32,0,1,128,1,31.2857
attention,32,0,1,256,1,39.0297
attention,32,0,1,512,1,53.1417
attention,32,0,1,1024,1,82.9007
attention,32,0,1,2048,1,142.923
attention,32,0,1,4096,1,261.248
attention,32,0,1,8192,1,499.286
attention,32,0,1,16384,1,974.7
attention,32,0,2,16,1,36.534
attention,32,0,2,32,1,36.544
attention,32,0,2,64,1,36.7143
attention,32,0,2,128,1,45.6427
attention,32,0,2,256,1,53.2373
attention,32,0,2,512,1,68.4487
attention,32,0,2,1024,1,98.4533
attention,32,0,2,2048,1,158.539
attention,32,0,2,4096,1,277.504
attention,32,0,2,8192,1,514.422
attention,32,0,2,16384,1,986.133
attention,32,0,4,16,1,37.5463
attention,32,0,4,32,1,37.8663
attention,32,0,4,64,1,38.1757
attention,32,0,4,128,1,49.857
attention,32,0,4,256,1,65.6217
attention,32,0,4,512,1,95.3603
attention,32,0,4,1024,1,158.486
attention,32,0,4,2048,1,279.212
attention,32,0,4,4096,1,517.205
attention,32,0,4,8192,1,990.646
attention,32,0,4,16384,1,1936.31
attention,32,0,8,16,1,60.5223
attention,32,0,8,32,1,60.9287
attention,32,0,8,64,1,61.3337
attention,32,0,8,128,1,80.939
attention,32,0,8,256,1,104.064
attention,32,0,8,512,1,150.208
attention,32,0,8,1024,1,242.998
attention,32,0,8,2048,1,421.345
attention,32,0,8,4096,1,776.109
attention,32,0,8,8192,1,1483.31
attention,32,0,8,16384,1,2904.41
attention,32,0,16,16,1,87.1573
attention,32,0,16,32,1,88.31
attention,32,0,16,64,1,89.91
attention,32,0,16,128,1,130.571
attention,32,0,16,256,1,177.12
attention,32,0,16,512,1,267.841
attention,32,0,16,1024,1,448.811
attention,32,0,16,2048,1,803.99
attention,32,0,16,4096,1,1511.76
attention,32,0,16,8192,1,2934.37
attention,32,0,16,16384,1,5789.34
attention,32,0,32,16,1,157.003
attention,32,0,32,32,1,158.261
attention,32,0,32,64,1,162.101
attention,32,0,32,128,1,243.531
attention,32,0,32,256,1,331.392
attention,32,0,32,512,1,496.876
attention,32,0,32,1024,1,827.797
attention,32,0,32,2048,1,1479.23
attention,32,0,32,4096,1,2785.6
attention,32,0,32,8192,1,5491.51
attention,32,0,32,16384,1,10895.5
attention,32,0,64,16,1,286.358
attention,32,0,64,32,1,289.141
attention,32,0,64,64,1,296.427
attention,32,0,64,128,1,458.87
attention,32,0,64,256,1,628.843
attention,32,0,64,512,1,961.942
attention,32,0,64,1024,1,1636.07
attention,32,0,64,2048,1,2975.81
attention,32,0,64,4096,1,6173.07
attention,32,0,64,8192,1,12896.7
attention,32,0,64,16384,1,25531.7
attention,32,0,128,16,1,540.214
attention,32,0,128,32,1,543.936
attention,32,0,128,64,1,557.452
attention,32,0,128,128,1,893.44
attention,32,0,128,256,1,1253.74
attention,32,0,128,512,1,1939.36
attention,32,0,128,1024,1,3347.99
attention,32,0,128,2048,1,6604.25
attention,32,0,128,4096,1,23532.8
attention,32,0,128,8192,1,46860.6
attention,32,0,128,16384,1,93592.4
attention,32,16,0,0,1,26.1333
attention,32,16,1,16,1,26.5387
attention,32,16,1,32,1,26.9653
attention,32,16,1,64,1,27.1687
attention,32,16,1,128,1,31.1993
attention,32,16,1,256,1,38.7733
attention,32,16,1,512,1,53.0667
attention,32,16,1,1024,1,83.008
attention,32,16,1,2048,1,142.368
attention,32,16,1,4096,1,261.046
attention,32,16,1,8192,1,498.753
attention,32,16,1,16384,1,974.38
attention,32,16,2,16,1,37.4723
attention,32,16,2,32,1,37.462
attention,32,16,2,64,1,37.5673
attention,32,16,2,128,1,46.8373
attention,32,16,2,256,1,55.0397
attention,32,16,2,512,1,69.8243
attention,32,16,2,1024,1,99.8947
attention,32,16,2,2048,1,160.181
attention,32,16,2,4096,1,277.548
attention,32,16,2,8192,1,515.872
attention,32,16,2,16384,1,988.907
attention,32,16,4,16,1,38.2507
attention,32,16,4,32,1,38.3687
attention,32,16,4,64,1,39.211
attention,32,16,4,128,1,50.143
attention,32,16,4,256,1,65.2907
attention,32,16,4,512,1,95.2223
attention,32,16,4,1024,1,158.56
attention,32,16,4,2048,1,279.243
attention,32,16,4,4096,1,517.783
attention,32,16,4,8192,1,989.963
attention,32,16,4,16384,1,1936.13
attention,32,16,8,16,1,61.846
attention,32,16,8,32,1,62.101
attention,32,16,8,64,1,63.3063
attention,32,16,8,128,1,81.6327
attention,32,16,8,256,1,104.736
attention,32,16,8,512,1,151.307
attention,32,16,8,1024,1,244.15
attention,32,16,8,2048,1,421.514
attention,32,16,8,4096,1,776.395
attention,32,16,8,8192,1,1484.04
attention,32,16,8,16384,1,2905.81
attention,32,16,16,16,1,88.149
attention,32,16,16,32,1,88.876
attention,32,16,16,64,1,91.701
attention,32,16,16,128,1,131.531
attention,32,16,16,256,1,178.944
attention,32,16,16,512,1,268.79
attention,32,16,16,1024,1,448.843
attention,32,16,16,2048,1,801.739
attention,32,16,16,4096,1,1511.25
attention,32,16,16,8192,1,2933.41
attention,32,16,16,16384,1,5789.65
attention,32,16,32,16,1,157.301
attention,32,16,32,32,1,159.083
attention,32,16,32,64,1,163.616
attention,32,16,32,128,1,244.064
attention,32,16,32,256,1,331.712
attention,32,16,32,512,1,496.513
attention,32,16,32,1024,1,827.926
attention,32,16,32,2048,1,1479.79
attention,32,16,32,4096,1,2785.63
attention,32,16,32,8192,1,5493.95
attention,32,16,32,16384,1,10897.7
attention,32,16,64,16,1,285.322
attention,32,16,64,32,1,288.245
attention,32,16,64,64,1,297.119
attention,32,16,64,128,1,457.325
attention,32,16,64,256,1,628.715
attention,32,16,64,512,1,961.9
attention,32,16,64,1024,1,1633.98
attention,32,16,64,2048,1,2974.46
attention,32,16,64,4096,1,6172.26
attention,32,16,64,8192,1,12899.5
attention,32,16,64,16384,1,25530.5
attention,32,16,128,16,1,539.189
attention,32,16,128,32,1,544.875
attention,32,16,128,64,1,561.686
attention,32,16,128,128,1,895.244
attention,32,16,128,256,1,1251.09
attention,32,16,128,512,1,1941.21
attention,32,16,128,1024,1,3347.95
attention,32,16,128,2048,1,6604.11
attention,32,16,128,4096,1,23533.1
attention,32,16,128,8192,1,46854.2
attention,32,16,128,16384,1,93598.6
attention,32,32,0,0,1,26.037
attention,32,32,1,16,1,26.7527
attention,32,32,1,32,1,26.7523
attention,32,32,1,64,1,27.0937
attention,32,32,1,128,1,31.36
attention,32,32,1,256,1,38.9237
attention,32,32,1,512,1,53.046
attention,32,32,1,1024,1,83.0397
attention,32,32,1,2048,1,142.517
attention,32,32,1,4096,1,261.291
attention,32,32,1,8192,1,499.084
attention,32,32,1,16384,1,974.497
attention,32,32,2,16,1,37.333
attention,32,32,2,32,1,37.8773
attention,32,32,2,64,1,38.037
attention,32,32,2,128,1,47.0183
attention,32,32,2,256,1,55.7443
attention,32,32,2,512,1,70.3473
attention,32,32,2,1024,1,99.9143
attention,32,32,2,2048,1,160.534
attention,32,32,2,4096,1,278.773
attention,32,32,2,8192,1,514.849
attention,32,32,2,16384,1,988.929
attention,32,32,4,16,1,38.496
attention,32,32,4,32,1,38.7093
attention,32,32,4,64,1,39.1897
attention,32,32,4,128,1,50.0593
attention,32,32,4,256,1,65.3223
attention,32,32,4,512,1,95.05
attention,32,32,4,1024,1,159.188
attention,32,32,4,2048,1,279.179
attention,32,32,4,4096,1,517.451
attention,32,32,4,8192,1,989.536
attention,32,32,4,16384,1,1936.21
attention,32,32,8,16,1,61.4077
attention,32,32,8,32,1,61.7703
attention,32,32,8,64,1,63.4683
attention,32,32,8,128,1,81.8453
attention,32,32,8,256,1,105.066
attention,32,32,8,512,1,151.531
attention,32,32,8,1024,1,244.139
attention,32,32,8,2048,1,423.061
attention,32,32,8,4096,1,778.028
attention,32,32,8,8192,1,1483.91
attention,32,32,8,16384,1,2904.97
attention,32,32,16,16,1,88.8323
attention,32,32,16,32,1,89.9627
attention,32,32,16,64,1,91.424
attention,32,32,16,128,1,131.093
attention,32,32,16,256,1,178.827
attention,32,32,16,512,1,268.661
attention,32,32,16,1024,1,448.853
attention,32,32,16,2048,1,802.977
attention,32,32,16,4096,1,1512.36
attention,32,32,16,8192,1,2935.33
attention,32,32,16,16384,1,5791.98
attention,32,32,32,16,1,158.517
attention,32,32,32,32,1,160.48
attention,32,32,32,64,1,163.392
attention,32,32,32,128,1,244.054
attention,32,32,32,256,1,332.107
attention,32,32,32,512,1,496.246
attention,32,32,32,1024,1,827.338
attention,32,32,32,2048,1,1480.65
attention,32,32,32,4096,1,2784.88
attention,32,32,32,8192,1,5492.26
attention,32,32,32,16384,1,10896.9
attention,32,32,64,16,1,285.172
attention,32,32,64,32,1,288.715
attention,32,32,64,64,1,297.515
attention,32,32,64,128,1,457.621
attention,32,32,64,256,1,629.781
attention,32,32,64,512,1,963.745
attention,32,32,64,1024,1,1636.58
attention,32,32,64,2048,1,2974.81
attention,32,32,64,4096,1,6174.89
attention,32,32,64,8192,1,12902.8
attention,32,32,64,16384,1,25529.6
attention,32,32,128,16,1,539.691
attention,32,32,128,32,1,544.715
attention,32,32,128,64,1,559.072
attention,32,32,128,128,1,894.273
attention,32,32,128,256,1,1254.6
attention,32,32,128,512,1,1943.9
attention,32,32,128,1024,1,3349.4
attention,32,32,128,2048,1,6599.44
attention,32,32,128,4096,1,23535.1
attention,32,32,128,8192,1,46859.9
attention,32,32,128,16384,1,93598.9
attention,32,64,0,0,1,26.4323
attention,32,64,1,16,1,27.2633
attention,32,64,1,32,1,27.4347
attention,32,64,1,64,1,27.5097
attention,32,64,1,128,1,31.0173
attention,32,64,1,256,1,38.7307
attention,32,64,1,512,1,53.0663
attention,32,64,1,1024,1,83.2003
attention,32,64,1,2048,1,142.56
attention,32,64,1,4096,1,261.419
attention,32,64,1,8192,1,498.912
attention,32,64,1,16384,1,974.54
attention,32,64,2,16,1,38.1973
attention,32,64,2,32,1,38.1013
attention,32,64,2,64,1,38.5497
attention,32,64,2,128,1,47.52
attention,32,64,2,256,1,55.7873
attention,32,64,2,512,1,71.0513
attention,32,64,2,1024,1,100.021
attention,32,64,2,2048,1,160.96
attention,32,64,2,4096,1,278.027
attention,32,64,2,8192,1,515.414
attention,32,64,2,16384,1,988.075
attention,32,64,4,16,1,38.8363
attention,32,64,4,32,1,38.9763
attention,32,64,4,64,1,39.958
attention,32,64,4,128,1,50.1657
attention,32,64,4,256,1,65.1733
attention,32,64,4,512,1,95.477
attention,32,64,4,1024,1,158.668
attention,32,64,4,2048,1,279.019
attention,32,64,4,4096,1,517.26
attention,32,64,4,8192,1,989.568
attention,32,64,4,16384,1,1935.73
attention,32,64,8,16,1,61.5573
attention,32,64,8,32,1,62.2087
attention,32,64,8,64,1,63.2433
attention,32,64,8,128,1,81.792
attention,32,64,8,256,1,105.141
attention,32,64,8,512,1,151.135
attention,32,64,8,1024,1,243.498
attention,32,64,8,2048,1,422.443
attention,32,64,8,4096,1,777.111
attention,32,64,8,8192,1,1484.34
attention,32,64,8,16384,1,2905.68
attention,32,64,16,16,1,88.8633
attention,32,64,16,32,1,89.9103
attention,32,64,16,64,1,91.6163
attention,32,64,16,128,1,130.571
attention,32,64,16,256,1,177.45
attention,32,64,16,512,1,268.32
attention,32,64,16,1024,1,448.448
attention,32,64,16,2048,1,803.894
attention,32,64,16,4096,1,1512.69
attention,32,64,16,8192,1,2934.01
attention,32,64,16,16384,1,5790.92
attention,32,64,32,16,1,158.187
attention,32,64,32,32,1,159.946
attention,32,64,32,64,1,163.915
attention,32,64,32,128,1,244.053
attention,32,64,32,256,1,333.121
attention,32,64,32,512,1,497.782
attention,32,64,32,1024,1,828.267
attention,32,64,32,2048,1,1478.31
attention,32,64,32,4096,1,2784.05
attention,32,64,32,8192,1,5491.5
attention,32,64,32,16384,1,10895
attention,32,64,64,16,1,287.414
attention,32,64,64,32,1,288.79
attention,32,64,64,64,1,297.078
attention,32,64,64,128,1,457.995
attention,32,64,64,256,1,629.866
attention,32,64,64,512,1,962.902
attention,32,64,64,1024,1,1634.58
attention,32,64,64,2048,1,2974.08
attention,32,64,64,4096,1,6170.78
attention,32,64,64,8192,1,12902.3
attention,32,64,64,16384,1,25535.2
attention,32,64,128,16,1,540.096
attention,32,64,128,32,1,545.249
attention,32,64,128,64,1,560.139
attention,32,64,128,128,1,897.078
attention,32,64,128,256,1,1254.62
attention,32,64,128,512,1,1941.56
attention,32,64,128,1024,1,3351.24
attention,32,64,128,2048,1,6599.65
attention,32,64,128,4096,1,23532.8
attention,32,64,128,8192,1,46864.3
attention,32,64,128,16384,1,93596.2
attention,32,128,0,0,1,33.2267
attention,32,128,1,16,1,31.3803
attention,32,128,1,32,1,31.424
attention,32,128,1,64,1,31.552
attention,32,128,1,128,1,33.2373
attention,32,128,1,256,1,38.2617
attention,32,128,1,512,1,52.6403
attention,32,128,1,1024,1,82.55
attention,32,128,1,2048,1,142.262
attention,32,128,1,4096,1,261.035
attention,32,128,1,8192,1,498.827
attention,32,128,1,16384,1,974.166
attention,32,128,2,16,1,45.8143
attention,32,128,2,32,1,45.8883
attention,32,128,2,64,1,46.0373
attention,32,128,2,128,1,53.878
attention,32,128,2,256,1,61.7817
attention,32,128,2,512,1,77.6327
attention,32,128,2,1024,1,108.416
attention,32,128,2,2048,1,168.47
attention,32,128,2,4096,1,286.358
attention,32,128,2,8192,1,523.979
attention,32,128,2,16384,1,996.118
attention,32,128,4,16,1,46.549
attention,32,128,4,32,1,46.592
attention,32,128,4,64,1,47.0717
attention,32,128,4,128,1,54.3787
attention,32,128,4,256,1,65.067
attention,32,128,4,512,1,95.2847
attention,32,128,4,1024,1,158.495
attention,32,128,4,2048,1,279.627
attention,32,128,4,4096,1,516.619
attention,32,128,4,8192,1,988.415
attention,32,128,4,16384,1,1936.64
attention,32,128,8,16,1,69.0993
attention,32,128,8,32,1,69.664
attention,32,128,8,64,1,70.9653
attention,32,128,8,128,1,93.0987
attention,32,128,8,256,1,112.341
attention,32,128,8,512,1,158.945
attention,32,128,8,1024,1,251.168
attention,32,128,8,2048,1,429.045
attention,32,128,8,4096,1,784.705
attention,32,128,8,8192,1,1490.57
attention,32,128,8,16384,1,2911.75
attention,32,128,16,16,1,100.992
attention,32,128,16,32,1,100.726
attention,32,128,16,64,1,101.76
attention,32,128,16,128,1,135.36
attention,32,128,16,256,1,177.58
attention,32,128,16,512,1,267.467
attention,32,128,16,1024,1,448.054
attention,32,128,16,2048,1,802.176
attention,32,128,16,4096,1,1512.09
attention,32,128,16,8192,1,2933.97
attention,32,128,16,16384,1,5790.96
attention,32,128,32,16,1,166.401
attention,32,128,32,32,1,167.766
attention,32,128,32,64,1,171.317
attention,32,128,32,128,1,251.403
attention,32,128,32,256,1,337.003
attention,32,128,32,512,1,505.707
attention,32,128,32,1024,1,837.741
attention,32,128,32,2048,1,1488.89
attention,32,128,32,4096,1,2793.93
attention,32,128,32,8192,1,5493.11
attention,32,128,32,16384,1,10896.9
attention,32,128,64,16,1,294.923
attention,32,128,64,32,1,298.411
attention,32,128,64,64,1,304.491
attention,32,128,64,128,1,462.571
attention,32,128,64,256,1,634.006
attention,32,128,64,512,1,971.072
attention,32,128,64,1024,1,1639.89
attention,32,128,64,2048,1,2975.25
attention,32,128,64,4096,1,6161.82
attention,32,128,64,8192,1,12896.1
attention,32,128,64,16384,1,25531.3
attention,32,128,128,16,1,551.189
attention,32,128,128,32,1,557.856
attention,32,128,128,64,1,570.145
attention,32,128,128,128,1,901.697
attention,32,128,128,256,1,1261.57
attention,32,128,128,512,1,1956.45
attention,32,128,128,1024,1,3362.23
attention,32,128,128,2048,1,6579.22
attention,32,128,128,4096,1,23536.9
attention,32,128,128,8192,1,46862.7
attention,32,128,128,16384,1,93609.8
attention,32,256,0,0,1,40.1063
attention,32,256,1,16,1,39.0397
attention,32,256,1,32,1,38.9753
attention,32,256,1,64,1,39.4987
attention,32,256,1,128,1,38.965
attention,32,256,1,256,1,40.2667
attention,32,256,1,512,1,52.2663
attention,32,256,1,1024,1,82.6033
attention,32,256,1,2048,1,142.634
attention,32,256,1,4096,1,261.451
attention,32,256,1,8192,1,499.296
attention,32,256,1,16384,1,974.55
attention,32,256,2,16,1,53.568
attention,32,256,2,32,1,53.377
attention,32,256,2,64,1,53.3753
attention,32,256,2,128,1,61.3543
attention,32,256,2,256,1,68.2767
attention,32,256,2,512,1,84.213
attention,32,256,2,1024,1,115.445
attention,32,256,2,2048,1,176.085
attention,32,256,2,4096,1,293.215
attention,32,256,2,8192,1,530.187
attention,32,256,2,16384,1,1002.26
attention,32,256,4,16,1,54.3033
attention,32,256,4,32,1,54.3367
attention,32,256,4,64,1,55.3167
attention,32,256,4,128,1,61.792
attention,32,256,4,256,1,68.768
attention,32,256,4,512,1,95.5203
attention,32,256,4,1024,1,158.849
attention,32,256,4,2048,1,279.094
attention,32,256,4,4096,1,517.355
attention,32,256,4,8192,1,989.91
attention,32,256,4,16384,1,1936.08
attention,32,256,8,16,1,77.4827
attention,32,256,8,32,1,78.176
attention,32,256,8,64,1,79.1673
attention,32,256,8,128,1,100.886
attention,32,256,8,256,1,123.36
attention,32,256,8,512,1,167.061
attention,32,256,8,1024,1,258.325
attention,32,256,8,2048,1,437.302
attention,32,256,8,4096,1,791.222
attention,32,256,8,8192,1,1500.44
attention,32,256,8,16384,1,2918.11
attention,32,256,16,16,1,113.334
attention,32,256,16,32,1,114.187
attention,32,256,16,64,1,116.096
attention,32,256,16,128,1,148.651
attention,32,256,16,256,1,181.301
attention,32,256,16,512,1,268.063
attention,32,256,16,1024,1,448.118
attention,32,256,16,2048,1,804.534
attention,32,256,16,4096,1,1512.91
attention,32,256,16,8192,1,2934.78
attention,32,256,16,16384,1,5789.32
attention,32,256,32,16,1,174.774
attention,32,256,32,32,1,176.577
attention,32,256,32,64,1,180.832
attention,32,256,32,128,1,258.988
attention,32,256,32,256,1,340.704
attention,32,256,32,512,1,511.383
attention,32,256,32,1024,1,842.711
attention,32,256,32,2048,1,1494.69
attention,32,256,32,4096,1,2802.94
attention,32,256,32,8192,1,5489.78
attention,32,256,32,16384,1,10900
attention,32,256,64,16,1,304.085
attention,32,256,64,32,1,307.989
attention,32,256,64,64,1,315.36
attention,32,256,64,128,1,472.778
attention,32,256,64,256,1,639.028
attention,32,256,64,512,1,975.799
attention,32,256,64,1024,1,1647.54
attention,32,256,64,2048,1,2977.91
attention,32,256,64,4096,1,6151.89
attention,32,256,64,8192,1,12909.2
attention,32,256,64,16384,1,25537.1
attention,32,256,128,16,1,561.068
attention,32,256,128,32,1,565.888
attention,32,256,128,64,1,580.373
attention,32,256,128,128,1,912.524
attention,32,256,128,256,1,1263.34
attention,32,256,128,512,1,1967.75
attention,32,256,128,1024,1,3371.9
attention,32,256,128,2048,1,6541.64
attention,32,256,128,4096,1,23544.4
attention,32,256,128,8192,1,46868.2
attention,32,256,128,16384,1,93603.2
attention,32,512,0,0,1,53.9207
attention,32,512,1,16,1,53.355
attention,32,512,1,32,1,53.472
attention,32,512,1,64,1,53.5147
attention,32,512,1,128,1,53.281
attention,32,512,1,256,1,53.1837
attention,32,512,1,512,1,54.006
attention,32,512,1,1024,1,82.6977
attention,32,512,1,2048,1,142.56
attention,32,512,1,4096,1,261.804
attention,32,512,1,8192,1,499.691
attention,32,512,1,16384,1,974.69
attention,32,512,2,16,1,67.6373
attention,32,512,2,32,1,67.67
attention,32,512,2,64,1,68.17
attention,32,512,2,128,1,76.4053
attention,32,512,2,256,1,83.605
attention,32,512,2,512,1,98.2833
attention,32,512,2,1024,1,130.252
attention,32,512,2,2048,1,190.923
attention,32,512,2,4096,1,310.005
attention,32,512,2,8192,1,545.963
attention,32,512,2,16384,1,1016.48
attention,32,512,4,16,1,68.79
attention,32,512,4,32,1,69.098
attention,32,512,4,64,1,69.7817
attention,32,512,4,128,1,77.1737
attention,32,512,4,256,1,83.957
attention,32,512,4,512,1,98.7193
attention,32,512,4,1024,1,159.137
attention,32,512,4,2048,1,279.798
attention,32,512,4,4096,1,517.804
attention,32,512,4,8192,1,989.558
attention,32,512,4,16384,1,1937.52
attention,32,512,8,16,1,93.0553
attention,32,512,8,32,1,93.7703
attention,32,512,8,64,1,94.784
attention,32,512,8,128,1,116.586
attention,32,512,8,256,1,139.296
attention,32,512,8,512,1,184.159
attention,32,512,8,1024,1,273.76
attention,32,512,8,2048,1,451.529
attention,32,512,8,4096,1,805.397
attention,32,512,8,8192,1,1512.91
attention,32,512,8,16384,1,2932
attention,32,512,16,16,1,129.76
attention,32,512,16,32,1,130.304
attention,32,512,16,64,1,132.853
attention,32,512,16,128,1,174.785
attention,32,512,16,256,1,209.909
attention,32,512,16,512,1,271.222
attention,32,512,16,1024,1,448.022
attention,32,512,16,2048,1,802.508
attention,32,512,16,4096,1,1512.63
attention,32,512,16,8192,1,2935.12
attention,32,512,16,16384,1,5792.05
attention,32,512,32,16,1,195.062
attention,32,512,32,32,1,196.844
attention,32,512,32,64,1,200.095
attention,32,512,32,128,1,274.815
attention,32,512,32,256,1,357.248
attention,32,512,32,512,1,519.008
attention,32,512,32,1024,1,856.256
attention,32,512,32,2048,1,1509.23
attention,32,512,32,4096,1,2816.39
attention,32,512,32,8192,1,5492.42
attention,32,512,32,16384,1,10901.8
attention,32,512,64,16,1,322.401
attention,32,512,64,32,1,324.608
attention,32,512,64,64,1,332.138
attention,32,512,64,128,1,489.995
attention,32,512,64,256,1,657.995
attention,32,512,64,512,1,985.462
attention,32,512,64,1024,1,1661.97
attention,32,512,64,2048,1,2986.24
attention,32,512,64,4096,1,6124.93
attention,32,512,64,8192,1,12911.9
attention,32,512,64,16384,1,25547
attention,32,512,128,16,1,579.264
attention,32,512,128,32,1,584.545
attention,32,512,128,64,1,600.598
attention,32,512,128,128,1,931.329
attention,32,512,128,256,1,1289.87
attention,32,512,128,512,1,1977.07
attention,32,512,128,1024,1,3398.17
attention,32,512,128,2048,1,6503.74
attention,32,512,128,4096,1,23553.9
attention,32,512,128,8192,1,46878.6
attention,32,512,128,16384,1,93616.9
attention,32,1024,0,0,1,84.32
attention,32,1024,1,16,1,83.5207
attention,32,1024,1,32,1,83.467
attention,32,1024,1,64,1,83.328
attention,32,1024,1,128,1,83.5413
attention,32,1024,1,256,1,83.6803
attention,32,1024,1,512,1,83.5733
attention,32,1024,1,1024,1,84.4587
attention,32,1024,1,2048,1,143.189
attention,32,1024,1,4096,1,262.442
attention,32,1024,1,8192,1,500.096
attention,32,1024,1,16384,1,975.253
attention,32,1024,2,16,1,97.462
attention,32,1024,2,32,1,97.7917
attention,32,1024,2,64,1,98.6137
attention,32,1024,2,128,1,107.029
attention,32,1024,2,256,1,114.154
attention,32,1024,2,512,1,130.027
attention,32,1024,2,1024,1,160.469
attention,32,1024,2,2048,1,221.611
attention,32,1024,2,4096,1,339.691
attention,32,1024,2,8192,1,577.899
attention,32,1024,2,16384,1,1048.48
attention,32,1024,4,16,1,99.1777
attention,32,1024,4,32,1,99.3377
attention,32,1024,4,64,1,99.6373
attention,32,1024,4,128,1,108.245
attention,32,1024,4,256,1,115.734
attention,32,1024,4,512,1,130.635
attention,32,1024,4,1024,1,161.514
attention,32,1024,4,2048,1,279.68
attention,32,1024,4,4096,1,517.333
attention,32,1024,4,8192,1,988.748
attention,32,1024,4,16384,1,1936.83
attention,32,1024,8,16,1,123.178
attention,32,1024,8,32,1,123.743
attention,32,1024,8,64,1,124.832
attention,32,1024,8,128,1,148.129
attention,32,1024,8,256,1,171.168
attention,32,1024,8,512,1,214.742
attention,32,1024,8,1024,1,304.15
attention,32,1024,8,2048,1,480.736
attention,32,1024,8,4096,1,836.246
attention,32,1024,8,8192,1,1542.73
attention,32,1024,8,16384,1,2963.02
attention,32,1024,16,16,1,161.558
attention,32,1024,16,32,1,162.25
attention,32,1024,16,64,1,165.023
attention,32,1024,16,128,1,206.795
attention,32,1024,16,256,1,250.292
attention,32,1024,16,512,1,329.524
attention,32,1024,16,1024,1,451.009
attention,32,1024,16,2048,1,804.852
attention,32,1024,16,4096,1,1511.2
attention,32,1024,16,8192,1,2935
attention,32,1024,16,16384,1,5791.07
attention,32,1024,32,16,1,231.967
attention,32,1024,32,32,1,233.974
attention,32,1024,32,64,1,239.467
attention,32,1024,32,128,1,319.317
attention,32,1024,32,256,1,391.232
attention,32,1024,32,512,1,549.163
attention,32,1024,32,1024,1,877.081
attention,32,1024,32,2048,1,1538.75
attention,32,1024,32,4096,1,2848.61
attention,32,1024,32,8192,1,5520.84
attention,32,1024,32,16384,1,10904.7
attention,32,1024,64,16,1,360.363
attention,32,1024,64,32,1,362.955
attention,32,1024,64,64,1,372.022
attention,32,1024,64,128,1,530.657
attention,32,1024,64,256,1,693.738
attention,32,1024,64,512,1,1017.82
attention,32,1024,64,1024,1,1683.22
attention,32,1024,64,2048,1,3016.43
attention,32,1024,64,4096,1,6088.09
attention,32,1024,64,8192,1,12923.6
attention,32,1024,64,16384,1,25547.5
attention,32,1024,128,16,1,618.166
attention,32,1024,128,32,1,624.629
attention,32,1024,128,64,1,638.081
attention,32,1024,128,128,1,968.717
attention,32,1024,128,256,1,1325.1
attention,32,1024,128,512,1,2040.25
attention,32,1024,128,1024,1,3433.17
attention,32,1024,128,2048,1,6381.51
attention,32,1024,128,4096,1,23577.2
attention,32,1024,128,8192,1,46908.6
attention,32,1024,128,16384,1,93644.1
attention,32,2048,0,0,1,143.403
attention,32,2048,1,16,1,143.05
attention,32,2048,1,32,1,143.189
attention,32,2048,1,64,1,143.051
attention,32,2048,1,128,1,143.092
attention,32,2048,1,256,1,143.05
attention,32,2048,1,512,1,143.456
attention,32,2048,1,1024,1,144.267
attention,32,2048,1,2048,1,145.195
attention,32,2048,1,4096,1,263.584
attention,32,2048,1,8192,1,501.707
attention,32,2048,1,16384,1,976.235
attention,32,2048,2,16,1,157.163
attention,32,2048,2,32,1,156.49
attention,32,2048,2,64,1,157.258
attention,32,2048,2,128,1,165.557
attention,32,2048,2,256,1,172.992
attention,32,2048,2,512,1,188.149
attention,32,2048,2,1024,1,219.585
attention,32,2048,2,2048,1,280.117
attention,32,2048,2,4096,1,401.857
attention,32,2048,2,8192,1,637.717
attention,32,2048,2,16384,1,1109.8
attention,32,2048,4,16,1,158.657
attention,32,2048,4,32,1,158.699
attention,32,2048,4,64,1,158.944
attention,32,2048,4,128,1,166.987
attention,32,2048,4,256,1,174.987
attention,32,2048,4,512,1,191.36
attention,32,2048,4,1024,1,222.229
attention,32,2048,4,2048,1,283.093
attention,32,2048,4,4096,1,518.059
attention,32,2048,4,8192,1,990.966
attention,32,2048,4,16384,1,1938.38
attention,32,2048,8,16,1,182.273
attention,32,2048,8,32,1,183.167
attention,32,2048,8,64,1,184.331
attention,32,2048,8,128,1,206.602
attention,32,2048,8,256,1,230.208
attention,32,2048,8,512,1,274.635
attention,32,2048,8,1024,1,363.35
attention,32,2048,8,2048,1,540.587
attention,32,2048,8,4096,1,895.659
attention,32,2048,8,8192,1,1603.72
attention,32,2048,8,16384,1,3023.77
attention,32,2048,16,16,1,221.569
attention,32,2048,16,32,1,221.856
attention,32,2048,16,64,1,224.757
attention,32,2048,16,128,1,267.82
attention,32,2048,16,256,1,312.65
attention,32,2048,16,512,1,399.35
attention,32,2048,16,1024,1,566.262
attention,32,2048,16,2048,1,805.814
attention,32,2048,16,4096,1,1512.41
attention,32,2048,16,8192,1,2934.75
attention,32,2048,16,16384,1,5789.78
attention,32,2048,32,16,1,302.261
attention,32,2048,32,32,1,303.701
attention,32,2048,32,64,1,308.256
attention,32,2048,32,128,1,385.419
attention,32,2048,32,256,1,471.478
attention,32,2048,32,512,1,615.744
attention,32,2048,32,1024,1,938.827
attention,32,2048,32,2048,1,1586.3
attention,32,2048,32,4096,1,2908.3
attention,32,2048,32,8192,1,5587.93
attention,32,2048,32,16384,1,10943.3
attention,32,2048,64,16,1,433.291
attention,32,2048,64,32,1,436.139
attention,32,2048,64,64,1,444.139
attention,32,2048,64,128,1,605.025
attention,32,2048,64,256,1,769.676
attention,32,2048,64,512,1,1088.18
attention,32,2048,64,1024,1,1749.47
attention,32,2048,64,2048,1,3075.24
attention,32,2048,64,4096,1,6115.31
attention,32,2048,64,8192,1,12960
attention,32,2048,64,16384,1,25593.6
attention,32,2048,128,16,1,693.493
attention,32,2048,128,32,1,698.923
attention,32,2048,128,64,1,712.426
attention,32,2048,128,128,1,1045.75
attention,32,2048,128,256,1,1400.23
attention,32,2048,128,512,1,2114.91
attention,32,2048,128,1024,1,3572.57
attention,32,2048,128,2048,1,6421.57
attention,32,2048,128,4096,1,23656.5
attention,32,2048,128,8192,1,47162.6
attention,32,2048,128,16384,1,93871.5
attention,32,4096,0,0,1,262.678
attention,32,4096,1,16,1,261.728
attention,32,4096,1,32,1,261.568
attention,32,4096,1,64,1,261.537
attention,32,4096,1,128,1,262.059
attention,32,4096,1,256,1,262.219
attention,32,4096,1,512,1,262.091
attention,32,4096,1,1024,1,262.305
attention,32,4096,1,2048,1,263.424
attention,32,4096,1,4096,1,263.797
attention,32,4096,1,8192,1,500.127
attention,32,4096,1,16384,1,975.947
attention,32,4096,2,16,1,273.921
attention,32,4096,2,32,1,274.709
attention,32,4096,2,64,1,275.264
attention,32,4096,2,128,1,283.67
attention,32,4096,2,256,1,290.923
attention,32,4096,2,512,1,304.576
attention,32,4096,2,1024,1,336.139
attention,32,4096,2,2048,1,398.315
attention,32,4096,2,4096,1,518.006
attention,32,4096,2,8192,1,756.129
attention,32,4096,2,16384,1,1227.86
attention,32,4096,4,16,1,276.96
attention,32,4096,4,32,1,276.928
attention,32,4096,4,64,1,277.249
attention,32,4096,4,128,1,285.269
attention,32,4096,4,256,1,292.778
attention,32,4096,4,512,1,307.99
attention,32,4096,4,1024,1,339.36
attention,32,4096,4,2048,1,401.013
attention,32,4096,4,4096,1,520.203
attention,32,4096,4,8192,1,991.926
attention,32,4096,4,16384,1,1937.61
attention,32,4096,8,16,1,299.979
attention,32,4096,8,32,1,300.907
attention,32,4096,8,64,1,301.985
attention,32,4096,8,128,1,323.914
attention,32,4096,8,256,1,347.276
attention,32,4096,8,512,1,392.352
attention,32,4096,8,1024,1,482.005
attention,32,4096,8,2048,1,657.687
attention,32,4096,8,4096,1,1012.09
attention,32,4096,8,8192,1,1720.31
attention,32,4096,8,16384,1,3138.96
attention,32,4096,16,16,1,339.862
attention,32,4096,16,32,1,339.927
attention,32,4096,16,64,1,342.442
attention,32,4096,16,128,1,385.643
attention,32,4096,16,256,1,430.635
attention,32,4096,16,512,1,518.742
attention,32,4096,16,1024,1,695.521
attention,32,4096,16,2048,1,1037.01
attention,32,4096,16,4096,1,1517.22
attention,32,4096,16,8192,1,2934.39
attention,32,4096,16,16384,1,5787.1
attention,32,4096,32,16,1,420.811
attention,32,4096,32,32,1,421.973
attention,32,4096,32,64,1,427.212
attention,32,4096,32,128,1,520.597
attention,32,4096,32,256,1,613.931
attention,32,4096,32,512,1,768.449
attention,32,4096,32,1024,1,1090.16
attention,32,4096,32,2048,1,1705.13
attention,32,4096,32,4096,1,3008.37
attention,32,4096,32,8192,1,6020
attention,32,4096,32,16384,1,12370.4
attention,32,4096,64,16,1,572.865
attention,32,4096,64,32,1,574.69
attention,32,4096,64,64,1,583.264
attention,32,4096,64,128,1,748.982
attention,32,4096,64,256,1,917.483
attention,32,4096,64,512,1,1235.45
attention,32,4096,64,1024,1,1895.34
attention,32,4096,64,2048,1,3203.95
attention,32,4096,64,4096,1,6453.75
attention,32,4096,64,8192,1,13906.8
attention,32,4096,64,16384,1,29684
attention,32,4096,128,16,1,841.441
attention,32,4096,128,32,1,846.123
attention,32,4096,128,64,1,860.587
attention,32,4096,128,128,1,1190.48
attention,32,4096,128,256,1,1542.31
attention,32,4096,128,512,1,2252.16
attention,32,4096,128,1024,1,3697.66
attention,32,4096,128,2048,1,6721.48
attention,32,4096,128,4096,1,23403.3
attention,32,4096,128,8192,1,51848.1
attention,32,4096,128,16384,1,113526
attention,32,8192,0,0,1,500.991
attention,32,8192,1,16,1,499.328
attention,32,8192,1,32,1,499.232
attention,32,8192,1,64,1,499.937
attention,32,8192,1,128,1,499.968
attention,32,8192,1,256,1,499.649
attention,32,8192,1,512,1,500.033
attention,32,8192,1,1024,1,500.225
attention,32,8192,1,2048,1,501.495
attention,32,8192,1,4096,1,501.834
attention,32,8192,1,8192,1,502.007
attention,32,8192,1,16384,1,975.596
attention,32,8192,2,16,1,510.251
attention,32,8192,2,32,1,510.4
attention,32,8192,2,64,1,511.041
attention,32,8192,2,128,1,519.98
attention,32,8192,2,256,1,526.049
attention,32,8192,2,512,1,541.248
attention,32,8192,2,1024,1,572.449
attention,32,8192,2,2048,1,633.185
attention,32,8192,2,4096,1,753.6
attention,32,8192,2,8192,1,990.561
attention,32,8192,2,16384,1,1464.19
attention,32,8192,4,16,1,513.515
attention,32,8192,4,32,1,513.291
attention,32,8192,4,64,1,513.707
attention,32,8192,4,128,1,523.552
attention,32,8192,4,256,1,531.02
attention,32,8192,4,512,1,544.502
attention,32,8192,4,1024,1,575.873
attention,32,8192,4,2048,1,636.598
attention,32,8192,4,4096,1,755.713
attention,32,8192,4,8192,1,992.865
attention,32,8192,4,16384,1,1937.28
attention,32,8192,8,16,1,536.8
attention,32,8192,8,32,1,537.557
attention,32,8192,8,64,1,537.738
attention,32,8192,8,128,1,560.225
attention,32,8192,8,256,1,582.934
attention,32,8192,8,512,1,628.554
attention,32,8192,8,1024,1,718.187
attention,32,8192,8,2048,1,895.404
attention,32,8192,8,4096,1,1246.09
attention,32,8192,8,8192,1,1954.4
attention,32,8192,8,16384,1,3376.62
attention,32,8192,16,16,1,575.403
attention,32,8192,16,32,1,575.915
attention,32,8192,16,64,1,579.381
attention,32,8192,16,128,1,622.39
attention,32,8192,16,256,1,666.56
attention,32,8192,16,512,1,756.246
attention,32,8192,16,1024,1,934.232
attention,32,8192,16,2048,1,1284.82
attention,32,8192,16,4096,1,1980.62
attention,32,8192,16,8192,1,2938.86
attention,32,8192,16,16384,1,5788.18
attention,32,8192,32,16,1,656.161
attention,32,8192,32,32,1,658.123
attention,32,8192,32,64,1,663.276
attention,32,8192,32,128,1,755.732
attention,32,8192,32,256,1,853.409
attention,32,8192,32,512,1,1041.65
attention,32,8192,32,1024,1,1363.21
attention,32,8192,32,2048,1,2036.89
attention,32,8192,32,4096,1,3246
attention,32,8192,32,8192,1,6018.87
attention,32,8192,32,16384,1,13183.3
attention,32,8192,64,16,1,810.56
attention,32,8192,64,32,1,813.782
attention,32,8192,64,64,1,825.238
attention,32,8192,64,128,1,1014.55
attention,32,8192,64,256,1,1200.2
attention,32,8192,64,512,1,1531.17
attention,32,8192,64,1024,1,2183.03
attention,32,8192,64,2048,1,3510.91
attention,32,8192,64,4096,1,6696.19
attention,32,8192,64,8192,1,13482.9
attention,32,8192,64,16384,1,31909
attention,32,8192,128,16,1,1117.36
attention,32,8192,128,32,1,1120.82
attention,32,8192,128,64,1,1137.88
attention,32,8192,128,128,1,1482.34
attention,32,8192,128,256,1,1838.44
attention,32,8192,128,512,1,2530.47
attention,32,8192,128,1024,1,3955.12
attention,32,8192,128,2048,1,7194.4
attention,32,8192,128,4096,1,24226
attention,32,8192,128,8192,1,46600.3
attention,32,8192,128,16384,1,110958
attention,32,16384,0,0,1,977.132
attention,32,16384,1,16,1,975.627
attention,32,16384,1,32,1,975.039
attention,32,16384,1,64,1,975.713
attention,32,16384,1,128,1,974.914
attention,32,16384,1,256,1,975.382
attention,32,16384,1,512,1,975.423
attention,32,16384,1,1024,1,975.883
attention,32,16384,1,2048,1,976.226
attention,32,16384,1,4096,1,976.331
attention,32,16384,1,8192,1,976.779
attention,32,16384,1,16384,1,977.877
attention,32,16384,2,16,1,982.048
attention,32,16384,2,32,1,982.529
attention,32,16384,2,64,1,982.167
attention,32,16384,2,128,1,993.153
attention,32,16384,2,256,1,999.616
attention,32,16384,2,512,1,1013.26
attention,32,16384,2,1024,1,1043.86
attention,32,16384,2,2048,1,1103.71
attention,32,16384,2,4096,1,1223.81
attention,32,16384,2,8192,1,1460.85
attention,32,16384,2,16384,1,1937.26
attention,32,16384,4,16,1,987.403
attention,32,16384,4,32,1,986.38
attention,32,16384,4,64,1,986.678
attention,32,16384,4,128,1,995.351
attention,32,16384,4,256,1,1002.19
attention,32,16384,4,512,1,1016.89
attention,32,16384,4,1024,1,1047.18
attention,32,16384,4,2048,1,1108.46
attention,32,16384,4,4096,1,1226.76
attention,32,16384,4,8192,1,1465.46
attention,32,16384,4,16384,1,1940.67
attention,32,16384,8,16,1,1008.32
attention,32,16384,8,32,1,1008.1
attention,32,16384,8,64,1,1008.19
attention,32,16384,8,128,1,1032.06
attention,32,16384,8,256,1,1056.1
attention,32,16384,8,512,1,1097.96
attention,32,16384,8,1024,1,1187.28
attention,32,16384,8,2048,1,1367.45
attention,32,16384,8,4096,1,1722.09
attention,32,16384,8,8192,1,2426
attention,32,16384,8,16384,1,3850.06
attention,32,16384,16,16,1,1046.4
attention,32,16384,16,32,1,1047.77
attention,32,16384,16,64,1,1050.11
attention,32,16384,16,128,1,1092.64
attention,32,16384,16,256,1,1136.49
attention,32,16384,16,512,1,1226.53
attention,32,16384,16,1024,1,1405.75
attention,32,16384,16,2048,1,1758.92
attention,32,16384,16,4096,1,2466.52
attention,32,16384,16,8192,1,3873.39
attention,32,16384,16,16384,1,5794.02
attention,32,16384,32,16,1,1126.06
attention,32,16384,32,32,1,1129.92
attention,32,16384,32,64,1,1133.08
attention,32,16384,32,128,1,1227.5
attention,32,16384,32,256,1,1323.53
attention,32,16384,32,512,1,1513.85
attention,32,16384,32,1024,1,1902.12
attention,32,16384,32,2048,1,2552.23
attention,32,16384,32,4096,1,3928.02
attention,32,16384,32,8192,1,6461.62
attention,32,16384,32,16384,1,11940.2
attention,32,16384,64,16,1,1282.58
attention,32,16384,64,32,1,1287.21
attention,32,16384,64,64,1,1296.39
attention,32,16384,64,128,1,1489.48
attention,32,16384,64,256,1,1684.02
attention,32,16384,64,512,1,2066.57
attention,32,16384,64,1024,1,2783.11
attention,32,16384,64,2048,1,4069.67
attention,32,16384,64,4096,1,7501.75
attention,32,16384,64,8192,1,14135.5
attention,32,16384,64,16384,1,26695
attention,32,16384,128,16,1,1597.14
attention,32,16384,128,32,1,1603.84
attention,32,16384,128,64,1,1620.24
attention,32,16384,128,128,1,2015.83
attention,32,16384,128,256,1,2392.38
attention,32,16384,128,512,1,3115.54
attention,32,16384,128,1024,1,4557.19
attention,32,16384,128,2048,1,7904.19
attention,32,16384,128,4096,1,25614.3
attention,32,16384,128,8192,1,48245.6
attention,32,16384,128,16384,1,93073.2
attention,64,0,0,0,1,27.3497
attention,64,0,1,16,1,26.592
attention,64,0,1,32,1,26.4743
attention,64,0,1,64,1,26.4843
attention,64,0,1,128,1,31.3497
attention,64,0,1,256,1,38.9337
attention,64,0,1,512,1,53.3333
attention,64,0,1,1024,1,83.3827
attention,64,0,1,2048,1,143.029
attention,64,0,1,4096,1,261.366
attention,64,0,1,8192,1,498.87
attention,64,0,1,16384,1,975.19
attention,64,0,2,16,1,39.0087
attention,64,0,2,32,1,38.9743
attention,64,0,2,64,1,38.838
attention,64,0,2,128,1,46.8587
attention,64,0,2,256,1,55.231
attention,64,0,2,512,1,70.3793
attention,64,0,2,1024,1,100.288
attention,64,0,2,2048,1,160.939
attention,64,0,2,4096,1,278.773
attention,64,0,2,8192,1,515.286
attention,64,0,2,16384,1,988.736
attention,64,0,4,16,1,39.5727
attention,64,0,4,32,1,39.637
attention,64,0,4,64,1,40.0003
attention,64,0,4,128,1,49.9527
attention,64,0,4,256,1,65.0767
attention,64,0,4,512,1,94.9123
attention,64,0,4,1024,1,158.507
attention,64,0,4,2048,1,279.339
attention,64,0,4,4096,1,517.322
attention,64,0,4,8192,1,990.049
attention,64,0,4,16384,1,1938.93
attention,64,0,8,16,1,62.8903
attention,64,0,8,32,1,63.3607
attention,64,0,8,64,1,63.4783
attention,64,0,8,128,1,82.2713
attention,64,0,8,256,1,105.654
attention,64,0,8,512,1,151.445
attention,64,0,8,1024,1,243.605
attention,64,0,8,2048,1,422.07
attention,64,0,8,4096,1,776.843
attention,64,0,8,8192,1,1485.45
attention,64,0,8,16384,1,2906.51
attention,64,0,16,16,1,88.6293
attention,64,0,16,32,1,89.3433
attention,64,0,16,64,1,90.8487
attention,64,0,16,128,1,130.442
attention,64,0,16,256,1,177.184
attention,64,0,16,512,1,267.455
attention,64,0,16,1024,1,448.053
attention,64,0,16,2048,1,803.392
attention,64,0,16,4096,1,1513.08
attention,64,0,16,8192,1,2935.36
attention,64,0,16,16384,1,5792.36
attention,64,0,32,16,1,157.92
attention,64,0,32,32,1,159.296
attention,64,0,32,64,1,162.647
attention,64,0,32,128,1,243.435
attention,64,0,32,256,1,332.576
attention,64,0,32,512,1,497.196
attention,64,0,32,1024,1,828.704
attention,64,0,32,2048,1,1480.25
attention,64,0,32,4096,1,2789.04
attention,64,0,32,8192,1,5494.12
attention,64,0,32,16384,1,10898.2
attention,64,0,64,16,1,286.796
attention,64,0,64,32,1,288.969
attention,64,0,64,64,1,296.747
attention,64,0,64,128,1,459.286
attention,64,0,64,256,1,631.125
attention,64,0,64,512,1,966.56
attention,64,0,64,1024,1,1636.22
attention,64,0,64,2048,1,2977.74
attention,64,0,64,4096,1,6173.65
attention,64,0,64,8192,1,12906.7
attention,64,0,64,16384,1,25538.3
attention,64,0,128,16,1,541.441
attention,64,0,128,32,1,546.39
attention,64,0,128,64,1,561.398
attention,64,0,128,128,1,895.157
attention,64,0,128,256,1,1255.69
attention,64,0,128,512,1,1946.43
attention,64,0,128,1024,1,3355.29
attention,64,0,128,2048,1,6603.46
attention,64,0,128,4096,1,23537
attention,64,0,128,8192,1,46869.2
attention,64,0,128,16384,1,93604.9
attention,64,16,0,0,1,27.531
attention,64,16,1,16,1,26.549
attention,64,16,1,32,1,26.7733
attention,64,16,1,64,1,26.7517
attention,64,16,1,128,1,31.552
attention,64,16,1,256,1,39.2213
attention,64,16,1,512,1,53.5137
attention,64,16,1,1024,1,83.3597
attention,64,16,1,2048,1,142.796
attention,64,16,1,4096,1,261.877
attention,64,16,1,8192,1,498.934
attention,64,16,1,16384,1,974.348
attention,64,16,2,16,1,39.179
attention,64,16,2,32,1,39.1353
attention,64,16,2,64,1,39.541
attention,64,16,2,128,1,47.68
attention,64,16,2,256,1,55.851
attention,64,16,2,512,1,70.624
attention,64,16,2,1024,1,100.982
attention,64,16,2,2048,1,161.674
attention,64,16,2,4096,1,279.69
attention,64,16,2,8192,1,515.586
attention,64,16,2,16384,1,988.874
attention,64,16,4,16,1,39.6373
attention,64,16,4,32,1,39.9253
attention,64,16,4,64,1,40.0523
attention,64,16,4,128,1,50.2407
attention,64,16,4,256,1,65.473
attention,64,16,4,512,1,95.3067
attention,64,16,4,1024,1,158.817
attention,64,16,4,2048,1,279.158
attention,64,16,4,4096,1,516.748
attention,64,16,4,8192,1,989.686
attention,64,16,4,16384,1,1937.89
attention,64,16,8,16,1,62.666
attention,64,16,8,32,1,63.1467
attention,64,16,8,64,1,64.0853
attention,64,16,8,128,1,82.1553
attention,64,16,8,256,1,105.44
attention,64,16,8,512,1,151.713
attention,64,16,8,1024,1,244.213
attention,64,16,8,2048,1,422.037
attention,64,16,8,4096,1,777.141
attention,64,16,8,8192,1,1485.9
attention,64,16,8,16384,1,2906.87
attention,64,16,16,16,1,89.216
attention,64,16,16,32,1,89.5247
attention,64,16,16,64,1,91.4023
attention,64,16,16,128,1,130.188
attention,64,16,16,256,1,177.461
attention,64,16,16,512,1,267.072
attention,64,16,16,1024,1,446.762
attention,64,16,16,2048,1,803.564
attention,64,16,16,4096,1,1512.27
attention,64,16,16,8192,1,2936.62
attention,64,16,16,16384,1,5792.45
attention,64,16,32,16,1,157.888
attention,64,16,32,32,1,159.168
attention,64,16,32,64,1,162.944
attention,64,16,32,128,1,244.139
attention,64,16,32,256,1,331.958
attention,64,16,32,512,1,498.25
attention,64,16,32,1024,1,827.072
attention,64,16,32,2048,1,1483.81
attention,64,16,32,4096,1,2789.75
attention,64,16,32,8192,1,5495.1
attention,64,16,32,16384,1,10897.9
attention,64,16,64,16,1,286.955
attention,64,16,64,32,1,289.28
attention,64,16,64,64,1,296.522
attention,64,16,64,128,1,458.966
attention,64,16,64,256,1,631.904
attention,64,16,64,512,1,966.677
attention,64,16,64,1024,1,1637.63
attention,64,16,64,2048,1,2977.94
attention,64,16,64,4096,1,6174.03
attention,64,16,64,8192,1,12909.9
attention,64,16,64,16384,1,25537
attention,64,16,128,16,1,541.024
attention,64,16,128,32,1,547.072
attention,64,16,128,64,1,560.651
attention,64,16,128,128,1,895.445
attention,64,16,128,256,1,1255.25
attention,64,16,128,512,1,1947.85
attention,64,16,128,1024,1,3354.02
attention,64,16,128,2048,1,6603.12
attention,64,16,128,4096,1,23541.9
attention,64,16,128,8192,1,46865.7
attention,64,16,128,16384,1,93610.2
attention,64,32,0,0,1,27.648
attention,64,32,1,16,1,26.6773
attention,64,32,1,32,1,27.1253
attention,64,32,1,64,1,26.8163
attention,64,32,1,128,1,31.5097
attention,64,32,1,256,1,39.424
attention,64,32,1,512,1,53.483
attention,64,32,1,1024,1,83.4777
attention,64,32,1,2048,1,142.677
attention,64,32,1,4096,1,261.643
attention,64,32,1,8192,1,498.912
attention,64,32,1,16384,1,974.987
attention,64,32,2,16,1,39.5307
attention,64,32,2,32,1,39.488
attention,64,32,2,64,1,39.723
attention,64,32,2,128,1,47.915
attention,64,32,2,256,1,55.862
attention,64,32,2,512,1,71.1893
attention,64,32,2,1024,1,101.173
attention,64,32,2,2048,1,161.535
attention,64,32,2,4096,1,279.179
attention,64,32,2,8192,1,515.904
attention,64,32,2,16384,1,989.387
attention,64,32,4,16,1,39.9247
attention,64,32,4,32,1,39.9797
attention,64,32,4,64,1,40.491
attention,64,32,4,128,1,50.3137
attention,64,32,4,256,1,65.1097
attention,64,32,4,512,1,95.253
attention,64,32,4,1024,1,158.805
attention,64,32,4,2048,1,279.638
attention,64,32,4,4096,1,517.185
attention,64,32,4,8192,1,990.231
attention,64,32,4,16384,1,1938.32
attention,64,32,8,16,1,62.635
attention,64,32,8,32,1,63.169
attention,64,32,8,64,1,64.405
attention,64,32,8,128,1,82.0053
attention,64,32,8,256,1,106.154
attention,64,32,8,512,1,151.925
attention,64,32,8,1024,1,243.946
attention,64,32,8,2048,1,422.07
attention,64,32,8,4096,1,777.27
attention,64,32,8,8192,1,1485.41
attention,64,32,8,16384,1,2906.58
attention,64,32,16,16,1,89.398
attention,64,32,16,32,1,90.23
attention,64,32,16,64,1,91.9783
attention,64,32,16,128,1,130.699
attention,64,32,16,256,1,177.728
attention,64,32,16,512,1,268.064
attention,64,32,16,1024,1,447.509
attention,64,32,16,2048,1,803.03
attention,64,32,16,4096,1,1514.69
attention,64,32,16,8192,1,2936.56
attention,64,32,16,16384,1,5790.78
attention,64,32,32,16,1,157.963
attention,64,32,32,32,1,159.552
attention,64,32,32,64,1,162.944
attention,64,32,32,128,1,243.948
attention,64,32,32,256,1,332.576
attention,64,32,32,512,1,497.878
attention,64,32,32,1024,1,828.597
attention,64,32,32,2048,1,1482.39
attention,64,32,32,4096,1,2790.25
attention,64,32,32,8192,1,5497.97
attention,64,32,32,16384,1,10896.5
attention,64,32,64,16,1,286.859
attention,64,32,64,32,1,289.568
attention,64,32,64,64,1,296.897
attention,64,32,64,128,1,458.348
attention,64,32,64,256,1,632.032
attention,64,32,64,512,1,965.867
attention,64,32,64,1024,1,1637.18
attention,64,32,64,2048,1,2978.23
attention,64,32,64,4096,1,6174.84
attention,64,32,64,8192,1,12908.7
attention,64,32,64,16384,1,25542.5
attention,64,32,128,16,1,542.423
attention,64,32,128,32,1,547.915
attention,64,32,128,64,1,561.216
attention,64,32,128,128,1,895.691
attention,64,32,128,256,1,1257.53
attention,64,32,128,512,1,1947.1
attention,64,32,128,1024,1,3355.11
attention,64,32,128,2048,1,6598.31
attention,64,32,128,4096,1,23541.4
attention,64,32,128,8192,1,46868.8
attention,64,32,128,16384,1,93611.8
attention,64,64,0,0,1,27.9897
attention,64,64,1,16,1,26.8473
attention,64,64,1,32,1,26.9007
attention,64,64,1,64,1,26.859
attention,64,64,1,128,1,31.552
attention,64,64,1,256,1,39.4453
attention,64,64,1,512,1,53.4823
attention,64,64,1,1024,1,83.6163
attention,64,64,1,2048,1,142.944
attention,64,64,1,4096,1,261.836
attention,64,64,1,8192,1,499.222
attention,64,64,1,16384,1,974.699
attention,64,64,2,16,1,39.6477
attention,64,64,2,32,1,39.7977
attention,64,64,2,64,1,40.1387
attention,64,64,2,128,1,48.063
attention,64,64,2,256,1,56.4163
attention,64,64,2,512,1,71.5203
attention,64,64,2,1024,1,101.61
attention,64,64,2,2048,1,162.464
attention,64,64,2,4096,1,279.905
attention,64,64,2,8192,1,517.024
attention,64,64,2,16384,1,989.462
attention,64,64,4,16,1,40.1383
attention,64,64,4,32,1,40.1813
attention,64,64,4,64,1,40.81
attention,64,64,4,128,1,50.8687
attention,64,64,4,256,1,65.941
attention,64,64,4,512,1,96.0013
attention,64,64,4,1024,1,158.826
attention,64,64,4,2048,1,279.136
attention,64,64,4,4096,1,517.526
attention,64,64,4,8192,1,991.212
attention,64,64,4,16384,1,1938.83
attention,64,64,8,16,1,62.9227
attention,64,64,8,32,1,63.5517
attention,64,64,8,64,1,64.5437
attention,64,64,8,128,1,82.6563
attention,64,64,8,256,1,106.4
attention,64,64,8,512,1,152.192
attention,64,64,8,1024,1,244.438
attention,64,64,8,2048,1,422.892
attention,64,64,8,4096,1,778.123
attention,64,64,8,8192,1,1487.12
attention,64,64,8,16384,1,2907.78
attention,64,64,16,16,1,90.059
attention,64,64,16,32,1,90.7937
attention,64,64,16,64,1,92.1707
attention,64,64,16,128,1,130.559
attention,64,64,16,256,1,177.952
attention,64,64,16,512,1,268.427
attention,64,64,16,1024,1,448.597
attention,64,64,16,2048,1,803.724
attention,64,64,16,4096,1,1513.43
attention,64,64,16,8192,1,2936.19
attention,64,64,16,16384,1,5792.71
attention,64,64,32,16,1,158.527
attention,64,64,32,32,1,160.342
attention,64,64,32,64,1,163.562
attention,64,64,32,128,1,244.128
attention,64,64,32,256,1,333.461
attention,64,64,32,512,1,499.595
attention,64,64,32,1024,1,829.463
attention,64,64,32,2048,1,1481.43
attention,64,64,32,4096,1,2789.59
attention,64,64,32,8192,1,5493.87
attention,64,64,32,16384,1,10895.4
attention,64,64,64,16,1,288.864
attention,64,64,64,32,1,290.261
attention,64,64,64,64,1,297.708
attention,64,64,64,128,1,458.934
attention,64,64,64,256,1,631.414
attention,64,64,64,512,1,968.098
attention,64,64,64,1024,1,1637.49
attention,64,64,64,2048,1,2978.55
attention,64,64,64,4096,1,6176.28
attention,64,64,64,8192,1,12904.3
attention,64,64,64,16384,1,25533
attention,64,64,128,16,1,542.231
attention,64,64,128,32,1,548.097
attention,64,64,128,64,1,562.08
attention,64,64,128,128,1,895.575
attention,64,64,128,256,1,1257.47
attention,64,64,128,512,1,1948.29
attention,64,64,128,1024,1,3356.77
attention,64,64,128,2048,1,6599.72
attention,64,64,128,4096,1,23544.9
attention,64,64,128,8192,1,46869
attention,64,64,128,16384,1,93602.5
attention,64,128,0,0,1,34.8167
attention,64,128,1,16,1,32.4693
attention,64,128,1,32,1,32.1923
attention,64,128,1,64,1,32.7577
attention,64,128,1,128,1,33.2373
attention,64,128,1,256,1,38.837
attention,64,128,1,512,1,53.098
attention,64,128,1,1024,1,82.8483
attention,64,128,1,2048,1,142.559
attention,64,128,1,4096,1,261.27
attention,64,128,1,8192,1,499.254
attention,64,128,1,16384,1,974.719
attention,64,128,2,16,1,47.2533
attention,64,128,2,32,1,47.5957
attention,64,128,2,64,1,48.1823
attention,64,128,2,128,1,54.7523
attention,64,128,2,256,1,62.7197
attention,64,128,2,512,1,78.4323
attention,64,128,2,1024,1,109.398
attention,64,128,2,2048,1,169.141
attention,64,128,2,4096,1,287.029
attention,64,128,2,8192,1,524.139
attention,64,128,2,16384,1,997.91
attention,64,128,4,16,1,48.7363
attention,64,128,4,32,1,48.5983
attention,64,128,4,64,1,49.0677
attention,64,128,4,128,1,55.2857
attention,64,128,4,256,1,65.2367
attention,64,128,4,512,1,95.4557
attention,64,128,4,1024,1,158.432
attention,64,128,4,2048,1,278.997
attention,64,128,4,4096,1,516.704
attention,64,128,4,8192,1,990.005
attention,64,128,4,16384,1,1939
attention,64,128,8,16,1,70.656
attention,64,128,8,32,1,70.731
attention,64,128,8,64,1,72.191
attention,64,128,8,128,1,93.836
attention,64,128,8,256,1,113.375
attention,64,128,8,512,1,159.787
attention,64,128,8,1024,1,252.81
attention,64,128,8,2048,1,431.105
attention,64,128,8,4096,1,785.601
attention,64,128,8,8192,1,1493.78
attention,64,128,8,16384,1,2914.26
attention,64,128,16,16,1,101.877
attention,64,128,16,32,1,103.659
attention,64,128,16,64,1,104.299
attention,64,128,16,128,1,136.64
attention,64,128,16,256,1,177.303
attention,64,128,16,512,1,267.691
attention,64,128,16,1024,1,447.478
attention,64,128,16,2048,1,803.627
attention,64,128,16,4096,1,1513.96
attention,64,128,16,8192,1,2934.73
attention,64,128,16,16384,1,5792.95
attention,64,128,32,16,1,166.293
attention,64,128,32,32,1,167.125
attention,64,128,32,64,1,171.126
attention,64,128,32,128,1,250.699
attention,64,128,32,256,1,335.467
attention,64,128,32,512,1,507.083
attention,64,128,32,1024,1,834.411
attention,64,128,32,2048,1,1489.07
attention,64,128,32,4096,1,2798.51
attention,64,128,32,8192,1,5493.17
attention,64,128,32,16384,1,10899.2
attention,64,128,64,16,1,296.63
attention,64,128,64,32,1,298.432
attention,64,128,64,64,1,306.25
attention,64,128,64,128,1,464.331
attention,64,128,64,256,1,635.179
attention,64,128,64,512,1,972.929
attention,64,128,64,1024,1,1643.54
attention,64,128,64,2048,1,2978.57
attention,64,128,64,4096,1,6163.76
attention,64,128,64,8192,1,12911.6
attention,64,128,64,16384,1,25537.1
attention,64,128,128,16,1,552.854
attention,64,128,128,32,1,559.606
attention,64,128,128,64,1,572.031
attention,64,128,128,128,1,900.672
attention,64,128,128,256,1,1262.55
attention,64,128,128,512,1,1960.46
attention,64,128,128,1024,1,3365.37
attention,64,128,128,2048,1,6577.63
attention,64,128,128,4096,1,23546.4
attention,64,128,128,8192,1,46879.2
attention,64,128,128,16384,1,93610.9
attention,64,256,0,0,1,41.6213
attention,64,256,1,16,1,39.8507
attention,64,256,1,32,1,40.1293
attention,64,256,1,64,1,39.9257
attention,64,256,1,128,1,39.6487
attention,64,256,1,256,1,40.1067
attention,64,256,1,512,1,52.3413
attention,64,256,1,1024,1,82.9547
attention,64,256,1,2048,1,142.699
attention,64,256,1,4096,1,261.302
attention,64,256,1,8192,1,499.05
attention,64,256,1,16384,1,974.677
attention,64,256,2,16,1,54.7313
attention,64,256,2,32,1,55.2747
attention,64,256,2,64,1,55.6803
attention,64,256,2,128,1,62.645
attention,64,256,2,256,1,69.3333
attention,64,256,2,512,1,84.799
attention,64,256,2,1024,1,116.352
attention,64,256,2,2048,1,177.537
attention,64,256,2,4096,1,294.187
attention,64,256,2,8192,1,530.954
attention,64,256,2,16384,1,1003.72
attention,64,256,4,16,1,55.83
attention,64,256,4,32,1,56.0107
attention,64,256,4,64,1,56.6823
attention,64,256,4,128,1,62.9443
attention,64,256,4,256,1,69.8237
attention,64,256,4,512,1,95.5203
attention,64,256,4,1024,1,158.539
attention,64,256,4,2048,1,279.094
attention,64,256,4,4096,1,517.227
attention,64,256,4,8192,1,989.686
attention,64,256,4,16384,1,1937.21
attention,64,256,8,16,1,79.1783
attention,64,256,8,32,1,80.0007
attention,64,256,8,64,1,80.993
attention,64,256,8,128,1,101.686
attention,64,256,8,256,1,124.491
attention,64,256,8,512,1,167.787
attention,64,256,8,1024,1,259.349
attention,64,256,8,2048,1,437.237
attention,64,256,8,4096,1,793.451
attention,64,256,8,8192,1,1501.96
attention,64,256,8,16384,1,2922.75
attention,64,256,16,16,1,113.835
attention,64,256,16,32,1,114.634
attention,64,256,16,64,1,117.184
attention,64,256,16,128,1,151.296
attention,64,256,16,256,1,182.561
attention,64,256,16,512,1,267.786
attention,64,256,16,1024,1,447.446
attention,64,256,16,2048,1,803.627
attention,64,256,16,4096,1,1513.41
attention,64,256,16,8192,1,2935.2
attention,64,256,16,16384,1,5790.62
attention,64,256,32,16,1,175.808
attention,64,256,32,32,1,177.495
attention,64,256,32,64,1,181.921
attention,64,256,32,128,1,260.244
attention,64,256,32,256,1,342.4
attention,64,256,32,512,1,512.012
attention,64,256,32,1024,1,843.061
attention,64,256,32,2048,1,1498.8
attention,64,256,32,4096,1,2803.45
attention,64,256,32,8192,1,5491.58
attention,64,256,32,16384,1,10900.8
attention,64,256,64,16,1,305.622
attention,64,256,64,32,1,307.798
attention,64,256,64,64,1,315.947
attention,64,256,64,128,1,475.37
attention,64,256,64,256,1,641.42
attention,64,256,64,512,1,978.848
attention,64,256,64,1024,1,1652.13
attention,64,256,64,2048,1,2982.81
attention,64,256,64,4096,1,6149.28
attention,64,256,64,8192,1,12913.6
attention,64,256,64,16384,1,25542.4
attention,64,256,128,16,1,562.603
attention,64,256,128,32,1,568.352
attention,64,256,128,64,1,582.124
attention,64,256,128,128,1,913.526
attention,64,256,128,256,1,1265.64
attention,64,256,128,512,1,1970.27
attention,64,256,128,1024,1,3380.15
attention,64,256,128,2048,1,6542.55
attention,64,256,128,4096,1,23556
attention,64,256,128,8192,1,46885.4
attention,64,256,128,16384,1,93620.1
attention,64,512,0,0,1,55.5203
attention,64,512,1,16,1,54.2827
attention,64,512,1,32,1,54.336
attention,64,512,1,64,1,54.4857
attention,64,512,1,128,1,54.037
attention,64,512,1,256,1,53.9197
attention,64,512,1,512,1,54.2617
attention,64,512,1,1024,1,83.1037
attention,64,512,1,2048,1,143.039
attention,64,512,1,4096,1,261.579
attention,64,512,1,8192,1,499.596
attention,64,512,1,16384,1,975.541
attention,64,512,2,16,1,69.9513
attention,64,512,2,32,1,70.2173
attention,64,512,2,64,1,70.102
attention,64,512,2,128,1,77.131
attention,64,512,2,256,1,84.5117
attention,64,512,2,512,1,99.2437
attention,64,512,2,1024,1,132.011
attention,64,512,2,2048,1,192.214
attention,64,512,2,4096,1,309.857
attention,64,512,2,8192,1,547.158
attention,64,512,2,16384,1,1021.29
attention,64,512,4,16,1,70.5273
attention,64,512,4,32,1,70.7733
attention,64,512,4,64,1,71.4893
attention,64,512,4,128,1,77.7173
attention,64,512,4,256,1,84.65
attention,64,512,4,512,1,99.563
attention,64,512,4,1024,1,158.965
attention,64,512,4,2048,1,280.042
attention,64,512,4,4096,1,517.324
attention,64,512,4,8192,1,990.582
attention,64,512,4,16384,1,1939.52
attention,64,512,8,16,1,94.24
attention,64,512,8,32,1,95.2423
attention,64,512,8,64,1,96.0313
attention,64,512,8,128,1,117.611
attention,64,512,8,256,1,139.829
attention,64,512,8,512,1,184.939
attention,64,512,8,1024,1,274.987
attention,64,512,8,2048,1,452.939
attention,64,512,8,4096,1,807.958
attention,64,512,8,8192,1,1515.81
attention,64,512,8,16384,1,2936.28
attention,64,512,16,16,1,129.665
attention,64,512,16,32,1,130.837
attention,64,512,16,64,1,133.611
attention,64,512,16,128,1,176.181
attention,64,512,16,256,1,212.651
attention,64,512,16,512,1,272.171
attention,64,512,16,1024,1,449.452
attention,64,512,16,2048,1,804.459
attention,64,512,16,4096,1,1513.12
attention,64,512,16,8192,1,2935.84
attention,64,512,16,16384,1,5792.38
attention,64,512,32,16,1,197.366
attention,64,512,32,32,1,198.838
attention,64,512,32,64,1,201.334
attention,64,512,32,128,1,276.171
attention,64,512,32,256,1,358.091
attention,64,512,32,512,1,520.021
attention,64,512,32,1024,1,859.573
attention,64,512,32,2048,1,1511.21
attention,64,512,32,4096,1,2820.94
attention,64,512,32,8192,1,5495.42
attention,64,512,32,16384,1,10905.3
attention,64,512,64,16,1,325.856
attention,64,512,64,32,1,327.274
attention,64,512,64,64,1,333.951
attention,64,512,64,128,1,492.716
attention,64,512,64,256,1,657.484
attention,64,512,64,512,1,988.032
attention,64,512,64,1024,1,1667.11
attention,64,512,64,2048,1,2991.11
attention,64,512,64,4096,1,6123.15
attention,64,512,64,8192,1,12917.3
attention,64,512,64,16384,1,25547.1
attention,64,512,128,16,1,581.495
attention,64,512,128,32,1,587.691
attention,64,512,128,64,1,601.664
attention,64,512,128,128,1,930.923
attention,64,512,128,256,1,1290.96
attention,64,512,128,512,1,1983.93
attention,64,512,128,1024,1,3406.37
attention,64,512,128,2048,1,6489.24
attention,64,512,128,4096,1,23570.2
attention,64,512,128,8192,1,46898.6
attention,64,512,128,16384,1,93627.8
attention,64,1024,0,0,1,85.5787
attention,64,1024,1,16,1,84.245
attention,64,1024,1,32,1,84.4063
attention,64,1024,1,64,1,84.3943
attention,64,1024,1,128,1,84.2993
attention,64,1024,1,256,1,84.4273
attention,64,1024,1,512,1,84.7037
attention,64,1024,1,1024,1,84.9277
attention,64,1024,1,2048,1,144.043
attention,64,1024,1,4096,1,262.305
attention,64,1024,1,8192,1,500.192
attention,64,1024,1,16384,1,975.329
attention,64,1024,2,16,1,99.7127
attention,64,1024,2,32,1,99.6793
attention,64,1024,2,64,1,99.766
attention,64,1024,2,128,1,107.809
attention,64,1024,2,256,1,114.666
attention,64,1024,2,512,1,129.877
attention,64,1024,2,1024,1,161.451
attention,64,1024,2,2048,1,222.742
attention,64,1024,2,4096,1,340.245
attention,64,1024,2,8192,1,578.155
attention,64,1024,2,16384,1,1049.44
attention,64,1024,4,16,1,101.218
attention,64,1024,4,32,1,101.152
attention,64,1024,4,64,1,101.9
attention,64,1024,4,128,1,109.035
attention,64,1024,4,256,1,117.014
attention,64,1024,4,512,1,131.713
attention,64,1024,4,1024,1,162.753
attention,64,1024,4,2048,1,280.619
attention,64,1024,4,4096,1,517.472
attention,64,1024,4,8192,1,991.712
attention,64,1024,4,16384,1,1940.21
attention,64,1024,8,16,1,124.768
attention,64,1024,8,32,1,125.494
attention,64,1024,8,64,1,127.01
attention,64,1024,8,128,1,149.163
attention,64,1024,8,256,1,171.904
attention,64,1024,8,512,1,215.542
attention,64,1024,8,1024,1,305.109
attention,64,1024,8,2048,1,482.016
attention,64,1024,8,4096,1,837.205
attention,64,1024,8,8192,1,1546.01
attention,64,1024,8,16384,1,2966.72
attention,64,1024,16,16,1,162.017
attention,64,1024,16,32,1,163.947
attention,64,1024,16,64,1,166.027
attention,64,1024,16,128,1,207.905
attention,64,1024,16,256,1,251.541
attention,64,1024,16,512,1,331.04
attention,64,1024,16,1024,1,452.416
attention,64,1024,16,2048,1,805.303
attention,64,1024,16,4096,1,1514.47
attention,64,1024,16,8192,1,2937.58
attention,64,1024,16,16384,1,5790.75
attention,64,1024,32,16,1,233.302
attention,64,1024,32,32,1,235.392
attention,64,1024,32,64,1,238.614
attention,64,1024,32,128,1,320.405
attention,64,1024,32,256,1,391.296
attention,64,1024,32,512,1,550.689
attention,64,1024,32,1024,1,876.726
attention,64,1024,32,2048,1,1543.1
attention,64,1024,32,4096,1,2851.67
attention,64,1024,32,8192,1,5524.9
attention,64,1024,32,16384,1,10908.3
attention,64,1024,64,16,1,363.692
attention,64,1024,64,32,1,366.901
attention,64,1024,64,64,1,374.379
attention,64,1024,64,128,1,533.078
attention,64,1024,64,256,1,696.341
attention,64,1024,64,512,1,1021.53
attention,64,1024,64,1024,1,1685.84
attention,64,1024,64,2048,1,3023.74
attention,64,1024,64,4096,1,6090.34
attention,64,1024,64,8192,1,12926.6
attention,64,1024,64,16384,1,25567.4
attention,64,1024,128,16,1,621.888
attention,64,1024,128,32,1,627.67
attention,64,1024,128,64,1,641.813
attention,64,1024,128,128,1,972.886
attention,64,1024,128,256,1,1326.13
attention,64,1024,128,512,1,2045.99
attention,64,1024,128,1024,1,3442.34
attention,64,1024,128,2048,1,6382.51
attention,64,1024,128,4096,1,23587.9
attention,64,1024,128,8192,1,46914.9
attention,64,1024,128,16384,1,93654.4
attention,64,2048,0,0,1,145.323
attention,64,2048,1,16,1,144.01
attention,64,2048,1,32,1,144.032
attention,64,2048,1,64,1,144.288
attention,64,2048,1,128,1,144.587
attention,64,2048,1,256,1,144.661
attention,64,2048,1,512,1,145.047
attention,64,2048,1,1024,1,145.568
attention,64,2048,1,2048,1,146.262
attention,64,2048,1,4096,1,264.012
attention,64,2048,1,8192,1,501.856
attention,64,2048,1,16384,1,977.216
attention,64,2048,2,16,1,159.189
attention,64,2048,2,32,1,159.467
attention,64,2048,2,64,1,159.136
attention,64,2048,2,128,1,167.147
attention,64,2048,2,256,1,174.23
attention,64,2048,2,512,1,189.195
attention,64,2048,2,1024,1,220.971
attention,64,2048,2,2048,1,281.6
attention,64,2048,2,4096,1,402.741
attention,64,2048,2,8192,1,640.053
attention,64,2048,2,16384,1,1112.54
attention,64,2048,4,16,1,160.854
attention,64,2048,4,32,1,160.854
attention,64,2048,4,64,1,161.034
attention,64,2048,4,128,1,168.331
attention,64,2048,4,256,1,176.832
attention,64,2048,4,512,1,192.214
attention,64,2048,4,1024,1,223.776
attention,64,2048,4,2048,1,283.702
attention,64,2048,4,4096,1,518.785
attention,64,2048,4,8192,1,992.5
attention,64,2048,4,16384,1,1940.76
attention,64,2048,8,16,1,184.32
attention,64,2048,8,32,1,184.757
attention,64,2048,8,64,1,186.358
attention,64,2048,8,128,1,208.767
attention,64,2048,8,256,1,231.659
attention,64,2048,8,512,1,275.147
attention,64,2048,8,1024,1,364.726
attention,64,2048,8,2048,1,541.802
attention,64,2048,8,4096,1,897.974
attention,64,2048,8,8192,1,1606.84
attention,64,2048,8,16384,1,3075.06
attention,64,2048,16,16,1,222.667
attention,64,2048,16,32,1,223.339
attention,64,2048,16,64,1,226.71
attention,64,2048,16,128,1,268.821
attention,64,2048,16,256,1,312.842
attention,64,2048,16,512,1,400.566
attention,64,2048,16,1024,1,567.883
attention,64,2048,16,2048,1,808.491
attention,64,2048,16,4096,1,1515.12
attention,64,2048,16,8192,1,2936.82
attention,64,2048,16,16384,1,5793.41
attention,64,2048,32,16,1,303.509
attention,64,2048,32,32,1,304.726
attention,64,2048,32,64,1,308.492
attention,64,2048,32,128,1,386.273
attention,64,2048,32,256,1,472.779
attention,64,2048,32,512,1,618.049
attention,64,2048,32,1024,1,968.544
attention,64,2048,32,2048,1,1587.65
attention,64,2048,32,4096,1,2912.37
attention,64,2048,32,8192,1,5592.61
attention,64,2048,32,16384,1,10953.1
attention,64,2048,64,16,1,435.904
attention,64,2048,64,32,1,438.625
attention,64,2048,64,64,1,446.636
attention,64,2048,64,128,1,606.294
attention,64,2048,64,256,1,772.224
attention,64,2048,64,512,1,1102.95
attention,64,2048,64,1024,1,1750.73
attention,64,2048,64,2048,1,3122.35
attention,64,2048,64,4096,1,6120.37
attention,64,2048,64,8192,1,12966.9
attention,64,2048,64,16384,1,25604.8
attention,64,2048,128,16,1,697.75
attention,64,2048,128,32,1,702.229
attention,64,2048,128,64,1,716.908
attention,64,2048,128,128,1,1048.69
attention,64,2048,128,256,1,1427.74
attention,64,2048,128,512,1,2118.19
attention,64,2048,128,1024,1,3578.83
attention,64,2048,128,2048,1,6424.58
attention,64,2048,128,4096,1,23616.9
attention,64,2048,128,8192,1,47327.9
attention,64,2048,128,16384,1,93905.7
attention,64,4096,0,0,1,264.661
attention,64,4096,1,16,1,263.424
attention,64,4096,1,32,1,262.614
attention,64,4096,1,64,1,263.349
attention,64,4096,1,128,1,263.072
attention,64,4096,1,256,1,262.954
attention,64,4096,1,512,1,263.2
attention,64,4096,1,1024,1,263.574
attention,64,4096,1,2048,1,264.801
attention,64,4096,1,4096,1,265.057
attention,64,4096,1,8192,1,500.671
attention,64,4096,1,16384,1,975.97
attention,64,4096,2,16,1,276.65
attention,64,4096,2,32,1,276.853
attention,64,4096,2,64,1,276.981
attention,64,4096,2,128,1,284.587
attention,64,4096,2,256,1,291.584
attention,64,4096,2,512,1,306.443
attention,64,4096,2,1024,1,351.393
attention,64,4096,2,2048,1,398.699
attention,64,4096,2,4096,1,519.926
attention,64,4096,2,8192,1,758.273
attention,64,4096,2,16384,1,1230.61
attention,64,4096,4,16,1,278.56
attention,64,4096,4,32,1,289.878
attention,64,4096,4,64,1,279.135
attention,64,4096,4,128,1,286.965
attention,64,4096,4,256,1,294.463
attention,64,4096,4,512,1,310.07
attention,64,4096,4,1024,1,340.949
attention,64,4096,4,2048,1,402.572
attention,64,4096,4,4096,1,521.696
attention,64,4096,4,8192,1,1006.73
attention,64,4096,4,16384,1,1940.78
attention,64,4096,8,16,1,301.749
attention,64,4096,8,32,1,302.315
attention,64,4096,8,64,1,304.265
attention,64,4096,8,128,1,325.889
attention,64,4096,8,256,1,348.853
attention,64,4096,8,512,1,393.206
attention,64,4096,8,1024,1,484.021
attention,64,4096,8,2048,1,659.872
attention,64,4096,8,4096,1,1014.07
attention,64,4096,8,8192,1,1784
attention,64,4096,8,16384,1,3142.66
attention,64,4096,16,16,1,340.352
attention,64,4096,16,32,1,340.981
attention,64,4096,16,64,1,343.573
attention,64,4096,16,128,1,386.902
attention,64,4096,16,256,1,432.374
attention,64,4096,16,512,1,520.608
attention,64,4096,16,1024,1,697.399
attention,64,4096,16,2048,1,1039.55
attention,64,4096,16,4096,1,1520.05
attention,64,4096,16,8192,1,2938.54
attention,64,4096,16,16384,1,5872.66
attention,64,4096,32,16,1,434.283
attention,64,4096,32,32,1,436.149
attention,64,4096,32,64,1,427.916
attention,64,4096,32,128,1,521.578
attention,64,4096,32,256,1,614.956
attention,64,4096,32,512,1,770.251
attention,64,4096,32,1024,1,1093.05
attention,64,4096,32,2048,1,1758.98
attention,64,4096,32,4096,1,3012.14
attention,64,4096,32,8192,1,6090.14
attention,64,4096,32,16384,1,12437.5
attention,64,4096,64,16,1,598.23
attention,64,4096,64,32,1,600.629
attention,64,4096,64,64,1,599.713
attention,64,4096,64,128,1,778.496
attention,64,4096,64,256,1,944.854
attention,64,4096,64,512,1,1263.54
attention,64,4096,64,1024,1,1900.16
attention,64,4096,64,2048,1,3253.24
attention,64,4096,64,4096,1,6456.54
attention,64,4096,64,8192,1,13905.7
attention,64,4096,64,16384,1,29906.4
attention,64,4096,128,16,1,845.132
attention,64,4096,128,32,1,864.876
attention,64,4096,128,64,1,864.844
attention,64,4096,128,128,1,1210.16
attention,64,4096,128,256,1,1544.16
attention,64,4096,128,512,1,2255.05
attention,64,4096,128,1024,1,3751.73
attention,64,4096,128,2048,1,6770.12
attention,64,4096,128,4096,1,23417.5
attention,64,4096,128,8192,1,51895.5
attention,64,4096,128,16384,1,113726
attention,64,8192,0,0,1,503.168
attention,64,8192,1,16,1,500.886
attention,64,8192,1,32,1,501.11
attention,64,8192,1,64,1,500.95
attention,64,8192,1,128,1,500.908
attention,64,8192,1,256,1,501.142
attention,64,8192,1,512,1,501.248
attention,64,8192,1,1024,1,501.632
attention,64,8192,1,2048,1,502.817
attention,64,8192,1,4096,1,502.795
attention,64,8192,1,8192,1,504.053
attention,64,8192,1,16384,1,976.353
attention,64,8192,2,16,1,512.512
attention,64,8192,2,32,1,513.236
attention,64,8192,2,64,1,512.363
attention,64,8192,2,128,1,520.491
attention,64,8192,2,256,1,527.606
attention,64,8192,2,512,1,541.952
attention,64,8192,2,1024,1,573.527
attention,64,8192,2,2048,1,634.89
attention,64,8192,2,4096,1,755.755
attention,64,8192,2,8192,1,992.342
attention,64,8192,2,16384,1,1467.79
attention,64,8192,4,16,1,515.328
attention,64,8192,4,32,1,515.777
attention,64,8192,4,64,1,515.851
attention,64,8192,4,128,1,523.626
attention,64,8192,4,256,1,531.393
attention,64,8192,4,512,1,545.557
attention,64,8192,4,1024,1,577.684
attention,64,8192,4,2048,1,638.113
attention,64,8192,4,4096,1,757.472
attention,64,8192,4,8192,1,994.934
attention,64,8192,4,16384,1,1940.67
attention,64,8192,8,16,1,537.387
attention,64,8192,8,32,1,538.487
attention,64,8192,8,64,1,540.053
attention,64,8192,8,128,1,561.472
attention,64,8192,8,256,1,590.934
attention,64,8192,8,512,1,646.87
attention,64,8192,8,1024,1,750.017
attention,64,8192,8,2048,1,927.423
attention,64,8192,8,4096,1,1250.24
attention,64,8192,8,8192,1,1994.86
attention,64,8192,8,16384,1,3411.5
attention,64,8192,16,16,1,599.798
attention,64,8192,16,32,1,602.752
attention,64,8192,16,64,1,600.789
attention,64,8192,16,128,1,650.572
attention,64,8192,16,256,1,667.798
attention,64,8192,16,512,1,756.608
attention,64,8192,16,1024,1,937.174
attention,64,8192,16,2048,1,1288.48
attention,64,8192,16,4096,1,1985.15
attention,64,8192,16,8192,1,2982.91
attention,64,8192,16,16384,1,5880.57
attention,64,8192,32,16,1,684.311
attention,64,8192,32,32,1,659.552
attention,64,8192,32,64,1,664.257
attention,64,8192,32,128,1,757.515
attention,64,8192,32,256,1,854.934
attention,64,8192,32,512,1,1045.05
attention,64,8192,32,1024,1,1365.25
attention,64,8192,32,2048,1,2039.39
attention,64,8192,32,4096,1,3341.04
attention,64,8192,32,8192,1,6092.87
attention,64,8192,32,16384,1,13195.5
attention,64,8192,64,16,1,813.505
attention,64,8192,64,32,1,817.579
attention,64,8192,64,64,1,825.376
attention,64,8192,64,128,1,1036.19
attention,64,8192,64,256,1,1232.29
attention,64,8192,64,512,1,1534.27
attention,64,8192,64,1024,1,2183.22
attention,64,8192,64,2048,1,3519
attention,64,8192,64,4096,1,6697.36
attention,64,8192,64,8192,1,13500
attention,64,8192,64,16384,1,31751.6
attention,64,8192,128,16,1,1119.56
attention,64,8192,128,32,1,1140.99
attention,64,8192,128,64,1,1142.45
attention,64,8192,128,128,1,1485
attention,64,8192,128,256,1,1865.52
attention,64,8192,128,512,1,2570.84
attention,64,8192,128,1024,1,4020.14
attention,64,8192,128,2048,1,7264.15
attention,64,8192,128,4096,1,24240.6
attention,64,8192,128,8192,1,46613.2
attention,64,8192,128,16384,1,111759
attention,64,16384,0,0,1,979.126
attention,64,16384,1,16,1,976.939
attention,64,16384,1,32,1,976.577
attention,64,16384,1,64,1,976.674
attention,64,16384,1,128,1,976.918
attention,64,16384,1,256,1,976.374
attention,64,16384,1,512,1,976.789
attention,64,16384,1,1024,1,977.408
attention,64,16384,1,2048,1,977.76
attention,64,16384,1,4096,1,978.422
attention,64,16384,1,8192,1,978.827
attention,64,16384,1,16384,1,979.095
attention,64,16384,2,16,1,984.63
attention,64,16384,2,32,1,984.033
attention,64,16384,2,64,1,984.866
attention,64,16384,2,128,1,991.659
attention,64,16384,2,256,1,999.148
attention,64,16384,2,512,1,1031.19
attention,64,16384,2,1024,1,1083.71
attention,64,16384,2,2048,1,1121.25
attention,64,16384,2,4096,1,1226.19
attention,64,16384,2,8192,1,1464.51
attention,64,16384,2,16384,1,1940.8
attention,64,16384,4,16,1,989.314
attention,64,16384,4,32,1,991.307
attention,64,16384,4,64,1,1022.19
attention,64,16384,4,128,1,997.163
attention,64,16384,4,256,1,1004.6
attention,64,16384,4,512,1,1018.06
attention,64,16384,4,1024,1,1049.25
attention,64,16384,4,2048,1,1111.94
attention,64,16384,4,4096,1,1248.34
attention,64,16384,4,8192,1,1498.21
attention,64,16384,4,16384,1,2021.96
attention,64,16384,8,16,1,1013.05
attention,64,16384,8,32,1,1054.67
attention,64,16384,8,64,1,1011.81
attention,64,16384,8,128,1,1033.08
attention,64,16384,8,256,1,1056.84
attention,64,16384,8,512,1,1101.25
attention,64,16384,8,1024,1,1192.89
attention,64,16384,8,2048,1,1369.71
attention,64,16384,8,4096,1,1790.75
attention,64,16384,8,8192,1,2512.55
attention,64,16384,8,16384,1,3852.64
attention,64,16384,16,16,1,1086.18
attention,64,16384,16,32,1,1093.65
attention,64,16384,16,64,1,1072.92
attention,64,16384,16,128,1,1144.18
attention,64,16384,16,256,1,1142.55
attention,64,16384,16,512,1,1282.84
attention,64,16384,16,1024,1,1424.39
attention,64,16384,16,2048,1,1797.7
attention,64,16384,16,4096,1,2470.94
attention,64,16384,16,8192,1,4059.14
attention,64,16384,16,16384,1,5796.84
attention,64,16384,32,16,1,1177.09
attention,64,16384,32,32,1,1129.4
attention,64,16384,32,64,1,1151.36
attention,64,16384,32,128,1,1227.83
attention,64,16384,32,256,1,1325.16
attention,64,16384,32,512,1,1516.98
attention,64,16384,32,1024,1,1905.13
attention,64,16384,32,2048,1,2554.32
attention,64,16384,32,4096,1,3933.08
attention,64,16384,32,8192,1,6468.48
attention,64,16384,32,16384,1,11946.6
attention,64,16384,64,16,1,1334.52
attention,64,16384,64,32,1,1318.19
attention,64,16384,64,64,1,1298.06
attention,64,16384,64,128,1,1492.49
attention,64,16384,64,256,1,1686.89
attention,64,16384,64,512,1,2132.13
attention,64,16384,64,1024,1,2787.67
attention,64,16384,64,2048,1,4133.65
attention,64,16384,64,4096,1,7530.05
attention,64,16384,64,8192,1,14139.9
attention,64,16384,64,16384,1,26699.8
attention,64,16384,128,16,1,1599.99
attention,64,16384,128,32,1,1649.38
attention,64,16384,128,64,1,1641.62
attention,64,16384,128,128,1,2016.97
attention,64,16384,128,256,1,2498.41
attention,64,16384,128,512,1,3121.91
attention,64,16384,128,1024,1,4562.29
attention,64,16384,128,2048,1,7921.1
attention,64,16384,128,4096,1,25623.2
attention,64,16384,128,8192,1,48255.5
attention,64,16384,128,16384,1,93089.5
attention,128,0,0,0,1,28.459
attention,128,0,1,16,1,40.1823
attention,128,0,1,32,1,40.224
attention,128,0,1,64,1,41.5567
attention,128,0,1,128,1,48.298
attention,128,0,1,256,1,54.901
attention,128,0,1,512,1,70.219
attention,128,0,1,1024,1,99.7443
attention,128,0,1,2048,1,164.705
attention,128,0,1,4096,1,276.342
attention,128,0,1,8192,1,527.477
attention,128,0,1,16384,1,983.595
attention,128,0,2,16,1,40.9603
attention,128,0,2,32,1,40.8643
attention,128,0,2,64,1,41.1407
attention,128,0,2,128,1,49.5467
attention,128,0,2,256,1,57.4507
attention,128,0,2,512,1,75.158
attention,128,0,2,1024,1,106.315
attention,128,0,2,2048,1,170.571
attention,128,0,2,4096,1,281.684
attention,128,0,2,8192,1,518.955
attention,128,0,2,16384,1,1038.37
attention,128,0,4,16,1,52.0217
attention,128,0,4,32,1,52.3727
attention,128,0,4,64,1,53.2377
attention,128,0,4,128,1,61.8667
attention,128,0,4,256,1,71.8083
attention,128,0,4,512,1,98.6343
attention,128,0,4,1024,1,159.958
attention,128,0,4,2048,1,281.366
attention,128,0,4,4096,1,541.941
attention,128,0,4,8192,1,1037.5
attention,128,0,4,16384,1,1941.32
attention,128,0,8,16,1,69.3433
attention,128,0,8,32,1,67.6697
attention,128,0,8,64,1,68.4593
attention,128,0,8,128,1,89.1197
attention,128,0,8,256,1,118.922
attention,128,0,8,512,1,159.968
attention,128,0,8,1024,1,252.139
attention,128,0,8,2048,1,431.787
attention,128,0,8,4096,1,798.497
attention,128,0,8,8192,1,1497.28
attention,128,0,8,16384,1,3008.23
attention,128,0,16,16,1,102.869
attention,128,0,16,32,1,103.136
attention,128,0,16,64,1,109.056
attention,128,0,16,128,1,151.211
attention,128,0,16,256,1,193.439
attention,128,0,16,512,1,276.672
attention,128,0,16,1024,1,457.451
attention,128,0,16,2048,1,812.768
attention,128,0,16,4096,1,1523.63
attention,128,0,16,8192,1,2944.02
attention,128,0,16,16384,1,5834.35
attention,128,0,32,16,1,171.893
attention,128,0,32,32,1,172.748
attention,128,0,32,64,1,175.787
attention,128,0,32,128,1,257.152
attention,128,0,32,256,1,355.883
attention,128,0,32,512,1,516.758
attention,128,0,32,1024,1,849.9
attention,128,0,32,2048,1,1504.12
attention,128,0,32,4096,1,2813.52
attention,128,0,32,8192,1,5509.31
attention,128,0,32,16384,1,10912
attention,128,0,64,16,1,313.302
attention,128,0,64,32,1,323.893
attention,128,0,64,64,1,322.357
attention,128,0,64,128,1,485.014
attention,128,0,64,256,1,655.222
attention,128,0,64,512,1,995.265
attention,128,0,64,1024,1,1667.03
attention,128,0,64,2048,1,3005.27
attention,128,0,64,4096,1,6182.42
attention,128,0,64,8192,1,12925.8
attention,128,0,64,16384,1,25552.3
attention,128,0,128,16,1,594.283
attention,128,0,128,32,1,597.814
attention,128,0,128,64,1,612.599
attention,128,0,128,128,1,944.182
attention,128,0,128,256,1,1303.15
attention,128,0,128,512,1,2012.41
attention,128,0,128,1024,1,3419.45
attention,128,0,128,2048,1,6616.66
attention,128,0,128,4096,1,23545.7
attention,128,0,128,8192,1,46884.4
attention,128,0,128,16384,1,93624.1
attention,128,16,0,0,1,33.1513
attention,128,16,1,16,1,47.221
attention,128,16,1,32,1,47.3927
attention,128,16,1,64,1,47.744
attention,128,16,1,128,1,47.894
attention,128,16,1,256,1,55.478
attention,128,16,1,512,1,70.3043
attention,128,16,1,1024,1,99.6593
attention,128,16,1,2048,1,158.997
attention,128,16,1,4096,1,276.939
attention,128,16,1,8192,1,513.162
attention,128,16,1,16384,1,984.855
attention,128,16,2,16,1,48.406
attention,128,16,2,32,1,48.3727
attention,128,16,2,64,1,48.7037
attention,128,16,2,128,1,51.061
attention,128,16,2,256,1,59.4773
attention,128,16,2,512,1,74.773
attention,128,16,2,1024,1,105.248
attention,128,16,2,2048,1,165.898
attention,128,16,2,4096,1,283.275
attention,128,16,2,8192,1,520.48
attention,128,16,2,16384,1,993.569
attention,128,16,4,16,1,58.5377
attention,128,16,4,32,1,59.242
attention,128,16,4,64,1,59.4443
attention,128,16,4,128,1,63.7123
attention,128,16,4,256,1,72.9283
attention,128,16,4,512,1,97.803
attention,128,16,4,1024,1,159.307
attention,128,16,4,2048,1,282.188
attention,128,16,4,4096,1,516.822
attention,128,16,4,8192,1,991.137
attention,128,16,4,16384,1,1938.5
attention,128,16,8,16,1,73.792
attention,128,16,8,32,1,74.2723
attention,128,16,8,64,1,75.1467
attention,128,16,8,128,1,92.0003
attention,128,16,8,256,1,117.259
attention,128,16,8,512,1,164.085
attention,128,16,8,1024,1,255.488
attention,128,16,8,2048,1,436.053
attention,128,16,8,4096,1,790.434
attention,128,16,8,8192,1,1499.09
attention,128,16,8,16384,1,2923.03
attention,128,16,16,16,1,109.846
attention,128,16,16,32,1,110.528
attention,128,16,16,64,1,111.904
attention,128,16,16,128,1,149.547
attention,128,16,16,256,1,195.691
attention,128,16,16,512,1,278.976
attention,128,16,16,1024,1,456.256
attention,128,16,16,2048,1,811.073
attention,128,16,16,4096,1,1524.06
attention,128,16,16,8192,1,2944.47
attention,128,16,16,16384,1,5799.1
attention,128,16,32,16,1,180.213
attention,128,16,32,32,1,181.975
attention,128,16,32,64,1,184.576
attention,128,16,32,128,1,259.669
attention,128,16,32,256,1,345.974
attention,128,16,32,512,1,521.088
attention,128,16,32,1024,1,856.012
attention,128,16,32,2048,1,1509.94
attention,128,16,32,4096,1,2817.9
attention,128,16,32,8192,1,5506.68
attention,128,16,32,16384,1,10911.5
attention,128,16,64,16,1,321.43
attention,128,16,64,32,1,324.011
attention,128,16,64,64,1,331.125
attention,128,16,64,128,1,487.435
attention,128,16,64,256,1,656.79
attention,128,16,64,512,1,996.482
attention,128,16,64,1024,1,1669.77
attention,128,16,64,2048,1,3007.01
attention,128,16,64,4096,1,6173.83
attention,128,16,64,8192,1,12924
attention,128,16,64,16384,1,25551.1
attention,128,16,128,16,1,600.043
attention,128,16,128,32,1,605.121
attention,128,16,128,64,1,620.471
attention,128,16,128,128,1,947.905
attention,128,16,128,256,1,1304.14
attention,128,16,128,512,1,2022.11
attention,128,16,128,1024,1,3427.95
attention,128,16,128,2048,1,6588.4
attention,128,16,128,4096,1,23543.1
attention,128,16,128,8192,1,46889.7
attention,128,16,128,16384,1,93635.2
attention,128,32,0,0,1,33.226
attention,128,32,1,16,1,47.7437
attention,128,32,1,32,1,47.1033
attention,128,32,1,64,1,47.99
attention,128,32,1,128,1,48.374
attention,128,32,1,256,1,55.6387
attention,128,32,1,512,1,69.92
attention,128,32,1,1024,1,99.5317
attention,128,32,1,2048,1,158.838
attention,128,32,1,4096,1,276.639
attention,128,32,1,8192,1,512.609
attention,128,32,1,16384,1,985.367
attention,128,32,2,16,1,48.0963
attention,128,32,2,32,1,47.893
attention,128,32,2,64,1,48.0327
attention,128,32,2,128,1,51.019
attention,128,32,2,256,1,59.1157
attention,128,32,2,512,1,74.4003
attention,128,32,2,1024,1,105.216
attention,128,32,2,2048,1,166.315
attention,128,32,2,4096,1,283.542
attention,128,32,2,8192,1,520.918
attention,128,32,2,16384,1,993.675
attention,128,32,4,16,1,59.1257
attention,128,32,4,32,1,59.2117
attention,128,32,4,64,1,59.5617
attention,128,32,4,128,1,63.9037
attention,128,32,4,256,1,72.9063
attention,128,32,4,512,1,98.102
attention,128,32,4,1024,1,160.117
attention,128,32,4,2048,1,281.067
attention,128,32,4,4096,1,517.494
attention,128,32,4,8192,1,991.8
attention,128,32,4,16384,1,1938.86
attention,128,32,8,16,1,73.7173
attention,128,32,8,32,1,74.4747
attention,128,32,8,64,1,75.594
attention,128,32,8,128,1,91.7113
attention,128,32,8,256,1,116.619
attention,128,32,8,512,1,163.339
attention,128,32,8,1024,1,254.443
attention,128,32,8,2048,1,434.721
attention,128,32,8,4096,1,788.705
attention,128,32,8,8192,1,1498.24
attention,128,32,8,16384,1,2922.83
attention,128,32,16,16,1,110.379
attention,128,32,16,32,1,111.072
attention,128,32,16,64,1,111.872
attention,128,32,16,128,1,149.152
attention,128,32,16,256,1,193.632
attention,128,32,16,512,1,279.286
attention,128,32,16,1024,1,456.567
attention,128,32,16,2048,1,813.409
attention,128,32,16,4096,1,1521.61
attention,128,32,16,8192,1,2945.62
attention,128,32,16,16384,1,5798.64
attention,128,32,32,16,1,180.257
attention,128,32,32,32,1,180.683
attention,128,32,32,64,1,185.237
attention,128,32,32,128,1,260.278
attention,128,32,32,256,1,347.328
attention,128,32,32,512,1,520.299
attention,128,32,32,1024,1,854.613
attention,128,32,32,2048,1,1509.29
attention,128,32,32,4096,1,2815.98
attention,128,32,32,8192,1,5507.91
attention,128,32,32,16384,1,10911.8
attention,128,32,64,16,1,319.146
attention,128,32,64,32,1,322.581
attention,128,32,64,64,1,329.312
attention,128,32,64,128,1,487.638
attention,128,32,64,256,1,657.973
attention,128,32,64,512,1,997.589
attention,128,32,64,1024,1,1670.15
attention,128,32,64,2048,1,3007.7
attention,128,32,64,4096,1,6173.19
attention,128,32,64,8192,1,12928.4
attention,128,32,64,16384,1,25552.1
attention,128,32,128,16,1,601.984
attention,128,32,128,32,1,605.142
attention,128,32,128,64,1,619.286
attention,128,32,128,128,1,947.5
attention,128,32,128,256,1,1304.63
attention,128,32,128,512,1,2022.42
attention,128,32,128,1024,1,3431.22
attention,128,32,128,2048,1,6590.18
attention,128,32,128,4096,1,23545.6
attention,128,32,128,8192,1,46892.3
attention,128,32,128,16384,1,93627
attention,128,64,0,0,1,33.0983
attention,128,64,1,16,1,47.263
attention,128,64,1,32,1,47.829
attention,128,64,1,64,1,47.5097
attention,128,64,1,128,1,48.4273
attention,128,64,1,256,1,55.5527
attention,128,64,1,512,1,70.571
attention,128,64,1,1024,1,99.8187
attention,128,64,1,2048,1,158.848
attention,128,64,1,4096,1,276.8
attention,128,64,1,8192,1,513.633
attention,128,64,1,16384,1,984.427
attention,128,64,2,16,1,48.245
attention,128,64,2,32,1,48.1707
attention,128,64,2,64,1,48.5017
attention,128,64,2,128,1,51.264
attention,128,64,2,256,1,59.2853
attention,128,64,2,512,1,74.591
attention,128,64,2,1024,1,105.247
attention,128,64,2,2048,1,165.291
attention,128,64,2,4096,1,285.899
attention,128,64,2,8192,1,521.43
attention,128,64,2,16384,1,994.688
attention,128,64,4,16,1,59.157
attention,128,64,4,32,1,59.211
attention,128,64,4,64,1,59.7433
attention,128,64,4,128,1,64.235
attention,128,64,4,256,1,73.504
attention,128,64,4,512,1,98.1223
attention,128,64,4,1024,1,161.217
attention,128,64,4,2048,1,280.459
attention,128,64,4,4096,1,517.857
attention,128,64,4,8192,1,991.723
attention,128,64,4,16384,1,1940.28
attention,128,64,8,16,1,74.1443
attention,128,64,8,32,1,74.677
attention,128,64,8,64,1,75.5843
attention,128,64,8,128,1,91.7757
attention,128,64,8,256,1,118.464
attention,128,64,8,512,1,162.784
attention,128,64,8,1024,1,257.045
attention,128,64,8,2048,1,434.699
attention,128,64,8,4096,1,789.569
attention,128,64,8,8192,1,1500.47
attention,128,64,8,16384,1,2921.35
attention,128,64,16,16,1,110.869
attention,128,64,16,32,1,111.125
attention,128,64,16,64,1,113.29
attention,128,64,16,128,1,149.461
attention,128,64,16,256,1,193.313
attention,128,64,16,512,1,278.496
attention,128,64,16,1024,1,457.271
attention,128,64,16,2048,1,811.415
attention,128,64,16,4096,1,1523.14
attention,128,64,16,8192,1,2944.08
attention,128,64,16,16384,1,5797.83
attention,128,64,32,16,1,181.857
attention,128,64,32,32,1,182.56
attention,128,64,32,64,1,184.79
attention,128,64,32,128,1,259.573
attention,128,64,32,256,1,345.888
attention,128,64,32,512,1,520.683
attention,128,64,32,1024,1,853.153
attention,128,64,32,2048,1,1507.99
attention,128,64,32,4096,1,2817.7
attention,128,64,32,8192,1,5507.89
attention,128,64,32,16384,1,10910.4
attention,128,64,64,16,1,322.23
attention,128,64,64,32,1,323.852
attention,128,64,64,64,1,329.898
attention,128,64,64,128,1,488.812
attention,128,64,64,256,1,658.208
attention,128,64,64,512,1,995.99
attention,128,64,64,1024,1,1671.53
attention,128,64,64,2048,1,3005.75
attention,128,64,64,4096,1,6172.04
attention,128,64,64,8192,1,12927.6
attention,128,64,64,16384,1,25557.4
attention,128,64,128,16,1,600.46
attention,128,64,128,32,1,605.525
attention,128,64,128,64,1,619.467
attention,128,64,128,128,1,947.862
attention,128,64,128,256,1,1304.79
attention,128,64,128,512,1,2019.33
attention,128,64,128,1024,1,3428.52
attention,128,64,128,2048,1,6593.6
attention,128,64,128,4096,1,23549.9
attention,128,64,128,8192,1,46891.1
attention,128,64,128,16384,1,93624.3
attention,128,128,0,0,1,35.7327
attention,128,128,1,16,1,48.7363
attention,128,128,1,32,1,47.7017
attention,128,128,1,64,1,48.3953
attention,128,128,1,128,1,55.573
attention,128,128,1,256,1,63.0833
attention,128,128,1,512,1,78.2933
attention,128,128,1,1024,1,108.011
attention,128,128,1,2048,1,167.617
attention,128,128,1,4096,1,284.961
attention,128,128,1,8192,1,521.568
attention,128,128,1,16384,1,992.897
attention,128,128,2,16,1,49.6533
attention,128,128,2,32,1,49.4497
attention,128,128,2,64,1,49.973
attention,128,128,2,128,1,56.0647
attention,128,128,2,256,1,64.6617
attention,128,128,2,512,1,80.544
attention,128,128,2,1024,1,111.051
attention,128,128,2,2048,1,172.417
attention,128,128,2,4096,1,289.195
attention,128,128,2,8192,1,527.702
attention,128,128,2,16384,1,1002.49
attention,128,128,4,16,1,60.0843
attention,128,128,4,32,1,60.7143
attention,128,128,4,64,1,61.238
attention,128,128,4,128,1,74.5603
attention,128,128,4,256,1,86.0373
attention,128,128,4,512,1,103.051
attention,128,128,4,1024,1,160.523
attention,128,128,4,2048,1,280.117
attention,128,128,4,4096,1,519.958
attention,128,128,4,8192,1,991.511
attention,128,128,4,16384,1,1938.98
attention,128,128,8,16,1,76.8537
attention,128,128,8,32,1,77.483
attention,128,128,8,64,1,78.4853
attention,128,128,8,128,1,97.749
attention,128,128,8,256,1,120.043
attention,128,128,8,512,1,168.842
attention,128,128,8,1024,1,261.547
attention,128,128,8,2048,1,440.683
attention,128,128,8,4096,1,793.696
attention,128,128,8,8192,1,1504.34
attention,128,128,8,16384,1,2926.32
attention,128,128,16,16,1,113.398
attention,128,128,16,32,1,113.942
attention,128,128,16,64,1,115.681
attention,128,128,16,128,1,157.258
attention,128,128,16,256,1,201.557
attention,128,128,16,512,1,282.582
attention,128,128,16,1024,1,457.174
attention,128,128,16,2048,1,812.363
attention,128,128,16,4096,1,1523.81
attention,128,128,16,8192,1,2945.14
attention,128,128,16,16384,1,5800.21
attention,128,128,32,16,1,183.989
attention,128,128,32,32,1,186.709
attention,128,128,32,64,1,189.729
attention,128,128,32,128,1,266.507
attention,128,128,32,256,1,346.699
attention,128,128,32,512,1,521.494
attention,128,128,32,1024,1,862.485
attention,128,128,32,2048,1,1518.38
attention,128,128,32,4096,1,2825.28
attention,128,128,32,8192,1,5511.19
attention,128,128,32,16384,1,10914.1
attention,128,128,64,16,1,324.16
attention,128,128,64,32,1,328.127
attention,128,128,64,64,1,333.846
attention,128,128,64,128,1,492.896
attention,128,128,64,256,1,660.672
attention,128,128,64,512,1,998.956
attention,128,128,64,1024,1,1678.96
attention,128,128,64,2048,1,3011.86
attention,128,128,64,4096,1,6164.42
attention,128,128,64,8192,1,12925.2
attention,128,128,64,16384,1,25551
attention,128,128,128,16,1,604.128
attention,128,128,128,32,1,609.622
attention,128,128,128,64,1,623.852
attention,128,128,128,128,1,951.392
attention,128,128,128,256,1,1310.6
attention,128,128,128,512,1,2029.39
attention,128,128,128,1024,1,3437.29
attention,128,128,128,2048,1,6563.58
attention,128,128,128,4096,1,23548.6
attention,128,128,128,8192,1,46890.7
attention,128,128,128,16384,1,93637.4
attention,128,256,0,0,1,42.4317
attention,128,256,1,16,1,56.363
attention,128,256,1,32,1,56.2453
attention,128,256,1,64,1,56.3837
attention,128,256,1,128,1,63.5193
attention,128,256,1,256,1,70.0273
attention,128,256,1,512,1,84.9283
attention,128,256,1,1024,1,115.403
attention,128,256,1,2048,1,173.974
attention,128,256,1,4096,1,291.433
attention,128,256,1,8192,1,527.53
attention,128,256,1,16384,1,998.829
attention,128,256,2,16,1,57.0883
attention,128,256,2,32,1,57.1203
attention,128,256,2,64,1,57.5033
attention,128,256,2,128,1,64.2457
attention,128,256,2,256,1,70.6987
attention,128,256,2,512,1,87.0287
attention,128,256,2,1024,1,118.56
attention,128,256,2,2048,1,181.195
attention,128,256,2,4096,1,298.742
attention,128,256,2,8192,1,535.52
attention,128,256,2,16384,1,1008.96
attention,128,256,4,16,1,70.1013
attention,128,256,4,32,1,70.3047
attention,128,256,4,64,1,70.7203
attention,128,256,4,128,1,82.431
attention,128,256,4,256,1,96.331
attention,128,256,4,512,1,117.302
attention,128,256,4,1024,1,160.639
attention,128,256,4,2048,1,281.696
attention,128,256,4,4096,1,519.488
attention,128,256,4,8192,1,990.475
attention,128,256,4,16384,1,1939.5
attention,128,256,8,16,1,87.9467
attention,128,256,8,32,1,87.8187
attention,128,256,8,64,1,88.671
attention,128,256,8,128,1,108.256
attention,128,256,8,256,1,128.053
attention,128,256,8,512,1,175.328
attention,128,256,8,1024,1,269.174
attention,128,256,8,2048,1,446.646
attention,128,256,8,4096,1,802.027
attention,128,256,8,8192,1,1511.15
attention,128,256,8,16384,1,2934.18
attention,128,256,16,16,1,125.931
attention,128,256,16,32,1,126.795
attention,128,256,16,64,1,128.032
attention,128,256,16,128,1,167.04
attention,128,256,16,256,1,210.997
attention,128,256,16,512,1,297.132
attention,128,256,16,1024,1,458.592
attention,128,256,16,2048,1,812.044
attention,128,256,16,4096,1,1523.32
attention,128,256,16,8192,1,2947.57
attention,128,256,16,16384,1,5799.82
attention,128,256,32,16,1,197.162
attention,128,256,32,32,1,198.326
attention,128,256,32,64,1,202.218
attention,128,256,32,128,1,279.467
attention,128,256,32,256,1,358.241
attention,128,256,32,512,1,523.51
attention,128,256,32,1024,1,875.863
attention,128,256,32,2048,1,1529.63
attention,128,256,32,4096,1,2837.51
attention,128,256,32,8192,1,5518.27
attention,128,256,32,16384,1,10916.7
attention,128,256,64,16,1,337.121
attention,128,256,64,32,1,340.49
attention,128,256,64,64,1,347.169
attention,128,256,64,128,1,506.348
attention,128,256,64,256,1,668.853
attention,128,256,64,512,1,1001.61
attention,128,256,64,1024,1,1687.03
attention,128,256,64,2048,1,3020.78
attention,128,256,64,4096,1,6151.45
attention,128,256,64,8192,1,12929.5
attention,128,256,64,16384,1,25552.9
attention,128,256,128,16,1,617.154
attention,128,256,128,32,1,622.838
attention,128,256,128,64,1,635.627
attention,128,256,128,128,1,964.066
attention,128,256,128,256,1,1317.28
attention,128,256,128,512,1,2041.24
attention,128,256,128,1024,1,3456.31
attention,128,256,128,2048,1,6495.92
attention,128,256,128,4096,1,23555.2
attention,128,256,128,8192,1,46894.9
attention,128,256,128,16384,1,93639.4
attention,128,512,0,0,1,57.1
attention,128,512,1,16,1,70.9233
attention,128,512,1,32,1,71.4347
attention,128,512,1,64,1,71.199
attention,128,512,1,128,1,79.1153
attention,128,512,1,256,1,86.529
attention,128,512,1,512,1,99.4873
attention,128,512,1,1024,1,131.382
attention,128,512,1,2048,1,189.601
attention,128,512,1,4096,1,308.076
attention,128,512,1,8192,1,542.934
attention,128,512,1,16384,1,1014.78
attention,128,512,2,16,1,72.9177
attention,128,512,2,32,1,72.576
attention,128,512,2,64,1,72.8533
attention,128,512,2,128,1,79.6697
attention,128,512,2,256,1,87.3707
attention,128,512,2,512,1,100.341
attention,128,512,2,1024,1,133.45
attention,128,512,2,2048,1,194.944
attention,128,512,2,4096,1,314.379
attention,128,512,2,8192,1,550.689
attention,128,512,2,16384,1,1024.16
attention,128,512,4,16,1,87.008
attention,128,512,4,32,1,87.2967
attention,128,512,4,64,1,87.9573
attention,128,512,4,128,1,99.861
attention,128,512,4,256,1,112.427
attention,128,512,4,512,1,142.443
attention,128,512,4,1024,1,179.276
attention,128,512,4,2048,1,282.38
attention,128,512,4,4096,1,518.241
attention,128,512,4,8192,1,990.476
attention,128,512,4,16384,1,1939.06
attention,128,512,8,16,1,111.626
attention,128,512,8,32,1,111.553
attention,128,512,8,64,1,113.077
attention,128,512,8,128,1,126.314
attention,128,512,8,256,1,146.453
attention,128,512,8,512,1,191.126
attention,128,512,8,1024,1,283.36
attention,128,512,8,2048,1,461.826
attention,128,512,8,4096,1,815.158
attention,128,512,8,8192,1,1525.46
attention,128,512,8,16384,1,2950.88
attention,128,512,16,16,1,148.661
attention,128,512,16,32,1,149.312
attention,128,512,16,64,1,151.286
attention,128,512,16,128,1,187.542
attention,128,512,16,256,1,228.651
attention,128,512,16,512,1,313.397
attention,128,512,16,1024,1,480.033
attention,128,512,16,2048,1,813.398
attention,128,512,16,4096,1,1524.88
attention,128,512,16,8192,1,2946.33
attention,128,512,16,16384,1,5799.05
attention,128,512,32,16,1,220.032
attention,128,512,32,32,1,221.878
attention,128,512,32,64,1,225.674
attention,128,512,32,128,1,304.235
attention,128,512,32,256,1,385.271
attention,128,512,32,512,1,533.728
attention,128,512,32,1024,1,879.713
attention,128,512,32,2048,1,1560.93
attention,128,512,32,4096,1,2869.44
attention,128,512,32,8192,1,5533.92
attention,128,512,32,16384,1,10925.6
attention,128,512,64,16,1,360.992
attention,128,512,64,32,1,364.886
attention,128,512,64,64,1,370.838
attention,128,512,64,128,1,530.187
attention,128,512,64,256,1,694.86
attention,128,512,64,512,1,1012.69
attention,128,512,64,1024,1,1696.55
attention,128,512,64,2048,1,3042.52
attention,128,512,64,4096,1,6134.22
attention,128,512,64,8192,1,12938.1
attention,128,512,64,16384,1,25564.3
attention,128,512,128,16,1,641.536
attention,128,512,128,32,1,648.843
attention,128,512,128,64,1,660.61
attention,128,512,128,128,1,988.906
attention,128,512,128,256,1,1343.61
attention,128,512,128,512,1,2055.88
attention,128,512,128,1024,1,3509.37
attention,128,512,128,2048,1,6439.68
attention,128,512,128,4096,1,23565.4
attention,128,512,128,8192,1,46907.1
attention,128,512,128,16384,1,93653.4
attention,128,1024,0,0,1,86.8263
attention,128,1024,1,16,1,101.643
attention,128,1024,1,32,1,101.718
attention,128,1024,1,64,1,101.558
attention,128,1024,1,128,1,109.525
attention,128,1024,1,256,1,116.832
attention,128,1024,1,512,1,131.873
attention,128,1024,1,1024,1,161.504
attention,128,1024,1,2048,1,222.048
attention,128,1024,1,4096,1,340.416
attention,128,1024,1,8192,1,575.318
attention,128,1024,1,16384,1,1045.37
attention,128,1024,2,16,1,102.623
attention,128,1024,2,32,1,102.55
attention,128,1024,2,64,1,103.307
attention,128,1024,2,128,1,110.102
attention,128,1024,2,256,1,117.866
attention,128,1024,2,512,1,132.96
attention,128,1024,2,1024,1,164.16
attention,128,1024,2,2048,1,226.047
attention,128,1024,2,4096,1,344.309
attention,128,1024,2,8192,1,581.591
attention,128,1024,2,16384,1,1055.38
attention,128,1024,4,16,1,117.087
attention,128,1024,4,32,1,117.077
attention,128,1024,4,64,1,117.706
attention,128,1024,4,128,1,132.223
attention,128,1024,4,256,1,149.206
attention,128,1024,4,512,1,172.555
attention,128,1024,4,1024,1,234.347
attention,128,1024,4,2048,1,299.413
attention,128,1024,4,4096,1,520.384
attention,128,1024,4,8192,1,991.681
attention,128,1024,4,16384,1,1941.34
attention,128,1024,8,16,1,151.797
attention,128,1024,8,32,1,152.629
attention,128,1024,8,64,1,153.632
attention,128,1024,8,128,1,173.397
attention,128,1024,8,256,1,193.973
attention,128,1024,8,512,1,222.827
attention,128,1024,8,1024,1,310.463
attention,128,1024,8,2048,1,494.475
attention,128,1024,8,4096,1,846.39
attention,128,1024,8,8192,1,1555.44
attention,128,1024,8,16384,1,2978.95
attention,128,1024,16,16,1,191.541
attention,128,1024,16,32,1,193.238
attention,128,1024,16,64,1,193.238
attention,128,1024,16,128,1,234.305
attention,128,1024,16,256,1,276.769
attention,128,1024,16,512,1,348.651
attention,128,1024,16,1024,1,523.137
attention,128,1024,16,2048,1,834.304
attention,128,1024,16,4096,1,1522.23
attention,128,1024,16,8192,1,2946.34
attention,128,1024,16,16384,1,5799.19
attention,128,1024,32,16,1,265.259
attention,128,1024,32,32,1,267.072
attention,128,1024,32,64,1,270.198
attention,128,1024,32,128,1,350.688
attention,128,1024,32,256,1,429.685
attention,128,1024,32,512,1,589.099
attention,128,1024,32,1024,1,890.007
attention,128,1024,32,2048,1,1590.2
attention,128,1024,32,4096,1,2926.43
attention,128,1024,32,8192,1,5568.54
attention,128,1024,32,16384,1,10956.1
attention,128,1024,64,16,1,408.671
attention,128,1024,64,32,1,411.851
attention,128,1024,64,64,1,418.144
attention,128,1024,64,128,1,578.273
attention,128,1024,64,256,1,740.8
attention,128,1024,64,512,1,1068.02
attention,128,1024,64,1024,1,1714.5
attention,128,1024,64,2048,1,3076.76
attention,128,1024,64,4096,1,6122.35
attention,128,1024,64,8192,1,12949
attention,128,1024,64,16384,1,25578.9
attention,128,1024,128,16,1,690.326
attention,128,1024,128,32,1,695.97
attention,128,1024,128,64,1,709.003
attention,128,1024,128,128,1,1037.38
attention,128,1024,128,256,1,1389.08
attention,128,1024,128,512,1,2100.88
attention,128,1024,128,1024,1,3558.98
attention,128,1024,128,2048,1,6405.14
attention,128,1024,128,4096,1,23591.1
attention,128,1024,128,8192,1,46940.2
attention,128,1024,128,16384,1,93672.8
attention,128,2048,0,0,1,148.789
attention,128,2048,1,16,1,162.038
attention,128,2048,1,32,1,162.325
attention,128,2048,1,64,1,162.4
attention,128,2048,1,128,1,169.984
attention,128,2048,1,256,1,178.806
attention,128,2048,1,512,1,191.851
attention,128,2048,1,1024,1,222.443
attention,128,2048,1,2048,1,282.208
attention,128,2048,1,4096,1,400.064
attention,128,2048,1,8192,1,636.705
attention,128,2048,1,16384,1,1107.43
attention,128,2048,2,16,1,163.766
attention,128,2048,2,32,1,163.509
attention,128,2048,2,64,1,164.512
attention,128,2048,2,128,1,171.424
attention,128,2048,2,256,1,177.909
attention,128,2048,2,512,1,193.419
attention,128,2048,2,1024,1,223.883
attention,128,2048,2,2048,1,283.147
attention,128,2048,2,4096,1,405.186
attention,128,2048,2,8192,1,642.111
attention,128,2048,2,16384,1,1114.33
attention,128,2048,4,16,1,179.541
attention,128,2048,4,32,1,177.91
attention,128,2048,4,64,1,178.975
attention,128,2048,4,128,1,193.397
attention,128,2048,4,256,1,208.682
attention,128,2048,4,512,1,238.517
attention,128,2048,4,1024,1,295.745
attention,128,2048,4,2048,1,412.535
attention,128,2048,4,4096,1,538.657
attention,128,2048,4,8192,1,993.078
attention,128,2048,4,16384,1,1941.87
attention,128,2048,8,16,1,212.075
attention,128,2048,8,32,1,212.971
attention,128,2048,8,64,1,213.377
attention,128,2048,8,128,1,250.997
attention,128,2048,8,256,1,280.715
attention,128,2048,8,512,1,322.582
attention,128,2048,8,1024,1,372.694
attention,128,2048,8,2048,1,548.352
attention,128,2048,8,4096,1,906.24
attention,128,2048,8,8192,1,1614.75
attention,128,2048,8,16384,1,3038.01
attention,128,2048,16,16,1,268.342
attention,128,2048,16,32,1,269.557
attention,128,2048,16,64,1,273.973
attention,128,2048,16,128,1,319.936
attention,128,2048,16,256,1,366.432
attention,128,2048,16,512,1,448.065
attention,128,2048,16,1024,1,587.384
attention,128,2048,16,2048,1,937.004
attention,128,2048,16,4096,1,1546.79
attention,128,2048,16,8192,1,2946.71
attention,128,2048,16,16384,1,5798.61
attention,128,2048,32,16,1,351.232
attention,128,2048,32,32,1,351.104
attention,128,2048,32,64,1,356.875
attention,128,2048,32,128,1,438.709
attention,128,2048,32,256,1,518.315
attention,128,2048,32,512,1,675.361
attention,128,2048,32,1024,1,1005.82
attention,128,2048,32,2048,1,1603.75
attention,128,2048,32,4096,1,3011.33
attention,128,2048,32,8192,1,5686.95
attention,128,2048,32,16384,1,11143.2
attention,128,2048,64,16,1,499.168
attention,128,2048,64,32,1,500.631
attention,128,2048,64,64,1,509.249
attention,128,2048,64,128,1,672.363
attention,128,2048,64,256,1,836.748
attention,128,2048,64,512,1,1153.97
attention,128,2048,64,1024,1,1820.56
attention,128,2048,64,2048,1,3110.49
attention,128,2048,64,4096,1,6274.3
attention,128,2048,64,8192,1,13038.4
attention,128,2048,64,16384,1,25750.1
attention,128,2048,128,16,1,785.175
attention,128,2048,128,32,1,790.412
attention,128,2048,128,64,1,803.435
attention,128,2048,128,128,1,1136.46
attention,128,2048,128,256,1,1475.31
attention,128,2048,128,512,1,2184.87
attention,128,2048,128,1024,1,3637.23
attention,128,2048,128,2048,1,6636.41
attention,128,2048,128,4096,1,23540.6
attention,128,2048,128,8192,1,48177.6
attention,128,2048,128,16384,1,94408.6
attention,128,4096,0,0,1,267.595
attention,128,4096,1,16,1,279.319
attention,128,4096,1,32,1,280.352
attention,128,4096,1,64,1,281.024
attention,128,4096,1,128,1,288.619
attention,128,4096,1,256,1,296.193
attention,128,4096,1,512,1,309.813
attention,128,4096,1,1024,1,340.171
attention,128,4096,1,2048,1,400.16
attention,128,4096,1,4096,1,520.223
attention,128,4096,1,8192,1,755.553
attention,128,4096,1,16384,1,1226.68
attention,128,4096,2,16,1,282.048
attention,128,4096,2,32,1,282.784
attention,128,4096,2,64,1,283.584
attention,128,4096,2,128,1,291.168
attention,128,4096,2,256,1,296.918
attention,128,4096,2,512,1,312.204
attention,128,4096,2,1024,1,343.072
attention,128,4096,2,2048,1,403.724
attention,128,4096,2,4096,1,521.355
attention,128,4096,2,8192,1,759.212
attention,128,4096,2,16384,1,1233.21
attention,128,4096,4,16,1,296.844
attention,128,4096,4,32,1,296.554
attention,128,4096,4,64,1,296.395
attention,128,4096,4,128,1,312.8
attention,128,4096,4,256,1,327.606
attention,128,4096,4,512,1,355.978
attention,128,4096,4,1024,1,418.378
attention,128,4096,4,2048,1,529.93
attention,128,4096,4,4096,1,765.698
attention,128,4096,4,8192,1,1007.81
attention,128,4096,4,16384,1,1940.28
attention,128,4096,8,16,1,329.024
attention,128,4096,8,32,1,329.919
attention,128,4096,8,64,1,331.147
attention,128,4096,8,128,1,367.488
attention,128,4096,8,256,1,405.334
attention,128,4096,8,512,1,478.252
attention,128,4096,8,1024,1,561.386
attention,128,4096,8,2048,1,672.15
attention,128,4096,8,4096,1,1020.74
attention,128,4096,8,8192,1,1735.41
attention,128,4096,8,16384,1,3158.88
attention,128,4096,16,16,1,387.073
attention,128,4096,16,32,1,387.104
attention,128,4096,16,64,1,390.784
attention,128,4096,16,128,1,455.073
attention,128,4096,16,256,1,521.515
attention,128,4096,16,512,1,608.299
attention,128,4096,16,1024,1,774.113
attention,128,4096,16,2048,1,1058.5
attention,128,4096,16,4096,1,1763.69
attention,128,4096,16,8192,1,2966.8
attention,128,4096,16,16384,1,5808.9
attention,128,4096,32,16,1,502.976
attention,128,4096,32,32,1,504.992
attention,128,4096,32,64,1,509.568
attention,128,4096,32,128,1,604.138
attention,128,4096,32,256,1,688.534
attention,128,4096,32,512,1,858.134
attention,128,4096,32,1024,1,1175.91
attention,128,4096,32,2048,1,1837.45
attention,128,4096,32,4096,1,3027.49
attention,128,4096,32,8192,1,6030.83
attention,128,4096,32,16384,1,13499
attention,128,4096,64,16,1,667.468
attention,128,4096,64,32,1,671.168
attention,128,4096,64,64,1,678.39
attention,128,4096,64,128,1,846.794
attention,128,4096,64,256,1,1018.43
attention,128,4096,64,512,1,1344.29
attention,128,4096,64,1024,1,2005.01
attention,128,4096,64,2048,1,3316.67
attention,128,4096,64,4096,1,6438.31
attention,128,4096,64,8192,1,14843.3
attention,128,4096,64,16384,1,36621.5
attention,128,4096,128,16,1,964.267
attention,128,4096,128,32,1,970.817
attention,128,4096,128,64,1,983.755
attention,128,4096,128,128,1,1318.95
attention,128,4096,128,256,1,1671.45
attention,128,4096,128,512,1,2338.8
attention,128,4096,128,1024,1,3777.98
attention,128,4096,128,2048,1,7035.35
attention,128,4096,128,4096,1,23831.5
attention,128,4096,128,8192,1,61425
attention,128,4096,128,16384,1,123708
attention,128,8192,0,0,1,504.821
attention,128,8192,1,16,1,515.692
attention,128,8192,1,32,1,515.266
attention,128,8192,1,64,1,516.213
attention,128,8192,1,128,1,524.748
attention,128,8192,1,256,1,532.256
attention,128,8192,1,512,1,544.715
attention,128,8192,1,1024,1,575.212
attention,128,8192,1,2048,1,634.487
attention,128,8192,1,4096,1,755.757
attention,128,8192,1,8192,1,991.404
attention,128,8192,1,16384,1,1462.56
attention,128,8192,2,16,1,519.019
attention,128,8192,2,32,1,518.326
attention,128,8192,2,64,1,520.277
attention,128,8192,2,128,1,525.877
attention,128,8192,2,256,1,534.166
attention,128,8192,2,512,1,548.49
attention,128,8192,2,1024,1,578.699
attention,128,8192,2,2048,1,641.111
attention,128,8192,2,4096,1,757.984
attention,128,8192,2,8192,1,993.74
attention,128,8192,2,16384,1,1468.21
attention,128,8192,4,16,1,534.198
attention,128,8192,4,32,1,532.715
attention,128,8192,4,64,1,533.046
attention,128,8192,4,128,1,547.149
attention,128,8192,4,256,1,562.166
attention,128,8192,4,512,1,593.846
attention,128,8192,4,1024,1,652.044
attention,128,8192,4,2048,1,769.068
attention,128,8192,4,4096,1,999.905
attention,128,8192,4,8192,1,1472.36
attention,128,8192,4,16384,1,1951.99
attention,128,8192,8,16,1,565.398
attention,128,8192,8,32,1,566.005
attention,128,8192,8,64,1,566.443
attention,128,8192,8,128,1,604.137
attention,128,8192,8,256,1,638.614
attention,128,8192,8,512,1,711.126
attention,128,8192,8,1024,1,859.914
attention,128,8192,8,2048,1,1032.19
attention,128,8192,8,4096,1,1260.95
attention,128,8192,8,8192,1,1965.36
attention,128,8192,8,16384,1,3392.82
attention,128,8192,16,16,1,622.219
attention,128,8192,16,32,1,623.402
attention,128,8192,16,64,1,626.23
attention,128,8192,16,128,1,690.965
attention,128,8192,16,256,1,757.568
attention,128,8192,16,512,1,888.043
attention,128,8192,16,1024,1,1087.66
attention,128,8192,16,2048,1,1424.79
attention,128,8192,16,4096,1,2005.59
attention,128,8192,16,8192,1,3419.64
attention,128,8192,16,16384,1,5819.89
attention,128,8192,32,16,1,738.155
attention,128,8192,32,32,1,739.584
attention,128,8192,32,64,1,745.675
attention,128,8192,32,128,1,877.228
attention,128,8192,32,256,1,1007.03
attention,128,8192,32,512,1,1186.43
attention,128,8192,32,1024,1,1519.97
attention,128,8192,32,2048,1,2184.9
attention,128,8192,32,4096,1,3497.46
attention,128,8192,32,8192,1,5980.05
attention,128,8192,32,16384,1,13739.9
attention,128,8192,64,16,1,971.115
attention,128,8192,64,32,1,974.593
attention,128,8192,64,64,1,984.907
attention,128,8192,64,128,1,1180.26
attention,128,8192,64,256,1,1357.63
attention,128,8192,64,512,1,1699.82
attention,128,8192,64,1024,1,2367.06
attention,128,8192,64,2048,1,3686.34
attention,128,8192,64,4096,1,7089.65
attention,128,8192,64,8192,1,13530.4
attention,128,8192,64,16384,1,39893.6
attention,128,8192,128,16,1,1304.33
attention,128,8192,128,32,1,1311.3
attention,128,8192,128,64,1,1323.78
attention,128,8192,128,128,1,1671.65
attention,128,8192,128,256,1,2029
attention,128,8192,128,512,1,2734.59
attention,128,8192,128,1024,1,4112.84
attention,128,8192,128,2048,1,7312.31
attention,128,8192,128,4096,1,24835.2
attention,128,8192,128,8192,1,47455.5
attention,128,8192,128,16384,1,123482
attention,128,16384,0,0,1,980.864
attention,128,16384,1,16,1,986.731
attention,128,16384,1,32,1,988.417
attention,128,16384,1,64,1,987.265
attention,128,16384,1,128,1,998.048
attention,128,16384,1,256,1,1006.49
attention,128,16384,1,512,1,1019.47
attention,128,16384,1,1024,1,1049.67
attention,128,16384,1,2048,1,1107.95
attention,128,16384,1,4096,1,1227.96
attention,128,16384,1,8192,1,1464.38
attention,128,16384,1,16384,1,1938.96
attention,128,16384,2,16,1,992.706
attention,128,16384,2,32,1,993.6
attention,128,16384,2,64,1,993.888
attention,128,16384,2,128,1,1002.18
attention,128,16384,2,256,1,1008.94
attention,128,16384,2,512,1,1023.93
attention,128,16384,2,1024,1,1051.91
attention,128,16384,2,2048,1,1110.79
attention,128,16384,2,4096,1,1231.09
attention,128,16384,2,8192,1,1468.86
attention,128,16384,2,16384,1,1942.11
attention,128,16384,4,16,1,1006.58
attention,128,16384,4,32,1,1007.73
attention,128,16384,4,64,1,1008.58
attention,128,16384,4,128,1,1021.51
attention,128,16384,4,256,1,1035.61
attention,128,16384,4,512,1,1064.69
attention,128,16384,4,1024,1,1125.6
attention,128,16384,4,2048,1,1244.07
attention,128,16384,4,4096,1,1479.34
attention,128,16384,4,8192,1,1944.9
attention,128,16384,4,16384,1,2889.34
attention,128,16384,8,16,1,1036.19
attention,128,16384,8,32,1,1038.41
attention,128,16384,8,64,1,1039.59
attention,128,16384,8,128,1,1075.76
attention,128,16384,8,256,1,1111.56
attention,128,16384,8,512,1,1183.53
attention,128,16384,8,1024,1,1332.73
attention,128,16384,8,2048,1,1627.25
attention,128,16384,8,4096,1,1977.47
attention,128,16384,8,8192,1,2443.82
attention,128,16384,8,16384,1,3860.19
attention,128,16384,16,16,1,1096.37
attention,128,16384,16,32,1,1097.49
attention,128,16384,16,64,1,1100.46
attention,128,16384,16,128,1,1165.37
attention,128,16384,16,256,1,1229.8
attention,128,16384,16,512,1,1360.18
attention,128,16384,16,1024,1,1627.84
attention,128,16384,16,2048,1,2068.39
attention,128,16384,16,4096,1,2724.94
attention,128,16384,16,8192,1,3899.65
attention,128,16384,16,16384,1,6745.18
attention,128,16384,32,16,1,1211.74
attention,128,16384,32,32,1,1212.65
attention,128,16384,32,64,1,1217.34
attention,128,16384,32,128,1,1350.22
attention,128,16384,32,256,1,1483.47
attention,128,16384,32,512,1,1745.76
attention,128,16384,32,1024,1,2198.66
attention,128,16384,32,2048,1,2856.05
attention,128,16384,32,4096,1,4196.13
attention,128,16384,32,8192,1,6823.69
attention,128,16384,32,16384,1,11843.7
attention,128,16384,64,16,1,1443.58
attention,128,16384,64,32,1,1447.27
attention,128,16384,64,64,1,1457.88
attention,128,16384,64,128,1,1726.26
attention,128,16384,64,256,1,1989.28
attention,128,16384,64,512,1,2369.05
attention,128,16384,64,1024,1,3059.69
attention,128,16384,64,2048,1,4399.9
attention,128,16384,64,4096,1,7236.74
attention,128,16384,64,8192,1,14890
attention,128,16384,64,16384,1,26760.5
attention,128,16384,128,16,1,1918
attention,128,16384,128,32,1,1926.31
attention,128,16384,128,64,1,1945.55
attention,128,16384,128,128,1,2342.85
attention,128,16384,128,256,1,2708.24
attention,128,16384,128,512,1,3447.48
attention,128,16384,128,1024,1,4929.54
attention,128,16384,128,2048,1,8364.35
attention,128,16384,128,4096,1,26273.7
attention,128,16384,128,8192,1,49491.7
attention,128,16384,128,16384,1,94760.3
attention,256,0,0,0,1,51.2317
attention,256,0,1,16,1,56.1073
attention,256,0,1,32,1,55.83
attention,256,0,1,64,1,55.7857
attention,256,0,1,128,1,56.0533
attention,256,0,1,256,1,63.2743
attention,256,0,1,512,1,78.1123
attention,256,0,1,1024,1,107.766
attention,256,0,1,2048,1,167.393
attention,256,0,1,4096,1,285.548
attention,256,0,1,8192,1,521.249
attention,256,0,1,16384,1,993.952
attention,256,0,2,16,1,61.9623
attention,256,0,2,32,1,61.663
attention,256,0,2,64,1,62.303
attention,256,0,2,128,1,64.395
attention,256,0,2,256,1,71.4347
attention,256,0,2,512,1,95.882
attention,256,0,2,1024,1,129.28
attention,256,0,2,2048,1,190.143
attention,256,0,2,4096,1,309.45
attention,256,0,2,8192,1,544.683
attention,256,0,2,16384,1,1019.1
attention,256,0,4,16,1,71.3713
attention,256,0,4,32,1,71.9247
attention,256,0,4,64,1,71.8397
attention,256,0,4,128,1,77.9947
attention,256,0,4,256,1,92.928
attention,256,0,4,512,1,121.419
attention,256,0,4,1024,1,180.63
attention,256,0,4,2048,1,299.755
attention,256,0,4,4096,1,536.512
attention,256,0,4,8192,1,1009.46
attention,256,0,4,16384,1,1956.7
attention,256,0,8,16,1,93.3433
attention,256,0,8,32,1,93.195
attention,256,0,8,64,1,93.4413
attention,256,0,8,128,1,110.922
attention,256,0,8,256,1,133.376
attention,256,0,8,512,1,185.569
attention,256,0,8,1024,1,280.747
attention,256,0,8,2048,1,460.395
attention,256,0,8,4096,1,815.297
attention,256,0,8,8192,1,1525.7
attention,256,0,8,16384,1,2948.57
attention,256,0,16,16,1,133.834
attention,256,0,16,32,1,134.304
attention,256,0,16,64,1,136.363
attention,256,0,16,128,1,172.577
attention,256,0,16,256,1,215.979
attention,256,0,16,512,1,306.081
attention,256,0,16,1024,1,483.798
attention,256,0,16,2048,1,837.484
attention,256,0,16,4096,1,1548.62
attention,256,0,16,8192,1,2969.98
attention,256,0,16,16384,1,5820.04
attention,256,0,32,16,1,215.701
attention,256,0,32,32,1,216.501
attention,256,0,32,64,1,219.756
attention,256,0,32,128,1,297.089
attention,256,0,32,256,1,382.411
attention,256,0,32,512,1,551.051
attention,256,0,32,1024,1,896.566
attention,256,0,32,2048,1,1557.81
attention,256,0,32,4096,1,2866.71
attention,256,0,32,8192,1,5542.35
attention,256,0,32,16384,1,10943.3
attention,256,0,64,16,1,379.062
attention,256,0,64,32,1,381.302
attention,256,0,64,64,1,387.445
attention,256,0,64,128,1,545.783
attention,256,0,64,256,1,713.889
attention,256,0,64,512,1,1048.8
attention,256,0,64,1024,1,1730.79
attention,256,0,64,2048,1,3071.23
attention,256,0,64,4096,1,6199.91
attention,256,0,64,8192,1,12963.2
attention,256,0,64,16384,1,25580.5
attention,256,0,128,16,1,709.378
attention,256,0,128,32,1,715.618
attention,256,0,128,64,1,728.492
attention,256,0,128,128,1,1052.67
attention,256,0,128,256,1,1408.73
attention,256,0,128,512,1,2125.87
attention,256,0,128,1024,1,3567.61
attention,256,0,128,2048,1,6595.1
attention,256,0,128,4096,1,23566.1
attention,256,0,128,8192,1,46928.3
attention,256,0,128,16384,1,93665.4
attention,256,16,0,0,1,61.1307
attention,256,16,1,16,1,62.8797
attention,256,16,1,32,1,63.1997
attention,256,16,1,64,1,62.9657
attention,256,16,1,128,1,63.616
attention,256,16,1,256,1,66.7083
attention,256,16,1,512,1,81.8773
attention,256,16,1,1024,1,111.765
attention,256,16,1,2048,1,171.669
attention,256,16,1,4096,1,288.992
attention,256,16,1,8192,1,525.387
attention,256,16,1,16384,1,997.003
attention,256,16,2,16,1,69.5467
attention,256,16,2,32,1,69.5893
attention,256,16,2,64,1,70.165
attention,256,16,2,128,1,74.2823
attention,256,16,2,256,1,75.712
attention,256,16,2,512,1,97.6
attention,256,16,2,1024,1,137.493
attention,256,16,2,2048,1,197.132
attention,256,16,2,4096,1,315.574
attention,256,16,2,8192,1,553.366
attention,256,16,2,16384,1,1026.62
attention,256,16,4,16,1,80.789
attention,256,16,4,32,1,81.302
attention,256,16,4,64,1,81.6963
attention,256,16,4,128,1,87.3703
attention,256,16,4,256,1,96.3093
attention,256,16,4,512,1,126.219
attention,256,16,4,1024,1,184.618
attention,256,16,4,2048,1,302.306
attention,256,16,4,4096,1,539.403
attention,256,16,4,8192,1,1011.9
attention,256,16,4,16384,1,1959.15
attention,256,16,8,16,1,102.934
attention,256,16,8,32,1,103.253
attention,256,16,8,64,1,104.021
attention,256,16,8,128,1,121.846
attention,256,16,8,256,1,139.125
attention,256,16,8,512,1,188.128
attention,256,16,8,1024,1,288.204
attention,256,16,8,2048,1,467.797
attention,256,16,8,4096,1,821.751
attention,256,16,8,8192,1,1532.12
attention,256,16,8,16384,1,2955.28
attention,256,16,16,16,1,144.257
attention,256,16,16,32,1,144.81
attention,256,16,16,64,1,146.251
attention,256,16,16,128,1,183.019
attention,256,16,16,256,1,220.939
attention,256,16,16,512,1,311.605
attention,256,16,16,1024,1,487.883
attention,256,16,16,2048,1,841.323
attention,256,16,16,4096,1,1552.06
attention,256,16,16,8192,1,2973.54
attention,256,16,16,16384,1,5822.87
attention,256,16,32,16,1,226.091
attention,256,16,32,32,1,227.083
attention,256,16,32,64,1,230.251
attention,256,16,32,128,1,307.094
attention,256,16,32,256,1,388.524
attention,256,16,32,512,1,555.713
attention,256,16,32,1024,1,900.086
attention,256,16,32,2048,1,1567.29
attention,256,16,32,4096,1,2876.24
attention,256,16,32,8192,1,5546.88
attention,256,16,32,16384,1,10949.6
attention,256,16,64,16,1,389.453
attention,256,16,64,32,1,391.818
attention,256,16,64,64,1,398.08
attention,256,16,64,128,1,556.535
attention,256,16,64,256,1,720.075
attention,256,16,64,512,1,1053.56
attention,256,16,64,1024,1,1735.92
attention,256,16,64,2048,1,3078.17
attention,256,16,64,4096,1,6194.31
attention,256,16,64,8192,1,12966.9
attention,256,16,64,16384,1,25586.3
attention,256,16,128,16,1,720.32
attention,256,16,128,32,1,725.973
attention,256,16,128,64,1,738.849
attention,256,16,128,128,1,1064.07
attention,256,16,128,256,1,1415.03
attention,256,16,128,512,1,2131.82
attention,256,16,128,1024,1,3576.74
attention,256,16,128,2048,1,6556.9
attention,256,16,128,4096,1,23567.2
attention,256,16,128,8192,1,46936.9
attention,256,16,128,16384,1,93674.2
attention,256,32,0,0,1,61.3447
attention,256,32,1,16,1,63.0293
attention,256,32,1,32,1,62.9117
attention,256,32,1,64,1,63.178
attention,256,32,1,128,1,63.3387
attention,256,32,1,256,1,66.9323
attention,256,32,1,512,1,81.7813
attention,256,32,1,1024,1,111.798
attention,256,32,1,2048,1,171.371
attention,256,32,1,4096,1,289.046
attention,256,32,1,8192,1,525.164
attention,256,32,1,16384,1,997.291
attention,256,32,2,16,1,69.6637
attention,256,32,2,32,1,69.7593
attention,256,32,2,64,1,70.5817
attention,256,32,2,128,1,74.753
attention,256,32,2,256,1,75.9043
attention,256,32,2,512,1,97.5893
attention,256,32,2,1024,1,136.961
attention,256,32,2,2048,1,197.514
attention,256,32,2,4096,1,315.84
attention,256,32,2,8192,1,552.832
attention,256,32,2,16384,1,1025.22
attention,256,32,4,16,1,81.1517
attention,256,32,4,32,1,81.5247
attention,256,32,4,64,1,82.2617
attention,256,32,4,128,1,87.6577
attention,256,32,4,256,1,96.2347
attention,256,32,4,512,1,126.443
attention,256,32,4,1024,1,184.449
attention,256,32,4,2048,1,302.443
attention,256,32,4,4096,1,538.837
attention,256,32,4,8192,1,1012.59
attention,256,32,4,16384,1,1959.53
attention,256,32,8,16,1,102.805
attention,256,32,8,32,1,103.403
attention,256,32,8,64,1,104.097
attention,256,32,8,128,1,121.536
attention,256,32,8,256,1,139.349
attention,256,32,8,512,1,187.671
attention,256,32,8,1024,1,289.397
attention,256,32,8,2048,1,465.792
attention,256,32,8,4096,1,821.825
attention,256,32,8,8192,1,1532.55
attention,256,32,8,16384,1,2953.83
attention,256,32,16,16,1,144.043
attention,256,32,16,32,1,145.387
attention,256,32,16,64,1,146.902
attention,256,32,16,128,1,184.106
attention,256,32,16,256,1,221.888
attention,256,32,16,512,1,311.734
attention,256,32,16,1024,1,487.894
attention,256,32,16,2048,1,841.975
attention,256,32,16,4096,1,1552.33
attention,256,32,16,8192,1,2973.85
attention,256,32,16,16384,1,5823.47
attention,256,32,32,16,1,225.707
attention,256,32,32,32,1,227.306
attention,256,32,32,64,1,231.22
attention,256,32,32,128,1,307.541
attention,256,32,32,256,1,387.126
attention,256,32,32,512,1,555.403
attention,256,32,32,1024,1,899.223
attention,256,32,32,2048,1,1568.1
attention,256,32,32,4096,1,2878.28
attention,256,32,32,8192,1,5546.52
attention,256,32,32,16384,1,10947.1
attention,256,32,64,16,1,389.792
attention,256,32,64,32,1,392.33
attention,256,32,64,64,1,398.624
attention,256,32,64,128,1,556.907
attention,256,32,64,256,1,719.414
attention,256,32,64,512,1,1054.53
attention,256,32,64,1024,1,1735.75
attention,256,32,64,2048,1,3076.25
attention,256,32,64,4096,1,6195.8
attention,256,32,64,8192,1,12960.6
attention,256,32,64,16384,1,25581.3
attention,256,32,128,16,1,720.515
attention,256,32,128,32,1,726.698
attention,256,32,128,64,1,739.841
attention,256,32,128,128,1,1064.21
attention,256,32,128,256,1,1414.58
attention,256,32,128,512,1,2132.1
attention,256,32,128,1024,1,3577.66
attention,256,32,128,2048,1,6559.73
attention,256,32,128,4096,1,23563.8
attention,256,32,128,8192,1,46934.2
attention,256,32,128,16384,1,93677.8
attention,256,64,0,0,1,61.8347
attention,256,64,1,16,1,63.3077
attention,256,64,1,32,1,63.499
attention,256,64,1,64,1,63.5623
attention,256,64,1,128,1,63.583
attention,256,64,1,256,1,67.4773
attention,256,64,1,512,1,82.1757
attention,256,64,1,1024,1,112.235
attention,256,64,1,2048,1,171.925
attention,256,64,1,4096,1,289.824
attention,256,64,1,8192,1,525.271
attention,256,64,1,16384,1,997.677
attention,256,64,2,16,1,69.9523
attention,256,64,2,32,1,70.422
attention,256,64,2,64,1,70.4003
attention,256,64,2,128,1,74.709
attention,256,64,2,256,1,76.3947
attention,256,64,2,512,1,97.7177
attention,256,64,2,1024,1,137.087
attention,256,64,2,2048,1,197.515
attention,256,64,2,4096,1,316.033
attention,256,64,2,8192,1,552.896
attention,256,64,2,16384,1,1027.24
attention,256,64,4,16,1,81.4933
attention,256,64,4,32,1,81.8453
attention,256,64,4,64,1,82.3893
attention,256,64,4,128,1,88.1067
attention,256,64,4,256,1,96.9593
attention,256,64,4,512,1,126.592
attention,256,64,4,1024,1,185.173
attention,256,64,4,2048,1,303.264
attention,256,64,4,4096,1,539.413
attention,256,64,4,8192,1,1011.86
attention,256,64,4,16384,1,1959.29
attention,256,64,8,16,1,103.541
attention,256,64,8,32,1,103.872
attention,256,64,8,64,1,104.66
attention,256,64,8,128,1,122.251
attention,256,64,8,256,1,139.809
attention,256,64,8,512,1,188.577
attention,256,64,8,1024,1,289.665
attention,256,64,8,2048,1,466.88
attention,256,64,8,4096,1,821.75
attention,256,64,8,8192,1,1531.63
attention,256,64,8,16384,1,2954.41
attention,256,64,16,16,1,145.292
attention,256,64,16,32,1,145.6
attention,256,64,16,64,1,147.211
attention,256,64,16,128,1,183.861
attention,256,64,16,256,1,221.792
attention,256,64,16,512,1,311.382
attention,256,64,16,1024,1,487.947
attention,256,64,16,2048,1,842.071
attention,256,64,16,4096,1,1552.65
attention,256,64,16,8192,1,2973.62
attention,256,64,16,16384,1,5825.25
attention,256,64,32,16,1,226.741
attention,256,64,32,32,1,227.947
attention,256,64,32,64,1,231.819
attention,256,64,32,128,1,308.288
attention,256,64,32,256,1,387.244
attention,256,64,32,512,1,555.595
attention,256,64,32,1024,1,898.967
attention,256,64,32,2048,1,1568.68
attention,256,64,32,4096,1,2877.89
attention,256,64,32,8192,1,5548.33
attention,256,64,32,16384,1,10947
attention,256,64,64,16,1,390.198
attention,256,64,64,32,1,392.896
attention,256,64,64,64,1,399.605
attention,256,64,64,128,1,557.376
attention,256,64,64,256,1,720.022
attention,256,64,64,512,1,1053.8
attention,256,64,64,1024,1,1734.64
attention,256,64,64,2048,1,3077.47
attention,256,64,64,4096,1,6195.99
attention,256,64,64,8192,1,12965.3
attention,256,64,64,16384,1,25587.5
attention,256,64,128,16,1,721.355
attention,256,64,128,32,1,726.667
attention,256,64,128,64,1,740.236
attention,256,64,128,128,1,1064
attention,256,64,128,256,1,1415.05
attention,256,64,128,512,1,2133
attention,256,64,128,1024,1,3577.8
attention,256,64,128,2048,1,6559.12
attention,256,64,128,4096,1,23569.9
attention,256,64,128,8192,1,46931.9
attention,256,64,128,16384,1,93676.4
attention,256,128,0,0,1,67.605
attention,256,128,1,16,1,70.1437
attention,256,128,1,32,1,70.006
attention,256,128,1,64,1,70.5923
attention,256,128,1,128,1,70.315
attention,256,128,1,256,1,70.4853
attention,256,128,1,512,1,85.6647
attention,256,128,1,1024,1,115.764
attention,256,128,1,2048,1,174.998
attention,256,128,1,4096,1,293.334
attention,256,128,1,8192,1,529.301
attention,256,128,1,16384,1,1002.35
attention,256,128,2,16,1,73.4723
attention,256,128,2,32,1,73.5253
attention,256,128,2,64,1,73.4073
attention,256,128,2,128,1,83.5733
attention,256,128,2,256,1,88.4693
attention,256,128,2,512,1,102.464
attention,256,128,2,1024,1,145.111
attention,256,128,2,2048,1,205.749
attention,256,128,2,4096,1,323.925
attention,256,128,2,8192,1,560.992
attention,256,128,2,16384,1,1034.73
attention,256,128,4,16,1,86.8267
attention,256,128,4,32,1,86.4313
attention,256,128,4,64,1,86.7943
attention,256,128,4,128,1,94.2723
attention,256,128,4,256,1,100.832
attention,256,128,4,512,1,131.318
attention,256,128,4,1024,1,190.379
attention,256,128,4,2048,1,307.851
attention,256,128,4,4096,1,544.438
attention,256,128,4,8192,1,1017.5
attention,256,128,4,16384,1,1963.79
attention,256,128,8,16,1,108.683
attention,256,128,8,32,1,109.354
attention,256,128,8,64,1,110.176
attention,256,128,8,128,1,129.942
attention,256,128,8,256,1,149.045
attention,256,128,8,512,1,193.131
attention,256,128,8,1024,1,297.675
attention,256,128,8,2048,1,474.57
attention,256,128,8,4096,1,829.174
attention,256,128,8,8192,1,1540.96
attention,256,128,8,16384,1,2961.94
attention,256,128,16,16,1,150.698
attention,256,128,16,32,1,151.52
attention,256,128,16,64,1,153.483
attention,256,128,16,128,1,191.861
attention,256,128,16,256,1,227.157
attention,256,128,16,512,1,316.31
attention,256,128,16,1024,1,493.173
attention,256,128,16,2048,1,845.995
attention,256,128,16,4096,1,1556.22
attention,256,128,16,8192,1,2978.91
attention,256,128,16,16384,1,5827.4
attention,256,128,32,16,1,232.843
attention,256,128,32,32,1,234.582
attention,256,128,32,64,1,238.571
attention,256,128,32,128,1,315.276
attention,256,128,32,256,1,393.889
attention,256,128,32,512,1,561.825
attention,256,128,32,1024,1,903.629
attention,256,128,32,2048,1,1579.81
attention,256,128,32,4096,1,2888.75
attention,256,128,32,8192,1,5552.97
attention,256,128,32,16384,1,10953
attention,256,128,64,16,1,396.406
attention,256,128,64,32,1,399.147
attention,256,128,64,64,1,405.451
attention,256,128,64,128,1,564.161
attention,256,128,64,256,1,727.393
attention,256,128,64,512,1,1059.37
attention,256,128,64,1024,1,1740.87
attention,256,128,64,2048,1,3085.04
attention,256,128,64,4096,1,6197.52
attention,256,128,64,8192,1,12966.2
attention,256,128,64,16384,1,25587.7
attention,256,128,128,16,1,728.075
attention,256,128,128,32,1,733.452
attention,256,128,128,64,1,746.881
attention,256,128,128,128,1,1071.36
attention,256,128,128,256,1,1421.97
attention,256,128,128,512,1,2137.29
attention,256,128,128,1024,1,3588.08
attention,256,128,128,2048,1,6539.13
attention,256,128,128,4096,1,23570.8
attention,256,128,128,8192,1,46930.8
attention,256,128,128,16384,1,93678.7
attention,256,256,0,0,1,82.0693
attention,256,256,1,16,1,84.608
attention,256,256,1,32,1,84.2667
attention,256,256,1,64,1,84.64
attention,256,256,1,128,1,84.609
attention,256,256,1,256,1,84.3087
attention,256,256,1,512,1,92.4267
attention,256,256,1,1024,1,123.168
attention,256,256,1,2048,1,182.849
attention,256,256,1,4096,1,301.291
attention,256,256,1,8192,1,539.147
attention,256,256,1,16384,1,1010.8
attention,256,256,2,16,1,87.1573
attention,256,256,2,32,1,87.285
attention,256,256,2,64,1,87.2753
attention,256,256,2,128,1,92.4693
attention,256,256,2,256,1,105.877
attention,256,256,2,512,1,116.128
attention,256,256,2,1024,1,156.384
attention,256,256,2,2048,1,220.618
attention,256,256,2,4096,1,339.125
attention,256,256,2,8192,1,575.84
attention,256,256,2,16384,1,1050.54
attention,256,256,4,16,1,100.641
attention,256,256,4,32,1,100.598
attention,256,256,4,64,1,101.301
attention,256,256,4,128,1,110.912
attention,256,256,4,256,1,116.715
attention,256,256,4,512,1,138.144
attention,256,256,4,1024,1,198.72
attention,256,256,4,2048,1,315.947
attention,256,256,4,4096,1,551.531
attention,256,256,4,8192,1,1024.17
attention,256,256,4,16384,1,1971.68
attention,256,256,8,16,1,124.266
attention,256,256,8,32,1,124.651
attention,256,256,8,64,1,125.494
attention,256,256,8,128,1,145.004
attention,256,256,8,256,1,166.902
attention,256,256,8,512,1,206.815
attention,256,256,8,1024,1,307.008
attention,256,256,8,2048,1,489.27
attention,256,256,8,4096,1,845.226
attention,256,256,8,8192,1,1554.05
attention,256,256,8,16384,1,2979.12
attention,256,256,16,16,1,167.392
attention,256,256,16,32,1,167.861
attention,256,256,16,64,1,169.121
attention,256,256,16,128,1,208.16
attention,256,256,16,256,1,246.731
attention,256,256,16,512,1,322.402
attention,256,256,16,1024,1,502.444
attention,256,256,16,2048,1,854.561
attention,256,256,16,4096,1,1563.77
attention,256,256,16,8192,1,2986.68
attention,256,256,16,16384,1,5836.01
attention,256,256,32,16,1,250.518
attention,256,256,32,32,1,251.009
attention,256,256,32,64,1,254.26
attention,256,256,32,128,1,332.182
attention,256,256,32,256,1,411.445
attention,256,256,32,512,1,572.523
attention,256,256,32,1024,1,910.944
attention,256,256,32,2048,1,1599.32
attention,256,256,32,4096,1,2908.77
attention,256,256,32,8192,1,5566.97
attention,256,256,32,16384,1,10962.9
attention,256,256,64,16,1,413.174
attention,256,256,64,32,1,416.236
attention,256,256,64,64,1,422.635
attention,256,256,64,128,1,581.697
attention,256,256,64,256,1,744.439
attention,256,256,64,512,1,1068.38
attention,256,256,64,1024,1,1750.1
attention,256,256,64,2048,1,3097.59
attention,256,256,64,4096,1,6198.56
attention,256,256,64,8192,1,12970.8
attention,256,256,64,16384,1,25584.7
attention,256,256,128,16,1,745.856
attention,256,256,128,32,1,750.753
attention,256,256,128,64,1,763.905
attention,256,256,128,128,1,1088.39
attention,256,256,128,256,1,1439.28
attention,256,256,128,512,1,2149.32
attention,256,256,128,1024,1,3602.72
attention,256,256,128,2048,1,6510.88
attention,256,256,128,4096,1,23581.5
attention,256,256,128,8192,1,46949.5
attention,256,256,128,16384,1,93680.9
attention,256,512,0,0,1,112.597
attention,256,512,1,16,1,114.507
attention,256,512,1,32,1,114.358
attention,256,512,1,64,1,114.913
attention,256,512,1,128,1,114.379
attention,256,512,1,256,1,114.902
attention,256,512,1,512,1,115.04
attention,256,512,1,1024,1,139.008
attention,256,512,1,2048,1,199.115
attention,256,512,1,4096,1,317.067
attention,256,512,1,8192,1,553.506
attention,256,512,1,16384,1,1025.48
attention,256,512,2,16,1,116.427
attention,256,512,2,32,1,116.651
attention,256,512,2,64,1,116.768
attention,256,512,2,128,1,117.248
attention,256,512,2,256,1,123.179
attention,256,512,2,512,1,151.733
attention,256,512,2,1024,1,177.568
attention,256,512,2,2048,1,252.161
attention,256,512,2,4096,1,369.185
attention,256,512,2,8192,1,606.379
attention,256,512,2,16384,1,1081.7
attention,256,512,4,16,1,129.546
attention,256,512,4,32,1,129.322
attention,256,512,4,64,1,129.835
attention,256,512,4,128,1,138.773
attention,256,512,4,256,1,149.792
attention,256,512,4,512,1,162.495
attention,256,512,4,1024,1,217.363
attention,256,512,4,2048,1,333.484
attention,256,512,4,4096,1,567.105
attention,256,512,4,8192,1,1040.77
attention,256,512,4,16384,1,1986.71
attention,256,512,8,16,1,154.144
attention,256,512,8,32,1,154.358
attention,256,512,8,64,1,155.232
attention,256,512,8,128,1,176.321
attention,256,512,8,256,1,196.63
attention,256,512,8,512,1,240.245
attention,256,512,8,1024,1,319.637
attention,256,512,8,2048,1,520.161
attention,256,512,8,4096,1,873.365
attention,256,512,8,8192,1,1583.7
attention,256,512,8,16384,1,3007.05
attention,256,512,16,16,1,198.219
attention,256,512,16,32,1,198.965
attention,256,512,16,64,1,200.629
attention,256,512,16,128,1,240.107
attention,256,512,16,256,1,279.615
attention,256,512,16,512,1,350.41
attention,256,512,16,1024,1,525.815
attention,256,512,16,2048,1,871.809
attention,256,512,16,4096,1,1578.99
attention,256,512,16,8192,1,3000.63
attention,256,512,16,16384,1,5850.64
attention,256,512,32,16,1,282.368
attention,256,512,32,32,1,283.83
attention,256,512,32,64,1,286.645
attention,256,512,32,128,1,365.579
attention,256,512,32,256,1,445.568
attention,256,512,32,512,1,601.995
attention,256,512,32,1024,1,935.638
attention,256,512,32,2048,1,1612.42
attention,256,512,32,4096,1,2951.88
attention,256,512,32,8192,1,5601.52
attention,256,512,32,16384,1,10983.4
attention,256,512,64,16,1,447.392
attention,256,512,64,32,1,450.187
attention,256,512,64,64,1,455.903
attention,256,512,64,128,1,615.648
attention,256,512,64,256,1,779.191
attention,256,512,64,512,1,1097.59
attention,256,512,64,1024,1,1768.12
attention,256,512,64,2048,1,3120.84
attention,256,512,64,4096,1,6198.31
attention,256,512,64,8192,1,12974.2
attention,256,512,64,16384,1,25593.6
attention,256,512,128,16,1,779.329
attention,256,512,128,32,1,785.088
attention,256,512,128,64,1,798.177
attention,256,512,128,128,1,1123
attention,256,512,128,256,1,1471.9
attention,256,512,128,512,1,2179.37
attention,256,512,128,1024,1,3630.41
attention,256,512,128,2048,1,6507.89
attention,256,512,128,4096,1,23595.7
attention,256,512,128,8192,1,46950.4
attention,256,512,128,16384,1,93695.2
attention,256,1024,0,0,1,175.071
attention,256,1024,1,16,1,176.321
attention,256,1024,1,32,1,176.512
attention,256,1024,1,64,1,176.853
attention,256,1024,1,128,1,175.979
attention,256,1024,1,256,1,176.096
attention,256,1024,1,512,1,176.64
attention,256,1024,1,1024,1,177.301
attention,256,1024,1,2048,1,231.168
attention,256,1024,1,4096,1,349.857
attention,256,1024,1,8192,1,586.018
attention,256,1024,1,16384,1,1058
attention,256,1024,2,16,1,178.058
attention,256,1024,2,32,1,178.165
attention,256,1024,2,64,1,178.273
attention,256,1024,2,128,1,178.998
attention,256,1024,2,256,1,179.521
attention,256,1024,2,512,1,184.8
attention,256,1024,2,1024,1,244.598
attention,256,1024,2,2048,1,298.24
attention,256,1024,2,4096,1,430.677
attention,256,1024,2,8192,1,667.179
attention,256,1024,2,16384,1,1138.68
attention,256,1024,4,16,1,189.227
attention,256,1024,4,32,1,189.375
attention,256,1024,4,64,1,189.813
attention,256,1024,4,128,1,198.785
attention,256,1024,4,256,1,208.321
attention,256,1024,4,512,1,227.2
attention,256,1024,4,1024,1,254.656
attention,256,1024,4,2048,1,368.299
attention,256,1024,4,4096,1,599.243
attention,256,1024,4,8192,1,1070.18
attention,256,1024,4,16384,1,2016.87
attention,256,1024,8,16,1,211.862
attention,256,1024,8,32,1,212.405
attention,256,1024,8,64,1,212.896
attention,256,1024,8,128,1,236.875
attention,256,1024,8,256,1,258.433
attention,256,1024,8,512,1,301.546
attention,256,1024,8,1024,1,390.689
attention,256,1024,8,2048,1,552.567
attention,256,1024,8,4096,1,933.388
attention,256,1024,8,8192,1,1643.67
attention,256,1024,8,16384,1,3065.7
attention,256,1024,16,16,1,259.436
attention,256,1024,16,32,1,259.776
attention,256,1024,16,64,1,262.326
attention,256,1024,16,128,1,302.891
attention,256,1024,16,256,1,343.457
attention,256,1024,16,512,1,421.995
attention,256,1024,16,1024,1,561.344
attention,256,1024,16,2048,1,919.233
attention,256,1024,16,4096,1,1611.38
attention,256,1024,16,8192,1,3030.91
attention,256,1024,16,16384,1,5881.24
attention,256,1024,32,16,1,345.376
attention,256,1024,32,32,1,347.403
attention,256,1024,32,64,1,351.936
attention,256,1024,32,128,1,430.432
attention,256,1024,32,256,1,512.054
attention,256,1024,32,512,1,668.384
attention,256,1024,32,1024,1,988.94
attention,256,1024,32,2048,1,1648.3
attention,256,1024,32,4096,1,3030.05
attention,256,1024,32,8192,1,5687.5
attention,256,1024,32,16384,1,11021.8
attention,256,1024,64,16,1,513.131
attention,256,1024,64,32,1,515.81
attention,256,1024,64,64,1,521.995
attention,256,1024,64,128,1,682.615
attention,256,1024,64,256,1,846.177
attention,256,1024,64,512,1,1169.18
attention,256,1024,64,1024,1,1817.28
attention,256,1024,64,2048,1,3153.76
attention,256,1024,64,4096,1,6178.07
attention,256,1024,64,8192,1,12993.2
attention,256,1024,64,16384,1,25610.6
attention,256,1024,128,16,1,847.382
attention,256,1024,128,32,1,853.505
attention,256,1024,128,64,1,866.401
attention,256,1024,128,128,1,1191.29
attention,256,1024,128,256,1,1541.33
attention,256,1024,128,512,1,2238.17
attention,256,1024,128,1024,1,3683.43
attention,256,1024,128,2048,1,6603.17
attention,256,1024,128,4096,1,23622.5
attention,256,1024,128,8192,1,46986.7
attention,256,1024,128,16384,1,93729.2
attention,256,2048,0,0,1,293.931
attention,256,2048,1,16,1,297.067
attention,256,2048,1,32,1,296.629
attention,256,2048,1,64,1,297.27
attention,256,2048,1,128,1,297.708
attention,256,2048,1,256,1,296.661
attention,256,2048,1,512,1,296.939
attention,256,2048,1,1024,1,296.971
attention,256,2048,1,2048,1,297.813
attention,256,2048,1,4096,1,411.136
attention,256,2048,1,8192,1,647.947
attention,256,2048,1,16384,1,1119.73
attention,256,2048,2,16,1,299.254
attention,256,2048,2,32,1,299.456
attention,256,2048,2,64,1,299.328
attention,256,2048,2,128,1,299.573
attention,256,2048,2,256,1,299.062
attention,256,2048,2,512,1,300.533
attention,256,2048,2,1024,1,307.072
attention,256,2048,2,2048,1,423.212
attention,256,2048,2,4096,1,535.927
attention,256,2048,2,8192,1,785.601
attention,256,2048,2,16384,1,1258.71
attention,256,2048,4,16,1,309.888
attention,256,2048,4,32,1,310.262
attention,256,2048,4,64,1,310.209
attention,256,2048,4,128,1,317.098
attention,256,2048,4,256,1,325.291
attention,256,2048,4,512,1,341.547
attention,256,2048,4,1024,1,376.682
attention,256,2048,4,2048,1,432.854
attention,256,2048,4,4096,1,665.462
attention,256,2048,4,8192,1,1133.01
attention,256,2048,4,16384,1,2078.22
attention,256,2048,8,16,1,330.134
attention,256,2048,8,32,1,330.741
attention,256,2048,8,64,1,331.402
attention,256,2048,8,128,1,348.074
attention,256,2048,8,256,1,367.531
attention,256,2048,8,512,1,426.444
attention,256,2048,8,1024,1,510.444
attention,256,2048,8,2048,1,687.958
attention,256,2048,8,4096,1,1026.83
attention,256,2048,8,8192,1,1763.71
attention,256,2048,8,16384,1,3184.55
attention,256,2048,16,16,1,373.249
attention,256,2048,16,32,1,374.039
attention,256,2048,16,64,1,375.008
attention,256,2048,16,128,1,421.749
attention,256,2048,16,256,1,465.227
attention,256,2048,16,512,1,551.51
attention,256,2048,16,1024,1,704.001
attention,256,2048,16,2048,1,976.108
attention,256,2048,16,4096,1,1691.01
attention,256,2048,16,8192,1,3094.98
attention,256,2048,16,16384,1,5941.44
attention,256,2048,32,16,1,467.212
attention,256,2048,32,32,1,468.352
attention,256,2048,32,64,1,473.035
attention,256,2048,32,128,1,555.019
attention,256,2048,32,256,1,638.112
attention,256,2048,32,512,1,794.274
attention,256,2048,32,1024,1,1113.85
attention,256,2048,32,2048,1,1762.03
attention,256,2048,32,4096,1,3073.23
attention,256,2048,32,8192,1,6006.51
attention,256,2048,32,16384,1,11502.2
attention,256,2048,64,16,1,639.468
attention,256,2048,64,32,1,642.092
attention,256,2048,64,64,1,648.651
attention,256,2048,64,128,1,811.5
attention,256,2048,64,256,1,977.345
attention,256,2048,64,512,1,1300.13
attention,256,2048,64,1024,1,1963.42
attention,256,2048,64,2048,1,3255.53
attention,256,2048,64,4096,1,6261.97
attention,256,2048,64,8192,1,13180.2
attention,256,2048,64,16384,1,26877.5
attention,256,2048,128,16,1,978.904
attention,256,2048,128,32,1,985.238
attention,256,2048,128,64,1,998.06
attention,256,2048,128,128,1,1326.13
attention,256,2048,128,256,1,1673.72
attention,256,2048,128,512,1,2374.64
attention,256,2048,128,1024,1,3776
attention,256,2048,128,2048,1,7009.88
attention,256,2048,128,4096,1,24806.1
attention,256,2048,128,8192,1,55023
attention,256,2048,128,16384,1,99490.8
attention,256,4096,0,0,1,531.179
attention,256,4096,1,16,1,531.831
attention,256,4096,1,32,1,532.342
attention,256,4096,1,64,1,533.206
attention,256,4096,1,128,1,531.125
attention,256,4096,1,256,1,532.405
attention,256,4096,1,512,1,532.258
attention,256,4096,1,1024,1,530.337
attention,256,4096,1,2048,1,532.331
attention,256,4096,1,4096,1,532.19
attention,256,4096,1,8192,1,764.981
attention,256,4096,1,16384,1,1236.93
attention,256,4096,2,16,1,534.273
attention,256,4096,2,32,1,534.113
attention,256,4096,2,64,1,534.39
attention,256,4096,2,128,1,533.888
attention,256,4096,2,256,1,534.123
attention,256,4096,2,512,1,533.868
attention,256,4096,2,1024,1,533.824
attention,256,4096,2,2048,1,541.451
attention,256,4096,2,4096,1,776.406
attention,256,4096,2,8192,1,1006.82
attention,256,4096,2,16384,1,1491.79
attention,256,4096,4,16,1,544.427
attention,256,4096,4,32,1,544.939
attention,256,4096,4,64,1,545.077
attention,256,4096,4,128,1,551.863
attention,256,4096,4,256,1,558.7
attention,256,4096,4,512,1,573.258
attention,256,4096,4,1024,1,604.48
attention,256,4096,4,2048,1,671.031
attention,256,4096,4,4096,1,788.662
attention,256,4096,4,8192,1,1256.59
attention,256,4096,4,16384,1,2196.76
attention,256,4096,8,16,1,564.427
attention,256,4096,8,32,1,564.577
attention,256,4096,8,64,1,565.067
attention,256,4096,8,128,1,579.189
attention,256,4096,8,256,1,593.771
attention,256,4096,8,512,1,627.286
attention,256,4096,8,1024,1,743.51
attention,256,4096,8,2048,1,921.355
attention,256,4096,8,4096,1,1277.9
attention,256,4096,8,8192,1,1973.58
attention,256,4096,8,16384,1,3419.72
attention,256,4096,16,16,1,603.637
attention,256,4096,16,32,1,603.647
attention,256,4096,16,64,1,604.748
attention,256,4096,16,128,1,643.339
attention,256,4096,16,256,1,685.28
attention,256,4096,16,512,1,782.946
attention,256,4096,16,1024,1,945.783
attention,256,4096,16,2048,1,1238.07
attention,256,4096,16,4096,1,1802.68
attention,256,4096,16,8192,1,3229.64
attention,256,4096,16,16384,1,6106.28
attention,256,4096,32,16,1,689.505
attention,256,4096,32,32,1,690.486
attention,256,4096,32,64,1,693.153
attention,256,4096,32,128,1,786.337
attention,256,4096,32,256,1,875.627
attention,256,4096,32,512,1,1045
attention,256,4096,32,1024,1,1370.34
attention,256,4096,32,2048,1,2006.74
attention,256,4096,32,4096,1,3304.24
attention,256,4096,32,8192,1,5965.72
attention,256,4096,32,16384,1,15715.1
attention,256,4096,64,16,1,878.614
attention,256,4096,64,32,1,881.579
attention,256,4096,64,64,1,888.268
attention,256,4096,64,128,1,1058.09
attention,256,4096,64,256,1,1226.2
attention,256,4096,64,512,1,1556.42
attention,256,4096,64,1024,1,2221.61
attention,256,4096,64,2048,1,3547.33
attention,256,4096,64,4096,1,6863.31
attention,256,4096,64,8192,1,17663.8
attention,256,4096,64,16384,1,52458.2
attention,256,4096,128,16,1,1231.39
attention,256,4096,128,32,1,1237.85
attention,256,4096,128,64,1,1250.75
attention,256,4096,128,128,1,1583.75
attention,256,4096,128,256,1,1932.54
attention,256,4096,128,512,1,2633.3
attention,256,4096,128,1024,1,4065.2
attention,256,4096,128,2048,1,7257.59
attention,256,4096,128,4096,1,24484.7
attention,256,4096,128,8192,1,64192.7
attention,256,4096,128,16384,1,128767
attention,256,8192,0,0,1,999.851
attention,256,8192,1,16,1,1000.59
attention,256,8192,1,32,1,1000.12
attention,256,8192,1,64,1,1000.76
attention,256,8192,1,128,1,999.968
attention,256,8192,1,256,1,1000
attention,256,8192,1,512,1,1000.36
attention,256,8192,1,1024,1,999.745
attention,256,8192,1,2048,1,1000.53
attention,256,8192,1,4096,1,1001.42
attention,256,8192,1,8192,1,1004.95
attention,256,8192,1,16384,1,1472.05
attention,256,8192,2,16,1,1004.74
attention,256,8192,2,32,1,1003.39
attention,256,8192,2,64,1,1003.78
attention,256,8192,2,128,1,1004.11
attention,256,8192,2,256,1,1003.53
attention,256,8192,2,512,1,1004.95
attention,256,8192,2,1024,1,1003.87
attention,256,8192,2,2048,1,1004.08
attention,256,8192,2,4096,1,1014.38
attention,256,8192,2,8192,1,1481.69
attention,256,8192,2,16384,1,1948.62
attention,256,8192,4,16,1,1013.43
attention,256,8192,4,32,1,1014.01
attention,256,8192,4,64,1,1013.81
attention,256,8192,4,128,1,1021.36
attention,256,8192,4,256,1,1027.83
attention,256,8192,4,512,1,1042.71
attention,256,8192,4,1024,1,1072.69
attention,256,8192,4,2048,1,1133.89
attention,256,8192,4,4096,1,1260.69
attention,256,8192,4,8192,1,1494.48
attention,256,8192,4,16384,1,2439.35
attention,256,8192,8,16,1,1033.13
attention,256,8192,8,32,1,1033.41
attention,256,8192,8,64,1,1034.26
attention,256,8192,8,128,1,1047.93
attention,256,8192,8,256,1,1061.56
attention,256,8192,8,512,1,1091.98
attention,256,8192,8,1024,1,1157.2
attention,256,8192,8,2048,1,1390.92
attention,256,8192,8,4096,1,1745.71
attention,256,8192,8,8192,1,2457.81
attention,256,8192,8,16384,1,3866.26
attention,256,8192,16,16,1,1072.26
attention,256,8192,16,32,1,1073.94
attention,256,8192,16,64,1,1074.36
attention,256,8192,16,128,1,1108.2
attention,256,8192,16,256,1,1146.05
attention,256,8192,16,512,1,1224.11
attention,256,8192,16,1024,1,1396.15
attention,256,8192,16,2048,1,1761.96
attention,256,8192,16,4096,1,2304.92
attention,256,8192,16,8192,1,3461.23
attention,256,8192,16,16384,1,6318.65
attention,256,8192,32,16,1,1151.16
attention,256,8192,32,32,1,1152.65
attention,256,8192,32,64,1,1154.02
attention,256,8192,32,128,1,1234.72
attention,256,8192,32,256,1,1323.78
attention,256,8192,32,512,1,1505.75
attention,256,8192,32,1024,1,1859.12
attention,256,8192,32,2048,1,2507.31
attention,256,8192,32,4096,1,3782.34
attention,256,8192,32,8192,1,6443.44
attention,256,8192,32,16384,1,12972.9
attention,256,8192,64,16,1,1324.32
attention,256,8192,64,32,1,1327.34
attention,256,8192,64,64,1,1332.76
attention,256,8192,64,128,1,1521.2
attention,256,8192,64,256,1,1705.71
attention,256,8192,64,512,1,2047.53
attention,256,8192,64,1024,1,2722.42
attention,256,8192,64,2048,1,4046.56
attention,256,8192,64,4096,1,7003.88
attention,256,8192,64,8192,1,14303.7
attention,256,8192,64,16384,1,48915.5
attention,256,8192,128,16,1,1714.56
attention,256,8192,128,32,1,1720.31
attention,256,8192,128,64,1,1732.4
attention,256,8192,128,128,1,2080.31
attention,256,8192,128,256,1,2429.88
attention,256,8192,128,512,1,3149.9
attention,256,8192,128,1024,1,4566.47
attention,256,8192,128,2048,1,7558.29
attention,256,8192,128,4096,1,25503.4
attention,256,8192,128,8192,1,48767.7
attention,256,8192,128,16384,1,128353
attention,256,16384,0,0,1,1944.42
attention,256,16384,1,16,1,1943.54
attention,256,16384,1,32,1,1944.02
attention,256,16384,1,64,1,1944.17
attention,256,16384,1,128,1,1943.78
attention,256,16384,1,256,1,1943.59
attention,256,16384,1,512,1,1943.88
attention,256,16384,1,1024,1,1943.12
attention,256,16384,1,2048,1,1943.76
attention,256,16384,1,4096,1,1944.16
attention,256,16384,1,8192,1,1945.34
attention,256,16384,1,16384,1,1954.12
attention,256,16384,2,16,1,1946.74
attention,256,16384,2,32,1,1947.4
attention,256,16384,2,64,1,1946.85
attention,256,16384,2,128,1,1946.73
attention,256,16384,2,256,1,1946.77
attention,256,16384,2,512,1,1946.65
attention,256,16384,2,1024,1,1946.86
attention,256,16384,2,2048,1,1947.02
attention,256,16384,2,4096,1,1946.64
attention,256,16384,2,8192,1,1959.95
attention,256,16384,2,16384,1,2898.89
attention,256,16384,4,16,1,1957.54
attention,256,16384,4,32,1,1957.02
attention,256,16384,4,64,1,1958.43
attention,256,16384,4,128,1,1964.66
attention,256,16384,4,256,1,1972.88
attention,256,16384,4,512,1,1986.45
attention,256,16384,4,1024,1,2016.87
attention,256,16384,4,2048,1,2075.26
attention,256,16384,4,4096,1,2195.97
attention,256,16384,4,8192,1,2445.48
attention,256,16384,4,16384,1,2916.2
attention,256,16384,8,16,1,1975.55
attention,256,16384,8,32,1,1975.55
attention,256,16384,8,64,1,1976.89
attention,256,16384,8,128,1,1991.3
attention,256,16384,8,256,1,2005.69
attention,256,16384,8,512,1,2034.8
attention,256,16384,8,1024,1,2094.92
attention,256,16384,8,2048,1,2215.94
attention,256,16384,8,4096,1,2688.39
attention,256,16384,8,8192,1,3396.51
attention,256,16384,8,16384,1,4821.36
attention,256,16384,16,16,1,2014.23
attention,256,16384,16,32,1,2015.21
attention,256,16384,16,64,1,2017.09
attention,256,16384,16,128,1,2051.41
attention,256,16384,16,256,1,2086.3
attention,256,16384,16,512,1,2158.56
attention,256,16384,16,1024,1,2314.36
attention,256,16384,16,2048,1,2622.97
attention,256,16384,16,4096,1,3411.67
attention,256,16384,16,8192,1,4445.58
attention,256,16384,16,16384,1,6779.55
attention,256,16384,32,16,1,2090.66
attention,256,16384,32,32,1,2094.64
attention,256,16384,32,64,1,2095.68
attention,256,16384,32,128,1,2166.38
attention,256,16384,32,256,1,2242.32
attention,256,16384,32,512,1,2399.09
attention,256,16384,32,1024,1,2765.88
attention,256,16384,32,2048,1,3455.31
attention,256,16384,32,4096,1,4760.33
attention,256,16384,32,8192,1,7460.22
attention,256,16384,32,16384,1,12709
attention,256,16384,64,16,1,2247.35
attention,256,16384,64,32,1,2249.25
attention,256,16384,64,64,1,2254.19
attention,256,16384,64,128,1,2416.63
attention,256,16384,64,256,1,2594.78
attention,256,16384,64,512,1,2974.36
attention,256,16384,64,1024,1,3693.17
attention,256,16384,64,2048,1,5044.37
attention,256,16384,64,4096,1,8088.82
attention,256,16384,64,8192,1,14838.6
attention,256,16384,64,16384,1,28257.8
attention,256,16384,128,16,1,2606.68
attention,256,16384,128,32,1,2616.93
attention,256,16384,128,64,1,2630.23
attention,256,16384,128,128,1,3008.64
attention,256,16384,128,256,1,3387.49
attention,256,16384,128,512,1,4124.27
attention,256,16384,128,1024,1,5576.54
attention,256,16384,128,2048,1,9238.78
attention,256,16384,128,4096,1,27591.6
attention,256,16384,128,8192,1,50799.1
attention,256,16384,128,16384,1,97348.5
attention,512,0,0,0,1,112.107
attention,512,0,1,16,1,115.989
attention,512,0,1,32,1,116.181
attention,512,0,1,64,1,116.319
attention,512,0,1,128,1,119.445
attention,512,0,1,256,1,120.854
attention,512,0,1,512,1,128.897
attention,512,0,1,1024,1,163.871
attention,512,0,1,2048,1,226.891
attention,512,0,1,4096,1,344.223
attention,512,0,1,8192,1,580.832
attention,512,0,1,16384,1,1052.69
attention,512,0,2,16,1,122.88
attention,512,0,2,32,1,122.902
attention,512,0,2,64,1,123.797
attention,512,0,2,128,1,127.904
attention,512,0,2,256,1,132.586
attention,512,0,2,512,1,144.917
attention,512,0,2,1024,1,191.232
attention,512,0,2,2048,1,273.941
attention,512,0,2,4096,1,392.555
attention,512,0,2,8192,1,628.854
attention,512,0,2,16384,1,1103.64
attention,512,0,4,16,1,136.652
attention,512,0,4,32,1,137.013
attention,512,0,4,64,1,137.792
attention,512,0,4,128,1,146.058
attention,512,0,4,256,1,155.446
attention,512,0,4,512,1,178.187
attention,512,0,4,1024,1,240.159
attention,512,0,4,2048,1,354.166
attention,512,0,4,4096,1,583.105
attention,512,0,4,8192,1,1054.36
attention,512,0,4,16384,1,2001.78
attention,512,0,8,16,1,165.77
attention,512,0,8,32,1,166.208
attention,512,0,8,64,1,166.283
attention,512,0,8,128,1,185.11
attention,512,0,8,256,1,205.025
attention,512,0,8,512,1,245.879
attention,512,0,8,1024,1,346.869
attention,512,0,8,2048,1,545.014
attention,512,0,8,4096,1,899.499
attention,512,0,8,8192,1,1608.91
attention,512,0,8,16384,1,3031.25
attention,512,0,16,16,1,218.827
attention,512,0,16,32,1,218.987
attention,512,0,16,64,1,222.325
attention,512,0,16,128,1,258.764
attention,512,0,16,256,1,298.497
attention,512,0,16,512,1,379.712
attention,512,0,16,1024,1,559.531
attention,512,0,16,2048,1,912.055
attention,512,0,16,4096,1,1617.85
attention,512,0,16,8192,1,3039.97
attention,512,0,16,16384,1,5887.89
attention,512,0,32,16,1,323.564
attention,512,0,32,32,1,325.365
attention,512,0,32,64,1,328.032
attention,512,0,32,128,1,406.464
attention,512,0,32,256,1,487.221
attention,512,0,32,512,1,647.148
attention,512,0,32,1024,1,989.676
attention,512,0,32,2048,1,1670.53
attention,512,0,32,4096,1,3004.8
attention,512,0,32,8192,1,5653.63
attention,512,0,32,16384,1,11028.6
attention,512,0,64,16,1,533.781
attention,512,0,64,32,1,537.205
attention,512,0,64,64,1,543.467
attention,512,0,64,128,1,701.889
attention,512,0,64,256,1,867.276
attention,512,0,64,512,1,1191.62
attention,512,0,64,1024,1,1874.36
attention,512,0,64,2048,1,3225.39
attention,512,0,64,4096,1,6318.62
attention,512,0,64,8192,1,13040.7
attention,512,0,64,16384,1,25654.3
attention,512,0,128,16,1,954.849
attention,512,0,128,32,1,959.521
attention,512,0,128,64,1,971.969
attention,512,0,128,128,1,1299.74
attention,512,0,128,256,1,1643.42
attention,512,0,128,512,1,2351.22
attention,512,0,128,1024,1,3795.79
attention,512,0,128,2048,1,6702.41
attention,512,0,128,4096,1,23620.3
attention,512,0,128,8192,1,46994.9
attention,512,0,128,16384,1,93744.6
attention,512,16,0,0,1,125.12
attention,512,16,1,16,1,129.717
attention,512,16,1,32,1,129.76
attention,512,16,1,64,1,129.952
attention,512,16,1,128,1,132.043
attention,512,16,1,256,1,134.283
attention,512,16,1,512,1,138.998
attention,512,16,1,1024,1,173.142
attention,512,16,1,2048,1,237.228
attention,512,16,1,4096,1,355.627
attention,512,16,1,8192,1,591.446
attention,512,16,1,16384,1,1063.07
attention,512,16,2,16,1,137.066
attention,512,16,2,32,1,137.505
attention,512,16,2,64,1,137.269
attention,512,16,2,128,1,141.867
attention,512,16,2,256,1,146.262
attention,512,16,2,512,1,154.923
attention,512,16,2,1024,1,198.453
attention,512,16,2,2048,1,283.478
attention,512,16,2,4096,1,408.353
attention,512,16,2,8192,1,645.09
attention,512,16,2,16384,1,1119.53
attention,512,16,4,16,1,151.306
attention,512,16,4,32,1,151.404
attention,512,16,4,64,1,152.074
attention,512,16,4,128,1,160.501
attention,512,16,4,256,1,169.963
attention,512,16,4,512,1,188.235
attention,512,16,4,1024,1,248.789
attention,512,16,4,2048,1,364.396
attention,512,16,4,4096,1,593.1
attention,512,16,4,8192,1,1063.01
attention,512,16,4,16384,1,2010.11
attention,512,16,8,16,1,180.427
attention,512,16,8,32,1,180.288
attention,512,16,8,64,1,181.92
attention,512,16,8,128,1,199.551
attention,512,16,8,256,1,219.711
attention,512,16,8,512,1,256.512
attention,512,16,8,1024,1,356.533
attention,512,16,8,2048,1,553.515
attention,512,16,8,4096,1,913.142
attention,512,16,8,8192,1,1622.2
attention,512,16,8,16384,1,3045.07
attention,512,16,16,16,1,234.645
attention,512,16,16,32,1,234.551
attention,512,16,16,64,1,236.224
attention,512,16,16,128,1,274.336
attention,512,16,16,256,1,313.409
attention,512,16,16,512,1,391.061
attention,512,16,16,1024,1,571.265
attention,512,16,16,2048,1,922.455
attention,512,16,16,4096,1,1626.19
attention,512,16,16,8192,1,3049.87
attention,512,16,16,16384,1,5894.12
attention,512,16,32,16,1,340.128
attention,512,16,32,32,1,340.31
attention,512,16,32,64,1,344.288
attention,512,16,32,128,1,421.45
attention,512,16,32,256,1,501.207
attention,512,16,32,512,1,656.866
attention,512,16,32,1024,1,999.605
attention,512,16,32,2048,1,1682.27
attention,512,16,32,4096,1,3018.76
attention,512,16,32,8192,1,5665.73
attention,512,16,32,16384,1,11039.3
attention,512,16,64,16,1,551.926
attention,512,16,64,32,1,553.206
attention,512,16,64,64,1,560.054
attention,512,16,64,128,1,719.115
attention,512,16,64,256,1,881.153
attention,512,16,64,512,1,1204.26
attention,512,16,64,1024,1,1886.8
attention,512,16,64,2048,1,3234.43
attention,512,16,64,4096,1,6327.21
attention,512,16,64,8192,1,13036.1
attention,512,16,64,16384,1,25651.6
attention,512,16,128,16,1,970.391
attention,512,16,128,32,1,979.864
attention,512,16,128,64,1,993.025
attention,512,16,128,128,1,1310.08
attention,512,16,128,256,1,1654.75
attention,512,16,128,512,1,2361.75
attention,512,16,128,1024,1,3804.64
attention,512,16,128,2048,1,6714.05
attention,512,16,128,4096,1,23621.2
attention,512,16,128,8192,1,46993.5
attention,512,16,128,16384,1,93743.1
attention,512,32,0,0,1,125.291
attention,512,32,1,16,1,130.016
attention,512,32,1,32,1,130.048
attention,512,32,1,64,1,130.379
attention,512,32,1,128,1,132.693
attention,512,32,1,256,1,133.984
attention,512,32,1,512,1,138.678
attention,512,32,1,1024,1,173.194
attention,512,32,1,2048,1,238.059
attention,512,32,1,4096,1,356.908
attention,512,32,1,8192,1,591.446
attention,512,32,1,16384,1,1064.47
attention,512,32,2,16,1,137.526
attention,512,32,2,32,1,136.948
attention,512,32,2,64,1,138.134
attention,512,32,2,128,1,142.635
attention,512,32,2,256,1,147.2
attention,512,32,2,512,1,155.125
attention,512,32,2,1024,1,199.649
attention,512,32,2,2048,1,283.594
attention,512,32,2,4096,1,409.281
attention,512,32,2,8192,1,646.507
attention,512,32,2,16384,1,1118.81
attention,512,32,4,16,1,151.617
attention,512,32,4,32,1,151.169
attention,512,32,4,64,1,152.321
attention,512,32,4,128,1,161.941
attention,512,32,4,256,1,170.891
attention,512,32,4,512,1,188.469
attention,512,32,4,1024,1,248.886
attention,512,32,4,2048,1,365.975
attention,512,32,4,4096,1,591.691
attention,512,32,4,8192,1,1064.53
attention,512,32,4,16384,1,2010.62
attention,512,32,8,16,1,180.608
attention,512,32,8,32,1,180.01
attention,512,32,8,64,1,181.707
attention,512,32,8,128,1,199.819
attention,512,32,8,256,1,220.235
attention,512,32,8,512,1,257.259
attention,512,32,8,1024,1,355.82
attention,512,32,8,2048,1,553.493
attention,512,32,8,4096,1,914.539
attention,512,32,8,8192,1,1623.37
attention,512,32,8,16384,1,3045.8
attention,512,32,16,16,1,234.827
attention,512,32,16,32,1,234.784
attention,512,32,16,64,1,237.526
attention,512,32,16,128,1,274.422
attention,512,32,16,256,1,313.409
attention,512,32,16,512,1,389.973
attention,512,32,16,1024,1,569.889
attention,512,32,16,2048,1,922.071
attention,512,32,16,4096,1,1627.84
attention,512,32,16,8192,1,3050.11
attention,512,32,16,16384,1,5894.84
attention,512,32,32,16,1,338.731
attention,512,32,32,32,1,341.739
attention,512,32,32,64,1,345.045
attention,512,32,32,128,1,422.965
attention,512,32,32,256,1,501.717
attention,512,32,32,512,1,658.689
attention,512,32,32,1024,1,1000.25
attention,512,32,32,2048,1,1680.8
attention,512,32,32,4096,1,3018.78
attention,512,32,32,8192,1,5665.08
attention,512,32,32,16384,1,11037.8
attention,512,32,64,16,1,550.081
attention,512,32,64,32,1,555.264
attention,512,32,64,64,1,558.859
attention,512,32,64,128,1,717.867
attention,512,32,64,256,1,880.054
attention,512,32,64,512,1,1201.91
attention,512,32,64,1024,1,1884.17
attention,512,32,64,2048,1,3238.21
attention,512,32,64,4096,1,6326.62
attention,512,32,64,8192,1,13038.4
attention,512,32,64,16384,1,25653.3
attention,512,32,128,16,1,970.721
attention,512,32,128,32,1,975.394
attention,512,32,128,64,1,988.247
attention,512,32,128,128,1,1310.21
attention,512,32,128,256,1,1656.76
attention,512,32,128,512,1,2362.3
attention,512,32,128,1024,1,3805.15
attention,512,32,128,2048,1,6713.78
attention,512,32,128,4096,1,23620.7
attention,512,32,128,8192,1,46999.7
attention,512,32,128,16384,1,93746
attention,512,64,0,0,1,125.985
attention,512,64,1,16,1,130.634
attention,512,64,1,32,1,130.626
attention,512,64,1,64,1,130.806
attention,512,64,1,128,1,132.48
attention,512,64,1,256,1,134.539
attention,512,64,1,512,1,139.541
attention,512,64,1,1024,1,173.398
attention,512,64,1,2048,1,238.422
attention,512,64,1,4096,1,356.181
attention,512,64,1,8192,1,591.626
attention,512,64,1,16384,1,1063.57
attention,512,64,2,16,1,137.793
attention,512,64,2,32,1,137.248
attention,512,64,2,64,1,137.739
attention,512,64,2,128,1,142.208
attention,512,64,2,256,1,147.628
attention,512,64,2,512,1,155.499
attention,512,64,2,1024,1,200.544
attention,512,64,2,2048,1,282.965
attention,512,64,2,4096,1,408.682
attention,512,64,2,8192,1,646.614
attention,512,64,2,16384,1,1117.69
attention,512,64,4,16,1,151.818
attention,512,64,4,32,1,151.809
attention,512,64,4,64,1,152.331
attention,512,64,4,128,1,161.771
attention,512,64,4,256,1,171.029
attention,512,64,4,512,1,188.949
attention,512,64,4,1024,1,249.239
attention,512,64,4,2048,1,365.206
attention,512,64,4,4096,1,592.171
attention,512,64,4,8192,1,1062.77
attention,512,64,4,16384,1,2009.89
attention,512,64,8,16,1,181.653
attention,512,64,8,32,1,181.59
attention,512,64,8,64,1,181.717
attention,512,64,8,128,1,201.728
attention,512,64,8,256,1,219.543
attention,512,64,8,512,1,257.302
attention,512,64,8,1024,1,357.184
attention,512,64,8,2048,1,553.686
attention,512,64,8,4096,1,913.793
attention,512,64,8,8192,1,1624.11
attention,512,64,8,16384,1,3044.77
attention,512,64,16,16,1,234.944
attention,512,64,16,32,1,235.359
attention,512,64,16,64,1,236.588
attention,512,64,16,128,1,274.389
attention,512,64,16,256,1,314.091
attention,512,64,16,512,1,389.813
attention,512,64,16,1024,1,569.292
attention,512,64,16,2048,1,921.761
attention,512,64,16,4096,1,1626.19
attention,512,64,16,8192,1,3050.68
attention,512,64,16,16384,1,5896.85
attention,512,64,32,16,1,339.36
attention,512,64,32,32,1,340.458
attention,512,64,32,64,1,344.663
attention,512,64,32,128,1,421.941
attention,512,64,32,256,1,502.028
attention,512,64,32,512,1,657.75
attention,512,64,32,1024,1,999.809
attention,512,64,32,2048,1,1680.07
attention,512,64,32,4096,1,3019.05
attention,512,64,32,8192,1,5663.16
attention,512,64,32,16384,1,11036.7
attention,512,64,64,16,1,552.459
attention,512,64,64,32,1,554.987
attention,512,64,64,64,1,559.319
attention,512,64,64,128,1,718.123
attention,512,64,64,256,1,881.345
attention,512,64,64,512,1,1203.24
attention,512,64,64,1024,1,1883.65
attention,512,64,64,2048,1,3235.3
attention,512,64,64,4096,1,6326.01
attention,512,64,64,8192,1,13039.5
attention,512,64,64,16384,1,25655.7
attention,512,64,128,16,1,970.561
attention,512,64,128,32,1,976.129
attention,512,64,128,64,1,988.395
attention,512,64,128,128,1,1311.67
attention,512,64,128,256,1,1655.47
attention,512,64,128,512,1,2364.42
attention,512,64,128,1024,1,3802.39
attention,512,64,128,2048,1,6712.85
attention,512,64,128,4096,1,23622.9
attention,512,64,128,8192,1,47001.5
attention,512,64,128,16384,1,93749.3
attention,512,128,0,0,1,136.001
attention,512,128,1,16,1,140.843
attention,512,128,1,32,1,141.023
attention,512,128,1,64,1,141.878
attention,512,128,1,128,1,143.648
attention,512,128,1,256,1,145.728
attention,512,128,1,512,1,150.038
attention,512,128,1,1024,1,186.87
attention,512,128,1,2048,1,251.349
attention,512,128,1,4096,1,368.555
attention,512,128,1,8192,1,606.027
attention,512,128,1,16384,1,1075.79
attention,512,128,2,16,1,147.509
attention,512,128,2,32,1,147.573
attention,512,128,2,64,1,147.819
attention,512,128,2,128,1,152.736
attention,512,128,2,256,1,158.763
attention,512,128,2,512,1,167.787
attention,512,128,2,1024,1,208.437
attention,512,128,2,2048,1,290.838
attention,512,128,2,4096,1,426.635
attention,512,128,2,8192,1,662.774
attention,512,128,2,16384,1,1138.3
attention,512,128,4,16,1,161.644
attention,512,128,4,32,1,162.017
attention,512,128,4,64,1,162.443
attention,512,128,4,128,1,172.597
attention,512,128,4,256,1,182.069
attention,512,128,4,512,1,198.859
attention,512,128,4,1024,1,263.136
attention,512,128,4,2048,1,378.049
attention,512,128,4,4096,1,602.198
attention,512,128,4,8192,1,1073.95
attention,512,128,4,16384,1,2017.43
attention,512,128,8,16,1,191.307
attention,512,128,8,32,1,192.331
attention,512,128,8,64,1,192.139
attention,512,128,8,128,1,211.648
attention,512,128,8,256,1,230.603
attention,512,128,8,512,1,268.277
attention,512,128,8,1024,1,366.869
attention,512,128,8,2048,1,562.796
attention,512,128,8,4096,1,928.258
attention,512,128,8,8192,1,1638.7
attention,512,128,8,16384,1,3061.93
attention,512,128,16,16,1,244.832
attention,512,128,16,32,1,245.781
attention,512,128,16,64,1,247.03
attention,512,128,16,128,1,286.593
attention,512,128,16,256,1,325.558
attention,512,128,16,512,1,401.334
attention,512,128,16,1024,1,579.788
attention,512,128,16,2048,1,934.924
attention,512,128,16,4096,1,1635.58
attention,512,128,16,8192,1,3056.78
attention,512,128,16,16384,1,5906.69
attention,512,128,32,16,1,351.286
attention,512,128,32,32,1,351.851
attention,512,128,32,64,1,355.009
attention,512,128,32,128,1,433.196
attention,512,128,32,256,1,513.441
attention,512,128,32,512,1,668.801
attention,512,128,32,1024,1,1009.92
attention,512,128,32,2048,1,1691.64
attention,512,128,32,4096,1,3036.88
attention,512,128,32,8192,1,5681.74
attention,512,128,32,16384,1,11044.9
attention,512,128,64,16,1,563.35
attention,512,128,64,32,1,565.88
attention,512,128,64,64,1,571.19
attention,512,128,64,128,1,732.491
attention,512,128,64,256,1,895.211
attention,512,128,64,512,1,1216.48
attention,512,128,64,1024,1,1895.66
attention,512,128,64,2048,1,3244.8
attention,512,128,64,4096,1,6333.1
attention,512,128,64,8192,1,13038.8
attention,512,128,64,16384,1,25660.2
attention,512,128,128,16,1,982.529
attention,512,128,128,32,1,987.639
attention,512,128,128,64,1,1000.59
attention,512,128,128,128,1,1326.42
attention,512,128,128,256,1,1671.65
attention,512,128,128,512,1,2373.52
attention,512,128,128,1024,1,3814.53
attention,512,128,128,2048,1,6729.62
attention,512,128,128,4096,1,23622.6
attention,512,128,128,8192,1,47001.3
attention,512,128,128,16384,1,93747.8
attention,512,256,0,0,1,159.489
attention,512,256,1,16,1,165.141
attention,512,256,1,32,1,164.832
attention,512,256,1,64,1,164.981
attention,512,256,1,128,1,167.264
attention,512,256,1,256,1,170.25
attention,512,256,1,512,1,174.944
attention,512,256,1,1024,1,202.625
attention,512,256,1,2048,1,274.273
attention,512,256,1,4096,1,391.723
attention,512,256,1,8192,1,627.104
attention,512,256,1,16384,1,1099.17
attention,512,256,2,16,1,171.988
attention,512,256,2,32,1,172.192
attention,512,256,2,64,1,172.736
attention,512,256,2,128,1,177.43
attention,512,256,2,256,1,183.499
attention,512,256,2,512,1,193.579
attention,512,256,2,1024,1,227.734
attention,512,256,2,2048,1,316.544
attention,512,256,2,4096,1,460.758
attention,512,256,2,8192,1,696.524
attention,512,256,2,16384,1,1170.82
attention,512,256,4,16,1,186.581
attention,512,256,4,32,1,186.784
attention,512,256,4,64,1,187.627
attention,512,256,4,128,1,197.132
attention,512,256,4,256,1,206.986
attention,512,256,4,512,1,225.951
attention,512,256,4,1024,1,280.053
attention,512,256,4,2048,1,400.875
attention,512,256,4,4096,1,621.004
attention,512,256,4,8192,1,1086.1
attention,512,256,4,16384,1,2033.39
attention,512,256,8,16,1,216.022
attention,512,256,8,32,1,216.566
attention,512,256,8,64,1,217.611
attention,512,256,8,128,1,236.779
attention,512,256,8,256,1,257.163
attention,512,256,8,512,1,294.518
attention,512,256,8,1024,1,386.805
attention,512,256,8,2048,1,586.379
attention,512,256,8,4096,1,959.713
attention,512,256,8,8192,1,1667.4
attention,512,256,8,16384,1,3089.49
attention,512,256,16,16,1,270.432
attention,512,256,16,32,1,271.414
attention,512,256,16,64,1,272.663
attention,512,256,16,128,1,312.022
attention,512,256,16,256,1,351.307
attention,512,256,16,512,1,428.075
attention,512,256,16,1024,1,599.542
attention,512,256,16,2048,1,956.267
attention,512,256,16,4096,1,1655.18
attention,512,256,16,8192,1,3074.69
attention,512,256,16,16384,1,5922.49
attention,512,256,32,16,1,376.363
attention,512,256,32,32,1,377.985
attention,512,256,32,64,1,380.93
attention,512,256,32,128,1,459.414
attention,512,256,32,256,1,540.224
attention,512,256,32,512,1,695.413
attention,512,256,32,1024,1,1030.23
attention,512,256,32,2048,1,1710.19
attention,512,256,32,4096,1,3065.9
attention,512,256,32,8192,1,5711.78
attention,512,256,32,16384,1,11064
attention,512,256,64,16,1,588.865
attention,512,256,64,32,1,591.521
attention,512,256,64,64,1,598.304
attention,512,256,64,128,1,757.195
attention,512,256,64,256,1,919.051
attention,512,256,64,512,1,1240.74
attention,512,256,64,1024,1,1916.54
attention,512,256,64,2048,1,3263.68
attention,512,256,64,4096,1,6351.65
attention,512,256,64,8192,1,13043.1
attention,512,256,64,16384,1,25656
attention,512,256,128,16,1,1009.52
attention,512,256,128,32,1,1014.96
attention,512,256,128,64,1,1027.97
attention,512,256,128,128,1,1349.02
attention,512,256,128,256,1,1693.67
attention,512,256,128,512,1,2401.27
attention,512,256,128,1024,1,3830.6
attention,512,256,128,2048,1,6754.48
attention,512,256,128,4096,1,23632.6
attention,512,256,128,8192,1,47008.7
attention,512,256,128,16384,1,93755.8
attention,512,512,0,0,1,205.91
attention,512,512,1,16,1,210.666
attention,512,512,1,32,1,211.37
attention,512,512,1,64,1,210.721
attention,512,512,1,128,1,213.866
attention,512,512,1,256,1,217.387
attention,512,512,1,512,1,226.38
attention,512,512,1,1024,1,235.339
attention,512,512,1,2048,1,312.587
attention,512,512,1,4096,1,436.874
attention,512,512,1,8192,1,673.772
attention,512,512,1,16384,1,1144.54
attention,512,512,2,16,1,218.048
attention,512,512,2,32,1,219.104
attention,512,512,2,64,1,219.02
attention,512,512,2,128,1,225.536
attention,512,512,2,256,1,231.787
attention,512,512,2,512,1,242.913
attention,512,512,2,1024,1,266.038
attention,512,512,2,2048,1,346.954
attention,512,512,2,4096,1,519.446
attention,512,512,2,8192,1,764.492
attention,512,512,2,16384,1,1237.8
attention,512,512,4,16,1,234.634
attention,512,512,4,32,1,234.816
attention,512,512,4,64,1,235.402
attention,512,512,4,128,1,246.581
attention,512,512,4,256,1,257.376
attention,512,512,4,512,1,275.893
attention,512,512,4,1024,1,315.104
attention,512,512,4,2048,1,442.326
attention,512,512,4,4096,1,663.607
attention,512,512,4,8192,1,1117.21
attention,512,512,4,16384,1,2061.75
attention,512,512,8,16,1,265.302
attention,512,512,8,32,1,265.75
attention,512,512,8,64,1,266.976
attention,512,512,8,128,1,286.966
attention,512,512,8,256,1,306.913
attention,512,512,8,512,1,345.666
attention,512,512,8,1024,1,427.606
attention,512,512,8,2048,1,619.873
attention,512,512,8,4096,1,1018.43
attention,512,512,8,8192,1,1727.21
attention,512,512,8,16384,1,3148.83
attention,512,512,16,16,1,321.206
attention,512,512,16,32,1,321.815
attention,512,512,16,64,1,323.329
attention,512,512,16,128,1,362.507
attention,512,512,16,256,1,402.603
attention,512,512,16,512,1,479.926
attention,512,512,16,1024,1,638.625
attention,512,512,16,2048,1,998.145
attention,512,512,16,4096,1,1697.83
attention,512,512,16,8192,1,3107.37
attention,512,512,16,16384,1,5956.05
attention,512,512,32,16,1,428.565
attention,512,512,32,32,1,429.216
attention,512,512,32,64,1,432.982
attention,512,512,32,128,1,511.531
attention,512,512,32,256,1,592.544
attention,512,512,32,512,1,748.758
attention,512,512,32,1024,1,1068.33
attention,512,512,32,2048,1,1751.36
attention,512,512,32,4096,1,3108.11
attention,512,512,32,8192,1,5777.21
attention,512,512,32,16384,1,11131.2
attention,512,512,64,16,1,641.335
attention,512,512,64,32,1,644.448
attention,512,512,64,64,1,650.616
attention,512,512,64,128,1,809.75
attention,512,512,64,256,1,972.93
attention,512,512,64,512,1,1294.37
attention,512,512,64,1024,1,1958.99
attention,512,512,64,2048,1,3304.5
attention,512,512,64,4096,1,6376.41
attention,512,512,64,8192,1,13104.6
attention,512,512,64,16384,1,25667.3
attention,512,512,128,16,1,1063.19
attention,512,512,128,32,1,1068.48
attention,512,512,128,64,1,1081.47
attention,512,512,128,128,1,1403.54
attention,512,512,128,256,1,1747.08
attention,512,512,128,512,1,2454.17
attention,512,512,128,1024,1,3868.62
attention,512,512,128,2048,1,6831.84
attention,512,512,128,4096,1,23646.6
attention,512,512,128,8192,1,47023.2
attention,512,512,128,16384,1,93776.4
attention,512,1024,0,0,1,296.438
attention,512,1024,1,16,1,302.187
attention,512,1024,1,32,1,301.931
attention,512,1024,1,64,1,302.431
attention,512,1024,1,128,1,305.024
attention,512,1024,1,256,1,308.469
attention,512,1024,1,512,1,315.072
attention,512,1024,1,1024,1,346.646
attention,512,1024,1,2048,1,386.048
attention,512,1024,1,4096,1,522.848
attention,512,1024,1,8192,1,762.946
attention,512,1024,1,16384,1,1235.52
attention,512,1024,2,16,1,310.133
attention,512,1024,2,32,1,309.42
attention,512,1024,2,64,1,309.654
attention,512,1024,2,128,1,315.925
attention,512,1024,2,256,1,324.117
attention,512,1024,2,512,1,339.68
attention,512,1024,2,1024,1,364.469
attention,512,1024,2,2048,1,420.962
attention,512,1024,2,4096,1,604.503
attention,512,1024,2,8192,1,908.374
attention,512,1024,2,16384,1,1380.23
attention,512,1024,4,16,1,325.398
attention,512,1024,4,32,1,326.315
attention,512,1024,4,64,1,325.824
attention,512,1024,4,128,1,340.919
attention,512,1024,4,256,1,355.275
attention,512,1024,4,512,1,376.342
attention,512,1024,4,1024,1,421.621
attention,512,1024,4,2048,1,513.27
attention,512,1024,4,4096,1,769.964
attention,512,1024,4,8192,1,1187.03
attention,512,1024,4,16384,1,2123.53
attention,512,1024,8,16,1,361.461
attention,512,1024,8,32,1,362.72
attention,512,1024,8,64,1,362.72
attention,512,1024,8,128,1,385.836
attention,512,1024,8,256,1,406.378
attention,512,1024,8,512,1,444.32
attention,512,1024,8,1024,1,523.724
attention,512,1024,8,2048,1,700.343
attention,512,1024,8,4096,1,1107.9
attention,512,1024,8,8192,1,1846.43
attention,512,1024,8,16384,1,3267.22
attention,512,1024,16,16,1,420.513
attention,512,1024,16,32,1,422.123
attention,512,1024,16,64,1,422.752
attention,512,1024,16,128,1,462.689
attention,512,1024,16,256,1,503.99
attention,512,1024,16,512,1,582.603
attention,512,1024,16,1024,1,741.974
attention,512,1024,16,2048,1,1074.17
attention,512,1024,16,4096,1,1791.87
attention,512,1024,16,8192,1,3172.52
attention,512,1024,16,16384,1,6018.14
attention,512,1024,32,16,1,529.75
attention,512,1024,32,32,1,531.798
attention,512,1024,32,64,1,534.176
attention,512,1024,32,128,1,614.262
attention,512,1024,32,256,1,696.097
attention,512,1024,32,512,1,853.921
attention,512,1024,32,1024,1,1171.21
attention,512,1024,32,2048,1,1829.92
attention,512,1024,32,4096,1,3182.48
attention,512,1024,32,8192,1,5955.24
attention,512,1024,32,16384,1,11410.6
attention,512,1024,64,16,1,745.878
attention,512,1024,64,32,1,749.218
attention,512,1024,64,64,1,755.532
attention,512,1024,64,128,1,914.605
attention,512,1024,64,256,1,1078.72
attention,512,1024,64,512,1,1399.99
attention,512,1024,64,1024,1,2062.56
attention,512,1024,64,2048,1,3387.88
attention,512,1024,64,4096,1,6313.84
attention,512,1024,64,8192,1,13194.7
attention,512,1024,64,16384,1,26205.1
attention,512,1024,128,16,1,1171.18
attention,512,1024,128,32,1,1176.88
attention,512,1024,128,64,1,1189.31
attention,512,1024,128,128,1,1511.57
attention,512,1024,128,256,1,1854.05
attention,512,1024,128,512,1,2559.04
attention,512,1024,128,1024,1,3974.9
attention,512,1024,128,2048,1,7015.9
attention,512,1024,128,4096,1,23761.5
attention,512,1024,128,8192,1,47982.2
attention,512,1024,128,16384,1,94801.4
attention,512,2048,0,0,1,474.913
attention,512,2048,1,16,1,480.374
attention,512,2048,1,32,1,481.356
attention,512,2048,1,64,1,480.8
attention,512,2048,1,128,1,483.542
attention,512,2048,1,256,1,486.987
attention,512,2048,1,512,1,493.387
attention,512,2048,1,1024,1,523.692
attention,512,2048,1,2048,1,584.096
attention,512,2048,1,4096,1,682.838
attention,512,2048,1,8192,1,940.887
attention,512,2048,1,16384,1,1412.87
attention,512,2048,2,16,1,488.353
attention,512,2048,2,32,1,488.556
attention,512,2048,2,64,1,488.118
attention,512,2048,2,128,1,495.051
attention,512,2048,2,256,1,502.636
attention,512,2048,2,512,1,517.015
attention,512,2048,2,1024,1,549.206
attention,512,2048,2,2048,1,600.395
attention,512,2048,2,4096,1,723.66
attention,512,2048,2,8192,1,1090.88
attention,512,2048,2,16384,1,1675.94
attention,512,2048,4,16,1,504.811
attention,512,2048,4,32,1,505.079
attention,512,2048,4,64,1,505.173
attention,512,2048,4,128,1,519.616
attention,512,2048,4,256,1,533.045
attention,512,2048,4,512,1,563.669
attention,512,2048,4,1024,1,614.39
attention,512,2048,4,2048,1,717.803
attention,512,2048,4,4096,1,922.53
attention,512,2048,4,8192,1,1412.49
attention,512,2048,4,16384,1,2248.89
attention,512,2048,8,16,1,541.025
attention,512,2048,8,32,1,540.449
attention,512,2048,8,64,1,541.804
attention,512,2048,8,128,1,569.324
attention,512,2048,8,256,1,598.273
attention,512,2048,8,512,1,642.038
attention,512,2048,8,1024,1,712.653
attention,512,2048,8,2048,1,879.233
attention,512,2048,8,4096,1,1240.89
attention,512,2048,8,8192,1,2056.19
attention,512,2048,8,16384,1,3505.89
attention,512,2048,16,16,1,611.583
attention,512,2048,16,32,1,613.313
attention,512,2048,16,64,1,614.838
attention,512,2048,16,128,1,659.287
attention,512,2048,16,256,1,700.78
attention,512,2048,16,512,1,782.432
attention,512,2048,16,1024,1,939.563
attention,512,2048,16,2048,1,1273.66
attention,512,2048,16,4096,1,1949.58
attention,512,2048,16,8192,1,3387.98
attention,512,2048,16,16384,1,6139.06
attention,512,2048,32,16,1,729.163
attention,512,2048,32,32,1,730.188
attention,512,2048,32,64,1,733.515
attention,512,2048,32,128,1,814.272
attention,512,2048,32,256,1,896.833
attention,512,2048,32,512,1,1057.86
attention,512,2048,32,1024,1,1384.12
attention,512,2048,32,2048,1,2003.45
attention,512,2048,32,4096,1,3344.95
attention,512,2048,32,8192,1,6144.81
attention,512,2048,32,16384,1,13801.8
attention,512,2048,64,16,1,949.633
attention,512,2048,64,32,1,951.766
attention,512,2048,64,64,1,957.857
attention,512,2048,64,128,1,1121.5
attention,512,2048,64,256,1,1285.83
attention,512,2048,64,512,1,1609.08
attention,512,2048,64,1024,1,2268.11
attention,512,2048,64,2048,1,3587.05
attention,512,2048,64,4096,1,6249.97
attention,512,2048,64,8192,1,15128
attention,512,2048,64,16384,1,28190.8
attention,512,2048,128,16,1,1380.11
attention,512,2048,128,32,1,1385.74
attention,512,2048,128,64,1,1398.07
attention,512,2048,128,128,1,1722.02
attention,512,2048,128,256,1,2062.63
attention,512,2048,128,512,1,2768.57
attention,512,2048,128,1024,1,4198.76
attention,512,2048,128,2048,1,7260.21
attention,512,2048,128,4096,1,30428.3
attention,512,2048,128,8192,1,63419.3
attention,512,2048,128,16384,1,121319
attention,512,4096,0,0,1,826.485
attention,512,4096,1,16,1,834.399
attention,512,4096,1,32,1,833.579
attention,512,4096,1,64,1,834.262
attention,512,4096,1,128,1,838.498
attention,512,4096,1,256,1,838.038
attention,512,4096,1,512,1,845.536
attention,512,4096,1,1024,1,874.806
attention,512,4096,1,2048,1,934.667
attention,512,4096,1,4096,1,1053.96
attention,512,4096,1,8192,1,1270.44
attention,512,4096,1,16384,1,1767.79
attention,512,4096,2,16,1,841.322
attention,512,4096,2,32,1,841.078
attention,512,4096,2,64,1,840.076
attention,512,4096,2,128,1,847.424
attention,512,4096,2,256,1,855.116
attention,512,4096,2,512,1,868.138
attention,512,4096,2,1024,1,898.295
attention,512,4096,2,2048,1,958.892
attention,512,4096,2,4096,1,1071.97
attention,512,4096,2,8192,1,1313.46
attention,512,4096,2,16384,1,2032.26
attention,512,4096,4,16,1,855.735
attention,512,4096,4,32,1,857.345
attention,512,4096,4,64,1,856.769
attention,512,4096,4,128,1,870.945
attention,512,4096,4,256,1,884.256
attention,512,4096,4,512,1,914.326
attention,512,4096,4,1024,1,974.402
attention,512,4096,4,2048,1,1083.04
attention,512,4096,4,4096,1,1307.37
attention,512,4096,4,8192,1,1750.2
attention,512,4096,4,16384,1,2614.97
attention,512,4096,8,16,1,892.524
attention,512,4096,8,32,1,894.038
attention,512,4096,8,64,1,894.669
attention,512,4096,8,128,1,920.365
attention,512,4096,8,256,1,949.165
attention,512,4096,8,512,1,1008.04
attention,512,4096,8,1024,1,1111.8
attention,512,4096,8,2048,1,1243.29
attention,512,4096,8,4096,1,1587.95
attention,512,4096,8,8192,1,2304.54
attention,512,4096,8,16384,1,3943.02
attention,512,4096,16,16,1,964.62
attention,512,4096,16,32,1,964.459
attention,512,4096,16,64,1,967.723
attention,512,4096,16,128,1,1022.77
attention,512,4096,16,256,1,1078.04
attention,512,4096,16,512,1,1169.84
attention,512,4096,16,1024,1,1336.33
attention,512,4096,16,2048,1,1649.86
attention,512,4096,16,4096,1,2339.54
attention,512,4096,16,8192,1,3724.43
attention,512,4096,16,16384,1,6556.84
attention,512,4096,32,16,1,1106.96
attention,512,4096,32,32,1,1110.38
attention,512,4096,32,64,1,1111.49
attention,512,4096,32,128,1,1202.64
attention,512,4096,32,256,1,1286.35
attention,512,4096,32,512,1,1452.32
attention,512,4096,32,1024,1,1782.63
attention,512,4096,32,2048,1,2443.8
attention,512,4096,32,4096,1,3663.62
attention,512,4096,32,8192,1,6388.71
attention,512,4096,32,16384,1,21701.2
attention,512,4096,64,16,1,1341.79
attention,512,4096,64,32,1,1344.89
attention,512,4096,64,64,1,1350.53
attention,512,4096,64,128,1,1516.73
attention,512,4096,64,256,1,1685.26
attention,512,4096,64,512,1,2013.9
attention,512,4096,64,1024,1,2682.2
attention,512,4096,64,2048,1,3985.97
attention,512,4096,64,4096,1,7034.39
attention,512,4096,64,8192,1,23986.6
attention,512,4096,64,16384,1,60535.8
attention,512,4096,128,16,1,1787.24
attention,512,4096,128,32,1,1792.82
attention,512,4096,128,64,1,1805.01
attention,512,4096,128,128,1,2133.98
attention,512,4096,128,256,1,2472.52
attention,512,4096,128,512,1,3176.94
attention,512,4096,128,1024,1,4607.73
attention,512,4096,128,2048,1,7607.25
attention,512,4096,128,4096,1,25199.6
attention,512,4096,128,8192,1,65988.3
attention,512,4096,128,16384,1,131709
attention,512,8192,0,0,1,1532.93
attention,512,8192,1,16,1,1538.17
attention,512,8192,1,32,1,1539.2
attention,512,8192,1,64,1,1538.43
attention,512,8192,1,128,1,1541.75
attention,512,8192,1,256,1,1543.66
attention,512,8192,1,512,1,1548.92
attention,512,8192,1,1024,1,1578.06
attention,512,8192,1,2048,1,1637.62
attention,512,8192,1,4096,1,1758.13
attention,512,8192,1,8192,1,1993.46
attention,512,8192,1,16384,1,2446.35
attention,512,8192,2,16,1,1544.45
attention,512,8192,2,32,1,1546.95
attention,512,8192,2,64,1,1546.24
attention,512,8192,2,128,1,1550.06
attention,512,8192,2,256,1,1558.5
attention,512,8192,2,512,1,1573.08
attention,512,8192,2,1024,1,1603.64
attention,512,8192,2,2048,1,1663.8
attention,512,8192,2,4096,1,1782.21
attention,512,8192,2,8192,1,2012.62
attention,512,8192,2,16384,1,2487.6
attention,512,8192,4,16,1,1559.21
attention,512,8192,4,32,1,1560.81
attention,512,8192,4,64,1,1559.93
attention,512,8192,4,128,1,1573.46
attention,512,8192,4,256,1,1589.11
attention,512,8192,4,512,1,1615.84
attention,512,8192,4,1024,1,1677.72
attention,512,8192,4,2048,1,1797.56
attention,512,8192,4,4096,1,2020.99
attention,512,8192,4,8192,1,2485.1
attention,512,8192,4,16384,1,3403.57
attention,512,8192,8,16,1,1595.61
attention,512,8192,8,32,1,1595.96
attention,512,8192,8,64,1,1598.41
attention,512,8192,8,128,1,1625.09
attention,512,8192,8,256,1,1654.02
attention,512,8192,8,512,1,1710.09
attention,512,8192,8,1024,1,1830.07
attention,512,8192,8,2048,1,2051.21
attention,512,8192,8,4096,1,2302.31
attention,512,8192,8,8192,1,3000.83
attention,512,8192,8,16384,1,4429.84
attention,512,8192,16,16,1,1668.17
attention,512,8192,16,32,1,1669.89
attention,512,8192,16,64,1,1671.51
attention,512,8192,16,128,1,1725.23
attention,512,8192,16,256,1,1780.96
attention,512,8192,16,512,1,1893.54
attention,512,8192,16,1024,1,2107.68
attention,512,8192,16,2048,1,2451.31
attention,512,8192,16,4096,1,3066.85
attention,512,8192,16,8192,1,4466.61
attention,512,8192,16,16384,1,7298.97
attention,512,8192,32,16,1,1811.75
attention,512,8192,32,32,1,1812.84
attention,512,8192,32,64,1,1815.39
attention,512,8192,32,128,1,1926.37
attention,512,8192,32,256,1,2037.46
attention,512,8192,32,512,1,2226.77
attention,512,8192,32,1024,1,2568.52
attention,512,8192,32,2048,1,3227.3
attention,512,8192,32,4096,1,4572.47
attention,512,8192,32,8192,1,7103.58
attention,512,8192,32,16384,1,13696.7
attention,512,8192,64,16,1,2100.89
attention,512,8192,64,32,1,2104.75
attention,512,8192,64,64,1,2110.53
attention,512,8192,64,128,1,2294.25
attention,512,8192,64,256,1,2461.67
attention,512,8192,64,512,1,2802.77
attention,512,8192,64,1024,1,3489.51
attention,512,8192,64,2048,1,4826.6
attention,512,8192,64,4096,1,8104.28
attention,512,8192,64,8192,1,14583.1
attention,512,8192,64,16384,1,47970.8
attention,512,8192,128,16,1,2574.4
attention,512,8192,128,32,1,2579.4
attention,512,8192,128,64,1,2591.46
attention,512,8192,128,128,1,2929.43
attention,512,8192,128,256,1,3272.81
attention,512,8192,128,512,1,3981.49
attention,512,8192,128,1024,1,5409.39
attention,512,8192,128,2048,1,8540.21
attention,512,8192,128,4096,1,26855
attention,512,8192,128,8192,1,50133.7
attention,512,8192,128,16384,1,131848
attention,512,16384,0,0,1,2949.16
attention,512,16384,1,16,1,2956.1
attention,512,16384,1,32,1,2952.55
attention,512,16384,1,64,1,2953.98
attention,512,16384,1,128,1,2954.89
attention,512,16384,1,256,1,2960.19
attention,512,16384,1,512,1,2964.23
attention,512,16384,1,1024,1,2990.31
attention,512,16384,1,2048,1,3052.12
attention,512,16384,1,4096,1,3171.15
attention,512,16384,1,8192,1,3407.49
attention,512,16384,1,16384,1,3878.29
attention,512,16384,2,16,1,2958.52
attention,512,16384,2,32,1,2961.87
attention,512,16384,2,64,1,2960.5
attention,512,16384,2,128,1,2969.01
attention,512,16384,2,256,1,2973.39
attention,512,16384,2,512,1,2989.09
attention,512,16384,2,1024,1,3019.27
attention,512,16384,2,2048,1,3077.51
attention,512,16384,2,4096,1,3194.85
attention,512,16384,2,8192,1,3433.73
attention,512,16384,2,16384,1,3899.53
attention,512,16384,4,16,1,2973.61
attention,512,16384,4,32,1,2972.86
attention,512,16384,4,64,1,2975.81
attention,512,16384,4,128,1,2987.78
attention,512,16384,4,256,1,3002.19
attention,512,16384,4,512,1,3031.59
attention,512,16384,4,1024,1,3090.01
attention,512,16384,4,2048,1,3208.07
attention,512,16384,4,4096,1,3448.21
attention,512,16384,4,8192,1,3908.22
attention,512,16384,4,16384,1,4845.99
attention,512,16384,8,16,1,3007.56
attention,512,16384,8,32,1,3008.33
attention,512,16384,8,64,1,3009.79
attention,512,16384,8,128,1,3035.76
attention,512,16384,8,256,1,3067.27
attention,512,16384,8,512,1,3123.42
attention,512,16384,8,1024,1,3240.79
attention,512,16384,8,2048,1,3478.68
attention,512,16384,8,4096,1,3934.58
attention,512,16384,8,8192,1,4426.46
attention,512,16384,8,16384,1,5833.74
attention,512,16384,16,16,1,3080.39
attention,512,16384,16,32,1,3082.58
attention,512,16384,16,64,1,3084.67
attention,512,16384,16,128,1,3137.22
attention,512,16384,16,256,1,3196.69
attention,512,16384,16,512,1,3305.02
attention,512,16384,16,1024,1,3539.8
attention,512,16384,16,2048,1,4000.94
attention,512,16384,16,4096,1,4690.44
attention,512,16384,16,8192,1,5899.85
attention,512,16384,16,16384,1,8735.24
attention,512,16384,32,16,1,3223.64
attention,512,16384,32,32,1,3228.25
attention,512,16384,32,64,1,3228.21
attention,512,16384,32,128,1,3337.68
attention,512,16384,32,256,1,3443.72
attention,512,16384,32,512,1,3668.13
attention,512,16384,32,1024,1,4101.71
attention,512,16384,32,2048,1,4776.64
attention,512,16384,32,4096,1,6150.46
attention,512,16384,32,8192,1,8836.39
attention,512,16384,32,16384,1,13970.3
attention,512,16384,64,16,1,3508.71
attention,512,16384,64,32,1,3513.38
attention,512,16384,64,64,1,3519.99
attention,512,16384,64,128,1,3739.73
attention,512,16384,64,256,1,3961.28
attention,512,16384,64,512,1,4348
attention,512,16384,64,1024,1,5051.6
attention,512,16384,64,2048,1,6418.61
attention,512,16384,64,4096,1,9774.1
attention,512,16384,64,8192,1,17042.8
attention,512,16384,64,16384,1,28753.5
attention,512,16384,128,16,1,4102.16
attention,512,16384,128,32,1,4107.57
attention,512,16384,128,64,1,4120.98
attention,512,16384,128,128,1,4488.88
attention,512,16384,128,256,1,4836.04
attention,512,16384,128,512,1,5543.13
attention,512,16384,128,1024,1,6996.3
attention,512,16384,128,2048,1,10965.1
attention,512,16384,128,4096,1,30482.7
attention,512,16384,128,8192,1,53481.8
attention,512,16384,128,16384,1,99993.5
attention,1024,0,0,0,1,288.256
attention,1024,0,1,16,1,295.383
attention,1024,0,1,32,1,296.181
attention,1024,0,1,64,1,295.22
attention,1024,0,1,128,1,299.68
attention,1024,0,1,256,1,302.337
attention,1024,0,1,512,1,307.478
attention,1024,0,1,1024,1,317.237
attention,1024,0,1,2048,1,392.097
attention,1024,0,1,4096,1,526.892
attention,1024,0,1,8192,1,767.5
attention,1024,0,1,16384,1,1236.38
attention,1024,0,2,16,1,305.921
attention,1024,0,2,32,1,306.219
attention,1024,0,2,64,1,306.229
attention,1024,0,2,128,1,311.382
attention,1024,0,2,256,1,316.96
attention,1024,0,2,512,1,326.411
attention,1024,0,2,1024,1,347.585
attention,1024,0,2,2048,1,435.755
attention,1024,0,2,4096,1,606.593
attention,1024,0,2,8192,1,895.243
attention,1024,0,2,16384,1,1366.23
attention,1024,0,4,16,1,324.384
attention,1024,0,4,32,1,325.11
attention,1024,0,4,64,1,325.184
attention,1024,0,4,128,1,335.638
attention,1024,0,4,256,1,344.95
attention,1024,0,4,512,1,363.82
attention,1024,0,4,1024,1,406.07
attention,1024,0,4,2048,1,530.955
attention,1024,0,4,4096,1,767.479
attention,1024,0,4,8192,1,1214.72
attention,1024,0,4,16384,1,2151.73
attention,1024,0,8,16,1,364.522
attention,1024,0,8,32,1,364.981
attention,1024,0,8,64,1,365.921
attention,1024,0,8,128,1,385.355
attention,1024,0,8,256,1,405.707
attention,1024,0,8,512,1,442.411
attention,1024,0,8,1024,1,524.854
attention,1024,0,8,2048,1,726.721
attention,1024,0,8,4096,1,1119.41
attention,1024,0,8,8192,1,1854.35
attention,1024,0,8,16384,1,3274.76
attention,1024,0,16,16,1,442.443
attention,1024,0,16,32,1,442.304
attention,1024,0,16,64,1,444.683
attention,1024,0,16,128,1,483.638
attention,1024,0,16,256,1,524.117
attention,1024,0,16,512,1,601.867
attention,1024,0,16,1024,1,761.761
attention,1024,0,16,2048,1,1121.09
attention,1024,0,16,4096,1,1831.96
attention,1024,0,16,8192,1,3233.97
attention,1024,0,16,16384,1,6076.65
attention,1024,0,32,16,1,594.412
attention,1024,0,32,32,1,596.983
attention,1024,0,32,64,1,598.592
attention,1024,0,32,128,1,679.009
attention,1024,0,32,256,1,759.34
attention,1024,0,32,512,1,917.014
attention,1024,0,32,1024,1,1238.25
attention,1024,0,32,2048,1,1922.26
attention,1024,0,32,4096,1,3280.59
attention,1024,0,32,8192,1,5998.71
attention,1024,0,32,16384,1,11421.5
attention,1024,0,64,16,1,897.313
attention,1024,0,64,32,1,899.552
attention,1024,0,64,64,1,905.613
attention,1024,0,64,128,1,1065.01
attention,1024,0,64,256,1,1227.51
attention,1024,0,64,512,1,1546.95
attention,1024,0,64,1024,1,2216.59
attention,1024,0,64,2048,1,3573.74
attention,1024,0,64,4096,1,6576.1
attention,1024,0,64,8192,1,13324.2
attention,1024,0,64,16384,1,26291.8
attention,1024,0,128,16,1,1505.19
attention,1024,0,128,32,1,1510.87
attention,1024,0,128,64,1,1522.81
attention,1024,0,128,128,1,1843.64
attention,1024,0,128,256,1,2177.13
attention,1024,0,128,512,1,2890.52
attention,1024,0,128,1024,1,4314.4
attention,1024,0,128,2048,1,7334.29
attention,1024,0,128,4096,1,23831.8
attention,1024,0,128,8192,1,47208.6
attention,1024,0,128,16384,1,94144.3
attention,1024,16,0,0,1,312.383
attention,1024,16,1,16,1,323.178
attention,1024,16,1,32,1,321.835
attention,1024,16,1,64,1,321.964
attention,1024,16,1,128,1,324.246
attention,1024,16,1,256,1,325.238
attention,1024,16,1,512,1,331.808
attention,1024,16,1,1024,1,340.971
attention,1024,16,1,2048,1,409.312
attention,1024,16,1,4096,1,549.376
attention,1024,16,1,8192,1,789.634
attention,1024,16,1,16384,1,1259.99
attention,1024,16,2,16,1,330.518
attention,1024,16,2,32,1,330.294
attention,1024,16,2,64,1,330.699
attention,1024,16,2,128,1,334.304
attention,1024,16,2,256,1,340.544
attention,1024,16,2,512,1,351.52
attention,1024,16,2,1024,1,369.366
attention,1024,16,2,2048,1,455.136
attention,1024,16,2,4096,1,623.533
attention,1024,16,2,8192,1,928.471
attention,1024,16,2,16384,1,1400.02
attention,1024,16,4,16,1,349.142
attention,1024,16,4,32,1,349.996
attention,1024,16,4,64,1,347.913
attention,1024,16,4,128,1,357.686
attention,1024,16,4,256,1,369.429
attention,1024,16,4,512,1,388.694
attention,1024,16,4,1024,1,426.336
attention,1024,16,4,2048,1,551.04
attention,1024,16,4,4096,1,789.644
attention,1024,16,4,8192,1,1233.25
attention,1024,16,4,16384,1,2166.4
attention,1024,16,8,16,1,389.333
attention,1024,16,8,32,1,389.527
attention,1024,16,8,64,1,389.195
attention,1024,16,8,128,1,409.952
attention,1024,16,8,256,1,429.035
attention,1024,16,8,512,1,467.594
attention,1024,16,8,1024,1,546.87
attention,1024,16,8,2048,1,745.537
attention,1024,16,8,4096,1,1139.43
attention,1024,16,8,8192,1,1882.59
attention,1024,16,8,16384,1,3303.31
attention,1024,16,16,16,1,467.115
attention,1024,16,16,32,1,467.062
attention,1024,16,16,64,1,469.067
attention,1024,16,16,128,1,509.089
attention,1024,16,16,256,1,548.746
attention,1024,16,16,512,1,625.739
attention,1024,16,16,1024,1,783.266
attention,1024,16,16,2048,1,1140.05
attention,1024,16,16,4096,1,1853.2
attention,1024,16,16,8192,1,3252.84
attention,1024,16,16,16384,1,6093.59
attention,1024,16,32,16,1,621.516
attention,1024,16,32,32,1,621.537
attention,1024,16,32,64,1,624.694
attention,1024,16,32,128,1,703.617
attention,1024,16,32,256,1,783.789
attention,1024,16,32,512,1,943.341
attention,1024,16,32,1024,1,1259.27
attention,1024,16,32,2048,1,1943.3
attention,1024,16,32,4096,1,3299.92
attention,1024,16,32,8192,1,6024.88
attention,1024,16,32,16384,1,11474
attention,1024,16,64,16,1,922.359
attention,1024,16,64,32,1,924.854
attention,1024,16,64,64,1,931.916
attention,1024,16,64,128,1,1090.91
attention,1024,16,64,256,1,1253.03
attention,1024,16,64,512,1,1573.17
attention,1024,16,64,1024,1,2238.66
attention,1024,16,64,2048,1,3594.29
attention,1024,16,64,4096,1,6579.68
attention,1024,16,64,8192,1,13314.6
attention,1024,16,64,16384,1,26365.4
attention,1024,16,128,16,1,1531.11
attention,1024,16,128,32,1,1537.07
attention,1024,16,128,64,1,1549.22
attention,1024,16,128,128,1,1870.18
attention,1024,16,128,256,1,2203.29
attention,1024,16,128,512,1,2917.08
attention,1024,16,128,1024,1,4335.51
attention,1024,16,128,2048,1,7379.02
attention,1024,16,128,4096,1,23818.8
attention,1024,16,128,8192,1,47349.2
attention,1024,16,128,16384,1,94522.6
attention,1024,32,0,0,1,312.246
attention,1024,32,1,16,1,321.985
attention,1024,32,1,32,1,322.027
attention,1024,32,1,64,1,322.422
attention,1024,32,1,128,1,323.413
attention,1024,32,1,256,1,326.945
attention,1024,32,1,512,1,331.672
attention,1024,32,1,1024,1,341.045
attention,1024,32,1,2048,1,410.475
attention,1024,32,1,4096,1,547.798
attention,1024,32,1,8192,1,789.526
attention,1024,32,1,16384,1,1258.84
attention,1024,32,2,16,1,331.275
attention,1024,32,2,32,1,329.164
attention,1024,32,2,64,1,331.189
attention,1024,32,2,128,1,335.681
attention,1024,32,2,256,1,341.429
attention,1024,32,2,512,1,351.296
attention,1024,32,2,1024,1,369.43
attention,1024,32,2,2048,1,455.041
attention,1024,32,2,4096,1,627.808
attention,1024,32,2,8192,1,926.817
attention,1024,32,2,16384,1,1400.47
attention,1024,32,4,16,1,349.558
attention,1024,32,4,32,1,349.313
attention,1024,32,4,64,1,348.513
attention,1024,32,4,128,1,358.902
attention,1024,32,4,256,1,369.995
attention,1024,32,4,512,1,387.85
attention,1024,32,4,1024,1,427.244
attention,1024,32,4,2048,1,549.27
attention,1024,32,4,4096,1,788.854
attention,1024,32,4,8192,1,1236.2
attention,1024,32,4,16384,1,2167.87
attention,1024,32,8,16,1,389.707
attention,1024,32,8,32,1,389.078
attention,1024,32,8,64,1,390.741
attention,1024,32,8,128,1,410.102
attention,1024,32,8,256,1,429.867
attention,1024,32,8,512,1,470.156
attention,1024,32,8,1024,1,545.024
attention,1024,32,8,2048,1,747.383
attention,1024,32,8,4096,1,1138.37
attention,1024,32,8,8192,1,1881.84
attention,1024,32,8,16384,1,3301.97
attention,1024,32,16,16,1,467.296
attention,1024,32,16,32,1,467.52
attention,1024,32,16,64,1,469.58
attention,1024,32,16,128,1,508.395
attention,1024,32,16,256,1,548.94
attention,1024,32,16,512,1,627.414
attention,1024,32,16,1024,1,784.053
attention,1024,32,16,2048,1,1140.48
attention,1024,32,16,4096,1,1852.92
attention,1024,32,16,8192,1,3253.44
attention,1024,32,16,16384,1,6095.13
attention,1024,32,32,16,1,620.288
attention,1024,32,32,32,1,622.338
attention,1024,32,32,64,1,624.705
attention,1024,32,32,128,1,703.138
attention,1024,32,32,256,1,784.876
attention,1024,32,32,512,1,943.052
attention,1024,32,32,1024,1,1259.97
attention,1024,32,32,2048,1,1942.64
attention,1024,32,32,4096,1,3299.21
attention,1024,32,32,8192,1,6026.48
attention,1024,32,32,16384,1,11476.5
attention,1024,32,64,16,1,922.754
attention,1024,32,64,32,1,925.675
attention,1024,32,64,64,1,932.151
attention,1024,32,64,128,1,1090.34
attention,1024,32,64,256,1,1253.31
attention,1024,32,64,512,1,1574.65
attention,1024,32,64,1024,1,2237.99
attention,1024,32,64,2048,1,3592.63
attention,1024,32,64,4096,1,6577.89
attention,1024,32,64,8192,1,13305.9
attention,1024,32,64,16384,1,26359.9
attention,1024,32,128,16,1,1532.08
attention,1024,32,128,32,1,1536.41
attention,1024,32,128,64,1,1549.29
attention,1024,32,128,128,1,1870.81
attention,1024,32,128,256,1,2203.58
attention,1024,32,128,512,1,2918.67
attention,1024,32,128,1024,1,4338.16
attention,1024,32,128,2048,1,7379.15
attention,1024,32,128,4096,1,23827.3
attention,1024,32,128,8192,1,47314
attention,1024,32,128,16384,1,94606.6
attention,1024,64,0,0,1,311.382
attention,1024,64,1,16,1,321.387
attention,1024,64,1,32,1,322.209
attention,1024,64,1,64,1,322.645
attention,1024,64,1,128,1,324.811
attention,1024,64,1,256,1,327.605
attention,1024,64,1,512,1,332.736
attention,1024,64,1,1024,1,342.017
attention,1024,64,1,2048,1,410.518
attention,1024,64,1,4096,1,549.121
attention,1024,64,1,8192,1,788.17
attention,1024,64,1,16384,1,1262.56
attention,1024,64,2,16,1,332.043
attention,1024,64,2,32,1,331.499
attention,1024,64,2,64,1,331.734
attention,1024,64,2,128,1,335.19
attention,1024,64,2,256,1,341.974
attention,1024,64,2,512,1,349.676
attention,1024,64,2,1024,1,367.191
attention,1024,64,2,2048,1,457.505
attention,1024,64,2,4096,1,626.464
attention,1024,64,2,8192,1,927.51
attention,1024,64,2,16384,1,1401.28
attention,1024,64,4,16,1,350.539
attention,1024,64,4,32,1,349.857
attention,1024,64,4,64,1,350.38
attention,1024,64,4,128,1,357.676
attention,1024,64,4,256,1,370.422
attention,1024,64,4,512,1,389.77
attention,1024,64,4,1024,1,424.618
attention,1024,64,4,2048,1,551.458
attention,1024,64,4,4096,1,788.192
attention,1024,64,4,8192,1,1236.87
attention,1024,64,4,16384,1,2167.46
attention,1024,64,8,16,1,390.124
attention,1024,64,8,32,1,390.027
attention,1024,64,8,64,1,389.653
attention,1024,64,8,128,1,411.243
attention,1024,64,8,256,1,431.509
attention,1024,64,8,512,1,469.27
attention,1024,64,8,1024,1,547.116
attention,1024,64,8,2048,1,747.106
attention,1024,64,8,4096,1,1140.72
attention,1024,64,8,8192,1,1880.85
attention,1024,64,8,16384,1,3303
attention,1024,64,16,16,1,467.51
attention,1024,64,16,32,1,469.196
attention,1024,64,16,64,1,470.88
attention,1024,64,16,128,1,508.651
attention,1024,64,16,256,1,550.294
attention,1024,64,16,512,1,628.236
attention,1024,64,16,1024,1,782.583
attention,1024,64,16,2048,1,1139.16
attention,1024,64,16,4096,1,1853.2
attention,1024,64,16,8192,1,3254.95
attention,1024,64,16,16384,1,6095.36
attention,1024,64,32,16,1,621.579
attention,1024,64,32,32,1,621.771
attention,1024,64,32,64,1,625.868
attention,1024,64,32,128,1,703.842
attention,1024,64,32,256,1,786.155
attention,1024,64,32,512,1,941.633
attention,1024,64,32,1024,1,1260.67
attention,1024,64,32,2048,1,1941.3
attention,1024,64,32,4096,1,3299.12
attention,1024,64,32,8192,1,6026.06
attention,1024,64,32,16384,1,11479.8
attention,1024,64,64,16,1,923.117
attention,1024,64,64,32,1,925.549
attention,1024,64,64,64,1,931.991
attention,1024,64,64,128,1,1090.39
attention,1024,64,64,256,1,1254.02
attention,1024,64,64,512,1,1574.03
attention,1024,64,64,1024,1,2239.64
attention,1024,64,64,2048,1,3594.09
attention,1024,64,64,4096,1,6582.78
attention,1024,64,64,8192,1,13318.1
attention,1024,64,64,16384,1,26359.3
attention,1024,64,128,16,1,1531.83
attention,1024,64,128,32,1,1537.35
attention,1024,64,128,64,1,1550.25
attention,1024,64,128,128,1,1870.66
attention,1024,64,128,256,1,2203.3
attention,1024,64,128,512,1,2918.15
attention,1024,64,128,1024,1,4336.54
attention,1024,64,128,2048,1,7379.01
attention,1024,64,128,4096,1,23844.4
attention,1024,64,128,8192,1,47341.6
attention,1024,64,128,16384,1,94494.8
attention,1024,128,0,0,1,333.954
attention,1024,128,1,16,1,342.326
attention,1024,128,1,32,1,342.933
attention,1024,128,1,64,1,342.144
attention,1024,128,1,128,1,345.068
attention,1024,128,1,256,1,348.353
attention,1024,128,1,512,1,352.29
attention,1024,128,1,1024,1,362.038
attention,1024,128,1,2048,1,430.432
attention,1024,128,1,4096,1,568.896
attention,1024,128,1,8192,1,815.095
attention,1024,128,1,16384,1,1286.17
attention,1024,128,2,16,1,352.311
attention,1024,128,2,32,1,351.638
attention,1024,128,2,64,1,350.027
attention,1024,128,2,128,1,356.662
attention,1024,128,2,256,1,361.409
attention,1024,128,2,512,1,371.916
attention,1024,128,2,1024,1,391.264
attention,1024,128,2,2048,1,477.11
attention,1024,128,2,4096,1,648.023
attention,1024,128,2,8192,1,962.71
attention,1024,128,2,16384,1,1435.09
attention,1024,128,4,16,1,370.134
attention,1024,128,4,32,1,370.059
attention,1024,128,4,64,1,369.803
attention,1024,128,4,128,1,380.747
attention,1024,128,4,256,1,391.094
attention,1024,128,4,512,1,410.411
attention,1024,128,4,1024,1,447.477
attention,1024,128,4,2048,1,569.271
attention,1024,128,4,4096,1,813.558
attention,1024,128,4,8192,1,1257.29
attention,1024,128,4,16384,1,2185.89
attention,1024,128,8,16,1,410.72
attention,1024,128,8,32,1,411.841
attention,1024,128,8,64,1,410.359
attention,1024,128,8,128,1,432.426
attention,1024,128,8,256,1,451.18
attention,1024,128,8,512,1,489.74
attention,1024,128,8,1024,1,566.658
attention,1024,128,8,2048,1,766.925
attention,1024,128,8,4096,1,1160.32
attention,1024,128,8,8192,1,1913.57
attention,1024,128,8,16384,1,3330.7
attention,1024,128,16,16,1,489.825
attention,1024,128,16,32,1,489.964
attention,1024,128,16,64,1,490.667
attention,1024,128,16,128,1,530.496
attention,1024,128,16,256,1,570.091
attention,1024,128,16,512,1,649.066
attention,1024,128,16,1024,1,805.036
attention,1024,128,16,2048,1,1162.1
attention,1024,128,16,4096,1,1872.79
attention,1024,128,16,8192,1,3274.94
attention,1024,128,16,16384,1,6115.27
attention,1024,128,32,16,1,641.804
attention,1024,128,32,32,1,642.785
attention,1024,128,32,64,1,645.729
attention,1024,128,32,128,1,725.621
attention,1024,128,32,256,1,807.168
attention,1024,128,32,512,1,963.511
attention,1024,128,32,1024,1,1280.42
attention,1024,128,32,2048,1,1963.47
attention,1024,128,32,4096,1,3319.95
attention,1024,128,32,8192,1,6062.62
attention,1024,128,32,16384,1,11503.9
attention,1024,128,64,16,1,943.948
attention,1024,128,64,32,1,947.115
attention,1024,128,64,64,1,952.963
attention,1024,128,64,128,1,1112.64
attention,1024,128,64,256,1,1274.38
attention,1024,128,64,512,1,1595.6
attention,1024,128,64,1024,1,2259.2
attention,1024,128,64,2048,1,3615.36
attention,1024,128,64,4096,1,6585.17
attention,1024,128,64,8192,1,13396.4
attention,1024,128,64,16384,1,26493.3
attention,1024,128,128,16,1,1553.93
attention,1024,128,128,32,1,1558.8
attention,1024,128,128,64,1,1570.38
attention,1024,128,128,128,1,1891.83
attention,1024,128,128,256,1,2224.91
attention,1024,128,128,512,1,2939.58
attention,1024,128,128,1024,1,4357.96
attention,1024,128,128,2048,1,7408.43
attention,1024,128,128,4096,1,23833.8
attention,1024,128,128,8192,1,47470
attention,1024,128,128,16384,1,94719.6
attention,1024,256,0,0,1,378.614
attention,1024,256,1,16,1,386.08
attention,1024,256,1,32,1,384.64
attention,1024,256,1,64,1,384.918
attention,1024,256,1,128,1,388.714
attention,1024,256,1,256,1,390.07
attention,1024,256,1,512,1,397.771
attention,1024,256,1,1024,1,407.585
attention,1024,256,1,2048,1,469.334
attention,1024,256,1,4096,1,608.982
attention,1024,256,1,8192,1,860.566
attention,1024,256,1,16384,1,1332.63
attention,1024,256,2,16,1,396.417
attention,1024,256,2,32,1,396.481
attention,1024,256,2,64,1,396.491
attention,1024,256,2,128,1,401.675
attention,1024,256,2,256,1,403.926
attention,1024,256,2,512,1,417.11
attention,1024,256,2,1024,1,435.681
attention,1024,256,2,2048,1,515.532
attention,1024,256,2,4096,1,688.183
attention,1024,256,2,8192,1,1007.31
attention,1024,256,2,16384,1,1499.56
attention,1024,256,4,16,1,412.331
attention,1024,256,4,32,1,414.892
attention,1024,256,4,64,1,414.657
attention,1024,256,4,128,1,425.867
attention,1024,256,4,256,1,436.192
attention,1024,256,4,512,1,452.087
attention,1024,256,4,1024,1,491.083
attention,1024,256,4,2048,1,610.869
attention,1024,256,4,4096,1,854.977
attention,1024,256,4,8192,1,1301.28
attention,1024,256,4,16384,1,2223.77
attention,1024,256,8,16,1,454.155
attention,1024,256,8,32,1,454.422
attention,1024,256,8,64,1,455.904
attention,1024,256,8,128,1,476.161
attention,1024,256,8,256,1,497.152
attention,1024,256,8,512,1,534.742
attention,1024,256,8,1024,1,613.312
attention,1024,256,8,2048,1,805.528
attention,1024,256,8,4096,1,1201.58
attention,1024,256,8,8192,1,1971.54
attention,1024,256,8,16384,1,3385.78
attention,1024,256,16,16,1,533.526
attention,1024,256,16,32,1,534.868
attention,1024,256,16,64,1,535.286
attention,1024,256,16,128,1,575.916
attention,1024,256,16,256,1,614.273
attention,1024,256,16,512,1,693.291
attention,1024,256,16,1024,1,850.092
attention,1024,256,16,2048,1,1202.17
attention,1024,256,16,4096,1,1915.15
attention,1024,256,16,8192,1,3314.24
attention,1024,256,16,16384,1,6150.89
attention,1024,256,32,16,1,687.115
attention,1024,256,32,32,1,689.131
attention,1024,256,32,64,1,691.808
attention,1024,256,32,128,1,770.454
attention,1024,256,32,256,1,851.66
attention,1024,256,32,512,1,1008.69
attention,1024,256,32,1024,1,1328.29
attention,1024,256,32,2048,1,2003.29
attention,1024,256,32,4096,1,3359.01
attention,1024,256,32,8192,1,6137.24
attention,1024,256,32,16384,1,11591
attention,1024,256,64,16,1,990.838
attention,1024,256,64,32,1,993.356
attention,1024,256,64,64,1,999.276
attention,1024,256,64,128,1,1158.75
attention,1024,256,64,256,1,1320.66
attention,1024,256,64,512,1,1642.03
attention,1024,256,64,1024,1,2306.4
attention,1024,256,64,2048,1,3656.33
attention,1024,256,64,4096,1,6604.38
attention,1024,256,64,8192,1,13390.1
attention,1024,256,64,16384,1,26908.4
attention,1024,256,128,16,1,1600.66
attention,1024,256,128,32,1,1606.03
attention,1024,256,128,64,1,1617.77
attention,1024,256,128,128,1,1939.25
attention,1024,256,128,256,1,2270.87
attention,1024,256,128,512,1,2984.27
attention,1024,256,128,1024,1,4407.18
attention,1024,256,128,2048,1,7444.05
attention,1024,256,128,4096,1,23784.4
attention,1024,256,128,8192,1,48196.2
attention,1024,256,128,16384,1,96033.1
attention,1024,512,0,0,1,465.889
attention,1024,512,1,16,1,477.461
attention,1024,512,1,32,1,474.582
attention,1024,512,1,64,1,475.692
attention,1024,512,1,128,1,475.626
attention,1024,512,1,256,1,481.269
attention,1024,512,1,512,1,485.142
attention,1024,512,1,1024,1,497.004
attention,1024,512,1,2048,1,542.977
attention,1024,512,1,4096,1,687.456
attention,1024,512,1,8192,1,951.212
attention,1024,512,1,16384,1,1424.77
attention,1024,512,2,16,1,485.153
attention,1024,512,2,32,1,485.271
attention,1024,512,2,64,1,485.175
attention,1024,512,2,128,1,488.992
attention,1024,512,2,256,1,494.925
attention,1024,512,2,512,1,505.888
attention,1024,512,2,1024,1,526.092
attention,1024,512,2,2048,1,592.588
attention,1024,512,2,4096,1,769.677
attention,1024,512,2,8192,1,1099.29
attention,1024,512,2,16384,1,1633.58
attention,1024,512,4,16,1,503.383
attention,1024,512,4,32,1,503.744
attention,1024,512,4,64,1,503.18
attention,1024,512,4,128,1,513.322
attention,1024,512,4,256,1,523.755
attention,1024,512,4,512,1,544.544
attention,1024,512,4,1024,1,582.765
attention,1024,512,4,2048,1,686.294
attention,1024,512,4,4096,1,933.355
attention,1024,512,4,8192,1,1394.64
attention,1024,512,4,16384,1,2302.18
attention,1024,512,8,16,1,543.841
attention,1024,512,8,32,1,544.002
attention,1024,512,8,64,1,546.07
attention,1024,512,8,128,1,566.231
attention,1024,512,8,256,1,586.027
attention,1024,512,8,512,1,623.596
attention,1024,512,8,1024,1,702.37
attention,1024,512,8,2048,1,883.245
attention,1024,512,8,4096,1,1284.61
attention,1024,512,8,8192,1,2064.4
attention,1024,512,8,16384,1,3494.4
attention,1024,512,16,16,1,621.707
attention,1024,512,16,32,1,623.543
attention,1024,512,16,64,1,625.826
attention,1024,512,16,128,1,663.734
attention,1024,512,16,256,1,705.355
attention,1024,512,16,512,1,783.435
attention,1024,512,16,1024,1,941.558
attention,1024,512,16,2048,1,1281.1
attention,1024,512,16,4096,1,1995.28
attention,1024,512,16,8192,1,3397.31
attention,1024,512,16,16384,1,6222.14
attention,1024,512,32,16,1,778.06
attention,1024,512,32,32,1,779.564
attention,1024,512,32,64,1,780.673
attention,1024,512,32,128,1,861.142
attention,1024,512,32,256,1,941.804
attention,1024,512,32,512,1,1101.85
attention,1024,512,32,1024,1,1419.05
attention,1024,512,32,2048,1,2082.22
attention,1024,512,32,4096,1,3438.52
attention,1024,512,32,8192,1,6195.19
attention,1024,512,32,16384,1,12131.1
attention,1024,512,64,16,1,1083.11
attention,1024,512,64,32,1,1085.89
attention,1024,512,64,64,1,1091.1
attention,1024,512,64,128,1,1250.08
attention,1024,512,64,256,1,1414.24
attention,1024,512,64,512,1,1734.99
attention,1024,512,64,1024,1,2398.72
attention,1024,512,64,2048,1,3735.91
attention,1024,512,64,4096,1,6592.91
attention,1024,512,64,8192,1,13602
attention,1024,512,64,16384,1,27291.7
attention,1024,512,128,16,1,1693.45
attention,1024,512,128,32,1,1698.8
attention,1024,512,128,64,1,1710.71
attention,1024,512,128,128,1,2032.18
attention,1024,512,128,256,1,2363.82
attention,1024,512,128,512,1,3076.1
attention,1024,512,128,1024,1,4498.58
attention,1024,512,128,2048,1,7553.87
attention,1024,512,128,4096,1,23805
attention,1024,512,128,8192,1,48402.5
attention,1024,512,128,16384,1,96636
attention,1024,1024,0,0,1,641.632
attention,1024,1024,1,16,1,649.814
attention,1024,1024,1,32,1,650.38
attention,1024,1024,1,64,1,653.505
attention,1024,1024,1,128,1,654.561
attention,1024,1024,1,256,1,655.597
attention,1024,1024,1,512,1,658.956
attention,1024,1024,1,1024,1,672.044
attention,1024,1024,1,2048,1,690.071
attention,1024,1024,1,4096,1,836.546
attention,1024,1024,1,8192,1,1116.93
attention,1024,1024,1,16384,1,1606.1
attention,1024,1024,2,16,1,659.681
attention,1024,1024,2,32,1,659.884
attention,1024,1024,2,64,1,660.619
attention,1024,1024,2,128,1,665.27
attention,1024,1024,2,256,1,671.895
attention,1024,1024,2,512,1,682.304
attention,1024,1024,2,1024,1,701.067
attention,1024,1024,2,2048,1,738.699
attention,1024,1024,2,4096,1,921.271
attention,1024,1024,2,8192,1,1264.03
attention,1024,1024,2,16384,1,1899.94
attention,1024,1024,4,16,1,679.873
attention,1024,1024,4,32,1,679.649
attention,1024,1024,4,64,1,677.721
attention,1024,1024,4,128,1,688.887
attention,1024,1024,4,256,1,700.054
attention,1024,1024,4,512,1,717.248
attention,1024,1024,4,1024,1,760.46
attention,1024,1024,4,2048,1,835.757
attention,1024,1024,4,4096,1,1091
attention,1024,1024,4,8192,1,1574.22
attention,1024,1024,4,16384,1,2463.28
attention,1024,1024,8,16,1,721.302
attention,1024,1024,8,32,1,719.638
attention,1024,1024,8,64,1,721.623
attention,1024,1024,8,128,1,742.422
attention,1024,1024,8,256,1,760.589
attention,1024,1024,8,512,1,801.91
attention,1024,1024,8,1024,1,879.67
attention,1024,1024,8,2048,1,1037.07
attention,1024,1024,8,4096,1,1441.29
attention,1024,1024,8,8192,1,2225.3
attention,1024,1024,8,16384,1,3721.84
attention,1024,1024,16,16,1,801.377
attention,1024,1024,16,32,1,801.419
attention,1024,1024,16,64,1,801.27
attention,1024,1024,16,128,1,839.991
attention,1024,1024,16,256,1,882.285
attention,1024,1024,16,512,1,962.945
attention,1024,1024,16,1024,1,1121.33
attention,1024,1024,16,2048,1,1435.82
attention,1024,1024,16,4096,1,2155.86
attention,1024,1024,16,8192,1,3571.6
attention,1024,1024,16,16384,1,6373.66
attention,1024,1024,32,16,1,956.216
attention,1024,1024,32,32,1,957.845
attention,1024,1024,32,64,1,960.119
attention,1024,1024,32,128,1,1040.71
attention,1024,1024,32,256,1,1120.2
attention,1024,1024,32,512,1,1282.64
attention,1024,1024,32,1024,1,1604.01
attention,1024,1024,32,2048,1,2238.78
attention,1024,1024,32,4096,1,3600.71
attention,1024,1024,32,8192,1,6347.6
attention,1024,1024,32,16384,1,14601.8
attention,1024,1024,64,16,1,1263.59
attention,1024,1024,64,32,1,1266.88
attention,1024,1024,64,64,1,1271.79
attention,1024,1024,64,128,1,1432.25
attention,1024,1024,64,256,1,1595.83
attention,1024,1024,64,512,1,1917.63
attention,1024,1024,64,1024,1,2585.12
attention,1024,1024,64,2048,1,3890.35
attention,1024,1024,64,4096,1,6644.43
attention,1024,1024,64,8192,1,15611.8
attention,1024,1024,64,16384,1,28732.5
attention,1024,1024,128,16,1,1879
attention,1024,1024,128,32,1,1884.18
attention,1024,1024,128,64,1,1896.07
attention,1024,1024,128,128,1,2218.24
attention,1024,1024,128,256,1,2548.67
attention,1024,1024,128,512,1,3257.35
attention,1024,1024,128,1024,1,4685.09
attention,1024,1024,128,2048,1,7666.56
attention,1024,1024,128,4096,1,24101.3
attention,1024,1024,128,8192,1,50771
attention,1024,1024,128,16384,1,98356.3
attention,1024,2048,0,0,1,997.271
attention,1024,2048,1,16,1,1006.89
attention,1024,2048,1,32,1,1004.88
attention,1024,2048,1,64,1,1005.74
attention,1024,2048,1,128,1,1006.64
attention,1024,2048,1,256,1,1010.82
attention,1024,2048,1,512,1,1015.09
attention,1024,2048,1,1024,1,1018.65
attention,1024,2048,1,2048,1,1029.82
attention,1024,2048,1,4096,1,1122.47
attention,1024,2048,1,8192,1,1438.12
attention,1024,2048,1,16384,1,1958.68
attention,1024,2048,2,16,1,1014.96
attention,1024,2048,2,32,1,1015.4
attention,1024,2048,2,64,1,1011.79
attention,1024,2048,2,128,1,1020.12
attention,1024,2048,2,256,1,1023.21
attention,1024,2048,2,512,1,1032.45
attention,1024,2048,2,1024,1,1049.63
attention,1024,2048,2,2048,1,1101.94
attention,1024,2048,2,4096,1,1218.24
attention,1024,2048,2,8192,1,1598.39
attention,1024,2048,2,16384,1,2258.31
attention,1024,2048,4,16,1,1032.41
attention,1024,2048,4,32,1,1032.62
attention,1024,2048,4,64,1,1034.35
attention,1024,2048,4,128,1,1041.95
attention,1024,2048,4,256,1,1050.66
attention,1024,2048,4,512,1,1068.37
attention,1024,2048,4,1024,1,1111.66
attention,1024,2048,4,2048,1,1180.64
attention,1024,2048,4,4096,1,1395.97
attention,1024,2048,4,8192,1,1899.75
attention,1024,2048,4,16384,1,2813.7
attention,1024,2048,8,16,1,1071.45
attention,1024,2048,8,32,1,1072.94
attention,1024,2048,8,64,1,1074.16
attention,1024,2048,8,128,1,1093.37
attention,1024,2048,8,256,1,1111.9
attention,1024,2048,8,512,1,1153.94
attention,1024,2048,8,1024,1,1235.62
attention,1024,2048,8,2048,1,1398.65
attention,1024,2048,8,4096,1,1750.46
attention,1024,2048,8,8192,1,2533.27
attention,1024,2048,8,16384,1,4097.11
attention,1024,2048,16,16,1,1152.62
attention,1024,2048,16,32,1,1152.77
attention,1024,2048,16,64,1,1154.06
attention,1024,2048,16,128,1,1193.58
attention,1024,2048,16,256,1,1235.47
attention,1024,2048,16,512,1,1317.1
attention,1024,2048,16,1024,1,1482.55
attention,1024,2048,16,2048,1,1794.83
attention,1024,2048,16,4096,1,2470.69
attention,1024,2048,16,8192,1,3889.52
attention,1024,2048,16,16384,1,6783.2
attention,1024,2048,32,16,1,1311.61
attention,1024,2048,32,32,1,1314.37
attention,1024,2048,32,64,1,1314.44
attention,1024,2048,32,128,1,1395.14
attention,1024,2048,32,256,1,1476.14
attention,1024,2048,32,512,1,1639.39
attention,1024,2048,32,1024,1,1963.5
attention,1024,2048,32,2048,1,2603.9
attention,1024,2048,32,4096,1,3916.33
attention,1024,2048,32,8192,1,6779.8
attention,1024,2048,32,16384,1,18767.5
attention,1024,2048,64,16,1,1624.9
attention,1024,2048,64,32,1,1626.99
attention,1024,2048,64,64,1,1632.02
attention,1024,2048,64,128,1,1793.44
attention,1024,2048,64,256,1,1955.76
attention,1024,2048,64,512,1,2280.14
attention,1024,2048,64,1024,1,2952.72
attention,1024,2048,64,2048,1,4257.7
attention,1024,2048,64,4096,1,7119.18
attention,1024,2048,64,8192,1,20869.4
attention,1024,2048,64,16384,1,43216.3
attention,1024,2048,128,16,1,2244.74
attention,1024,2048,128,32,1,2250.36
attention,1024,2048,128,64,1,2262.66
attention,1024,2048,128,128,1,2585.3
attention,1024,2048,128,256,1,2915.59
attention,1024,2048,128,512,1,3621.64
attention,1024,2048,128,1024,1,5044.66
attention,1024,2048,128,2048,1,8019.15
attention,1024,2048,128,4096,1,33354.5
attention,1024,2048,128,8192,1,66794.9
attention,1024,2048,128,16384,1,132958
attention,1024,4096,0,0,1,1700.97
attention,1024,4096,1,16,1,1708.65
attention,1024,4096,1,32,1,1710.7
attention,1024,4096,1,64,1,1710
attention,1024,4096,1,128,1,1714.5
attention,1024,4096,1,256,1,1717.19
attention,1024,4096,1,512,1,1719.74
attention,1024,4096,1,1024,1,1722.25
attention,1024,4096,1,2048,1,1727.88
attention,1024,4096,1,4096,1,1736.56
attention,1024,4096,1,8192,1,1965.22
attention,1024,4096,1,16384,1,2620.49
attention,1024,4096,2,16,1,1719.38
attention,1024,4096,2,32,1,1721.29
attention,1024,4096,2,64,1,1722.18
attention,1024,4096,2,128,1,1724.36
attention,1024,4096,2,256,1,1729.07
attention,1024,4096,2,512,1,1734.34
attention,1024,4096,2,1024,1,1745.89
attention,1024,4096,2,2048,1,1771.76
attention,1024,4096,2,4096,1,1926.99
attention,1024,4096,2,8192,1,2161.84
attention,1024,4096,2,16384,1,2900.35
attention,1024,4096,4,16,1,1738.14
attention,1024,4096,4,32,1,1738.07
attention,1024,4096,4,64,1,1739.1
attention,1024,4096,4,128,1,1745.95
attention,1024,4096,4,256,1,1752.9
attention,1024,4096,4,512,1,1769.97
attention,1024,4096,4,1024,1,1804.79
attention,1024,4096,4,2048,1,1885.42
attention,1024,4096,4,4096,1,2005.16
attention,1024,4096,4,8192,1,2478.08
attention,1024,4096,4,16384,1,3486.57
attention,1024,4096,8,16,1,1778.18
attention,1024,4096,8,32,1,1777.84
attention,1024,4096,8,64,1,1778.78
attention,1024,4096,8,128,1,1796.29
attention,1024,4096,8,256,1,1812.35
attention,1024,4096,8,512,1,1848.16
attention,1024,4096,8,1024,1,1934.25
attention,1024,4096,8,2048,1,2110.12
attention,1024,4096,8,4096,1,2456
attention,1024,4096,8,8192,1,3171.25
attention,1024,4096,8,16384,1,4755.24
attention,1024,4096,16,16,1,1853.53
attention,1024,4096,16,32,1,1855.85
attention,1024,4096,16,64,1,1855.62
attention,1024,4096,16,128,1,1892.45
attention,1024,4096,16,256,1,1931.48
attention,1024,4096,16,512,1,2013.25
attention,1024,4096,16,1024,1,2186.42
attention,1024,4096,16,2048,1,2510.49
attention,1024,4096,16,4096,1,3111.69
attention,1024,4096,16,8192,1,4530.28
attention,1024,4096,16,16384,1,7371.54
attention,1024,4096,32,16,1,2009.36
attention,1024,4096,32,32,1,2009.86
attention,1024,4096,32,64,1,2011.2
attention,1024,4096,32,128,1,2094.07
attention,1024,4096,32,256,1,2179.86
attention,1024,4096,32,512,1,2343.49
attention,1024,4096,32,1024,1,2675.42
attention,1024,4096,32,2048,1,3327.79
attention,1024,4096,32,4096,1,4608.96
attention,1024,4096,32,8192,1,7360.54
attention,1024,4096,32,16384,1,24697
attention,1024,4096,64,16,1,2331.65
attention,1024,4096,64,32,1,2332.43
attention,1024,4096,64,64,1,2338.16
attention,1024,4096,64,128,1,2501.25
attention,1024,4096,64,256,1,2664.27
attention,1024,4096,64,512,1,2991.92
attention,1024,4096,64,1024,1,3670.93
attention,1024,4096,64,2048,1,4996.7
attention,1024,4096,64,4096,1,7774.46
attention,1024,4096,64,8192,1,26413.9
attention,1024,4096,64,16384,1,64503.4
attention,1024,4096,128,16,1,2964.32
attention,1024,4096,128,32,1,2968.49
attention,1024,4096,128,64,1,2979.68
attention,1024,4096,128,128,1,3307.04
attention,1024,4096,128,256,1,3638.79
attention,1024,4096,128,512,1,4336.77
attention,1024,4096,128,1024,1,5777.57
attention,1024,4096,128,2048,1,8842.69
attention,1024,4096,128,4096,1,26888.1
attention,1024,4096,128,8192,1,66874.2
attention,1024,4096,128,16384,1,133148
attention,1024,8192,0,0,1,3111.3
attention,1024,8192,1,16,1,3122.06
attention,1024,8192,1,32,1,3118.53
attention,1024,8192,1,64,1,3120.62
attention,1024,8192,1,128,1,3125.27
attention,1024,8192,1,256,1,3127.87
attention,1024,8192,1,512,1,3126.53
attention,1024,8192,1,1024,1,3131.54
attention,1024,8192,1,2048,1,3132.68
attention,1024,8192,1,4096,1,3135.29
attention,1024,8192,1,8192,1,3144.81
attention,1024,8192,1,16384,1,3611.7
attention,1024,8192,2,16,1,3129.96
attention,1024,8192,2,32,1,3130.05
attention,1024,8192,2,64,1,3129.44
attention,1024,8192,2,128,1,3135.65
attention,1024,8192,2,256,1,3139.15
attention,1024,8192,2,512,1,3143.94
attention,1024,8192,2,1024,1,3155.82
attention,1024,8192,2,2048,1,3167.76
attention,1024,8192,2,4096,1,3183.81
attention,1024,8192,2,8192,1,3570.86
attention,1024,8192,2,16384,1,4045.42
attention,1024,8192,4,16,1,3147.95
attention,1024,8192,4,32,1,3146.53
attention,1024,8192,4,64,1,3145.71
attention,1024,8192,4,128,1,3154.84
attention,1024,8192,4,256,1,3160.72
attention,1024,8192,4,512,1,3176.8
attention,1024,8192,4,1024,1,3210.12
attention,1024,8192,4,2048,1,3273.99
attention,1024,8192,4,4096,1,3414.34
attention,1024,8192,4,8192,1,3651.2
attention,1024,8192,4,16384,1,4598.78
attention,1024,8192,8,16,1,3184.8
attention,1024,8192,8,32,1,3185.15
attention,1024,8192,8,64,1,3186.66
attention,1024,8192,8,128,1,3202.16
attention,1024,8192,8,256,1,3220.43
attention,1024,8192,8,512,1,3252.7
attention,1024,8192,8,1024,1,3322.83
attention,1024,8192,8,2048,1,3499.86
attention,1024,8192,8,4096,1,3871.63
attention,1024,8192,8,8192,1,4573.98
attention,1024,8192,8,16384,1,5998.88
attention,1024,8192,16,16,1,3262.96
attention,1024,8192,16,32,1,3261.26
attention,1024,8192,16,64,1,3263.86
attention,1024,8192,16,128,1,3298.85
attention,1024,8192,16,256,1,3333.96
attention,1024,8192,16,512,1,3404.7
attention,1024,8192,16,1024,1,3573.18
attention,1024,8192,16,2048,1,3916.75
attention,1024,8192,16,4096,1,4586.03
attention,1024,8192,16,8192,1,5704.6
attention,1024,8192,16,16384,1,8568.53
attention,1024,8192,32,16,1,3409.36
attention,1024,8192,32,32,1,3411.07
attention,1024,8192,32,64,1,3412.37
attention,1024,8192,32,128,1,3485.17
attention,1024,8192,32,256,1,3564.31
attention,1024,8192,32,512,1,3739.41
attention,1024,8192,32,1024,1,4079.59
attention,1024,8192,32,2048,1,4749.62
attention,1024,8192,32,4096,1,6044.76
attention,1024,8192,32,8192,1,8671.51
attention,1024,8192,32,16384,1,15691.5
attention,1024,8192,64,16,1,3717.33
attention,1024,8192,64,32,1,3721.03
attention,1024,8192,64,64,1,3726.48
attention,1024,8192,64,128,1,3899.45
attention,1024,8192,64,256,1,4067.06
attention,1024,8192,64,512,1,4401.19
attention,1024,8192,64,1024,1,5084.89
attention,1024,8192,64,2048,1,6424.3
attention,1024,8192,64,4096,1,9124.07
attention,1024,8192,64,8192,1,16634.4
attention,1024,8192,64,16384,1,52254.1
attention,1024,8192,128,16,1,4376.21
attention,1024,8192,128,32,1,4385.25
attention,1024,8192,128,64,1,4393.97
attention,1024,8192,128,128,1,4723.03
attention,1024,8192,128,256,1,5060.74
attention,1024,8192,128,512,1,5749.47
attention,1024,8192,128,1024,1,7171.78
attention,1024,8192,128,2048,1,10521.9
attention,1024,8192,128,4096,1,29759.8
attention,1024,8192,128,8192,1,53386.2
attention,1024,8192,128,16384,1,133445
attention,1024,16384,0,0,1,5935.72
attention,1024,16384,1,16,1,5945.85
attention,1024,16384,1,32,1,5944.53
attention,1024,16384,1,64,1,5944.96
attention,1024,16384,1,128,1,5947.88
attention,1024,16384,1,256,1,5949.79
attention,1024,16384,1,512,1,5949.38
attention,1024,16384,1,1024,1,5953.76
attention,1024,16384,1,2048,1,5956.19
attention,1024,16384,1,4096,1,5958.46
attention,1024,16384,1,8192,1,5957.79
attention,1024,16384,1,16384,1,5971.97
attention,1024,16384,2,16,1,5954.31
attention,1024,16384,2,32,1,5953.72
attention,1024,16384,2,64,1,5952.93
attention,1024,16384,2,128,1,5956.56
attention,1024,16384,2,256,1,5959.52
attention,1024,16384,2,512,1,5966.13
attention,1024,16384,2,1024,1,5976.41
attention,1024,16384,2,2048,1,5988.84
attention,1024,16384,2,4096,1,5988.79
attention,1024,16384,2,8192,1,6011.75
attention,1024,16384,2,16384,1,6867.65
attention,1024,16384,4,16,1,5970.4
attention,1024,16384,4,32,1,5970.09
attention,1024,16384,4,64,1,5969.26
attention,1024,16384,4,128,1,5979.31
attention,1024,16384,4,256,1,5985.56
attention,1024,16384,4,512,1,6000.61
attention,1024,16384,4,1024,1,6029.09
attention,1024,16384,4,2048,1,6088.83
attention,1024,16384,4,4096,1,6215.29
attention,1024,16384,4,8192,1,6474.23
attention,1024,16384,4,16384,1,6950.36
attention,1024,16384,8,16,1,6007.42
attention,1024,16384,8,32,1,6008.78
attention,1024,16384,8,64,1,6008.23
attention,1024,16384,8,128,1,6023.19
attention,1024,16384,8,256,1,6037.92
attention,1024,16384,8,512,1,6073.78
attention,1024,16384,8,1024,1,6140.85
attention,1024,16384,8,2048,1,6268.06
attention,1024,16384,8,4096,1,6658.88
attention,1024,16384,8,8192,1,7402.98
attention,1024,16384,8,16384,1,8817.64
attention,1024,16384,16,16,1,6082.93
attention,1024,16384,16,32,1,6082.24
attention,1024,16384,16,64,1,6084.33
attention,1024,16384,16,128,1,6118.69
attention,1024,16384,16,256,1,6155.35
attention,1024,16384,16,512,1,6225.15
attention,1024,16384,16,1024,1,6372.93
attention,1024,16384,16,2048,1,6692.83
attention,1024,16384,16,4096,1,7355.24
attention,1024,16384,16,8192,1,8600.45
attention,1024,16384,16,16384,1,10895.4
attention,1024,16384,32,16,1,6230.43
attention,1024,16384,32,32,1,6230.3
attention,1024,16384,32,64,1,6234.56
attention,1024,16384,32,128,1,6304.93
attention,1024,16384,32,256,1,6377.84
attention,1024,16384,32,512,1,6528.07
attention,1024,16384,32,1024,1,6868.01
attention,1024,16384,32,2048,1,7556.22
attention,1024,16384,32,4096,1,8895.59
attention,1024,16384,32,8192,1,11519.6
attention,1024,16384,32,16384,1,16826.7
attention,1024,16384,64,16,1,6525.05
attention,1024,16384,64,32,1,6525.87
attention,1024,16384,64,64,1,6530.57
attention,1024,16384,64,128,1,6682.83
attention,1024,16384,64,256,1,6838.47
attention,1024,16384,64,512,1,7181.03
attention,1024,16384,64,1024,1,7891.46
attention,1024,16384,64,2048,1,9268.83
attention,1024,16384,64,4096,1,12089.8
attention,1024,16384,64,8192,1,18863.6
attention,1024,16384,64,16384,1,32641.1
attention,1024,16384,128,16,1,7162.95
attention,1024,16384,128,32,1,7166.37
attention,1024,16384,128,64,1,7177.9
attention,1024,16384,128,128,1,7521.81
attention,1024,16384,128,256,1,7869.59
attention,1024,16384,128,512,1,8563.28
attention,1024,16384,128,1024,1,9968.62
attention,1024,16384,128,2048,1,13180.1
attention,1024,16384,128,4096,1,35220.5
attention,1024,16384,128,8192,1,59092.9
attention,1024,16384,128,16384,1,106412
attention,2048,0,0,0,1,881.261
attention,2048,0,1,16,1,892.632
attention,2048,0,1,32,1,893.239
attention,2048,0,1,64,1,892.663
attention,2048,0,1,128,1,894.838
attention,2048,0,1,256,1,897.559
attention,2048,0,1,512,1,903.201
attention,2048,0,1,1024,1,912.983
attention,2048,0,1,2048,1,932.001
attention,2048,0,1,4096,1,1077.03
attention,2048,0,1,8192,1,1365
attention,2048,0,1,16384,1,1893.4
attention,2048,0,2,16,1,906.743
attention,2048,0,2,32,1,907.415
attention,2048,0,2,64,1,906.872
attention,2048,0,2,128,1,911.832
attention,2048,0,2,256,1,916.621
attention,2048,0,2,512,1,927.414
attention,2048,0,2,1024,1,947.297
attention,2048,0,2,2048,1,985.795
attention,2048,0,2,4096,1,1168.52
attention,2048,0,2,8192,1,1518.12
attention,2048,0,2,16384,1,2183.9
attention,2048,0,4,16,1,936.044
attention,2048,0,4,32,1,937.217
attention,2048,0,4,64,1,937.164
attention,2048,0,4,128,1,945.954
attention,2048,0,4,256,1,956.547
attention,2048,0,4,512,1,976.855
attention,2048,0,4,1024,1,1016.71
attention,2048,0,4,2048,1,1094.05
attention,2048,0,4,4096,1,1352
attention,2048,0,4,8192,1,1842.04
attention,2048,0,4,16384,1,2754.77
attention,2048,0,8,16,1,1000.73
attention,2048,0,8,32,1,1001.2
attention,2048,0,8,64,1,1001.75
attention,2048,0,8,128,1,1022.03
attention,2048,0,8,256,1,1043.17
attention,2048,0,8,512,1,1082.84
attention,2048,0,8,1024,1,1162.91
attention,2048,0,8,2048,1,1319.29
attention,2048,0,8,4096,1,1728.23
attention,2048,0,8,8192,1,2522.64
attention,2048,0,8,16384,1,4072.02
attention,2048,0,16,16,1,1127.11
attention,2048,0,16,32,1,1128.02
attention,2048,0,16,64,1,1129.29
attention,2048,0,16,128,1,1169.23
attention,2048,0,16,256,1,1208.76
attention,2048,0,16,512,1,1289.85
attention,2048,0,16,1024,1,1449.4
attention,2048,0,16,2048,1,1767.82
attention,2048,0,16,4096,1,2491.97
attention,2048,0,16,8192,1,3909.3
attention,2048,0,16,16384,1,6717.59
attention,2048,0,32,16,1,1374.09
attention,2048,0,32,32,1,1375.49
attention,2048,0,32,64,1,1377.33
attention,2048,0,32,128,1,1457.46
attention,2048,0,32,256,1,1539.63
attention,2048,0,32,512,1,1697.32
attention,2048,0,32,1024,1,2024.05
attention,2048,0,32,2048,1,2664.71
attention,2048,0,32,4096,1,4029.88
attention,2048,0,32,8192,1,6778.88
attention,2048,0,32,16384,1,18342.1
attention,2048,0,64,16,1,1862.41
attention,2048,0,64,32,1,1864.16
attention,2048,0,64,64,1,1870.4
attention,2048,0,64,128,1,2030.92
attention,2048,0,64,256,1,2192.28
attention,2048,0,64,512,1,2516.97
attention,2048,0,64,1024,1,3188.23
attention,2048,0,64,2048,1,4498.63
attention,2048,0,64,4096,1,7357.34
attention,2048,0,64,8192,1,18498.2
attention,2048,0,64,16384,1,34801.2
attention,2048,0,128,16,1,2834.62
attention,2048,0,128,32,1,2840.5
attention,2048,0,128,64,1,2851.93
attention,2048,0,128,128,1,3173
attention,2048,0,128,256,1,3508.16
attention,2048,0,128,512,1,4194.84
attention,2048,0,128,1024,1,5622.51
attention,2048,0,128,2048,1,8729.14
attention,2048,0,128,4096,1,27742.3
attention,2048,0,128,8192,1,57411.1
attention,2048,0,128,16384,1,115862
attention,2048,16,0,0,1,926.146
attention,2048,16,1,16,1,937.272
attention,2048,16,1,32,1,937.889
attention,2048,16,1,64,1,937.548
attention,2048,16,1,128,1,940.353
attention,2048,16,1,256,1,943.203
attention,2048,16,1,512,1,947.073
attention,2048,16,1,1024,1,957.612
attention,2048,16,1,2048,1,976.14
attention,2048,16,1,4096,1,1114.48
attention,2048,16,1,8192,1,1403.96
attention,2048,16,1,16384,1,1940.49
attention,2048,16,2,16,1,952.621
attention,2048,16,2,32,1,952.216
attention,2048,16,2,64,1,952.056
attention,2048,16,2,128,1,955.639
attention,2048,16,2,256,1,962.893
attention,2048,16,2,512,1,972.215
attention,2048,16,2,1024,1,992.131
attention,2048,16,2,2048,1,1031.24
attention,2048,16,2,4096,1,1208.54
attention,2048,16,2,8192,1,1561.09
attention,2048,16,2,16384,1,2225.64
attention,2048,16,4,16,1,981.185
attention,2048,16,4,32,1,981.08
attention,2048,16,4,64,1,981.869
attention,2048,16,4,128,1,991.159
attention,2048,16,4,256,1,1001.61
attention,2048,16,4,512,1,1021.99
attention,2048,16,4,1024,1,1061.59
attention,2048,16,4,2048,1,1138.98
attention,2048,16,4,4096,1,1390.46
attention,2048,16,4,8192,1,1882.01
attention,2048,16,4,16384,1,2803.55
attention,2048,16,8,16,1,1047.62
attention,2048,16,8,32,1,1046.6
attention,2048,16,8,64,1,1046.69
attention,2048,16,8,128,1,1067.27
attention,2048,16,8,256,1,1088.62
attention,2048,16,8,512,1,1126.89
attention,2048,16,8,1024,1,1206.81
attention,2048,16,8,2048,1,1362.68
attention,2048,16,8,4096,1,1768.2
attention,2048,16,8,8192,1,2563.17
attention,2048,16,8,16384,1,4117.65
attention,2048,16,16,16,1,1172.21
attention,2048,16,16,32,1,1173.44
attention,2048,16,16,64,1,1174.23
attention,2048,16,16,128,1,1213.18
attention,2048,16,16,256,1,1254.35
attention,2048,16,16,512,1,1334.87
attention,2048,16,16,1024,1,1496.22
attention,2048,16,16,2048,1,1809.4
attention,2048,16,16,4096,1,2530.63
attention,2048,16,16,8192,1,3950.9
attention,2048,16,16,16384,1,6762.89
attention,2048,16,32,16,1,1419.4
attention,2048,16,32,32,1,1420.35
attention,2048,16,32,64,1,1422.86
attention,2048,16,32,128,1,1502.81
attention,2048,16,32,256,1,1583.84
attention,2048,16,32,512,1,1742.61
attention,2048,16,32,1024,1,2067.73
attention,2048,16,32,2048,1,2706
attention,2048,16,32,4096,1,4070.73
attention,2048,16,32,8192,1,6821.36
attention,2048,16,32,16384,1,18168.9
attention,2048,16,64,16,1,1907.35
attention,2048,16,64,32,1,1909.28
attention,2048,16,64,64,1,1914.76
attention,2048,16,64,128,1,2075.55
attention,2048,16,64,256,1,2236.01
attention,2048,16,64,512,1,2562.81
attention,2048,16,64,1024,1,3235.38
attention,2048,16,64,2048,1,4538.14
attention,2048,16,64,4096,1,7411.75
attention,2048,16,64,8192,1,18551.6
attention,2048,16,64,16384,1,36880.1
attention,2048,16,128,16,1,2881.2
attention,2048,16,128,32,1,2885.85
attention,2048,16,128,64,1,2897.01
attention,2048,16,128,128,1,3219.04
attention,2048,16,128,256,1,3553.83
attention,2048,16,128,512,1,4243.69
attention,2048,16,128,1024,1,5668.36
attention,2048,16,128,2048,1,8766.48
attention,2048,16,128,4096,1,28338.5
attention,2048,16,128,8192,1,57881.9
attention,2048,16,128,16384,1,116874
attention,2048,32,0,0,1,927.179
attention,2048,32,1,16,1,937.815
attention,2048,32,1,32,1,937.719
attention,2048,32,1,64,1,938.7
attention,2048,32,1,128,1,939.766
attention,2048,32,1,256,1,942.497
attention,2048,32,1,512,1,947.851
attention,2048,32,1,1024,1,958.082
attention,2048,32,1,2048,1,976.589
attention,2048,32,1,4096,1,1114.41
attention,2048,32,1,8192,1,1404.35
attention,2048,32,1,16384,1,1939.85
attention,2048,32,2,16,1,952.227
attention,2048,32,2,32,1,951.832
attention,2048,32,2,64,1,951.981
attention,2048,32,2,128,1,956.951
attention,2048,32,2,256,1,962.626
attention,2048,32,2,512,1,972.726
attention,2048,32,2,1024,1,992.343
attention,2048,32,2,2048,1,1031.98
attention,2048,32,2,4096,1,1207.63
attention,2048,32,2,8192,1,1560.1
attention,2048,32,2,16384,1,2227.59
attention,2048,32,4,16,1,980.365
attention,2048,32,4,32,1,981.591
attention,2048,32,4,64,1,980.568
attention,2048,32,4,128,1,991.063
attention,2048,32,4,256,1,1001.99
attention,2048,32,4,512,1,1021.2
attention,2048,32,4,1024,1,1061.73
attention,2048,32,4,2048,1,1138.61
attention,2048,32,4,4096,1,1390.77
attention,2048,32,4,8192,1,1882.03
attention,2048,32,4,16384,1,2803.33
attention,2048,32,8,16,1,1046.86
attention,2048,32,8,32,1,1046.8
attention,2048,32,8,64,1,1047.84
attention,2048,32,8,128,1,1067.28
attention,2048,32,8,256,1,1087.43
attention,2048,32,8,512,1,1127.03
attention,2048,32,8,1024,1,1208.34
attention,2048,32,8,2048,1,1361.81
attention,2048,32,8,4096,1,1768.36
attention,2048,32,8,8192,1,2563.16
attention,2048,32,8,16384,1,4117.25
attention,2048,32,16,16,1,1172.55
attention,2048,32,16,32,1,1174.12
attention,2048,32,16,64,1,1174.76
attention,2048,32,16,128,1,1213.89
attention,2048,32,16,256,1,1254.26
attention,2048,32,16,512,1,1334.63
attention,2048,32,16,1024,1,1496.44
attention,2048,32,16,2048,1,1808.52
attention,2048,32,16,4096,1,2529.7
attention,2048,32,16,8192,1,3952.35
attention,2048,32,16,16384,1,6765.02
attention,2048,32,32,16,1,1419.65
attention,2048,32,32,32,1,1420.91
attention,2048,32,32,64,1,1423.44
attention,2048,32,32,128,1,1503.49
attention,2048,32,32,256,1,1583.94
attention,2048,32,32,512,1,1742.54
attention,2048,32,32,1024,1,2068.2
attention,2048,32,32,2048,1,2707.41
attention,2048,32,32,4096,1,4069.26
attention,2048,32,32,8192,1,6821.24
attention,2048,32,32,16384,1,18309.8
attention,2048,32,64,16,1,1907.5
attention,2048,32,64,32,1,1909.89
attention,2048,32,64,64,1,1915.9
attention,2048,32,64,128,1,2074.85
attention,2048,32,64,256,1,2236.26
attention,2048,32,64,512,1,2561.84
attention,2048,32,64,1024,1,3235.29
attention,2048,32,64,2048,1,4539.11
attention,2048,32,64,4096,1,7415.85
attention,2048,32,64,8192,1,18537.2
attention,2048,32,64,16384,1,36965.9
attention,2048,32,128,16,1,2881.58
attention,2048,32,128,32,1,2886.61
attention,2048,32,128,64,1,2897.28
attention,2048,32,128,128,1,3219.19
attention,2048,32,128,256,1,3555.18
attention,2048,32,128,512,1,4243.82
attention,2048,32,128,1024,1,5669.62
attention,2048,32,128,2048,1,8765.66
attention,2048,32,128,4096,1,28287.2
attention,2048,32,128,8192,1,58062.2
attention,2048,32,128,16384,1,117303
attention,2048,64,0,0,1,927.574
attention,2048,64,1,16,1,938.935
attention,2048,64,1,32,1,938.977
attention,2048,64,1,64,1,938.466
attention,2048,64,1,128,1,940.908
attention,2048,64,1,256,1,942.647
attention,2048,64,1,512,1,947.842
attention,2048,64,1,1024,1,958.199
attention,2048,64,1,2048,1,977.539
attention,2048,64,1,4096,1,1114.66
attention,2048,64,1,8192,1,1405.18
attention,2048,64,1,16384,1,1940.38
attention,2048,64,2,16,1,951.553
attention,2048,64,2,32,1,952.174
attention,2048,64,2,64,1,952.418
attention,2048,64,2,128,1,957.069
attention,2048,64,2,256,1,962.349
attention,2048,64,2,512,1,972.61
attention,2048,64,2,1024,1,993.176
attention,2048,64,2,2048,1,1032.44
attention,2048,64,2,4096,1,1207.75
attention,2048,64,2,8192,1,1560.77
attention,2048,64,2,16384,1,2227.29
attention,2048,64,4,16,1,981.859
attention,2048,64,4,32,1,980.738
attention,2048,64,4,64,1,981.367
attention,2048,64,4,128,1,991.48
attention,2048,64,4,256,1,1001.34
attention,2048,64,4,512,1,1021.85
attention,2048,64,4,1024,1,1062.11
attention,2048,64,4,2048,1,1139.03
attention,2048,64,4,4096,1,1391.02
attention,2048,64,4,8192,1,1881.73
attention,2048,64,4,16384,1,2803.59
attention,2048,64,8,16,1,1047.15
attention,2048,64,8,32,1,1047.47
attention,2048,64,8,64,1,1048.13
attention,2048,64,8,128,1,1067.7
attention,2048,64,8,256,1,1088.72
attention,2048,64,8,512,1,1127.61
attention,2048,64,8,1024,1,1208.58
attention,2048,64,8,2048,1,1363.08
attention,2048,64,8,4096,1,1769.97
attention,2048,64,8,8192,1,2563.53
attention,2048,64,8,16384,1,4118.45
attention,2048,64,16,16,1,1172.91
attention,2048,64,16,32,1,1173.53
attention,2048,64,16,64,1,1174.67
attention,2048,64,16,128,1,1215.37
attention,2048,64,16,256,1,1255.1
attention,2048,64,16,512,1,1334.83
attention,2048,64,16,1024,1,1496.98
attention,2048,64,16,2048,1,1810.36
attention,2048,64,16,4096,1,2529.5
attention,2048,64,16,8192,1,3952.2
attention,2048,64,16,16384,1,6764.13
attention,2048,64,32,16,1,1419.94
attention,2048,64,32,32,1,1421.18
attention,2048,64,32,64,1,1423.81
attention,2048,64,32,128,1,1503.99
attention,2048,64,32,256,1,1584.54
attention,2048,64,32,512,1,1742.85
attention,2048,64,32,1024,1,2068.95
attention,2048,64,32,2048,1,2706.59
attention,2048,64,32,4096,1,4069.85
attention,2048,64,32,8192,1,6823.99
attention,2048,64,32,16384,1,18207.4
attention,2048,64,64,16,1,1907.81
attention,2048,64,64,32,1,1910.16
attention,2048,64,64,64,1,1915.72
attention,2048,64,64,128,1,2075.63
attention,2048,64,64,256,1,2236.97
attention,2048,64,64,512,1,2562.96
attention,2048,64,64,1024,1,3234.99
attention,2048,64,64,2048,1,4538.56
attention,2048,64,64,4096,1,7416.76
attention,2048,64,64,8192,1,18519.1
attention,2048,64,64,16384,1,37010.8
attention,2048,64,128,16,1,2882.46
attention,2048,64,128,32,1,2887.51
attention,2048,64,128,64,1,2898.03
attention,2048,64,128,128,1,3219.79
attention,2048,64,128,256,1,3555.07
attention,2048,64,128,512,1,4243
attention,2048,64,128,1024,1,5669.76
attention,2048,64,128,2048,1,8771.04
attention,2048,64,128,4096,1,28665.8
attention,2048,64,128,8192,1,58068.2
attention,2048,64,128,16384,1,117081
attention,2048,128,0,0,1,967.671
attention,2048,128,1,16,1,977.666
attention,2048,128,1,32,1,977.238
attention,2048,128,1,64,1,977.794
attention,2048,128,1,128,1,980.717
attention,2048,128,1,256,1,983.885
attention,2048,128,1,512,1,988.706
attention,2048,128,1,1024,1,998.583
attention,2048,128,1,2048,1,1017.73
attention,2048,128,1,4096,1,1153.8
attention,2048,128,1,8192,1,1445.86
attention,2048,128,1,16384,1,1983.01
attention,2048,128,2,16,1,991.97
attention,2048,128,2,32,1,992.237
attention,2048,128,2,64,1,992.503
attention,2048,128,2,128,1,997.389
attention,2048,128,2,256,1,1002.27
attention,2048,128,2,512,1,1012.57
attention,2048,128,2,1024,1,1033.53
attention,2048,128,2,2048,1,1071.85
attention,2048,128,2,4096,1,1247.36
attention,2048,128,2,8192,1,1601.27
attention,2048,128,2,16384,1,2270.69
attention,2048,128,4,16,1,1020.67
attention,2048,128,4,32,1,1021.25
attention,2048,128,4,64,1,1021.49
attention,2048,128,4,128,1,1031.42
attention,2048,128,4,256,1,1041.72
attention,2048,128,4,512,1,1062.05
attention,2048,128,4,1024,1,1103.09
attention,2048,128,4,2048,1,1179.8
attention,2048,128,4,4096,1,1430.8
attention,2048,128,4,8192,1,1923.61
attention,2048,128,4,16384,1,2851.07
attention,2048,128,8,16,1,1087.35
attention,2048,128,8,32,1,1087.53
attention,2048,128,8,64,1,1088.7
attention,2048,128,8,128,1,1107.2
attention,2048,128,8,256,1,1127.07
attention,2048,128,8,512,1,1167.59
attention,2048,128,8,1024,1,1248.81
attention,2048,128,8,2048,1,1404
attention,2048,128,8,4096,1,1808.86
attention,2048,128,8,8192,1,2604.82
attention,2048,128,8,16384,1,4157.98
attention,2048,128,16,16,1,1213.73
attention,2048,128,16,32,1,1213.35
attention,2048,128,16,64,1,1214.6
attention,2048,128,16,128,1,1253.81
attention,2048,128,16,256,1,1294.96
attention,2048,128,16,512,1,1375.08
attention,2048,128,16,1024,1,1537.03
attention,2048,128,16,2048,1,1850.36
attention,2048,128,16,4096,1,2570.21
attention,2048,128,16,8192,1,3992.5
attention,2048,128,16,16384,1,6811.73
attention,2048,128,32,16,1,1459.93
attention,2048,128,32,32,1,1461.04
attention,2048,128,32,64,1,1463.4
attention,2048,128,32,128,1,1544.38
attention,2048,128,32,256,1,1624.3
attention,2048,128,32,512,1,1784.33
attention,2048,128,32,1024,1,2108.35
attention,2048,128,32,2048,1,2748.55
attention,2048,128,32,4096,1,4110.16
attention,2048,128,32,8192,1,6866.85
attention,2048,128,32,16384,1,19211.9
attention,2048,128,64,16,1,1948.86
attention,2048,128,64,32,1,1950.64
attention,2048,128,64,64,1,1955.31
attention,2048,128,64,128,1,2115.55
attention,2048,128,64,256,1,2277.3
attention,2048,128,64,512,1,2603.64
attention,2048,128,64,1024,1,3276.65
attention,2048,128,64,2048,1,4579.24
attention,2048,128,64,4096,1,7464.82
attention,2048,128,64,8192,1,18865.8
attention,2048,128,64,16384,1,39438.1
attention,2048,128,128,16,1,2922.59
attention,2048,128,128,32,1,2927.23
attention,2048,128,128,64,1,2939.84
attention,2048,128,128,128,1,3262.06
attention,2048,128,128,256,1,3596.21
attention,2048,128,128,512,1,4283.49
attention,2048,128,128,1024,1,5709.72
attention,2048,128,128,2048,1,8806.58
attention,2048,128,128,4096,1,30176.1
attention,2048,128,128,8192,1,58650.3
attention,2048,128,128,16384,1,117869
attention,2048,256,0,0,1,1051.48
attention,2048,256,1,16,1,1063.04
attention,2048,256,1,32,1,1064.39
attention,2048,256,1,64,1,1062.83
attention,2048,256,1,128,1,1066.22
attention,2048,256,1,256,1,1067.46
attention,2048,256,1,512,1,1071.65
attention,2048,256,1,1024,1,1082.05
attention,2048,256,1,2048,1,1103.2
attention,2048,256,1,4096,1,1232.35
attention,2048,256,1,8192,1,1522.26
attention,2048,256,1,16384,1,2069.64
attention,2048,256,2,16,1,1077.79
attention,2048,256,2,32,1,1076.87
attention,2048,256,2,64,1,1077.47
attention,2048,256,2,128,1,1082.56
attention,2048,256,2,256,1,1087.2
attention,2048,256,2,512,1,1097.84
attention,2048,256,2,1024,1,1116.63
attention,2048,256,2,2048,1,1157.82
attention,2048,256,2,4096,1,1324.67
attention,2048,256,2,8192,1,1680.46
attention,2048,256,2,16384,1,2353.87
attention,2048,256,4,16,1,1106.46
attention,2048,256,4,32,1,1106.26
attention,2048,256,4,64,1,1106.21
attention,2048,256,4,128,1,1115.75
attention,2048,256,4,256,1,1125.14
attention,2048,256,4,512,1,1146.21
attention,2048,256,4,1024,1,1186.58
attention,2048,256,4,2048,1,1263.52
attention,2048,256,4,4096,1,1509.28
attention,2048,256,4,8192,1,2005.37
attention,2048,256,4,16384,1,2943.45
attention,2048,256,8,16,1,1170.92
attention,2048,256,8,32,1,1171.08
attention,2048,256,8,64,1,1171.52
attention,2048,256,8,128,1,1190.41
attention,2048,256,8,256,1,1211.5
attention,2048,256,8,512,1,1251.08
attention,2048,256,8,1024,1,1333.6
attention,2048,256,8,2048,1,1489.02
attention,2048,256,8,4096,1,1888.78
attention,2048,256,8,8192,1,2686.88
attention,2048,256,8,16384,1,4247.05
attention,2048,256,16,16,1,1297.5
attention,2048,256,16,32,1,1298.09
attention,2048,256,16,64,1,1299.16
attention,2048,256,16,128,1,1339.33
attention,2048,256,16,256,1,1379.74
attention,2048,256,16,512,1,1458.83
attention,2048,256,16,1024,1,1621.37
attention,2048,256,16,2048,1,1935.17
attention,2048,256,16,4096,1,2650.61
attention,2048,256,16,8192,1,4076.27
attention,2048,256,16,16384,1,6905.02
attention,2048,256,32,16,1,1546.8
attention,2048,256,32,32,1,1547.17
attention,2048,256,32,64,1,1550.34
attention,2048,256,32,128,1,1628.4
attention,2048,256,32,256,1,1709.49
attention,2048,256,32,512,1,1869.22
attention,2048,256,32,1024,1,2193.9
attention,2048,256,32,2048,1,2832.82
attention,2048,256,32,4096,1,4188.95
attention,2048,256,32,8192,1,6949.68
attention,2048,256,32,16384,1,18725.4
attention,2048,256,64,16,1,2036.21
attention,2048,256,64,32,1,2038.89
attention,2048,256,64,64,1,2044.04
attention,2048,256,64,128,1,2200.39
attention,2048,256,64,256,1,2363.22
attention,2048,256,64,512,1,2688.57
attention,2048,256,64,1024,1,3362.9
attention,2048,256,64,2048,1,4664.95
attention,2048,256,64,4096,1,7557.1
attention,2048,256,64,8192,1,19537
attention,2048,256,64,16384,1,42261.8
attention,2048,256,128,16,1,3010.4
attention,2048,256,128,32,1,3014.78
attention,2048,256,128,64,1,3026.1
attention,2048,256,128,128,1,3346.73
attention,2048,256,128,256,1,3681
attention,2048,256,128,512,1,4368.72
attention,2048,256,128,1024,1,5795.55
attention,2048,256,128,2048,1,8868.87
attention,2048,256,128,4096,1,32312.9
attention,2048,256,128,8192,1,60778.3
attention,2048,256,128,16384,1,120705
attention,2048,512,0,0,1,1220.31
attention,2048,512,1,16,1,1230.76
attention,2048,512,1,32,1,1231.49
attention,2048,512,1,64,1,1230.38
attention,2048,512,1,128,1,1232.54
attention,2048,512,1,256,1,1235.11
attention,2048,512,1,512,1,1240.36
attention,2048,512,1,1024,1,1251.07
attention,2048,512,1,2048,1,1270.71
attention,2048,512,1,4096,1,1383.88
attention,2048,512,1,8192,1,1679.65
attention,2048,512,1,16384,1,2237.78
attention,2048,512,2,16,1,1244.37
attention,2048,512,2,32,1,1244.78
attention,2048,512,2,64,1,1244.36
attention,2048,512,2,128,1,1250.21
attention,2048,512,2,256,1,1254.72
attention,2048,512,2,512,1,1264.61
attention,2048,512,2,1024,1,1285.91
attention,2048,512,2,2048,1,1325.41
attention,2048,512,2,4096,1,1478.28
attention,2048,512,2,8192,1,1841.32
attention,2048,512,2,16384,1,2518.64
attention,2048,512,4,16,1,1273.56
attention,2048,512,4,32,1,1273.46
attention,2048,512,4,64,1,1274.62
attention,2048,512,4,128,1,1283.6
attention,2048,512,4,256,1,1293.9
attention,2048,512,4,512,1,1313.82
attention,2048,512,4,1024,1,1356.67
attention,2048,512,4,2048,1,1432.81
attention,2048,512,4,4096,1,1664.94
attention,2048,512,4,8192,1,2166.66
attention,2048,512,4,16384,1,3121.87
attention,2048,512,8,16,1,1338.95
attention,2048,512,8,32,1,1339.32
attention,2048,512,8,64,1,1339.6
attention,2048,512,8,128,1,1359.41
attention,2048,512,8,256,1,1379.22
attention,2048,512,8,512,1,1420.4
attention,2048,512,8,1024,1,1501.7
attention,2048,512,8,2048,1,1657.12
attention,2048,512,8,4096,1,2046.41
attention,2048,512,8,8192,1,2849.84
attention,2048,512,8,16384,1,4416.12
attention,2048,512,16,16,1,1466.42
attention,2048,512,16,32,1,1466.58
attention,2048,512,16,64,1,1467.69
attention,2048,512,16,128,1,1508.28
attention,2048,512,16,256,1,1548.75
attention,2048,512,16,512,1,1627.36
attention,2048,512,16,1024,1,1789.9
attention,2048,512,16,2048,1,2106.4
attention,2048,512,16,4096,1,2810.86
attention,2048,512,16,8192,1,4234.39
attention,2048,512,16,16384,1,7091.8
attention,2048,512,32,16,1,1713.57
attention,2048,512,32,32,1,1715.15
attention,2048,512,32,64,1,1717.04
attention,2048,512,32,128,1,1797.02
attention,2048,512,32,256,1,1877.65
attention,2048,512,32,512,1,2040.99
attention,2048,512,32,1024,1,2364.38
attention,2048,512,32,2048,1,3004.35
attention,2048,512,32,4096,1,4345.23
attention,2048,512,32,8192,1,7116.61
attention,2048,512,32,16384,1,20196.7
attention,2048,512,64,16,1,2203.78
attention,2048,512,64,32,1,2205.89
attention,2048,512,64,64,1,2211.42
attention,2048,512,64,128,1,2370.72
attention,2048,512,64,256,1,2534.87
attention,2048,512,64,512,1,2859.09
attention,2048,512,64,1024,1,3533.86
attention,2048,512,64,2048,1,4836.21
attention,2048,512,64,4096,1,7693.89
attention,2048,512,64,8192,1,21156.5
attention,2048,512,64,16384,1,45598.6
attention,2048,512,128,16,1,3180.67
attention,2048,512,128,32,1,3185.87
attention,2048,512,128,64,1,3197.36
attention,2048,512,128,128,1,3519.96
attention,2048,512,128,256,1,3854.86
attention,2048,512,128,512,1,4536.07
attention,2048,512,128,1024,1,5964.63
attention,2048,512,128,2048,1,9064.01
attention,2048,512,128,4096,1,33489
attention,2048,512,128,8192,1,62919.9
attention,2048,512,128,16384,1,124421
attention,2048,1024,0,0,1,1556.21
attention,2048,1024,1,16,1,1566.34
attention,2048,1024,1,32,1,1565.32
attention,2048,1024,1,64,1,1565.62
attention,2048,1024,1,128,1,1567.51
attention,2048,1024,1,256,1,1570.89
attention,2048,1024,1,512,1,1576.4
attention,2048,1024,1,1024,1,1587.09
attention,2048,1024,1,2048,1,1605.34
attention,2048,1024,1,4096,1,1687.9
attention,2048,1024,1,8192,1,1986.17
attention,2048,1024,1,16384,1,2559.93
attention,2048,1024,2,16,1,1580.89
attention,2048,1024,2,32,1,1580.11
attention,2048,1024,2,64,1,1581.98
attention,2048,1024,2,128,1,1586.83
attention,2048,1024,2,256,1,1590.99
attention,2048,1024,2,512,1,1600.41
attention,2048,1024,2,1024,1,1622.06
attention,2048,1024,2,2048,1,1660.15
attention,2048,1024,2,4096,1,1785.39
attention,2048,1024,2,8192,1,2151.96
attention,2048,1024,2,16384,1,2846.94
attention,2048,1024,4,16,1,1608.77
attention,2048,1024,4,32,1,1613.13
attention,2048,1024,4,64,1,1608.53
attention,2048,1024,4,128,1,1620.52
attention,2048,1024,4,256,1,1630.45
attention,2048,1024,4,512,1,1649.25
attention,2048,1024,4,1024,1,1690.75
attention,2048,1024,4,2048,1,1769.72
attention,2048,1024,4,4096,1,1971.89
attention,2048,1024,4,8192,1,2483.75
attention,2048,1024,4,16384,1,3459.85
attention,2048,1024,8,16,1,1674.36
attention,2048,1024,8,32,1,1675.11
attention,2048,1024,8,64,1,1673.55
attention,2048,1024,8,128,1,1694.41
attention,2048,1024,8,256,1,1715.16
attention,2048,1024,8,512,1,1754.7
attention,2048,1024,8,1024,1,1837.69
attention,2048,1024,8,2048,1,1996.74
attention,2048,1024,8,4096,1,2357.39
attention,2048,1024,8,8192,1,3169.36
attention,2048,1024,8,16384,1,4744.32
attention,2048,1024,16,16,1,1802.36
attention,2048,1024,16,32,1,1800.71
attention,2048,1024,16,64,1,1803.89
attention,2048,1024,16,128,1,1842.91
attention,2048,1024,16,256,1,1882.29
attention,2048,1024,16,512,1,1962.87
attention,2048,1024,16,1024,1,2126.06
attention,2048,1024,16,2048,1,2445.65
attention,2048,1024,16,4096,1,3124.61
attention,2048,1024,16,8192,1,4561.45
attention,2048,1024,16,16384,1,7448.55
attention,2048,1024,32,16,1,2053.28
attention,2048,1024,32,32,1,2055.16
attention,2048,1024,32,64,1,2056.3
attention,2048,1024,32,128,1,2132.6
attention,2048,1024,32,256,1,2213.98
attention,2048,1024,32,512,1,2375.2
attention,2048,1024,32,1024,1,2703.08
attention,2048,1024,32,2048,1,3345.85
attention,2048,1024,32,4096,1,4662.63
attention,2048,1024,32,8192,1,7461.71
attention,2048,1024,32,16384,1,23271.8
attention,2048,1024,64,16,1,2544.18
attention,2048,1024,64,32,1,2548.07
attention,2048,1024,64,64,1,2552.1
attention,2048,1024,64,128,1,2710.06
attention,2048,1024,64,256,1,2872.55
attention,2048,1024,64,512,1,3197.56
attention,2048,1024,64,1024,1,3873.52
attention,2048,1024,64,2048,1,5181.91
attention,2048,1024,64,4096,1,8008.66
attention,2048,1024,64,8192,1,23681.1
attention,2048,1024,64,16384,1,47820
attention,2048,1024,128,16,1,3524.63
attention,2048,1024,128,32,1,3529.51
attention,2048,1024,128,64,1,3539.45
attention,2048,1024,128,128,1,3861.03
attention,2048,1024,128,256,1,4191.96
attention,2048,1024,128,512,1,4877.25
attention,2048,1024,128,1024,1,6299.1
attention,2048,1024,128,2048,1,9355.51
attention,2048,1024,128,4096,1,34079.1
attention,2048,1024,128,8192,1,67314.9
attention,2048,1024,128,16384,1,130362
attention,2048,2048,0,0,1,2227.52
attention,2048,2048,1,16,1,2236.95
attention,2048,2048,1,32,1,2236.64
attention,2048,2048,1,64,1,2236.32
attention,2048,2048,1,128,1,2239.39
attention,2048,2048,1,256,1,2240.55
attention,2048,2048,1,512,1,2246.44
attention,2048,2048,1,1024,1,2257.43
attention,2048,2048,1,2048,1,2278.05
attention,2048,2048,1,4096,1,2316.34
attention,2048,2048,1,8192,1,2596.77
attention,2048,2048,1,16384,1,3186.99
attention,2048,2048,2,16,1,2249.78
attention,2048,2048,2,32,1,2250.21
attention,2048,2048,2,64,1,2251.45
attention,2048,2048,2,128,1,2255.48
attention,2048,2048,2,256,1,2259.33
attention,2048,2048,2,512,1,2270.95
attention,2048,2048,2,1024,1,2293.59
attention,2048,2048,2,2048,1,2332.28
attention,2048,2048,2,4096,1,2413.01
attention,2048,2048,2,8192,1,2768.19
attention,2048,2048,2,16384,1,3488.5
attention,2048,2048,4,16,1,2279.96
attention,2048,2048,4,32,1,2279.35
attention,2048,2048,4,64,1,2278.99
attention,2048,2048,4,128,1,2287.81
attention,2048,2048,4,256,1,2300.75
attention,2048,2048,4,512,1,2320.53
attention,2048,2048,4,1024,1,2362.29
attention,2048,2048,4,2048,1,2442.62
attention,2048,2048,4,4096,1,2597.62
attention,2048,2048,4,8192,1,3108.69
attention,2048,2048,4,16384,1,4110.6
attention,2048,2048,8,16,1,2342.27
attention,2048,2048,8,32,1,2342.79
attention,2048,2048,8,64,1,2342.76
attention,2048,2048,8,128,1,2363.71
attention,2048,2048,8,256,1,2384.96
attention,2048,2048,8,512,1,2423.91
attention,2048,2048,8,1024,1,2507.57
attention,2048,2048,8,2048,1,2670.3
attention,2048,2048,8,4096,1,2984.81
attention,2048,2048,8,8192,1,3799.98
attention,2048,2048,8,16384,1,5399.22
attention,2048,2048,16,16,1,2471.12
attention,2048,2048,16,32,1,2471.12
attention,2048,2048,16,64,1,2472.4
attention,2048,2048,16,128,1,2513.31
attention,2048,2048,16,256,1,2554.93
attention,2048,2048,16,512,1,2632.49
attention,2048,2048,16,1024,1,2799.75
attention,2048,2048,16,2048,1,3123.14
attention,2048,2048,16,4096,1,3755.9
attention,2048,2048,16,8192,1,5197.95
attention,2048,2048,16,16384,1,8074.97
attention,2048,2048,32,16,1,2721.39
attention,2048,2048,32,32,1,2722.99
attention,2048,2048,32,64,1,2724.59
attention,2048,2048,32,128,1,2803.82
attention,2048,2048,32,256,1,2885.97
attention,2048,2048,32,512,1,3046.38
attention,2048,2048,32,1024,1,3376.28
attention,2048,2048,32,2048,1,4023.98
attention,2048,2048,32,4096,1,5293.36
attention,2048,2048,32,8192,1,8140.82
attention,2048,2048,32,16384,1,29992.3
attention,2048,2048,64,16,1,3218.45
attention,2048,2048,64,32,1,3220.07
attention,2048,2048,64,64,1,3224.51
attention,2048,2048,64,128,1,3384.43
attention,2048,2048,64,256,1,3547.87
attention,2048,2048,64,512,1,3873.74
attention,2048,2048,64,1024,1,4550.57
attention,2048,2048,64,2048,1,5864.55
attention,2048,2048,64,4096,1,8509.66
attention,2048,2048,64,8192,1,32513.5
attention,2048,2048,64,16384,1,63126
attention,2048,2048,128,16,1,4204.69
attention,2048,2048,128,32,1,4208.05
attention,2048,2048,128,64,1,4219.54
attention,2048,2048,128,128,1,4543.65
attention,2048,2048,128,256,1,4878.28
attention,2048,2048,128,512,1,5551.21
attention,2048,2048,128,1024,1,6977.27
attention,2048,2048,128,2048,1,10045
attention,2048,2048,128,4096,1,34052.2
attention,2048,2048,128,8192,1,67499.2
attention,2048,2048,128,16384,1,134180
attention,2048,4096,0,0,1,3560.96
attention,2048,4096,1,16,1,3569.25
attention,2048,4096,1,32,1,3569.33
attention,2048,4096,1,64,1,3569.01
attention,2048,4096,1,128,1,3572.74
attention,2048,4096,1,256,1,3575.04
attention,2048,4096,1,512,1,3581.54
attention,2048,4096,1,1024,1,3593.48
attention,2048,4096,1,2048,1,3618.11
attention,2048,4096,1,4096,1,3665.46
attention,2048,4096,1,8192,1,3813.06
attention,2048,4096,1,16384,1,4405.18
attention,2048,4096,2,16,1,3580.22
attention,2048,4096,2,32,1,3581.17
attention,2048,4096,2,64,1,3579.84
attention,2048,4096,2,128,1,3585.63
attention,2048,4096,2,256,1,3592.18
attention,2048,4096,2,512,1,3604.07
attention,2048,4096,2,1024,1,3631.4
attention,2048,4096,2,2048,1,3674.55
attention,2048,4096,2,4096,1,3751.75
attention,2048,4096,2,8192,1,3983.83
attention,2048,4096,2,16384,1,4731.87
attention,2048,4096,4,16,1,3604.98
attention,2048,4096,4,32,1,3603.37
attention,2048,4096,4,64,1,3603.58
attention,2048,4096,4,128,1,3615.95
attention,2048,4096,4,256,1,3627.37
attention,2048,4096,4,512,1,3656.29
attention,2048,4096,4,1024,1,3697.79
attention,2048,4096,4,2048,1,3783.49
attention,2048,4096,4,4096,1,3948.73
attention,2048,4096,4,8192,1,4335.35
attention,2048,4096,4,16384,1,5370.09
attention,2048,4096,8,16,1,3666.16
attention,2048,4096,8,32,1,3667.19
attention,2048,4096,8,64,1,3668.7
attention,2048,4096,8,128,1,3689.87
attention,2048,4096,8,256,1,3716.44
attention,2048,4096,8,512,1,3764.97
attention,2048,4096,8,1024,1,3849.06
attention,2048,4096,8,2048,1,4010.59
attention,2048,4096,8,4096,1,4335.29
attention,2048,4096,8,8192,1,5037.14
attention,2048,4096,8,16384,1,6684.51
attention,2048,4096,16,16,1,3801.9
attention,2048,4096,16,32,1,3800.99
attention,2048,4096,16,64,1,3801.08
attention,2048,4096,16,128,1,3845.59
attention,2048,4096,16,256,1,3888.53
attention,2048,4096,16,512,1,3975.36
attention,2048,4096,16,1024,1,4135.69
attention,2048,4096,16,2048,1,4466.7
attention,2048,4096,16,4096,1,5114.52
attention,2048,4096,16,8192,1,6451.06
attention,2048,4096,16,16384,1,9354.37
attention,2048,4096,32,16,1,4055.04
attention,2048,4096,32,32,1,4055.64
attention,2048,4096,32,64,1,4058.41
attention,2048,4096,32,128,1,4139.85
attention,2048,4096,32,256,1,4221.07
attention,2048,4096,32,512,1,4383.7
attention,2048,4096,32,1024,1,4714.92
attention,2048,4096,32,2048,1,5378.17
attention,2048,4096,32,4096,1,6662.55
attention,2048,4096,32,8192,1,9356.07
attention,2048,4096,32,16384,1,29271.6
attention,2048,4096,64,16,1,4560.39
attention,2048,4096,64,32,1,4562.26
attention,2048,4096,64,64,1,4566.22
attention,2048,4096,64,128,1,4725.91
attention,2048,4096,64,256,1,4889.8
attention,2048,4096,64,512,1,5220.67
attention,2048,4096,64,1024,1,5889.95
attention,2048,4096,64,2048,1,7212.62
attention,2048,4096,64,4096,1,9893.46
attention,2048,4096,64,8192,1,33525.6
attention,2048,4096,64,16384,1,66318.2
attention,2048,4096,128,16,1,5556.76
attention,2048,4096,128,32,1,5561.08
attention,2048,4096,128,64,1,5570.03
attention,2048,4096,128,128,1,5895.18
attention,2048,4096,128,256,1,6229.37
attention,2048,4096,128,512,1,6899.57
attention,2048,4096,128,1024,1,8307.1
attention,2048,4096,128,2048,1,11506.9
attention,2048,4096,128,4096,1,30882.2
attention,2048,4096,128,8192,1,67585
attention,2048,4096,128,16384,1,134277
attention,2048,8192,0,0,1,6157.42
attention,2048,8192,1,16,1,6163.26
attention,2048,8192,1,32,1,6164.82
attention,2048,8192,1,64,1,6162.67
attention,2048,8192,1,128,1,6165.45
attention,2048,8192,1,256,1,6166.16
attention,2048,8192,1,512,1,6177.77
attention,2048,8192,1,1024,1,6194.08
attention,2048,8192,1,2048,1,6233.14
attention,2048,8192,1,4096,1,6338.41
attention,2048,8192,1,8192,1,6478.4
attention,2048,8192,1,16384,1,6860.7
attention,2048,8192,2,16,1,6171.26
attention,2048,8192,2,32,1,6171
attention,2048,8192,2,64,1,6170.97
attention,2048,8192,2,128,1,6178.4
attention,2048,8192,2,256,1,6183.1
attention,2048,8192,2,512,1,6199.77
attention,2048,8192,2,1024,1,6233.93
attention,2048,8192,2,2048,1,6322.5
attention,2048,8192,2,4096,1,6451.53
attention,2048,8192,2,8192,1,6571.13
attention,2048,8192,2,16384,1,7179.72
attention,2048,8192,4,16,1,6192.4
attention,2048,8192,4,32,1,6193.2
attention,2048,8192,4,64,1,6193.23
attention,2048,8192,4,128,1,6203.35
attention,2048,8192,4,256,1,6220.74
attention,2048,8192,4,512,1,6250.6
attention,2048,8192,4,1024,1,6326.08
attention,2048,8192,4,2048,1,6455.79
attention,2048,8192,4,4096,1,6616
attention,2048,8192,4,8192,1,6995.51
attention,2048,8192,4,16384,1,7852.76
attention,2048,8192,8,16,1,6251.11
attention,2048,8192,8,32,1,6254.31
attention,2048,8192,8,64,1,6254.24
attention,2048,8192,8,128,1,6276.55
attention,2048,8192,8,256,1,6307.58
attention,2048,8192,8,512,1,6369.52
attention,2048,8192,8,1024,1,6501.04
attention,2048,8192,8,2048,1,6680.25
attention,2048,8192,8,4096,1,7011.19
attention,2048,8192,8,8192,1,7633.82
attention,2048,8192,8,16384,1,9165.77
attention,2048,8192,16,16,1,6390.96
attention,2048,8192,16,32,1,6390.19
attention,2048,8192,16,64,1,6392.03
attention,2048,8192,16,128,1,6445.46
attention,2048,8192,16,256,1,6498.41
attention,2048,8192,16,512,1,6610.31
attention,2048,8192,16,1024,1,6812.02
attention,2048,8192,16,2048,1,7140.84
attention,2048,8192,16,4096,1,7797.86
attention,2048,8192,16,8192,1,9119.21
attention,2048,8192,16,16384,1,11871.6
attention,2048,8192,32,16,1,6671.22
attention,2048,8192,32,32,1,6673.98
attention,2048,8192,32,64,1,6675.73
attention,2048,8192,32,128,1,6779.72
attention,2048,8192,32,256,1,6873.66
attention,2048,8192,32,512,1,7050.15
attention,2048,8192,32,1024,1,7397.31
attention,2048,8192,32,2048,1,8051.73
attention,2048,8192,32,4096,1,9375.13
attention,2048,8192,32,8192,1,11917
attention,2048,8192,32,16384,1,18584.4
attention,2048,8192,64,16,1,7216.63
attention,2048,8192,64,32,1,7221.64
attention,2048,8192,64,64,1,7224.49
attention,2048,8192,64,128,1,7387.29
attention,2048,8192,64,256,1,7554.83
attention,2048,8192,64,512,1,7885.14
attention,2048,8192,64,1024,1,8565.08
attention,2048,8192,64,2048,1,9925.39
attention,2048,8192,64,4096,1,12669.1
attention,2048,8192,64,8192,1,19280.3
attention,2048,8192,64,16384,1,59445.6
attention,2048,8192,128,16,1,8236.76
attention,2048,8192,128,32,1,8242.04
attention,2048,8192,128,64,1,8249.95
attention,2048,8192,128,128,1,8577.84
attention,2048,8192,128,256,1,8910.81
attention,2048,8192,128,512,1,9581.96
attention,2048,8192,128,1024,1,10959.3
attention,2048,8192,128,2048,1,14039.4
attention,2048,8192,128,4096,1,34525.5
attention,2048,8192,128,8192,1,59144.3
attention,2048,8192,128,16384,1,134599
attention,2048,16384,0,0,1,11325.1
attention,2048,16384,1,16,1,11337.4
attention,2048,16384,1,32,1,11337.1
attention,2048,16384,1,64,1,11337.2
attention,2048,16384,1,128,1,11338.9
attention,2048,16384,1,256,1,11347.3
attention,2048,16384,1,512,1,11353.8
attention,2048,16384,1,1024,1,11369.6
attention,2048,16384,1,2048,1,11409
attention,2048,16384,1,4096,1,11520.2
attention,2048,16384,1,8192,1,11749.8
attention,2048,16384,1,16384,1,12121
attention,2048,16384,2,16,1,11344.9
attention,2048,16384,2,32,1,11340.9
attention,2048,16384,2,64,1,11342.6
attention,2048,16384,2,128,1,11348.7
attention,2048,16384,2,256,1,11359.2
attention,2048,16384,2,512,1,11373.6
attention,2048,16384,2,1024,1,11404.6
attention,2048,16384,2,2048,1,11492.9
attention,2048,16384,2,4096,1,11665.8
attention,2048,16384,2,8192,1,12065.6
attention,2048,16384,2,16384,1,12215.9
attention,2048,16384,4,16,1,11363.6
attention,2048,16384,4,32,1,11366.2
attention,2048,16384,4,64,1,11368
attention,2048,16384,4,128,1,11383.1
attention,2048,16384,4,256,1,11391.9
attention,2048,16384,4,512,1,11423.8
attention,2048,16384,4,1024,1,11496.4
attention,2048,16384,4,2048,1,11647.8
attention,2048,16384,4,4096,1,11980.1
attention,2048,16384,4,8192,1,12261.8
attention,2048,16384,4,16384,1,13116.2
attention,2048,16384,8,16,1,11426.9
attention,2048,16384,8,32,1,11425.7
attention,2048,16384,8,64,1,11425.1
attention,2048,16384,8,128,1,11449.9
attention,2048,16384,8,256,1,11478.7
attention,2048,16384,8,512,1,11539.5
attention,2048,16384,8,1024,1,11671.3
attention,2048,16384,8,2048,1,11943.9
attention,2048,16384,8,4096,1,12367.2
attention,2048,16384,8,8192,1,13070.8
attention,2048,16384,8,16384,1,14218.3
attention,2048,16384,16,16,1,11564.2
attention,2048,16384,16,32,1,11567.7
attention,2048,16384,16,64,1,11567.6
attention,2048,16384,16,128,1,11616.3
attention,2048,16384,16,256,1,11673.4
attention,2048,16384,16,512,1,11780.7
attention,2048,16384,16,1024,1,12028.1
attention,2048,16384,16,2048,1,12491.5
attention,2048,16384,16,4096,1,13149.3
attention,2048,16384,16,8192,1,14393.5
attention,2048,16384,16,16384,1,17141.5
attention,2048,16384,32,16,1,11845.6
attention,2048,16384,32,32,1,11846.7
attention,2048,16384,32,64,1,11848.7
attention,2048,16384,32,128,1,11953.4
attention,2048,16384,32,256,1,12068.7
attention,2048,16384,32,512,1,12291.5
attention,2048,16384,32,1024,1,12707.3
attention,2048,16384,32,2048,1,13394.2
attention,2048,16384,32,4096,1,14753.9
attention,2048,16384,32,8192,1,17410
attention,2048,16384,32,16384,1,22417.4
attention,2048,16384,64,16,1,12467.7
attention,2048,16384,64,32,1,12471.8
attention,2048,16384,64,64,1,12476.6
attention,2048,16384,64,128,1,12666.6
attention,2048,16384,64,256,1,12845.3
attention,2048,16384,64,512,1,13215.8
attention,2048,16384,64,1024,1,13897.9
attention,2048,16384,64,2048,1,15246.7
attention,2048,16384,64,4096,1,18105.7
attention,2048,16384,64,8192,1,27191.6
attention,2048,16384,64,16384,1,37333
attention,2048,16384,128,16,1,13567.2
attention,2048,16384,128,32,1,13571.1
attention,2048,16384,128,64,1,13579.7
attention,2048,16384,128,128,1,13914.5
attention,2048,16384,128,256,1,14246.9
attention,2048,16384,128,512,1,14929.5
attention,2048,16384,128,1024,1,16299.4
attention,2048,16384,128,2048,1,19196.1
attention,2048,16384,128,4096,1,35933.3
attention,2048,16384,128,8192,1,69623.8
attention,2048,16384,128,16384,1,127507
indexer,0,0,1,16,1,24.8
indexer,0,0,1,32,1,24.864
indexer,0,0,1,64,1,24.864
indexer,0,0,1,128,1,24.352
indexer,0,0,1,256,1,24.515
indexer,0,0,1,512,1,25.053
indexer,0,0,1,1024,1,25.634
indexer,0,0,1,2048,1,25.95
indexer,0,0,1,4096,1,26.847
indexer,0,0,1,8192,1,28.577
indexer,0,0,1,16384,1,31.905
indexer,0,0,2,16,1,24.415
indexer,0,0,2,32,1,24.451
indexer,0,0,2,64,1,24.514
indexer,0,0,2,128,1,24.159
indexer,0,0,2,256,1,24.287
indexer,0,0,2,512,1,24.575
indexer,0,0,2,1024,1,25.344
indexer,0,0,2,2048,1,25.824
indexer,0,0,2,4096,1,27.649
indexer,0,0,2,8192,1,31.905
indexer,0,0,2,16384,1,40.737
indexer,0,0,4,16,1,22.849
indexer,0,0,4,32,1,23.009
indexer,0,0,4,64,1,22.784
indexer,0,0,4,128,1,23.168
indexer,0,0,4,256,1,23.391
indexer,0,0,4,512,1,23.679
indexer,0,0,4,1024,1,24.352
indexer,0,0,4,2048,1,26.561
indexer,0,0,4,4096,1,30.495
indexer,0,0,4,8192,1,39.263
indexer,0,0,4,16384,1,56.768
indexer,0,0,8,16,1,22.72
indexer,0,0,8,32,1,22.66
indexer,0,0,8,64,1,22.624
indexer,0,0,8,128,1,23.227
indexer,0,0,8,256,1,23.457
indexer,0,0,8,512,1,23.998
indexer,0,0,8,1024,1,26.017
indexer,0,0,8,2048,1,30.238
indexer,0,0,8,4096,1,39.006
indexer,0,0,8,8192,1,56.543
indexer,0,0,8,16384,1,92.064
indexer,0,0,16,16,1,22.88
indexer,0,0,16,32,1,22.529
indexer,0,0,16,64,1,22.528
indexer,0,0,16,128,1,22.689
indexer,0,0,16,256,1,23.648
indexer,0,0,16,512,1,25.024
indexer,0,0,16,1024,1,29.793
indexer,0,0,16,2048,1,38.304
indexer,0,0,16,4096,1,56.194
indexer,0,0,16,8192,1,93.888
indexer,0,0,16,16384,1,182.112
indexer,0,0,32,16,1,23.038
indexer,0,0,32,32,1,23.071
indexer,0,0,32,64,1,22.816
indexer,0,0,32,128,1,24.417
indexer,0,0,32,256,1,26.624
indexer,0,0,32,512,1,30.912
indexer,0,0,32,1024,1,39.265
indexer,0,0,32,2048,1,56.448
indexer,0,0,32,4096,1,89.604
indexer,0,0,32,8192,1,194.304
indexer,0,0,32,16384,1,353.728
indexer,0,0,64,16,1,24.671
indexer,0,0,64,32,1,25.056
indexer,0,0,64,64,1,24.863
indexer,0,0,64,128,1,29.665
indexer,0,0,64,256,1,34.241
indexer,0,0,64,512,1,46.816
indexer,0,0,64,1024,1,68.481
indexer,0,0,64,2048,1,111.326
indexer,0,0,64,4096,1,202.528
indexer,0,0,64,8192,1,378.401
indexer,0,0,64,16384,1,735.874
indexer,0,0,128,16,1,29.76
indexer,0,0,128,32,1,30.528
indexer,0,0,128,64,1,30.369
indexer,0,0,128,128,1,40.35
indexer,0,0,128,256,1,48.191
indexer,0,0,128,512,1,67.777
indexer,0,0,128,1024,1,111.134
indexer,0,0,128,2048,1,208.225
indexer,0,0,128,4096,1,392.64
indexer,0,0,128,8192,1,727.071
indexer,0,0,128,16384,1,1420.1
indexer,0,0,256,16,1,49.792
indexer,0,0,256,32,1,41.758
indexer,0,0,256,64,1,41.471
indexer,0,0,256,128,1,60.992
indexer,0,0,256,256,1,80.961
indexer,0,0,256,512,1,120.16
indexer,0,0,256,1024,1,225.825
indexer,0,0,256,2048,1,435.072
indexer,0,0,256,4096,1,760.194
indexer,0,0,256,8192,1,1428.9
indexer,0,0,256,16384,1,2791.53
indexer,16,0,0,0,1,21.569
indexer,16,0,1,16,1,45.567
indexer,16,0,1,32,1,45.727
indexer,16,0,1,64,1,45.92
indexer,16,0,1,128,1,45.887
indexer,16,0,1,256,1,45.697
indexer,16,0,1,512,1,45.92
indexer,16,0,1,1024,1,46.207
indexer,16,0,1,2048,1,47.552
indexer,16,0,1,4096,1,48.001
indexer,16,0,1,8192,1,50.559
indexer,16,0,1,16384,1,61.152
indexer,16,0,2,16,1,43.999
indexer,16,0,2,32,1,44.255
indexer,16,0,2,64,1,44.13
indexer,16,0,2,128,1,43.872
indexer,16,0,2,256,1,44.158
indexer,16,0,2,512,1,44.383
indexer,16,0,2,1024,1,45.055
indexer,16,0,2,2048,1,46.399
indexer,16,0,2,4096,1,48.161
indexer,16,0,2,8192,1,52.482
indexer,16,0,2,16384,1,67.521
indexer,16,0,4,16,1,42.944
indexer,16,0,4,32,1,42.592
indexer,16,0,4,64,1,42.69
indexer,16,0,4,128,1,42.56
indexer,16,0,4,256,1,43.069
indexer,16,0,4,512,1,43.745
indexer,16,0,4,1024,1,43.84
indexer,16,0,4,2048,1,47.233
indexer,16,0,4,4096,1,50.593
indexer,16,0,4,8192,1,72.959
indexer,16,0,4,16384,1,112.863
indexer,16,0,8,16,1,44.166
indexer,16,0,8,32,1,42.914
indexer,16,0,8,64,1,43.168
indexer,16,0,8,128,1,43.326
indexer,16,0,8,256,1,43.713
indexer,16,0,8,512,1,43.936
indexer,16,0,8,1024,1,46.655
indexer,16,0,8,2048,1,51.489
indexer,16,0,8,4096,1,65.15
indexer,16,0,8,8192,1,116.672
indexer,16,0,8,16384,1,173.664
indexer,16,0,16,16,1,42.912
indexer,16,0,16,32,1,42.819
indexer,16,0,16,64,1,42.69
indexer,16,0,16,128,1,43.422
indexer,16,0,16,256,1,43.871
indexer,16,0,16,512,1,45.825
indexer,16,0,16,1024,1,50.334
indexer,16,0,16,2048,1,60.608
indexer,16,0,16,4096,1,108.416
indexer,16,0,16,8192,1,167.489
indexer,16,0,16,16384,1,216.353
indexer,16,0,32,16,1,43.968
indexer,16,0,32,32,1,44.289
indexer,16,0,32,64,1,44.158
indexer,16,0,32,128,1,45.953
indexer,16,0,32,256,1,47.904
indexer,16,0,32,512,1,52.641
indexer,16,0,32,1024,1,63.837
indexer,16,0,32,2048,1,107.681
indexer,16,0,32,4096,1,181.729
indexer,16,0,32,8192,1,228.928
indexer,16,0,32,16384,1,397.408
indexer,16,0,64,16,1,46.145
indexer,16,0,64,32,1,46.303
indexer,16,0,64,64,1,46.144
indexer,16,0,64,128,1,58.434
indexer,16,0,64,256,1,65.824
indexer,16,0,64,512,1,71.807
indexer,16,0,64,1024,1,114.237
indexer,16,0,64,2048,1,133.759
indexer,16,0,64,4096,1,213.472
indexer,16,0,64,8192,1,396.608
indexer,16,0,64,16384,1,747.105
indexer,16,0,128,16,1,58.591
indexer,16,0,128,32,1,63.68
indexer,16,0,128,64,1,59.744
indexer,16,0,128,128,1,68.19
indexer,16,0,128,256,1,73.151
indexer,16,0,128,512,1,96.352
indexer,16,0,128,1024,1,142.782
indexer,16,0,128,2048,1,230.464
indexer,16,0,128,4096,1,416.832
indexer,16,0,128,8192,1,750.433
indexer,16,0,128,16384,1,1433.92
indexer,16,16,0,0,1,20.864
indexer,16,16,1,16,1,45.793
indexer,16,16,1,32,1,45.823
indexer,16,16,1,64,1,45.822
indexer,16,16,1,128,1,46.206
indexer,16,16,1,256,1,45.887
indexer,16,16,1,512,1,45.951
indexer,16,16,1,1024,1,46.562
indexer,16,16,1,2048,1,47.649
indexer,16,16,1,4096,1,47.935
indexer,16,16,1,8192,1,50.177
indexer,16,16,1,16384,1,58.303
indexer,16,16,2,16,1,44.065
indexer,16,16,2,32,1,44.032
indexer,16,16,2,64,1,43.968
indexer,16,16,2,128,1,43.936
indexer,16,16,2,256,1,44.067
indexer,16,16,2,512,1,44.576
indexer,16,16,2,1024,1,45.407
indexer,16,16,2,2048,1,46.59
indexer,16,16,2,4096,1,48.606
indexer,16,16,2,8192,1,52.609
indexer,16,16,2,16384,1,68.001
indexer,16,16,4,16,1,42.204
indexer,16,16,4,32,1,42.145
indexer,16,16,4,64,1,41.856
indexer,16,16,4,128,1,42.431
indexer,16,16,4,256,1,42.497
indexer,16,16,4,512,1,42.944
indexer,16,16,4,1024,1,43.519
indexer,16,16,4,2048,1,46.689
indexer,16,16,4,4096,1,50.367
indexer,16,16,4,8192,1,65.696
indexer,16,16,4,16384,1,101.887
indexer,16,16,8,16,1,43.136
indexer,16,16,8,32,1,42.976
indexer,16,16,8,64,1,43.167
indexer,16,16,8,128,1,43.714
indexer,16,16,8,256,1,43.775
indexer,16,16,8,512,1,44.033
indexer,16,16,8,1024,1,46.272
indexer,16,16,8,2048,1,50.368
indexer,16,16,8,4096,1,60.577
indexer,16,16,8,8192,1,114.817
indexer,16,16,8,16384,1,172.575
indexer,16,16,16,16,1,42.656
indexer,16,16,16,32,1,42.846
indexer,16,16,16,64,1,43.327
indexer,16,16,16,128,1,43.425
indexer,16,16,16,256,1,44.447
indexer,16,16,16,512,1,46.783
indexer,16,16,16,1024,1,50.047
indexer,16,16,16,2048,1,58.527
indexer,16,16,16,4096,1,108.768
indexer,16,16,16,8192,1,167.713
indexer,16,16,16,16384,1,220.704
indexer,16,16,32,16,1,44.159
indexer,16,16,32,32,1,43.935
indexer,16,16,32,64,1,43.871
indexer,16,16,32,128,1,46.65
indexer,16,16,32,256,1,47.713
indexer,16,16,32,512,1,52.256
indexer,16,16,32,1024,1,63.072
indexer,16,16,32,2048,1,106.462
indexer,16,16,32,4096,1,179.712
indexer,16,16,32,8192,1,226.399
indexer,16,16,32,16384,1,400.131
indexer,16,16,64,16,1,45.566
indexer,16,16,64,32,1,45.569
indexer,16,16,64,64,1,45.889
indexer,16,16,64,128,1,57.344
indexer,16,16,64,256,1,60.125
indexer,16,16,64,512,1,75.488
indexer,16,16,64,1024,1,114.912
indexer,16,16,64,2048,1,130.944
indexer,16,16,64,4096,1,210.529
indexer,16,16,64,8192,1,394.687
indexer,16,16,64,16384,1,752.707
indexer,16,16,128,16,1,58.655
indexer,16,16,128,32,1,59.488
indexer,16,16,128,64,1,64.192
indexer,16,16,128,128,1,72.483
indexer,16,16,128,256,1,74.08
indexer,16,16,128,512,1,96.318
indexer,16,16,128,1024,1,140.768
indexer,16,16,128,2048,1,230.399
indexer,16,16,128,4096,1,420.001
indexer,16,16,128,8192,1,743.584
indexer,16,16,128,16384,1,1431.3
indexer,16,32,0,0,1,20.929
indexer,16,32,1,16,1,45.856
indexer,16,32,1,32,1,45.856
indexer,16,32,1,64,1,45.855
indexer,16,32,1,128,1,46.145
indexer,16,32,1,256,1,46.081
indexer,16,32,1,512,1,45.762
indexer,16,32,1,1024,1,46.368
indexer,16,32,1,2048,1,47.711
indexer,16,32,1,4096,1,48.064
indexer,16,32,1,8192,1,50.398
indexer,16,32,1,16384,1,66.974
indexer,16,32,2,16,1,44.224
indexer,16,32,2,32,1,44.32
indexer,16,32,2,64,1,44.258
indexer,16,32,2,128,1,44.256
indexer,16,32,2,256,1,43.808
indexer,16,32,2,512,1,44.225
indexer,16,32,2,1024,1,45.025
indexer,16,32,2,2048,1,47.008
indexer,16,32,2,4096,1,48.669
indexer,16,32,2,8192,1,52.416
indexer,16,32,2,16384,1,68.738
indexer,16,32,4,16,1,42.72
indexer,16,32,4,32,1,42.816
indexer,16,32,4,64,1,42.622
indexer,16,32,4,128,1,42.591
indexer,16,32,4,256,1,43.199
indexer,16,32,4,512,1,43.137
indexer,16,32,4,1024,1,43.969
indexer,16,32,4,2048,1,46.977
indexer,16,32,4,4096,1,51.134
indexer,16,32,4,8192,1,72.097
indexer,16,32,4,16384,1,113.953
indexer,16,32,8,16,1,43.008
indexer,16,32,8,32,1,44.256
indexer,16,32,8,64,1,43.203
indexer,16,32,8,128,1,43.678
indexer,16,32,8,256,1,44.065
indexer,16,32,8,512,1,44.161
indexer,16,32,8,1024,1,46.561
indexer,16,32,8,2048,1,49.986
indexer,16,32,8,4096,1,60.705
indexer,16,32,8,8192,1,113.44
indexer,16,32,8,16384,1,172.16
indexer,16,32,16,16,1,43.936
indexer,16,32,16,32,1,43.073
indexer,16,32,16,64,1,42.816
indexer,16,32,16,128,1,43.011
indexer,16,32,16,256,1,44.031
indexer,16,32,16,512,1,45.759
indexer,16,32,16,1024,1,50.302
indexer,16,32,16,2048,1,58.175
indexer,16,32,16,4096,1,96.736
indexer,16,32,16,8192,1,166.816
indexer,16,32,16,16384,1,221.438
indexer,16,32,32,16,1,44.16
indexer,16,32,32,32,1,43.968
indexer,16,32,32,64,1,45.215
indexer,16,32,32,128,1,46.24
indexer,16,32,32,256,1,48.257
indexer,16,32,32,512,1,52.16
indexer,16,32,32,1024,1,67.552
indexer,16,32,32,2048,1,107.039
indexer,16,32,32,4096,1,180.704
indexer,16,32,32,8192,1,226.24
indexer,16,32,32,16384,1,398.724
indexer,16,32,64,16,1,46.272
indexer,16,32,64,32,1,46.016
indexer,16,32,64,64,1,46.752
indexer,16,32,64,128,1,58.463
indexer,16,32,64,256,1,67.039
indexer,16,32,64,512,1,74.816
indexer,16,32,64,1024,1,115.553
indexer,16,32,64,2048,1,133.76
indexer,16,32,64,4096,1,216.098
indexer,16,32,64,8192,1,398.371
indexer,16,32,64,16384,1,754.847
indexer,16,32,128,16,1,54.368
indexer,16,32,128,32,1,62.913
indexer,16,32,128,64,1,58.849
indexer,16,32,128,128,1,69.151
indexer,16,32,128,256,1,73.441
indexer,16,32,128,512,1,96.065
indexer,16,32,128,1024,1,141.855
indexer,16,32,128,2048,1,227.136
indexer,16,32,128,4096,1,419.137
indexer,16,32,128,8192,1,751.745
indexer,16,32,128,16384,1,1429.38
indexer,16,64,0,0,1,20.865
indexer,16,64,1,16,1,45.6
indexer,16,64,1,32,1,45.921
indexer,16,64,1,64,1,45.63
indexer,16,64,1,128,1,45.985
indexer,16,64,1,256,1,47.455
indexer,16,64,1,512,1,45.889
indexer,16,64,1,1024,1,46.209
indexer,16,64,1,2048,1,47.394
indexer,16,64,1,4096,1,48.128
indexer,16,64,1,8192,1,50.718
indexer,16,64,1,16384,1,59.362
indexer,16,64,2,16,1,44.256
indexer,16,64,2,32,1,44.224
indexer,16,64,2,64,1,43.937
indexer,16,64,2,128,1,44
indexer,16,64,2,256,1,43.807
indexer,16,64,2,512,1,44.606
indexer,16,64,2,1024,1,45.121
indexer,16,64,2,2048,1,46.429
indexer,16,64,2,4096,1,48.771
indexer,16,64,2,8192,1,52.833
indexer,16,64,2,16384,1,68.064
indexer,16,64,4,16,1,42.592
indexer,16,64,4,32,1,42.464
indexer,16,64,4,64,1,42.495
indexer,16,64,4,128,1,42.655
indexer,16,64,4,256,1,43.584
indexer,16,64,4,512,1,43.042
indexer,16,64,4,1024,1,43.808
indexer,16,64,4,2048,1,47.361
indexer,16,64,4,4096,1,51.198
indexer,16,64,4,8192,1,60.576
indexer,16,64,4,16384,1,114.528
indexer,16,64,8,16,1,43.043
indexer,16,64,8,32,1,43.038
indexer,16,64,8,64,1,43.295
indexer,16,64,8,128,1,43.807
indexer,16,64,8,256,1,43.937
indexer,16,64,8,512,1,44.289
indexer,16,64,8,1024,1,46.079
indexer,16,64,8,2048,1,49.954
indexer,16,64,8,4096,1,60.544
indexer,16,64,8,8192,1,115.711
indexer,16,64,8,16384,1,154.431
indexer,16,64,16,16,1,42.591
indexer,16,64,16,32,1,42.946
indexer,16,64,16,64,1,42.915
indexer,16,64,16,128,1,43.23
indexer,16,64,16,256,1,43.616
indexer,16,64,16,512,1,45.663
indexer,16,64,16,1024,1,49.921
indexer,16,64,16,2048,1,58.723
indexer,16,64,16,4096,1,110.078
indexer,16,64,16,8192,1,168.544
indexer,16,64,16,16384,1,218.657
indexer,16,64,32,16,1,44.001
indexer,16,64,32,32,1,44.321
indexer,16,64,32,64,1,44.192
indexer,16,64,32,128,1,46.049
indexer,16,64,32,256,1,48.032
indexer,16,64,32,512,1,52
indexer,16,64,32,1024,1,64.129
indexer,16,64,32,2048,1,118.176
indexer,16,64,32,4096,1,181.087
indexer,16,64,32,8192,1,230.4
indexer,16,64,32,16384,1,398.528
indexer,16,64,64,16,1,49.119
indexer,16,64,64,32,1,49.471
indexer,16,64,64,64,1,47.104
indexer,16,64,64,128,1,50.079
indexer,16,64,64,256,1,65.984
indexer,16,64,64,512,1,67.074
indexer,16,64,64,1024,1,114.403
indexer,16,64,64,2048,1,132.802
indexer,16,64,64,4096,1,214.944
indexer,16,64,64,8192,1,397.155
indexer,16,64,64,16384,1,752.706
indexer,16,64,128,16,1,58.656
indexer,16,64,128,32,1,62.88
indexer,16,64,128,64,1,63.487
indexer,16,64,128,128,1,74.272
indexer,16,64,128,256,1,74.017
indexer,16,64,128,512,1,95.392
indexer,16,64,128,1024,1,141.792
indexer,16,64,128,2048,1,228.224
indexer,16,64,128,4096,1,419.424
indexer,16,64,128,8192,1,743.874
indexer,16,64,128,16384,1,1427.43
indexer,16,128,0,0,1,28.161
indexer,16,128,1,16,1,52.48
indexer,16,128,1,32,1,52.224
indexer,16,128,1,64,1,52.479
indexer,16,128,1,128,1,52.352
indexer,16,128,1,256,1,53.856
indexer,16,128,1,512,1,53.855
indexer,16,128,1,1024,1,54.88
indexer,16,128,1,2048,1,53.761
indexer,16,128,1,4096,1,54.243
indexer,16,128,1,8192,1,56.639
indexer,16,128,1,16384,1,69.76
indexer,16,128,2,16,1,50.466
indexer,16,128,2,32,1,50.626
indexer,16,128,2,64,1,50.56
indexer,16,128,2,128,1,50.563
indexer,16,128,2,256,1,50.914
indexer,16,128,2,512,1,51.038
indexer,16,128,2,1024,1,51.648
indexer,16,128,2,2048,1,52.546
indexer,16,128,2,4096,1,55.105
indexer,16,128,2,8192,1,58.499
indexer,16,128,2,16384,1,81.282
indexer,16,128,4,16,1,49.663
indexer,16,128,4,32,1,49.984
indexer,16,128,4,64,1,50.656
indexer,16,128,4,128,1,50.848
indexer,16,128,4,256,1,50.879
indexer,16,128,4,512,1,51.105
indexer,16,128,4,1024,1,51.841
indexer,16,128,4,2048,1,55.169
indexer,16,128,4,4096,1,59.009
indexer,16,128,4,8192,1,74.048
indexer,16,128,4,16384,1,107.743
indexer,16,128,8,16,1,51.071
indexer,16,128,8,32,1,49.856
indexer,16,128,8,64,1,49.727
indexer,16,128,8,128,1,50.657
indexer,16,128,8,256,1,50.59
indexer,16,128,8,512,1,51.232
indexer,16,128,8,1024,1,53.568
indexer,16,128,8,2048,1,57.858
indexer,16,128,8,4096,1,73.408
indexer,16,128,8,8192,1,110.751
indexer,16,128,8,16384,1,180.447
indexer,16,128,16,16,1,50.144
indexer,16,128,16,32,1,50.653
indexer,16,128,16,64,1,50.753
indexer,16,128,16,128,1,50.24
indexer,16,128,16,256,1,49.92
indexer,16,128,16,512,1,52.159
indexer,16,128,16,1024,1,56.897
indexer,16,128,16,2048,1,71.488
indexer,16,128,16,4096,1,115.008
indexer,16,128,16,8192,1,173.411
indexer,16,128,16,16384,1,224.129
indexer,16,128,32,16,1,52.927
indexer,16,128,32,32,1,50.75
indexer,16,128,32,64,1,52.64
indexer,16,128,32,128,1,53.217
indexer,16,128,32,256,1,56.095
indexer,16,128,32,512,1,59.905
indexer,16,128,32,1024,1,71.136
indexer,16,128,32,2048,1,125.312
indexer,16,128,32,4096,1,184.16
indexer,16,128,32,8192,1,234.304
indexer,16,128,32,16384,1,403.999
indexer,16,128,64,16,1,57.728
indexer,16,128,64,32,1,52.704
indexer,16,128,64,64,1,54.979
indexer,16,128,64,128,1,61.022
indexer,16,128,64,256,1,67.199
indexer,16,128,64,512,1,80.319
indexer,16,128,64,1024,1,122.4
indexer,16,128,64,2048,1,137.277
indexer,16,128,64,4096,1,221.439
indexer,16,128,64,8192,1,404.386
indexer,16,128,64,16384,1,762.239
indexer,16,128,128,16,1,68.545
indexer,16,128,128,32,1,69.439
indexer,16,128,128,64,1,61.632
indexer,16,128,128,128,1,79.297
indexer,16,128,128,256,1,79.839
indexer,16,128,128,512,1,101.762
indexer,16,128,128,1024,1,147.553
indexer,16,128,128,2048,1,233.984
indexer,16,128,128,4096,1,424.674
indexer,16,128,128,8192,1,756.737
indexer,16,128,128,16384,1,1441.96
indexer,16,256,0,0,1,33.921
indexer,16,256,1,16,1,58.529
indexer,16,256,1,32,1,58.335
indexer,16,256,1,64,1,58.945
indexer,16,256,1,128,1,58.851
indexer,16,256,1,256,1,58.848
indexer,16,256,1,512,1,58.527
indexer,16,256,1,1024,1,59.423
indexer,16,256,1,2048,1,60.286
indexer,16,256,1,4096,1,61.154
indexer,16,256,1,8192,1,64.001
indexer,16,256,1,16384,1,76.417
indexer,16,256,2,16,1,56.83
indexer,16,256,2,32,1,56.576
indexer,16,256,2,64,1,56.512
indexer,16,256,2,128,1,56.737
indexer,16,256,2,256,1,57.825
indexer,16,256,2,512,1,57.311
indexer,16,256,2,1024,1,57.501
indexer,16,256,2,2048,1,59.295
indexer,16,256,2,4096,1,61.216
indexer,16,256,2,8192,1,65.504
indexer,16,256,2,16384,1,74.079
indexer,16,256,4,16,1,55.459
indexer,16,256,4,32,1,55.839
indexer,16,256,4,64,1,55.521
indexer,16,256,4,128,1,55.517
indexer,16,256,4,256,1,55.938
indexer,16,256,4,512,1,55.997
indexer,16,256,4,1024,1,57.185
indexer,16,256,4,2048,1,59.808
indexer,16,256,4,4096,1,63.84
indexer,16,256,4,8192,1,85.666
indexer,16,256,4,16384,1,127.298
indexer,16,256,8,16,1,55.906
indexer,16,256,8,32,1,55.776
indexer,16,256,8,64,1,55.97
indexer,16,256,8,128,1,56.224
indexer,16,256,8,256,1,56.866
indexer,16,256,8,512,1,57.151
indexer,16,256,8,1024,1,59.425
indexer,16,256,8,2048,1,63.296
indexer,16,256,8,4096,1,73.182
indexer,16,256,8,8192,1,127.198
indexer,16,256,8,16384,1,183.616
indexer,16,256,16,16,1,55.521
indexer,16,256,16,32,1,56.033
indexer,16,256,16,64,1,55.651
indexer,16,256,16,128,1,56.576
indexer,16,256,16,256,1,56.385
indexer,16,256,16,512,1,58.815
indexer,16,256,16,1024,1,62.144
indexer,16,256,16,2048,1,70.752
indexer,16,256,16,4096,1,120.932
indexer,16,256,16,8192,1,180.067
indexer,16,256,16,16384,1,228.129
indexer,16,256,32,16,1,58.687
indexer,16,256,32,32,1,56.862
indexer,16,256,32,64,1,56.707
indexer,16,256,32,128,1,58.878
indexer,16,256,32,256,1,60.576
indexer,16,256,32,512,1,64.546
indexer,16,256,32,1024,1,82.4
indexer,16,256,32,2048,1,131.651
indexer,16,256,32,4096,1,193.183
indexer,16,256,32,8192,1,244.513
indexer,16,256,32,16384,1,414.113
indexer,16,256,64,16,1,59.745
indexer,16,256,64,32,1,59.456
indexer,16,256,64,64,1,59.84
indexer,16,256,64,128,1,67.138
indexer,16,256,64,256,1,72.51
indexer,16,256,64,512,1,87.202
indexer,16,256,64,1024,1,127.903
indexer,16,256,64,2048,1,146.208
indexer,16,256,64,4096,1,230.881
indexer,16,256,64,8192,1,411.203
indexer,16,256,64,16384,1,770.367
indexer,16,256,128,16,1,76.096
indexer,16,256,128,32,1,75.486
indexer,16,256,128,64,1,76.419
indexer,16,256,128,128,1,83.968
indexer,16,256,128,256,1,85.633
indexer,16,256,128,512,1,106.656
indexer,16,256,128,1024,1,153.379
indexer,16,256,128,2048,1,238.211
indexer,16,256,128,4096,1,429.537
indexer,16,256,128,8192,1,758.848
indexer,16,256,128,16384,1,1446.82
indexer,16,512,0,0,1,46.048
indexer,16,512,1,16,1,71.135
indexer,16,512,1,32,1,70.72
indexer,16,512,1,64,1,70.911
indexer,16,512,1,128,1,70.978
indexer,16,512,1,256,1,70.785
indexer,16,512,1,512,1,73.151
indexer,16,512,1,1024,1,73.922
indexer,16,512,1,2048,1,72.384
indexer,16,512,1,4096,1,72.607
indexer,16,512,1,8192,1,75.841
indexer,16,512,1,16384,1,79.842
indexer,16,512,2,16,1,69.122
indexer,16,512,2,32,1,69.025
indexer,16,512,2,64,1,69.536
indexer,16,512,2,128,1,68.991
indexer,16,512,2,256,1,69.314
indexer,16,512,2,512,1,69.313
indexer,16,512,2,1024,1,69.919
indexer,16,512,2,2048,1,71.138
indexer,16,512,2,4096,1,73.6
indexer,16,512,2,8192,1,77.954
indexer,16,512,2,16384,1,91.904
indexer,16,512,4,16,1,68.48
indexer,16,512,4,32,1,69.921
indexer,16,512,4,64,1,67.295
indexer,16,512,4,128,1,67.84
indexer,16,512,4,256,1,68.223
indexer,16,512,4,512,1,68.701
indexer,16,512,4,1024,1,68.639
indexer,16,512,4,2048,1,72.353
indexer,16,512,4,4096,1,77.536
indexer,16,512,4,8192,1,91.007
indexer,16,512,4,16384,1,138.113
indexer,16,512,8,16,1,68.128
indexer,16,512,8,32,1,68.288
indexer,16,512,8,64,1,68.32
indexer,16,512,8,128,1,68.962
indexer,16,512,8,256,1,68.705
indexer,16,512,8,512,1,69.597
indexer,16,512,8,1024,1,71.615
indexer,16,512,8,2048,1,75.968
indexer,16,512,8,4096,1,85.025
indexer,16,512,8,8192,1,139.616
indexer,16,512,8,16384,1,197.664
indexer,16,512,16,16,1,67.97
indexer,16,512,16,32,1,68.223
indexer,16,512,16,64,1,67.904
indexer,16,512,16,128,1,68.033
indexer,16,512,16,256,1,68.832
indexer,16,512,16,512,1,70.845
indexer,16,512,16,1024,1,75.393
indexer,16,512,16,2048,1,83.265
indexer,16,512,16,4096,1,134.145
indexer,16,512,16,8192,1,193.44
indexer,16,512,16,16384,1,246.495
indexer,16,512,32,16,1,69.474
indexer,16,512,32,32,1,69.309
indexer,16,512,32,64,1,69.506
indexer,16,512,32,128,1,71.1
indexer,16,512,32,256,1,73.345
indexer,16,512,32,512,1,78.145
indexer,16,512,32,1024,1,88.159
indexer,16,512,32,2048,1,131.714
indexer,16,512,32,4096,1,205.504
indexer,16,512,32,8192,1,255.168
indexer,16,512,32,16384,1,427.329
indexer,16,512,64,16,1,76.095
indexer,16,512,64,32,1,73.153
indexer,16,512,64,64,1,71.938
indexer,16,512,64,128,1,84.544
indexer,16,512,64,256,1,95.296
indexer,16,512,64,512,1,93.151
indexer,16,512,64,1024,1,140.801
indexer,16,512,64,2048,1,154.913
indexer,16,512,64,4096,1,242.786
indexer,16,512,64,8192,1,425.6
indexer,16,512,64,16384,1,782.242
indexer,16,512,128,16,1,83.456
indexer,16,512,128,32,1,87.68
indexer,16,512,128,64,1,88.673
indexer,16,512,128,128,1,98.016
indexer,16,512,128,256,1,97.918
indexer,16,512,128,512,1,119.298
indexer,16,512,128,1024,1,166.592
indexer,16,512,128,2048,1,251.711
indexer,16,512,128,4096,1,440
indexer,16,512,128,8192,1,774.978
indexer,16,512,128,16384,1,1464.67
indexer,16,1024,0,0,1,70.56
indexer,16,1024,1,16,1,95.425
indexer,16,1024,1,32,1,95.394
indexer,16,1024,1,64,1,95.742
indexer,16,1024,1,128,1,95.745
indexer,16,1024,1,256,1,95.679
indexer,16,1024,1,512,1,95.778
indexer,16,1024,1,1024,1,95.872
indexer,16,1024,1,2048,1,97.218
indexer,16,1024,1,4096,1,97.534
indexer,16,1024,1,8192,1,99.934
indexer,16,1024,1,16384,1,117.12
indexer,16,1024,2,16,1,93.92
indexer,16,1024,2,32,1,94.206
indexer,16,1024,2,64,1,95.615
indexer,16,1024,2,128,1,96.256
indexer,16,1024,2,256,1,93.792
indexer,16,1024,2,512,1,94.431
indexer,16,1024,2,1024,1,94.752
indexer,16,1024,2,2048,1,96.448
indexer,16,1024,2,4096,1,98.658
indexer,16,1024,2,8192,1,102.144
indexer,16,1024,2,16384,1,125.405
indexer,16,1024,4,16,1,92.482
indexer,16,1024,4,32,1,92.224
indexer,16,1024,4,64,1,92.641
indexer,16,1024,4,128,1,93.247
indexer,16,1024,4,256,1,92.895
indexer,16,1024,4,512,1,92.926
indexer,16,1024,4,1024,1,93.536
indexer,16,1024,4,2048,1,96.544
indexer,16,1024,4,4096,1,100.704
indexer,16,1024,4,8192,1,119.712
indexer,16,1024,4,16384,1,163.775
indexer,16,1024,8,16,1,92.706
indexer,16,1024,8,32,1,92.991
indexer,16,1024,8,64,1,93.024
indexer,16,1024,8,128,1,93.828
indexer,16,1024,8,256,1,93.346
indexer,16,1024,8,512,1,93.953
indexer,16,1024,8,1024,1,95.939
indexer,16,1024,8,2048,1,100.672
indexer,16,1024,8,4096,1,110.175
indexer,16,1024,8,8192,1,164.8
indexer,16,1024,8,16384,1,221.697
indexer,16,1024,16,16,1,94.653
indexer,16,1024,16,32,1,95.647
indexer,16,1024,16,64,1,92.673
indexer,16,1024,16,128,1,93.76
indexer,16,1024,16,256,1,94.559
indexer,16,1024,16,512,1,96.478
indexer,16,1024,16,1024,1,99.711
indexer,16,1024,16,2048,1,112.61
indexer,16,1024,16,4096,1,157.469
indexer,16,1024,16,8192,1,219.041
indexer,16,1024,16,16384,1,273.151
indexer,16,1024,32,16,1,93.63
indexer,16,1024,32,32,1,94.083
indexer,16,1024,32,64,1,94.081
indexer,16,1024,32,128,1,95.84
indexer,16,1024,32,256,1,97.728
indexer,16,1024,32,512,1,102.368
indexer,16,1024,32,1024,1,117.119
indexer,16,1024,32,2048,1,158.207
indexer,16,1024,32,4096,1,227.455
indexer,16,1024,32,8192,1,278.367
indexer,16,1024,32,16384,1,447.743
indexer,16,1024,64,16,1,99.198
indexer,16,1024,64,32,1,100.704
indexer,16,1024,64,64,1,100.769
indexer,16,1024,64,128,1,109.663
indexer,16,1024,64,256,1,120.608
indexer,16,1024,64,512,1,121.44
indexer,16,1024,64,1024,1,165.502
indexer,16,1024,64,2048,1,183.296
indexer,16,1024,64,4096,1,264.962
indexer,16,1024,64,8192,1,443.236
indexer,16,1024,64,16384,1,800.125
indexer,16,1024,128,16,1,114.052
indexer,16,1024,128,32,1,113.823
indexer,16,1024,128,64,1,112.993
indexer,16,1024,128,128,1,120.032
indexer,16,1024,128,256,1,124.063
indexer,16,1024,128,512,1,143.52
indexer,16,1024,128,1024,1,189.123
indexer,16,1024,128,2048,1,279.55
indexer,16,1024,128,4096,1,461.345
indexer,16,1024,128,8192,1,789.955
indexer,16,1024,128,16384,1,1479.94
indexer,16,2048,0,0,1,119.744
indexer,16,2048,1,16,1,144.64
indexer,16,2048,1,32,1,144.93
indexer,16,2048,1,64,1,144.543
indexer,16,2048,1,128,1,145.665
indexer,16,2048,1,256,1,145.344
indexer,16,2048,1,512,1,145.761
indexer,16,2048,1,1024,1,146.142
indexer,16,2048,1,2048,1,146.687
indexer,16,2048,1,4096,1,146.814
indexer,16,2048,1,8192,1,149.31
indexer,16,2048,1,16384,1,172.96
indexer,16,2048,2,16,1,144.066
indexer,16,2048,2,32,1,143.933
indexer,16,2048,2,64,1,144.16
indexer,16,2048,2,128,1,144.158
indexer,16,2048,2,256,1,143.714
indexer,16,2048,2,512,1,144.259
indexer,16,2048,2,1024,1,145.026
indexer,16,2048,2,2048,1,145.695
indexer,16,2048,2,4096,1,147.843
indexer,16,2048,2,8192,1,151.647
indexer,16,2048,2,16384,1,171.808
indexer,16,2048,4,16,1,142.75
indexer,16,2048,4,32,1,143.234
indexer,16,2048,4,64,1,142.976
indexer,16,2048,4,128,1,143.103
indexer,16,2048,4,256,1,143.103
indexer,16,2048,4,512,1,143.455
indexer,16,2048,4,1024,1,144.288
indexer,16,2048,4,2048,1,145.953
indexer,16,2048,4,4096,1,150.143
indexer,16,2048,4,8192,1,171.872
indexer,16,2048,4,16384,1,213.183
indexer,16,2048,8,16,1,142.016
indexer,16,2048,8,32,1,142.208
indexer,16,2048,8,64,1,142.432
indexer,16,2048,8,128,1,143.038
indexer,16,2048,8,256,1,142.592
indexer,16,2048,8,512,1,143.329
indexer,16,2048,8,1024,1,146.015
indexer,16,2048,8,2048,1,149.663
indexer,16,2048,8,4096,1,165.76
indexer,16,2048,8,8192,1,213.09
indexer,16,2048,8,16384,1,269.922
indexer,16,2048,16,16,1,142.819
indexer,16,2048,16,32,1,144.35
indexer,16,2048,16,64,1,142.499
indexer,16,2048,16,128,1,143.04
indexer,16,2048,16,256,1,143.905
indexer,16,2048,16,512,1,146.211
indexer,16,2048,16,1024,1,149.57
indexer,16,2048,16,2048,1,164.704
indexer,16,2048,16,4096,1,209.153
indexer,16,2048,16,8192,1,267.808
indexer,16,2048,16,16384,1,315.84
indexer,16,2048,32,16,1,144.32
indexer,16,2048,32,32,1,143.266
indexer,16,2048,32,64,1,143.618
indexer,16,2048,32,128,1,145.312
indexer,16,2048,32,256,1,147.872
indexer,16,2048,32,512,1,161.343
indexer,16,2048,32,1024,1,165.699
indexer,16,2048,32,2048,1,220.191
indexer,16,2048,32,4096,1,280.992
indexer,16,2048,32,8192,1,328.096
indexer,16,2048,32,16384,1,500.96
indexer,16,2048,64,16,1,148.002
indexer,16,2048,64,32,1,151.518
indexer,16,2048,64,64,1,145.47
indexer,16,2048,64,128,1,158.144
indexer,16,2048,64,256,1,160.77
indexer,16,2048,64,512,1,172.13
indexer,16,2048,64,1024,1,214.465
indexer,16,2048,64,2048,1,233.857
indexer,16,2048,64,4096,1,311.041
indexer,16,2048,64,8192,1,497.697
indexer,16,2048,64,16384,1,859.136
indexer,16,2048,128,16,1,164.384
indexer,16,2048,128,32,1,163.298
indexer,16,2048,128,64,1,161.787
indexer,16,2048,128,128,1,171.424
indexer,16,2048,128,256,1,171.456
indexer,16,2048,128,512,1,191.935
indexer,16,2048,128,1024,1,242.014
indexer,16,2048,128,2048,1,325.599
indexer,16,2048,128,4096,1,513.346
indexer,16,2048,128,8192,1,850.465
indexer,16,2048,128,16384,1,1533.38
indexer,16,4096,0,0,1,218.85
indexer,16,4096,1,16,1,244.418
indexer,16,4096,1,32,1,244.386
indexer,16,4096,1,64,1,244.383
indexer,16,4096,1,128,1,244.257
indexer,16,4096,1,256,1,244.257
indexer,16,4096,1,512,1,244.127
indexer,16,4096,1,1024,1,245.217
indexer,16,4096,1,2048,1,245.826
indexer,16,4096,1,4096,1,245.922
indexer,16,4096,1,8192,1,248.96
indexer,16,4096,1,16384,1,260.192
indexer,16,4096,2,16,1,242.944
indexer,16,4096,2,32,1,242.751
indexer,16,4096,2,64,1,243.072
indexer,16,4096,2,128,1,243.487
indexer,16,4096,2,256,1,243.102
indexer,16,4096,2,512,1,243.2
indexer,16,4096,2,1024,1,243.614
indexer,16,4096,2,2048,1,244.513
indexer,16,4096,2,4096,1,246.048
indexer,16,4096,2,8192,1,251.074
indexer,16,4096,2,16384,1,271.236
indexer,16,4096,4,16,1,241.219
indexer,16,4096,4,32,1,241.697
indexer,16,4096,4,64,1,241.246
indexer,16,4096,4,128,1,241.791
indexer,16,4096,4,256,1,241.857
indexer,16,4096,4,512,1,242.336
indexer,16,4096,4,1024,1,242.909
indexer,16,4096,4,2048,1,244.382
indexer,16,4096,4,4096,1,249.6
indexer,16,4096,4,8192,1,271.712
indexer,16,4096,4,16384,1,310.527
indexer,16,4096,8,16,1,241.696
indexer,16,4096,8,32,1,241.92
indexer,16,4096,8,64,1,241.441
indexer,16,4096,8,128,1,242.463
indexer,16,4096,8,256,1,242.752
indexer,16,4096,8,512,1,242.816
indexer,16,4096,8,1024,1,244.929
indexer,16,4096,8,2048,1,248.769
indexer,16,4096,8,4096,1,258.273
indexer,16,4096,8,8192,1,290.274
indexer,16,4096,8,16384,1,369.826
indexer,16,4096,16,16,1,242.047
indexer,16,4096,16,32,1,241.151
indexer,16,4096,16,64,1,241.343
indexer,16,4096,16,128,1,242.147
indexer,16,4096,16,256,1,242.722
indexer,16,4096,16,512,1,243.965
indexer,16,4096,16,1024,1,248.321
indexer,16,4096,16,2048,1,265.536
indexer,16,4096,16,4096,1,295.519
indexer,16,4096,16,8192,1,366.849
indexer,16,4096,16,16384,1,418.655
indexer,16,4096,32,16,1,242.114
indexer,16,4096,32,32,1,242.466
indexer,16,4096,32,64,1,241.921
indexer,16,4096,32,128,1,243.999
indexer,16,4096,32,256,1,246.338
indexer,16,4096,32,512,1,250.657
indexer,16,4096,32,1024,1,264.417
indexer,16,4096,32,2048,1,315.583
indexer,16,4096,32,4096,1,377.923
indexer,16,4096,32,8192,1,427.651
indexer,16,4096,32,16384,1,599.839
indexer,16,4096,64,16,1,246.912
indexer,16,4096,64,32,1,247.966
indexer,16,4096,64,64,1,246.722
indexer,16,4096,64,128,1,248.736
indexer,16,4096,64,256,1,264.032
indexer,16,4096,64,512,1,272.83
indexer,16,4096,64,1024,1,313.024
indexer,16,4096,64,2048,1,329.472
indexer,16,4096,64,4096,1,411.232
indexer,16,4096,64,8192,1,597.185
indexer,16,4096,64,16384,1,952.447
indexer,16,4096,128,16,1,262.561
indexer,16,4096,128,32,1,261.888
indexer,16,4096,128,64,1,262.464
indexer,16,4096,128,128,1,268.574
indexer,16,4096,128,256,1,269.857
indexer,16,4096,128,512,1,294.048
indexer,16,4096,128,1024,1,337.6
indexer,16,4096,128,2048,1,427.135
indexer,16,4096,128,4096,1,616.798
indexer,16,4096,128,8192,1,945.926
indexer,16,4096,128,16384,1,1642.75
indexer,16,8192,0,0,1,418.753
indexer,16,8192,1,16,1,444.64
indexer,16,8192,1,32,1,444.226
indexer,16,8192,1,64,1,444.447
indexer,16,8192,1,128,1,444.864
indexer,16,8192,1,256,1,444.129
indexer,16,8192,1,512,1,444.224
indexer,16,8192,1,1024,1,445.216
indexer,16,8192,1,2048,1,445.664
indexer,16,8192,1,4096,1,448.576
indexer,16,8192,1,8192,1,449.504
indexer,16,8192,1,16384,1,461.215
indexer,16,8192,2,16,1,443.105
indexer,16,8192,2,32,1,442.495
indexer,16,8192,2,64,1,442.849
indexer,16,8192,2,128,1,442.272
indexer,16,8192,2,256,1,442.943
indexer,16,8192,2,512,1,443.168
indexer,16,8192,2,1024,1,443.423
indexer,16,8192,2,2048,1,446.753
indexer,16,8192,2,4096,1,448.352
indexer,16,8192,2,8192,1,461.502
indexer,16,8192,2,16384,1,479.264
indexer,16,8192,4,16,1,442.941
indexer,16,8192,4,32,1,443.041
indexer,16,8192,4,64,1,442.85
indexer,16,8192,4,128,1,443.52
indexer,16,8192,4,256,1,443.393
indexer,16,8192,4,512,1,443.839
indexer,16,8192,4,1024,1,444.703
indexer,16,8192,4,2048,1,446.721
indexer,16,8192,4,4096,1,450.018
indexer,16,8192,4,8192,1,472.67
indexer,16,8192,4,16384,1,510.563
indexer,16,8192,8,16,1,443.52
indexer,16,8192,8,32,1,443.649
indexer,16,8192,8,64,1,443.389
indexer,16,8192,8,128,1,444.001
indexer,16,8192,8,256,1,443.936
indexer,16,8192,8,512,1,444.865
indexer,16,8192,8,1024,1,447.425
indexer,16,8192,8,2048,1,450.72
indexer,16,8192,8,4096,1,469.857
indexer,16,8192,8,8192,1,514.207
indexer,16,8192,8,16384,1,570.592
indexer,16,8192,16,16,1,441.665
indexer,16,8192,16,32,1,441.729
indexer,16,8192,16,64,1,443.168
indexer,16,8192,16,128,1,443.23
indexer,16,8192,16,256,1,444.672
indexer,16,8192,16,512,1,446.4
indexer,16,8192,16,1024,1,458.494
indexer,16,8192,16,2048,1,468.544
indexer,16,8192,16,4096,1,507.009
indexer,16,8192,16,8192,1,567.682
indexer,16,8192,16,16384,1,621.122
indexer,16,8192,32,16,1,444.479
indexer,16,8192,32,32,1,447.873
indexer,16,8192,32,64,1,444.288
indexer,16,8192,32,128,1,445.89
indexer,16,8192,32,256,1,452.095
indexer,16,8192,32,512,1,461.12
indexer,16,8192,32,1024,1,472.514
indexer,16,8192,32,2048,1,519.039
indexer,16,8192,32,4096,1,576.288
indexer,16,8192,32,8192,1,623.008
indexer,16,8192,32,16384,1,798.813
indexer,16,8192,64,16,1,448.163
indexer,16,8192,64,32,1,445.119
indexer,16,8192,64,64,1,449.983
indexer,16,8192,64,128,1,460.223
indexer,16,8192,64,256,1,469.344
indexer,16,8192,64,512,1,472.288
indexer,16,8192,64,1024,1,514.756
indexer,16,8192,64,2048,1,532.067
indexer,16,8192,64,4096,1,617.824
indexer,16,8192,64,8192,1,794.176
indexer,16,8192,64,16384,1,1148.26
indexer,16,8192,128,16,1,462.88
indexer,16,8192,128,32,1,463.072
indexer,16,8192,128,64,1,462.051
indexer,16,8192,128,128,1,471.905
indexer,16,8192,128,256,1,471.298
indexer,16,8192,128,512,1,493.438
indexer,16,8192,128,1024,1,540.287
indexer,16,8192,128,2048,1,625.376
indexer,16,8192,128,4096,1,822.37
indexer,16,8192,128,8192,1,1143.17
indexer,16,8192,128,16384,1,1826.34
indexer,16,16384,0,0,1,817.697
indexer,16,16384,1,16,1,844.706
indexer,16,16384,1,32,1,845.377
indexer,16,16384,1,64,1,849.698
indexer,16,16384,1,128,1,849.921
indexer,16,16384,1,256,1,847.139
indexer,16,16384,1,512,1,850.08
indexer,16,16384,1,1024,1,843.009
indexer,16,16384,1,2048,1,847.904
indexer,16,16384,1,4096,1,852.128
indexer,16,16384,1,8192,1,852.225
indexer,16,16384,1,16384,1,854.466
indexer,16,16384,2,16,1,843.807
indexer,16,16384,2,32,1,844.063
indexer,16,16384,2,64,1,843.872
indexer,16,16384,2,128,1,844.352
indexer,16,16384,2,256,1,841.985
indexer,16,16384,2,512,1,843.295
indexer,16,16384,2,1024,1,845.155
indexer,16,16384,2,2048,1,842.273
indexer,16,16384,2,4096,1,849.537
indexer,16,16384,2,8192,1,860.42
indexer,16,16384,2,16384,1,875.394
indexer,16,16384,4,16,1,842.465
indexer,16,16384,4,32,1,841.953
indexer,16,16384,4,64,1,839.521
indexer,16,16384,4,128,1,843.294
indexer,16,16384,4,256,1,842.977
indexer,16,16384,4,512,1,843.296
indexer,16,16384,4,1024,1,845.826
indexer,16,16384,4,2048,1,847.935
indexer,16,16384,4,4096,1,854.305
indexer,16,16384,4,8192,1,872.228
indexer,16,16384,4,16384,1,909.953
indexer,16,16384,8,16,1,842.336
indexer,16,16384,8,32,1,842.654
indexer,16,16384,8,64,1,843.073
indexer,16,16384,8,128,1,844.16
indexer,16,16384,8,256,1,843.49
indexer,16,16384,8,512,1,845.727
indexer,16,16384,8,1024,1,848.865
indexer,16,16384,8,2048,1,855.84
indexer,16,16384,8,4096,1,872.48
indexer,16,16384,8,8192,1,914.627
indexer,16,16384,8,16384,1,967.906
indexer,16,16384,16,16,1,845.952
indexer,16,16384,16,32,1,846.048
indexer,16,16384,16,64,1,845.985
indexer,16,16384,16,128,1,845.442
indexer,16,16384,16,256,1,846.177
indexer,16,16384,16,512,1,850.852
indexer,16,16384,16,1024,1,858.337
indexer,16,16384,16,2048,1,865.985
indexer,16,16384,16,4096,1,905.279
indexer,16,16384,16,8192,1,963.648
indexer,16,16384,16,16384,1,1016.32
indexer,16,16384,32,16,1,846.336
indexer,16,16384,32,32,1,846.24
indexer,16,16384,32,64,1,845.125
indexer,16,16384,32,128,1,847.905
indexer,16,16384,32,256,1,854.496
indexer,16,16384,32,512,1,860.16
indexer,16,16384,32,1024,1,873.215
indexer,16,16384,32,2048,1,917.347
indexer,16,16384,32,4096,1,973.41
indexer,16,16384,32,8192,1,1022.27
indexer,16,16384,32,16384,1,1196.9
indexer,16,16384,64,16,1,853.536
indexer,16,16384,64,32,1,852.386
indexer,16,16384,64,64,1,853.12
indexer,16,16384,64,128,1,860.833
indexer,16,16384,64,256,1,870.528
indexer,16,16384,64,512,1,875.841
indexer,16,16384,64,1024,1,913.216
indexer,16,16384,64,2048,1,930.083
indexer,16,16384,64,4096,1,1014.66
indexer,16,16384,64,8192,1,1195.07
indexer,16,16384,64,16384,1,1551.87
indexer,16,16384,128,16,1,861.027
indexer,16,16384,128,32,1,862.915
indexer,16,16384,128,64,1,861.984
indexer,16,16384,128,128,1,868.772
indexer,16,16384,128,256,1,872.224
indexer,16,16384,128,512,1,892.898
indexer,16,16384,128,1024,1,938.111
indexer,16,16384,128,2048,1,1021.6
indexer,16,16384,128,4096,1,1218.5
indexer,16,16384,128,8192,1,1543.71
indexer,16,16384,128,16384,1,2238.53
indexer,32,0,0,0,1,20.768
indexer,32,0,1,16,1,46.335
indexer,32,0,1,32,1,46.08
indexer,32,0,1,64,1,46.272
indexer,32,0,1,128,1,46.464
indexer,32,0,1,256,1,46.53
indexer,32,0,1,512,1,46.625
indexer,32,0,1,1024,1,47.043
indexer,32,0,1,2048,1,47.522
indexer,32,0,1,4096,1,48.191
indexer,32,0,1,8192,1,50.914
indexer,32,0,1,16384,1,64.255
indexer,32,0,2,16,1,44.162
indexer,32,0,2,32,1,44.128
indexer,32,0,2,64,1,44.446
indexer,32,0,2,128,1,44.226
indexer,32,0,2,256,1,44.479
indexer,32,0,2,512,1,44.318
indexer,32,0,2,1024,1,45.311
indexer,32,0,2,2048,1,46.368
indexer,32,0,2,4096,1,48.864
indexer,32,0,2,8192,1,53.15
indexer,32,0,2,16384,1,69.441
indexer,32,0,4,16,1,42.561
indexer,32,0,4,32,1,42.559
indexer,32,0,4,64,1,42.946
indexer,32,0,4,128,1,43.104
indexer,32,0,4,256,1,43.296
indexer,32,0,4,512,1,43.712
indexer,32,0,4,1024,1,44.224
indexer,32,0,4,2048,1,46.88
indexer,32,0,4,4096,1,50.465
indexer,32,0,4,8192,1,73.151
indexer,32,0,4,16384,1,123.489
indexer,32,0,8,16,1,43.584
indexer,32,0,8,32,1,43.329
indexer,32,0,8,64,1,43.297
indexer,32,0,8,128,1,43.712
indexer,32,0,8,256,1,44.099
indexer,32,0,8,512,1,44.224
indexer,32,0,8,1024,1,46.688
indexer,32,0,8,2048,1,50.656
indexer,32,0,8,4096,1,60.739
indexer,32,0,8,8192,1,113.697
indexer,32,0,8,16384,1,184.609
indexer,32,0,16,16,1,42.271
indexer,32,0,16,32,1,42.592
indexer,32,0,16,64,1,42.275
indexer,32,0,16,128,1,42.432
indexer,32,0,16,256,1,43.328
indexer,32,0,16,512,1,45.792
indexer,32,0,16,1024,1,49.439
indexer,32,0,16,2048,1,61.759
indexer,32,0,16,4096,1,126.399
indexer,32,0,16,8192,1,188.033
indexer,32,0,16,16384,1,229.92
indexer,32,0,32,16,1,42.752
indexer,32,0,32,32,1,42.561
indexer,32,0,32,64,1,42.784
indexer,32,0,32,128,1,44.031
indexer,32,0,32,256,1,46.72
indexer,32,0,32,512,1,51.103
indexer,32,0,32,1024,1,62.752
indexer,32,0,32,2048,1,107.36
indexer,32,0,32,4096,1,182.08
indexer,32,0,32,8192,1,230.4
indexer,32,0,32,16384,1,400.644
indexer,32,0,64,16,1,47.423
indexer,32,0,64,32,1,45.474
indexer,32,0,64,64,1,47.041
indexer,32,0,64,128,1,53.408
indexer,32,0,64,256,1,65.446
indexer,32,0,64,512,1,79.008
indexer,32,0,64,1024,1,115.62
indexer,32,0,64,2048,1,134.688
indexer,32,0,64,4096,1,216.54
indexer,32,0,64,8192,1,402.239
indexer,32,0,64,16384,1,755.201
indexer,32,0,128,16,1,59.073
indexer,32,0,128,32,1,58.879
indexer,32,0,128,64,1,63.713
indexer,32,0,128,128,1,74.525
indexer,32,0,128,256,1,74.848
indexer,32,0,128,512,1,93.568
indexer,32,0,128,1024,1,139.776
indexer,32,0,128,2048,1,230.976
indexer,32,0,128,4096,1,416.287
indexer,32,0,128,8192,1,752.48
indexer,32,0,128,16384,1,1435.42
indexer,32,16,0,0,1,20.672
indexer,32,16,1,16,1,45.699
indexer,32,16,1,32,1,46.335
indexer,32,16,1,64,1,46.401
indexer,32,16,1,128,1,46.304
indexer,32,16,1,256,1,45.951
indexer,32,16,1,512,1,46.367
indexer,32,16,1,1024,1,46.785
indexer,32,16,1,2048,1,47.009
indexer,32,16,1,4096,1,47.521
indexer,32,16,1,8192,1,50.4
indexer,32,16,1,16384,1,54.241
indexer,32,16,2,16,1,44.608
indexer,32,16,2,32,1,44.193
indexer,32,16,2,64,1,44.193
indexer,32,16,2,128,1,44.224
indexer,32,16,2,256,1,44.417
indexer,32,16,2,512,1,44.414
indexer,32,16,2,1024,1,45.406
indexer,32,16,2,2048,1,45.982
indexer,32,16,2,4096,1,49.025
indexer,32,16,2,8192,1,52.447
indexer,32,16,2,16384,1,73.758
indexer,32,16,4,16,1,42.592
indexer,32,16,4,32,1,42.882
indexer,32,16,4,64,1,42.911
indexer,32,16,4,128,1,43.198
indexer,32,16,4,256,1,43.838
indexer,32,16,4,512,1,43.327
indexer,32,16,4,1024,1,43.842
indexer,32,16,4,2048,1,46.273
indexer,32,16,4,4096,1,50.626
indexer,32,16,4,8192,1,73.026
indexer,32,16,4,16384,1,123.167
indexer,32,16,8,16,1,43.839
indexer,32,16,8,32,1,44.033
indexer,32,16,8,64,1,43.682
indexer,32,16,8,128,1,44.286
indexer,32,16,8,256,1,44.77
indexer,32,16,8,512,1,44.897
indexer,32,16,8,1024,1,47.007
indexer,32,16,8,2048,1,50.945
indexer,32,16,8,4096,1,61.149
indexer,32,16,8,8192,1,110.91
indexer,32,16,8,16384,1,183.839
indexer,32,16,16,16,1,42.015
indexer,32,16,16,32,1,42.304
indexer,32,16,16,64,1,42.978
indexer,32,16,16,128,1,43.233
indexer,32,16,16,256,1,44.093
indexer,32,16,16,512,1,46.015
indexer,32,16,16,1024,1,50.592
indexer,32,16,16,2048,1,73.281
indexer,32,16,16,4096,1,126.72
indexer,32,16,16,8192,1,189.763
indexer,32,16,16,16384,1,234.659
indexer,32,16,32,16,1,42.43
indexer,32,16,32,32,1,43.169
indexer,32,16,32,64,1,42.591
indexer,32,16,32,128,1,44.481
indexer,32,16,32,256,1,46.176
indexer,32,16,32,512,1,50.402
indexer,32,16,32,1024,1,67.233
indexer,32,16,32,2048,1,118.946
indexer,32,16,32,4096,1,182.431
indexer,32,16,32,8192,1,229.602
indexer,32,16,32,16384,1,402.88
indexer,32,16,64,16,1,49.668
indexer,32,16,64,32,1,47.169
indexer,32,16,64,64,1,47.808
indexer,32,16,64,128,1,56.063
indexer,32,16,64,256,1,70.144
indexer,32,16,64,512,1,71.103
indexer,32,16,64,1024,1,115.074
indexer,32,16,64,2048,1,133.217
indexer,32,16,64,4096,1,214.272
indexer,32,16,64,8192,1,403.105
indexer,32,16,64,16384,1,760.512
indexer,32,16,128,16,1,59.489
indexer,32,16,128,32,1,58.24
indexer,32,16,128,64,1,64.32
indexer,32,16,128,128,1,74.079
indexer,32,16,128,256,1,74.178
indexer,32,16,128,512,1,93.313
indexer,32,16,128,1024,1,141.312
indexer,32,16,128,2048,1,231.969
indexer,32,16,128,4096,1,415.937
indexer,32,16,128,8192,1,753.632
indexer,32,16,128,16384,1,1431.49
indexer,32,32,0,0,1,20.801
indexer,32,32,1,16,1,46.112
indexer,32,32,1,32,1,45.855
indexer,32,32,1,64,1,45.662
indexer,32,32,1,128,1,45.792
indexer,32,32,1,256,1,45.886
indexer,32,32,1,512,1,45.983
indexer,32,32,1,1024,1,46.56
indexer,32,32,1,2048,1,46.881
indexer,32,32,1,4096,1,47.776
indexer,32,32,1,8192,1,50.303
indexer,32,32,1,16384,1,63.871
indexer,32,32,2,16,1,44.642
indexer,32,32,2,32,1,44.35
indexer,32,32,2,64,1,44.386
indexer,32,32,2,128,1,44.416
indexer,32,32,2,256,1,44.351
indexer,32,32,2,512,1,44.608
indexer,32,32,2,1024,1,45.185
indexer,32,32,2,2048,1,46.048
indexer,32,32,2,4096,1,48.769
indexer,32,32,2,8192,1,53.409
indexer,32,32,2,16384,1,61.919
indexer,32,32,4,16,1,42.752
indexer,32,32,4,32,1,42.849
indexer,32,32,4,64,1,43.073
indexer,32,32,4,128,1,42.529
indexer,32,32,4,256,1,43.58
indexer,32,32,4,512,1,43.362
indexer,32,32,4,1024,1,44.288
indexer,32,32,4,2048,1,47.105
indexer,32,32,4,4096,1,50.205
indexer,32,32,4,8192,1,71.393
indexer,32,32,4,16384,1,125.023
indexer,32,32,8,16,1,43.169
indexer,32,32,8,32,1,43.426
indexer,32,32,8,64,1,43.808
indexer,32,32,8,128,1,44.413
indexer,32,32,8,256,1,44.479
indexer,32,32,8,512,1,44.835
indexer,32,32,8,1024,1,47.075
indexer,32,32,8,2048,1,50.756
indexer,32,32,8,4096,1,61.475
indexer,32,32,8,8192,1,125.344
indexer,32,32,8,16384,1,183.968
indexer,32,32,16,16,1,42.463
indexer,32,32,16,32,1,43.005
indexer,32,32,16,64,1,42.976
indexer,32,32,16,128,1,42.941
indexer,32,32,16,256,1,44.222
indexer,32,32,16,512,1,46.24
indexer,32,32,16,1024,1,50.176
indexer,32,32,16,2048,1,61.954
indexer,32,32,16,4096,1,126.944
indexer,32,32,16,8192,1,188.221
indexer,32,32,16,16384,1,232.386
indexer,32,32,32,16,1,43.103
indexer,32,32,32,32,1,43.072
indexer,32,32,32,64,1,42.53
indexer,32,32,32,128,1,44.416
indexer,32,32,32,256,1,46.337
indexer,32,32,32,512,1,50.88
indexer,32,32,32,1024,1,63.36
indexer,32,32,32,2048,1,106.815
indexer,32,32,32,4096,1,180.032
indexer,32,32,32,8192,1,228.798
indexer,32,32,32,16384,1,402.753
indexer,32,32,64,16,1,49.344
indexer,32,32,64,32,1,45.471
indexer,32,32,64,64,1,44.993
indexer,32,32,64,128,1,55.937
indexer,32,32,64,256,1,59.746
indexer,32,32,64,512,1,75.552
indexer,32,32,64,1024,1,115.937
indexer,32,32,64,2048,1,132.128
indexer,32,32,64,4096,1,216.195
indexer,32,32,64,8192,1,403.616
indexer,32,32,64,16384,1,758.4
indexer,32,32,128,16,1,62.399
indexer,32,32,128,32,1,62.686
indexer,32,32,128,64,1,63.168
indexer,32,32,128,128,1,73.759
indexer,32,32,128,256,1,74.784
indexer,32,32,128,512,1,93.793
indexer,32,32,128,1024,1,142.529
indexer,32,32,128,2048,1,232.354
indexer,32,32,128,4096,1,415.458
indexer,32,32,128,8192,1,751.968
indexer,32,32,128,16384,1,1434.08
indexer,32,64,0,0,1,20.8
indexer,32,64,1,16,1,46.498
indexer,32,64,1,32,1,46.305
indexer,32,64,1,64,1,46.685
indexer,32,64,1,128,1,46.461
indexer,32,64,1,256,1,46.305
indexer,32,64,1,512,1,45.889
indexer,32,64,1,1024,1,46.722
indexer,32,64,1,2048,1,47.23
indexer,32,64,1,4096,1,47.297
indexer,32,64,1,8192,1,50.272
indexer,32,64,1,16384,1,63.457
indexer,32,64,2,16,1,44.258
indexer,32,64,2,32,1,44.64
indexer,32,64,2,64,1,44.224
indexer,32,64,2,128,1,44.253
indexer,32,64,2,256,1,44.257
indexer,32,64,2,512,1,44.32
indexer,32,64,2,1024,1,45.347
indexer,32,64,2,2048,1,46.56
indexer,32,64,2,4096,1,48.224
indexer,32,64,2,8192,1,52.095
indexer,32,64,2,16384,1,75.519
indexer,32,64,4,16,1,43.139
indexer,32,64,4,32,1,42.525
indexer,32,64,4,64,1,42.943
indexer,32,64,4,128,1,43.074
indexer,32,64,4,256,1,42.911
indexer,32,64,4,512,1,43.135
indexer,32,64,4,1024,1,43.807
indexer,32,64,4,2048,1,46.881
indexer,32,64,4,4096,1,50.271
indexer,32,64,4,8192,1,74.465
indexer,32,64,4,16384,1,110.497
indexer,32,64,8,16,1,43.204
indexer,32,64,8,32,1,43.423
indexer,32,64,8,64,1,43.075
indexer,32,64,8,128,1,43.904
indexer,32,64,8,256,1,44.129
indexer,32,64,8,512,1,43.806
indexer,32,64,8,1024,1,46.595
indexer,32,64,8,2048,1,50.081
indexer,32,64,8,4096,1,60.351
indexer,32,64,8,8192,1,110.881
indexer,32,64,8,16384,1,183.391
indexer,32,64,16,16,1,42.368
indexer,32,64,16,32,1,42.367
indexer,32,64,16,64,1,42.304
indexer,32,64,16,128,1,42.529
indexer,32,64,16,256,1,43.776
indexer,32,64,16,512,1,46.143
indexer,32,64,16,1024,1,50.08
indexer,32,64,16,2048,1,61.185
indexer,32,64,16,4096,1,125.347
indexer,32,64,16,8192,1,188.671
indexer,32,64,16,16384,1,233.536
indexer,32,64,32,16,1,42.593
indexer,32,64,32,32,1,42.432
indexer,32,64,32,64,1,42.655
indexer,32,64,32,128,1,44.384
indexer,32,64,32,256,1,46.879
indexer,32,64,32,512,1,50.079
indexer,32,64,32,1024,1,63.616
indexer,32,64,32,2048,1,118.88
indexer,32,64,32,4096,1,181.693
indexer,32,64,32,8192,1,227.521
indexer,32,64,32,16384,1,401.568
indexer,32,64,64,16,1,50.017
indexer,32,64,64,32,1,45.694
indexer,32,64,64,64,1,45.058
indexer,32,64,64,128,1,49.056
indexer,32,64,64,256,1,65.827
indexer,32,64,64,512,1,70.687
indexer,32,64,64,1024,1,115.553
indexer,32,64,64,2048,1,133.184
indexer,32,64,64,4096,1,216.989
indexer,32,64,64,8192,1,400.992
indexer,32,64,64,16384,1,754.914
indexer,32,64,128,16,1,63.009
indexer,32,64,128,32,1,59.007
indexer,32,64,128,64,1,62.655
indexer,32,64,128,128,1,70.335
indexer,32,64,128,256,1,74.239
indexer,32,64,128,512,1,92.542
indexer,32,64,128,1024,1,140.864
indexer,32,64,128,2048,1,230.049
indexer,32,64,128,4096,1,417.056
indexer,32,64,128,8192,1,748.61
indexer,32,64,128,16384,1,1429.09
indexer,32,128,0,0,1,27.232
indexer,32,128,1,16,1,52.318
indexer,32,128,1,32,1,52.415
indexer,32,128,1,64,1,52.128
indexer,32,128,1,128,1,52.958
indexer,32,128,1,256,1,52.706
indexer,32,128,1,512,1,52.801
indexer,32,128,1,1024,1,52.864
indexer,32,128,1,2048,1,53.889
indexer,32,128,1,4096,1,54.045
indexer,32,128,1,8192,1,56.831
indexer,32,128,1,16384,1,69.408
indexer,32,128,2,16,1,51.041
indexer,32,128,2,32,1,50.753
indexer,32,128,2,64,1,50.559
indexer,32,128,2,128,1,51.103
indexer,32,128,2,256,1,50.559
indexer,32,128,2,512,1,51.041
indexer,32,128,2,1024,1,51.522
indexer,32,128,2,2048,1,52.866
indexer,32,128,2,4096,1,55.196
indexer,32,128,2,8192,1,58.465
indexer,32,128,2,16384,1,68.066
indexer,32,128,4,16,1,49.442
indexer,32,128,4,32,1,49.372
indexer,32,128,4,64,1,49.091
indexer,32,128,4,128,1,49.411
indexer,32,128,4,256,1,49.599
indexer,32,128,4,512,1,50.113
indexer,32,128,4,1024,1,50.467
indexer,32,128,4,2048,1,52.734
indexer,32,128,4,4096,1,57.472
indexer,32,128,4,8192,1,78.72
indexer,32,128,4,16384,1,129.6
indexer,32,128,8,16,1,49.728
indexer,32,128,8,32,1,50.144
indexer,32,128,8,64,1,50.017
indexer,32,128,8,128,1,49.983
indexer,32,128,8,256,1,50.047
indexer,32,128,8,512,1,50.654
indexer,32,128,8,1024,1,53.026
indexer,32,128,8,2048,1,57.248
indexer,32,128,8,4096,1,66.847
indexer,32,128,8,8192,1,130.784
indexer,32,128,8,16384,1,189.95
indexer,32,128,16,16,1,49.313
indexer,32,128,16,32,1,48.897
indexer,32,128,16,64,1,48.514
indexer,32,128,16,128,1,49.504
indexer,32,128,16,256,1,50.047
indexer,32,128,16,512,1,52.064
indexer,32,128,16,1024,1,55.935
indexer,32,128,16,2048,1,68.19
indexer,32,128,16,4096,1,132.286
indexer,32,128,16,8192,1,194.18
indexer,32,128,16,16384,1,235.169
indexer,32,128,32,16,1,49.825
indexer,32,128,32,32,1,49.886
indexer,32,128,32,64,1,48.864
indexer,32,128,32,128,1,51.615
indexer,32,128,32,256,1,53.568
indexer,32,128,32,512,1,58.174
indexer,32,128,32,1024,1,74.497
indexer,32,128,32,2048,1,113.855
indexer,32,128,32,4096,1,187.649
indexer,32,128,32,8192,1,238.271
indexer,32,128,32,16384,1,411.457
indexer,32,128,64,16,1,51.522
indexer,32,128,64,32,1,56.961
indexer,32,128,64,64,1,55.264
indexer,32,128,64,128,1,59.2
indexer,32,128,64,256,1,71.135
indexer,32,128,64,512,1,69.792
indexer,32,128,64,1024,1,123.008
indexer,32,128,64,2048,1,138.017
indexer,32,128,64,4096,1,222.494
indexer,32,128,64,8192,1,410.752
indexer,32,128,64,16384,1,760.254
indexer,32,128,128,16,1,70.175
indexer,32,128,128,32,1,70.465
indexer,32,128,128,64,1,65.28
indexer,32,128,128,128,1,82.977
indexer,32,128,128,256,1,80.515
indexer,32,128,128,512,1,99.426
indexer,32,128,128,1024,1,147.425
indexer,32,128,128,2048,1,234.306
indexer,32,128,128,4096,1,417.184
indexer,32,128,128,8192,1,755.104
indexer,32,128,128,16384,1,1441.54
indexer,32,256,0,0,1,33.377
indexer,32,256,1,16,1,58.88
indexer,32,256,1,32,1,58.785
indexer,32,256,1,64,1,59.075
indexer,32,256,1,128,1,59.328
indexer,32,256,1,256,1,59.202
indexer,32,256,1,512,1,58.784
indexer,32,256,1,1024,1,59.36
indexer,32,256,1,2048,1,59.809
indexer,32,256,1,4096,1,60.159
indexer,32,256,1,8192,1,62.977
indexer,32,256,1,16384,1,76.284
indexer,32,256,2,16,1,57.055
indexer,32,256,2,32,1,57.056
indexer,32,256,2,64,1,57.183
indexer,32,256,2,128,1,57.023
indexer,32,256,2,256,1,57.121
indexer,32,256,2,512,1,57.153
indexer,32,256,2,1024,1,57.76
indexer,32,256,2,2048,1,58.688
indexer,32,256,2,4096,1,60.994
indexer,32,256,2,8192,1,64.958
indexer,32,256,2,16384,1,87.17
indexer,32,256,4,16,1,55.52
indexer,32,256,4,32,1,55.168
indexer,32,256,4,64,1,55.52
indexer,32,256,4,128,1,55.839
indexer,32,256,4,256,1,55.647
indexer,32,256,4,512,1,55.873
indexer,32,256,4,1024,1,56.768
indexer,32,256,4,2048,1,59.072
indexer,32,256,4,4096,1,63.519
indexer,32,256,4,8192,1,85.473
indexer,32,256,4,16384,1,136.608
indexer,32,256,8,16,1,56.032
indexer,32,256,8,32,1,56.481
indexer,32,256,8,64,1,55.935
indexer,32,256,8,128,1,56.478
indexer,32,256,8,256,1,57.153
indexer,32,256,8,512,1,57.151
indexer,32,256,8,1024,1,59.009
indexer,32,256,8,2048,1,63.581
indexer,32,256,8,4096,1,73.087
indexer,32,256,8,8192,1,123.711
indexer,32,256,8,16384,1,196.672
indexer,32,256,16,16,1,55.201
indexer,32,256,16,32,1,55.168
indexer,32,256,16,64,1,55.296
indexer,32,256,16,128,1,55.587
indexer,32,256,16,256,1,56.158
indexer,32,256,16,512,1,58.752
indexer,32,256,16,1024,1,62.722
indexer,32,256,16,2048,1,79.618
indexer,32,256,16,4096,1,138.721
indexer,32,256,16,8192,1,199.938
indexer,32,256,16,16384,1,245.475
indexer,32,256,32,16,1,55.01
indexer,32,256,32,32,1,55.297
indexer,32,256,32,64,1,55.36
indexer,32,256,32,128,1,57.377
indexer,32,256,32,256,1,59.234
indexer,32,256,32,512,1,63.968
indexer,32,256,32,1024,1,76.961
indexer,32,256,32,2048,1,128.93
indexer,32,256,32,4096,1,195.039
indexer,32,256,32,8192,1,243.713
indexer,32,256,32,16384,1,418.4
indexer,32,256,64,16,1,63.52
indexer,32,256,64,32,1,58.015
indexer,32,256,64,64,1,58.144
indexer,32,256,64,128,1,69.088
indexer,32,256,64,256,1,76.896
indexer,32,256,64,512,1,87.039
indexer,32,256,64,1024,1,127.777
indexer,32,256,64,2048,1,146.273
indexer,32,256,64,4096,1,229.536
indexer,32,256,64,8192,1,414.816
indexer,32,256,64,16384,1,769.76
indexer,32,256,128,16,1,72.259
indexer,32,256,128,32,1,75.938
indexer,32,256,128,64,1,76.099
indexer,32,256,128,128,1,87.391
indexer,32,256,128,256,1,86.848
indexer,32,256,128,512,1,104.48
indexer,32,256,128,1024,1,152.51
indexer,32,256,128,2048,1,240.256
indexer,32,256,128,4096,1,429.73
indexer,32,256,128,8192,1,761.856
indexer,32,256,128,16384,1,1446.75
indexer,32,512,0,0,1,46.048
indexer,32,512,1,16,1,70.849
indexer,32,512,1,32,1,71.233
indexer,32,512,1,64,1,71.329
indexer,32,512,1,128,1,71.971
indexer,32,512,1,256,1,70.752
indexer,32,512,1,512,1,70.975
indexer,32,512,1,1024,1,71.52
indexer,32,512,1,2048,1,71.906
indexer,32,512,1,4096,1,72.765
indexer,32,512,1,8192,1,75.358
indexer,32,512,1,16384,1,84.736
indexer,32,512,2,16,1,69.473
indexer,32,512,2,32,1,69.47
indexer,32,512,2,64,1,69.63
indexer,32,512,2,128,1,70.046
indexer,32,512,2,256,1,69.374
indexer,32,512,2,512,1,69.504
indexer,32,512,2,1024,1,70.24
indexer,32,512,2,2048,1,71.107
indexer,32,512,2,4096,1,73.349
indexer,32,512,2,8192,1,77.409
indexer,32,512,2,16384,1,99.618
indexer,32,512,4,16,1,67.936
indexer,32,512,4,32,1,67.839
indexer,32,512,4,64,1,67.744
indexer,32,512,4,128,1,68.03
indexer,32,512,4,256,1,68.413
indexer,32,512,4,512,1,68.545
indexer,32,512,4,1024,1,69.15
indexer,32,512,4,2048,1,71.04
indexer,32,512,4,4096,1,76.16
indexer,32,512,4,8192,1,97.312
indexer,32,512,4,16384,1,146.944
indexer,32,512,8,16,1,68.095
indexer,32,512,8,32,1,68.289
indexer,32,512,8,64,1,68.352
indexer,32,512,8,128,1,68.702
indexer,32,512,8,256,1,68.896
indexer,32,512,8,512,1,69.312
indexer,32,512,8,1024,1,71.394
indexer,32,512,8,2048,1,76.192
indexer,32,512,8,4096,1,84.737
indexer,32,512,8,8192,1,148.511
indexer,32,512,8,16384,1,207.842
indexer,32,512,16,16,1,67.489
indexer,32,512,16,32,1,67.264
indexer,32,512,16,64,1,67.36
indexer,32,512,16,128,1,67.841
indexer,32,512,16,256,1,68.834
indexer,32,512,16,512,1,70.848
indexer,32,512,16,1024,1,75.457
indexer,32,512,16,2048,1,91.361
indexer,32,512,16,4096,1,138.403
indexer,32,512,16,8192,1,211.392
indexer,32,512,16,16384,1,258.624
indexer,32,512,32,16,1,67.808
indexer,32,512,32,32,1,67.484
indexer,32,512,32,64,1,67.746
indexer,32,512,32,128,1,69.759
indexer,32,512,32,256,1,71.17
indexer,32,512,32,512,1,75.807
indexer,32,512,32,1024,1,97.188
indexer,32,512,32,2048,1,144.289
indexer,32,512,32,4096,1,206.625
indexer,32,512,32,8192,1,257.856
indexer,32,512,32,16384,1,427.263
indexer,32,512,64,16,1,69.696
indexer,32,512,64,32,1,72.064
indexer,32,512,64,64,1,71.904
indexer,32,512,64,128,1,81.151
indexer,32,512,64,256,1,95.36
indexer,32,512,64,512,1,101.473
indexer,32,512,64,1024,1,137.667
indexer,32,512,64,2048,1,154.146
indexer,32,512,64,4096,1,243.525
indexer,32,512,64,8192,1,428
indexer,32,512,64,16384,1,779.074
indexer,32,512,128,16,1,84.48
indexer,32,512,128,32,1,85.086
indexer,32,512,128,64,1,84.481
indexer,32,512,128,128,1,99.811
indexer,32,512,128,256,1,97.982
indexer,32,512,128,512,1,118.079
indexer,32,512,128,1024,1,166.113
indexer,32,512,128,2048,1,250.942
indexer,32,512,128,4096,1,440.673
indexer,32,512,128,8192,1,774.625
indexer,32,512,128,16384,1,1460.99
indexer,32,1024,0,0,1,71.17
indexer,32,1024,1,16,1,95.872
indexer,32,1024,1,32,1,95.33
indexer,32,1024,1,64,1,95.711
indexer,32,1024,1,128,1,95.488
indexer,32,1024,1,256,1,95.421
indexer,32,1024,1,512,1,95.423
indexer,32,1024,1,1024,1,95.838
indexer,32,1024,1,2048,1,96.414
indexer,32,1024,1,4096,1,97.984
indexer,32,1024,1,8192,1,99.457
indexer,32,1024,1,16384,1,113.089
indexer,32,1024,2,16,1,93.887
indexer,32,1024,2,32,1,94.016
indexer,32,1024,2,64,1,94.143
indexer,32,1024,2,128,1,93.889
indexer,32,1024,2,256,1,93.538
indexer,32,1024,2,512,1,94.336
indexer,32,1024,2,1024,1,94.816
indexer,32,1024,2,2048,1,95.552
indexer,32,1024,2,4096,1,98.655
indexer,32,1024,2,8192,1,102.049
indexer,32,1024,2,16384,1,123.071
indexer,32,1024,4,16,1,92.451
indexer,32,1024,4,32,1,92.289
indexer,32,1024,4,64,1,92.353
indexer,32,1024,4,128,1,92.901
indexer,32,1024,4,256,1,93.185
indexer,32,1024,4,512,1,92.931
indexer,32,1024,4,1024,1,93.762
indexer,32,1024,4,2048,1,95.934
indexer,32,1024,4,4096,1,100.065
indexer,32,1024,4,8192,1,116.927
indexer,32,1024,4,16384,1,158.465
indexer,32,1024,8,16,1,92.672
indexer,32,1024,8,32,1,92.512
indexer,32,1024,8,64,1,93.054
indexer,32,1024,8,128,1,93.409
indexer,32,1024,8,256,1,93.278
indexer,32,1024,8,512,1,93.889
indexer,32,1024,8,1024,1,96.062
indexer,32,1024,8,2048,1,100.351
indexer,32,1024,8,4096,1,110.271
indexer,32,1024,8,8192,1,173.889
indexer,32,1024,8,16384,1,232.802
indexer,32,1024,16,16,1,91.875
indexer,32,1024,16,32,1,91.809
indexer,32,1024,16,64,1,91.936
indexer,32,1024,16,128,1,92.287
indexer,32,1024,16,256,1,93.664
indexer,32,1024,16,512,1,95.712
indexer,32,1024,16,1024,1,99.265
indexer,32,1024,16,2048,1,111.074
indexer,32,1024,16,4096,1,178.08
indexer,32,1024,16,8192,1,240.224
indexer,32,1024,16,16384,1,284.449
indexer,32,1024,32,16,1,92.702
indexer,32,1024,32,32,1,92.831
indexer,32,1024,32,64,1,93.601
indexer,32,1024,32,128,1,95.454
indexer,32,1024,32,256,1,97.249
indexer,32,1024,32,512,1,101.408
indexer,32,1024,32,1024,1,113.727
indexer,32,1024,32,2048,1,168.899
indexer,32,1024,32,4096,1,231.072
indexer,32,1024,32,8192,1,280.448
indexer,32,1024,32,16384,1,454.878
indexer,32,1024,64,16,1,100.414
indexer,32,1024,64,32,1,99.743
indexer,32,1024,64,64,1,100.353
indexer,32,1024,64,128,1,107.616
indexer,32,1024,64,256,1,120.351
indexer,32,1024,64,512,1,126.112
indexer,32,1024,64,1024,1,164.448
indexer,32,1024,64,2048,1,182.654
indexer,32,1024,64,4096,1,265.345
indexer,32,1024,64,8192,1,446.784
indexer,32,1024,64,16384,1,801.602
indexer,32,1024,128,16,1,113.539
indexer,32,1024,128,32,1,109.856
indexer,32,1024,128,64,1,112.637
indexer,32,1024,128,128,1,125.536
indexer,32,1024,128,256,1,123.777
indexer,32,1024,128,512,1,141.278
indexer,32,1024,128,1024,1,189.691
indexer,32,1024,128,2048,1,275.713
indexer,32,1024,128,4096,1,460.64
indexer,32,1024,128,8192,1,796.896
indexer,32,1024,128,16384,1,1483.93
indexer,32,2048,0,0,1,119.744
indexer,32,2048,1,16,1,144.77
indexer,32,2048,1,32,1,145.024
indexer,32,2048,1,64,1,144.8
indexer,32,2048,1,128,1,145.409
indexer,32,2048,1,256,1,145.47
indexer,32,2048,1,512,1,145.09
indexer,32,2048,1,1024,1,145.726
indexer,32,2048,1,2048,1,145.759
indexer,32,2048,1,4096,1,146.689
indexer,32,2048,1,8192,1,149.057
indexer,32,2048,1,16384,1,157.887
indexer,32,2048,2,16,1,143.359
indexer,32,2048,2,32,1,143.678
indexer,32,2048,2,64,1,143.359
indexer,32,2048,2,128,1,143.428
indexer,32,2048,2,256,1,143.395
indexer,32,2048,2,512,1,143.712
indexer,32,2048,2,1024,1,144.226
indexer,32,2048,2,2048,1,144.896
indexer,32,2048,2,4096,1,147.199
indexer,32,2048,2,8192,1,151.456
indexer,32,2048,2,16384,1,173.151
indexer,32,2048,4,16,1,142.305
indexer,32,2048,4,32,1,141.761
indexer,32,2048,4,64,1,142.307
indexer,32,2048,4,128,1,141.921
indexer,32,2048,4,256,1,143.039
indexer,32,2048,4,512,1,142.689
indexer,32,2048,4,1024,1,143.202
indexer,32,2048,4,2048,1,144.736
indexer,32,2048,4,4096,1,149.152
indexer,32,2048,4,8192,1,170.56
indexer,32,2048,4,16384,1,221.024
indexer,32,2048,8,16,1,142.336
indexer,32,2048,8,32,1,142.464
indexer,32,2048,8,64,1,142.43
indexer,32,2048,8,128,1,142.526
indexer,32,2048,8,256,1,142.624
indexer,32,2048,8,512,1,143.807
indexer,32,2048,8,1024,1,145.379
indexer,32,2048,8,2048,1,149.344
indexer,32,2048,8,4096,1,165.697
indexer,32,2048,8,8192,1,223.042
indexer,32,2048,8,16384,1,283.231
indexer,32,2048,16,16,1,142.047
indexer,32,2048,16,32,1,142.239
indexer,32,2048,16,64,1,142.271
indexer,32,2048,16,128,1,143.169
indexer,32,2048,16,256,1,143.298
indexer,32,2048,16,512,1,146.113
indexer,32,2048,16,1024,1,149.344
indexer,32,2048,16,2048,1,160.256
indexer,32,2048,16,4096,1,211.712
indexer,32,2048,16,8192,1,287.804
indexer,32,2048,16,16384,1,332.002
indexer,32,2048,32,16,1,142.594
indexer,32,2048,32,32,1,142.432
indexer,32,2048,32,64,1,142.304
indexer,32,2048,32,128,1,143.875
indexer,32,2048,32,256,1,145.695
indexer,32,2048,32,512,1,151.328
indexer,32,2048,32,1024,1,164.129
indexer,32,2048,32,2048,1,218.302
indexer,32,2048,32,4096,1,280.326
indexer,32,2048,32,8192,1,327.904
indexer,32,2048,32,16384,1,507.776
indexer,32,2048,64,16,1,149.824
indexer,32,2048,64,32,1,149.406
indexer,32,2048,64,64,1,149.025
indexer,32,2048,64,128,1,155.969
indexer,32,2048,64,256,1,165.727
indexer,32,2048,64,512,1,170.4
indexer,32,2048,64,1024,1,214.594
indexer,32,2048,64,2048,1,233.183
indexer,32,2048,64,4096,1,311.678
indexer,32,2048,64,8192,1,497.856
indexer,32,2048,64,16384,1,855.874
indexer,32,2048,128,16,1,165.056
indexer,32,2048,128,32,1,164.32
indexer,32,2048,128,64,1,164.991
indexer,32,2048,128,128,1,174.946
indexer,32,2048,128,256,1,172.574
indexer,32,2048,128,512,1,192.35
indexer,32,2048,128,1024,1,238.915
indexer,32,2048,128,2048,1,326.627
indexer,32,2048,128,4096,1,516.767
indexer,32,2048,128,8192,1,847.938
indexer,32,2048,128,16384,1,1541.19
indexer,32,4096,0,0,1,218.559
indexer,32,4096,1,16,1,243.649
indexer,32,4096,1,32,1,243.743
indexer,32,4096,1,64,1,243.169
indexer,32,4096,1,128,1,243.554
indexer,32,4096,1,256,1,243.199
indexer,32,4096,1,512,1,243.458
indexer,32,4096,1,1024,1,243.872
indexer,32,4096,1,2048,1,244.607
indexer,32,4096,1,4096,1,245.214
indexer,32,4096,1,8192,1,247.424
indexer,32,4096,1,16384,1,260.703
indexer,32,4096,2,16,1,241.63
indexer,32,4096,2,32,1,241.86
indexer,32,4096,2,64,1,241.794
indexer,32,4096,2,128,1,242.016
indexer,32,4096,2,256,1,242.37
indexer,32,4096,2,512,1,242.145
indexer,32,4096,2,1024,1,242.882
indexer,32,4096,2,2048,1,243.39
indexer,32,4096,2,4096,1,246.08
indexer,32,4096,2,8192,1,250.753
indexer,32,4096,2,16384,1,271.39
indexer,32,4096,4,16,1,240.001
indexer,32,4096,4,32,1,240.162
indexer,32,4096,4,64,1,240.449
indexer,32,4096,4,128,1,240.447
indexer,32,4096,4,256,1,241.056
indexer,32,4096,4,512,1,241.248
indexer,32,4096,4,1024,1,242.399
indexer,32,4096,4,2048,1,243.293
indexer,32,4096,4,4096,1,248.128
indexer,32,4096,4,8192,1,258.368
indexer,32,4096,4,16384,1,320.256
indexer,32,4096,8,16,1,240.864
indexer,32,4096,8,32,1,240.707
indexer,32,4096,8,64,1,241.535
indexer,32,4096,8,128,1,241.28
indexer,32,4096,8,256,1,241.887
indexer,32,4096,8,512,1,242.114
indexer,32,4096,8,1024,1,244.384
indexer,32,4096,8,2048,1,248.253
indexer,32,4096,8,4096,1,267.649
indexer,32,4096,8,8192,1,322.176
indexer,32,4096,8,16384,1,380.703
indexer,32,4096,16,16,1,240.67
indexer,32,4096,16,32,1,240.766
indexer,32,4096,16,64,1,240.511
indexer,32,4096,16,128,1,240.926
indexer,32,4096,16,256,1,241.566
indexer,32,4096,16,512,1,244.225
indexer,32,4096,16,1024,1,248.96
indexer,32,4096,16,2048,1,270.174
indexer,32,4096,16,4096,1,309.952
indexer,32,4096,16,8192,1,385.28
indexer,32,4096,16,16384,1,427.072
indexer,32,4096,32,16,1,240.863
indexer,32,4096,32,32,1,240.64
indexer,32,4096,32,64,1,241.315
indexer,32,4096,32,128,1,243.104
indexer,32,4096,32,256,1,244.097
indexer,32,4096,32,512,1,249.121
indexer,32,4096,32,1024,1,266.592
indexer,32,4096,32,2048,1,315.712
indexer,32,4096,32,4096,1,379.839
indexer,32,4096,32,8192,1,428.194
indexer,32,4096,32,16384,1,605.187
indexer,32,4096,64,16,1,247.841
indexer,32,4096,64,32,1,247.904
indexer,32,4096,64,64,1,247.137
indexer,32,4096,64,128,1,250.753
indexer,32,4096,64,256,1,262.721
indexer,32,4096,64,512,1,273.796
indexer,32,4096,64,1024,1,313.855
indexer,32,4096,64,2048,1,329.888
indexer,32,4096,64,4096,1,415.841
indexer,32,4096,64,8192,1,598.496
indexer,32,4096,64,16384,1,951.488
indexer,32,4096,128,16,1,263.136
indexer,32,4096,128,32,1,264.448
indexer,32,4096,128,64,1,264.322
indexer,32,4096,128,128,1,272.672
indexer,32,4096,128,256,1,269.44
indexer,32,4096,128,512,1,291.2
indexer,32,4096,128,1024,1,337.6
indexer,32,4096,128,2048,1,427.999
indexer,32,4096,128,4096,1,614.721
indexer,32,4096,128,8192,1,951.871
indexer,32,4096,128,16384,1,1647.81
indexer,32,8192,0,0,1,419.265
indexer,32,8192,1,16,1,444.704
indexer,32,8192,1,32,1,444.512
indexer,32,8192,1,64,1,444.707
indexer,32,8192,1,128,1,444.959
indexer,32,8192,1,256,1,444.702
indexer,32,8192,1,512,1,444.258
indexer,32,8192,1,1024,1,445.537
indexer,32,8192,1,2048,1,445.729
indexer,32,8192,1,4096,1,446.592
indexer,32,8192,1,8192,1,448.481
indexer,32,8192,1,16384,1,452.672
indexer,32,8192,2,16,1,443.393
indexer,32,8192,2,32,1,443.072
indexer,32,8192,2,64,1,442.816
indexer,32,8192,2,128,1,443.52
indexer,32,8192,2,256,1,443.136
indexer,32,8192,2,512,1,443.17
indexer,32,8192,2,1024,1,444.354
indexer,32,8192,2,2048,1,444.801
indexer,32,8192,2,4096,1,447.141
indexer,32,8192,2,8192,1,451.201
indexer,32,8192,2,16384,1,472.447
indexer,32,8192,4,16,1,441.088
indexer,32,8192,4,32,1,441.44
indexer,32,8192,4,64,1,441.438
indexer,32,8192,4,128,1,441.664
indexer,32,8192,4,256,1,442.243
indexer,32,8192,4,512,1,442.373
indexer,32,8192,4,1024,1,443.105
indexer,32,8192,4,2048,1,445.537
indexer,32,8192,4,4096,1,450.145
indexer,32,8192,4,8192,1,470.111
indexer,32,8192,4,16384,1,521.761
indexer,32,8192,8,16,1,442.145
indexer,32,8192,8,32,1,442.625
indexer,32,8192,8,64,1,442.305
indexer,32,8192,8,128,1,442.977
indexer,32,8192,8,256,1,442.276
indexer,32,8192,8,512,1,443.104
indexer,32,8192,8,1024,1,445.343
indexer,32,8192,8,2048,1,452.544
indexer,32,8192,8,4096,1,477.504
indexer,32,8192,8,8192,1,510.113
indexer,32,8192,8,16384,1,582.366
indexer,32,8192,16,16,1,441.408
indexer,32,8192,16,32,1,441.922
indexer,32,8192,16,64,1,442.273
indexer,32,8192,16,128,1,441.792
indexer,32,8192,16,256,1,443.266
indexer,32,8192,16,512,1,444.768
indexer,32,8192,16,1024,1,457.601
indexer,32,8192,16,2048,1,470.497
indexer,32,8192,16,4096,1,511.677
indexer,32,8192,16,8192,1,586.048
indexer,32,8192,16,16384,1,632.451
indexer,32,8192,32,16,1,443.266
indexer,32,8192,32,32,1,441.921
indexer,32,8192,32,64,1,442.911
indexer,32,8192,32,128,1,449.151
indexer,32,8192,32,256,1,447.265
indexer,32,8192,32,512,1,463.553
indexer,32,8192,32,1024,1,470.015
indexer,32,8192,32,2048,1,517.472
indexer,32,8192,32,4096,1,580.704
indexer,32,8192,32,8192,1,629.504
indexer,32,8192,32,16384,1,806.816
indexer,32,8192,64,16,1,448.575
indexer,32,8192,64,32,1,451.266
indexer,32,8192,64,64,1,452.895
indexer,32,8192,64,128,1,459.712
indexer,32,8192,64,256,1,469.406
indexer,32,8192,64,512,1,476.193
indexer,32,8192,64,1024,1,515.264
indexer,32,8192,64,2048,1,534.464
indexer,32,8192,64,4096,1,616.64
indexer,32,8192,64,8192,1,800.451
indexer,32,8192,64,16384,1,1149.98
indexer,32,8192,128,16,1,465.504
indexer,32,8192,128,32,1,464.769
indexer,32,8192,128,64,1,465.824
indexer,32,8192,128,128,1,471.712
indexer,32,8192,128,256,1,471.039
indexer,32,8192,128,512,1,490.912
indexer,32,8192,128,1024,1,538.177
indexer,32,8192,128,2048,1,625.795
indexer,32,8192,128,4096,1,822.275
indexer,32,8192,128,8192,1,1145.79
indexer,32,8192,128,16384,1,1831.59
indexer,32,16384,0,0,1,817.887
indexer,32,16384,1,16,1,849.634
indexer,32,16384,1,32,1,845.791
indexer,32,16384,1,64,1,843.266
indexer,32,16384,1,128,1,847.107
indexer,32,16384,1,256,1,847.425
indexer,32,16384,1,512,1,847.776
indexer,32,16384,1,1024,1,845.411
indexer,32,16384,1,2048,1,848.354
indexer,32,16384,1,4096,1,847.362
indexer,32,16384,1,8192,1,849.792
indexer,32,16384,1,16384,1,855.549
indexer,32,16384,2,16,1,843.938
indexer,32,16384,2,32,1,844.546
indexer,32,16384,2,64,1,841.376
indexer,32,16384,2,128,1,843.105
indexer,32,16384,2,256,1,844.353
indexer,32,16384,2,512,1,844.321
indexer,32,16384,2,1024,1,842.21
indexer,32,16384,2,2048,1,846.819
indexer,32,16384,2,4096,1,850.815
indexer,32,16384,2,8192,1,860.639
indexer,32,16384,2,16384,1,878.336
indexer,32,16384,4,16,1,840.385
indexer,32,16384,4,32,1,840.447
indexer,32,16384,4,64,1,841.344
indexer,32,16384,4,128,1,842.56
indexer,32,16384,4,256,1,840.572
indexer,32,16384,4,512,1,841.183
indexer,32,16384,4,1024,1,844.384
indexer,32,16384,4,2048,1,849.153
indexer,32,16384,4,4096,1,856.576
indexer,32,16384,4,8192,1,868.8
indexer,32,16384,4,16384,1,906.592
indexer,32,16384,8,16,1,841.376
indexer,32,16384,8,32,1,842.879
indexer,32,16384,8,64,1,840.767
indexer,32,16384,8,128,1,843.616
indexer,32,16384,8,256,1,844.001
indexer,32,16384,8,512,1,847.999
indexer,32,16384,8,1024,1,849.89
indexer,32,16384,8,2048,1,857.056
indexer,32,16384,8,4096,1,870.848
indexer,32,16384,8,8192,1,926.431
indexer,32,16384,8,16384,1,981.153
indexer,32,16384,16,16,1,845.023
indexer,32,16384,16,32,1,843.937
indexer,32,16384,16,64,1,843.904
indexer,32,16384,16,128,1,844.063
indexer,32,16384,16,256,1,845.924
indexer,32,16384,16,512,1,846.463
indexer,32,16384,16,1024,1,854.147
indexer,32,16384,16,2048,1,877.505
indexer,32,16384,16,4096,1,922.98
indexer,32,16384,16,8192,1,985.187
indexer,32,16384,16,16384,1,1030.6
indexer,32,16384,32,16,1,844.349
indexer,32,16384,32,32,1,844.675
indexer,32,16384,32,64,1,845.186
indexer,32,16384,32,128,1,845.026
indexer,32,16384,32,256,1,853.504
indexer,32,16384,32,512,1,865.856
indexer,32,16384,32,1024,1,876.864
indexer,32,16384,32,2048,1,919.109
indexer,32,16384,32,4096,1,978.817
indexer,32,16384,32,8192,1,1023.2
indexer,32,16384,32,16384,1,1201.54
indexer,32,16384,64,16,1,849.15
indexer,32,16384,64,32,1,848.418
indexer,32,16384,64,64,1,850.527
indexer,32,16384,64,128,1,860.384
indexer,32,16384,64,256,1,870.369
indexer,32,16384,64,512,1,873.665
indexer,32,16384,64,1024,1,912.416
indexer,32,16384,64,2048,1,928.674
indexer,32,16384,64,4096,1,1016.61
indexer,32,16384,64,8192,1,1200.64
indexer,32,16384,64,16384,1,1553.06
indexer,32,16384,128,16,1,862.687
indexer,32,16384,128,32,1,863.265
indexer,32,16384,128,64,1,863.425
indexer,32,16384,128,128,1,871.104
indexer,32,16384,128,256,1,870.082
indexer,32,16384,128,512,1,889.468
indexer,32,16384,128,1024,1,937.249
indexer,32,16384,128,2048,1,1024.16
indexer,32,16384,128,4096,1,1219.11
indexer,32,16384,128,8192,1,1553.12
indexer,32,16384,128,16384,1,2239.78
indexer,64,0,0,0,1,21.248
indexer,64,0,1,16,1,46.113
indexer,64,0,1,32,1,46.558
indexer,64,0,1,64,1,46.784
indexer,64,0,1,128,1,46.783
indexer,64,0,1,256,1,46.369
indexer,64,0,1,512,1,46.431
indexer,64,0,1,1024,1,46.626
indexer,64,0,1,2048,1,47.266
indexer,64,0,1,4096,1,47.968
indexer,64,0,1,8192,1,50.019
indexer,64,0,1,16384,1,66.69
indexer,64,0,2,16,1,44.514
indexer,64,0,2,32,1,45.056
indexer,64,0,2,64,1,44.447
indexer,64,0,2,128,1,44.768
indexer,64,0,2,256,1,44.545
indexer,64,0,2,512,1,45.182
indexer,64,0,2,1024,1,45.285
indexer,64,0,2,2048,1,46.529
indexer,64,0,2,4096,1,48.739
indexer,64,0,2,8192,1,52.479
indexer,64,0,2,16384,1,75.968
indexer,64,0,4,16,1,43.266
indexer,64,0,4,32,1,43.359
indexer,64,0,4,64,1,43.294
indexer,64,0,4,128,1,43.52
indexer,64,0,4,256,1,43.391
indexer,64,0,4,512,1,43.393
indexer,64,0,4,1024,1,44.638
indexer,64,0,4,2048,1,46.882
indexer,64,0,4,4096,1,50.656
indexer,64,0,4,8192,1,75.233
indexer,64,0,4,16384,1,126.816
indexer,64,0,8,16,1,43.614
indexer,64,0,8,32,1,43.713
indexer,64,0,8,64,1,43.488
indexer,64,0,8,128,1,44.577
indexer,64,0,8,256,1,44.606
indexer,64,0,8,512,1,44.804
indexer,64,0,8,1024,1,46.273
indexer,64,0,8,2048,1,50.496
indexer,64,0,8,4096,1,59.936
indexer,64,0,8,8192,1,107.807
indexer,64,0,8,16384,1,183.328
indexer,64,0,16,16,1,43.264
indexer,64,0,16,32,1,43.424
indexer,64,0,16,64,1,43.776
indexer,64,0,16,128,1,43.392
indexer,64,0,16,256,1,44.383
indexer,64,0,16,512,1,46.562
indexer,64,0,16,1024,1,50.048
indexer,64,0,16,2048,1,59.329
indexer,64,0,16,4096,1,115.33
indexer,64,0,16,8192,1,180.607
indexer,64,0,16,16384,1,233.377
indexer,64,0,32,16,1,43.201
indexer,64,0,32,32,1,42.784
indexer,64,0,32,64,1,42.717
indexer,64,0,32,128,1,44.864
indexer,64,0,32,256,1,46.813
indexer,64,0,32,512,1,50.752
indexer,64,0,32,1024,1,65.215
indexer,64,0,32,2048,1,111.104
indexer,64,0,32,4096,1,172.417
indexer,64,0,32,8192,1,224.156
indexer,64,0,32,16384,1,397.824
indexer,64,0,64,16,1,45.634
indexer,64,0,64,32,1,48.13
indexer,64,0,64,64,1,50.433
indexer,64,0,64,128,1,53.503
indexer,64,0,64,256,1,67.906
indexer,64,0,64,512,1,75.36
indexer,64,0,64,1024,1,112.611
indexer,64,0,64,2048,1,132.896
indexer,64,0,64,4096,1,215.517
indexer,64,0,64,8192,1,406.432
indexer,64,0,64,16384,1,758.144
indexer,64,0,128,16,1,58.304
indexer,64,0,128,32,1,59.361
indexer,64,0,128,64,1,58.465
indexer,64,0,128,128,1,73.089
indexer,64,0,128,256,1,73.826
indexer,64,0,128,512,1,95.202
indexer,64,0,128,1024,1,142.048
indexer,64,0,128,2048,1,229.055
indexer,64,0,128,4096,1,419.104
indexer,64,0,128,8192,1,756.546
indexer,64,0,128,16384,1,1433.7
indexer,64,16,0,0,1,21.024
indexer,64,16,1,16,1,46.208
indexer,64,16,1,32,1,46.112
indexer,64,16,1,64,1,46.335
indexer,64,16,1,128,1,46.496
indexer,64,16,1,256,1,46.241
indexer,64,16,1,512,1,46.494
indexer,64,16,1,1024,1,46.815
indexer,64,16,1,2048,1,47.167
indexer,64,16,1,4096,1,47.84
indexer,64,16,1,8192,1,49.694
indexer,64,16,1,16384,1,64.096
indexer,64,16,2,16,1,44.415
indexer,64,16,2,32,1,44.737
indexer,64,16,2,64,1,44.736
indexer,64,16,2,128,1,44.768
indexer,64,16,2,256,1,44.417
indexer,64,16,2,512,1,44.897
indexer,64,16,2,1024,1,45.823
indexer,64,16,2,2048,1,46.207
indexer,64,16,2,4096,1,47.87
indexer,64,16,2,8192,1,52.769
indexer,64,16,2,16384,1,63.583
indexer,64,16,4,16,1,42.945
indexer,64,16,4,32,1,42.816
indexer,64,16,4,64,1,43.167
indexer,64,16,4,128,1,43.68
indexer,64,16,4,256,1,43.552
indexer,64,16,4,512,1,43.616
indexer,64,16,4,1024,1,44.896
indexer,64,16,4,2048,1,47.329
indexer,64,16,4,4096,1,50.274
indexer,64,16,4,8192,1,74.785
indexer,64,16,4,16384,1,123.936
indexer,64,16,8,16,1,43.487
indexer,64,16,8,32,1,43.871
indexer,64,16,8,64,1,43.744
indexer,64,16,8,128,1,43.81
indexer,64,16,8,256,1,44.417
indexer,64,16,8,512,1,44.542
indexer,64,16,8,1024,1,46.846
indexer,64,16,8,2048,1,50.21
indexer,64,16,8,4096,1,65.952
indexer,64,16,8,8192,1,107.231
indexer,64,16,8,16384,1,180.192
indexer,64,16,16,16,1,43.263
indexer,64,16,16,32,1,43.552
indexer,64,16,16,64,1,43.04
indexer,64,16,16,128,1,43.52
indexer,64,16,16,256,1,43.713
indexer,64,16,16,512,1,46.432
indexer,64,16,16,1024,1,50.787
indexer,64,16,16,2048,1,59.616
indexer,64,16,16,4096,1,117.343
indexer,64,16,16,8192,1,179.009
indexer,64,16,16,16384,1,232.638
indexer,64,16,32,16,1,42.625
indexer,64,16,32,32,1,42.72
indexer,64,16,32,64,1,42.784
indexer,64,16,32,128,1,44.768
indexer,64,16,32,256,1,46.335
indexer,64,16,32,512,1,51.298
indexer,64,16,32,1024,1,60.448
indexer,64,16,32,2048,1,111.393
indexer,64,16,32,4096,1,172.256
indexer,64,16,32,8192,1,223.807
indexer,64,16,32,16384,1,402.051
indexer,64,16,64,16,1,45.631
indexer,64,16,64,32,1,49.601
indexer,64,16,64,64,1,50.498
indexer,64,16,64,128,1,54.017
indexer,64,16,64,256,1,55.714
indexer,64,16,64,512,1,67.106
indexer,64,16,64,1024,1,114.495
indexer,64,16,64,2048,1,131.296
indexer,64,16,64,4096,1,213.855
indexer,64,16,64,8192,1,406.464
indexer,64,16,64,16384,1,761.408
indexer,64,16,128,16,1,62.849
indexer,64,16,128,32,1,62.366
indexer,64,16,128,64,1,58.655
indexer,64,16,128,128,1,67.585
indexer,64,16,128,256,1,73.118
indexer,64,16,128,512,1,96.799
indexer,64,16,128,1024,1,141.6
indexer,64,16,128,2048,1,231.458
indexer,64,16,128,4096,1,420.384
indexer,64,16,128,8192,1,755.519
indexer,64,16,128,16384,1,1429.6
indexer,64,32,0,0,1,20.993
indexer,64,32,1,16,1,46.111
indexer,64,32,1,32,1,45.982
indexer,64,32,1,64,1,45.952
indexer,64,32,1,128,1,46.303
indexer,64,32,1,256,1,46.911
indexer,64,32,1,512,1,46.143
indexer,64,32,1,1024,1,46.784
indexer,64,32,1,2048,1,47.231
indexer,64,32,1,4096,1,48.033
indexer,64,32,1,8192,1,49.984
indexer,64,32,1,16384,1,63.903
indexer,64,32,2,16,1,44.8
indexer,64,32,2,32,1,44.96
indexer,64,32,2,64,1,44.736
indexer,64,32,2,128,1,44.513
indexer,64,32,2,256,1,44.449
indexer,64,32,2,512,1,44.42
indexer,64,32,2,1024,1,45.76
indexer,64,32,2,2048,1,46.271
indexer,64,32,2,4096,1,48.319
indexer,64,32,2,8192,1,52.287
indexer,64,32,2,16384,1,77.311
indexer,64,32,4,16,1,43.039
indexer,64,32,4,32,1,43.071
indexer,64,32,4,64,1,43.072
indexer,64,32,4,128,1,43.005
indexer,64,32,4,256,1,43.648
indexer,64,32,4,512,1,44.032
indexer,64,32,4,1024,1,44.353
indexer,64,32,4,2048,1,46.913
indexer,64,32,4,4096,1,50.34
indexer,64,32,4,8192,1,74.881
indexer,64,32,4,16384,1,126.463
indexer,64,32,8,16,1,43.775
indexer,64,32,8,32,1,43.359
indexer,64,32,8,64,1,43.552
indexer,64,32,8,128,1,43.999
indexer,64,32,8,256,1,44.227
indexer,64,32,8,512,1,44.16
indexer,64,32,8,1024,1,46.336
indexer,64,32,8,2048,1,50.526
indexer,64,32,8,4096,1,60.064
indexer,64,32,8,8192,1,94.816
indexer,64,32,8,16384,1,181.728
indexer,64,32,16,16,1,43.2
indexer,64,32,16,32,1,42.911
indexer,64,32,16,64,1,43.104
indexer,64,32,16,128,1,44.384
indexer,64,32,16,256,1,44.096
indexer,64,32,16,512,1,46.495
indexer,64,32,16,1024,1,50.462
indexer,64,32,16,2048,1,64.32
indexer,64,32,16,4096,1,117.124
indexer,64,32,16,8192,1,180
indexer,64,32,16,16384,1,232.509
indexer,64,32,32,16,1,42.878
indexer,64,32,32,32,1,43.17
indexer,64,32,32,64,1,42.912
indexer,64,32,32,128,1,44.319
indexer,64,32,32,256,1,46.241
indexer,64,32,32,512,1,51.008
indexer,64,32,32,1024,1,64.608
indexer,64,32,32,2048,1,114.207
indexer,64,32,32,4096,1,172.672
indexer,64,32,32,8192,1,225.568
indexer,64,32,32,16384,1,397.664
indexer,64,32,64,16,1,50.082
indexer,64,32,64,32,1,48.16
indexer,64,32,64,64,1,45.12
indexer,64,32,64,128,1,57.056
indexer,64,32,64,256,1,72.287
indexer,64,32,64,512,1,75.008
indexer,64,32,64,1024,1,113.57
indexer,64,32,64,2048,1,131.552
indexer,64,32,64,4096,1,215.168
indexer,64,32,64,8192,1,403.072
indexer,64,32,64,16384,1,758.24
indexer,64,32,128,16,1,54.752
indexer,64,32,128,32,1,62.305
indexer,64,32,128,64,1,64.066
indexer,64,32,128,128,1,68.19
indexer,64,32,128,256,1,73.983
indexer,64,32,128,512,1,96.385
indexer,64,32,128,1024,1,143.197
indexer,64,32,128,2048,1,229.535
indexer,64,32,128,4096,1,419.581
indexer,64,32,128,8192,1,759.266
indexer,64,32,128,16384,1,1437.44
indexer,64,64,0,0,1,20.96
indexer,64,64,1,16,1,46.495
indexer,64,64,1,32,1,46.208
indexer,64,64,1,64,1,46.334
indexer,64,64,1,128,1,46.56
indexer,64,64,1,256,1,46.274
indexer,64,64,1,512,1,46.432
indexer,64,64,1,1024,1,46.947
indexer,64,64,1,2048,1,47.39
indexer,64,64,1,4096,1,47.839
indexer,64,64,1,8192,1,50.526
indexer,64,64,1,16384,1,64.032
indexer,64,64,2,16,1,44.673
indexer,64,64,2,32,1,44.449
indexer,64,64,2,64,1,44.862
indexer,64,64,2,128,1,44.703
indexer,64,64,2,256,1,45.087
indexer,64,64,2,512,1,44.576
indexer,64,64,2,1024,1,45.855
indexer,64,64,2,2048,1,46.336
indexer,64,64,2,4096,1,48.354
indexer,64,64,2,8192,1,52
indexer,64,64,2,16384,1,77.216
indexer,64,64,4,16,1,43.168
indexer,64,64,4,32,1,43.967
indexer,64,64,4,64,1,43.167
indexer,64,64,4,128,1,43.522
indexer,64,64,4,256,1,43.649
indexer,64,64,4,512,1,43.457
indexer,64,64,4,1024,1,44.319
indexer,64,64,4,2048,1,46.465
indexer,64,64,4,4096,1,50.976
indexer,64,64,4,8192,1,74.238
indexer,64,64,4,16384,1,126.305
indexer,64,64,8,16,1,43.425
indexer,64,64,8,32,1,43.392
indexer,64,64,8,64,1,43.744
indexer,64,64,8,128,1,44.223
indexer,64,64,8,256,1,43.998
indexer,64,64,8,512,1,44.96
indexer,64,64,8,1024,1,46.755
indexer,64,64,8,2048,1,51.264
indexer,64,64,8,4096,1,60.189
indexer,64,64,8,8192,1,121.376
indexer,64,64,8,16384,1,182.115
indexer,64,64,16,16,1,43.74
indexer,64,64,16,32,1,43.457
indexer,64,64,16,64,1,43.2
indexer,64,64,16,128,1,43.804
indexer,64,64,16,256,1,44.413
indexer,64,64,16,512,1,46.013
indexer,64,64,16,1024,1,51.103
indexer,64,64,16,2048,1,64.19
indexer,64,64,16,4096,1,104.992
indexer,64,64,16,8192,1,179.488
indexer,64,64,16,16384,1,231.263
indexer,64,64,32,16,1,43.044
indexer,64,64,32,32,1,43.712
indexer,64,64,32,64,1,43.103
indexer,64,64,32,128,1,44.32
indexer,64,64,32,256,1,47.232
indexer,64,64,32,512,1,50.656
indexer,64,64,32,1024,1,61.442
indexer,64,64,32,2048,1,110.08
indexer,64,64,32,4096,1,173.282
indexer,64,64,32,8192,1,223.904
indexer,64,64,32,16384,1,399.554
indexer,64,64,64,16,1,45.28
indexer,64,64,64,32,1,49.855
indexer,64,64,64,64,1,45.31
indexer,64,64,64,128,1,57.856
indexer,64,64,64,256,1,66.69
indexer,64,64,64,512,1,75.203
indexer,64,64,64,1024,1,112.637
indexer,64,64,64,2048,1,132.576
indexer,64,64,64,4096,1,212.801
indexer,64,64,64,8192,1,404.258
indexer,64,64,64,16384,1,757.152
indexer,64,64,128,16,1,63.936
indexer,64,64,128,32,1,63.072
indexer,64,64,128,64,1,60.193
indexer,64,64,128,128,1,71.681
indexer,64,64,128,256,1,73.185
indexer,64,64,128,512,1,94.24
indexer,64,64,128,1024,1,141.344
indexer,64,64,128,2048,1,230.016
indexer,64,64,128,4096,1,418.303
indexer,64,64,128,8192,1,751.138
indexer,64,64,128,16384,1,1433.06
indexer,64,128,0,0,1,27.84
indexer,64,128,1,16,1,52.77
indexer,64,128,1,32,1,52.863
indexer,64,128,1,64,1,53.342
indexer,64,128,1,128,1,52.705
indexer,64,128,1,256,1,53.12
indexer,64,128,1,512,1,52.896
indexer,64,128,1,1024,1,53.247
indexer,64,128,1,2048,1,54.146
indexer,64,128,1,4096,1,54.847
indexer,64,128,1,8192,1,56.795
indexer,64,128,1,16384,1,70.494
indexer,64,128,2,16,1,51.229
indexer,64,128,2,32,1,51.423
indexer,64,128,2,64,1,51.362
indexer,64,128,2,128,1,51.395
indexer,64,128,2,256,1,51.295
indexer,64,128,2,512,1,51.455
indexer,64,128,2,1024,1,52.353
indexer,64,128,2,2048,1,52.48
indexer,64,128,2,4096,1,55.328
indexer,64,128,2,8192,1,59.007
indexer,64,128,2,16384,1,83.392
indexer,64,128,4,16,1,49.917
indexer,64,128,4,32,1,50.336
indexer,64,128,4,64,1,50.115
indexer,64,128,4,128,1,50.209
indexer,64,128,4,256,1,50.209
indexer,64,128,4,512,1,50.464
indexer,64,128,4,1024,1,51.008
indexer,64,128,4,2048,1,53.566
indexer,64,128,4,4096,1,57.088
indexer,64,128,4,8192,1,74.944
indexer,64,128,4,16384,1,131.936
indexer,64,128,8,16,1,50.079
indexer,64,128,8,32,1,50.08
indexer,64,128,8,64,1,50.367
indexer,64,128,8,128,1,50.272
indexer,64,128,8,256,1,50.814
indexer,64,128,8,512,1,51.424
indexer,64,128,8,1024,1,53.665
indexer,64,128,8,2048,1,57.535
indexer,64,128,8,4096,1,73.568
indexer,64,128,8,8192,1,127.201
indexer,64,128,8,16384,1,188.16
indexer,64,128,16,16,1,49.535
indexer,64,128,16,32,1,50.177
indexer,64,128,16,64,1,50.077
indexer,64,128,16,128,1,50.592
indexer,64,128,16,256,1,50.401
indexer,64,128,16,512,1,53.251
indexer,64,128,16,1024,1,57.215
indexer,64,128,16,2048,1,71.135
indexer,64,128,16,4096,1,124.578
indexer,64,128,16,8192,1,186.655
indexer,64,128,16,16384,1,230.241
indexer,64,128,32,16,1,49.473
indexer,64,128,32,32,1,49.216
indexer,64,128,32,64,1,49.376
indexer,64,128,32,128,1,51.041
indexer,64,128,32,256,1,53.088
indexer,64,128,32,512,1,57.794
indexer,64,128,32,1024,1,73.309
indexer,64,128,32,2048,1,118.24
indexer,64,128,32,4096,1,176.64
indexer,64,128,32,8192,1,231.553
indexer,64,128,32,16384,1,406.305
indexer,64,128,64,16,1,52.032
indexer,64,128,64,32,1,52.671
indexer,64,128,64,64,1,54.145
indexer,64,128,64,128,1,63.233
indexer,64,128,64,256,1,79.328
indexer,64,128,64,512,1,81.854
indexer,64,128,64,1024,1,111.17
indexer,64,128,64,2048,1,138.947
indexer,64,128,64,4096,1,225.535
indexer,64,128,64,8192,1,413.886
indexer,64,128,64,16384,1,758.304
indexer,64,128,128,16,1,70.272
indexer,64,128,128,32,1,65.186
indexer,64,128,128,64,1,65.44
indexer,64,128,128,128,1,73.921
indexer,64,128,128,256,1,78.11
indexer,64,128,128,512,1,101.056
indexer,64,128,128,1024,1,146.433
indexer,64,128,128,2048,1,234.911
indexer,64,128,128,4096,1,424.322
indexer,64,128,128,8192,1,766.049
indexer,64,128,128,16384,1,1445.34
indexer,64,256,0,0,1,34.111
indexer,64,256,1,16,1,59.103
indexer,64,256,1,32,1,59.073
indexer,64,256,1,64,1,59.075
indexer,64,256,1,128,1,59.392
indexer,64,256,1,256,1,59.263
indexer,64,256,1,512,1,59.169
indexer,64,256,1,1024,1,59.712
indexer,64,256,1,2048,1,60.927
indexer,64,256,1,4096,1,60.706
indexer,64,256,1,8192,1,63.329
indexer,64,256,1,16384,1,80.098
indexer,64,256,2,16,1,57.504
indexer,64,256,2,32,1,57.728
indexer,64,256,2,64,1,57.727
indexer,64,256,2,128,1,57.728
indexer,64,256,2,256,1,57.472
indexer,64,256,2,512,1,57.984
indexer,64,256,2,1024,1,57.951
indexer,64,256,2,2048,1,59.007
indexer,64,256,2,4096,1,60.894
indexer,64,256,2,8192,1,65.118
indexer,64,256,2,16384,1,89.923
indexer,64,256,4,16,1,56.064
indexer,64,256,4,32,1,55.937
indexer,64,256,4,64,1,55.709
indexer,64,256,4,128,1,56.158
indexer,64,256,4,256,1,56.546
indexer,64,256,4,512,1,56.574
indexer,64,256,4,1024,1,57.088
indexer,64,256,4,2048,1,59.68
indexer,64,256,4,4096,1,63.552
indexer,64,256,4,8192,1,87.457
indexer,64,256,4,16384,1,140.704
indexer,64,256,8,16,1,56.641
indexer,64,256,8,32,1,57.12
indexer,64,256,8,64,1,57.183
indexer,64,256,8,128,1,56.512
indexer,64,256,8,256,1,57.314
indexer,64,256,8,512,1,57.568
indexer,64,256,8,1024,1,59.551
indexer,64,256,8,2048,1,63.777
indexer,64,256,8,4096,1,79.038
indexer,64,256,8,8192,1,120.863
indexer,64,256,8,16384,1,131.746
indexer,64,256,16,16,1,55.935
indexer,64,256,16,32,1,55.715
indexer,64,256,16,64,1,56.543
indexer,64,256,16,128,1,56.801
indexer,64,256,16,256,1,57.41
indexer,64,256,16,512,1,59.582
indexer,64,256,16,1024,1,63.201
indexer,64,256,16,2048,1,72.896
indexer,64,256,16,4096,1,132.096
indexer,64,256,16,8192,1,192.385
indexer,64,256,16,16384,1,241.63
indexer,64,256,32,16,1,55.872
indexer,64,256,32,32,1,56.384
indexer,64,256,32,64,1,56.258
indexer,64,256,32,128,1,57.376
indexer,64,256,32,256,1,59.647
indexer,64,256,32,512,1,63.841
indexer,64,256,32,1024,1,77.406
indexer,64,256,32,2048,1,123.552
indexer,64,256,32,4096,1,186.207
indexer,64,256,32,8192,1,238.625
indexer,64,256,32,16384,1,412.032
indexer,64,256,64,16,1,61.954
indexer,64,256,64,32,1,63.071
indexer,64,256,64,64,1,63.037
indexer,64,256,64,128,1,71.712
indexer,64,256,64,256,1,79.168
indexer,64,256,64,512,1,88.767
indexer,64,256,64,1024,1,127.329
indexer,64,256,64,2048,1,145.984
indexer,64,256,64,4096,1,230.432
indexer,64,256,64,8192,1,417.951
indexer,64,256,64,16384,1,771.265
indexer,64,256,128,16,1,76.512
indexer,64,256,128,32,1,72.733
indexer,64,256,128,64,1,76.545
indexer,64,256,128,128,1,84.48
indexer,64,256,128,256,1,83.776
indexer,64,256,128,512,1,106.301
indexer,64,256,128,1024,1,153.568
indexer,64,256,128,2048,1,240.063
indexer,64,256,128,4096,1,429.759
indexer,64,256,128,8192,1,765.601
indexer,64,256,128,16384,1,1455.68
indexer,64,512,0,0,1,46.338
indexer,64,512,1,16,1,71.456
indexer,64,512,1,32,1,71.328
indexer,64,512,1,64,1,71.296
indexer,64,512,1,128,1,71.777
indexer,64,512,1,256,1,71.552
indexer,64,512,1,512,1,71.518
indexer,64,512,1,1024,1,72.098
indexer,64,512,1,2048,1,72.993
indexer,64,512,1,4096,1,73.344
indexer,64,512,1,8192,1,76.033
indexer,64,512,1,16384,1,88.608
indexer,64,512,2,16,1,69.984
indexer,64,512,2,32,1,70.399
indexer,64,512,2,64,1,69.886
indexer,64,512,2,128,1,70.144
indexer,64,512,2,256,1,70.208
indexer,64,512,2,512,1,70.046
indexer,64,512,2,1024,1,70.818
indexer,64,512,2,2048,1,71.521
indexer,64,512,2,4096,1,73.248
indexer,64,512,2,8192,1,77.569
indexer,64,512,2,16384,1,88.923
indexer,64,512,4,16,1,68.288
indexer,64,512,4,32,1,68.736
indexer,64,512,4,64,1,68.639
indexer,64,512,4,128,1,68.287
indexer,64,512,4,256,1,68.897
indexer,64,512,4,512,1,68.734
indexer,64,512,4,1024,1,70.016
indexer,64,512,4,2048,1,71.648
indexer,64,512,4,4096,1,76.224
indexer,64,512,4,8192,1,100.96
indexer,64,512,4,16384,1,152.096
indexer,64,512,8,16,1,68.992
indexer,64,512,8,32,1,68.577
indexer,64,512,8,64,1,68.926
indexer,64,512,8,128,1,69.539
indexer,64,512,8,256,1,69.533
indexer,64,512,8,512,1,69.725
indexer,64,512,8,1024,1,71.587
indexer,64,512,8,2048,1,76.576
indexer,64,512,8,4096,1,92.351
indexer,64,512,8,8192,1,135.552
indexer,64,512,8,16384,1,207.266
indexer,64,512,16,16,1,68.51
indexer,64,512,16,32,1,68.256
indexer,64,512,16,64,1,69.473
indexer,64,512,16,128,1,69.6
indexer,64,512,16,256,1,70.208
indexer,64,512,16,512,1,71.87
indexer,64,512,16,1024,1,76.258
indexer,64,512,16,2048,1,86.401
indexer,64,512,16,4096,1,142.045
indexer,64,512,16,8192,1,205.985
indexer,64,512,16,16384,1,256.67
indexer,64,512,32,16,1,69.183
indexer,64,512,32,32,1,68.511
indexer,64,512,32,64,1,68.608
indexer,64,512,32,128,1,70.241
indexer,64,512,32,256,1,72.447
indexer,64,512,32,512,1,76.639
indexer,64,512,32,1024,1,93.217
indexer,64,512,32,2048,1,128.864
indexer,64,512,32,4096,1,195.648
indexer,64,512,32,8192,1,250.401
indexer,64,512,32,16384,1,424.19
indexer,64,512,64,16,1,71.135
indexer,64,512,64,32,1,75.358
indexer,64,512,64,64,1,72.413
indexer,64,512,64,128,1,82.913
indexer,64,512,64,256,1,92.256
indexer,64,512,64,512,1,98.624
indexer,64,512,64,1024,1,138.242
indexer,64,512,64,2048,1,154.721
indexer,64,512,64,4096,1,238.468
indexer,64,512,64,8192,1,434.179
indexer,64,512,64,16384,1,783.264
indexer,64,512,128,16,1,88.256
indexer,64,512,128,32,1,90.207
indexer,64,512,128,64,1,89.696
indexer,64,512,128,128,1,96.578
indexer,64,512,128,256,1,99.394
indexer,64,512,128,512,1,118.688
indexer,64,512,128,1024,1,167.071
indexer,64,512,128,2048,1,254.433
indexer,64,512,128,4096,1,445.665
indexer,64,512,128,8192,1,779.392
indexer,64,512,128,16384,1,1460.58
indexer,64,1024,0,0,1,70.945
indexer,64,1024,1,16,1,96.065
indexer,64,1024,1,32,1,96.189
indexer,64,1024,1,64,1,96.507
indexer,64,1024,1,128,1,96.352
indexer,64,1024,1,256,1,96.703
indexer,64,1024,1,512,1,96.48
indexer,64,1024,1,1024,1,96.352
indexer,64,1024,1,2048,1,97.665
indexer,64,1024,1,4096,1,97.823
indexer,64,1024,1,8192,1,99.937
indexer,64,1024,1,16384,1,109.184
indexer,64,1024,2,16,1,94.464
indexer,64,1024,2,32,1,94.847
indexer,64,1024,2,64,1,94.847
indexer,64,1024,2,128,1,94.495
indexer,64,1024,2,256,1,95.04
indexer,64,1024,2,512,1,95.356
indexer,64,1024,2,1024,1,95.905
indexer,64,1024,2,2048,1,96.575
indexer,64,1024,2,4096,1,98.559
indexer,64,1024,2,8192,1,102.912
indexer,64,1024,2,16384,1,128.191
indexer,64,1024,4,16,1,93.793
indexer,64,1024,4,32,1,93.568
indexer,64,1024,4,64,1,93.725
indexer,64,1024,4,128,1,93.921
indexer,64,1024,4,256,1,94.144
indexer,64,1024,4,512,1,94.37
indexer,64,1024,4,1024,1,95.009
indexer,64,1024,4,2048,1,98.048
indexer,64,1024,4,4096,1,101.182
indexer,64,1024,4,8192,1,125.824
indexer,64,1024,4,16384,1,162.911
indexer,64,1024,8,16,1,94.084
indexer,64,1024,8,32,1,94.05
indexer,64,1024,8,64,1,94.496
indexer,64,1024,8,128,1,95.008
indexer,64,1024,8,256,1,94.912
indexer,64,1024,8,512,1,95.265
indexer,64,1024,8,1024,1,96.447
indexer,64,1024,8,2048,1,101.76
indexer,64,1024,8,4096,1,123.136
indexer,64,1024,8,8192,1,158.24
indexer,64,1024,8,16384,1,231.486
indexer,64,1024,16,16,1,93.504
indexer,64,1024,16,32,1,93.791
indexer,64,1024,16,64,1,94.24
indexer,64,1024,16,128,1,94.207
indexer,64,1024,16,256,1,94.881
indexer,64,1024,16,512,1,96.639
indexer,64,1024,16,1024,1,100.351
indexer,64,1024,16,2048,1,110.785
indexer,64,1024,16,4096,1,167.487
indexer,64,1024,16,8192,1,231.234
indexer,64,1024,16,16384,1,281.921
indexer,64,1024,32,16,1,94.499
indexer,64,1024,32,32,1,94.208
indexer,64,1024,32,64,1,94.273
indexer,64,1024,32,128,1,95.744
indexer,64,1024,32,256,1,97.886
indexer,64,1024,32,512,1,102.4
indexer,64,1024,32,1024,1,121.312
indexer,64,1024,32,2048,1,163.361
indexer,64,1024,32,4096,1,222.24
indexer,64,1024,32,8192,1,273.313
indexer,64,1024,32,16384,1,451.808
indexer,64,1024,64,16,1,98.495
indexer,64,1024,64,32,1,95.905
indexer,64,1024,64,64,1,101.216
indexer,64,1024,64,128,1,108.83
indexer,64,1024,64,256,1,123.87
indexer,64,1024,64,512,1,122.529
indexer,64,1024,64,1024,1,164.384
indexer,64,1024,64,2048,1,180.129
indexer,64,1024,64,4096,1,267.584
indexer,64,1024,64,8192,1,454.817
indexer,64,1024,64,16384,1,798.5
indexer,64,1024,128,16,1,114.592
indexer,64,1024,128,32,1,115.423
indexer,64,1024,128,64,1,115.302
indexer,64,1024,128,128,1,123.804
indexer,64,1024,128,256,1,126.143
indexer,64,1024,128,512,1,145.312
indexer,64,1024,128,1024,1,190.589
indexer,64,1024,128,2048,1,280.001
indexer,64,1024,128,4096,1,463.614
indexer,64,1024,128,8192,1,803.713
indexer,64,1024,128,16384,1,1490.31
indexer,64,2048,0,0,1,121.695
indexer,64,2048,1,16,1,146.53
indexer,64,2048,1,32,1,146.722
indexer,64,2048,1,64,1,147.265
indexer,64,2048,1,128,1,147.201
indexer,64,2048,1,256,1,148.032
indexer,64,2048,1,512,1,147.613
indexer,64,2048,1,1024,1,148.288
indexer,64,2048,1,2048,1,148.799
indexer,64,2048,1,4096,1,148.066
indexer,64,2048,1,8192,1,150.819
indexer,64,2048,1,16384,1,165.313
indexer,64,2048,2,16,1,145.566
indexer,64,2048,2,32,1,146.207
indexer,64,2048,2,64,1,146.465
indexer,64,2048,2,128,1,145.792
indexer,64,2048,2,256,1,146.175
indexer,64,2048,2,512,1,146.112
indexer,64,2048,2,1024,1,146.526
indexer,64,2048,2,2048,1,147.487
indexer,64,2048,2,4096,1,149.634
indexer,64,2048,2,8192,1,153.12
indexer,64,2048,2,16384,1,177.827
indexer,64,2048,4,16,1,144.19
indexer,64,2048,4,32,1,144.32
indexer,64,2048,4,64,1,144.318
indexer,64,2048,4,128,1,144.545
indexer,64,2048,4,256,1,145.185
indexer,64,2048,4,512,1,145.471
indexer,64,2048,4,1024,1,145.407
indexer,64,2048,4,2048,1,147.905
indexer,64,2048,4,4096,1,151.359
indexer,64,2048,4,8192,1,174.464
indexer,64,2048,4,16384,1,225.984
indexer,64,2048,8,16,1,144.897
indexer,64,2048,8,32,1,144.833
indexer,64,2048,8,64,1,144.989
indexer,64,2048,8,128,1,145.216
indexer,64,2048,8,256,1,145.152
indexer,64,2048,8,512,1,145.665
indexer,64,2048,8,1024,1,147.872
indexer,64,2048,8,2048,1,152.707
indexer,64,2048,8,4096,1,172.096
indexer,64,2048,8,8192,1,221.763
indexer,64,2048,8,16384,1,281.537
indexer,64,2048,16,16,1,144.865
indexer,64,2048,16,32,1,144.477
indexer,64,2048,16,64,1,144.704
indexer,64,2048,16,128,1,145.246
indexer,64,2048,16,256,1,145.216
indexer,64,2048,16,512,1,148.094
indexer,64,2048,16,1024,1,152.255
indexer,64,2048,16,2048,1,167.9
indexer,64,2048,16,4096,1,204.579
indexer,64,2048,16,8192,1,278.304
indexer,64,2048,16,16384,1,329.635
indexer,64,2048,32,16,1,144.449
indexer,64,2048,32,32,1,144.192
indexer,64,2048,32,64,1,144.608
indexer,64,2048,32,128,1,146.56
indexer,64,2048,32,256,1,147.774
indexer,64,2048,32,512,1,160.832
indexer,64,2048,32,1024,1,168.512
indexer,64,2048,32,2048,1,214.659
indexer,64,2048,32,4096,1,272.29
indexer,64,2048,32,8192,1,324.481
indexer,64,2048,32,16384,1,501.632
indexer,64,2048,64,16,1,151.838
indexer,64,2048,64,32,1,152.511
indexer,64,2048,64,64,1,150.176
indexer,64,2048,64,128,1,161.729
indexer,64,2048,64,256,1,168.514
indexer,64,2048,64,512,1,173.472
indexer,64,2048,64,1024,1,214.784
indexer,64,2048,64,2048,1,235.809
indexer,64,2048,64,4096,1,313.567
indexer,64,2048,64,8192,1,500.704
indexer,64,2048,64,16384,1,854.114
indexer,64,2048,128,16,1,160.769
indexer,64,2048,128,32,1,160.384
indexer,64,2048,128,64,1,166.176
indexer,64,2048,128,128,1,174.976
indexer,64,2048,128,256,1,177.568
indexer,64,2048,128,512,1,196.641
indexer,64,2048,128,1024,1,242.401
indexer,64,2048,128,2048,1,330.656
indexer,64,2048,128,4096,1,518.114
indexer,64,2048,128,8192,1,856.288
indexer,64,2048,128,16384,1,1548.61
indexer,64,4096,0,0,1,221.088
indexer,64,4096,1,16,1,246.493
indexer,64,4096,1,32,1,246.498
indexer,64,4096,1,64,1,245.856
indexer,64,4096,1,128,1,246.464
indexer,64,4096,1,256,1,246.238
indexer,64,4096,1,512,1,246.623
indexer,64,4096,1,1024,1,246.946
indexer,64,4096,1,2048,1,247.583
indexer,64,4096,1,4096,1,247.807
indexer,64,4096,1,8192,1,249.856
indexer,64,4096,1,16384,1,264.065
indexer,64,4096,2,16,1,244.99
indexer,64,4096,2,32,1,245.149
indexer,64,4096,2,64,1,244.515
indexer,64,4096,2,128,1,245.216
indexer,64,4096,2,256,1,244.96
indexer,64,4096,2,512,1,245.727
indexer,64,4096,2,1024,1,254.048
indexer,64,4096,2,2048,1,246.368
indexer,64,4096,2,4096,1,254.112
indexer,64,4096,2,8192,1,256.511
indexer,64,4096,2,16384,1,277.087
indexer,64,4096,4,16,1,243.04
indexer,64,4096,4,32,1,251.743
indexer,64,4096,4,64,1,242.978
indexer,64,4096,4,128,1,243.776
indexer,64,4096,4,256,1,243.232
indexer,64,4096,4,512,1,244.161
indexer,64,4096,4,1024,1,244.257
indexer,64,4096,4,2048,1,246.623
indexer,64,4096,4,4096,1,250.463
indexer,64,4096,4,8192,1,270.974
indexer,64,4096,4,16384,1,325.408
indexer,64,4096,8,16,1,243.616
indexer,64,4096,8,32,1,244.481
indexer,64,4096,8,64,1,243.806
indexer,64,4096,8,128,1,245.091
indexer,64,4096,8,256,1,244.959
indexer,64,4096,8,512,1,245.024
indexer,64,4096,8,1024,1,247.169
indexer,64,4096,8,2048,1,252.001
indexer,64,4096,8,4096,1,272.317
indexer,64,4096,8,8192,1,326.72
indexer,64,4096,8,16384,1,381.503
indexer,64,4096,16,16,1,243.488
indexer,64,4096,16,32,1,243.68
indexer,64,4096,16,64,1,243.872
indexer,64,4096,16,128,1,243.937
indexer,64,4096,16,256,1,245.185
indexer,64,4096,16,512,1,247.265
indexer,64,4096,16,1024,1,251.648
indexer,64,4096,16,2048,1,269.502
indexer,64,4096,16,4096,1,317.893
indexer,64,4096,16,8192,1,379.456
indexer,64,4096,16,16384,1,427.488
indexer,64,4096,32,16,1,249.631
indexer,64,4096,32,32,1,250.495
indexer,64,4096,32,64,1,243.391
indexer,64,4096,32,128,1,244.705
indexer,64,4096,32,256,1,246.88
indexer,64,4096,32,512,1,255.903
indexer,64,4096,32,1024,1,268.544
indexer,64,4096,32,2048,1,316.258
indexer,64,4096,32,4096,1,373.024
indexer,64,4096,32,8192,1,424.352
indexer,64,4096,32,16384,1,598.816
indexer,64,4096,64,16,1,259.421
indexer,64,4096,64,32,1,257.409
indexer,64,4096,64,64,1,254.528
indexer,64,4096,64,128,1,270.72
indexer,64,4096,64,256,1,276.898
indexer,64,4096,64,512,1,281.118
indexer,64,4096,64,1024,1,311.649
indexer,64,4096,64,2048,1,334.72
indexer,64,4096,64,4096,1,414.691
indexer,64,4096,64,8192,1,600.993
indexer,64,4096,64,16384,1,957.089
indexer,64,4096,128,16,1,264.289
indexer,64,4096,128,32,1,268.416
indexer,64,4096,128,64,1,264.194
indexer,64,4096,128,128,1,276.13
indexer,64,4096,128,256,1,273.474
indexer,64,4096,128,512,1,293.857
indexer,64,4096,128,1024,1,343.104
indexer,64,4096,128,2048,1,428.258
indexer,64,4096,128,4096,1,618.785
indexer,64,4096,128,8192,1,957.601
indexer,64,4096,128,16384,1,1662.05
indexer,64,8192,0,0,1,423.169
indexer,64,8192,1,16,1,448.669
indexer,64,8192,1,32,1,449.284
indexer,64,8192,1,64,1,449.985
indexer,64,8192,1,128,1,450.464
indexer,64,8192,1,256,1,448.836
indexer,64,8192,1,512,1,449.28
indexer,64,8192,1,1024,1,449.505
indexer,64,8192,1,2048,1,450.72
indexer,64,8192,1,4096,1,450.975
indexer,64,8192,1,8192,1,453.793
indexer,64,8192,1,16384,1,466.878
indexer,64,8192,2,16,1,448.03
indexer,64,8192,2,32,1,447.359
indexer,64,8192,2,64,1,447.776
indexer,64,8192,2,128,1,447.87
indexer,64,8192,2,256,1,449.826
indexer,64,8192,2,512,1,448.897
indexer,64,8192,2,1024,1,449.248
indexer,64,8192,2,2048,1,449.538
indexer,64,8192,2,4096,1,451.042
indexer,64,8192,2,8192,1,463.521
indexer,64,8192,2,16384,1,480.382
indexer,64,8192,4,16,1,446.433
indexer,64,8192,4,32,1,446.401
indexer,64,8192,4,64,1,445.664
indexer,64,8192,4,128,1,445.502
indexer,64,8192,4,256,1,445.889
indexer,64,8192,4,512,1,446.271
indexer,64,8192,4,1024,1,447.808
indexer,64,8192,4,2048,1,449.376
indexer,64,8192,4,4096,1,458.272
indexer,64,8192,4,8192,1,477.314
indexer,64,8192,4,16384,1,528.033
indexer,64,8192,8,16,1,446.462
indexer,64,8192,8,32,1,446.847
indexer,64,8192,8,64,1,447.04
indexer,64,8192,8,128,1,447.775
indexer,64,8192,8,256,1,449.218
indexer,64,8192,8,512,1,455.809
indexer,64,8192,8,1024,1,472.866
indexer,64,8192,8,2048,1,470.56
indexer,64,8192,8,4096,1,474.085
indexer,64,8192,8,8192,1,516.512
indexer,64,8192,8,16384,1,586.656
indexer,64,8192,16,16,1,461.375
indexer,64,8192,16,32,1,462.145
indexer,64,8192,16,64,1,459.165
indexer,64,8192,16,128,1,461.731
indexer,64,8192,16,256,1,447.042
indexer,64,8192,16,512,1,453.279
indexer,64,8192,16,1024,1,457.535
indexer,64,8192,16,2048,1,468.831
indexer,64,8192,16,4096,1,495.042
indexer,64,8192,16,8192,1,584.48
indexer,64,8192,16,16384,1,637.087
indexer,64,8192,32,16,1,459.775
indexer,64,8192,32,32,1,446.339
indexer,64,8192,32,64,1,445.763
indexer,64,8192,32,128,1,447.488
indexer,64,8192,32,256,1,452.449
indexer,64,8192,32,512,1,463.039
indexer,64,8192,32,1024,1,472.288
indexer,64,8192,32,2048,1,514.018
indexer,64,8192,32,4096,1,562.147
indexer,64,8192,32,8192,1,626.31
indexer,64,8192,32,16384,1,804.706
indexer,64,8192,64,16,1,456.547
indexer,64,8192,64,32,1,456.163
indexer,64,8192,64,64,1,455.873
indexer,64,8192,64,128,1,474.304
indexer,64,8192,64,256,1,485.441
indexer,64,8192,64,512,1,479.103
indexer,64,8192,64,1024,1,517.601
indexer,64,8192,64,2048,1,536.514
indexer,64,8192,64,4096,1,619.393
indexer,64,8192,64,8192,1,808.486
indexer,64,8192,64,16384,1,1152.64
indexer,64,8192,128,16,1,466.144
indexer,64,8192,128,32,1,471.137
indexer,64,8192,128,64,1,467.585
indexer,64,8192,128,128,1,476.798
indexer,64,8192,128,256,1,481.631
indexer,64,8192,128,512,1,499.524
indexer,64,8192,128,1024,1,548.608
indexer,64,8192,128,2048,1,630.016
indexer,64,8192,128,4096,1,827.04
indexer,64,8192,128,8192,1,1158.62
indexer,64,8192,128,16384,1,1838.91
indexer,64,16384,0,0,1,825.856
indexer,64,16384,1,16,1,855.136
indexer,64,16384,1,32,1,855.108
indexer,64,16384,1,64,1,856.543
indexer,64,16384,1,128,1,856.289
indexer,64,16384,1,256,1,856.129
indexer,64,16384,1,512,1,854.59
indexer,64,16384,1,1024,1,855.168
indexer,64,16384,1,2048,1,857.157
indexer,64,16384,1,4096,1,857.728
indexer,64,16384,1,8192,1,859.23
indexer,64,16384,1,16384,1,872.865
indexer,64,16384,2,16,1,852.545
indexer,64,16384,2,32,1,851.04
indexer,64,16384,2,64,1,854.784
indexer,64,16384,2,128,1,854.463
indexer,64,16384,2,256,1,852.547
indexer,64,16384,2,512,1,864.512
indexer,64,16384,2,1024,1,882.561
indexer,64,16384,2,2048,1,860.191
indexer,64,16384,2,4096,1,860.574
indexer,64,16384,2,8192,1,873.856
indexer,64,16384,2,16384,1,883.424
indexer,64,16384,4,16,1,853.696
indexer,64,16384,4,32,1,849.695
indexer,64,16384,4,64,1,872.095
indexer,64,16384,4,128,1,851.168
indexer,64,16384,4,256,1,852.609
indexer,64,16384,4,512,1,850.434
indexer,64,16384,4,1024,1,851.839
indexer,64,16384,4,2048,1,856.163
indexer,64,16384,4,4096,1,878.241
indexer,64,16384,4,8192,1,895.074
indexer,64,16384,4,16384,1,954.848
indexer,64,16384,8,16,1,850.4
indexer,64,16384,8,32,1,873.57
indexer,64,16384,8,64,1,852.705
indexer,64,16384,8,128,1,854.369
indexer,64,16384,8,256,1,854.053
indexer,64,16384,8,512,1,853.566
indexer,64,16384,8,1024,1,858.532
indexer,64,16384,8,2048,1,866.052
indexer,64,16384,8,4096,1,912.096
indexer,64,16384,8,8192,1,951.233
indexer,64,16384,8,16384,1,982.788
indexer,64,16384,16,16,1,874.818
indexer,64,16384,16,32,1,886.08
indexer,64,16384,16,64,1,864.738
indexer,64,16384,16,128,1,880.571
indexer,64,16384,16,256,1,853.409
indexer,64,16384,16,512,1,892.352
indexer,64,16384,16,1024,1,871.168
indexer,64,16384,16,2048,1,892.515
indexer,64,16384,16,4096,1,922.721
indexer,64,16384,16,8192,1,1009.63
indexer,64,16384,16,16384,1,1033.7
indexer,64,16384,32,16,1,882.37
indexer,64,16384,32,32,1,849.6
indexer,64,16384,32,64,1,855.648
indexer,64,16384,32,128,1,854.337
indexer,64,16384,32,256,1,858.016
indexer,64,16384,32,512,1,872.991
indexer,64,16384,32,1024,1,877.376
indexer,64,16384,32,2048,1,918.05
indexer,64,16384,32,4096,1,976.767
indexer,64,16384,32,8192,1,1026.21
indexer,64,16384,32,16384,1,1209.57
indexer,64,16384,64,16,1,886.498
indexer,64,16384,64,32,1,875.328
indexer,64,16384,64,64,1,860.483
indexer,64,16384,64,128,1,869.698
indexer,64,16384,64,256,1,878.747
indexer,64,16384,64,512,1,896.033
indexer,64,16384,64,1024,1,920.354
indexer,64,16384,64,2048,1,944.223
indexer,64,16384,64,4096,1,1017.6
indexer,64,16384,64,8192,1,1206.08
indexer,64,16384,64,16384,1,1560.45
indexer,64,16384,128,16,1,867.135
indexer,64,16384,128,32,1,882.434
indexer,64,16384,128,64,1,871.588
indexer,64,16384,128,128,1,876.193
indexer,64,16384,128,256,1,911.234
indexer,64,16384,128,512,1,899.456
indexer,64,16384,128,1024,1,943.04
indexer,64,16384,128,2048,1,1033.99
indexer,64,16384,128,4096,1,1229.53
indexer,64,16384,128,8192,1,1550.63
indexer,64,16384,128,16384,1,2248.74
indexer,128,0,0,0,1,21.407
indexer,128,0,1,16,1,47.394
indexer,128,0,1,32,1,47.328
indexer,128,0,1,64,1,48.736
indexer,128,0,1,128,1,47.328
indexer,128,0,1,256,1,46.974
indexer,128,0,1,512,1,47.36
indexer,128,0,1,1024,1,47.806
indexer,128,0,1,2048,1,49.634
indexer,128,0,1,4096,1,48.864
indexer,128,0,1,8192,1,52.227
indexer,128,0,1,16384,1,63.519
indexer,128,0,2,16,1,45.248
indexer,128,0,2,32,1,45.666
indexer,128,0,2,64,1,45.727
indexer,128,0,2,128,1,45.794
indexer,128,0,2,256,1,45.534
indexer,128,0,2,512,1,47.135
indexer,128,0,2,1024,1,47.392
indexer,128,0,2,2048,1,48.19
indexer,128,0,2,4096,1,48.576
indexer,128,0,2,8192,1,59.745
indexer,128,0,2,16384,1,85.857
indexer,128,0,4,16,1,43.522
indexer,128,0,4,32,1,44.256
indexer,128,0,4,64,1,44.033
indexer,128,0,4,128,1,44.126
indexer,128,0,4,256,1,44.894
indexer,128,0,4,512,1,45.088
indexer,128,0,4,1024,1,45.121
indexer,128,0,4,2048,1,47.393
indexer,128,0,4,4096,1,60.992
indexer,128,0,4,8192,1,82.403
indexer,128,0,4,16384,1,117.666
indexer,128,0,8,16,1,45.409
indexer,128,0,8,32,1,44.797
indexer,128,0,8,64,1,44.45
indexer,128,0,8,128,1,45.12
indexer,128,0,8,256,1,46.4
indexer,128,0,8,512,1,45.727
indexer,128,0,8,1024,1,47.872
indexer,128,0,8,2048,1,52.544
indexer,128,0,8,4096,1,75.488
indexer,128,0,8,8192,1,119.615
indexer,128,0,8,16384,1,180.066
indexer,128,0,16,16,1,43.84
indexer,128,0,16,32,1,44.258
indexer,128,0,16,64,1,45.28
indexer,128,0,16,128,1,45.89
indexer,128,0,16,256,1,45.022
indexer,128,0,16,512,1,47.519
indexer,128,0,16,1024,1,56.864
indexer,128,0,16,2048,1,71.554
indexer,128,0,16,4096,1,115.551
indexer,128,0,16,8192,1,175.808
indexer,128,0,16,16384,1,232.899
indexer,128,0,32,16,1,44.544
indexer,128,0,32,32,1,44.512
indexer,128,0,32,64,1,44.512
indexer,128,0,32,128,1,51.776
indexer,128,0,32,256,1,49.125
indexer,128,0,32,512,1,64.001
indexer,128,0,32,1024,1,70.943
indexer,128,0,32,2048,1,99.491
indexer,128,0,32,4096,1,168.929
indexer,128,0,32,8192,1,219.84
indexer,128,0,32,16384,1,406.465
indexer,128,0,64,16,1,50.338
indexer,128,0,64,32,1,53.888
indexer,128,0,64,64,1,48.224
indexer,128,0,64,128,1,61.887
indexer,128,0,64,256,1,71.619
indexer,128,0,64,512,1,76.127
indexer,128,0,64,1024,1,115.259
indexer,128,0,64,2048,1,133.154
indexer,128,0,64,4096,1,216.163
indexer,128,0,64,8192,1,409.632
indexer,128,0,64,16384,1,764.001
indexer,128,0,128,16,1,59.616
indexer,128,0,128,32,1,64.062
indexer,128,0,128,64,1,65.087
indexer,128,0,128,128,1,70.687
indexer,128,0,128,256,1,72.798
indexer,128,0,128,512,1,93.311
indexer,128,0,128,1024,1,140.032
indexer,128,0,128,2048,1,229.216
indexer,128,0,128,4096,1,428.672
indexer,128,0,128,8192,1,761.826
indexer,128,0,128,16384,1,1438.66
indexer,128,16,0,0,1,27.807
indexer,128,16,1,16,1,52.864
indexer,128,16,1,32,1,52.929
indexer,128,16,1,64,1,53.087
indexer,128,16,1,128,1,53.535
indexer,128,16,1,256,1,53.505
indexer,128,16,1,512,1,53.471
indexer,128,16,1,1024,1,53.634
indexer,128,16,1,2048,1,53.729
indexer,128,16,1,4096,1,54.304
indexer,128,16,1,8192,1,60.064
indexer,128,16,1,16384,1,73.921
indexer,128,16,2,16,1,51.874
indexer,128,16,2,32,1,51.84
indexer,128,16,2,64,1,51.584
indexer,128,16,2,128,1,51.647
indexer,128,16,2,256,1,51.84
indexer,128,16,2,512,1,51.776
indexer,128,16,2,1024,1,52.544
indexer,128,16,2,2048,1,52.577
indexer,128,16,2,4096,1,54.304
indexer,128,16,2,8192,1,66.178
indexer,128,16,2,16384,1,83.072
indexer,128,16,4,16,1,49.441
indexer,128,16,4,32,1,50.433
indexer,128,16,4,64,1,49.727
indexer,128,16,4,128,1,51.488
indexer,128,16,4,256,1,50.11
indexer,128,16,4,512,1,50.689
indexer,128,16,4,1024,1,51.104
indexer,128,16,4,2048,1,53.216
indexer,128,16,4,4096,1,62.561
indexer,128,16,4,8192,1,81.12
indexer,128,16,4,16384,1,122.687
indexer,128,16,8,16,1,50.592
indexer,128,16,8,32,1,50.047
indexer,128,16,8,64,1,50.877
indexer,128,16,8,128,1,51.424
indexer,128,16,8,256,1,51.263
indexer,128,16,8,512,1,50.754
indexer,128,16,8,1024,1,54.015
indexer,128,16,8,2048,1,59.456
indexer,128,16,8,4096,1,81.505
indexer,128,16,8,8192,1,124.706
indexer,128,16,8,16384,1,182.339
indexer,128,16,16,16,1,49.568
indexer,128,16,16,32,1,49.603
indexer,128,16,16,64,1,49.631
indexer,128,16,16,128,1,50.563
indexer,128,16,16,256,1,51.233
indexer,128,16,16,512,1,53.856
indexer,128,16,16,1024,1,59.936
indexer,128,16,16,2048,1,78.242
indexer,128,16,16,4096,1,111.679
indexer,128,16,16,8192,1,185.281
indexer,128,16,16,16384,1,230.655
indexer,128,16,32,16,1,51.072
indexer,128,16,32,32,1,49.951
indexer,128,16,32,64,1,50.142
indexer,128,16,32,128,1,52.545
indexer,128,16,32,256,1,54.274
indexer,128,16,32,512,1,60.768
indexer,128,16,32,1024,1,77.218
indexer,128,16,32,2048,1,87.424
indexer,128,16,32,4096,1,175.617
indexer,128,16,32,8192,1,231.264
indexer,128,16,32,16384,1,408.898
indexer,128,16,64,16,1,56.832
indexer,128,16,64,32,1,59.357
indexer,128,16,64,64,1,59.327
indexer,128,16,64,128,1,68.545
indexer,128,16,64,256,1,71.616
indexer,128,16,64,512,1,80.703
indexer,128,16,64,1024,1,121.312
indexer,128,16,64,2048,1,137.856
indexer,128,16,64,4096,1,219.647
indexer,128,16,64,8192,1,415.36
indexer,128,16,64,16384,1,769.056
indexer,128,16,128,16,1,70.275
indexer,128,16,128,32,1,69.792
indexer,128,16,128,64,1,61.059
indexer,128,16,128,128,1,76.479
indexer,128,16,128,256,1,77.984
indexer,128,16,128,512,1,98.912
indexer,128,16,128,1024,1,146.112
indexer,128,16,128,2048,1,234.913
indexer,128,16,128,4096,1,433.601
indexer,128,16,128,8192,1,765.92
indexer,128,16,128,16384,1,1447.78
indexer,128,32,0,0,1,27.583
indexer,128,32,1,16,1,53.47
indexer,128,32,1,32,1,52.736
indexer,128,32,1,64,1,53.121
indexer,128,32,1,128,1,53.568
indexer,128,32,1,256,1,52.959
indexer,128,32,1,512,1,52.961
indexer,128,32,1,1024,1,53.313
indexer,128,32,1,2048,1,53.536
indexer,128,32,1,4096,1,53.949
indexer,128,32,1,8192,1,56.735
indexer,128,32,1,16384,1,60.959
indexer,128,32,2,16,1,51.421
indexer,128,32,2,32,1,50.783
indexer,128,32,2,64,1,51.043
indexer,128,32,2,128,1,51.2
indexer,128,32,2,256,1,51.007
indexer,128,32,2,512,1,50.978
indexer,128,32,2,1024,1,52.033
indexer,128,32,2,2048,1,52.639
indexer,128,32,2,4096,1,55.135
indexer,128,32,2,8192,1,66.881
indexer,128,32,2,16384,1,87.422
indexer,128,32,4,16,1,49.856
indexer,128,32,4,32,1,49.984
indexer,128,32,4,64,1,49.247
indexer,128,32,4,128,1,50.047
indexer,128,32,4,256,1,49.696
indexer,128,32,4,512,1,49.823
indexer,128,32,4,1024,1,50.495
indexer,128,32,4,2048,1,53.022
indexer,128,32,4,4096,1,61.759
indexer,128,32,4,8192,1,67.518
indexer,128,32,4,16384,1,123.393
indexer,128,32,8,16,1,49.759
indexer,128,32,8,32,1,49.601
indexer,128,32,8,64,1,50.529
indexer,128,32,8,128,1,50.912
indexer,128,32,8,256,1,50.783
indexer,128,32,8,512,1,51.043
indexer,128,32,8,1024,1,53.09
indexer,128,32,8,2048,1,58.752
indexer,128,32,8,4096,1,79.455
indexer,128,32,8,8192,1,124.957
indexer,128,32,8,16384,1,183.871
indexer,128,32,16,16,1,49.726
indexer,128,32,16,32,1,50.59
indexer,128,32,16,64,1,49.73
indexer,128,32,16,128,1,50.113
indexer,128,32,16,256,1,51.265
indexer,128,32,16,512,1,52.672
indexer,128,32,16,1024,1,62.978
indexer,128,32,16,2048,1,77.214
indexer,128,32,16,4096,1,123.037
indexer,128,32,16,8192,1,185.44
indexer,128,32,16,16384,1,234.849
indexer,128,32,32,16,1,50.4
indexer,128,32,32,32,1,50.337
indexer,128,32,32,64,1,50.402
indexer,128,32,32,128,1,52.481
indexer,128,32,32,256,1,54.048
indexer,128,32,32,512,1,70.144
indexer,128,32,32,1024,1,80.258
indexer,128,32,32,2048,1,114.784
indexer,128,32,32,4096,1,175.518
indexer,128,32,32,8192,1,233.855
indexer,128,32,32,16384,1,410.912
indexer,128,32,64,16,1,58.751
indexer,128,32,64,32,1,56.157
indexer,128,32,64,64,1,56.542
indexer,128,32,64,128,1,59.458
indexer,128,32,64,256,1,73.056
indexer,128,32,64,512,1,81.79
indexer,128,32,64,1024,1,119.968
indexer,128,32,64,2048,1,137.757
indexer,128,32,64,4096,1,222.082
indexer,128,32,64,8192,1,415.965
indexer,128,32,64,16384,1,769.602
indexer,128,32,128,16,1,70.59
indexer,128,32,128,32,1,70.56
indexer,128,32,128,64,1,70.337
indexer,128,32,128,128,1,76.928
indexer,128,32,128,256,1,77.664
indexer,128,32,128,512,1,98.208
indexer,128,32,128,1024,1,145.378
indexer,128,32,128,2048,1,235.936
indexer,128,32,128,4096,1,438.4
indexer,128,32,128,8192,1,765.6
indexer,128,32,128,16384,1,1444.42
indexer,128,64,0,0,1,27.392
indexer,128,64,1,16,1,53.44
indexer,128,64,1,32,1,52.835
indexer,128,64,1,64,1,52.578
indexer,128,64,1,128,1,53.342
indexer,128,64,1,256,1,52.863
indexer,128,64,1,512,1,52.417
indexer,128,64,1,1024,1,53.631
indexer,128,64,1,2048,1,54.178
indexer,128,64,1,4096,1,54.431
indexer,128,64,1,8192,1,66.048
indexer,128,64,1,16384,1,69.602
indexer,128,64,2,16,1,51.198
indexer,128,64,2,32,1,51.104
indexer,128,64,2,64,1,51.296
indexer,128,64,2,128,1,50.911
indexer,128,64,2,256,1,51.266
indexer,128,64,2,512,1,51.52
indexer,128,64,2,1024,1,52.032
indexer,128,64,2,2048,1,52.768
indexer,128,64,2,4096,1,54.943
indexer,128,64,2,8192,1,65.312
indexer,128,64,2,16384,1,82.108
indexer,128,64,4,16,1,49.313
indexer,128,64,4,32,1,49.346
indexer,128,64,4,64,1,49.694
indexer,128,64,4,128,1,49.183
indexer,128,64,4,256,1,50.048
indexer,128,64,4,512,1,50.56
indexer,128,64,4,1024,1,50.335
indexer,128,64,4,2048,1,53.183
indexer,128,64,4,4096,1,61.601
indexer,128,64,4,8192,1,86.592
indexer,128,64,4,16384,1,122.113
indexer,128,64,8,16,1,50.115
indexer,128,64,8,32,1,51.808
indexer,128,64,8,64,1,49.921
indexer,128,64,8,128,1,49.921
indexer,128,64,8,256,1,51.456
indexer,128,64,8,512,1,50.884
indexer,128,64,8,1024,1,53.824
indexer,128,64,8,2048,1,62.624
indexer,128,64,8,4096,1,81.596
indexer,128,64,8,8192,1,113.054
indexer,128,64,8,16384,1,185.121
indexer,128,64,16,16,1,50.114
indexer,128,64,16,32,1,49.473
indexer,128,64,16,64,1,49.185
indexer,128,64,16,128,1,54.56
indexer,128,64,16,256,1,50.783
indexer,128,64,16,512,1,53.054
indexer,128,64,16,1024,1,58.08
indexer,128,64,16,2048,1,77.537
indexer,128,64,16,4096,1,122.081
indexer,128,64,16,8192,1,183.776
indexer,128,64,16,16384,1,231.265
indexer,128,64,32,16,1,50.522
indexer,128,64,32,32,1,50.913
indexer,128,64,32,64,1,50.206
indexer,128,64,32,128,1,51.776
indexer,128,64,32,256,1,53.857
indexer,128,64,32,512,1,65.791
indexer,128,64,32,1024,1,80.189
indexer,128,64,32,2048,1,116.159
indexer,128,64,32,4096,1,174.915
indexer,128,64,32,8192,1,232.064
indexer,128,64,32,16384,1,410.048
indexer,128,64,64,16,1,56.292
indexer,128,64,64,32,1,53.919
indexer,128,64,64,64,1,59.072
indexer,128,64,64,128,1,64.992
indexer,128,64,64,256,1,72.672
indexer,128,64,64,512,1,80.224
indexer,128,64,64,1024,1,121.28
indexer,128,64,64,2048,1,138.08
indexer,128,64,64,4096,1,223.842
indexer,128,64,64,8192,1,417.568
indexer,128,64,64,16384,1,769.344
indexer,128,64,128,16,1,70.208
indexer,128,64,128,32,1,65.761
indexer,128,64,128,64,1,65.024
indexer,128,64,128,128,1,77.055
indexer,128,64,128,256,1,77.982
indexer,128,64,128,512,1,96.067
indexer,128,64,128,1024,1,147.141
indexer,128,64,128,2048,1,232.479
indexer,128,64,128,4096,1,432.004
indexer,128,64,128,8192,1,768.544
indexer,128,64,128,16384,1,1447.81
indexer,128,128,0,0,1,27.776
indexer,128,128,1,16,1,53.6
indexer,128,128,1,32,1,53.697
indexer,128,128,1,64,1,53.182
indexer,128,128,1,128,1,53.377
indexer,128,128,1,256,1,53.598
indexer,128,128,1,512,1,53.313
indexer,128,128,1,1024,1,53.796
indexer,128,128,1,2048,1,54.561
indexer,128,128,1,4096,1,55.105
indexer,128,128,1,8192,1,61.152
indexer,128,128,1,16384,1,74.498
indexer,128,128,2,16,1,51.904
indexer,128,128,2,32,1,51.488
indexer,128,128,2,64,1,51.584
indexer,128,128,2,128,1,51.649
indexer,128,128,2,256,1,52.065
indexer,128,128,2,512,1,51.779
indexer,128,128,2,1024,1,52.384
indexer,128,128,2,2048,1,53.182
indexer,128,128,2,4096,1,55.62
indexer,128,128,2,8192,1,70.689
indexer,128,128,2,16384,1,82.498
indexer,128,128,4,16,1,50.242
indexer,128,128,4,32,1,50.239
indexer,128,128,4,64,1,49.792
indexer,128,128,4,128,1,50.207
indexer,128,128,4,256,1,50.689
indexer,128,128,4,512,1,51.328
indexer,128,128,4,1024,1,51.167
indexer,128,128,4,2048,1,53.183
indexer,128,128,4,4096,1,58.943
indexer,128,128,4,8192,1,81.504
indexer,128,128,4,16384,1,125.249
indexer,128,128,8,16,1,50.723
indexer,128,128,8,32,1,50.241
indexer,128,128,8,64,1,50.366
indexer,128,128,8,128,1,50.878
indexer,128,128,8,256,1,50.944
indexer,128,128,8,512,1,51.328
indexer,128,128,8,1024,1,53.792
indexer,128,128,8,2048,1,63.137
indexer,128,128,8,4096,1,80.16
indexer,128,128,8,8192,1,125.024
indexer,128,128,8,16384,1,183.776
indexer,128,128,16,16,1,49.792
indexer,128,128,16,32,1,50.173
indexer,128,128,16,64,1,50.337
indexer,128,128,16,128,1,50.464
indexer,128,128,16,256,1,51.266
indexer,128,128,16,512,1,53.633
indexer,128,128,16,1024,1,63.231
indexer,128,128,16,2048,1,83.264
indexer,128,128,16,4096,1,124.096
indexer,128,128,16,8192,1,185.246
indexer,128,128,16,16384,1,236.672
indexer,128,128,32,16,1,50.851
indexer,128,128,32,32,1,50.464
indexer,128,128,32,64,1,50.144
indexer,128,128,32,128,1,52.16
indexer,128,128,32,256,1,54.335
indexer,128,128,32,512,1,70.785
indexer,128,128,32,1024,1,76.576
indexer,128,128,32,2048,1,106.847
indexer,128,128,32,4096,1,177.056
indexer,128,128,32,8192,1,224.064
indexer,128,128,32,16384,1,411.84
indexer,128,128,64,16,1,57.186
indexer,128,128,64,32,1,54.912
indexer,128,128,64,64,1,59.071
indexer,128,128,64,128,1,68.96
indexer,128,128,64,256,1,78.017
indexer,128,128,64,512,1,82.304
indexer,128,128,64,1024,1,121.73
indexer,128,128,64,2048,1,139.04
indexer,128,128,64,4096,1,226.591
indexer,128,128,64,8192,1,417.92
indexer,128,128,64,16384,1,770.689
indexer,128,128,128,16,1,69.185
indexer,128,128,128,32,1,69.055
indexer,128,128,128,64,1,65.665
indexer,128,128,128,128,1,77.953
indexer,128,128,128,256,1,78.21
indexer,128,128,128,512,1,99.2
indexer,128,128,128,1024,1,144.96
indexer,128,128,128,2048,1,232.735
indexer,128,128,128,4096,1,432.833
indexer,128,128,128,8192,1,768.1
indexer,128,128,128,16384,1,1452.83
indexer,128,256,0,0,1,33.92
indexer,128,256,1,16,1,59.104
indexer,128,256,1,32,1,59.168
indexer,128,256,1,64,1,59.327
indexer,128,256,1,128,1,59.327
indexer,128,256,1,256,1,58.98
indexer,128,256,1,512,1,59.391
indexer,128,256,1,1024,1,59.808
indexer,128,256,1,2048,1,60.607
indexer,128,256,1,4096,1,60.609
indexer,128,256,1,8192,1,63.103
indexer,128,256,1,16384,1,76.96
indexer,128,256,2,16,1,57.761
indexer,128,256,2,32,1,57.858
indexer,128,256,2,64,1,57.794
indexer,128,256,2,128,1,57.727
indexer,128,256,2,256,1,57.281
indexer,128,256,2,512,1,57.953
indexer,128,256,2,1024,1,58.24
indexer,128,256,2,2048,1,59.455
indexer,128,256,2,4096,1,61.344
indexer,128,256,2,8192,1,65.182
indexer,128,256,2,16384,1,90.431
indexer,128,256,4,16,1,56.481
indexer,128,256,4,32,1,56.128
indexer,128,256,4,64,1,56.034
indexer,128,256,4,128,1,56.256
indexer,128,256,4,256,1,56.737
indexer,128,256,4,512,1,56.96
indexer,128,256,4,1024,1,59.52
indexer,128,256,4,2048,1,59.935
indexer,128,256,4,4096,1,67.871
indexer,128,256,4,8192,1,86.817
indexer,128,256,4,16384,1,131.136
indexer,128,256,8,16,1,56.735
indexer,128,256,8,32,1,56.479
indexer,128,256,8,64,1,56.961
indexer,128,256,8,128,1,56.961
indexer,128,256,8,256,1,58.4
indexer,128,256,8,512,1,57.407
indexer,128,256,8,1024,1,60.16
indexer,128,256,8,2048,1,65.982
indexer,128,256,8,4096,1,86.529
indexer,128,256,8,8192,1,120.096
indexer,128,256,8,16384,1,191.552
indexer,128,256,16,16,1,57.025
indexer,128,256,16,32,1,56.096
indexer,128,256,16,64,1,56.29
indexer,128,256,16,128,1,56.899
indexer,128,256,16,256,1,57.087
indexer,128,256,16,512,1,59.069
indexer,128,256,16,1024,1,64.19
indexer,128,256,16,2048,1,84.956
indexer,128,256,16,4096,1,130.368
indexer,128,256,16,8192,1,192.703
indexer,128,256,16,16384,1,238.048
indexer,128,256,32,16,1,56.318
indexer,128,256,32,32,1,57.314
indexer,128,256,32,64,1,56.863
indexer,128,256,32,128,1,58.431
indexer,128,256,32,256,1,61.376
indexer,128,256,32,512,1,76.928
indexer,128,256,32,1024,1,83.392
indexer,128,256,32,2048,1,122.048
indexer,128,256,32,4096,1,185.632
indexer,128,256,32,8192,1,238.431
indexer,128,256,32,16384,1,417.534
indexer,128,256,64,16,1,62.657
indexer,128,256,64,32,1,65.888
indexer,128,256,64,64,1,58.402
indexer,128,256,64,128,1,74.335
indexer,128,256,64,256,1,79.584
indexer,128,256,64,512,1,88.094
indexer,128,256,64,1024,1,127.748
indexer,128,256,64,2048,1,146.594
indexer,128,256,64,4096,1,230.398
indexer,128,256,64,8192,1,422.175
indexer,128,256,64,16384,1,785.602
indexer,128,256,128,16,1,72.896
indexer,128,256,128,32,1,76.097
indexer,128,256,128,64,1,76.544
indexer,128,256,128,128,1,84.482
indexer,128,256,128,256,1,85.856
indexer,128,256,128,512,1,102.946
indexer,128,256,128,1024,1,150.527
indexer,128,256,128,2048,1,239.871
indexer,128,256,128,4096,1,440.414
indexer,128,256,128,8192,1,768.483
indexer,128,256,128,16384,1,1466.21
indexer,128,512,0,0,1,46.335
indexer,128,512,1,16,1,71.936
indexer,128,512,1,32,1,71.648
indexer,128,512,1,64,1,71.871
indexer,128,512,1,128,1,72.128
indexer,128,512,1,256,1,71.965
indexer,128,512,1,512,1,72
indexer,128,512,1,1024,1,72.283
indexer,128,512,1,2048,1,72.989
indexer,128,512,1,4096,1,73.375
indexer,128,512,1,8192,1,79.425
indexer,128,512,1,16384,1,93.568
indexer,128,512,2,16,1,70.05
indexer,128,512,2,32,1,70.367
indexer,128,512,2,64,1,70.431
indexer,128,512,2,128,1,70.527
indexer,128,512,2,256,1,69.793
indexer,128,512,2,512,1,69.92
indexer,128,512,2,1024,1,71.675
indexer,128,512,2,2048,1,71.904
indexer,128,512,2,4096,1,74.303
indexer,128,512,2,8192,1,81.44
indexer,128,512,2,16384,1,102.112
indexer,128,512,4,16,1,68.577
indexer,128,512,4,32,1,69.054
indexer,128,512,4,64,1,68.831
indexer,128,512,4,128,1,69.087
indexer,128,512,4,256,1,69.183
indexer,128,512,4,512,1,69.631
indexer,128,512,4,1024,1,69.887
indexer,128,512,4,2048,1,73.055
indexer,128,512,4,4096,1,77.63
indexer,128,512,4,8192,1,104.544
indexer,128,512,4,16384,1,142.271
indexer,128,512,8,16,1,68.8
indexer,128,512,8,32,1,68.961
indexer,128,512,8,64,1,69.248
indexer,128,512,8,128,1,69.665
indexer,128,512,8,256,1,70.431
indexer,128,512,8,512,1,69.792
indexer,128,512,8,1024,1,72.737
indexer,128,512,8,2048,1,82.273
indexer,128,512,8,4096,1,99.202
indexer,128,512,8,8192,1,144.349
indexer,128,512,8,16384,1,203.36
indexer,128,512,16,16,1,68.738
indexer,128,512,16,32,1,68.768
indexer,128,512,16,64,1,68.608
indexer,128,512,16,128,1,68.545
indexer,128,512,16,256,1,69.792
indexer,128,512,16,512,1,71.966
indexer,128,512,16,1024,1,83.743
indexer,128,512,16,2048,1,101.886
indexer,128,512,16,4096,1,130.145
indexer,128,512,16,8192,1,206.241
indexer,128,512,16,16384,1,251.297
indexer,128,512,32,16,1,69.503
indexer,128,512,32,32,1,68.929
indexer,128,512,32,64,1,69.18
indexer,128,512,32,128,1,71.006
indexer,128,512,32,256,1,73.666
indexer,128,512,32,512,1,88.511
indexer,128,512,32,1024,1,95.201
indexer,128,512,32,2048,1,125.024
indexer,128,512,32,4096,1,198.302
indexer,128,512,32,8192,1,244.925
indexer,128,512,32,16384,1,429.858
indexer,128,512,64,16,1,75.393
indexer,128,512,64,32,1,78.4
indexer,128,512,64,64,1,78.208
indexer,128,512,64,128,1,83.488
indexer,128,512,64,256,1,91.232
indexer,128,512,64,512,1,101.218
indexer,128,512,64,1024,1,138.595
indexer,128,512,64,2048,1,155.518
indexer,128,512,64,4096,1,242.784
indexer,128,512,64,8192,1,438.015
indexer,128,512,64,16384,1,802.944
indexer,128,512,128,16,1,83.325
indexer,128,512,128,32,1,88.415
indexer,128,512,128,64,1,84.096
indexer,128,512,128,128,1,97.76
indexer,128,512,128,256,1,96.798
indexer,128,512,128,512,1,114.784
indexer,128,512,128,1024,1,165.786
indexer,128,512,128,2048,1,250.976
indexer,128,512,128,4096,1,453.024
indexer,128,512,128,8192,1,782.434
indexer,128,512,128,16384,1,1470.78
indexer,128,1024,0,0,1,71.328
indexer,128,1024,1,16,1,98.784
indexer,128,1024,1,32,1,96.801
indexer,128,1024,1,64,1,96.419
indexer,128,1024,1,128,1,97.089
indexer,128,1024,1,256,1,96.864
indexer,128,1024,1,512,1,96.514
indexer,128,1024,1,1024,1,96.862
indexer,128,1024,1,2048,1,98.46
indexer,128,1024,1,4096,1,98.435
indexer,128,1024,1,8192,1,106.686
indexer,128,1024,1,16384,1,113.728
indexer,128,1024,2,16,1,94.912
indexer,128,1024,2,32,1,94.401
indexer,128,1024,2,64,1,94.784
indexer,128,1024,2,128,1,97.087
indexer,128,1024,2,256,1,94.72
indexer,128,1024,2,512,1,94.947
indexer,128,1024,2,1024,1,95.454
indexer,128,1024,2,2048,1,96.672
indexer,128,1024,2,4096,1,98.72
indexer,128,1024,2,8192,1,106.018
indexer,128,1024,2,16384,1,132.8
indexer,128,1024,4,16,1,92.958
indexer,128,1024,4,32,1,93.376
indexer,128,1024,4,64,1,93.633
indexer,128,1024,4,128,1,93.857
indexer,128,1024,4,256,1,93.631
indexer,128,1024,4,512,1,94.53
indexer,128,1024,4,1024,1,94.625
indexer,128,1024,4,2048,1,97.663
indexer,128,1024,4,4096,1,110.272
indexer,128,1024,4,8192,1,123.296
indexer,128,1024,4,16384,1,167.04
indexer,128,1024,8,16,1,94.242
indexer,128,1024,8,32,1,93.955
indexer,128,1024,8,64,1,93.598
indexer,128,1024,8,128,1,94.4
indexer,128,1024,8,256,1,94.624
indexer,128,1024,8,512,1,95.583
indexer,128,1024,8,1024,1,97.279
indexer,128,1024,8,2048,1,102.752
indexer,128,1024,8,4096,1,124.607
indexer,128,1024,8,8192,1,168.835
indexer,128,1024,8,16384,1,226.687
indexer,128,1024,16,16,1,93.183
indexer,128,1024,16,32,1,93.185
indexer,128,1024,16,64,1,93.922
indexer,128,1024,16,128,1,94.239
indexer,128,1024,16,256,1,94.819
indexer,128,1024,16,512,1,96.64
indexer,128,1024,16,1024,1,106.236
indexer,128,1024,16,2048,1,122.464
indexer,128,1024,16,4096,1,165.6
indexer,128,1024,16,8192,1,230.848
indexer,128,1024,16,16384,1,282.113
indexer,128,1024,32,16,1,93.952
indexer,128,1024,32,32,1,94.497
indexer,128,1024,32,64,1,93.856
indexer,128,1024,32,128,1,95.842
indexer,128,1024,32,256,1,97.731
indexer,128,1024,32,512,1,114.625
indexer,128,1024,32,1024,1,120.542
indexer,128,1024,32,2048,1,159.717
indexer,128,1024,32,4096,1,219.746
indexer,128,1024,32,8192,1,275.744
indexer,128,1024,32,16384,1,458.016
indexer,128,1024,64,16,1,100.832
indexer,128,1024,64,32,1,99.295
indexer,128,1024,64,64,1,98.208
indexer,128,1024,64,128,1,108.031
indexer,128,1024,64,256,1,122.72
indexer,128,1024,64,512,1,126.881
indexer,128,1024,64,1024,1,165.794
indexer,128,1024,64,2048,1,183.743
indexer,128,1024,64,4096,1,264.835
indexer,128,1024,64,8192,1,458.208
indexer,128,1024,64,16384,1,820.224
indexer,128,1024,128,16,1,113.184
indexer,128,1024,128,32,1,109.09
indexer,128,1024,128,64,1,114.88
indexer,128,1024,128,128,1,122.563
indexer,128,1024,128,256,1,123.2
indexer,128,1024,128,512,1,142.205
indexer,128,1024,128,1024,1,187.039
indexer,128,1024,128,2048,1,279.135
indexer,128,1024,128,4096,1,474.979
indexer,128,1024,128,8192,1,805.794
indexer,128,1024,128,16384,1,1495.55
indexer,128,2048,0,0,1,121.568
indexer,128,2048,1,16,1,151.103
indexer,128,2048,1,32,1,147.171
indexer,128,2048,1,64,1,147.454
indexer,128,2048,1,128,1,146.945
indexer,128,2048,1,256,1,146.946
indexer,128,2048,1,512,1,147.36
indexer,128,2048,1,1024,1,148.352
indexer,128,2048,1,2048,1,148.543
indexer,128,2048,1,4096,1,153.57
indexer,128,2048,1,8192,1,155.906
indexer,128,2048,1,16384,1,162.402
indexer,128,2048,2,16,1,145.309
indexer,128,2048,2,32,1,145.343
indexer,128,2048,2,64,1,145.632
indexer,128,2048,2,128,1,145.471
indexer,128,2048,2,256,1,148.065
indexer,128,2048,2,512,1,145.601
indexer,128,2048,2,1024,1,148.832
indexer,128,2048,2,2048,1,147.167
indexer,128,2048,2,4096,1,148.222
indexer,128,2048,2,8192,1,160.097
indexer,128,2048,2,16384,1,176.033
indexer,128,2048,4,16,1,143.712
indexer,128,2048,4,32,1,146.751
indexer,128,2048,4,64,1,144.576
indexer,128,2048,4,128,1,144.256
indexer,128,2048,4,256,1,144.83
indexer,128,2048,4,512,1,144.963
indexer,128,2048,4,1024,1,145.985
indexer,128,2048,4,2048,1,151.936
indexer,128,2048,4,4096,1,152.736
indexer,128,2048,4,8192,1,173.791
indexer,128,2048,4,16384,1,217.792
indexer,128,2048,8,16,1,143.905
indexer,128,2048,8,32,1,144.48
indexer,128,2048,8,64,1,144.417
indexer,128,2048,8,128,1,144.864
indexer,128,2048,8,256,1,144.226
indexer,128,2048,8,512,1,145.633
indexer,128,2048,8,1024,1,152.959
indexer,128,2048,8,2048,1,156.929
indexer,128,2048,8,4096,1,180.608
indexer,128,2048,8,8192,1,204.769
indexer,128,2048,8,16384,1,278.304
indexer,128,2048,16,16,1,144.066
indexer,128,2048,16,32,1,143.906
indexer,128,2048,16,64,1,143.489
indexer,128,2048,16,128,1,144.224
indexer,128,2048,16,256,1,144.735
indexer,128,2048,16,512,1,149.758
indexer,128,2048,16,1024,1,161.596
indexer,128,2048,16,2048,1,172.864
indexer,128,2048,16,4096,1,215.299
indexer,128,2048,16,8192,1,279.264
indexer,128,2048,16,16384,1,325.888
indexer,128,2048,32,16,1,144.449
indexer,128,2048,32,32,1,145.824
indexer,128,2048,32,64,1,144.256
indexer,128,2048,32,128,1,148.321
indexer,128,2048,32,256,1,151.424
indexer,128,2048,32,512,1,160.161
indexer,128,2048,32,1024,1,170.432
indexer,128,2048,32,2048,1,211.073
indexer,128,2048,32,4096,1,269.821
indexer,128,2048,32,8192,1,324.096
indexer,128,2048,32,16384,1,505.28
indexer,128,2048,64,16,1,151.425
indexer,128,2048,64,32,1,151.232
indexer,128,2048,64,64,1,154.943
indexer,128,2048,64,128,1,159.809
indexer,128,2048,64,256,1,174.177
indexer,128,2048,64,512,1,177.44
indexer,128,2048,64,1024,1,214.848
indexer,128,2048,64,2048,1,234.242
indexer,128,2048,64,4096,1,312.352
indexer,128,2048,64,8192,1,509.44
indexer,128,2048,64,16384,1,869.44
indexer,128,2048,128,16,1,159.712
indexer,128,2048,128,32,1,160.064
indexer,128,2048,128,64,1,164.383
indexer,128,2048,128,128,1,173.632
indexer,128,2048,128,256,1,173.278
indexer,128,2048,128,512,1,191.967
indexer,128,2048,128,1024,1,241.86
indexer,128,2048,128,2048,1,326.431
indexer,128,2048,128,4096,1,532.994
indexer,128,2048,128,8192,1,858.401
indexer,128,2048,128,16384,1,1554.75
indexer,128,4096,0,0,1,220.096
indexer,128,4096,1,16,1,245.763
indexer,128,4096,1,32,1,246.528
indexer,128,4096,1,64,1,245.984
indexer,128,4096,1,128,1,246.242
indexer,128,4096,1,256,1,245.601
indexer,128,4096,1,512,1,246.113
indexer,128,4096,1,1024,1,246.401
indexer,128,4096,1,2048,1,247.104
indexer,128,4096,1,4096,1,249.378
indexer,128,4096,1,8192,1,255.327
indexer,128,4096,1,16384,1,267.777
indexer,128,4096,2,16,1,243.841
indexer,128,4096,2,32,1,244.129
indexer,128,4096,2,64,1,244.48
indexer,128,4096,2,128,1,244.225
indexer,128,4096,2,256,1,244.102
indexer,128,4096,2,512,1,243.934
indexer,128,4096,2,1024,1,245.025
indexer,128,4096,2,2048,1,246.112
indexer,128,4096,2,4096,1,247.646
indexer,128,4096,2,8192,1,261.055
indexer,128,4096,2,16384,1,275.807
indexer,128,4096,4,16,1,244.157
indexer,128,4096,4,32,1,242.306
indexer,128,4096,4,64,1,242.113
indexer,128,4096,4,128,1,242.048
indexer,128,4096,4,256,1,244.192
indexer,128,4096,4,512,1,242.975
indexer,128,4096,4,1024,1,245.538
indexer,128,4096,4,2048,1,248.256
indexer,128,4096,4,4096,1,259.488
indexer,128,4096,4,8192,1,276.931
indexer,128,4096,4,16384,1,316.288
indexer,128,4096,8,16,1,243.172
indexer,128,4096,8,32,1,242.85
indexer,128,4096,8,64,1,242.624
indexer,128,4096,8,128,1,244.35
indexer,128,4096,8,256,1,243.777
indexer,128,4096,8,512,1,246.561
indexer,128,4096,8,1024,1,246.24
indexer,128,4096,8,2048,1,260.99
indexer,128,4096,8,4096,1,273.826
indexer,128,4096,8,8192,1,316.383
indexer,128,4096,8,16384,1,377.407
indexer,128,4096,16,16,1,242.849
indexer,128,4096,16,32,1,242.049
indexer,128,4096,16,64,1,243.583
indexer,128,4096,16,128,1,244.928
indexer,128,4096,16,256,1,245.118
indexer,128,4096,16,512,1,252.512
indexer,128,4096,16,1024,1,259.875
indexer,128,4096,16,2048,1,270.815
indexer,128,4096,16,4096,1,315.36
indexer,128,4096,16,8192,1,376.543
indexer,128,4096,16,16384,1,426.432
indexer,128,4096,32,16,1,244.126
indexer,128,4096,32,32,1,244.832
indexer,128,4096,32,64,1,243.231
indexer,128,4096,32,128,1,247.136
indexer,128,4096,32,256,1,253.826
indexer,128,4096,32,512,1,264.32
indexer,128,4096,32,1024,1,273.409
indexer,128,4096,32,2048,1,298.305
indexer,128,4096,32,4096,1,369.44
indexer,128,4096,32,8192,1,421.248
indexer,128,4096,32,16384,1,607.294
indexer,128,4096,64,16,1,250.528
indexer,128,4096,64,32,1,254.656
indexer,128,4096,64,64,1,249.694
indexer,128,4096,64,128,1,262.884
indexer,128,4096,64,256,1,270.847
indexer,128,4096,64,512,1,270.688
indexer,128,4096,64,1024,1,313.633
indexer,128,4096,64,2048,1,332.157
indexer,128,4096,64,4096,1,415.968
indexer,128,4096,64,8192,1,609.662
indexer,128,4096,64,16384,1,963.265
indexer,128,4096,128,16,1,264.191
indexer,128,4096,128,32,1,263.774
indexer,128,4096,128,64,1,262.402
indexer,128,4096,128,128,1,273.185
indexer,128,4096,128,256,1,271.841
indexer,128,4096,128,512,1,289.984
indexer,128,4096,128,1024,1,338.048
indexer,128,4096,128,2048,1,430.463
indexer,128,4096,128,4096,1,627.071
indexer,128,4096,128,8192,1,955.619
indexer,128,4096,128,16384,1,1655.87
indexer,128,8192,0,0,1,422.463
indexer,128,8192,1,16,1,451.009
indexer,128,8192,1,32,1,449.568
indexer,128,8192,1,64,1,450.113
indexer,128,8192,1,128,1,452.61
indexer,128,8192,1,256,1,450.751
indexer,128,8192,1,512,1,447.937
indexer,128,8192,1,1024,1,452.29
indexer,128,8192,1,2048,1,453.825
indexer,128,8192,1,4096,1,458.882
indexer,128,8192,1,8192,1,458.143
indexer,128,8192,1,16384,1,470.433
indexer,128,8192,2,16,1,447.423
indexer,128,8192,2,32,1,449.311
indexer,128,8192,2,64,1,446.462
indexer,128,8192,2,128,1,448.32
indexer,128,8192,2,256,1,449.379
indexer,128,8192,2,512,1,447.838
indexer,128,8192,2,1024,1,448.58
indexer,128,8192,2,2048,1,449.505
indexer,128,8192,2,4096,1,454.815
indexer,128,8192,2,8192,1,462.976
indexer,128,8192,2,16384,1,485.953
indexer,128,8192,4,16,1,444.385
indexer,128,8192,4,32,1,447.487
indexer,128,8192,4,64,1,447.679
indexer,128,8192,4,128,1,444.771
indexer,128,8192,4,256,1,448.321
indexer,128,8192,4,512,1,447.715
indexer,128,8192,4,1024,1,449.217
indexer,128,8192,4,2048,1,453.726
indexer,128,8192,4,4096,1,460.863
indexer,128,8192,4,8192,1,480.928
indexer,128,8192,4,16384,1,519.071
indexer,128,8192,8,16,1,448.576
indexer,128,8192,8,32,1,450.049
indexer,128,8192,8,64,1,447.744
indexer,128,8192,8,128,1,447.585
indexer,128,8192,8,256,1,448.257
indexer,128,8192,8,512,1,450.244
indexer,128,8192,8,1024,1,455.936
indexer,128,8192,8,2048,1,470.113
indexer,128,8192,8,4096,1,477.663
indexer,128,8192,8,8192,1,520.673
indexer,128,8192,8,16384,1,579.777
indexer,128,8192,16,16,1,447.966
indexer,128,8192,16,32,1,446.782
indexer,128,8192,16,64,1,448.992
indexer,128,8192,16,128,1,449.632
indexer,128,8192,16,256,1,452.835
indexer,128,8192,16,512,1,455.139
indexer,128,8192,16,1024,1,462.499
indexer,128,8192,16,2048,1,480.639
indexer,128,8192,16,4096,1,517.504
indexer,128,8192,16,8192,1,581.059
indexer,128,8192,16,16384,1,631.424
indexer,128,8192,32,16,1,447.902
indexer,128,8192,32,32,1,448.866
indexer,128,8192,32,64,1,448.608
indexer,128,8192,32,128,1,452.385
indexer,128,8192,32,256,1,457.571
indexer,128,8192,32,512,1,465.249
indexer,128,8192,32,1024,1,475.297
indexer,128,8192,32,2048,1,513.281
indexer,128,8192,32,4096,1,570.75
indexer,128,8192,32,8192,1,625.984
indexer,128,8192,32,16384,1,809.376
indexer,128,8192,64,16,1,455.521
indexer,128,8192,64,32,1,456
indexer,128,8192,64,64,1,455.778
indexer,128,8192,64,128,1,459.68
indexer,128,8192,64,256,1,474.335
indexer,128,8192,64,512,1,478.946
indexer,128,8192,64,1024,1,516.447
indexer,128,8192,64,2048,1,534.305
indexer,128,8192,64,4096,1,620.929
indexer,128,8192,64,8192,1,808.737
indexer,128,8192,64,16384,1,1163.2
indexer,128,8192,128,16,1,465.792
indexer,128,8192,128,32,1,465.503
indexer,128,8192,128,64,1,465.249
indexer,128,8192,128,128,1,474.176
indexer,128,8192,128,256,1,474.209
indexer,128,8192,128,512,1,492.064
indexer,128,8192,128,1024,1,540.8
indexer,128,8192,128,2048,1,628.16
indexer,128,8192,128,4096,1,836.832
indexer,128,8192,128,8192,1,1159.97
indexer,128,8192,128,16384,1,1847.24
indexer,128,16384,0,0,1,824.479
indexer,128,16384,1,16,1,854.08
indexer,128,16384,1,32,1,854.946
indexer,128,16384,1,64,1,853.634
indexer,128,16384,1,128,1,851.328
indexer,128,16384,1,256,1,851.744
indexer,128,16384,1,512,1,854.276
indexer,128,16384,1,1024,1,854.402
indexer,128,16384,1,2048,1,855.04
indexer,128,16384,1,4096,1,857.632
indexer,128,16384,1,8192,1,864.255
indexer,128,16384,1,16384,1,873.248
indexer,128,16384,2,16,1,851.202
indexer,128,16384,2,32,1,852.193
indexer,128,16384,2,64,1,850.528
indexer,128,16384,2,128,1,850.24
indexer,128,16384,2,256,1,851.873
indexer,128,16384,2,512,1,852
indexer,128,16384,2,1024,1,854.53
indexer,128,16384,2,2048,1,856.324
indexer,128,16384,2,4096,1,859.94
indexer,128,16384,2,8192,1,865.602
indexer,128,16384,2,16384,1,887.204
indexer,128,16384,4,16,1,848.959
indexer,128,16384,4,32,1,849.664
indexer,128,16384,4,64,1,849.444
indexer,128,16384,4,128,1,848.065
indexer,128,16384,4,256,1,850.176
indexer,128,16384,4,512,1,852.128
indexer,128,16384,4,1024,1,855.616
indexer,128,16384,4,2048,1,857.088
indexer,128,16384,4,4096,1,868.383
indexer,128,16384,4,8192,1,883.041
indexer,128,16384,4,16384,1,921.41
indexer,128,16384,8,16,1,849.919
indexer,128,16384,8,32,1,850.463
indexer,128,16384,8,64,1,852.512
indexer,128,16384,8,128,1,853.984
indexer,128,16384,8,256,1,854.368
indexer,128,16384,8,512,1,855.297
indexer,128,16384,8,1024,1,858.272
indexer,128,16384,8,2048,1,869.632
indexer,128,16384,8,4096,1,883.902
indexer,128,16384,8,8192,1,926.881
indexer,128,16384,8,16384,1,982.531
indexer,128,16384,16,16,1,851.587
indexer,128,16384,16,32,1,852.576
indexer,128,16384,16,64,1,851.905
indexer,128,16384,16,128,1,852.035
indexer,128,16384,16,256,1,855.711
indexer,128,16384,16,512,1,860.193
indexer,128,16384,16,1024,1,867.423
indexer,128,16384,16,2048,1,880.513
indexer,128,16384,16,4096,1,919.009
indexer,128,16384,16,8192,1,980.13
indexer,128,16384,16,16384,1,1033.47
indexer,128,16384,32,16,1,857.282
indexer,128,16384,32,32,1,852.032
indexer,128,16384,32,64,1,853.569
indexer,128,16384,32,128,1,860.132
indexer,128,16384,32,256,1,862.657
indexer,128,16384,32,512,1,871.97
indexer,128,16384,32,1024,1,877.955
indexer,128,16384,32,2048,1,912.544
indexer,128,16384,32,4096,1,971.553
indexer,128,16384,32,8192,1,1025.76
indexer,128,16384,32,16384,1,1210.02
indexer,128,16384,64,16,1,857.214
indexer,128,16384,64,32,1,856.035
indexer,128,16384,64,64,1,856.927
indexer,128,16384,64,128,1,864.384
indexer,128,16384,64,256,1,874.596
indexer,128,16384,64,512,1,879.52
indexer,128,16384,64,1024,1,918.532
indexer,128,16384,64,2048,1,935.902
indexer,128,16384,64,4096,1,1020.32
indexer,128,16384,64,8192,1,1212.38
indexer,128,16384,64,16384,1,1570.76
indexer,128,16384,128,16,1,864.576
indexer,128,16384,128,32,1,867.938
indexer,128,16384,128,64,1,862.975
indexer,128,16384,128,128,1,875.809
indexer,128,16384,128,256,1,876.323
indexer,128,16384,128,512,1,894.751
indexer,128,16384,128,1024,1,941.92
indexer,128,16384,128,2048,1,1030.08
indexer,128,16384,128,4096,1,1237.41
indexer,128,16384,128,8192,1,1561.6
indexer,128,16384,128,16384,1,2248.2
indexer,256,0,0,0,1,28.321
indexer,256,0,1,16,1,60.768
indexer,256,0,1,32,1,58.432
indexer,256,0,1,64,1,57.697
indexer,256,0,1,128,1,56.193
indexer,256,0,1,256,1,57.695
indexer,256,0,1,512,1,57.281
indexer,256,0,1,1024,1,60.897
indexer,256,0,1,2048,1,58.85
indexer,256,0,1,4096,1,63.008
indexer,256,0,1,8192,1,63.168
indexer,256,0,1,16384,1,71.52
indexer,256,0,2,16,1,55.297
indexer,256,0,2,32,1,54.369
indexer,256,0,2,64,1,51.839
indexer,256,0,2,128,1,54.624
indexer,256,0,2,256,1,53.823
indexer,256,0,2,512,1,51.903
indexer,256,0,2,1024,1,54.72
indexer,256,0,2,2048,1,56.706
indexer,256,0,2,4096,1,60.545
indexer,256,0,2,8192,1,67.84
indexer,256,0,2,16384,1,88.833
indexer,256,0,4,16,1,51.49
indexer,256,0,4,32,1,52.993
indexer,256,0,4,64,1,52.671
indexer,256,0,4,128,1,53.375
indexer,256,0,4,256,1,53.727
indexer,256,0,4,512,1,51.359
indexer,256,0,4,1024,1,55.17
indexer,256,0,4,2048,1,58.944
indexer,256,0,4,4096,1,67.585
indexer,256,0,4,8192,1,80.094
indexer,256,0,4,16384,1,120.866
indexer,256,0,8,16,1,53.345
indexer,256,0,8,32,1,52.128
indexer,256,0,8,64,1,53.474
indexer,256,0,8,128,1,52.543
indexer,256,0,8,256,1,54.529
indexer,256,0,8,512,1,56.192
indexer,256,0,8,1024,1,58.784
indexer,256,0,8,2048,1,67.552
indexer,256,0,8,4096,1,78.915
indexer,256,0,8,8192,1,121.025
indexer,256,0,8,16384,1,181.952
indexer,256,0,16,16,1,53.343
indexer,256,0,16,32,1,50.018
indexer,256,0,16,64,1,53.888
indexer,256,0,16,128,1,54.461
indexer,256,0,16,256,1,55.521
indexer,256,0,16,512,1,59.806
indexer,256,0,16,1024,1,61.536
indexer,256,0,16,2048,1,78.015
indexer,256,0,16,4096,1,119.424
indexer,256,0,16,8192,1,181.312
indexer,256,0,16,16384,1,230.623
indexer,256,0,32,16,1,54.015
indexer,256,0,32,32,1,54.271
indexer,256,0,32,64,1,53.795
indexer,256,0,32,128,1,57.151
indexer,256,0,32,256,1,57.922
indexer,256,0,32,512,1,68.061
indexer,256,0,32,1024,1,76.352
indexer,256,0,32,2048,1,115.456
indexer,256,0,32,4096,1,173.695
indexer,256,0,32,8192,1,229.887
indexer,256,0,32,16384,1,427.967
indexer,256,0,64,16,1,60.384
indexer,256,0,64,32,1,59.712
indexer,256,0,64,64,1,59.681
indexer,256,0,64,128,1,68.608
indexer,256,0,64,256,1,74.53
indexer,256,0,64,512,1,82.144
indexer,256,0,64,1024,1,119.23
indexer,256,0,64,2048,1,136.578
indexer,256,0,64,4096,1,222.402
indexer,256,0,64,8192,1,437.696
indexer,256,0,64,16384,1,787.618
indexer,256,0,128,16,1,66.495
indexer,256,0,128,32,1,70.595
indexer,256,0,128,64,1,71.997
indexer,256,0,128,128,1,80.063
indexer,256,0,128,256,1,78.975
indexer,256,0,128,512,1,100.8
indexer,256,0,128,1024,1,144.737
indexer,256,0,128,2048,1,239.84
indexer,256,0,128,4096,1,449.408
indexer,256,0,128,8192,1,779.618
indexer,256,0,128,16384,1,1467.84
indexer,256,16,0,0,1,34.688
indexer,256,16,1,16,1,64.034
indexer,256,16,1,32,1,63.907
indexer,256,16,1,64,1,63.809
indexer,256,16,1,128,1,64.223
indexer,256,16,1,256,1,61.854
indexer,256,16,1,512,1,63.839
indexer,256,16,1,1024,1,64.514
indexer,256,16,1,2048,1,63.424
indexer,256,16,1,4096,1,66.369
indexer,256,16,1,8192,1,69.668
indexer,256,16,1,16384,1,83.265
indexer,256,16,2,16,1,61.793
indexer,256,16,2,32,1,58.368
indexer,256,16,2,64,1,60.897
indexer,256,16,2,128,1,59.425
indexer,256,16,2,256,1,59.52
indexer,256,16,2,512,1,60.991
indexer,256,16,2,1024,1,59.073
indexer,256,16,2,2048,1,63.391
indexer,256,16,2,4096,1,66.239
indexer,256,16,2,8192,1,74.528
indexer,256,16,2,16384,1,93.983
indexer,256,16,4,16,1,59.041
indexer,256,16,4,32,1,58.946
indexer,256,16,4,64,1,58.144
indexer,256,16,4,128,1,59.234
indexer,256,16,4,256,1,57.152
indexer,256,16,4,512,1,60.288
indexer,256,16,4,1024,1,59.485
indexer,256,16,4,2048,1,65.468
indexer,256,16,4,4096,1,73.12
indexer,256,16,4,8192,1,85.794
indexer,256,16,4,16384,1,129.475
indexer,256,16,8,16,1,59.615
indexer,256,16,8,32,1,60.415
indexer,256,16,8,64,1,58.722
indexer,256,16,8,128,1,61.056
indexer,256,16,8,256,1,60.8
indexer,256,16,8,512,1,62.145
indexer,256,16,8,1024,1,65.503
indexer,256,16,8,2048,1,68.735
indexer,256,16,8,4096,1,85.474
indexer,256,16,8,8192,1,127.968
indexer,256,16,8,16384,1,188.736
indexer,256,16,16,16,1,59.968
indexer,256,16,16,32,1,60
indexer,256,16,16,64,1,59.584
indexer,256,16,16,128,1,60.608
indexer,256,16,16,256,1,61.661
indexer,256,16,16,512,1,65.471
indexer,256,16,16,1024,1,72.705
indexer,256,16,16,2048,1,83.812
indexer,256,16,16,4096,1,125.731
indexer,256,16,16,8192,1,190.016
indexer,256,16,16,16384,1,244.542
indexer,256,16,32,16,1,60.415
indexer,256,16,32,32,1,60.099
indexer,256,16,32,64,1,60.607
indexer,256,16,32,128,1,63.103
indexer,256,16,32,256,1,66.561
indexer,256,16,32,512,1,74.877
indexer,256,16,32,1024,1,80.831
indexer,256,16,32,2048,1,121.376
indexer,256,16,32,4096,1,180.126
indexer,256,16,32,8192,1,235.136
indexer,256,16,32,16384,1,440.193
indexer,256,16,64,16,1,67.104
indexer,256,16,64,32,1,66.528
indexer,256,16,64,64,1,66.272
indexer,256,16,64,128,1,77.187
indexer,256,16,64,256,1,85.567
indexer,256,16,64,512,1,89.154
indexer,256,16,64,1024,1,126.339
indexer,256,16,64,2048,1,146.05
indexer,256,16,64,4096,1,230.722
indexer,256,16,64,8192,1,439.009
indexer,256,16,64,16384,1,799.074
indexer,256,16,128,16,1,77.44
indexer,256,16,128,32,1,77.535
indexer,256,16,128,64,1,76.801
indexer,256,16,128,128,1,86.24
indexer,256,16,128,256,1,86.433
indexer,256,16,128,512,1,106.112
indexer,256,16,128,1024,1,152
indexer,256,16,128,2048,1,241.309
indexer,256,16,128,4096,1,454.051
indexer,256,16,128,8192,1,785.76
indexer,256,16,128,16384,1,1472.93
indexer,256,32,0,0,1,34.433
indexer,256,32,1,16,1,63.936
indexer,256,32,1,32,1,64.098
indexer,256,32,1,64,1,60.222
indexer,256,32,1,128,1,63.808
indexer,256,32,1,256,1,64.094
indexer,256,32,1,512,1,64.127
indexer,256,32,1,1024,1,64
indexer,256,32,1,2048,1,64.544
indexer,256,32,1,4096,1,66.208
indexer,256,32,1,8192,1,69.536
indexer,256,32,1,16384,1,83.905
indexer,256,32,2,16,1,58.112
indexer,256,32,2,32,1,61.345
indexer,256,32,2,64,1,60.993
indexer,256,32,2,128,1,61.891
indexer,256,32,2,256,1,61.09
indexer,256,32,2,512,1,59.328
indexer,256,32,2,1024,1,62.176
indexer,256,32,2,2048,1,63.168
indexer,256,32,2,4096,1,66.209
indexer,256,32,2,8192,1,77.727
indexer,256,32,2,16384,1,87.808
indexer,256,32,4,16,1,59.167
indexer,256,32,4,32,1,59.425
indexer,256,32,4,64,1,58.304
indexer,256,32,4,128,1,56.544
indexer,256,32,4,256,1,60.031
indexer,256,32,4,512,1,60.096
indexer,256,32,4,1024,1,61.76
indexer,256,32,4,2048,1,65.281
indexer,256,32,4,4096,1,72.895
indexer,256,32,4,8192,1,91.329
indexer,256,32,4,16384,1,126.85
indexer,256,32,8,16,1,59.712
indexer,256,32,8,32,1,59.586
indexer,256,32,8,64,1,59.807
indexer,256,32,8,128,1,60.541
indexer,256,32,8,256,1,61.087
indexer,256,32,8,512,1,62.271
indexer,256,32,8,1024,1,65.314
indexer,256,32,8,2048,1,76.829
indexer,256,32,8,4096,1,85.729
indexer,256,32,8,8192,1,126.529
indexer,256,32,8,16384,1,187.648
indexer,256,32,16,16,1,59.679
indexer,256,32,16,32,1,60.032
indexer,256,32,16,64,1,60.063
indexer,256,32,16,128,1,60.705
indexer,256,32,16,256,1,60.993
indexer,256,32,16,512,1,62.433
indexer,256,32,16,1024,1,71.937
indexer,256,32,16,2048,1,88.897
indexer,256,32,16,4096,1,127.647
indexer,256,32,16,8192,1,189.792
indexer,256,32,16,16384,1,243.201
indexer,256,32,32,16,1,60.322
indexer,256,32,32,32,1,63.296
indexer,256,32,32,64,1,60.611
indexer,256,32,32,128,1,63.264
indexer,256,32,32,256,1,66.114
indexer,256,32,32,512,1,74.752
indexer,256,32,32,1024,1,86.176
indexer,256,32,32,2048,1,119.966
indexer,256,32,32,4096,1,181.12
indexer,256,32,32,8192,1,232.769
indexer,256,32,32,16384,1,439.133
indexer,256,32,64,16,1,65.984
indexer,256,32,64,32,1,64.319
indexer,256,32,64,64,1,65.984
indexer,256,32,64,128,1,77.44
indexer,256,32,64,256,1,87.005
indexer,256,32,64,512,1,89.47
indexer,256,32,64,1024,1,123.872
indexer,256,32,64,2048,1,145.345
indexer,256,32,64,4096,1,230.24
indexer,256,32,64,8192,1,439.394
indexer,256,32,64,16384,1,798.943
indexer,256,32,128,16,1,76.96
indexer,256,32,128,32,1,75.841
indexer,256,32,128,64,1,77.248
indexer,256,32,128,128,1,85.504
indexer,256,32,128,256,1,86.719
indexer,256,32,128,512,1,105.985
indexer,256,32,128,1024,1,152.29
indexer,256,32,128,2048,1,241.727
indexer,256,32,128,4096,1,455.904
indexer,256,32,128,8192,1,786.976
indexer,256,32,128,16384,1,1467.75
indexer,256,64,0,0,1,34.112
indexer,256,64,1,16,1,64.224
indexer,256,64,1,32,1,59.807
indexer,256,64,1,64,1,63.552
indexer,256,64,1,128,1,59.772
indexer,256,64,1,256,1,63.648
indexer,256,64,1,512,1,63.904
indexer,256,64,1,1024,1,63.649
indexer,256,64,1,2048,1,64.8
indexer,256,64,1,4096,1,65.73
indexer,256,64,1,8192,1,69.504
indexer,256,64,1,16384,1,81.952
indexer,256,64,2,16,1,59.361
indexer,256,64,2,32,1,60.352
indexer,256,64,2,64,1,60.386
indexer,256,64,2,128,1,60.415
indexer,256,64,2,256,1,57.637
indexer,256,64,2,512,1,60.512
indexer,256,64,2,1024,1,61.569
indexer,256,64,2,2048,1,63.841
indexer,256,64,2,4096,1,66.112
indexer,256,64,2,8192,1,73.759
indexer,256,64,2,16384,1,93.792
indexer,256,64,4,16,1,58.784
indexer,256,64,4,32,1,58.56
indexer,256,64,4,64,1,58.78
indexer,256,64,4,128,1,56.447
indexer,256,64,4,256,1,59.871
indexer,256,64,4,512,1,59.997
indexer,256,64,4,1024,1,61.95
indexer,256,64,4,2048,1,65.281
indexer,256,64,4,4096,1,72.351
indexer,256,64,4,8192,1,89.346
indexer,256,64,4,16384,1,126.271
indexer,256,64,8,16,1,59.552
indexer,256,64,8,32,1,58.241
indexer,256,64,8,64,1,59.678
indexer,256,64,8,128,1,60.32
indexer,256,64,8,256,1,60.575
indexer,256,64,8,512,1,61.664
indexer,256,64,8,1024,1,66.047
indexer,256,64,8,2048,1,73.375
indexer,256,64,8,4096,1,85.664
indexer,256,64,8,8192,1,126.271
indexer,256,64,8,16384,1,187.617
indexer,256,64,16,16,1,59.552
indexer,256,64,16,32,1,59.933
indexer,256,64,16,64,1,59.713
indexer,256,64,16,128,1,60.321
indexer,256,64,16,256,1,61.153
indexer,256,64,16,512,1,65.726
indexer,256,64,16,1024,1,72.769
indexer,256,64,16,2048,1,89.217
indexer,256,64,16,4096,1,124.768
indexer,256,64,16,8192,1,189.216
indexer,256,64,16,16384,1,238.592
indexer,256,64,32,16,1,63.01
indexer,256,64,32,32,1,63.394
indexer,256,64,32,64,1,60.194
indexer,256,64,32,128,1,63.648
indexer,256,64,32,256,1,67.073
indexer,256,64,32,512,1,73.856
indexer,256,64,32,1024,1,86.016
indexer,256,64,32,2048,1,119.042
indexer,256,64,32,4096,1,181.149
indexer,256,64,32,8192,1,235.616
indexer,256,64,32,16384,1,439.745
indexer,256,64,64,16,1,65.888
indexer,256,64,64,32,1,65.599
indexer,256,64,64,64,1,65.664
indexer,256,64,64,128,1,76.032
indexer,256,64,64,256,1,86.88
indexer,256,64,64,512,1,88.608
indexer,256,64,64,1024,1,123.936
indexer,256,64,64,2048,1,144.766
indexer,256,64,64,4096,1,228.928
indexer,256,64,64,8192,1,443.102
indexer,256,64,64,16384,1,794.562
indexer,256,64,128,16,1,76.191
indexer,256,64,128,32,1,77.216
indexer,256,64,128,64,1,76.512
indexer,256,64,128,128,1,85.504
indexer,256,64,128,256,1,85.376
indexer,256,64,128,512,1,106.366
indexer,256,64,128,1024,1,151.679
indexer,256,64,128,2048,1,241.795
indexer,256,64,128,4096,1,456.96
indexer,256,64,128,8192,1,790.498
indexer,256,64,128,16384,1,1469.96
indexer,256,128,0,0,1,34.466
indexer,256,128,1,16,1,64.031
indexer,256,128,1,32,1,61.956
indexer,256,128,1,64,1,64.351
indexer,256,128,1,128,1,64.001
indexer,256,128,1,256,1,63.969
indexer,256,128,1,512,1,62.11
indexer,256,128,1,1024,1,64.129
indexer,256,128,1,2048,1,65.823
indexer,256,128,1,4096,1,66.146
indexer,256,128,1,8192,1,69.73
indexer,256,128,1,16384,1,77.599
indexer,256,128,2,16,1,60.736
indexer,256,128,2,32,1,60.609
indexer,256,128,2,64,1,60.509
indexer,256,128,2,128,1,60.608
indexer,256,128,2,256,1,58.303
indexer,256,128,2,512,1,61.12
indexer,256,128,2,1024,1,61.76
indexer,256,128,2,2048,1,64.991
indexer,256,128,2,4096,1,67.167
indexer,256,128,2,8192,1,74.334
indexer,256,128,2,16384,1,94.528
indexer,256,128,4,16,1,59.04
indexer,256,128,4,32,1,59.358
indexer,256,128,4,64,1,58.016
indexer,256,128,4,128,1,59.232
indexer,256,128,4,256,1,59.841
indexer,256,128,4,512,1,61.76
indexer,256,128,4,1024,1,61.728
indexer,256,128,4,2048,1,65.312
indexer,256,128,4,4096,1,72.862
indexer,256,128,4,8192,1,91.903
indexer,256,128,4,16384,1,126.624
indexer,256,128,8,16,1,57.246
indexer,256,128,8,32,1,59.712
indexer,256,128,8,64,1,60.032
indexer,256,128,8,128,1,62.592
indexer,256,128,8,256,1,60.737
indexer,256,128,8,512,1,61.793
indexer,256,128,8,1024,1,66.592
indexer,256,128,8,2048,1,72.575
indexer,256,128,8,4096,1,91.201
indexer,256,128,8,8192,1,127.457
indexer,256,128,8,16384,1,187.586
indexer,256,128,16,16,1,59.874
indexer,256,128,16,32,1,60.001
indexer,256,128,16,64,1,59.97
indexer,256,128,16,128,1,61.379
indexer,256,128,16,256,1,61.316
indexer,256,128,16,512,1,66.08
indexer,256,128,16,1024,1,72.515
indexer,256,128,16,2048,1,88.481
indexer,256,128,16,4096,1,125.504
indexer,256,128,16,8192,1,187.231
indexer,256,128,16,16384,1,240.129
indexer,256,128,32,16,1,60.802
indexer,256,128,32,32,1,60.895
indexer,256,128,32,64,1,60.384
indexer,256,128,32,128,1,64.48
indexer,256,128,32,256,1,67.36
indexer,256,128,32,512,1,78.209
indexer,256,128,32,1024,1,80.669
indexer,256,128,32,2048,1,120.192
indexer,256,128,32,4096,1,180.224
indexer,256,128,32,8192,1,239.392
indexer,256,128,32,16384,1,440.353
indexer,256,128,64,16,1,63.202
indexer,256,128,64,32,1,66.686
indexer,256,128,64,64,1,65.666
indexer,256,128,64,128,1,76.196
indexer,256,128,64,256,1,85.152
indexer,256,128,64,512,1,88.928
indexer,256,128,64,1024,1,125.216
indexer,256,128,64,2048,1,144.701
indexer,256,128,64,4096,1,228.193
indexer,256,128,64,8192,1,440.639
indexer,256,128,64,16384,1,799.043
indexer,256,128,128,16,1,76.127
indexer,256,128,128,32,1,73.441
indexer,256,128,128,64,1,77.185
indexer,256,128,128,128,1,84.927
indexer,256,128,128,256,1,86.723
indexer,256,128,128,512,1,105.121
indexer,256,128,128,1024,1,151.553
indexer,256,128,128,2048,1,242.69
indexer,256,128,128,4096,1,454.276
indexer,256,128,128,8192,1,791.84
indexer,256,128,128,16384,1,1466.91
indexer,256,256,0,0,1,40.895
indexer,256,256,1,16,1,68.352
indexer,256,256,1,32,1,69.888
indexer,256,256,1,64,1,70.175
indexer,256,256,1,128,1,70.114
indexer,256,256,1,256,1,73.632
indexer,256,256,1,512,1,69.855
indexer,256,256,1,1024,1,70.399
indexer,256,256,1,2048,1,71.618
indexer,256,256,1,4096,1,72.671
indexer,256,256,1,8192,1,75.551
indexer,256,256,1,16384,1,88.032
indexer,256,256,2,16,1,66.879
indexer,256,256,2,32,1,66.881
indexer,256,256,2,64,1,67.168
indexer,256,256,2,128,1,66.046
indexer,256,256,2,256,1,66.623
indexer,256,256,2,512,1,66.72
indexer,256,256,2,1024,1,68.064
indexer,256,256,2,2048,1,69.695
indexer,256,256,2,4096,1,73.152
indexer,256,256,2,8192,1,81.597
indexer,256,256,2,16384,1,100.289
indexer,256,256,4,16,1,65.311
indexer,256,256,4,32,1,62.977
indexer,256,256,4,64,1,65.696
indexer,256,256,4,128,1,65.504
indexer,256,256,4,256,1,65.92
indexer,256,256,4,512,1,66.749
indexer,256,256,4,1024,1,68.159
indexer,256,256,4,2048,1,71.391
indexer,256,256,4,4096,1,80.097
indexer,256,256,4,8192,1,98.689
indexer,256,256,4,16384,1,132.449
indexer,256,256,8,16,1,66.08
indexer,256,256,8,32,1,66.145
indexer,256,256,8,64,1,65.855
indexer,256,256,8,128,1,67.006
indexer,256,256,8,256,1,66.977
indexer,256,256,8,512,1,68.704
indexer,256,256,8,1024,1,71.52
indexer,256,256,8,2048,1,84.704
indexer,256,256,8,4096,1,99.39
indexer,256,256,8,8192,1,133.503
indexer,256,256,8,16384,1,175.457
indexer,256,256,16,16,1,63.999
indexer,256,256,16,32,1,65.697
indexer,256,256,16,64,1,65.695
indexer,256,256,16,128,1,66.85
indexer,256,256,16,256,1,64.099
indexer,256,256,16,512,1,73.087
indexer,256,256,16,1024,1,79.585
indexer,256,256,16,2048,1,91.328
indexer,256,256,16,4096,1,132.446
indexer,256,256,16,8192,1,193.216
indexer,256,256,16,16384,1,245.215
indexer,256,256,32,16,1,62.784
indexer,256,256,32,32,1,64.574
indexer,256,256,32,64,1,67.52
indexer,256,256,32,128,1,69.407
indexer,256,256,32,256,1,74.016
indexer,256,256,32,512,1,80.8
indexer,256,256,32,1024,1,89.474
indexer,256,256,32,2048,1,126.624
indexer,256,256,32,4096,1,189.633
indexer,256,256,32,8192,1,241.346
indexer,256,256,32,16384,1,444.736
indexer,256,256,64,16,1,69.472
indexer,256,256,64,32,1,72.384
indexer,256,256,64,64,1,72.354
indexer,256,256,64,128,1,82.336
indexer,256,256,64,256,1,91.391
indexer,256,256,64,512,1,96.895
indexer,256,256,64,1024,1,130.66
indexer,256,256,64,2048,1,153.6
indexer,256,256,64,4096,1,236.32
indexer,256,256,64,8192,1,447.584
indexer,256,256,64,16384,1,793.565
indexer,256,256,128,16,1,84.192
indexer,256,256,128,32,1,83.232
indexer,256,256,128,64,1,84.672
indexer,256,256,128,128,1,92.801
indexer,256,256,128,256,1,92.448
indexer,256,256,128,512,1,112.514
indexer,256,256,128,1024,1,160.831
indexer,256,256,128,2048,1,250.591
indexer,256,256,128,4096,1,466.241
indexer,256,256,128,8192,1,787.456
indexer,256,256,128,16384,1,1483.3
indexer,256,512,0,0,1,53.089
indexer,256,512,1,16,1,82.943
indexer,256,512,1,32,1,82.688
indexer,256,512,1,64,1,82.432
indexer,256,512,1,128,1,83.264
indexer,256,512,1,256,1,82.655
indexer,256,512,1,512,1,82.368
indexer,256,512,1,1024,1,82.655
indexer,256,512,1,2048,1,83.775
indexer,256,512,1,4096,1,85.504
indexer,256,512,1,8192,1,88.189
indexer,256,512,1,16384,1,100.638
indexer,256,512,2,16,1,79.264
indexer,256,512,2,32,1,79.902
indexer,256,512,2,64,1,77.056
indexer,256,512,2,128,1,79.389
indexer,256,512,2,256,1,77.985
indexer,256,512,2,512,1,79.647
indexer,256,512,2,1024,1,80.226
indexer,256,512,2,2048,1,83.263
indexer,256,512,2,4096,1,84.991
indexer,256,512,2,8192,1,97.597
indexer,256,512,2,16384,1,112.77
indexer,256,512,4,16,1,76.672
indexer,256,512,4,32,1,76.798
indexer,256,512,4,64,1,78.047
indexer,256,512,4,128,1,78.592
indexer,256,512,4,256,1,78.787
indexer,256,512,4,512,1,79.007
indexer,256,512,4,1024,1,80.158
indexer,256,512,4,2048,1,84.13
indexer,256,512,4,4096,1,96.865
indexer,256,512,4,8192,1,110.368
indexer,256,512,4,16384,1,144.932
indexer,256,512,8,16,1,78.464
indexer,256,512,8,32,1,77.793
indexer,256,512,8,64,1,79.712
indexer,256,512,8,128,1,78.976
indexer,256,512,8,256,1,79.01
indexer,256,512,8,512,1,80.48
indexer,256,512,8,1024,1,84.769
indexer,256,512,8,2048,1,92.448
indexer,256,512,8,4096,1,111.072
indexer,256,512,8,8192,1,146.208
indexer,256,512,8,16384,1,205.023
indexer,256,512,16,16,1,78.496
indexer,256,512,16,32,1,78.529
indexer,256,512,16,64,1,76.671
indexer,256,512,16,128,1,79.039
indexer,256,512,16,256,1,80.029
indexer,256,512,16,512,1,85.089
indexer,256,512,16,1024,1,90.945
indexer,256,512,16,2048,1,104.159
indexer,256,512,16,4096,1,146.787
indexer,256,512,16,8192,1,210.113
indexer,256,512,16,16384,1,258.018
indexer,256,512,32,16,1,78.943
indexer,256,512,32,32,1,78.879
indexer,256,512,32,64,1,80.735
indexer,256,512,32,128,1,82.305
indexer,256,512,32,256,1,85.984
indexer,256,512,32,512,1,91.681
indexer,256,512,32,1024,1,102.015
indexer,256,512,32,2048,1,141.217
indexer,256,512,32,4096,1,201.377
indexer,256,512,32,8192,1,252.708
indexer,256,512,32,16384,1,457.984
indexer,256,512,64,16,1,84.032
indexer,256,512,64,32,1,82.017
indexer,256,512,64,64,1,82.208
indexer,256,512,64,128,1,94.048
indexer,256,512,64,256,1,104.832
indexer,256,512,64,512,1,109.374
indexer,256,512,64,1024,1,144.161
indexer,256,512,64,2048,1,163.168
indexer,256,512,64,4096,1,248.738
indexer,256,512,64,8192,1,457.345
indexer,256,512,64,16384,1,806.176
indexer,256,512,128,16,1,95.232
indexer,256,512,128,32,1,94.976
indexer,256,512,128,64,1,95.68
indexer,256,512,128,128,1,104.449
indexer,256,512,128,256,1,105.027
indexer,256,512,128,512,1,124.673
indexer,256,512,128,1024,1,171.104
indexer,256,512,128,2048,1,264.512
indexer,256,512,128,4096,1,477.536
indexer,256,512,128,8192,1,803.488
indexer,256,512,128,16384,1,1487.9
indexer,256,1024,0,0,1,77.856
indexer,256,1024,1,16,1,107.649
indexer,256,1024,1,32,1,107.553
indexer,256,1024,1,64,1,107.394
indexer,256,1024,1,128,1,107.393
indexer,256,1024,1,256,1,107.552
indexer,256,1024,1,512,1,107.648
indexer,256,1024,1,1024,1,107.233
indexer,256,1024,1,2048,1,109.058
indexer,256,1024,1,4096,1,110.048
indexer,256,1024,1,8192,1,113.567
indexer,256,1024,1,16384,1,126.112
indexer,256,1024,2,16,1,105.792
indexer,256,1024,2,32,1,106.113
indexer,256,1024,2,64,1,101.665
indexer,256,1024,2,128,1,104.256
indexer,256,1024,2,256,1,103.072
indexer,256,1024,2,512,1,104.097
indexer,256,1024,2,1024,1,103.743
indexer,256,1024,2,2048,1,106.624
indexer,256,1024,2,4096,1,112.286
indexer,256,1024,2,8192,1,122.176
indexer,256,1024,2,16384,1,138.753
indexer,256,1024,4,16,1,101.472
indexer,256,1024,4,32,1,102.463
indexer,256,1024,4,64,1,102.689
indexer,256,1024,4,128,1,103.043
indexer,256,1024,4,256,1,104.768
indexer,256,1024,4,512,1,102.689
indexer,256,1024,4,1024,1,104.546
indexer,256,1024,4,2048,1,109.407
indexer,256,1024,4,4096,1,116.96
indexer,256,1024,4,8192,1,130.592
indexer,256,1024,4,16384,1,171.039
indexer,256,1024,8,16,1,103.169
indexer,256,1024,8,32,1,103.008
indexer,256,1024,8,64,1,104.645
indexer,256,1024,8,128,1,102.816
indexer,256,1024,8,256,1,104.094
indexer,256,1024,8,512,1,105.28
indexer,256,1024,8,1024,1,108.542
indexer,256,1024,8,2048,1,117.314
indexer,256,1024,8,4096,1,130.271
indexer,256,1024,8,8192,1,170.88
indexer,256,1024,8,16384,1,232.257
indexer,256,1024,16,16,1,103.3
indexer,256,1024,16,32,1,104.096
indexer,256,1024,16,64,1,103.455
indexer,256,1024,16,128,1,104.128
indexer,256,1024,16,256,1,105.859
indexer,256,1024,16,512,1,108.672
indexer,256,1024,16,1024,1,115.937
indexer,256,1024,16,2048,1,128.575
indexer,256,1024,16,4096,1,172.386
indexer,256,1024,16,8192,1,232.094
indexer,256,1024,16,16384,1,281.409
indexer,256,1024,32,16,1,103.904
indexer,256,1024,32,32,1,103.904
indexer,256,1024,32,64,1,102.146
indexer,256,1024,32,128,1,108.032
indexer,256,1024,32,256,1,110.273
indexer,256,1024,32,512,1,118.077
indexer,256,1024,32,1024,1,128.737
indexer,256,1024,32,2048,1,166.849
indexer,256,1024,32,4096,1,227.044
indexer,256,1024,32,8192,1,278.272
indexer,256,1024,32,16384,1,481.473
indexer,256,1024,64,16,1,108.896
indexer,256,1024,64,32,1,107.008
indexer,256,1024,64,64,1,109.824
indexer,256,1024,64,128,1,119.937
indexer,256,1024,64,256,1,130.399
indexer,256,1024,64,512,1,133.088
indexer,256,1024,64,1024,1,170.18
indexer,256,1024,64,2048,1,186.72
indexer,256,1024,64,4096,1,271.903
indexer,256,1024,64,8192,1,480.353
indexer,256,1024,64,16384,1,827.425
indexer,256,1024,128,16,1,121.408
indexer,256,1024,128,32,1,116.481
indexer,256,1024,128,64,1,121.822
indexer,256,1024,128,128,1,131.648
indexer,256,1024,128,256,1,130.111
indexer,256,1024,128,512,1,147.456
indexer,256,1024,128,1024,1,200.351
indexer,256,1024,128,2048,1,286.494
indexer,256,1024,128,4096,1,501.728
indexer,256,1024,128,8192,1,830.051
indexer,256,1024,128,16384,1,1514.47
indexer,256,2048,0,0,1,128.258
indexer,256,2048,1,16,1,157.663
indexer,256,2048,1,32,1,158.016
indexer,256,2048,1,64,1,157.889
indexer,256,2048,1,128,1,158.112
indexer,256,2048,1,256,1,157.761
indexer,256,2048,1,512,1,158.077
indexer,256,2048,1,1024,1,157.793
indexer,256,2048,1,2048,1,158.815
indexer,256,2048,1,4096,1,158.56
indexer,256,2048,1,8192,1,163.262
indexer,256,2048,1,16384,1,176.992
indexer,256,2048,2,16,1,154.624
indexer,256,2048,2,32,1,154.371
indexer,256,2048,2,64,1,154.338
indexer,256,2048,2,128,1,154.333
indexer,256,2048,2,256,1,154.785
indexer,256,2048,2,512,1,154.945
indexer,256,2048,2,1024,1,154.238
indexer,256,2048,2,2048,1,156.961
indexer,256,2048,2,4096,1,159.616
indexer,256,2048,2,8192,1,172.348
indexer,256,2048,2,16384,1,186.624
indexer,256,2048,4,16,1,152.672
indexer,256,2048,4,32,1,152.863
indexer,256,2048,4,64,1,152.833
indexer,256,2048,4,128,1,154.527
indexer,256,2048,4,256,1,153.5
indexer,256,2048,4,512,1,154.563
indexer,256,2048,4,1024,1,155.231
indexer,256,2048,4,2048,1,159.137
indexer,256,2048,4,4096,1,170.337
indexer,256,2048,4,8192,1,179.489
indexer,256,2048,4,16384,1,219.457
indexer,256,2048,8,16,1,152.931
indexer,256,2048,8,32,1,151.937
indexer,256,2048,8,64,1,153.793
indexer,256,2048,8,128,1,154.368
indexer,256,2048,8,256,1,153.92
indexer,256,2048,8,512,1,151.905
indexer,256,2048,8,1024,1,160.289
indexer,256,2048,8,2048,1,166.975
indexer,256,2048,8,4096,1,184.733
indexer,256,2048,8,8192,1,220.673
indexer,256,2048,8,16384,1,282.912
indexer,256,2048,16,16,1,154.08
indexer,256,2048,16,32,1,153.601
indexer,256,2048,16,64,1,154.529
indexer,256,2048,16,128,1,154.654
indexer,256,2048,16,256,1,155.616
indexer,256,2048,16,512,1,156.482
indexer,256,2048,16,1024,1,167.424
indexer,256,2048,16,2048,1,184.256
indexer,256,2048,16,4096,1,220.228
indexer,256,2048,16,8192,1,282.432
indexer,256,2048,16,16384,1,332.285
indexer,256,2048,32,16,1,155.135
indexer,256,2048,32,32,1,155.168
indexer,256,2048,32,64,1,157.311
indexer,256,2048,32,128,1,158.144
indexer,256,2048,32,256,1,161.472
indexer,256,2048,32,512,1,169.792
indexer,256,2048,32,1024,1,180.288
indexer,256,2048,32,2048,1,215.711
indexer,256,2048,32,4096,1,274.847
indexer,256,2048,32,8192,1,330.56
indexer,256,2048,32,16384,1,533.632
indexer,256,2048,64,16,1,160.064
indexer,256,2048,64,32,1,159.422
indexer,256,2048,64,64,1,160.992
indexer,256,2048,64,128,1,170.433
indexer,256,2048,64,256,1,180.672
indexer,256,2048,64,512,1,183.326
indexer,256,2048,64,1024,1,220.959
indexer,256,2048,64,2048,1,239.553
indexer,256,2048,64,4096,1,323.489
indexer,256,2048,64,8192,1,529.347
indexer,256,2048,64,16384,1,877.28
indexer,256,2048,128,16,1,171.195
indexer,256,2048,128,32,1,167.901
indexer,256,2048,128,64,1,171.618
indexer,256,2048,128,128,1,182.014
indexer,256,2048,128,256,1,179.52
indexer,256,2048,128,512,1,199.456
indexer,256,2048,128,1024,1,243.842
indexer,256,2048,128,2048,1,337.536
indexer,256,2048,128,4096,1,553.409
indexer,256,2048,128,8192,1,881.793
indexer,256,2048,128,16384,1,1565.99
indexer,256,4096,0,0,1,225.983
indexer,256,4096,1,16,1,256.45
indexer,256,4096,1,32,1,256.158
indexer,256,4096,1,64,1,257.153
indexer,256,4096,1,128,1,258.751
indexer,256,4096,1,256,1,256
indexer,256,4096,1,512,1,255.999
indexer,256,4096,1,1024,1,256.803
indexer,256,4096,1,2048,1,257.023
indexer,256,4096,1,4096,1,259.073
indexer,256,4096,1,8192,1,262.849
indexer,256,4096,1,16384,1,276.192
indexer,256,4096,2,16,1,253.695
indexer,256,4096,2,32,1,252.963
indexer,256,4096,2,64,1,251.942
indexer,256,4096,2,128,1,252.673
indexer,256,4096,2,256,1,252.831
indexer,256,4096,2,512,1,252.768
indexer,256,4096,2,1024,1,253.696
indexer,256,4096,2,2048,1,255.263
indexer,256,4096,2,4096,1,258.752
indexer,256,4096,2,8192,1,271.454
indexer,256,4096,2,16384,1,281.059
indexer,256,4096,4,16,1,251.646
indexer,256,4096,4,32,1,251.582
indexer,256,4096,4,64,1,252.446
indexer,256,4096,4,128,1,252.928
indexer,256,4096,4,256,1,254.11
indexer,256,4096,4,512,1,252.768
indexer,256,4096,4,1024,1,254.112
indexer,256,4096,4,2048,1,258.881
indexer,256,4096,4,4096,1,264.992
indexer,256,4096,4,8192,1,283.711
indexer,256,4096,4,16384,1,319.455
indexer,256,4096,8,16,1,253.952
indexer,256,4096,8,32,1,252.127
indexer,256,4096,8,64,1,252.002
indexer,256,4096,8,128,1,252.387
indexer,256,4096,8,256,1,254.4
indexer,256,4096,8,512,1,254.048
indexer,256,4096,8,1024,1,261.825
indexer,256,4096,8,2048,1,264.993
indexer,256,4096,8,4096,1,284.736
indexer,256,4096,8,8192,1,319.457
indexer,256,4096,8,16384,1,380.258
indexer,256,4096,16,16,1,251.966
indexer,256,4096,16,32,1,252.256
indexer,256,4096,16,64,1,254.397
indexer,256,4096,16,128,1,255.395
indexer,256,4096,16,256,1,256.479
indexer,256,4096,16,512,1,260.098
indexer,256,4096,16,1024,1,265.056
indexer,256,4096,16,2048,1,282.272
indexer,256,4096,16,4096,1,319.134
indexer,256,4096,16,8192,1,381.088
indexer,256,4096,16,16384,1,430.179
indexer,256,4096,32,16,1,254.432
indexer,256,4096,32,32,1,255.938
indexer,256,4096,32,64,1,255.714
indexer,256,4096,32,128,1,257.249
indexer,256,4096,32,256,1,259.969
indexer,256,4096,32,512,1,273.215
indexer,256,4096,32,1024,1,280.224
indexer,256,4096,32,2048,1,314.466
indexer,256,4096,32,4096,1,374.016
indexer,256,4096,32,8192,1,430.048
indexer,256,4096,32,16384,1,629.474
indexer,256,4096,64,16,1,259.52
indexer,256,4096,64,32,1,260.316
indexer,256,4096,64,64,1,259.68
indexer,256,4096,64,128,1,269.088
indexer,256,4096,64,256,1,278.306
indexer,256,4096,64,512,1,281.536
indexer,256,4096,64,1024,1,318.144
indexer,256,4096,64,2048,1,340.286
indexer,256,4096,64,4096,1,419.392
indexer,256,4096,64,8192,1,631.81
indexer,256,4096,64,16384,1,981.09
indexer,256,4096,128,16,1,270.368
indexer,256,4096,128,32,1,268.896
indexer,256,4096,128,64,1,270.463
indexer,256,4096,128,128,1,275.488
indexer,256,4096,128,256,1,278.752
indexer,256,4096,128,512,1,297.953
indexer,256,4096,128,1024,1,345.408
indexer,256,4096,128,2048,1,437.283
indexer,256,4096,128,4096,1,651.137
indexer,256,4096,128,8192,1,975.328
indexer,256,4096,128,16384,1,1676.48
indexer,256,8192,0,0,1,429.408
indexer,256,8192,1,16,1,462.209
indexer,256,8192,1,32,1,461.216
indexer,256,8192,1,64,1,459.199
indexer,256,8192,1,128,1,461.217
indexer,256,8192,1,256,1,462.467
indexer,256,8192,1,512,1,461.725
indexer,256,8192,1,1024,1,460.224
indexer,256,8192,1,2048,1,462.72
indexer,256,8192,1,4096,1,465.792
indexer,256,8192,1,8192,1,469.952
indexer,256,8192,1,16384,1,478.976
indexer,256,8192,2,16,1,456.16
indexer,256,8192,2,32,1,456.033
indexer,256,8192,2,64,1,456.768
indexer,256,8192,2,128,1,457.696
indexer,256,8192,2,256,1,457.025
indexer,256,8192,2,512,1,455.968
indexer,256,8192,2,1024,1,457.667
indexer,256,8192,2,2048,1,461.793
indexer,256,8192,2,4096,1,467.006
indexer,256,8192,2,8192,1,474.849
indexer,256,8192,2,16384,1,491.168
indexer,256,8192,4,16,1,454.88
indexer,256,8192,4,32,1,455.808
indexer,256,8192,4,64,1,456.45
indexer,256,8192,4,128,1,454.307
indexer,256,8192,4,256,1,455.231
indexer,256,8192,4,512,1,457.314
indexer,256,8192,4,1024,1,460.32
indexer,256,8192,4,2048,1,464.416
indexer,256,8192,4,4096,1,467.872
indexer,256,8192,4,8192,1,486.08
indexer,256,8192,4,16384,1,522.272
indexer,256,8192,8,16,1,455.554
indexer,256,8192,8,32,1,454.431
indexer,256,8192,8,64,1,455.872
indexer,256,8192,8,128,1,457.568
indexer,256,8192,8,256,1,457.951
indexer,256,8192,8,512,1,459.232
indexer,256,8192,8,1024,1,461.63
indexer,256,8192,8,2048,1,472.29
indexer,256,8192,8,4096,1,488.033
indexer,256,8192,8,8192,1,520.895
indexer,256,8192,8,16384,1,584.67
indexer,256,8192,16,16,1,455.328
indexer,256,8192,16,32,1,456.387
indexer,256,8192,16,64,1,455.361
indexer,256,8192,16,128,1,457.987
indexer,256,8192,16,256,1,458.015
indexer,256,8192,16,512,1,463.2
indexer,256,8192,16,1024,1,471.936
indexer,256,8192,16,2048,1,484.192
indexer,256,8192,16,4096,1,520.769
indexer,256,8192,16,8192,1,563.455
indexer,256,8192,16,16384,1,632.64
indexer,256,8192,32,16,1,460.64
indexer,256,8192,32,32,1,460.127
indexer,256,8192,32,64,1,459.2
indexer,256,8192,32,128,1,459.648
indexer,256,8192,32,256,1,466.658
indexer,256,8192,32,512,1,474.659
indexer,256,8192,32,1024,1,481.726
indexer,256,8192,32,2048,1,517.41
indexer,256,8192,32,4096,1,577.216
indexer,256,8192,32,8192,1,631.552
indexer,256,8192,32,16384,1,828.225
indexer,256,8192,64,16,1,463.521
indexer,256,8192,64,32,1,462.813
indexer,256,8192,64,64,1,463.394
indexer,256,8192,64,128,1,472.128
indexer,256,8192,64,256,1,481.854
indexer,256,8192,64,512,1,486.849
indexer,256,8192,64,1024,1,520.8
indexer,256,8192,64,2048,1,540.287
indexer,256,8192,64,4096,1,626.882
indexer,256,8192,64,8192,1,833.827
indexer,256,8192,64,16384,1,1189.92
indexer,256,8192,128,16,1,474.34
indexer,256,8192,128,32,1,473.409
indexer,256,8192,128,64,1,473.568
indexer,256,8192,128,128,1,482.559
indexer,256,8192,128,256,1,482.272
indexer,256,8192,128,512,1,501.599
indexer,256,8192,128,1024,1,547.552
indexer,256,8192,128,2048,1,640.353
indexer,256,8192,128,4096,1,853.474
indexer,256,8192,128,8192,1,1182.53
indexer,256,8192,128,16384,1,1860.77
indexer,256,16384,0,0,1,831.296
indexer,256,16384,1,16,1,864.734
indexer,256,16384,1,32,1,863.904
indexer,256,16384,1,64,1,863.456
indexer,256,16384,1,128,1,863.651
indexer,256,16384,1,256,1,863.072
indexer,256,16384,1,512,1,864.096
indexer,256,16384,1,1024,1,862.561
indexer,256,16384,1,2048,1,863.585
indexer,256,16384,1,4096,1,866.336
indexer,256,16384,1,8192,1,869.473
indexer,256,16384,1,16384,1,879.682
indexer,256,16384,2,16,1,858.622
indexer,256,16384,2,32,1,857.763
indexer,256,16384,2,64,1,860.067
indexer,256,16384,2,128,1,859.904
indexer,256,16384,2,256,1,858.399
indexer,256,16384,2,512,1,859.264
indexer,256,16384,2,1024,1,860.032
indexer,256,16384,2,2048,1,860.673
indexer,256,16384,2,4096,1,863.681
indexer,256,16384,2,8192,1,873.568
indexer,256,16384,2,16384,1,889.572
indexer,256,16384,4,16,1,856.096
indexer,256,16384,4,32,1,856.768
indexer,256,16384,4,64,1,857.569
indexer,256,16384,4,128,1,855.875
indexer,256,16384,4,256,1,855.904
indexer,256,16384,4,512,1,858.753
indexer,256,16384,4,1024,1,858.623
indexer,256,16384,4,2048,1,863.071
indexer,256,16384,4,4096,1,871.648
indexer,256,16384,4,8192,1,889.472
indexer,256,16384,4,16384,1,923.65
indexer,256,16384,8,16,1,856.033
indexer,256,16384,8,32,1,857.566
indexer,256,16384,8,64,1,856.993
indexer,256,16384,8,128,1,858.656
indexer,256,16384,8,256,1,857.702
indexer,256,16384,8,512,1,859.775
indexer,256,16384,8,1024,1,864.384
indexer,256,16384,8,2048,1,872.416
indexer,256,16384,8,4096,1,887.937
indexer,256,16384,8,8192,1,929.949
indexer,256,16384,8,16384,1,986.207
indexer,256,16384,16,16,1,858.144
indexer,256,16384,16,32,1,857.409
indexer,256,16384,16,64,1,858.24
indexer,256,16384,16,128,1,859.523
indexer,256,16384,16,256,1,859.035
indexer,256,16384,16,512,1,864.576
indexer,256,16384,16,1024,1,874.559
indexer,256,16384,16,2048,1,885.184
indexer,256,16384,16,4096,1,923.521
indexer,256,16384,16,8192,1,986.526
indexer,256,16384,16,16384,1,1036
indexer,256,16384,32,16,1,860.767
indexer,256,16384,32,32,1,861.665
indexer,256,16384,32,64,1,860.771
indexer,256,16384,32,128,1,862.622
indexer,256,16384,32,256,1,868.001
indexer,256,16384,32,512,1,879.426
indexer,256,16384,32,1024,1,882.913
indexer,256,16384,32,2048,1,919.554
indexer,256,16384,32,4096,1,979.585
indexer,256,16384,32,8192,1,1031.52
indexer,256,16384,32,16384,1,1230.88
indexer,256,16384,64,16,1,864.45
indexer,256,16384,64,32,1,864.289
indexer,256,16384,64,64,1,863.517
indexer,256,16384,64,128,1,872.675
indexer,256,16384,64,256,1,882.817
indexer,256,16384,64,512,1,885.864
indexer,256,16384,64,1024,1,920.578
indexer,256,16384,64,2048,1,934.623
indexer,256,16384,64,4096,1,1028.29
indexer,256,16384,64,8192,1,1235.01
indexer,256,16384,64,16384,1,1586.88
indexer,256,16384,128,16,1,874.336
indexer,256,16384,128,32,1,874.752
indexer,256,16384,128,64,1,875.711
indexer,256,16384,128,128,1,884.192
indexer,256,16384,128,256,1,881.762
indexer,256,16384,128,512,1,901.44
indexer,256,16384,128,1024,1,949.984
indexer,256,16384,128,2048,1,1038.08
indexer,256,16384,128,4096,1,1255.97
indexer,256,16384,128,8192,1,1581.95
indexer,256,16384,128,16384,1,2263.01
indexer,512,0,0,0,1,43.234
indexer,512,0,1,16,1,75.746
indexer,512,0,1,32,1,75.04
indexer,512,0,1,64,1,75.967
indexer,512,0,1,128,1,76.767
indexer,512,0,1,256,1,76.45
indexer,512,0,1,512,1,74.912
indexer,512,0,1,1024,1,75.68
indexer,512,0,1,2048,1,77.696
indexer,512,0,1,4096,1,78.913
indexer,512,0,1,8192,1,83.33
indexer,512,0,1,16384,1,91.841
indexer,512,0,2,16,1,71.424
indexer,512,0,2,32,1,72.067
indexer,512,0,2,64,1,72.864
indexer,512,0,2,128,1,71.905
indexer,512,0,2,256,1,71.267
indexer,512,0,2,512,1,72.578
indexer,512,0,2,1024,1,73.408
indexer,512,0,2,2048,1,75.936
indexer,512,0,2,4096,1,78.24
indexer,512,0,2,8192,1,89.31
indexer,512,0,2,16384,1,104.895
indexer,512,0,4,16,1,69.984
indexer,512,0,4,32,1,69.761
indexer,512,0,4,64,1,68.478
indexer,512,0,4,128,1,70.176
indexer,512,0,4,256,1,71.071
indexer,512,0,4,512,1,71.552
indexer,512,0,4,1024,1,73.665
indexer,512,0,4,2048,1,77.024
indexer,512,0,4,4096,1,85.697
indexer,512,0,4,8192,1,102.21
indexer,512,0,4,16384,1,138.339
indexer,512,0,8,16,1,70.879
indexer,512,0,8,32,1,71.007
indexer,512,0,8,64,1,70.304
indexer,512,0,8,128,1,71.806
indexer,512,0,8,256,1,72.158
indexer,512,0,8,512,1,71.104
indexer,512,0,8,1024,1,79.169
indexer,512,0,8,2048,1,86.208
indexer,512,0,8,4096,1,102.688
indexer,512,0,8,8192,1,138.594
indexer,512,0,8,16384,1,200.735
indexer,512,0,16,16,1,70.685
indexer,512,0,16,32,1,71.201
indexer,512,0,16,64,1,71.264
indexer,512,0,16,128,1,71.906
indexer,512,0,16,256,1,72.96
indexer,512,0,16,512,1,78.21
indexer,512,0,16,1024,1,86.272
indexer,512,0,16,2048,1,97.856
indexer,512,0,16,4096,1,139.038
indexer,512,0,16,8192,1,200.224
indexer,512,0,16,16384,1,252.513
indexer,512,0,32,16,1,71.395
indexer,512,0,32,32,1,71.201
indexer,512,0,32,64,1,71.681
indexer,512,0,32,128,1,75.424
indexer,512,0,32,256,1,79.616
indexer,512,0,32,512,1,88.74
indexer,512,0,32,1024,1,94.785
indexer,512,0,32,2048,1,131.07
indexer,512,0,32,4096,1,193.859
indexer,512,0,32,8192,1,249.216
indexer,512,0,32,16384,1,459.17
indexer,512,0,64,16,1,76.798
indexer,512,0,64,32,1,76.608
indexer,512,0,64,64,1,76.416
indexer,512,0,64,128,1,84.448
indexer,512,0,64,256,1,94.305
indexer,512,0,64,512,1,97.505
indexer,512,0,64,1024,1,134.496
indexer,512,0,64,2048,1,160.128
indexer,512,0,64,4096,1,245.281
indexer,512,0,64,8192,1,466.432
indexer,512,0,64,16384,1,824.289
indexer,512,0,128,16,1,86.051
indexer,512,0,128,32,1,87.422
indexer,512,0,128,64,1,86.016
indexer,512,0,128,128,1,93.761
indexer,512,0,128,256,1,95.617
indexer,512,0,128,512,1,117.154
indexer,512,0,128,1024,1,164.896
indexer,512,0,128,2048,1,258.623
indexer,512,0,128,4096,1,480.003
indexer,512,0,128,8192,1,819.712
indexer,512,0,128,16384,1,1510.94
indexer,512,16,0,0,1,49.12
indexer,512,16,1,16,1,81.312
indexer,512,16,1,32,1,82.048
indexer,512,16,1,64,1,82.079
indexer,512,16,1,128,1,82.655
indexer,512,16,1,256,1,79.424
indexer,512,16,1,512,1,82.404
indexer,512,16,1,1024,1,81.823
indexer,512,16,1,2048,1,82.88
indexer,512,16,1,4096,1,85.217
indexer,512,16,1,8192,1,88.704
indexer,512,16,1,16384,1,98.432
indexer,512,16,2,16,1,77.985
indexer,512,16,2,32,1,78.207
indexer,512,16,2,64,1,78.208
indexer,512,16,2,128,1,78.24
indexer,512,16,2,256,1,78.302
indexer,512,16,2,512,1,78.849
indexer,512,16,2,1024,1,79.776
indexer,512,16,2,2048,1,73.952
indexer,512,16,2,4096,1,85.121
indexer,512,16,2,8192,1,94.88
indexer,512,16,2,16384,1,111.039
indexer,512,16,4,16,1,76.32
indexer,512,16,4,32,1,74.531
indexer,512,16,4,64,1,76.191
indexer,512,16,4,128,1,76.225
indexer,512,16,4,256,1,76.512
indexer,512,16,4,512,1,77.984
indexer,512,16,4,1024,1,78.912
indexer,512,16,4,2048,1,84.16
indexer,512,16,4,4096,1,94.176
indexer,512,16,4,8192,1,106.688
indexer,512,16,4,16384,1,144.064
indexer,512,16,8,16,1,76.831
indexer,512,16,8,32,1,76.511
indexer,512,16,8,64,1,77.151
indexer,512,16,8,128,1,77.375
indexer,512,16,8,256,1,77.728
indexer,512,16,8,512,1,80.574
indexer,512,16,8,1024,1,83.296
indexer,512,16,8,2048,1,91.968
indexer,512,16,8,4096,1,108.384
indexer,512,16,8,8192,1,143.904
indexer,512,16,8,16384,1,205.696
indexer,512,16,16,16,1,78.211
indexer,512,16,16,32,1,77.186
indexer,512,16,16,64,1,77.283
indexer,512,16,16,128,1,78.56
indexer,512,16,16,256,1,79.776
indexer,512,16,16,512,1,83.839
indexer,512,16,16,1024,1,92.544
indexer,512,16,16,2048,1,105.375
indexer,512,16,16,4096,1,142.88
indexer,512,16,16,8192,1,207.04
indexer,512,16,16,16384,1,258.593
indexer,512,16,32,16,1,77.987
indexer,512,16,32,32,1,78.271
indexer,512,16,32,64,1,78.56
indexer,512,16,32,128,1,81.44
indexer,512,16,32,256,1,86.21
indexer,512,16,32,512,1,93.632
indexer,512,16,32,1024,1,101.024
indexer,512,16,32,2048,1,137.697
indexer,512,16,32,4096,1,198.847
indexer,512,16,32,8192,1,253.6
indexer,512,16,32,16384,1,462.016
indexer,512,16,64,16,1,83.166
indexer,512,16,64,32,1,82.722
indexer,512,16,64,64,1,82.976
indexer,512,16,64,128,1,91.872
indexer,512,16,64,256,1,101.375
indexer,512,16,64,512,1,103.937
indexer,512,16,64,1024,1,141.28
indexer,512,16,64,2048,1,159.424
indexer,512,16,64,4096,1,248.735
indexer,512,16,64,8192,1,470.143
indexer,512,16,64,16384,1,832.034
indexer,512,16,128,16,1,93.184
indexer,512,16,128,32,1,93.985
indexer,512,16,128,64,1,92.96
indexer,512,16,128,128,1,101.758
indexer,512,16,128,256,1,101.759
indexer,512,16,128,512,1,122.146
indexer,512,16,128,1024,1,173.121
indexer,512,16,128,2048,1,258.785
indexer,512,16,128,4096,1,485.598
indexer,512,16,128,8192,1,821.567
indexer,512,16,128,16384,1,1501.86
indexer,512,32,0,0,1,49.504
indexer,512,32,1,16,1,82.239
indexer,512,32,1,32,1,82.496
indexer,512,32,1,64,1,82.273
indexer,512,32,1,128,1,79.65
indexer,512,32,1,256,1,82.144
indexer,512,32,1,512,1,82.079
indexer,512,32,1,1024,1,82.208
indexer,512,32,1,2048,1,83.968
indexer,512,32,1,4096,1,82.495
indexer,512,32,1,8192,1,89.854
indexer,512,32,1,16384,1,97.436
indexer,512,32,2,16,1,78.399
indexer,512,32,2,32,1,78.015
indexer,512,32,2,64,1,78.816
indexer,512,32,2,128,1,79.008
indexer,512,32,2,256,1,78.528
indexer,512,32,2,512,1,78.817
indexer,512,32,2,1024,1,77.952
indexer,512,32,2,2048,1,81.698
indexer,512,32,2,4096,1,85.185
indexer,512,32,2,8192,1,95.613
indexer,512,32,2,16384,1,109.506
indexer,512,32,4,16,1,77.087
indexer,512,32,4,32,1,76.224
indexer,512,32,4,64,1,76.163
indexer,512,32,4,128,1,77.022
indexer,512,32,4,256,1,76.192
indexer,512,32,4,512,1,77.599
indexer,512,32,4,1024,1,79.296
indexer,512,32,4,2048,1,83.136
indexer,512,32,4,4096,1,92.67
indexer,512,32,4,8192,1,107.233
indexer,512,32,4,16384,1,144.961
indexer,512,32,8,16,1,77.344
indexer,512,32,8,32,1,77.026
indexer,512,32,8,64,1,76.832
indexer,512,32,8,128,1,78.08
indexer,512,32,8,256,1,78.048
indexer,512,32,8,512,1,78.785
indexer,512,32,8,1024,1,83.935
indexer,512,32,8,2048,1,92.256
indexer,512,32,8,4096,1,107.266
indexer,512,32,8,8192,1,144.288
indexer,512,32,8,16384,1,204.704
indexer,512,32,16,16,1,78.016
indexer,512,32,16,32,1,75.041
indexer,512,32,16,64,1,77.504
indexer,512,32,16,128,1,78.08
indexer,512,32,16,256,1,79.264
indexer,512,32,16,512,1,83.261
indexer,512,32,16,1024,1,92.384
indexer,512,32,16,2048,1,107.522
indexer,512,32,16,4096,1,141.791
indexer,512,32,16,8192,1,208.031
indexer,512,32,16,16384,1,259.616
indexer,512,32,32,16,1,77.569
indexer,512,32,32,32,1,77.824
indexer,512,32,32,64,1,77.793
indexer,512,32,32,128,1,81.379
indexer,512,32,32,256,1,85.409
indexer,512,32,32,512,1,93.698
indexer,512,32,32,1024,1,101.408
indexer,512,32,32,2048,1,138.561
indexer,512,32,32,4096,1,198.308
indexer,512,32,32,8192,1,256.288
indexer,512,32,32,16384,1,461.377
indexer,512,32,64,16,1,83.424
indexer,512,32,64,32,1,83.166
indexer,512,32,64,64,1,83.453
indexer,512,32,64,128,1,90.817
indexer,512,32,64,256,1,101.664
indexer,512,32,64,512,1,103.455
indexer,512,32,64,1024,1,140.831
indexer,512,32,64,2048,1,158.689
indexer,512,32,64,4096,1,248.929
indexer,512,32,64,8192,1,475.844
indexer,512,32,64,16384,1,828.161
indexer,512,32,128,16,1,91.873
indexer,512,32,128,32,1,93.439
indexer,512,32,128,64,1,92.416
indexer,512,32,128,128,1,102.914
indexer,512,32,128,256,1,101.568
indexer,512,32,128,512,1,122.303
indexer,512,32,128,1024,1,171.646
indexer,512,32,128,2048,1,260.097
indexer,512,32,128,4096,1,483.168
indexer,512,32,128,8192,1,828.448
indexer,512,32,128,16384,1,1502.12
indexer,512,64,0,0,1,49.506
indexer,512,64,1,16,1,82.24
indexer,512,64,1,32,1,81.727
indexer,512,64,1,64,1,79.457
indexer,512,64,1,128,1,81.344
indexer,512,64,1,256,1,81.952
indexer,512,64,1,512,1,81.697
indexer,512,64,1,1024,1,81.345
indexer,512,64,1,2048,1,83.169
indexer,512,64,1,4096,1,84.799
indexer,512,64,1,8192,1,89.569
indexer,512,64,1,16384,1,97.662
indexer,512,64,2,16,1,76.094
indexer,512,64,2,32,1,77.887
indexer,512,64,2,64,1,77.823
indexer,512,64,2,128,1,77.728
indexer,512,64,2,256,1,77.663
indexer,512,64,2,512,1,77.503
indexer,512,64,2,1024,1,77.152
indexer,512,64,2,2048,1,80.833
indexer,512,64,2,4096,1,85.216
indexer,512,64,2,8192,1,93.597
indexer,512,64,2,16384,1,110.688
indexer,512,64,4,16,1,76.384
indexer,512,64,4,32,1,76.288
indexer,512,64,4,64,1,76.001
indexer,512,64,4,128,1,74.142
indexer,512,64,4,256,1,77.088
indexer,512,64,4,512,1,77.251
indexer,512,64,4,1024,1,79.328
indexer,512,64,4,2048,1,82.913
indexer,512,64,4,4096,1,92.25
indexer,512,64,4,8192,1,108.417
indexer,512,64,4,16384,1,144.545
indexer,512,64,8,16,1,76.894
indexer,512,64,8,32,1,76.096
indexer,512,64,8,64,1,76.482
indexer,512,64,8,128,1,73.442
indexer,512,64,8,256,1,77.125
indexer,512,64,8,512,1,78.848
indexer,512,64,8,1024,1,83.902
indexer,512,64,8,2048,1,91.521
indexer,512,64,8,4096,1,108.222
indexer,512,64,8,8192,1,145.501
indexer,512,64,8,16384,1,203.904
indexer,512,64,16,16,1,70.18
indexer,512,64,16,32,1,77.279
indexer,512,64,16,64,1,77.28
indexer,512,64,16,128,1,77.792
indexer,512,64,16,256,1,79.201
indexer,512,64,16,512,1,83.841
indexer,512,64,16,1024,1,91.456
indexer,512,64,16,2048,1,104.771
indexer,512,64,16,4096,1,143.872
indexer,512,64,16,8192,1,204.515
indexer,512,64,16,16384,1,258.592
indexer,512,64,32,16,1,77.377
indexer,512,64,32,32,1,76.96
indexer,512,64,32,64,1,77.473
indexer,512,64,32,128,1,81.539
indexer,512,64,32,256,1,85.602
indexer,512,64,32,512,1,93.823
indexer,512,64,32,1024,1,101.792
indexer,512,64,32,2048,1,137.024
indexer,512,64,32,4096,1,198.752
indexer,512,64,32,8192,1,255.714
indexer,512,64,32,16384,1,459.041
indexer,512,64,64,16,1,79.711
indexer,512,64,64,32,1,82.339
indexer,512,64,64,64,1,81.952
indexer,512,64,64,128,1,91.168
indexer,512,64,64,256,1,98.912
indexer,512,64,64,512,1,105.442
indexer,512,64,64,1024,1,141.375
indexer,512,64,64,2048,1,158.912
indexer,512,64,64,4096,1,246.594
indexer,512,64,64,8192,1,470.56
indexer,512,64,64,16384,1,833.122
indexer,512,64,128,16,1,92.928
indexer,512,64,128,32,1,91.168
indexer,512,64,128,64,1,91.838
indexer,512,64,128,128,1,100.064
indexer,512,64,128,256,1,101.821
indexer,512,64,128,512,1,121.471
indexer,512,64,128,1024,1,171.14
indexer,512,64,128,2048,1,259.265
indexer,512,64,128,4096,1,483.297
indexer,512,64,128,8192,1,828.993
indexer,512,64,128,16384,1,1505.28
indexer,512,128,0,0,1,49.281
indexer,512,128,1,16,1,79.872
indexer,512,128,1,32,1,82.111
indexer,512,128,1,64,1,81.887
indexer,512,128,1,128,1,82.208
indexer,512,128,1,256,1,82.496
indexer,512,128,1,512,1,80.255
indexer,512,128,1,1024,1,82.464
indexer,512,128,1,2048,1,83.936
indexer,512,128,1,4096,1,85.344
indexer,512,128,1,8192,1,89.632
indexer,512,128,1,16384,1,97.856
indexer,512,128,2,16,1,78.56
indexer,512,128,2,32,1,78.017
indexer,512,128,2,64,1,78.624
indexer,512,128,2,128,1,77.505
indexer,512,128,2,256,1,78.592
indexer,512,128,2,512,1,78.656
indexer,512,128,2,1024,1,80.385
indexer,512,128,2,2048,1,81.344
indexer,512,128,2,4096,1,84.449
indexer,512,128,2,8192,1,94.719
indexer,512,128,2,16384,1,110.69
indexer,512,128,4,16,1,76.321
indexer,512,128,4,32,1,76.448
indexer,512,128,4,64,1,76.546
indexer,512,128,4,128,1,75.936
indexer,512,128,4,256,1,77.345
indexer,512,128,4,512,1,77.536
indexer,512,128,4,1024,1,79.456
indexer,512,128,4,2048,1,84.128
indexer,512,128,4,4096,1,91.104
indexer,512,128,4,8192,1,106.817
indexer,512,128,4,16384,1,144.545
indexer,512,128,8,16,1,76.385
indexer,512,128,8,32,1,77.279
indexer,512,128,8,64,1,77.187
indexer,512,128,8,128,1,77.888
indexer,512,128,8,256,1,77.537
indexer,512,128,8,512,1,78.755
indexer,512,128,8,1024,1,84.316
indexer,512,128,8,2048,1,92.8
indexer,512,128,8,4096,1,109.152
indexer,512,128,8,8192,1,143.711
indexer,512,128,8,16384,1,206.655
indexer,512,128,16,16,1,77.151
indexer,512,128,16,32,1,77.566
indexer,512,128,16,64,1,76.992
indexer,512,128,16,128,1,78.08
indexer,512,128,16,256,1,79.649
indexer,512,128,16,512,1,84.605
indexer,512,128,16,1024,1,92.831
indexer,512,128,16,2048,1,107.007
indexer,512,128,16,4096,1,142.594
indexer,512,128,16,8192,1,206.753
indexer,512,128,16,16384,1,259.395
indexer,512,128,32,16,1,77.951
indexer,512,128,32,32,1,77.888
indexer,512,128,32,64,1,76.574
indexer,512,128,32,128,1,82.176
indexer,512,128,32,256,1,86.846
indexer,512,128,32,512,1,94.496
indexer,512,128,32,1024,1,101.344
indexer,512,128,32,2048,1,138.593
indexer,512,128,32,4096,1,198.047
indexer,512,128,32,8192,1,252.064
indexer,512,128,32,16384,1,465.696
indexer,512,128,64,16,1,82.592
indexer,512,128,64,32,1,82.947
indexer,512,128,64,64,1,83.007
indexer,512,128,64,128,1,92.191
indexer,512,128,64,256,1,100.674
indexer,512,128,64,512,1,104.64
indexer,512,128,64,1024,1,142.272
indexer,512,128,64,2048,1,158.655
indexer,512,128,64,4096,1,248.639
indexer,512,128,64,8192,1,471.36
indexer,512,128,64,16384,1,834.016
indexer,512,128,128,16,1,92.769
indexer,512,128,128,32,1,92.576
indexer,512,128,128,64,1,92.354
indexer,512,128,128,128,1,101.826
indexer,512,128,128,256,1,102.433
indexer,512,128,128,512,1,121.632
indexer,512,128,128,1024,1,171.04
indexer,512,128,128,2048,1,261.762
indexer,512,128,128,4096,1,485.664
indexer,512,128,128,8192,1,827.138
indexer,512,128,128,16384,1,1506.15
indexer,512,256,0,0,1,55.904
indexer,512,256,1,16,1,87.969
indexer,512,256,1,32,1,87.713
indexer,512,256,1,64,1,88.414
indexer,512,256,1,128,1,88.159
indexer,512,256,1,256,1,87.68
indexer,512,256,1,512,1,88.288
indexer,512,256,1,1024,1,88.416
indexer,512,256,1,2048,1,90.017
indexer,512,256,1,4096,1,90.912
indexer,512,256,1,8192,1,96.448
indexer,512,256,1,16384,1,105.089
indexer,512,256,2,16,1,84.705
indexer,512,256,2,32,1,84.48
indexer,512,256,2,64,1,83.748
indexer,512,256,2,128,1,84.608
indexer,512,256,2,256,1,84.257
indexer,512,256,2,512,1,84.835
indexer,512,256,2,1024,1,85.856
indexer,512,256,2,2048,1,87.84
indexer,512,256,2,4096,1,92.898
indexer,512,256,2,8192,1,101.123
indexer,512,256,2,16384,1,116.48
indexer,512,256,4,16,1,81.888
indexer,512,256,4,32,1,82.624
indexer,512,256,4,64,1,82.528
indexer,512,256,4,128,1,82.56
indexer,512,256,4,256,1,83.078
indexer,512,256,4,512,1,83.617
indexer,512,256,4,1024,1,84.831
indexer,512,256,4,2048,1,91.006
indexer,512,256,4,4096,1,93.695
indexer,512,256,4,8192,1,113.632
indexer,512,256,4,16384,1,152.354
indexer,512,256,8,16,1,82.592
indexer,512,256,8,32,1,83.395
indexer,512,256,8,64,1,82.879
indexer,512,256,8,128,1,83.36
indexer,512,256,8,256,1,84.16
indexer,512,256,8,512,1,85.44
indexer,512,256,8,1024,1,90.944
indexer,512,256,8,2048,1,100.032
indexer,512,256,8,4096,1,113.503
indexer,512,256,8,8192,1,149.663
indexer,512,256,8,16384,1,213.857
indexer,512,256,16,16,1,83.618
indexer,512,256,16,32,1,83.394
indexer,512,256,16,64,1,83.647
indexer,512,256,16,128,1,84.128
indexer,512,256,16,256,1,85.693
indexer,512,256,16,512,1,89.277
indexer,512,256,16,1024,1,98.526
indexer,512,256,16,2048,1,111.136
indexer,512,256,16,4096,1,149.088
indexer,512,256,16,8192,1,214.56
indexer,512,256,16,16384,1,262.943
indexer,512,256,32,16,1,84.896
indexer,512,256,32,32,1,84.512
indexer,512,256,32,64,1,83.873
indexer,512,256,32,128,1,87.392
indexer,512,256,32,256,1,91.423
indexer,512,256,32,512,1,100.608
indexer,512,256,32,1024,1,107.007
indexer,512,256,32,2048,1,143.679
indexer,512,256,32,4096,1,206.211
indexer,512,256,32,8192,1,259.458
indexer,512,256,32,16384,1,470.656
indexer,512,256,64,16,1,88.895
indexer,512,256,64,32,1,88.384
indexer,512,256,64,64,1,88.097
indexer,512,256,64,128,1,97.057
indexer,512,256,64,256,1,106.786
indexer,512,256,64,512,1,112.8
indexer,512,256,64,1024,1,147.101
indexer,512,256,64,2048,1,167.037
indexer,512,256,64,4096,1,255.166
indexer,512,256,64,8192,1,476.928
indexer,512,256,64,16384,1,836.126
indexer,512,256,128,16,1,97.536
indexer,512,256,128,32,1,99.646
indexer,512,256,128,64,1,97.567
indexer,512,256,128,128,1,109.599
indexer,512,256,128,256,1,109.056
indexer,512,256,128,512,1,128.48
indexer,512,256,128,1024,1,177.697
indexer,512,256,128,2048,1,268.383
indexer,512,256,128,4096,1,491.135
indexer,512,256,128,8192,1,828.837
indexer,512,256,128,16384,1,1512.9
indexer,512,512,0,0,1,68
indexer,512,512,1,16,1,100.641
indexer,512,512,1,32,1,100.639
indexer,512,512,1,64,1,100.256
indexer,512,512,1,128,1,100.928
indexer,512,512,1,256,1,101.026
indexer,512,512,1,512,1,100.48
indexer,512,512,1,1024,1,100.798
indexer,512,512,1,2048,1,102.271
indexer,512,512,1,4096,1,103.871
indexer,512,512,1,8192,1,104.129
indexer,512,512,1,16384,1,117.246
indexer,512,512,2,16,1,97.215
indexer,512,512,2,32,1,97.088
indexer,512,512,2,64,1,96.896
indexer,512,512,2,128,1,96.706
indexer,512,512,2,256,1,96.604
indexer,512,512,2,512,1,95.97
indexer,512,512,2,1024,1,97.986
indexer,512,512,2,2048,1,99.678
indexer,512,512,2,4096,1,103.331
indexer,512,512,2,8192,1,113.024
indexer,512,512,2,16384,1,128.544
indexer,512,512,4,16,1,94.4
indexer,512,512,4,32,1,94.973
indexer,512,512,4,64,1,95.392
indexer,512,512,4,128,1,94.27
indexer,512,512,4,256,1,95.709
indexer,512,512,4,512,1,95.551
indexer,512,512,4,1024,1,97.151
indexer,512,512,4,2048,1,102.048
indexer,512,512,4,4096,1,111.137
indexer,512,512,4,8192,1,127.65
indexer,512,512,4,16384,1,161.982
indexer,512,512,8,16,1,95.17
indexer,512,512,8,32,1,95.2
indexer,512,512,8,64,1,95.136
indexer,512,512,8,128,1,95.454
indexer,512,512,8,256,1,96.576
indexer,512,512,8,512,1,98.049
indexer,512,512,8,1024,1,96.224
indexer,512,512,8,2048,1,111.105
indexer,512,512,8,4096,1,126.082
indexer,512,512,8,8192,1,162.88
indexer,512,512,8,16384,1,223.712
indexer,512,512,16,16,1,95.457
indexer,512,512,16,32,1,95.808
indexer,512,512,16,64,1,95.84
indexer,512,512,16,128,1,96.544
indexer,512,512,16,256,1,98.366
indexer,512,512,16,512,1,101.952
indexer,512,512,16,1024,1,112.26
indexer,512,512,16,2048,1,123.551
indexer,512,512,16,4096,1,161.378
indexer,512,512,16,8192,1,225.024
indexer,512,512,16,16384,1,272.705
indexer,512,512,32,16,1,96.544
indexer,512,512,32,32,1,96.736
indexer,512,512,32,64,1,96.959
indexer,512,512,32,128,1,99.935
indexer,512,512,32,256,1,104.576
indexer,512,512,32,512,1,114.338
indexer,512,512,32,1024,1,120.385
indexer,512,512,32,2048,1,157.31
indexer,512,512,32,4096,1,218.912
indexer,512,512,32,8192,1,274.015
indexer,512,512,32,16384,1,480.865
indexer,512,512,64,16,1,101.44
indexer,512,512,64,32,1,101.121
indexer,512,512,64,64,1,101.503
indexer,512,512,64,128,1,110.752
indexer,512,512,64,256,1,119.103
indexer,512,512,64,512,1,123.681
indexer,512,512,64,1024,1,160.033
indexer,512,512,64,2048,1,179.52
indexer,512,512,64,4096,1,266.847
indexer,512,512,64,8192,1,487.554
indexer,512,512,64,16384,1,847.776
indexer,512,512,128,16,1,111.49
indexer,512,512,128,32,1,111.998
indexer,512,512,128,64,1,111.454
indexer,512,512,128,128,1,122.56
indexer,512,512,128,256,1,121.313
indexer,512,512,128,512,1,141.763
indexer,512,512,128,1024,1,189.791
indexer,512,512,128,2048,1,279.583
indexer,512,512,128,4096,1,502.786
indexer,512,512,128,8192,1,846.114
indexer,512,512,128,16384,1,1529.32
indexer,512,1024,0,0,1,93.054
indexer,512,1024,1,16,1,125.697
indexer,512,1024,1,32,1,125.152
indexer,512,1024,1,64,1,125.44
indexer,512,1024,1,128,1,125.664
indexer,512,1024,1,256,1,125.568
indexer,512,1024,1,512,1,126.556
indexer,512,1024,1,1024,1,126.112
indexer,512,1024,1,2048,1,127.551
indexer,512,1024,1,4096,1,129.151
indexer,512,1024,1,8192,1,132.128
indexer,512,1024,1,16384,1,142.336
indexer,512,1024,2,16,1,122.047
indexer,512,1024,2,32,1,121.568
indexer,512,1024,2,64,1,122.111
indexer,512,1024,2,128,1,122.208
indexer,512,1024,2,256,1,121.185
indexer,512,1024,2,512,1,121.984
indexer,512,1024,2,1024,1,123.104
indexer,512,1024,2,2048,1,125.251
indexer,512,1024,2,4096,1,128.865
indexer,512,1024,2,8192,1,139.138
indexer,512,1024,2,16384,1,152.481
indexer,512,1024,4,16,1,119.649
indexer,512,1024,4,32,1,119.358
indexer,512,1024,4,64,1,119.614
indexer,512,1024,4,128,1,119.711
indexer,512,1024,4,256,1,120.288
indexer,512,1024,4,512,1,121.279
indexer,512,1024,4,1024,1,122.626
indexer,512,1024,4,2048,1,127.553
indexer,512,1024,4,4096,1,135.424
indexer,512,1024,4,8192,1,143.999
indexer,512,1024,4,16384,1,187.713
indexer,512,1024,8,16,1,118.4
indexer,512,1024,8,32,1,120.895
indexer,512,1024,8,64,1,120.958
indexer,512,1024,8,128,1,121.6
indexer,512,1024,8,256,1,121.312
indexer,512,1024,8,512,1,123.142
indexer,512,1024,8,1024,1,128.448
indexer,512,1024,8,2048,1,136.544
indexer,512,1024,8,4096,1,150.625
indexer,512,1024,8,8192,1,188.16
indexer,512,1024,8,16384,1,249.184
indexer,512,1024,16,16,1,120.513
indexer,512,1024,16,32,1,120.421
indexer,512,1024,16,64,1,120.993
indexer,512,1024,16,128,1,121.537
indexer,512,1024,16,256,1,123.203
indexer,512,1024,16,512,1,127.168
indexer,512,1024,16,1024,1,135.838
indexer,512,1024,16,2048,1,149.535
indexer,512,1024,16,4096,1,185.346
indexer,512,1024,16,8192,1,251.841
indexer,512,1024,16,16384,1,301.378
indexer,512,1024,32,16,1,121.536
indexer,512,1024,32,32,1,121.632
indexer,512,1024,32,64,1,122.433
indexer,512,1024,32,128,1,125.791
indexer,512,1024,32,256,1,128.96
indexer,512,1024,32,512,1,139.422
indexer,512,1024,32,1024,1,144.096
indexer,512,1024,32,2048,1,180.96
indexer,512,1024,32,4096,1,242.784
indexer,512,1024,32,8192,1,292.673
indexer,512,1024,32,16384,1,507.17
indexer,512,1024,64,16,1,126.882
indexer,512,1024,64,32,1,120.192
indexer,512,1024,64,64,1,126.622
indexer,512,1024,64,128,1,135.65
indexer,512,1024,64,256,1,144.031
indexer,512,1024,64,512,1,150.016
indexer,512,1024,64,1024,1,185.568
indexer,512,1024,64,2048,1,205.026
indexer,512,1024,64,4096,1,289.504
indexer,512,1024,64,8192,1,516.161
indexer,512,1024,64,16384,1,870.016
indexer,512,1024,128,16,1,136.546
indexer,512,1024,128,32,1,136.479
indexer,512,1024,128,64,1,137.154
indexer,512,1024,128,128,1,145.633
indexer,512,1024,128,256,1,145.952
indexer,512,1024,128,512,1,166.364
indexer,512,1024,128,1024,1,213.762
indexer,512,1024,128,2048,1,307.232
indexer,512,1024,128,4096,1,533.822
indexer,512,1024,128,8192,1,869.506
indexer,512,1024,128,16384,1,1553.51
indexer,512,2048,0,0,1,143.52
indexer,512,2048,1,16,1,176.639
indexer,512,2048,1,32,1,176.321
indexer,512,2048,1,64,1,176.447
indexer,512,2048,1,128,1,176.037
indexer,512,2048,1,256,1,175.231
indexer,512,2048,1,512,1,175.971
indexer,512,2048,1,1024,1,176.544
indexer,512,2048,1,2048,1,177.695
indexer,512,2048,1,4096,1,178.592
indexer,512,2048,1,8192,1,183.391
indexer,512,2048,1,16384,1,190.658
indexer,512,2048,2,16,1,172.194
indexer,512,2048,2,32,1,172.034
indexer,512,2048,2,64,1,172.192
indexer,512,2048,2,128,1,171.331
indexer,512,2048,2,256,1,171.679
indexer,512,2048,2,512,1,171.586
indexer,512,2048,2,1024,1,173.313
indexer,512,2048,2,2048,1,174.979
indexer,512,2048,2,4096,1,176.705
indexer,512,2048,2,8192,1,188.352
indexer,512,2048,2,16384,1,202.88
indexer,512,2048,4,16,1,169.856
indexer,512,2048,4,32,1,169.471
indexer,512,2048,4,64,1,170.272
indexer,512,2048,4,128,1,170.816
indexer,512,2048,4,256,1,170.687
indexer,512,2048,4,512,1,171.808
indexer,512,2048,4,1024,1,173.088
indexer,512,2048,4,2048,1,177.219
indexer,512,2048,4,4096,1,185.438
indexer,512,2048,4,8192,1,201.281
indexer,512,2048,4,16384,1,239.295
indexer,512,2048,8,16,1,170.816
indexer,512,2048,8,32,1,170.303
indexer,512,2048,8,64,1,170.881
indexer,512,2048,8,128,1,171.045
indexer,512,2048,8,256,1,170.977
indexer,512,2048,8,512,1,173.697
indexer,512,2048,8,1024,1,178.271
indexer,512,2048,8,2048,1,185.92
indexer,512,2048,8,4096,1,200.544
indexer,512,2048,8,8192,1,237.698
indexer,512,2048,8,16384,1,278.338
indexer,512,2048,16,16,1,170.786
indexer,512,2048,16,32,1,171.173
indexer,512,2048,16,64,1,170.016
indexer,512,2048,16,128,1,171.522
indexer,512,2048,16,256,1,174.463
indexer,512,2048,16,512,1,178.366
indexer,512,2048,16,1024,1,186.624
indexer,512,2048,16,2048,1,199.968
indexer,512,2048,16,4096,1,237.022
indexer,512,2048,16,8192,1,300.228
indexer,512,2048,16,16384,1,352.448
indexer,512,2048,32,16,1,171.297
indexer,512,2048,32,32,1,171.967
indexer,512,2048,32,64,1,171.713
indexer,512,2048,32,128,1,176.576
indexer,512,2048,32,256,1,180.256
indexer,512,2048,32,512,1,189.732
indexer,512,2048,32,1024,1,194.783
indexer,512,2048,32,2048,1,231.327
indexer,512,2048,32,4096,1,292.962
indexer,512,2048,32,8192,1,342.24
indexer,512,2048,32,16384,1,560.865
indexer,512,2048,64,16,1,177.187
indexer,512,2048,64,32,1,177.089
indexer,512,2048,64,64,1,177.568
indexer,512,2048,64,128,1,185.505
indexer,512,2048,64,256,1,196.352
indexer,512,2048,64,512,1,199.391
indexer,512,2048,64,1024,1,235.969
indexer,512,2048,64,2048,1,255.104
indexer,512,2048,64,4096,1,340.865
indexer,512,2048,64,8192,1,561.373
indexer,512,2048,64,16384,1,933.697
indexer,512,2048,128,16,1,186.784
indexer,512,2048,128,32,1,186.878
indexer,512,2048,128,64,1,187.746
indexer,512,2048,128,128,1,196.834
indexer,512,2048,128,256,1,196.064
indexer,512,2048,128,512,1,214.783
indexer,512,2048,128,1024,1,263.521
indexer,512,2048,128,2048,1,355.585
indexer,512,2048,128,4096,1,582.335
indexer,512,2048,128,8192,1,917.92
indexer,512,2048,128,16384,1,1606.79
indexer,512,4096,0,0,1,241.856
indexer,512,4096,1,16,1,274.944
indexer,512,4096,1,32,1,274.526
indexer,512,4096,1,64,1,275.168
indexer,512,4096,1,128,1,273.729
indexer,512,4096,1,256,1,274.431
indexer,512,4096,1,512,1,274.083
indexer,512,4096,1,1024,1,274.593
indexer,512,4096,1,2048,1,276.161
indexer,512,4096,1,4096,1,277.312
indexer,512,4096,1,8192,1,281.25
indexer,512,4096,1,16384,1,284.417
indexer,512,4096,2,16,1,270.272
indexer,512,4096,2,32,1,270.914
indexer,512,4096,2,64,1,270.529
indexer,512,4096,2,128,1,270.304
indexer,512,4096,2,256,1,270.4
indexer,512,4096,2,512,1,269.762
indexer,512,4096,2,1024,1,271.393
indexer,512,4096,2,2048,1,273.409
indexer,512,4096,2,4096,1,277.535
indexer,512,4096,2,8192,1,282.143
indexer,512,4096,2,16384,1,302.084
indexer,512,4096,4,16,1,268.96
indexer,512,4096,4,32,1,268.898
indexer,512,4096,4,64,1,267.937
indexer,512,4096,4,128,1,268.416
indexer,512,4096,4,256,1,269.281
indexer,512,4096,4,512,1,269.665
indexer,512,4096,4,1024,1,272.421
indexer,512,4096,4,2048,1,276.321
indexer,512,4096,4,4096,1,285.086
indexer,512,4096,4,8192,1,298.24
indexer,512,4096,4,16384,1,338.626
indexer,512,4096,8,16,1,268.768
indexer,512,4096,8,32,1,269.376
indexer,512,4096,8,64,1,270.048
indexer,512,4096,8,128,1,270.564
indexer,512,4096,8,256,1,270.368
indexer,512,4096,8,512,1,273.41
indexer,512,4096,8,1024,1,277.762
indexer,512,4096,8,2048,1,285.537
indexer,512,4096,8,4096,1,299.393
indexer,512,4096,8,8192,1,336.481
indexer,512,4096,8,16384,1,397.76
indexer,512,4096,16,16,1,269.728
indexer,512,4096,16,32,1,269.795
indexer,512,4096,16,64,1,269.058
indexer,512,4096,16,128,1,269.764
indexer,512,4096,16,256,1,272.353
indexer,512,4096,16,512,1,276.32
indexer,512,4096,16,1024,1,285.312
indexer,512,4096,16,2048,1,296.993
indexer,512,4096,16,4096,1,335.68
indexer,512,4096,16,8192,1,400.67
indexer,512,4096,16,16384,1,447.713
indexer,512,4096,32,16,1,270.464
indexer,512,4096,32,32,1,270.401
indexer,512,4096,32,64,1,270.592
indexer,512,4096,32,128,1,274.208
indexer,512,4096,32,256,1,278.051
indexer,512,4096,32,512,1,286.527
indexer,512,4096,32,1024,1,294.688
indexer,512,4096,32,2048,1,330.561
indexer,512,4096,32,4096,1,391.712
indexer,512,4096,32,8192,1,444.254
indexer,512,4096,32,16384,1,665.569
indexer,512,4096,64,16,1,275.013
indexer,512,4096,64,32,1,275.106
indexer,512,4096,64,64,1,276.097
indexer,512,4096,64,128,1,284.129
indexer,512,4096,64,256,1,293.536
indexer,512,4096,64,512,1,297.918
indexer,512,4096,64,1024,1,335.459
indexer,512,4096,64,2048,1,352.354
indexer,512,4096,64,4096,1,442.304
indexer,512,4096,64,8192,1,663.81
indexer,512,4096,64,16384,1,1031.39
indexer,512,4096,128,16,1,284.896
indexer,512,4096,128,32,1,284.225
indexer,512,4096,128,64,1,284.479
indexer,512,4096,128,128,1,292.96
indexer,512,4096,128,256,1,294.241
indexer,512,4096,128,512,1,315.616
indexer,512,4096,128,1024,1,365.473
indexer,512,4096,128,2048,1,456.134
indexer,512,4096,128,4096,1,676
indexer,512,4096,128,8192,1,1021.47
indexer,512,4096,128,16384,1,1695.49
indexer,512,8192,0,0,1,449.698
indexer,512,8192,1,16,1,482.24
indexer,512,8192,1,32,1,483.104
indexer,512,8192,1,64,1,482.911
indexer,512,8192,1,128,1,482.56
indexer,512,8192,1,256,1,482.659
indexer,512,8192,1,512,1,481.025
indexer,512,8192,1,1024,1,482.753
indexer,512,8192,1,2048,1,483.295
indexer,512,8192,1,4096,1,482.626
indexer,512,8192,1,8192,1,490.08
indexer,512,8192,1,16384,1,498.367
indexer,512,8192,2,16,1,478.082
indexer,512,8192,2,32,1,478.558
indexer,512,8192,2,64,1,478.367
indexer,512,8192,2,128,1,477.985
indexer,512,8192,2,256,1,478.368
indexer,512,8192,2,512,1,478.496
indexer,512,8192,2,1024,1,479.647
indexer,512,8192,2,2048,1,481.058
indexer,512,8192,2,4096,1,485.792
indexer,512,8192,2,8192,1,495.617
indexer,512,8192,2,16384,1,510.368
indexer,512,8192,4,16,1,476.704
indexer,512,8192,4,32,1,475.586
indexer,512,8192,4,64,1,476.386
indexer,512,8192,4,128,1,476.766
indexer,512,8192,4,256,1,476.644
indexer,512,8192,4,512,1,477.183
indexer,512,8192,4,1024,1,479.968
indexer,512,8192,4,2048,1,484.197
indexer,512,8192,4,4096,1,491.678
indexer,512,8192,4,8192,1,507.458
indexer,512,8192,4,16384,1,545.152
indexer,512,8192,8,16,1,477.281
indexer,512,8192,8,32,1,476.519
indexer,512,8192,8,64,1,477.472
indexer,512,8192,8,128,1,478.463
indexer,512,8192,8,256,1,478.783
indexer,512,8192,8,512,1,480.065
indexer,512,8192,8,1024,1,485.856
indexer,512,8192,8,2048,1,493.987
indexer,512,8192,8,4096,1,508.833
indexer,512,8192,8,8192,1,544.449
indexer,512,8192,8,16384,1,606.847
indexer,512,8192,16,16,1,477.633
indexer,512,8192,16,32,1,477.312
indexer,512,8192,16,64,1,477.6
indexer,512,8192,16,128,1,479.104
indexer,512,8192,16,256,1,479.489
indexer,512,8192,16,512,1,485.568
indexer,512,8192,16,1024,1,492.838
indexer,512,8192,16,2048,1,507.425
indexer,512,8192,16,4096,1,542.403
indexer,512,8192,16,8192,1,608.289
indexer,512,8192,16,16384,1,658.435
indexer,512,8192,32,16,1,478.973
indexer,512,8192,32,32,1,478.432
indexer,512,8192,32,64,1,478.592
indexer,512,8192,32,128,1,482.304
indexer,512,8192,32,256,1,486.434
indexer,512,8192,32,512,1,496.451
indexer,512,8192,32,1024,1,502.624
indexer,512,8192,32,2048,1,538.593
indexer,512,8192,32,4096,1,599.968
indexer,512,8192,32,8192,1,656.609
indexer,512,8192,32,16384,1,870.947
indexer,512,8192,64,16,1,483.52
indexer,512,8192,64,32,1,483.422
indexer,512,8192,64,64,1,483.586
indexer,512,8192,64,128,1,493.76
indexer,512,8192,64,256,1,502.112
indexer,512,8192,64,512,1,506.56
indexer,512,8192,64,1024,1,541.632
indexer,512,8192,64,2048,1,563.905
indexer,512,8192,64,4096,1,649.985
indexer,512,8192,64,8192,1,873.889
indexer,512,8192,64,16384,1,1224.42
indexer,512,8192,128,16,1,492.481
indexer,512,8192,128,32,1,494.049
indexer,512,8192,128,64,1,493.666
indexer,512,8192,128,128,1,503.489
indexer,512,8192,128,256,1,502.88
indexer,512,8192,128,512,1,523.584
indexer,512,8192,128,1024,1,571.652
indexer,512,8192,128,2048,1,662.272
indexer,512,8192,128,4096,1,891.23
indexer,512,8192,128,8192,1,1225.38
indexer,512,8192,128,16384,1,1917.7
indexer,512,16384,0,0,1,854.882
indexer,512,16384,1,16,1,887.553
indexer,512,16384,1,32,1,887.361
indexer,512,16384,1,64,1,888.003
indexer,512,16384,1,128,1,886.947
indexer,512,16384,1,256,1,887.427
indexer,512,16384,1,512,1,886.561
indexer,512,16384,1,1024,1,888.288
indexer,512,16384,1,2048,1,889.154
indexer,512,16384,1,4096,1,890.848
indexer,512,16384,1,8192,1,894.436
indexer,512,16384,1,16384,1,904.16
indexer,512,16384,2,16,1,882.723
indexer,512,16384,2,32,1,883.265
indexer,512,16384,2,64,1,882.687
indexer,512,16384,2,128,1,882.593
indexer,512,16384,2,256,1,883.329
indexer,512,16384,2,512,1,883.649
indexer,512,16384,2,1024,1,884.802
indexer,512,16384,2,2048,1,885.987
indexer,512,16384,2,4096,1,890.882
indexer,512,16384,2,8192,1,899.327
indexer,512,16384,2,16384,1,914.977
indexer,512,16384,4,16,1,880.578
indexer,512,16384,4,32,1,881.024
indexer,512,16384,4,64,1,880.577
indexer,512,16384,4,128,1,881.184
indexer,512,16384,4,256,1,882.05
indexer,512,16384,4,512,1,881.983
indexer,512,16384,4,1024,1,885.759
indexer,512,16384,4,2048,1,888.319
indexer,512,16384,4,4096,1,898.816
indexer,512,16384,4,8192,1,911.714
indexer,512,16384,4,16384,1,949.569
indexer,512,16384,8,16,1,882.433
indexer,512,16384,8,32,1,880.96
indexer,512,16384,8,64,1,881.635
indexer,512,16384,8,128,1,882.5
indexer,512,16384,8,256,1,883.36
indexer,512,16384,8,512,1,886.048
indexer,512,16384,8,1024,1,889.696
indexer,512,16384,8,2048,1,897.955
indexer,512,16384,8,4096,1,912.322
indexer,512,16384,8,8192,1,956.576
indexer,512,16384,8,16384,1,1013.18
indexer,512,16384,16,16,1,880.771
indexer,512,16384,16,32,1,880.352
indexer,512,16384,16,64,1,882.723
indexer,512,16384,16,128,1,882.753
indexer,512,16384,16,256,1,886.688
indexer,512,16384,16,512,1,889.824
indexer,512,16384,16,1024,1,898.848
indexer,512,16384,16,2048,1,910.049
indexer,512,16384,16,4096,1,936.993
indexer,512,16384,16,8192,1,1012.45
indexer,512,16384,16,16384,1,1063.72
indexer,512,16384,32,16,1,883.681
indexer,512,16384,32,32,1,884.099
indexer,512,16384,32,64,1,883.006
indexer,512,16384,32,128,1,887.397
indexer,512,16384,32,256,1,891.137
indexer,512,16384,32,512,1,901.025
indexer,512,16384,32,1024,1,906.178
indexer,512,16384,32,2048,1,943.778
indexer,512,16384,32,4096,1,1003.55
indexer,512,16384,32,8192,1,1059.52
indexer,512,16384,32,16384,1,1271.74
indexer,512,16384,64,16,1,886.523
indexer,512,16384,64,32,1,889.376
indexer,512,16384,64,64,1,888.513
indexer,512,16384,64,128,1,897.887
indexer,512,16384,64,256,1,907.042
indexer,512,16384,64,512,1,909.732
indexer,512,16384,64,1024,1,947.489
indexer,512,16384,64,2048,1,969.73
indexer,512,16384,64,4096,1,1056.03
indexer,512,16384,64,8192,1,1277.09
indexer,512,16384,64,16384,1,1641.89
indexer,512,16384,128,16,1,898.21
indexer,512,16384,128,32,1,896.609
indexer,512,16384,128,64,1,898.305
indexer,512,16384,128,128,1,906.141
indexer,512,16384,128,256,1,908.417
indexer,512,16384,128,512,1,932.129
indexer,512,16384,128,1024,1,977.664
indexer,512,16384,128,2048,1,1067.36
indexer,512,16384,128,4096,1,1296.8
indexer,512,16384,128,8192,1,1629.99
indexer,512,16384,128,16384,1,2316
indexer,1024,0,0,0,1,74.434
indexer,1024,0,1,16,1,107.392
indexer,1024,0,1,32,1,106.881
indexer,1024,0,1,64,1,106.528
indexer,1024,0,1,128,1,106.526
indexer,1024,0,1,256,1,106.592
indexer,1024,0,1,512,1,106.401
indexer,1024,0,1,1024,1,107.296
indexer,1024,0,1,2048,1,108.578
indexer,1024,0,1,4096,1,109.503
indexer,1024,0,1,8192,1,114.656
indexer,1024,0,1,16384,1,123.296
indexer,1024,0,2,16,1,102.144
indexer,1024,0,2,32,1,102.53
indexer,1024,0,2,64,1,102.4
indexer,1024,0,2,128,1,102.814
indexer,1024,0,2,256,1,102.848
indexer,1024,0,2,512,1,102.881
indexer,1024,0,2,1024,1,104.705
indexer,1024,0,2,2048,1,106.527
indexer,1024,0,2,4096,1,109.696
indexer,1024,0,2,8192,1,120.447
indexer,1024,0,2,16384,1,149.632
indexer,1024,0,4,16,1,100.034
indexer,1024,0,4,32,1,101.024
indexer,1024,0,4,64,1,100.449
indexer,1024,0,4,128,1,100.738
indexer,1024,0,4,256,1,101.187
indexer,1024,0,4,512,1,101.601
indexer,1024,0,4,1024,1,103.713
indexer,1024,0,4,2048,1,109.345
indexer,1024,0,4,4096,1,117.887
indexer,1024,0,4,8192,1,146.338
indexer,1024,0,4,16384,1,182.977
indexer,1024,0,8,16,1,101.504
indexer,1024,0,8,32,1,100.607
indexer,1024,0,8,64,1,100.835
indexer,1024,0,8,128,1,101.664
indexer,1024,0,8,256,1,102.528
indexer,1024,0,8,512,1,103.168
indexer,1024,0,8,1024,1,107.395
indexer,1024,0,8,2048,1,118.625
indexer,1024,0,8,4096,1,146.655
indexer,1024,0,8,8192,1,181.505
indexer,1024,0,8,16384,1,243.522
indexer,1024,0,16,16,1,101.377
indexer,1024,0,16,32,1,101.282
indexer,1024,0,16,64,1,101.472
indexer,1024,0,16,128,1,102.079
indexer,1024,0,16,256,1,103.777
indexer,1024,0,16,512,1,107.616
indexer,1024,0,16,1024,1,119.966
indexer,1024,0,16,2048,1,145.057
indexer,1024,0,16,4096,1,181.57
indexer,1024,0,16,8192,1,244.386
indexer,1024,0,16,16384,1,292.161
indexer,1024,0,32,16,1,102.144
indexer,1024,0,32,32,1,101.727
indexer,1024,0,32,64,1,103.041
indexer,1024,0,32,128,1,106.433
indexer,1024,0,32,256,1,110.272
indexer,1024,0,32,512,1,123.713
indexer,1024,0,32,1024,1,136.194
indexer,1024,0,32,2048,1,174.336
indexer,1024,0,32,4096,1,236.384
indexer,1024,0,32,8192,1,292.256
indexer,1024,0,32,16384,1,523.488
indexer,1024,0,64,16,1,106.049
indexer,1024,0,64,32,1,105.729
indexer,1024,0,64,64,1,107.073
indexer,1024,0,64,128,1,115.36
indexer,1024,0,64,256,1,131.328
indexer,1024,0,64,512,1,140.8
indexer,1024,0,64,1024,1,176.193
indexer,1024,0,64,2048,1,194.21
indexer,1024,0,64,4096,1,281.793
indexer,1024,0,64,8192,1,524.447
indexer,1024,0,64,16384,1,913.699
indexer,1024,0,128,16,1,115.616
indexer,1024,0,128,32,1,117.76
indexer,1024,0,128,64,1,114.721
indexer,1024,0,128,128,1,133.12
indexer,1024,0,128,256,1,130.783
indexer,1024,0,128,512,1,150.048
indexer,1024,0,128,1024,1,199.778
indexer,1024,0,128,2048,1,294.944
indexer,1024,0,128,4096,1,531.202
indexer,1024,0,128,8192,1,895.745
indexer,1024,0,128,16384,1,1580.51
indexer,1024,16,0,0,1,80.704
indexer,1024,16,1,16,1,112.48
indexer,1024,16,1,32,1,113.12
indexer,1024,16,1,64,1,113.596
indexer,1024,16,1,128,1,112.805
indexer,1024,16,1,256,1,112.992
indexer,1024,16,1,512,1,113.152
indexer,1024,16,1,1024,1,113.408
indexer,1024,16,1,2048,1,114.946
indexer,1024,16,1,4096,1,117.059
indexer,1024,16,1,8192,1,120.514
indexer,1024,16,1,16384,1,129.76
indexer,1024,16,2,16,1,109.184
indexer,1024,16,2,32,1,108.927
indexer,1024,16,2,64,1,108.192
indexer,1024,16,2,128,1,108.832
indexer,1024,16,2,256,1,108.768
indexer,1024,16,2,512,1,110.244
indexer,1024,16,2,1024,1,110.078
indexer,1024,16,2,2048,1,112.256
indexer,1024,16,2,4096,1,115.581
indexer,1024,16,2,8192,1,125.632
indexer,1024,16,2,16384,1,157.378
indexer,1024,16,4,16,1,107.232
indexer,1024,16,4,32,1,106.943
indexer,1024,16,4,64,1,106.877
indexer,1024,16,4,128,1,108.064
indexer,1024,16,4,256,1,107.712
indexer,1024,16,4,512,1,108.416
indexer,1024,16,4,1024,1,109.759
indexer,1024,16,4,2048,1,114.688
indexer,1024,16,4,4096,1,123.778
indexer,1024,16,4,8192,1,150.979
indexer,1024,16,4,16384,1,188.382
indexer,1024,16,8,16,1,107.072
indexer,1024,16,8,32,1,108
indexer,1024,16,8,64,1,107.424
indexer,1024,16,8,128,1,108.61
indexer,1024,16,8,256,1,108.416
indexer,1024,16,8,512,1,110.973
indexer,1024,16,8,1024,1,113.918
indexer,1024,16,8,2048,1,124.677
indexer,1024,16,8,4096,1,153.729
indexer,1024,16,8,8192,1,188.801
indexer,1024,16,8,16384,1,252.641
indexer,1024,16,16,16,1,107.552
indexer,1024,16,16,32,1,108.224
indexer,1024,16,16,64,1,108.034
indexer,1024,16,16,128,1,108.736
indexer,1024,16,16,256,1,111.233
indexer,1024,16,16,512,1,114.304
indexer,1024,16,16,1024,1,127.392
indexer,1024,16,16,2048,1,150.912
indexer,1024,16,16,4096,1,188.064
indexer,1024,16,16,8192,1,251.136
indexer,1024,16,16,16384,1,300.959
indexer,1024,16,32,16,1,108.062
indexer,1024,16,32,32,1,108.833
indexer,1024,16,32,64,1,108.607
indexer,1024,16,32,128,1,113.12
indexer,1024,16,32,256,1,116.705
indexer,1024,16,32,512,1,132.225
indexer,1024,16,32,1024,1,143.488
indexer,1024,16,32,2048,1,180.607
indexer,1024,16,32,4096,1,242.272
indexer,1024,16,32,8192,1,300.13
indexer,1024,16,32,16384,1,528.226
indexer,1024,16,64,16,1,112.354
indexer,1024,16,64,32,1,113.633
indexer,1024,16,64,64,1,114.309
indexer,1024,16,64,128,1,124.227
indexer,1024,16,64,256,1,138.112
indexer,1024,16,64,512,1,145.662
indexer,1024,16,64,1024,1,182.144
indexer,1024,16,64,2048,1,200.992
indexer,1024,16,64,4096,1,288.608
indexer,1024,16,64,8192,1,526.785
indexer,1024,16,64,16384,1,914.112
indexer,1024,16,128,16,1,121.92
indexer,1024,16,128,32,1,122.528
indexer,1024,16,128,64,1,123.138
indexer,1024,16,128,128,1,138.209
indexer,1024,16,128,256,1,138.464
indexer,1024,16,128,512,1,157.026
indexer,1024,16,128,1024,1,204.066
indexer,1024,16,128,2048,1,302.141
indexer,1024,16,128,4096,1,537.217
indexer,1024,16,128,8192,1,906.815
indexer,1024,16,128,16384,1,1588.77
indexer,1024,32,0,0,1,80.481
indexer,1024,32,1,16,1,112.959
indexer,1024,32,1,32,1,112.803
indexer,1024,32,1,64,1,113.407
indexer,1024,32,1,128,1,113.376
indexer,1024,32,1,256,1,112.606
indexer,1024,32,1,512,1,112.352
indexer,1024,32,1,1024,1,112.545
indexer,1024,32,1,2048,1,114.784
indexer,1024,32,1,4096,1,116.607
indexer,1024,32,1,8192,1,120.097
indexer,1024,32,1,16384,1,129.249
indexer,1024,32,2,16,1,108.77
indexer,1024,32,2,32,1,108.704
indexer,1024,32,2,64,1,109.152
indexer,1024,32,2,128,1,108.988
indexer,1024,32,2,256,1,108.707
indexer,1024,32,2,512,1,110.145
indexer,1024,32,2,1024,1,109.475
indexer,1024,32,2,2048,1,112.767
indexer,1024,32,2,4096,1,115.84
indexer,1024,32,2,8192,1,125.725
indexer,1024,32,2,16384,1,156.128
indexer,1024,32,4,16,1,106.944
indexer,1024,32,4,32,1,106.91
indexer,1024,32,4,64,1,106.911
indexer,1024,32,4,128,1,108.192
indexer,1024,32,4,256,1,107.423
indexer,1024,32,4,512,1,109.346
indexer,1024,32,4,1024,1,109.568
indexer,1024,32,4,2048,1,114.687
indexer,1024,32,4,4096,1,123.937
indexer,1024,32,4,8192,1,152.896
indexer,1024,32,4,16384,1,189.601
indexer,1024,32,8,16,1,108.096
indexer,1024,32,8,32,1,107.458
indexer,1024,32,8,64,1,107.616
indexer,1024,32,8,128,1,108.704
indexer,1024,32,8,256,1,108.032
indexer,1024,32,8,512,1,110.624
indexer,1024,32,8,1024,1,113.823
indexer,1024,32,8,2048,1,125.948
indexer,1024,32,8,4096,1,153.119
indexer,1024,32,8,8192,1,189.99
indexer,1024,32,8,16384,1,251.106
indexer,1024,32,16,16,1,108.034
indexer,1024,32,16,32,1,108.096
indexer,1024,32,16,64,1,107.712
indexer,1024,32,16,128,1,108.096
indexer,1024,32,16,256,1,110.146
indexer,1024,32,16,512,1,114.592
indexer,1024,32,16,1024,1,126.018
indexer,1024,32,16,2048,1,149.695
indexer,1024,32,16,4096,1,187.936
indexer,1024,32,16,8192,1,251.333
indexer,1024,32,16,16384,1,304.64
indexer,1024,32,32,16,1,108.672
indexer,1024,32,32,32,1,108.352
indexer,1024,32,32,64,1,108.929
indexer,1024,32,32,128,1,111.809
indexer,1024,32,32,256,1,116.385
indexer,1024,32,32,512,1,131.712
indexer,1024,32,32,1024,1,142.208
indexer,1024,32,32,2048,1,180.61
indexer,1024,32,32,4096,1,244.256
indexer,1024,32,32,8192,1,294.947
indexer,1024,32,32,16384,1,532.416
indexer,1024,32,64,16,1,114.018
indexer,1024,32,64,32,1,113.312
indexer,1024,32,64,64,1,112.896
indexer,1024,32,64,128,1,122.816
indexer,1024,32,64,256,1,138.144
indexer,1024,32,64,512,1,145.632
indexer,1024,32,64,1024,1,183.106
indexer,1024,32,64,2048,1,199.167
indexer,1024,32,64,4096,1,287.072
indexer,1024,32,64,8192,1,533.123
indexer,1024,32,64,16384,1,917.152
indexer,1024,32,128,16,1,122.912
indexer,1024,32,128,32,1,123.04
indexer,1024,32,128,64,1,122.72
indexer,1024,32,128,128,1,139.999
indexer,1024,32,128,256,1,136.639
indexer,1024,32,128,512,1,157.824
indexer,1024,32,128,1024,1,204.866
indexer,1024,32,128,2048,1,307.842
indexer,1024,32,128,4096,1,536.256
indexer,1024,32,128,8192,1,904.225
indexer,1024,32,128,16384,1,1587.55
indexer,1024,64,0,0,1,80.832
indexer,1024,64,1,16,1,112.866
indexer,1024,64,1,32,1,113.088
indexer,1024,64,1,64,1,113.472
indexer,1024,64,1,128,1,112.64
indexer,1024,64,1,256,1,113.341
indexer,1024,64,1,512,1,112.673
indexer,1024,64,1,1024,1,112.544
indexer,1024,64,1,2048,1,114.402
indexer,1024,64,1,4096,1,116.354
indexer,1024,64,1,8192,1,120.189
indexer,1024,64,1,16384,1,129.535
indexer,1024,64,2,16,1,108.992
indexer,1024,64,2,32,1,109.057
indexer,1024,64,2,64,1,108.797
indexer,1024,64,2,128,1,108.219
indexer,1024,64,2,256,1,109.151
indexer,1024,64,2,512,1,108.927
indexer,1024,64,2,1024,1,110.174
indexer,1024,64,2,2048,1,111.804
indexer,1024,64,2,4096,1,117.15
indexer,1024,64,2,8192,1,128.095
indexer,1024,64,2,16384,1,156.511
indexer,1024,64,4,16,1,106.368
indexer,1024,64,4,32,1,106.818
indexer,1024,64,4,64,1,106.816
indexer,1024,64,4,128,1,107.775
indexer,1024,64,4,256,1,107.776
indexer,1024,64,4,512,1,108.928
indexer,1024,64,4,1024,1,110.466
indexer,1024,64,4,2048,1,114.658
indexer,1024,64,4,4096,1,125.088
indexer,1024,64,4,8192,1,152.288
indexer,1024,64,4,16384,1,187.936
indexer,1024,64,8,16,1,107.232
indexer,1024,64,8,32,1,107.778
indexer,1024,64,8,64,1,107.296
indexer,1024,64,8,128,1,108.736
indexer,1024,64,8,256,1,108.128
indexer,1024,64,8,512,1,110.656
indexer,1024,64,8,1024,1,113.792
indexer,1024,64,8,2048,1,124.831
indexer,1024,64,8,4096,1,154.08
indexer,1024,64,8,8192,1,187.072
indexer,1024,64,8,16384,1,250.688
indexer,1024,64,16,16,1,108.448
indexer,1024,64,16,32,1,108.252
indexer,1024,64,16,64,1,108.419
indexer,1024,64,16,128,1,109.251
indexer,1024,64,16,256,1,109.95
indexer,1024,64,16,512,1,114.24
indexer,1024,64,16,1024,1,126.881
indexer,1024,64,16,2048,1,147.456
indexer,1024,64,16,4096,1,186.849
indexer,1024,64,16,8192,1,251.17
indexer,1024,64,16,16384,1,300.51
indexer,1024,64,32,16,1,109.122
indexer,1024,64,32,32,1,109.152
indexer,1024,64,32,64,1,108.864
indexer,1024,64,32,128,1,113.796
indexer,1024,64,32,256,1,118.015
indexer,1024,64,32,512,1,132.001
indexer,1024,64,32,1024,1,143.874
indexer,1024,64,32,2048,1,179.969
indexer,1024,64,32,4096,1,242.271
indexer,1024,64,32,8192,1,297.729
indexer,1024,64,32,16384,1,529.313
indexer,1024,64,64,16,1,112.991
indexer,1024,64,64,32,1,112.736
indexer,1024,64,64,64,1,113.216
indexer,1024,64,64,128,1,124.065
indexer,1024,64,64,256,1,138.723
indexer,1024,64,64,512,1,144.9
indexer,1024,64,64,1024,1,184.288
indexer,1024,64,64,2048,1,201.122
indexer,1024,64,64,4096,1,290.112
indexer,1024,64,64,8192,1,529.185
indexer,1024,64,64,16384,1,911.36
indexer,1024,64,128,16,1,122.145
indexer,1024,64,128,32,1,123.008
indexer,1024,64,128,64,1,122.719
indexer,1024,64,128,128,1,138.72
indexer,1024,64,128,256,1,137.121
indexer,1024,64,128,512,1,159.519
indexer,1024,64,128,1024,1,203.232
indexer,1024,64,128,2048,1,304.093
indexer,1024,64,128,4096,1,538.206
indexer,1024,64,128,8192,1,906.464
indexer,1024,64,128,16384,1,1583.78
indexer,1024,128,0,0,1,80.607
indexer,1024,128,1,16,1,113.76
indexer,1024,128,1,32,1,113.824
indexer,1024,128,1,64,1,113.889
indexer,1024,128,1,128,1,114.432
indexer,1024,128,1,256,1,113.151
indexer,1024,128,1,512,1,113.216
indexer,1024,128,1,1024,1,113.535
indexer,1024,128,1,2048,1,115.133
indexer,1024,128,1,4096,1,116.736
indexer,1024,128,1,8192,1,120.64
indexer,1024,128,1,16384,1,130.048
indexer,1024,128,2,16,1,109.504
indexer,1024,128,2,32,1,109.472
indexer,1024,128,2,64,1,109.664
indexer,1024,128,2,128,1,109.214
indexer,1024,128,2,256,1,109.12
indexer,1024,128,2,512,1,109.536
indexer,1024,128,2,1024,1,110.72
indexer,1024,128,2,2048,1,112.349
indexer,1024,128,2,4096,1,117.025
indexer,1024,128,2,8192,1,126.654
indexer,1024,128,2,16384,1,156.482
indexer,1024,128,4,16,1,107.168
indexer,1024,128,4,32,1,107.586
indexer,1024,128,4,64,1,107.136
indexer,1024,128,4,128,1,107.936
indexer,1024,128,4,256,1,108.769
indexer,1024,128,4,512,1,109.026
indexer,1024,128,4,1024,1,109.696
indexer,1024,128,4,2048,1,114.336
indexer,1024,128,4,4096,1,125.696
indexer,1024,128,4,8192,1,152.64
indexer,1024,128,4,16384,1,189.472
indexer,1024,128,8,16,1,107.648
indexer,1024,128,8,32,1,107.584
indexer,1024,128,8,64,1,107.936
indexer,1024,128,8,128,1,108.961
indexer,1024,128,8,256,1,108.993
indexer,1024,128,8,512,1,109.923
indexer,1024,128,8,1024,1,114.721
indexer,1024,128,8,2048,1,126.144
indexer,1024,128,8,4096,1,152.895
indexer,1024,128,8,8192,1,191.488
indexer,1024,128,8,16384,1,251.009
indexer,1024,128,16,16,1,108.705
indexer,1024,128,16,32,1,107.904
indexer,1024,128,16,64,1,108.192
indexer,1024,128,16,128,1,108.351
indexer,1024,128,16,256,1,110.559
indexer,1024,128,16,512,1,114.976
indexer,1024,128,16,1024,1,127.459
indexer,1024,128,16,2048,1,150.466
indexer,1024,128,16,4096,1,188.031
indexer,1024,128,16,8192,1,252.547
indexer,1024,128,16,16384,1,303.616
indexer,1024,128,32,16,1,109.376
indexer,1024,128,32,32,1,109.248
indexer,1024,128,32,64,1,109.856
indexer,1024,128,32,128,1,112.159
indexer,1024,128,32,256,1,116.77
indexer,1024,128,32,512,1,131.104
indexer,1024,128,32,1024,1,144.096
indexer,1024,128,32,2048,1,181.28
indexer,1024,128,32,4096,1,246.082
indexer,1024,128,32,8192,1,301.536
indexer,1024,128,32,16384,1,529.987
indexer,1024,128,64,16,1,113.569
indexer,1024,128,64,32,1,112.673
indexer,1024,128,64,64,1,113.632
indexer,1024,128,64,128,1,122.948
indexer,1024,128,64,256,1,139.713
indexer,1024,128,64,512,1,147.52
indexer,1024,128,64,1024,1,181.375
indexer,1024,128,64,2048,1,203.104
indexer,1024,128,64,4096,1,289.953
indexer,1024,128,64,8192,1,531.009
indexer,1024,128,64,16384,1,913.794
indexer,1024,128,128,16,1,123.965
indexer,1024,128,128,32,1,123.2
indexer,1024,128,128,64,1,124.897
indexer,1024,128,128,128,1,138.593
indexer,1024,128,128,256,1,140.032
indexer,1024,128,128,512,1,160.096
indexer,1024,128,128,1024,1,204.515
indexer,1024,128,128,2048,1,303.424
indexer,1024,128,128,4096,1,537.41
indexer,1024,128,128,8192,1,905.7
indexer,1024,128,128,16384,1,1587.4
indexer,1024,256,0,0,1,86.816
indexer,1024,256,1,16,1,119.455
indexer,1024,256,1,32,1,119.072
indexer,1024,256,1,64,1,119.65
indexer,1024,256,1,128,1,119.714
indexer,1024,256,1,256,1,119.806
indexer,1024,256,1,512,1,120.478
indexer,1024,256,1,1024,1,119.424
indexer,1024,256,1,2048,1,120.831
indexer,1024,256,1,4096,1,122.461
indexer,1024,256,1,8192,1,127.393
indexer,1024,256,1,16384,1,135.713
indexer,1024,256,2,16,1,115.328
indexer,1024,256,2,32,1,115.073
indexer,1024,256,2,64,1,115.873
indexer,1024,256,2,128,1,115.297
indexer,1024,256,2,256,1,115.232
indexer,1024,256,2,512,1,115.393
indexer,1024,256,2,1024,1,117.376
indexer,1024,256,2,2048,1,118.592
indexer,1024,256,2,4096,1,123.331
indexer,1024,256,2,8192,1,133.152
indexer,1024,256,2,16384,1,161.152
indexer,1024,256,4,16,1,114.079
indexer,1024,256,4,32,1,113.151
indexer,1024,256,4,64,1,114.048
indexer,1024,256,4,128,1,114.467
indexer,1024,256,4,256,1,114.081
indexer,1024,256,4,512,1,115.359
indexer,1024,256,4,1024,1,116.863
indexer,1024,256,4,2048,1,120.898
indexer,1024,256,4,4096,1,130.816
indexer,1024,256,4,8192,1,158.726
indexer,1024,256,4,16384,1,194.016
indexer,1024,256,8,16,1,114.077
indexer,1024,256,8,32,1,113.825
indexer,1024,256,8,64,1,113.66
indexer,1024,256,8,128,1,115.2
indexer,1024,256,8,256,1,115.935
indexer,1024,256,8,512,1,116.001
indexer,1024,256,8,1024,1,120.544
indexer,1024,256,8,2048,1,132.8
indexer,1024,256,8,4096,1,157.795
indexer,1024,256,8,8192,1,193.472
indexer,1024,256,8,16384,1,254.561
indexer,1024,256,16,16,1,114.208
indexer,1024,256,16,32,1,114.305
indexer,1024,256,16,64,1,114.751
indexer,1024,256,16,128,1,115.137
indexer,1024,256,16,256,1,117.152
indexer,1024,256,16,512,1,120.448
indexer,1024,256,16,1024,1,133.249
indexer,1024,256,16,2048,1,152.575
indexer,1024,256,16,4096,1,192.352
indexer,1024,256,16,8192,1,255.142
indexer,1024,256,16,16384,1,305.824
indexer,1024,256,32,16,1,115.198
indexer,1024,256,32,32,1,115.583
indexer,1024,256,32,64,1,114.625
indexer,1024,256,32,128,1,120.225
indexer,1024,256,32,256,1,123.07
indexer,1024,256,32,512,1,138.112
indexer,1024,256,32,1024,1,148.831
indexer,1024,256,32,2048,1,186.398
indexer,1024,256,32,4096,1,251.968
indexer,1024,256,32,8192,1,304.512
indexer,1024,256,32,16384,1,540.896
indexer,1024,256,64,16,1,119.237
indexer,1024,256,64,32,1,119.937
indexer,1024,256,64,64,1,119.68
indexer,1024,256,64,128,1,129.729
indexer,1024,256,64,256,1,146.401
indexer,1024,256,64,512,1,153.057
indexer,1024,256,64,1024,1,190.368
indexer,1024,256,64,2048,1,207.429
indexer,1024,256,64,4096,1,295.743
indexer,1024,256,64,8192,1,536.768
indexer,1024,256,64,16384,1,907.425
indexer,1024,256,128,16,1,131.168
indexer,1024,256,128,32,1,131.84
indexer,1024,256,128,64,1,130.368
indexer,1024,256,128,128,1,143.615
indexer,1024,256,128,256,1,143.65
indexer,1024,256,128,512,1,162.688
indexer,1024,256,128,1024,1,214.655
indexer,1024,256,128,2048,1,314.18
indexer,1024,256,128,4096,1,541.694
indexer,1024,256,128,8192,1,908.674
indexer,1024,256,128,16384,1,1587.88
indexer,1024,512,0,0,1,98.848
indexer,1024,512,1,16,1,126.462
indexer,1024,512,1,32,1,132.004
indexer,1024,512,1,64,1,132.448
indexer,1024,512,1,128,1,131.906
indexer,1024,512,1,256,1,132.096
indexer,1024,512,1,512,1,131.842
indexer,1024,512,1,1024,1,132.256
indexer,1024,512,1,2048,1,133.696
indexer,1024,512,1,4096,1,135.392
indexer,1024,512,1,8192,1,140.096
indexer,1024,512,1,16384,1,150.272
indexer,1024,512,2,16,1,128.097
indexer,1024,512,2,32,1,127.68
indexer,1024,512,2,64,1,127.491
indexer,1024,512,2,128,1,127.33
indexer,1024,512,2,256,1,127.584
indexer,1024,512,2,512,1,128.608
indexer,1024,512,2,1024,1,130.016
indexer,1024,512,2,2048,1,130.881
indexer,1024,512,2,4096,1,135.584
indexer,1024,512,2,8192,1,145.408
indexer,1024,512,2,16384,1,171.392
indexer,1024,512,4,16,1,125.504
indexer,1024,512,4,32,1,125.793
indexer,1024,512,4,64,1,125.408
indexer,1024,512,4,128,1,126.592
indexer,1024,512,4,256,1,127.359
indexer,1024,512,4,512,1,127.264
indexer,1024,512,4,1024,1,128.864
indexer,1024,512,4,2048,1,133.346
indexer,1024,512,4,4096,1,143.776
indexer,1024,512,4,8192,1,168.065
indexer,1024,512,4,16384,1,203.137
indexer,1024,512,8,16,1,126.304
indexer,1024,512,8,32,1,126.529
indexer,1024,512,8,64,1,126.207
indexer,1024,512,8,128,1,127.392
indexer,1024,512,8,256,1,127.582
indexer,1024,512,8,512,1,128.992
indexer,1024,512,8,1024,1,133.986
indexer,1024,512,8,2048,1,146.657
indexer,1024,512,8,4096,1,169.057
indexer,1024,512,8,8192,1,203.584
indexer,1024,512,8,16384,1,268.608
indexer,1024,512,16,16,1,127.264
indexer,1024,512,16,32,1,127.104
indexer,1024,512,16,64,1,126.432
indexer,1024,512,16,128,1,127.744
indexer,1024,512,16,256,1,130.691
indexer,1024,512,16,512,1,133.954
indexer,1024,512,16,1024,1,146.625
indexer,1024,512,16,2048,1,167.649
indexer,1024,512,16,4096,1,204.001
indexer,1024,512,16,8192,1,265.979
indexer,1024,512,16,16384,1,320.511
indexer,1024,512,32,16,1,128.482
indexer,1024,512,32,32,1,127.84
indexer,1024,512,32,64,1,127.776
indexer,1024,512,32,128,1,131.488
indexer,1024,512,32,256,1,136.767
indexer,1024,512,32,512,1,150.017
indexer,1024,512,32,1024,1,158.208
indexer,1024,512,32,2048,1,197.47
indexer,1024,512,32,4096,1,262.82
indexer,1024,512,32,8192,1,315.616
indexer,1024,512,32,16384,1,548.097
indexer,1024,512,64,16,1,132.033
indexer,1024,512,64,32,1,132.576
indexer,1024,512,64,64,1,132.768
indexer,1024,512,64,128,1,144.48
indexer,1024,512,64,256,1,158.239
indexer,1024,512,64,512,1,163.233
indexer,1024,512,64,1024,1,201.376
indexer,1024,512,64,2048,1,217.279
indexer,1024,512,64,4096,1,309.408
indexer,1024,512,64,8192,1,553.92
indexer,1024,512,64,16384,1,939.456
indexer,1024,512,128,16,1,143.647
indexer,1024,512,128,32,1,144.225
indexer,1024,512,128,64,1,144.672
indexer,1024,512,128,128,1,156.736
indexer,1024,512,128,256,1,156.128
indexer,1024,512,128,512,1,173.38
indexer,1024,512,128,1024,1,223.198
indexer,1024,512,128,2048,1,322.531
indexer,1024,512,128,4096,1,554.913
indexer,1024,512,128,8192,1,924.129
indexer,1024,512,128,16384,1,1603.2
indexer,1024,1024,0,0,1,123.648
indexer,1024,1024,1,16,1,157.791
indexer,1024,1024,1,32,1,156.929
indexer,1024,1024,1,64,1,156.927
indexer,1024,1024,1,128,1,156.995
indexer,1024,1024,1,256,1,156.48
indexer,1024,1024,1,512,1,156.577
indexer,1024,1024,1,1024,1,157.184
indexer,1024,1024,1,2048,1,158.594
indexer,1024,1024,1,4096,1,160.095
indexer,1024,1024,1,8192,1,165.242
indexer,1024,1024,1,16384,1,174.718
indexer,1024,1024,2,16,1,152.64
indexer,1024,1024,2,32,1,152.768
indexer,1024,1024,2,64,1,153.472
indexer,1024,1024,2,128,1,152.675
indexer,1024,1024,2,256,1,151.967
indexer,1024,1024,2,512,1,152.61
indexer,1024,1024,2,1024,1,153.664
indexer,1024,1024,2,2048,1,156.768
indexer,1024,1024,2,4096,1,161.248
indexer,1024,1024,2,8192,1,171.392
indexer,1024,1024,2,16384,1,193.792
indexer,1024,1024,4,16,1,150.591
indexer,1024,1024,4,32,1,151.006
indexer,1024,1024,4,64,1,150.631
indexer,1024,1024,4,128,1,151.104
indexer,1024,1024,4,256,1,151.265
indexer,1024,1024,4,512,1,152.932
indexer,1024,1024,4,1024,1,154.24
indexer,1024,1024,4,2048,1,159.776
indexer,1024,1024,4,4096,1,169.056
indexer,1024,1024,4,8192,1,192.064
indexer,1024,1024,4,16384,1,223.616
indexer,1024,1024,8,16,1,150.912
indexer,1024,1024,8,32,1,150.976
indexer,1024,1024,8,64,1,150.879
indexer,1024,1024,8,128,1,152.415
indexer,1024,1024,8,256,1,152.031
indexer,1024,1024,8,512,1,154.084
indexer,1024,1024,8,1024,1,159.744
indexer,1024,1024,8,2048,1,171.808
indexer,1024,1024,8,4096,1,192.544
indexer,1024,1024,8,8192,1,225.568
indexer,1024,1024,8,16384,1,289.984
indexer,1024,1024,16,16,1,151.587
indexer,1024,1024,16,32,1,151.327
indexer,1024,1024,16,64,1,150.881
indexer,1024,1024,16,128,1,152.512
indexer,1024,1024,16,256,1,155.198
indexer,1024,1024,16,512,1,160.382
indexer,1024,1024,16,1024,1,172.514
indexer,1024,1024,16,2048,1,189.312
indexer,1024,1024,16,4096,1,227.36
indexer,1024,1024,16,8192,1,291.649
indexer,1024,1024,16,16384,1,344.127
indexer,1024,1024,32,16,1,152.576
indexer,1024,1024,32,32,1,153.151
indexer,1024,1024,32,64,1,152.802
indexer,1024,1024,32,128,1,157.568
indexer,1024,1024,32,256,1,160.64
indexer,1024,1024,32,512,1,176.45
indexer,1024,1024,32,1024,1,183.456
indexer,1024,1024,32,2048,1,218.432
indexer,1024,1024,32,4096,1,281.92
indexer,1024,1024,32,8192,1,338.88
indexer,1024,1024,32,16384,1,579.169
indexer,1024,1024,64,16,1,157.632
indexer,1024,1024,64,32,1,158.049
indexer,1024,1024,64,64,1,158.975
indexer,1024,1024,64,128,1,168.831
indexer,1024,1024,64,256,1,182.97
indexer,1024,1024,64,512,1,186.464
indexer,1024,1024,64,1024,1,221.951
indexer,1024,1024,64,2048,1,242.817
indexer,1024,1024,64,4096,1,335.776
indexer,1024,1024,64,8192,1,576.514
indexer,1024,1024,64,16384,1,951.584
indexer,1024,1024,128,16,1,168.8
indexer,1024,1024,128,32,1,167.808
indexer,1024,1024,128,64,1,168.224
indexer,1024,1024,128,128,1,181.403
indexer,1024,1024,128,256,1,177.792
indexer,1024,1024,128,512,1,201.855
indexer,1024,1024,128,1024,1,248.064
indexer,1024,1024,128,2048,1,344.676
indexer,1024,1024,128,4096,1,590.146
indexer,1024,1024,128,8192,1,944.867
indexer,1024,1024,128,16384,1,1624.48
indexer,1024,2048,0,0,1,173.632
indexer,1024,2048,1,16,1,206.529
indexer,1024,2048,1,32,1,207.202
indexer,1024,2048,1,64,1,207.009
indexer,1024,2048,1,128,1,206.719
indexer,1024,2048,1,256,1,206.655
indexer,1024,2048,1,512,1,207.168
indexer,1024,2048,1,1024,1,207.872
indexer,1024,2048,1,2048,1,207.967
indexer,1024,2048,1,4096,1,208.925
indexer,1024,2048,1,8192,1,213.885
indexer,1024,2048,1,16384,1,227.33
indexer,1024,2048,2,16,1,202.304
indexer,1024,2048,2,32,1,202.688
indexer,1024,2048,2,64,1,202.784
indexer,1024,2048,2,128,1,202.53
indexer,1024,2048,2,256,1,202.497
indexer,1024,2048,2,512,1,202.944
indexer,1024,2048,2,1024,1,203.968
indexer,1024,2048,2,2048,1,205.311
indexer,1024,2048,2,4096,1,208.702
indexer,1024,2048,2,8192,1,222.463
indexer,1024,2048,2,16384,1,243.36
indexer,1024,2048,4,16,1,200.353
indexer,1024,2048,4,32,1,200.706
indexer,1024,2048,4,64,1,200.159
indexer,1024,2048,4,128,1,201.216
indexer,1024,2048,4,256,1,201.571
indexer,1024,2048,4,512,1,201.505
indexer,1024,2048,4,1024,1,203.84
indexer,1024,2048,4,2048,1,208.068
indexer,1024,2048,4,4096,1,221.057
indexer,1024,2048,4,8192,1,239.392
indexer,1024,2048,4,16384,1,274.881
indexer,1024,2048,8,16,1,201.024
indexer,1024,2048,8,32,1,201.122
indexer,1024,2048,8,64,1,200.673
indexer,1024,2048,8,128,1,202.208
indexer,1024,2048,8,256,1,202.368
indexer,1024,2048,8,512,1,203.201
indexer,1024,2048,8,1024,1,209.409
indexer,1024,2048,8,2048,1,221.824
indexer,1024,2048,8,4096,1,240.447
indexer,1024,2048,8,8192,1,276.96
indexer,1024,2048,8,16384,1,339.874
indexer,1024,2048,16,16,1,200.575
indexer,1024,2048,16,32,1,201.469
indexer,1024,2048,16,64,1,201.918
indexer,1024,2048,16,128,1,202.945
indexer,1024,2048,16,256,1,204.481
indexer,1024,2048,16,512,1,208.832
indexer,1024,2048,16,1024,1,224.48
indexer,1024,2048,16,2048,1,240.095
indexer,1024,2048,16,4096,1,275.615
indexer,1024,2048,16,8192,1,340.768
indexer,1024,2048,16,16384,1,390.785
indexer,1024,2048,32,16,1,203.231
indexer,1024,2048,32,32,1,202.464
indexer,1024,2048,32,64,1,202.816
indexer,1024,2048,32,128,1,206.4
indexer,1024,2048,32,256,1,211.298
indexer,1024,2048,32,512,1,229.376
indexer,1024,2048,32,1024,1,234.272
indexer,1024,2048,32,2048,1,269.534
indexer,1024,2048,32,4096,1,333.442
indexer,1024,2048,32,8192,1,387.746
indexer,1024,2048,32,16384,1,623.774
indexer,1024,2048,64,16,1,207.491
indexer,1024,2048,64,32,1,207.232
indexer,1024,2048,64,64,1,206.399
indexer,1024,2048,64,128,1,221.088
indexer,1024,2048,64,256,1,232.164
indexer,1024,2048,64,512,1,233.922
indexer,1024,2048,64,1024,1,270.657
indexer,1024,2048,64,2048,1,291.744
indexer,1024,2048,64,4096,1,385.856
indexer,1024,2048,64,8192,1,616.897
indexer,1024,2048,64,16384,1,1003.17
indexer,1024,2048,128,16,1,220.672
indexer,1024,2048,128,32,1,221.697
indexer,1024,2048,128,64,1,220.991
indexer,1024,2048,128,128,1,229.407
indexer,1024,2048,128,256,1,229.373
indexer,1024,2048,128,512,1,249.377
indexer,1024,2048,128,1024,1,299.808
indexer,1024,2048,128,2048,1,395.04
indexer,1024,2048,128,4096,1,629.472
indexer,1024,2048,128,8192,1,996.45
indexer,1024,2048,128,16384,1,1682.18
indexer,1024,4096,0,0,1,272.735
indexer,1024,4096,1,16,1,304.48
indexer,1024,4096,1,32,1,304.609
indexer,1024,4096,1,64,1,305.345
indexer,1024,4096,1,128,1,304.159
indexer,1024,4096,1,256,1,305.187
indexer,1024,4096,1,512,1,305.216
indexer,1024,4096,1,1024,1,306.016
indexer,1024,4096,1,2048,1,305.536
indexer,1024,4096,1,4096,1,307.712
indexer,1024,4096,1,8192,1,310.463
indexer,1024,4096,1,16384,1,325.312
indexer,1024,4096,2,16,1,300.452
indexer,1024,4096,2,32,1,301.57
indexer,1024,4096,2,64,1,300.896
indexer,1024,4096,2,128,1,300.449
indexer,1024,4096,2,256,1,301.12
indexer,1024,4096,2,512,1,300.577
indexer,1024,4096,2,1024,1,302.849
indexer,1024,4096,2,2048,1,303.678
indexer,1024,4096,2,4096,1,307.328
indexer,1024,4096,2,8192,1,321.056
indexer,1024,4096,2,16384,1,346.944
indexer,1024,4096,4,16,1,298.432
indexer,1024,4096,4,32,1,298.561
indexer,1024,4096,4,64,1,299.487
indexer,1024,4096,4,128,1,299.487
indexer,1024,4096,4,256,1,299.905
indexer,1024,4096,4,512,1,300.479
indexer,1024,4096,4,1024,1,300.994
indexer,1024,4096,4,2048,1,306.913
indexer,1024,4096,4,4096,1,319.808
indexer,1024,4096,4,8192,1,343.745
indexer,1024,4096,4,16384,1,378.27
indexer,1024,4096,8,16,1,299.807
indexer,1024,4096,8,32,1,299.168
indexer,1024,4096,8,64,1,299.168
indexer,1024,4096,8,128,1,300.608
indexer,1024,4096,8,256,1,300.575
indexer,1024,4096,8,512,1,302.432
indexer,1024,4096,8,1024,1,307.394
indexer,1024,4096,8,2048,1,321.476
indexer,1024,4096,8,4096,1,344.26
indexer,1024,4096,8,8192,1,380.45
indexer,1024,4096,8,16384,1,439.651
indexer,1024,4096,16,16,1,299.84
indexer,1024,4096,16,32,1,300.704
indexer,1024,4096,16,64,1,299.68
indexer,1024,4096,16,128,1,300.224
indexer,1024,4096,16,256,1,303.296
indexer,1024,4096,16,512,1,306.815
indexer,1024,4096,16,1024,1,322.242
indexer,1024,4096,16,2048,1,341.249
indexer,1024,4096,16,4096,1,377.633
indexer,1024,4096,16,8192,1,438.849
indexer,1024,4096,16,16384,1,492.579
indexer,1024,4096,32,16,1,302.016
indexer,1024,4096,32,32,1,300.768
indexer,1024,4096,32,64,1,302.274
indexer,1024,4096,32,128,1,305.951
indexer,1024,4096,32,256,1,308.385
indexer,1024,4096,32,512,1,326.399
indexer,1024,4096,32,1024,1,336.828
indexer,1024,4096,32,2048,1,373.054
indexer,1024,4096,32,4096,1,435.328
indexer,1024,4096,32,8192,1,484.197
indexer,1024,4096,32,16384,1,720.545
indexer,1024,4096,64,16,1,304.672
indexer,1024,4096,64,32,1,305.216
indexer,1024,4096,64,64,1,304.608
indexer,1024,4096,64,128,1,319.648
indexer,1024,4096,64,256,1,334.526
indexer,1024,4096,64,512,1,340.002
indexer,1024,4096,64,1024,1,373.25
indexer,1024,4096,64,2048,1,393.283
indexer,1024,4096,64,4096,1,486.079
indexer,1024,4096,64,8192,1,725.92
indexer,1024,4096,64,16384,1,1129.09
indexer,1024,4096,128,16,1,316.638
indexer,1024,4096,128,32,1,316.032
indexer,1024,4096,128,64,1,316.96
indexer,1024,4096,128,128,1,331.841
indexer,1024,4096,128,256,1,329.249
indexer,1024,4096,128,512,1,348.579
indexer,1024,4096,128,1024,1,400.896
indexer,1024,4096,128,2048,1,494.434
indexer,1024,4096,128,4096,1,728.514
indexer,1024,4096,128,8192,1,1092.64
indexer,1024,4096,128,16384,1,1779.84
indexer,1024,8192,0,0,1,487.777
indexer,1024,8192,1,16,1,520.992
indexer,1024,8192,1,32,1,521.568
indexer,1024,8192,1,64,1,521.854
indexer,1024,8192,1,128,1,520.737
indexer,1024,8192,1,256,1,520.863
indexer,1024,8192,1,512,1,521.12
indexer,1024,8192,1,1024,1,520.769
indexer,1024,8192,1,2048,1,521.825
indexer,1024,8192,1,4096,1,523.007
indexer,1024,8192,1,8192,1,529.732
indexer,1024,8192,1,16384,1,545.024
indexer,1024,8192,2,16,1,517.44
indexer,1024,8192,2,32,1,516.707
indexer,1024,8192,2,64,1,517.793
indexer,1024,8192,2,128,1,516.961
indexer,1024,8192,2,256,1,516.768
indexer,1024,8192,2,512,1,516.802
indexer,1024,8192,2,1024,1,518.337
indexer,1024,8192,2,2048,1,519.744
indexer,1024,8192,2,4096,1,525.186
indexer,1024,8192,2,8192,1,542.657
indexer,1024,8192,2,16384,1,564.352
indexer,1024,8192,4,16,1,514.24
indexer,1024,8192,4,32,1,514.465
indexer,1024,8192,4,64,1,515.04
indexer,1024,8192,4,128,1,515.202
indexer,1024,8192,4,256,1,515.394
indexer,1024,8192,4,512,1,515.297
indexer,1024,8192,4,1024,1,517.023
indexer,1024,8192,4,2048,1,523.872
indexer,1024,8192,4,4096,1,540.512
indexer,1024,8192,4,8192,1,560.93
indexer,1024,8192,4,16384,1,596.835
indexer,1024,8192,8,16,1,514.656
indexer,1024,8192,8,32,1,515.201
indexer,1024,8192,8,64,1,514.88
indexer,1024,8192,8,128,1,516.13
indexer,1024,8192,8,256,1,516.513
indexer,1024,8192,8,512,1,516.292
indexer,1024,8192,8,1024,1,524
indexer,1024,8192,8,2048,1,542.339
indexer,1024,8192,8,4096,1,560.609
indexer,1024,8192,8,8192,1,596.608
indexer,1024,8192,8,16384,1,658.306
indexer,1024,8192,16,16,1,515.615
indexer,1024,8192,16,32,1,516.096
indexer,1024,8192,16,64,1,515.551
indexer,1024,8192,16,128,1,516.739
indexer,1024,8192,16,256,1,518.785
indexer,1024,8192,16,512,1,526.21
indexer,1024,8192,16,1024,1,542.433
indexer,1024,8192,16,2048,1,557.665
indexer,1024,8192,16,4096,1,594.527
indexer,1024,8192,16,8192,1,659.329
indexer,1024,8192,16,16384,1,711.904
indexer,1024,8192,32,16,1,517.313
indexer,1024,8192,32,32,1,517.152
indexer,1024,8192,32,64,1,517.955
indexer,1024,8192,32,128,1,523.841
indexer,1024,8192,32,256,1,529.12
indexer,1024,8192,32,512,1,547.552
indexer,1024,8192,32,1024,1,553.055
indexer,1024,8192,32,2048,1,588.612
indexer,1024,8192,32,4096,1,649.278
indexer,1024,8192,32,8192,1,705.984
indexer,1024,8192,32,16384,1,937.763
indexer,1024,8192,64,16,1,523.33
indexer,1024,8192,64,32,1,523.295
indexer,1024,8192,64,64,1,524.064
indexer,1024,8192,64,128,1,535.488
indexer,1024,8192,64,256,1,552.003
indexer,1024,8192,64,512,1,554.177
indexer,1024,8192,64,1024,1,591.393
indexer,1024,8192,64,2048,1,608.225
indexer,1024,8192,64,4096,1,698.689
indexer,1024,8192,64,8192,1,940.066
indexer,1024,8192,64,16384,1,1323.87
indexer,1024,8192,128,16,1,532.802
indexer,1024,8192,128,32,1,533.601
indexer,1024,8192,128,64,1,533.826
indexer,1024,8192,128,128,1,546.752
indexer,1024,8192,128,256,1,545.793
indexer,1024,8192,128,512,1,568.834
indexer,1024,8192,128,1024,1,613.664
indexer,1024,8192,128,2048,1,714.883
indexer,1024,8192,128,4096,1,949.123
indexer,1024,8192,128,8192,1,1311.39
indexer,1024,8192,128,16384,1,1985.19
indexer,1024,16384,0,0,1,898.018
indexer,1024,16384,1,16,1,930.402
indexer,1024,16384,1,32,1,932.193
indexer,1024,16384,1,64,1,930.944
indexer,1024,16384,1,128,1,931.361
indexer,1024,16384,1,256,1,932.833
indexer,1024,16384,1,512,1,933.506
indexer,1024,16384,1,1024,1,932.577
indexer,1024,16384,1,2048,1,933.313
indexer,1024,16384,1,4096,1,940.834
indexer,1024,16384,1,8192,1,946.208
indexer,1024,16384,1,16384,1,962.881
indexer,1024,16384,2,16,1,927.168
indexer,1024,16384,2,32,1,929.537
indexer,1024,16384,2,64,1,927.809
indexer,1024,16384,2,128,1,928.737
indexer,1024,16384,2,256,1,927.138
indexer,1024,16384,2,512,1,926.176
indexer,1024,16384,2,1024,1,928.867
indexer,1024,16384,2,2048,1,933.6
indexer,1024,16384,2,4096,1,944.064
indexer,1024,16384,2,8192,1,959.424
indexer,1024,16384,2,16384,1,973.09
indexer,1024,16384,4,16,1,925.668
indexer,1024,16384,4,32,1,925.603
indexer,1024,16384,4,64,1,925.215
indexer,1024,16384,4,128,1,926.53
indexer,1024,16384,4,256,1,926.912
indexer,1024,16384,4,512,1,929.343
indexer,1024,16384,4,1024,1,934.818
indexer,1024,16384,4,2048,1,939.169
indexer,1024,16384,4,4096,1,957.089
indexer,1024,16384,4,8192,1,970.271
indexer,1024,16384,4,16384,1,1010.59
indexer,1024,16384,8,16,1,926.945
indexer,1024,16384,8,32,1,926.116
indexer,1024,16384,8,64,1,925.121
indexer,1024,16384,8,128,1,928.575
indexer,1024,16384,8,256,1,930.594
indexer,1024,16384,8,512,1,934.275
indexer,1024,16384,8,1024,1,941.987
indexer,1024,16384,8,2048,1,956.035
indexer,1024,16384,8,4096,1,968.799
indexer,1024,16384,8,8192,1,1014.69
indexer,1024,16384,8,16384,1,1070.11
indexer,1024,16384,16,16,1,926.593
indexer,1024,16384,16,32,1,926.978
indexer,1024,16384,16,64,1,928.386
indexer,1024,16384,16,128,1,929.988
indexer,1024,16384,16,256,1,934.082
indexer,1024,16384,16,512,1,943.075
indexer,1024,16384,16,1024,1,956.737
indexer,1024,16384,16,2048,1,967.424
indexer,1024,16384,16,4096,1,1007.24
indexer,1024,16384,16,8192,1,1073.09
indexer,1024,16384,16,16384,1,1120.03
indexer,1024,16384,32,16,1,930.85
indexer,1024,16384,32,32,1,929.827
indexer,1024,16384,32,64,1,929.921
indexer,1024,16384,32,128,1,940.704
indexer,1024,16384,32,256,1,949.696
indexer,1024,16384,32,512,1,959.52
indexer,1024,16384,32,1024,1,965.763
indexer,1024,16384,32,2048,1,1000.19
indexer,1024,16384,32,4096,1,1060.29
indexer,1024,16384,32,8192,1,1113.73
indexer,1024,16384,32,16384,1,1351.84
indexer,1024,16384,64,16,1,938.02
indexer,1024,16384,64,32,1,938.466
indexer,1024,16384,64,64,1,937.121
indexer,1024,16384,64,128,1,952.609
indexer,1024,16384,64,256,1,961.763
indexer,1024,16384,64,512,1,965.184
indexer,1024,16384,64,1024,1,1003.14
indexer,1024,16384,64,2048,1,1020.16
indexer,1024,16384,64,4096,1,1112.67
indexer,1024,16384,64,8192,1,1351.55
indexer,1024,16384,64,16384,1,1731.17
indexer,1024,16384,128,16,1,952.642
indexer,1024,16384,128,32,1,953.058
indexer,1024,16384,128,64,1,950.051
indexer,1024,16384,128,128,1,955.17
indexer,1024,16384,128,256,1,954.339
indexer,1024,16384,128,512,1,977.506
indexer,1024,16384,128,1024,1,1028.16
indexer,1024,16384,128,2048,1,1124.51
indexer,1024,16384,128,4096,1,1363.65
indexer,1024,16384,128,8192,1,1726.66
indexer,1024,16384,128,16384,1,2404.42
indexer,2048,0,0,0,1,134.272
indexer,2048,0,1,16,1,167.776
indexer,2048,0,1,32,1,168.609
indexer,2048,0,1,64,1,168.769
indexer,2048,0,1,128,1,168.097
indexer,2048,0,1,256,1,167.775
indexer,2048,0,1,512,1,168.737
indexer,2048,0,1,1024,1,168.384
indexer,2048,0,1,2048,1,169.793
indexer,2048,0,1,4096,1,170.845
indexer,2048,0,1,8192,1,177.279
indexer,2048,0,1,16384,1,187.84
indexer,2048,0,2,16,1,165.09
indexer,2048,0,2,32,1,164.065
indexer,2048,0,2,64,1,163.744
indexer,2048,0,2,128,1,164.513
indexer,2048,0,2,256,1,164.098
indexer,2048,0,2,512,1,164.512
indexer,2048,0,2,1024,1,166.18
indexer,2048,0,2,2048,1,168.032
indexer,2048,0,2,4096,1,172.958
indexer,2048,0,2,8192,1,183.936
indexer,2048,0,2,16384,1,209.218
indexer,2048,0,4,16,1,161.666
indexer,2048,0,4,32,1,162.37
indexer,2048,0,4,64,1,161.922
indexer,2048,0,4,128,1,162.718
indexer,2048,0,4,256,1,163.008
indexer,2048,0,4,512,1,162.946
indexer,2048,0,4,1024,1,165.6
indexer,2048,0,4,2048,1,171.008
indexer,2048,0,4,4096,1,182.111
indexer,2048,0,4,8192,1,208.609
indexer,2048,0,4,16384,1,242.784
indexer,2048,0,8,16,1,162.624
indexer,2048,0,8,32,1,162.946
indexer,2048,0,8,64,1,162.816
indexer,2048,0,8,128,1,163.456
indexer,2048,0,8,256,1,163.81
indexer,2048,0,8,512,1,166.145
indexer,2048,0,8,1024,1,171.969
indexer,2048,0,8,2048,1,184.64
indexer,2048,0,8,4096,1,208.193
indexer,2048,0,8,8192,1,243.841
indexer,2048,0,8,16384,1,296.833
indexer,2048,0,16,16,1,162.499
indexer,2048,0,16,32,1,162.112
indexer,2048,0,16,64,1,162.302
indexer,2048,0,16,128,1,163.65
indexer,2048,0,16,256,1,168.448
indexer,2048,0,16,512,1,173.12
indexer,2048,0,16,1024,1,184.382
indexer,2048,0,16,2048,1,203.296
indexer,2048,0,16,4096,1,240.576
indexer,2048,0,16,8192,1,301.154
indexer,2048,0,16,16384,1,353.153
indexer,2048,0,32,16,1,164.577
indexer,2048,0,32,32,1,164.513
indexer,2048,0,32,64,1,163.811
indexer,2048,0,32,128,1,170.273
indexer,2048,0,32,256,1,175.969
indexer,2048,0,32,512,1,188.672
indexer,2048,0,32,1024,1,200.576
indexer,2048,0,32,2048,1,232.835
indexer,2048,0,32,4096,1,289.315
indexer,2048,0,32,8192,1,350.434
indexer,2048,0,32,16384,1,601.186
indexer,2048,0,64,16,1,170.912
indexer,2048,0,64,32,1,172.255
indexer,2048,0,64,64,1,172.453
indexer,2048,0,64,128,1,184.933
indexer,2048,0,64,256,1,198.178
indexer,2048,0,64,512,1,206.913
indexer,2048,0,64,1024,1,239.808
indexer,2048,0,64,2048,1,250.88
indexer,2048,0,64,4096,1,349.92
indexer,2048,0,64,8192,1,599.776
indexer,2048,0,64,16384,1,972.257
indexer,2048,0,128,16,1,187.552
indexer,2048,0,128,32,1,186.208
indexer,2048,0,128,64,1,186.208
indexer,2048,0,128,128,1,198.336
indexer,2048,0,128,256,1,198.336
indexer,2048,0,128,512,1,213.984
indexer,2048,0,128,1024,1,259.327
indexer,2048,0,128,2048,1,368.288
indexer,2048,0,128,4096,1,617.76
indexer,2048,0,128,8192,1,964.93
indexer,2048,0,128,16384,1,1654.28
indexer,2048,16,0,0,1,140.96
indexer,2048,16,1,16,1,174.592
indexer,2048,16,1,32,1,173.886
indexer,2048,16,1,64,1,174.657
indexer,2048,16,1,128,1,175.008
indexer,2048,16,1,256,1,174.402
indexer,2048,16,1,512,1,174.274
indexer,2048,16,1,1024,1,174.242
indexer,2048,16,1,2048,1,176.576
indexer,2048,16,1,4096,1,177.315
indexer,2048,16,1,8192,1,182.56
indexer,2048,16,1,16384,1,193.057
indexer,2048,16,2,16,1,171.071
indexer,2048,16,2,32,1,170.914
indexer,2048,16,2,64,1,171.389
indexer,2048,16,2,128,1,170.56
indexer,2048,16,2,256,1,171.267
indexer,2048,16,2,512,1,171.618
indexer,2048,16,2,1024,1,171.904
indexer,2048,16,2,2048,1,175.808
indexer,2048,16,2,4096,1,180.003
indexer,2048,16,2,8192,1,190.081
indexer,2048,16,2,16384,1,216
indexer,2048,16,4,16,1,168.737
indexer,2048,16,4,32,1,168.54
indexer,2048,16,4,64,1,168.065
indexer,2048,16,4,128,1,168.608
indexer,2048,16,4,256,1,169.888
indexer,2048,16,4,512,1,169.826
indexer,2048,16,4,1024,1,171.969
indexer,2048,16,4,2048,1,179.039
indexer,2048,16,4,4096,1,188.64
indexer,2048,16,4,8192,1,214.912
indexer,2048,16,4,16384,1,249.886
indexer,2048,16,8,16,1,169.504
indexer,2048,16,8,32,1,168.77
indexer,2048,16,8,64,1,168.928
indexer,2048,16,8,128,1,169.826
indexer,2048,16,8,256,1,170.654
indexer,2048,16,8,512,1,172.832
indexer,2048,16,8,1024,1,178.882
indexer,2048,16,8,2048,1,191.007
indexer,2048,16,8,4096,1,215.104
indexer,2048,16,8,8192,1,249.409
indexer,2048,16,8,16384,1,305.024
indexer,2048,16,16,16,1,169.761
indexer,2048,16,16,32,1,169.28
indexer,2048,16,16,64,1,169.152
indexer,2048,16,16,128,1,170.368
indexer,2048,16,16,256,1,174.402
indexer,2048,16,16,512,1,179.2
indexer,2048,16,16,1024,1,192.191
indexer,2048,16,16,2048,1,208.927
indexer,2048,16,16,4096,1,250.274
indexer,2048,16,16,8192,1,307.39
indexer,2048,16,16,16384,1,358.945
indexer,2048,16,32,16,1,171.522
indexer,2048,16,32,32,1,171.167
indexer,2048,16,32,64,1,171.266
indexer,2048,16,32,128,1,176.321
indexer,2048,16,32,256,1,182.914
indexer,2048,16,32,512,1,195.49
indexer,2048,16,32,1024,1,205.984
indexer,2048,16,32,2048,1,242.016
indexer,2048,16,32,4096,1,295.136
indexer,2048,16,32,8192,1,352.706
indexer,2048,16,32,16384,1,610.178
indexer,2048,16,64,16,1,179.712
indexer,2048,16,64,32,1,178.369
indexer,2048,16,64,64,1,176.865
indexer,2048,16,64,128,1,192.256
indexer,2048,16,64,256,1,204.323
indexer,2048,16,64,512,1,209.987
indexer,2048,16,64,1024,1,244.831
indexer,2048,16,64,2048,1,257.216
indexer,2048,16,64,4096,1,349.665
indexer,2048,16,64,8192,1,601.761
indexer,2048,16,64,16384,1,987.106
indexer,2048,16,128,16,1,194.112
indexer,2048,16,128,32,1,193.152
indexer,2048,16,128,64,1,194.656
indexer,2048,16,128,128,1,205.44
indexer,2048,16,128,256,1,201.665
indexer,2048,16,128,512,1,220.096
indexer,2048,16,128,1024,1,264.578
indexer,2048,16,128,2048,1,375.711
indexer,2048,16,128,4096,1,621.286
indexer,2048,16,128,8192,1,972.734
indexer,2048,16,128,16384,1,1658.79
indexer,2048,32,0,0,1,140.961
indexer,2048,32,1,16,1,174.495
indexer,2048,32,1,32,1,175.169
indexer,2048,32,1,64,1,174.144
indexer,2048,32,1,128,1,174.979
indexer,2048,32,1,256,1,174.53
indexer,2048,32,1,512,1,174.336
indexer,2048,32,1,1024,1,174.787
indexer,2048,32,1,2048,1,176.576
indexer,2048,32,1,4096,1,176.993
indexer,2048,32,1,8192,1,182.85
indexer,2048,32,1,16384,1,194.878
indexer,2048,32,2,16,1,170.721
indexer,2048,32,2,32,1,171.36
indexer,2048,32,2,64,1,171.873
indexer,2048,32,2,128,1,171.328
indexer,2048,32,2,256,1,170.753
indexer,2048,32,2,512,1,170.85
indexer,2048,32,2,1024,1,172.288
indexer,2048,32,2,2048,1,175.104
indexer,2048,32,2,4096,1,181.728
indexer,2048,32,2,8192,1,190.752
indexer,2048,32,2,16384,1,215.168
indexer,2048,32,4,16,1,168.64
indexer,2048,32,4,32,1,169.025
indexer,2048,32,4,64,1,169.056
indexer,2048,32,4,128,1,168.799
indexer,2048,32,4,256,1,170.497
indexer,2048,32,4,512,1,169.25
indexer,2048,32,4,1024,1,172.641
indexer,2048,32,4,2048,1,178.335
indexer,2048,32,4,4096,1,188.417
indexer,2048,32,4,8192,1,214.367
indexer,2048,32,4,16384,1,249.375
indexer,2048,32,8,16,1,169.44
indexer,2048,32,8,32,1,169.218
indexer,2048,32,8,64,1,169.537
indexer,2048,32,8,128,1,170.21
indexer,2048,32,8,256,1,170.591
indexer,2048,32,8,512,1,172.768
indexer,2048,32,8,1024,1,178.241
indexer,2048,32,8,2048,1,189.216
indexer,2048,32,8,4096,1,214.208
indexer,2048,32,8,8192,1,250.369
indexer,2048,32,8,16384,1,304.993
indexer,2048,32,16,16,1,168.224
indexer,2048,32,16,32,1,169.312
indexer,2048,32,16,64,1,169.249
indexer,2048,32,16,128,1,170.912
indexer,2048,32,16,256,1,174.56
indexer,2048,32,16,512,1,178.464
indexer,2048,32,16,1024,1,192.193
indexer,2048,32,16,2048,1,212
indexer,2048,32,16,4096,1,250.717
indexer,2048,32,16,8192,1,306.913
indexer,2048,32,16,16384,1,361.978
indexer,2048,32,32,16,1,170.527
indexer,2048,32,32,32,1,171.488
indexer,2048,32,32,64,1,172.671
indexer,2048,32,32,128,1,175.297
indexer,2048,32,32,256,1,183.268
indexer,2048,32,32,512,1,195.427
indexer,2048,32,32,1024,1,205.472
indexer,2048,32,32,2048,1,241.631
indexer,2048,32,32,4096,1,296.864
indexer,2048,32,32,8192,1,354.371
indexer,2048,32,32,16384,1,612
indexer,2048,32,64,16,1,177.536
indexer,2048,32,64,32,1,177.858
indexer,2048,32,64,64,1,177.985
indexer,2048,32,64,128,1,191.714
indexer,2048,32,64,256,1,204.705
indexer,2048,32,64,512,1,210.625
indexer,2048,32,64,1024,1,244.704
indexer,2048,32,64,2048,1,258.497
indexer,2048,32,64,4096,1,347.585
indexer,2048,32,64,8192,1,604.418
indexer,2048,32,64,16384,1,986.88
indexer,2048,32,128,16,1,194.401
indexer,2048,32,128,32,1,194.336
indexer,2048,32,128,64,1,193.534
indexer,2048,32,128,128,1,206.752
indexer,2048,32,128,256,1,203.616
indexer,2048,32,128,512,1,219.46
indexer,2048,32,128,1024,1,264.354
indexer,2048,32,128,2048,1,377.984
indexer,2048,32,128,4096,1,619.361
indexer,2048,32,128,8192,1,976.355
indexer,2048,32,128,16384,1,1658.89
indexer,2048,64,0,0,1,140.481
indexer,2048,64,1,16,1,174.656
indexer,2048,64,1,32,1,174.113
indexer,2048,64,1,64,1,175.2
indexer,2048,64,1,128,1,174.88
indexer,2048,64,1,256,1,173.822
indexer,2048,64,1,512,1,174.176
indexer,2048,64,1,1024,1,174.175
indexer,2048,64,1,2048,1,175.969
indexer,2048,64,1,4096,1,176.897
indexer,2048,64,1,8192,1,183.072
indexer,2048,64,1,16384,1,192.709
indexer,2048,64,2,16,1,170.686
indexer,2048,64,2,32,1,171.456
indexer,2048,64,2,64,1,170.72
indexer,2048,64,2,128,1,170.754
indexer,2048,64,2,256,1,170.754
indexer,2048,64,2,512,1,170.719
indexer,2048,64,2,1024,1,172.031
indexer,2048,64,2,2048,1,175.394
indexer,2048,64,2,4096,1,180.576
indexer,2048,64,2,8192,1,191.135
indexer,2048,64,2,16384,1,218.493
indexer,2048,64,4,16,1,169.024
indexer,2048,64,4,32,1,168.863
indexer,2048,64,4,64,1,168.831
indexer,2048,64,4,128,1,168.383
indexer,2048,64,4,256,1,169.185
indexer,2048,64,4,512,1,169.824
indexer,2048,64,4,1024,1,171.935
indexer,2048,64,4,2048,1,177.695
indexer,2048,64,4,4096,1,188.16
indexer,2048,64,4,8192,1,216.128
indexer,2048,64,4,16384,1,248.77
indexer,2048,64,8,16,1,169.599
indexer,2048,64,8,32,1,169.505
indexer,2048,64,8,64,1,169.475
indexer,2048,64,8,128,1,169.568
indexer,2048,64,8,256,1,170.336
indexer,2048,64,8,512,1,173.664
indexer,2048,64,8,1024,1,179.394
indexer,2048,64,8,2048,1,189.986
indexer,2048,64,8,4096,1,214.271
indexer,2048,64,8,8192,1,249.793
indexer,2048,64,8,16384,1,303.809
indexer,2048,64,16,16,1,169.376
indexer,2048,64,16,32,1,168.257
indexer,2048,64,16,64,1,169.06
indexer,2048,64,16,128,1,169.919
indexer,2048,64,16,256,1,173.663
indexer,2048,64,16,512,1,178.24
indexer,2048,64,16,1024,1,190.721
indexer,2048,64,16,2048,1,209.92
indexer,2048,64,16,4096,1,248
indexer,2048,64,16,8192,1,306.432
indexer,2048,64,16,16384,1,359.777
indexer,2048,64,32,16,1,169.6
indexer,2048,64,32,32,1,171.263
indexer,2048,64,32,64,1,171.297
indexer,2048,64,32,128,1,175.264
indexer,2048,64,32,256,1,182.049
indexer,2048,64,32,512,1,195.808
indexer,2048,64,32,1024,1,207.585
indexer,2048,64,32,2048,1,240.001
indexer,2048,64,32,4096,1,298.497
indexer,2048,64,32,8192,1,357.665
indexer,2048,64,32,16384,1,604.705
indexer,2048,64,64,16,1,177.409
indexer,2048,64,64,32,1,177.186
indexer,2048,64,64,64,1,176.737
indexer,2048,64,64,128,1,192.8
indexer,2048,64,64,256,1,204.704
indexer,2048,64,64,512,1,210.368
indexer,2048,64,64,1024,1,244.096
indexer,2048,64,64,2048,1,257.535
indexer,2048,64,64,4096,1,351.392
indexer,2048,64,64,8192,1,604.384
indexer,2048,64,64,16384,1,993.346
indexer,2048,64,128,16,1,193.444
indexer,2048,64,128,32,1,194.239
indexer,2048,64,128,64,1,195.967
indexer,2048,64,128,128,1,204.194
indexer,2048,64,128,256,1,203.68
indexer,2048,64,128,512,1,220.736
indexer,2048,64,128,1024,1,265.181
indexer,2048,64,128,2048,1,375.936
indexer,2048,64,128,4096,1,620.546
indexer,2048,64,128,8192,1,971.427
indexer,2048,64,128,16384,1,1656.93
indexer,2048,128,0,0,1,141.153
indexer,2048,128,1,16,1,174.846
indexer,2048,128,1,32,1,175.297
indexer,2048,128,1,64,1,174.75
indexer,2048,128,1,128,1,174.368
indexer,2048,128,1,256,1,175.42
indexer,2048,128,1,512,1,174.848
indexer,2048,128,1,1024,1,174.689
indexer,2048,128,1,2048,1,176.542
indexer,2048,128,1,4096,1,177.663
indexer,2048,128,1,8192,1,185.152
indexer,2048,128,1,16384,1,192.768
indexer,2048,128,2,16,1,171.52
indexer,2048,128,2,32,1,171.072
indexer,2048,128,2,64,1,171.807
indexer,2048,128,2,128,1,171.136
indexer,2048,128,2,256,1,170.755
indexer,2048,128,2,512,1,171.07
indexer,2048,128,2,1024,1,172.608
indexer,2048,128,2,2048,1,175.997
indexer,2048,128,2,4096,1,181.216
indexer,2048,128,2,8192,1,191.362
indexer,2048,128,2,16384,1,218.273
indexer,2048,128,4,16,1,168.448
indexer,2048,128,4,32,1,169.311
indexer,2048,128,4,64,1,168.449
indexer,2048,128,4,128,1,169.282
indexer,2048,128,4,256,1,170.912
indexer,2048,128,4,512,1,170.592
indexer,2048,128,4,1024,1,172.16
indexer,2048,128,4,2048,1,179.775
indexer,2048,128,4,4096,1,190.402
indexer,2048,128,4,8192,1,215.682
indexer,2048,128,4,16384,1,250.144
indexer,2048,128,8,16,1,169.375
indexer,2048,128,8,32,1,169.345
indexer,2048,128,8,64,1,168.929
indexer,2048,128,8,128,1,169.566
indexer,2048,128,8,256,1,170.4
indexer,2048,128,8,512,1,172.545
indexer,2048,128,8,1024,1,179.456
indexer,2048,128,8,2048,1,190.499
indexer,2048,128,8,4096,1,214.338
indexer,2048,128,8,8192,1,250.4
indexer,2048,128,8,16384,1,306.593
indexer,2048,128,16,16,1,169.024
indexer,2048,128,16,32,1,169.282
indexer,2048,128,16,64,1,169.089
indexer,2048,128,16,128,1,170.496
indexer,2048,128,16,256,1,173.219
indexer,2048,128,16,512,1,179.103
indexer,2048,128,16,1024,1,192.224
indexer,2048,128,16,2048,1,208.579
indexer,2048,128,16,4096,1,247.422
indexer,2048,128,16,8192,1,309.406
indexer,2048,128,16,16384,1,357.317
indexer,2048,128,32,16,1,171.841
indexer,2048,128,32,32,1,170.915
indexer,2048,128,32,64,1,171.585
indexer,2048,128,32,128,1,177.506
indexer,2048,128,32,256,1,184.386
indexer,2048,128,32,512,1,196.352
indexer,2048,128,32,1024,1,208.673
indexer,2048,128,32,2048,1,243.585
indexer,2048,128,32,4096,1,294.176
indexer,2048,128,32,8192,1,356.609
indexer,2048,128,32,16384,1,607.393
indexer,2048,128,64,16,1,179.68
indexer,2048,128,64,32,1,178.654
indexer,2048,128,64,64,1,177.888
indexer,2048,128,64,128,1,192.927
indexer,2048,128,64,256,1,204.641
indexer,2048,128,64,512,1,212.736
indexer,2048,128,64,1024,1,247.969
indexer,2048,128,64,2048,1,257.819
indexer,2048,128,64,4096,1,350.467
indexer,2048,128,64,8192,1,605.25
indexer,2048,128,64,16384,1,995.169
indexer,2048,128,128,16,1,193.856
indexer,2048,128,128,32,1,194.206
indexer,2048,128,128,64,1,194.048
indexer,2048,128,128,128,1,205.984
indexer,2048,128,128,256,1,203.169
indexer,2048,128,128,512,1,220.546
indexer,2048,128,128,1024,1,265.376
indexer,2048,128,128,2048,1,377.409
indexer,2048,128,128,4096,1,618.208
indexer,2048,128,128,8192,1,970.561
indexer,2048,128,128,16384,1,1659.75
indexer,2048,256,0,0,1,147.711
indexer,2048,256,1,16,1,180.64
indexer,2048,256,1,32,1,181.472
indexer,2048,256,1,64,1,181.153
indexer,2048,256,1,128,1,181.44
indexer,2048,256,1,256,1,180.863
indexer,2048,256,1,512,1,181.408
indexer,2048,256,1,1024,1,181.504
indexer,2048,256,1,2048,1,183.166
indexer,2048,256,1,4096,1,183.62
indexer,2048,256,1,8192,1,189.857
indexer,2048,256,1,16384,1,200.384
indexer,2048,256,2,16,1,177.985
indexer,2048,256,2,32,1,177.214
indexer,2048,256,2,64,1,178.433
indexer,2048,256,2,128,1,177.15
indexer,2048,256,2,256,1,177.186
indexer,2048,256,2,512,1,177.184
indexer,2048,256,2,1024,1,179.328
indexer,2048,256,2,2048,1,181.442
indexer,2048,256,2,4096,1,186.721
indexer,2048,256,2,8192,1,197.664
indexer,2048,256,2,16384,1,225.634
indexer,2048,256,4,16,1,174.722
indexer,2048,256,4,32,1,174.338
indexer,2048,256,4,64,1,175.23
indexer,2048,256,4,128,1,175.328
indexer,2048,256,4,256,1,175.487
indexer,2048,256,4,512,1,176.384
indexer,2048,256,4,1024,1,178.848
indexer,2048,256,4,2048,1,185.087
indexer,2048,256,4,4096,1,194.626
indexer,2048,256,4,8192,1,219.104
indexer,2048,256,4,16384,1,255.394
indexer,2048,256,8,16,1,175.521
indexer,2048,256,8,32,1,175.552
indexer,2048,256,8,64,1,175.268
indexer,2048,256,8,128,1,175.616
indexer,2048,256,8,256,1,176.097
indexer,2048,256,8,512,1,180.704
indexer,2048,256,8,1024,1,185.44
indexer,2048,256,8,2048,1,195.679
indexer,2048,256,8,4096,1,220.257
indexer,2048,256,8,8192,1,254.624
indexer,2048,256,8,16384,1,314.53
indexer,2048,256,16,16,1,175.006
indexer,2048,256,16,32,1,175.905
indexer,2048,256,16,64,1,176.064
indexer,2048,256,16,128,1,176.51
indexer,2048,256,16,256,1,179.649
indexer,2048,256,16,512,1,185.6
indexer,2048,256,16,1024,1,197.76
indexer,2048,256,16,2048,1,216.512
indexer,2048,256,16,4096,1,254.174
indexer,2048,256,16,8192,1,313.152
indexer,2048,256,16,16384,1,365.056
indexer,2048,256,32,16,1,176.835
indexer,2048,256,32,32,1,176.738
indexer,2048,256,32,64,1,177.184
indexer,2048,256,32,128,1,183.328
indexer,2048,256,32,256,1,188.992
indexer,2048,256,32,512,1,202.72
indexer,2048,256,32,1024,1,212.292
indexer,2048,256,32,2048,1,248.638
indexer,2048,256,32,4096,1,301.794
indexer,2048,256,32,8192,1,363.043
indexer,2048,256,32,16384,1,615.361
indexer,2048,256,64,16,1,183.809
indexer,2048,256,64,32,1,185.856
indexer,2048,256,64,64,1,184.323
indexer,2048,256,64,128,1,198.177
indexer,2048,256,64,256,1,211.011
indexer,2048,256,64,512,1,217.952
indexer,2048,256,64,1024,1,252.002
indexer,2048,256,64,2048,1,262.819
indexer,2048,256,64,4096,1,360.901
indexer,2048,256,64,8192,1,611.68
indexer,2048,256,64,16384,1,983.97
indexer,2048,256,128,16,1,199.266
indexer,2048,256,128,32,1,199.424
indexer,2048,256,128,64,1,199.009
indexer,2048,256,128,128,1,210.5
indexer,2048,256,128,256,1,207.329
indexer,2048,256,128,512,1,226.623
indexer,2048,256,128,1024,1,268.769
indexer,2048,256,128,2048,1,385.6
indexer,2048,256,128,4096,1,624.384
indexer,2048,256,128,8192,1,981.508
indexer,2048,256,128,16384,1,1664.23
indexer,2048,512,0,0,1,159.808
indexer,2048,512,1,16,1,192.801
indexer,2048,512,1,32,1,193.119
indexer,2048,512,1,64,1,193.408
indexer,2048,512,1,128,1,193.696
indexer,2048,512,1,256,1,194.208
indexer,2048,512,1,512,1,193.154
indexer,2048,512,1,1024,1,192.609
indexer,2048,512,1,2048,1,194.75
indexer,2048,512,1,4096,1,196.674
indexer,2048,512,1,8192,1,200.42
indexer,2048,512,1,16384,1,212.162
indexer,2048,512,2,16,1,189.791
indexer,2048,512,2,32,1,189.92
indexer,2048,512,2,64,1,189.887
indexer,2048,512,2,128,1,189.28
indexer,2048,512,2,256,1,189.857
indexer,2048,512,2,512,1,189.889
indexer,2048,512,2,1024,1,190.528
indexer,2048,512,2,2048,1,192.705
indexer,2048,512,2,4096,1,196.928
indexer,2048,512,2,8192,1,208.896
indexer,2048,512,2,16384,1,235.136
indexer,2048,512,4,16,1,187.264
indexer,2048,512,4,32,1,187.647
indexer,2048,512,4,64,1,186.817
indexer,2048,512,4,128,1,187.394
indexer,2048,512,4,256,1,188.992
indexer,2048,512,4,512,1,188.96
indexer,2048,512,4,1024,1,190.88
indexer,2048,512,4,2048,1,195.041
indexer,2048,512,4,4096,1,207.299
indexer,2048,512,4,8192,1,233.472
indexer,2048,512,4,16384,1,267.967
indexer,2048,512,8,16,1,187.807
indexer,2048,512,8,32,1,187.423
indexer,2048,512,8,64,1,187.328
indexer,2048,512,8,128,1,189.247
indexer,2048,512,8,256,1,188.512
indexer,2048,512,8,512,1,191.525
indexer,2048,512,8,1024,1,196.864
indexer,2048,512,8,2048,1,208.448
indexer,2048,512,8,4096,1,231.682
indexer,2048,512,8,8192,1,265.793
indexer,2048,512,8,16384,1,322.497
indexer,2048,512,16,16,1,187.714
indexer,2048,512,16,32,1,187.874
indexer,2048,512,16,64,1,188.481
indexer,2048,512,16,128,1,188.641
indexer,2048,512,16,256,1,190.561
indexer,2048,512,16,512,1,195.648
indexer,2048,512,16,1024,1,211.168
indexer,2048,512,16,2048,1,228.704
indexer,2048,512,16,4096,1,265.892
indexer,2048,512,16,8192,1,324.512
indexer,2048,512,16,16384,1,378.752
indexer,2048,512,32,16,1,189.536
indexer,2048,512,32,32,1,189.699
indexer,2048,512,32,64,1,188.897
indexer,2048,512,32,128,1,193.536
indexer,2048,512,32,256,1,201.186
indexer,2048,512,32,512,1,214.177
indexer,2048,512,32,1024,1,225.346
indexer,2048,512,32,2048,1,261.984
indexer,2048,512,32,4096,1,297.151
indexer,2048,512,32,8192,1,375.166
indexer,2048,512,32,16384,1,625.762
indexer,2048,512,64,16,1,195.04
indexer,2048,512,64,32,1,196.192
indexer,2048,512,64,64,1,195.907
indexer,2048,512,64,128,1,209.728
indexer,2048,512,64,256,1,223.583
indexer,2048,512,64,512,1,230.08
indexer,2048,512,64,1024,1,265.665
indexer,2048,512,64,2048,1,275.202
indexer,2048,512,64,4096,1,374.399
indexer,2048,512,64,8192,1,621.987
indexer,2048,512,64,16384,1,1012.58
indexer,2048,512,128,16,1,210.048
indexer,2048,512,128,32,1,211.424
indexer,2048,512,128,64,1,211.266
indexer,2048,512,128,128,1,223.841
indexer,2048,512,128,256,1,220.416
indexer,2048,512,128,512,1,235.458
indexer,2048,512,128,1024,1,281.508
indexer,2048,512,128,2048,1,394.307
indexer,2048,512,128,4096,1,633.376
indexer,2048,512,128,8192,1,989.281
indexer,2048,512,128,16384,1,1682.12
indexer,2048,1024,0,0,1,184.255
indexer,2048,1024,1,16,1,218.175
indexer,2048,1024,1,32,1,218.435
indexer,2048,1024,1,64,1,218.368
indexer,2048,1024,1,128,1,218.212
indexer,2048,1024,1,256,1,216.993
indexer,2048,1024,1,512,1,218.176
indexer,2048,1024,1,1024,1,217.536
indexer,2048,1024,1,2048,1,220.064
indexer,2048,1024,1,4096,1,220.416
indexer,2048,1024,1,8192,1,226.24
indexer,2048,1024,1,16384,1,236.45
indexer,2048,1024,2,16,1,213.984
indexer,2048,1024,2,32,1,213.984
indexer,2048,1024,2,64,1,214.432
indexer,2048,1024,2,128,1,213.377
indexer,2048,1024,2,256,1,214.243
indexer,2048,1024,2,512,1,213.444
indexer,2048,1024,2,1024,1,215.52
indexer,2048,1024,2,2048,1,216.355
indexer,2048,1024,2,4096,1,221.602
indexer,2048,1024,2,8192,1,233.952
indexer,2048,1024,2,16384,1,258.688
indexer,2048,1024,4,16,1,211.648
indexer,2048,1024,4,32,1,211.808
indexer,2048,1024,4,64,1,211.521
indexer,2048,1024,4,128,1,212.193
indexer,2048,1024,4,256,1,213.053
indexer,2048,1024,4,512,1,213.219
indexer,2048,1024,4,1024,1,214.945
indexer,2048,1024,4,2048,1,221.695
indexer,2048,1024,4,4096,1,232.034
indexer,2048,1024,4,8192,1,256.003
indexer,2048,1024,4,16384,1,291.393
indexer,2048,1024,8,16,1,211.587
indexer,2048,1024,8,32,1,212.193
indexer,2048,1024,8,64,1,212.414
indexer,2048,1024,8,128,1,212.671
indexer,2048,1024,8,256,1,213.247
indexer,2048,1024,8,512,1,215.201
indexer,2048,1024,8,1024,1,219.329
indexer,2048,1024,8,2048,1,232.673
indexer,2048,1024,8,4096,1,257.09
indexer,2048,1024,8,8192,1,293.92
indexer,2048,1024,8,16384,1,345.761
indexer,2048,1024,16,16,1,212.257
indexer,2048,1024,16,32,1,212.703
indexer,2048,1024,16,64,1,212.735
indexer,2048,1024,16,128,1,213.728
indexer,2048,1024,16,256,1,215.553
indexer,2048,1024,16,512,1,222.21
indexer,2048,1024,16,1024,1,234.496
indexer,2048,1024,16,2048,1,252.608
indexer,2048,1024,16,4096,1,289.378
indexer,2048,1024,16,8192,1,350.017
indexer,2048,1024,16,16384,1,406.271
indexer,2048,1024,32,16,1,215.646
indexer,2048,1024,32,32,1,213.376
indexer,2048,1024,32,64,1,214.08
indexer,2048,1024,32,128,1,217.569
indexer,2048,1024,32,256,1,224.288
indexer,2048,1024,32,512,1,239.488
indexer,2048,1024,32,1024,1,249.186
indexer,2048,1024,32,2048,1,284.992
indexer,2048,1024,32,4096,1,341.955
indexer,2048,1024,32,8192,1,398.852
indexer,2048,1024,32,16384,1,643.906
indexer,2048,1024,64,16,1,219.231
indexer,2048,1024,64,32,1,219.427
indexer,2048,1024,64,64,1,219.455
indexer,2048,1024,64,128,1,232.74
indexer,2048,1024,64,256,1,247.008
indexer,2048,1024,64,512,1,254.431
indexer,2048,1024,64,1024,1,288.318
indexer,2048,1024,64,2048,1,300.222
indexer,2048,1024,64,4096,1,402.594
indexer,2048,1024,64,8192,1,645.313
indexer,2048,1024,64,16384,1,1025.7
indexer,2048,1024,128,16,1,235.744
indexer,2048,1024,128,32,1,235.744
indexer,2048,1024,128,64,1,234.785
indexer,2048,1024,128,128,1,246.625
indexer,2048,1024,128,256,1,246.56
indexer,2048,1024,128,512,1,262.913
indexer,2048,1024,128,1024,1,308.737
indexer,2048,1024,128,2048,1,417.602
indexer,2048,1024,128,4096,1,656.806
indexer,2048,1024,128,8192,1,1016.61
indexer,2048,1024,128,16384,1,1701.54
indexer,2048,2048,0,0,1,234.05
indexer,2048,2048,1,16,1,268.227
indexer,2048,2048,1,32,1,269.183
indexer,2048,2048,1,64,1,267.136
indexer,2048,2048,1,128,1,267.233
indexer,2048,2048,1,256,1,268
indexer,2048,2048,1,512,1,267.841
indexer,2048,2048,1,1024,1,268.227
indexer,2048,2048,1,2048,1,267.586
indexer,2048,2048,1,4096,1,270.753
indexer,2048,2048,1,8192,1,274.592
indexer,2048,2048,1,16384,1,286.335
indexer,2048,2048,2,16,1,264.356
indexer,2048,2048,2,32,1,263.713
indexer,2048,2048,2,64,1,263.392
indexer,2048,2048,2,128,1,263.265
indexer,2048,2048,2,256,1,263.903
indexer,2048,2048,2,512,1,263.587
indexer,2048,2048,2,1024,1,264.383
indexer,2048,2048,2,2048,1,267.842
indexer,2048,2048,2,4096,1,270.527
indexer,2048,2048,2,8192,1,281.38
indexer,2048,2048,2,16384,1,306.976
indexer,2048,2048,4,16,1,260.895
indexer,2048,2048,4,32,1,260.672
indexer,2048,2048,4,64,1,260.095
indexer,2048,2048,4,128,1,261.888
indexer,2048,2048,4,256,1,262.276
indexer,2048,2048,4,512,1,263.267
indexer,2048,2048,4,1024,1,265.792
indexer,2048,2048,4,2048,1,268.894
indexer,2048,2048,4,4096,1,279.298
indexer,2048,2048,4,8192,1,304.418
indexer,2048,2048,4,16384,1,339.168
indexer,2048,2048,8,16,1,261.248
indexer,2048,2048,8,32,1,261.472
indexer,2048,2048,8,64,1,261.281
indexer,2048,2048,8,128,1,262.015
indexer,2048,2048,8,256,1,263.458
indexer,2048,2048,8,512,1,266.241
indexer,2048,2048,8,1024,1,269.665
indexer,2048,2048,8,2048,1,282.144
indexer,2048,2048,8,4096,1,304.29
indexer,2048,2048,8,8192,1,338.34
indexer,2048,2048,8,16384,1,395.263
indexer,2048,2048,16,16,1,261.47
indexer,2048,2048,16,32,1,261.665
indexer,2048,2048,16,64,1,262.306
indexer,2048,2048,16,128,1,263.36
indexer,2048,2048,16,256,1,265.826
indexer,2048,2048,16,512,1,270.786
indexer,2048,2048,16,1024,1,283.775
indexer,2048,2048,16,2048,1,299.938
indexer,2048,2048,16,4096,1,339.233
indexer,2048,2048,16,8192,1,396.606
indexer,2048,2048,16,16384,1,451.04
indexer,2048,2048,32,16,1,262.784
indexer,2048,2048,32,32,1,263.073
indexer,2048,2048,32,64,1,263.041
indexer,2048,2048,32,128,1,267.648
indexer,2048,2048,32,256,1,272.479
indexer,2048,2048,32,512,1,288.256
indexer,2048,2048,32,1024,1,297.026
indexer,2048,2048,32,2048,1,334.272
indexer,2048,2048,32,4096,1,386.051
indexer,2048,2048,32,8192,1,448.673
indexer,2048,2048,32,16384,1,699.36
indexer,2048,2048,64,16,1,268.929
indexer,2048,2048,64,32,1,269.024
indexer,2048,2048,64,64,1,267.969
indexer,2048,2048,64,128,1,282.849
indexer,2048,2048,64,256,1,295.646
indexer,2048,2048,64,512,1,300.512
indexer,2048,2048,64,1024,1,338.21
indexer,2048,2048,64,2048,1,348.575
indexer,2048,2048,64,4096,1,445.633
indexer,2048,2048,64,8192,1,698.881
indexer,2048,2048,64,16384,1,1091.81
indexer,2048,2048,128,16,1,284.383
indexer,2048,2048,128,32,1,283.008
indexer,2048,2048,128,64,1,282.593
indexer,2048,2048,128,128,1,298.175
indexer,2048,2048,128,256,1,293.121
indexer,2048,2048,128,512,1,311.2
indexer,2048,2048,128,1024,1,357.281
indexer,2048,2048,128,2048,1,465.058
indexer,2048,2048,128,4096,1,715.235
indexer,2048,2048,128,8192,1,1062.24
indexer,2048,2048,128,16384,1,1743.91
indexer,2048,4096,0,0,1,331.328
indexer,2048,4096,1,16,1,364.769
indexer,2048,4096,1,32,1,366.209
indexer,2048,4096,1,64,1,365.472
indexer,2048,4096,1,128,1,365.535
indexer,2048,4096,1,256,1,364.737
indexer,2048,4096,1,512,1,365.538
indexer,2048,4096,1,1024,1,364.255
indexer,2048,4096,1,2048,1,367.424
indexer,2048,4096,1,4096,1,368.704
indexer,2048,4096,1,8192,1,374.18
indexer,2048,4096,1,16384,1,386.978
indexer,2048,4096,2,16,1,361.793
indexer,2048,4096,2,32,1,360.961
indexer,2048,4096,2,64,1,362.56
indexer,2048,4096,2,128,1,361.121
indexer,2048,4096,2,256,1,361.248
indexer,2048,4096,2,512,1,361.6
indexer,2048,4096,2,1024,1,364
indexer,2048,4096,2,2048,1,365.571
indexer,2048,4096,2,4096,1,369.345
indexer,2048,4096,2,8192,1,381.57
indexer,2048,4096,2,16384,1,406.497
indexer,2048,4096,4,16,1,359.394
indexer,2048,4096,4,32,1,359.65
indexer,2048,4096,4,64,1,358.655
indexer,2048,4096,4,128,1,359.682
indexer,2048,4096,4,256,1,360.484
indexer,2048,4096,4,512,1,361.858
indexer,2048,4096,4,1024,1,363.391
indexer,2048,4096,4,2048,1,367.585
indexer,2048,4096,4,4096,1,381.632
indexer,2048,4096,4,8192,1,406.018
indexer,2048,4096,4,16384,1,439.777
indexer,2048,4096,8,16,1,360.065
indexer,2048,4096,8,32,1,359.872
indexer,2048,4096,8,64,1,359.266
indexer,2048,4096,8,128,1,360.638
indexer,2048,4096,8,256,1,361.185
indexer,2048,4096,8,512,1,362.337
indexer,2048,4096,8,1024,1,367.584
indexer,2048,4096,8,2048,1,384
indexer,2048,4096,8,4096,1,403.937
indexer,2048,4096,8,8192,1,442.688
indexer,2048,4096,8,16384,1,498.721
indexer,2048,4096,16,16,1,360.257
indexer,2048,4096,16,32,1,360.065
indexer,2048,4096,16,64,1,359.487
indexer,2048,4096,16,128,1,362.499
indexer,2048,4096,16,256,1,363.839
indexer,2048,4096,16,512,1,368.579
indexer,2048,4096,16,1024,1,382.88
indexer,2048,4096,16,2048,1,399.809
indexer,2048,4096,16,4096,1,439.551
indexer,2048,4096,16,8192,1,493.889
indexer,2048,4096,16,16384,1,549.953
indexer,2048,4096,32,16,1,362.687
indexer,2048,4096,32,32,1,361.056
indexer,2048,4096,32,64,1,361.376
indexer,2048,4096,32,128,1,368.578
indexer,2048,4096,32,256,1,373.344
indexer,2048,4096,32,512,1,387.905
indexer,2048,4096,32,1024,1,397.471
indexer,2048,4096,32,2048,1,433.025
indexer,2048,4096,32,4096,1,493.089
indexer,2048,4096,32,8192,1,548.352
indexer,2048,4096,32,16384,1,804.514
indexer,2048,4096,64,16,1,370.336
indexer,2048,4096,64,32,1,368.419
indexer,2048,4096,64,64,1,368.705
indexer,2048,4096,64,128,1,381.826
indexer,2048,4096,64,256,1,396.896
indexer,2048,4096,64,512,1,399.65
indexer,2048,4096,64,1024,1,433.439
indexer,2048,4096,64,2048,1,446.784
indexer,2048,4096,64,4096,1,548.674
indexer,2048,4096,64,8192,1,797.923
indexer,2048,4096,64,16384,1,1189.32
indexer,2048,4096,128,16,1,384.706
indexer,2048,4096,128,32,1,383.298
indexer,2048,4096,128,64,1,384.289
indexer,2048,4096,128,128,1,399.33
indexer,2048,4096,128,256,1,395.04
indexer,2048,4096,128,512,1,411.167
indexer,2048,4096,128,1024,1,453.952
indexer,2048,4096,128,2048,1,565.698
indexer,2048,4096,128,4096,1,809.121
indexer,2048,4096,128,8192,1,1160.68
indexer,2048,4096,128,16384,1,1844.01
indexer,2048,8192,0,0,1,564.452
indexer,2048,8192,1,16,1,598.179
indexer,2048,8192,1,32,1,597.539
indexer,2048,8192,1,64,1,597.889
indexer,2048,8192,1,128,1,599.296
indexer,2048,8192,1,256,1,597.76
indexer,2048,8192,1,512,1,598.274
indexer,2048,8192,1,1024,1,597.313
indexer,2048,8192,1,2048,1,598.02
indexer,2048,8192,1,4096,1,600.162
indexer,2048,8192,1,8192,1,606.849
indexer,2048,8192,1,16384,1,622.24
indexer,2048,8192,2,16,1,595.008
indexer,2048,8192,2,32,1,593.985
indexer,2048,8192,2,64,1,594.082
indexer,2048,8192,2,128,1,593.311
indexer,2048,8192,2,256,1,592.801
indexer,2048,8192,2,512,1,593.984
indexer,2048,8192,2,1024,1,595.263
indexer,2048,8192,2,2048,1,597.856
indexer,2048,8192,2,4096,1,601.6
indexer,2048,8192,2,8192,1,618.049
indexer,2048,8192,2,16384,1,640.8
indexer,2048,8192,4,16,1,591.17
indexer,2048,8192,4,32,1,591.295
indexer,2048,8192,4,64,1,592.034
indexer,2048,8192,4,128,1,592.547
indexer,2048,8192,4,256,1,592.384
indexer,2048,8192,4,512,1,593.282
indexer,2048,8192,4,1024,1,596.224
indexer,2048,8192,4,2048,1,600.129
indexer,2048,8192,4,4096,1,616.706
indexer,2048,8192,4,8192,1,638.046
indexer,2048,8192,4,16384,1,671.394
indexer,2048,8192,8,16,1,591.584
indexer,2048,8192,8,32,1,591.586
indexer,2048,8192,8,64,1,592.32
indexer,2048,8192,8,128,1,592.418
indexer,2048,8192,8,256,1,593.602
indexer,2048,8192,8,512,1,596.579
indexer,2048,8192,8,1024,1,601.955
indexer,2048,8192,8,2048,1,618.239
indexer,2048,8192,8,4096,1,638.336
indexer,2048,8192,8,8192,1,673.089
indexer,2048,8192,8,16384,1,727.649
indexer,2048,8192,16,16,1,592.289
indexer,2048,8192,16,32,1,591.97
indexer,2048,8192,16,64,1,592.642
indexer,2048,8192,16,128,1,594.242
indexer,2048,8192,16,256,1,596.193
indexer,2048,8192,16,512,1,601.442
indexer,2048,8192,16,1024,1,619.97
indexer,2048,8192,16,2048,1,630.88
indexer,2048,8192,16,4096,1,671.584
indexer,2048,8192,16,8192,1,729.285
indexer,2048,8192,16,16384,1,784.545
indexer,2048,8192,32,16,1,595.268
indexer,2048,8192,32,32,1,595.582
indexer,2048,8192,32,64,1,595.297
indexer,2048,8192,32,128,1,600.481
indexer,2048,8192,32,256,1,607.939
indexer,2048,8192,32,512,1,623.329
indexer,2048,8192,32,1024,1,627.521
indexer,2048,8192,32,2048,1,665.953
indexer,2048,8192,32,4096,1,719.329
indexer,2048,8192,32,8192,1,780.451
indexer,2048,8192,32,16384,1,1034.88
indexer,2048,8192,64,16,1,601.889
indexer,2048,8192,64,32,1,602.276
indexer,2048,8192,64,64,1,602.528
indexer,2048,8192,64,128,1,615.426
indexer,2048,8192,64,256,1,629.505
indexer,2048,8192,64,512,1,631.52
indexer,2048,8192,64,1024,1,669.859
indexer,2048,8192,64,2048,1,677.249
indexer,2048,8192,64,4096,1,784.289
indexer,2048,8192,64,8192,1,1025.41
indexer,2048,8192,64,16384,1,1406.95
indexer,2048,8192,128,16,1,619.073
indexer,2048,8192,128,32,1,617.889
indexer,2048,8192,128,64,1,616.832
indexer,2048,8192,128,128,1,626.978
indexer,2048,8192,128,256,1,626.308
indexer,2048,8192,128,512,1,641.796
indexer,2048,8192,128,1024,1,688.258
indexer,2048,8192,128,2048,1,802.048
indexer,2048,8192,128,4096,1,1045.09
indexer,2048,8192,128,8192,1,1395.4
indexer,2048,8192,128,16384,1,2067.17
indexer,2048,16384,0,0,1,992.834
indexer,2048,16384,1,16,1,1028.77
indexer,2048,16384,1,32,1,1026.53
indexer,2048,16384,1,64,1,1026.72
indexer,2048,16384,1,128,1,1025.09
indexer,2048,16384,1,256,1,1026.72
indexer,2048,16384,1,512,1,1024.84
indexer,2048,16384,1,1024,1,1025.73
indexer,2048,16384,1,2048,1,1028.84
indexer,2048,16384,1,4096,1,1030.4
indexer,2048,16384,1,8192,1,1039.62
indexer,2048,16384,1,16384,1,1053.25
indexer,2048,16384,2,16,1,1022.75
indexer,2048,16384,2,32,1,1022.66
indexer,2048,16384,2,64,1,1023.49
indexer,2048,16384,2,128,1,1022.63
indexer,2048,16384,2,256,1,1022.08
indexer,2048,16384,2,512,1,1022.56
indexer,2048,16384,2,1024,1,1023.46
indexer,2048,16384,2,2048,1,1028.04
indexer,2048,16384,2,4096,1,1036.87
indexer,2048,16384,2,8192,1,1050.11
indexer,2048,16384,2,16384,1,1065.96
indexer,2048,16384,4,16,1,1019.72
indexer,2048,16384,4,32,1,1019.33
indexer,2048,16384,4,64,1,1021.28
indexer,2048,16384,4,128,1,1019
indexer,2048,16384,4,256,1,1019.27
indexer,2048,16384,4,512,1,1021.54
indexer,2048,16384,4,1024,1,1026.27
indexer,2048,16384,4,2048,1,1033.47
indexer,2048,16384,4,4096,1,1049.38
indexer,2048,16384,4,8192,1,1062.24
indexer,2048,16384,4,16384,1,1100.87
indexer,2048,16384,8,16,1,1021.99
indexer,2048,16384,8,32,1,1019.23
indexer,2048,16384,8,64,1,1020.87
indexer,2048,16384,8,128,1,1022.27
indexer,2048,16384,8,256,1,1022.88
indexer,2048,16384,8,512,1,1028.1
indexer,2048,16384,8,1024,1,1036.23
indexer,2048,16384,8,2048,1,1048.1
indexer,2048,16384,8,4096,1,1063.2
indexer,2048,16384,8,8192,1,1105.67
indexer,2048,16384,8,16384,1,1158.34
indexer,2048,16384,16,16,1,1020.58
indexer,2048,16384,16,32,1,1020.29
indexer,2048,16384,16,64,1,1021.28
indexer,2048,16384,16,128,1,1023.17
indexer,2048,16384,16,256,1,1027.9
indexer,2048,16384,16,512,1,1034.69
indexer,2048,16384,16,1024,1,1048.51
indexer,2048,16384,16,2048,1,1059.62
indexer,2048,16384,16,4096,1,1098.79
indexer,2048,16384,16,8192,1,1157.28
indexer,2048,16384,16,16384,1,1218.27
indexer,2048,16384,32,16,1,1024.16
indexer,2048,16384,32,32,1,1023.27
indexer,2048,16384,32,64,1,1024.06
indexer,2048,16384,32,128,1,1032.67
indexer,2048,16384,32,256,1,1039.78
indexer,2048,16384,32,512,1,1052.9
indexer,2048,16384,32,1024,1,1055.59
indexer,2048,16384,32,2048,1,1094.28
indexer,2048,16384,32,4096,1,1148.07
indexer,2048,16384,32,8192,1,1208.99
indexer,2048,16384,32,16384,1,1470.76
indexer,2048,16384,64,16,1,1030.66
indexer,2048,16384,64,32,1,1032.84
indexer,2048,16384,64,64,1,1032.42
indexer,2048,16384,64,128,1,1043.65
indexer,2048,16384,64,256,1,1056.19
indexer,2048,16384,64,512,1,1062.5
indexer,2048,16384,64,1024,1,1095.39
indexer,2048,16384,64,2048,1,1106.21
indexer,2048,16384,64,4096,1,1212.26
indexer,2048,16384,64,8192,1,1453.64
indexer,2048,16384,64,16384,1,1837.96
indexer,2048,16384,128,16,1,1042.08
indexer,2048,16384,128,32,1,1043.17
indexer,2048,16384,128,64,1,1043.97
indexer,2048,16384,128,128,1,1056.19
indexer,2048,16384,128,256,1,1052
indexer,2048,16384,128,512,1,1068.45
indexer,2048,16384,128,1024,1,1115.84
indexer,2048,16384,128,2048,1,1229.89
indexer,2048,16384,128,4096,1,1478.6
indexer,2048,16384,128,8192,1,1824.45
indexer,2048,16384,128,16384,1,2504.93
sparse_attention,0,0,1,16,1,15.361
sparse_attention,0,0,1,32,1,15.072
sparse_attention,0,0,1,64,1,15.55
sparse_attention,0,0,1,128,1,17.152
sparse_attention,0,0,1,256,1,17.25
sparse_attention,0,0,1,512,1,17.632
sparse_attention,0,0,1,1024,1,19.137
sparse_attention,0,0,1,2048,1,22.144
sparse_attention,0,0,1,4096,1,22.655
sparse_attention,0,0,1,8192,1,22.751
sparse_attention,0,0,1,16384,1,22.911
sparse_attention,0,0,2,16,1,15.296
sparse_attention,0,0,2,32,1,15.392
sparse_attention,0,0,2,64,1,16
sparse_attention,0,0,2,128,1,17.601
sparse_attention,0,0,2,256,1,17.92
sparse_attention,0,0,2,512,1,20.129
sparse_attention,0,0,2,1024,1,23.104
sparse_attention,0,0,2,2048,1,30.56
sparse_attention,0,0,2,4096,1,30.592
sparse_attention,0,0,2,8192,1,31.232
sparse_attention,0,0,2,16384,1,30.656
sparse_attention,0,0,4,16,1,20.352
sparse_attention,0,0,4,32,1,20.419
sparse_attention,0,0,4,64,1,20.799
sparse_attention,0,0,4,128,1,22.304
sparse_attention,0,0,4,256,1,22.786
sparse_attention,0,0,4,512,1,26.209
sparse_attention,0,0,4,1024,1,34.657
sparse_attention,0,0,4,2048,1,49.407
sparse_attention,0,0,4,4096,1,49.312
sparse_attention,0,0,4,8192,1,49.568
sparse_attention,0,0,4,16384,1,49.249
sparse_attention,0,0,8,16,1,21.664
sparse_attention,0,0,8,32,1,21.89
sparse_attention,0,0,8,64,1,22.592
sparse_attention,0,0,8,128,1,27.519
sparse_attention,0,0,8,256,1,28.959
sparse_attention,0,0,8,512,1,36.993
sparse_attention,0,0,8,1024,1,52.96
sparse_attention,0,0,8,2048,1,82.624
sparse_attention,0,0,8,4096,1,82.241
sparse_attention,0,0,8,8192,1,81.505
sparse_attention,0,0,8,16384,1,81.952
sparse_attention,0,0,16,16,1,22.432
sparse_attention,0,0,16,32,1,22.816
sparse_attention,0,0,16,64,1,23.36
sparse_attention,0,0,16,128,1,30.944
sparse_attention,0,0,16,256,1,40.64
sparse_attention,0,0,16,512,1,54.59
sparse_attention,0,0,16,1024,1,87.841
sparse_attention,0,0,16,2048,1,144.383
sparse_attention,0,0,16,4096,1,143.232
sparse_attention,0,0,16,8192,1,143.425
sparse_attention,0,0,16,16384,1,144.449
sparse_attention,0,0,32,16,1,21.824
sparse_attention,0,0,32,32,1,22.464
sparse_attention,0,0,32,64,1,26.56
sparse_attention,0,0,32,128,1,40.096
sparse_attention,0,0,32,256,1,56.415
sparse_attention,0,0,32,512,1,88.898
sparse_attention,0,0,32,1024,1,154.816
sparse_attention,0,0,32,2048,1,277.632
sparse_attention,0,0,32,4096,1,280.002
sparse_attention,0,0,32,8192,1,280.961
sparse_attention,0,0,32,16384,1,270.817
sparse_attention,0,0,64,16,1,35.488
sparse_attention,0,0,64,32,1,38.754
sparse_attention,0,0,64,64,1,45.857
sparse_attention,0,0,64,128,1,68.765
sparse_attention,0,0,64,256,1,106.08
sparse_attention,0,0,64,512,1,168.993
sparse_attention,0,0,64,1024,1,304.383
sparse_attention,0,0,64,2048,1,539.712
sparse_attention,0,0,64,4096,1,539.584
sparse_attention,0,0,64,8192,1,528.801
sparse_attention,0,0,64,16384,1,529.476
sparse_attention,0,0,128,16,1,59.392
sparse_attention,0,0,128,32,1,63.137
sparse_attention,0,0,128,64,1,76.543
sparse_attention,0,0,128,128,1,114.208
sparse_attention,0,0,128,256,1,179.52
sparse_attention,0,0,128,512,1,327.167
sparse_attention,0,0,128,1024,1,597.666
sparse_attention,0,0,128,2048,1,1059.33
sparse_attention,0,0,128,4096,1,1045.7
sparse_attention,0,0,128,8192,1,1036.42
sparse_attention,0,0,128,16384,1,1039.11
sparse_attention,0,0,256,16,1,111.072
sparse_attention,0,0,256,32,1,111.583
sparse_attention,0,0,256,64,1,133.12
sparse_attention,0,0,256,128,1,206.338
sparse_attention,0,0,256,256,1,354.752
sparse_attention,0,0,256,512,1,642.945
sparse_attention,0,0,256,1024,1,1175.26
sparse_attention,0,0,256,2048,1,2068.42
sparse_attention,0,0,256,4096,1,2063.84
sparse_attention,0,0,256,8192,1,2063.65
sparse_attention,0,0,256,16384,1,2071.81
sparse_attention,16,0,0,0,1,11.521
sparse_attention,16,0,1,16,1,26.175
sparse_attention,16,0,1,32,1,26.24
sparse_attention,16,0,1,64,1,26.817
sparse_attention,16,0,1,128,1,28.256
sparse_attention,16,0,1,256,1,28.192
sparse_attention,16,0,1,512,1,28.766
sparse_attention,16,0,1,1024,1,30.496
sparse_attention,16,0,1,2048,1,33.216
sparse_attention,16,0,1,4096,1,33.664
sparse_attention,16,0,1,8192,1,33.759
sparse_attention,16,0,1,16384,1,34.272
sparse_attention,16,0,2,16,1,26.784
sparse_attention,16,0,2,32,1,26.591
sparse_attention,16,0,2,64,1,27.107
sparse_attention,16,0,2,128,1,28.64
sparse_attention,16,0,2,256,1,28.896
sparse_attention,16,0,2,512,1,30.974
sparse_attention,16,0,2,1024,1,34.851
sparse_attention,16,0,2,2048,1,41.407
sparse_attention,16,0,2,4096,1,42.143
sparse_attention,16,0,2,8192,1,42.017
sparse_attention,16,0,2,16384,1,42.368
sparse_attention,16,0,4,16,1,31.553
sparse_attention,16,0,4,32,1,31.519
sparse_attention,16,0,4,64,1,32.192
sparse_attention,16,0,4,128,1,33.248
sparse_attention,16,0,4,256,1,33.505
sparse_attention,16,0,4,512,1,37.151
sparse_attention,16,0,4,1024,1,45.248
sparse_attention,16,0,4,2048,1,61.952
sparse_attention,16,0,4,4096,1,61.92
sparse_attention,16,0,4,8192,1,61.856
sparse_attention,16,0,4,16384,1,60.48
sparse_attention,16,0,8,16,1,33.344
sparse_attention,16,0,8,32,1,33.121
sparse_attention,16,0,8,64,1,33.792
sparse_attention,16,0,8,128,1,38.336
sparse_attention,16,0,8,256,1,39.105
sparse_attention,16,0,8,512,1,47.779
sparse_attention,16,0,8,1024,1,65.599
sparse_attention,16,0,8,2048,1,95.041
sparse_attention,16,0,8,4096,1,94.528
sparse_attention,16,0,8,8192,1,92.576
sparse_attention,16,0,8,16384,1,93.728
sparse_attention,16,0,16,16,1,33.504
sparse_attention,16,0,16,32,1,33.6
sparse_attention,16,0,16,64,1,34.658
sparse_attention,16,0,16,128,1,42.625
sparse_attention,16,0,16,256,1,51.968
sparse_attention,16,0,16,512,1,64.608
sparse_attention,16,0,16,1024,1,98.911
sparse_attention,16,0,16,2048,1,155.263
sparse_attention,16,0,16,4096,1,154.623
sparse_attention,16,0,16,8192,1,155.264
sparse_attention,16,0,16,16384,1,161.473
sparse_attention,16,0,32,16,1,33.566
sparse_attention,16,0,32,32,1,33.92
sparse_attention,16,0,32,64,1,38.914
sparse_attention,16,0,32,128,1,54.56
sparse_attention,16,0,32,256,1,72.8
sparse_attention,16,0,32,512,1,108.896
sparse_attention,16,0,32,1024,1,173.985
sparse_attention,16,0,32,2048,1,284.288
sparse_attention,16,0,32,4096,1,283.328
sparse_attention,16,0,32,8192,1,285.152
sparse_attention,16,0,32,16384,1,277.249
sparse_attention,16,0,64,16,1,45.955
sparse_attention,16,0,64,32,1,49.6
sparse_attention,16,0,64,64,1,54.913
sparse_attention,16,0,64,128,1,77.439
sparse_attention,16,0,64,256,1,111.711
sparse_attention,16,0,64,512,1,178.624
sparse_attention,16,0,64,1024,1,316.065
sparse_attention,16,0,64,2048,1,555.167
sparse_attention,16,0,64,4096,1,553.984
sparse_attention,16,0,64,8192,1,541.569
sparse_attention,16,0,64,16384,1,540.673
sparse_attention,16,0,128,16,1,68.736
sparse_attention,16,0,128,32,1,74.016
sparse_attention,16,0,128,64,1,86.368
sparse_attention,16,0,128,128,1,124.643
sparse_attention,16,0,128,256,1,193.857
sparse_attention,16,0,128,512,1,338.496
sparse_attention,16,0,128,1024,1,610.625
sparse_attention,16,0,128,2048,1,1069.12
sparse_attention,16,0,128,4096,1,1049.83
sparse_attention,16,0,128,8192,1,1047.65
sparse_attention,16,0,128,16384,1,1048.13
sparse_attention,16,16,0,0,1,12.192
sparse_attention,16,16,1,16,1,26.882
sparse_attention,16,16,1,32,1,27.071
sparse_attention,16,16,1,64,1,27.743
sparse_attention,16,16,1,128,1,28.863
sparse_attention,16,16,1,256,1,28.864
sparse_attention,16,16,1,512,1,29.246
sparse_attention,16,16,1,1024,1,31.582
sparse_attention,16,16,1,2048,1,34.784
sparse_attention,16,16,1,4096,1,34.208
sparse_attention,16,16,1,8192,1,34.495
sparse_attention,16,16,1,16384,1,33.918
sparse_attention,16,16,2,16,1,27.521
sparse_attention,16,16,2,32,1,27.553
sparse_attention,16,16,2,64,1,28.065
sparse_attention,16,16,2,128,1,29.759
sparse_attention,16,16,2,256,1,29.825
sparse_attention,16,16,2,512,1,31.616
sparse_attention,16,16,2,1024,1,35.84
sparse_attention,16,16,2,2048,1,42.88
sparse_attention,16,16,2,4096,1,42.912
sparse_attention,16,16,2,8192,1,42.913
sparse_attention,16,16,2,16384,1,42.528
sparse_attention,16,16,4,16,1,31.808
sparse_attention,16,16,4,32,1,31.745
sparse_attention,16,16,4,64,1,32.639
sparse_attention,16,16,4,128,1,33.921
sparse_attention,16,16,4,256,1,33.825
sparse_attention,16,16,4,512,1,37.856
sparse_attention,16,16,4,1024,1,45.183
sparse_attention,16,16,4,2048,1,62.433
sparse_attention,16,16,4,4096,1,62.466
sparse_attention,16,16,4,8192,1,61.918
sparse_attention,16,16,4,16384,1,60.736
sparse_attention,16,16,8,16,1,33.664
sparse_attention,16,16,8,32,1,33.952
sparse_attention,16,16,8,64,1,34.496
sparse_attention,16,16,8,128,1,39.039
sparse_attention,16,16,8,256,1,40.414
sparse_attention,16,16,8,512,1,48.287
sparse_attention,16,16,8,1024,1,66.496
sparse_attention,16,16,8,2048,1,95.712
sparse_attention,16,16,8,4096,1,96.064
sparse_attention,16,16,8,8192,1,93.727
sparse_attention,16,16,8,16384,1,92.736
sparse_attention,16,16,16,16,1,33.922
sparse_attention,16,16,16,32,1,34.079
sparse_attention,16,16,16,64,1,35.52
sparse_attention,16,16,16,128,1,42.689
sparse_attention,16,16,16,256,1,52.446
sparse_attention,16,16,16,512,1,65.951
sparse_attention,16,16,16,1024,1,98.72
sparse_attention,16,16,16,2048,1,155.586
sparse_attention,16,16,16,4096,1,155.393
sparse_attention,16,16,16,8192,1,155.648
sparse_attention,16,16,16,16384,1,160.831
sparse_attention,16,16,32,16,1,34.336
sparse_attention,16,16,32,32,1,35.232
sparse_attention,16,16,32,64,1,39.905
sparse_attention,16,16,32,128,1,55.521
sparse_attention,16,16,32,256,1,73.984
sparse_attention,16,16,32,512,1,109.281
sparse_attention,16,16,32,1024,1,174.656
sparse_attention,16,16,32,2048,1,285.216
sparse_attention,16,16,32,4096,1,286.304
sparse_attention,16,16,32,8192,1,285.118
sparse_attention,16,16,32,16384,1,278.368
sparse_attention,16,16,64,16,1,45.408
sparse_attention,16,16,64,32,1,49.502
sparse_attention,16,16,64,64,1,56.128
sparse_attention,16,16,64,128,1,79.168
sparse_attention,16,16,64,256,1,111.745
sparse_attention,16,16,64,512,1,178.205
sparse_attention,16,16,64,1024,1,317.057
sparse_attention,16,16,64,2048,1,555.616
sparse_attention,16,16,64,4096,1,554.275
sparse_attention,16,16,64,8192,1,541.248
sparse_attention,16,16,64,16384,1,540.673
sparse_attention,16,16,128,16,1,70.784
sparse_attention,16,16,128,32,1,73.698
sparse_attention,16,16,128,64,1,86.144
sparse_attention,16,16,128,128,1,126.24
sparse_attention,16,16,128,256,1,192.992
sparse_attention,16,16,128,512,1,338.114
sparse_attention,16,16,128,1024,1,609.601
sparse_attention,16,16,128,2048,1,1067.14
sparse_attention,16,16,128,4096,1,1049.25
sparse_attention,16,16,128,8192,1,1048.35
sparse_attention,16,16,128,16384,1,1048.99
sparse_attention,16,32,0,0,1,12.062
sparse_attention,16,32,1,16,1,27.008
sparse_attention,16,32,1,32,1,26.781
sparse_attention,16,32,1,64,1,27.553
sparse_attention,16,32,1,128,1,28.895
sparse_attention,16,32,1,256,1,29.056
sparse_attention,16,32,1,512,1,29.408
sparse_attention,16,32,1,1024,1,31.772
sparse_attention,16,32,1,2048,1,34.528
sparse_attention,16,32,1,4096,1,34.815
sparse_attention,16,32,1,8192,1,34.72
sparse_attention,16,32,1,16384,1,34.656
sparse_attention,16,32,2,16,1,27.295
sparse_attention,16,32,2,32,1,27.52
sparse_attention,16,32,2,64,1,27.968
sparse_attention,16,32,2,128,1,29.632
sparse_attention,16,32,2,256,1,30.176
sparse_attention,16,32,2,512,1,31.969
sparse_attention,16,32,2,1024,1,35.008
sparse_attention,16,32,2,2048,1,42.56
sparse_attention,16,32,2,4096,1,42.815
sparse_attention,16,32,2,8192,1,42.848
sparse_attention,16,32,2,16384,1,43.551
sparse_attention,16,32,4,16,1,32.32
sparse_attention,16,32,4,32,1,32.321
sparse_attention,16,32,4,64,1,33.023
sparse_attention,16,32,4,128,1,34.655
sparse_attention,16,32,4,256,1,34.273
sparse_attention,16,32,4,512,1,37.921
sparse_attention,16,32,4,1024,1,46.112
sparse_attention,16,32,4,2048,1,62.657
sparse_attention,16,32,4,4096,1,62.497
sparse_attention,16,32,4,8192,1,62.912
sparse_attention,16,32,4,16384,1,61.278
sparse_attention,16,32,8,16,1,33.505
sparse_attention,16,32,8,32,1,34.912
sparse_attention,16,32,8,64,1,34.623
sparse_attention,16,32,8,128,1,39.395
sparse_attention,16,32,8,256,1,40.223
sparse_attention,16,32,8,512,1,48.767
sparse_attention,16,32,8,1024,1,66.593
sparse_attention,16,32,8,2048,1,95.968
sparse_attention,16,32,8,4096,1,96.288
sparse_attention,16,32,8,8192,1,93.439
sparse_attention,16,32,8,16384,1,94.048
sparse_attention,16,32,16,16,1,35.232
sparse_attention,16,32,16,32,1,34.338
sparse_attention,16,32,16,64,1,35.199
sparse_attention,16,32,16,128,1,43.232
sparse_attention,16,32,16,256,1,51.936
sparse_attention,16,32,16,512,1,65.504
sparse_attention,16,32,16,1024,1,99.458
sparse_attention,16,32,16,2048,1,155.745
sparse_attention,16,32,16,4096,1,155.808
sparse_attention,16,32,16,8192,1,156.063
sparse_attention,16,32,16,16384,1,161.218
sparse_attention,16,32,32,16,1,34.271
sparse_attention,16,32,32,32,1,35.04
sparse_attention,16,32,32,64,1,39.872
sparse_attention,16,32,32,128,1,55.425
sparse_attention,16,32,32,256,1,73.666
sparse_attention,16,32,32,512,1,109.152
sparse_attention,16,32,32,1024,1,175.648
sparse_attention,16,32,32,2048,1,285.954
sparse_attention,16,32,32,4096,1,286.272
sparse_attention,16,32,32,8192,1,284.961
sparse_attention,16,32,32,16384,1,279.36
sparse_attention,16,32,64,16,1,46.687
sparse_attention,16,32,64,32,1,49.6
sparse_attention,16,32,64,64,1,56.256
sparse_attention,16,32,64,128,1,78.432
sparse_attention,16,32,64,256,1,113.568
sparse_attention,16,32,64,512,1,178.08
sparse_attention,16,32,64,1024,1,317.982
sparse_attention,16,32,64,2048,1,556.512
sparse_attention,16,32,64,4096,1,552.831
sparse_attention,16,32,64,8192,1,541.569
sparse_attention,16,32,64,16384,1,543.264
sparse_attention,16,32,128,16,1,69.344
sparse_attention,16,32,128,32,1,74.112
sparse_attention,16,32,128,64,1,85.662
sparse_attention,16,32,128,128,1,124.576
sparse_attention,16,32,128,256,1,192.383
sparse_attention,16,32,128,512,1,337.665
sparse_attention,16,32,128,1024,1,609.219
sparse_attention,16,32,128,2048,1,1068.54
sparse_attention,16,32,128,4096,1,1050.21
sparse_attention,16,32,128,8192,1,1048.32
sparse_attention,16,32,128,16384,1,1049.79
sparse_attention,16,64,0,0,1,12.609
sparse_attention,16,64,1,16,1,27.395
sparse_attention,16,64,1,32,1,27.81
sparse_attention,16,64,1,64,1,28.191
sparse_attention,16,64,1,128,1,29.599
sparse_attention,16,64,1,256,1,30.432
sparse_attention,16,64,1,512,1,30.527
sparse_attention,16,64,1,1024,1,32
sparse_attention,16,64,1,2048,1,35.04
sparse_attention,16,64,1,4096,1,35.008
sparse_attention,16,64,1,8192,1,35.264
sparse_attention,16,64,1,16384,1,34.976
sparse_attention,16,64,2,16,1,28.03
sparse_attention,16,64,2,32,1,28.352
sparse_attention,16,64,2,64,1,28.672
sparse_attention,16,64,2,128,1,30.112
sparse_attention,16,64,2,256,1,30.433
sparse_attention,16,64,2,512,1,32.448
sparse_attention,16,64,2,1024,1,36.225
sparse_attention,16,64,2,2048,1,43.135
sparse_attention,16,64,2,4096,1,43.104
sparse_attention,16,64,2,8192,1,43.554
sparse_attention,16,64,2,16384,1,44.126
sparse_attention,16,64,4,16,1,33.28
sparse_attention,16,64,4,32,1,33.153
sparse_attention,16,64,4,64,1,33.472
sparse_attention,16,64,4,128,1,35.394
sparse_attention,16,64,4,256,1,35.103
sparse_attention,16,64,4,512,1,38.369
sparse_attention,16,64,4,1024,1,46.977
sparse_attention,16,64,4,2048,1,63.135
sparse_attention,16,64,4,4096,1,63.328
sparse_attention,16,64,4,8192,1,63.777
sparse_attention,16,64,4,16384,1,61.664
sparse_attention,16,64,8,16,1,34.528
sparse_attention,16,64,8,32,1,34.56
sparse_attention,16,64,8,64,1,35.808
sparse_attention,16,64,8,128,1,40.161
sparse_attention,16,64,8,256,1,40.926
sparse_attention,16,64,8,512,1,49.631
sparse_attention,16,64,8,1024,1,67.456
sparse_attention,16,64,8,2048,1,97.249
sparse_attention,16,64,8,4096,1,96.64
sparse_attention,16,64,8,8192,1,94.016
sparse_attention,16,64,8,16384,1,94.176
sparse_attention,16,64,16,16,1,34.977
sparse_attention,16,64,16,32,1,35.457
sparse_attention,16,64,16,64,1,35.999
sparse_attention,16,64,16,128,1,43.873
sparse_attention,16,64,16,256,1,52.676
sparse_attention,16,64,16,512,1,65.792
sparse_attention,16,64,16,1024,1,100.257
sparse_attention,16,64,16,2048,1,156.257
sparse_attention,16,64,16,4096,1,156.737
sparse_attention,16,64,16,8192,1,156.864
sparse_attention,16,64,16,16384,1,162.271
sparse_attention,16,64,32,16,1,34.785
sparse_attention,16,64,32,32,1,36.097
sparse_attention,16,64,32,64,1,40.608
sparse_attention,16,64,32,128,1,56.129
sparse_attention,16,64,32,256,1,73.951
sparse_attention,16,64,32,512,1,110.336
sparse_attention,16,64,32,1024,1,175.712
sparse_attention,16,64,32,2048,1,286.399
sparse_attention,16,64,32,4096,1,288.128
sparse_attention,16,64,32,8192,1,285.472
sparse_attention,16,64,32,16384,1,278.624
sparse_attention,16,64,64,16,1,48.288
sparse_attention,16,64,64,32,1,51.488
sparse_attention,16,64,64,64,1,57.602
sparse_attention,16,64,64,128,1,79.33
sparse_attention,16,64,64,256,1,113.953
sparse_attention,16,64,64,512,1,180.352
sparse_attention,16,64,64,1024,1,319.265
sparse_attention,16,64,64,2048,1,557.826
sparse_attention,16,64,64,4096,1,556.032
sparse_attention,16,64,64,8192,1,541.538
sparse_attention,16,64,64,16384,1,541.824
sparse_attention,16,64,128,16,1,71.298
sparse_attention,16,64,128,32,1,75.262
sparse_attention,16,64,128,64,1,87.808
sparse_attention,16,64,128,128,1,127.04
sparse_attention,16,64,128,256,1,194.593
sparse_attention,16,64,128,512,1,339.458
sparse_attention,16,64,128,1024,1,610.368
sparse_attention,16,64,128,2048,1,1070.66
sparse_attention,16,64,128,4096,1,1051.26
sparse_attention,16,64,128,8192,1,1049.09
sparse_attention,16,64,128,16384,1,1049.98
sparse_attention,16,128,0,0,1,18.304
sparse_attention,16,128,1,16,1,32.926
sparse_attention,16,128,1,32,1,32.897
sparse_attention,16,128,1,64,1,33.824
sparse_attention,16,128,1,128,1,34.913
sparse_attention,16,128,1,256,1,35.744
sparse_attention,16,128,1,512,1,36.48
sparse_attention,16,128,1,1024,1,37.759
sparse_attention,16,128,1,2048,1,39.935
sparse_attention,16,128,1,4096,1,40.351
sparse_attention,16,128,1,8192,1,40.287
sparse_attention,16,128,1,16384,1,40.192
sparse_attention,16,128,2,16,1,33.249
sparse_attention,16,128,2,32,1,33.376
sparse_attention,16,128,2,64,1,33.856
sparse_attention,16,128,2,128,1,35.616
sparse_attention,16,128,2,256,1,35.648
sparse_attention,16,128,2,512,1,37.408
sparse_attention,16,128,2,1024,1,40.639
sparse_attention,16,128,2,2048,1,48.354
sparse_attention,16,128,2,4096,1,48.735
sparse_attention,16,128,2,8192,1,48.736
sparse_attention,16,128,2,16384,1,49.759
sparse_attention,16,128,4,16,1,38.721
sparse_attention,16,128,4,32,1,38.624
sparse_attention,16,128,4,64,1,40.031
sparse_attention,16,128,4,128,1,41.346
sparse_attention,16,128,4,256,1,41.728
sparse_attention,16,128,4,512,1,44.926
sparse_attention,16,128,4,1024,1,52.8
sparse_attention,16,128,4,2048,1,70.401
sparse_attention,16,128,4,4096,1,69.761
sparse_attention,16,128,4,8192,1,68.768
sparse_attention,16,128,4,16384,1,66.752
sparse_attention,16,128,8,16,1,40.801
sparse_attention,16,128,8,32,1,39.455
sparse_attention,16,128,8,64,1,40.415
sparse_attention,16,128,8,128,1,44.93
sparse_attention,16,128,8,256,1,46.335
sparse_attention,16,128,8,512,1,54.816
sparse_attention,16,128,8,1024,1,72.256
sparse_attention,16,128,8,2048,1,102.878
sparse_attention,16,128,8,4096,1,102.272
sparse_attention,16,128,8,8192,1,100.257
sparse_attention,16,128,8,16384,1,101.344
sparse_attention,16,128,16,16,1,40.671
sparse_attention,16,128,16,32,1,41.632
sparse_attention,16,128,16,64,1,42.466
sparse_attention,16,128,16,128,1,49.217
sparse_attention,16,128,16,256,1,59.935
sparse_attention,16,128,16,512,1,72.224
sparse_attention,16,128,16,1024,1,105.887
sparse_attention,16,128,16,2048,1,163.073
sparse_attention,16,128,16,4096,1,161.6
sparse_attention,16,128,16,8192,1,161.632
sparse_attention,16,128,16,16384,1,168.864
sparse_attention,16,128,32,16,1,41.152
sparse_attention,16,128,32,32,1,41.088
sparse_attention,16,128,32,64,1,46.849
sparse_attention,16,128,32,128,1,61.409
sparse_attention,16,128,32,256,1,79.872
sparse_attention,16,128,32,512,1,116.352
sparse_attention,16,128,32,1024,1,180.414
sparse_attention,16,128,32,2048,1,292.13
sparse_attention,16,128,32,4096,1,293.664
sparse_attention,16,128,32,8192,1,291.361
sparse_attention,16,128,32,16384,1,285.601
sparse_attention,16,128,64,16,1,52.832
sparse_attention,16,128,64,32,1,54.206
sparse_attention,16,128,64,64,1,61.954
sparse_attention,16,128,64,128,1,84.321
sparse_attention,16,128,64,256,1,119.423
sparse_attention,16,128,64,512,1,184.83
sparse_attention,16,128,64,1024,1,324.256
sparse_attention,16,128,64,2048,1,562.499
sparse_attention,16,128,64,4096,1,560.833
sparse_attention,16,128,64,8192,1,546.976
sparse_attention,16,128,64,16384,1,548.258
sparse_attention,16,128,128,16,1,74.432
sparse_attention,16,128,128,32,1,78.591
sparse_attention,16,128,128,64,1,91.041
sparse_attention,16,128,128,128,1,130.048
sparse_attention,16,128,128,256,1,199.646
sparse_attention,16,128,128,512,1,345.951
sparse_attention,16,128,128,1024,1,614.884
sparse_attention,16,128,128,2048,1,1075.08
sparse_attention,16,128,128,4096,1,1056.45
sparse_attention,16,128,128,8192,1,1053.7
sparse_attention,16,128,128,16384,1,1054.75
sparse_attention,16,256,0,0,1,24.865
sparse_attention,16,256,1,16,1,39.746
sparse_attention,16,256,1,32,1,40.032
sparse_attention,16,256,1,64,1,40.96
sparse_attention,16,256,1,128,1,41.792
sparse_attention,16,256,1,256,1,41.887
sparse_attention,16,256,1,512,1,42.24
sparse_attention,16,256,1,1024,1,43.968
sparse_attention,16,256,1,2048,1,47.072
sparse_attention,16,256,1,4096,1,47.199
sparse_attention,16,256,1,8192,1,48.035
sparse_attention,16,256,1,16384,1,47.872
sparse_attention,16,256,2,16,1,40.191
sparse_attention,16,256,2,32,1,40.384
sparse_attention,16,256,2,64,1,40.767
sparse_attention,16,256,2,128,1,42.496
sparse_attention,16,256,2,256,1,43.713
sparse_attention,16,256,2,512,1,44
sparse_attention,16,256,2,1024,1,48.096
sparse_attention,16,256,2,2048,1,55.454
sparse_attention,16,256,2,4096,1,55.457
sparse_attention,16,256,2,8192,1,55.264
sparse_attention,16,256,2,16384,1,56.193
sparse_attention,16,256,4,16,1,44.959
sparse_attention,16,256,4,32,1,45.152
sparse_attention,16,256,4,64,1,45.761
sparse_attention,16,256,4,128,1,47.358
sparse_attention,16,256,4,256,1,47.397
sparse_attention,16,256,4,512,1,50.974
sparse_attention,16,256,4,1024,1,58.784
sparse_attention,16,256,4,2048,1,75.36
sparse_attention,16,256,4,4096,1,75.104
sparse_attention,16,256,4,8192,1,75.456
sparse_attention,16,256,4,16384,1,73.921
sparse_attention,16,256,8,16,1,46.529
sparse_attention,16,256,8,32,1,46.592
sparse_attention,16,256,8,64,1,47.233
sparse_attention,16,256,8,128,1,51.807
sparse_attention,16,256,8,256,1,53.186
sparse_attention,16,256,8,512,1,61.538
sparse_attention,16,256,8,1024,1,79.615
sparse_attention,16,256,8,2048,1,108.514
sparse_attention,16,256,8,4096,1,108.545
sparse_attention,16,256,8,8192,1,106.239
sparse_attention,16,256,8,16384,1,106.592
sparse_attention,16,256,16,16,1,46.849
sparse_attention,16,256,16,32,1,47.296
sparse_attention,16,256,16,64,1,48.127
sparse_attention,16,256,16,128,1,55.84
sparse_attention,16,256,16,256,1,65.439
sparse_attention,16,256,16,512,1,78.526
sparse_attention,16,256,16,1024,1,112.481
sparse_attention,16,256,16,2048,1,168.96
sparse_attention,16,256,16,4096,1,169.343
sparse_attention,16,256,16,8192,1,168.704
sparse_attention,16,256,16,16384,1,175.071
sparse_attention,16,256,32,16,1,48.095
sparse_attention,16,256,32,32,1,47.872
sparse_attention,16,256,32,64,1,51.872
sparse_attention,16,256,32,128,1,68.352
sparse_attention,16,256,32,256,1,85.857
sparse_attention,16,256,32,512,1,122.559
sparse_attention,16,256,32,1024,1,186.624
sparse_attention,16,256,32,2048,1,299.681
sparse_attention,16,256,32,4096,1,297.216
sparse_attention,16,256,32,8192,1,298.72
sparse_attention,16,256,32,16384,1,291.649
sparse_attention,16,256,64,16,1,60.576
sparse_attention,16,256,64,32,1,62.433
sparse_attention,16,256,64,64,1,68.641
sparse_attention,16,256,64,128,1,92.61
sparse_attention,16,256,64,256,1,125.505
sparse_attention,16,256,64,512,1,191.968
sparse_attention,16,256,64,1024,1,333.278
sparse_attention,16,256,64,2048,1,567.808
sparse_attention,16,256,64,4096,1,568.097
sparse_attention,16,256,64,8192,1,554.015
sparse_attention,16,256,64,16384,1,553.921
sparse_attention,16,256,128,16,1,82.593
sparse_attention,16,256,128,32,1,85.822
sparse_attention,16,256,128,64,1,99.231
sparse_attention,16,256,128,128,1,137.697
sparse_attention,16,256,128,256,1,206.976
sparse_attention,16,256,128,512,1,352.671
sparse_attention,16,256,128,1024,1,625.665
sparse_attention,16,256,128,2048,1,1082.05
sparse_attention,16,256,128,4096,1,1063.42
sparse_attention,16,256,128,8192,1,1059.65
sparse_attention,16,256,128,16384,1,1063.2
sparse_attention,16,512,0,0,1,38.688
sparse_attention,16,512,1,16,1,53.599
sparse_attention,16,512,1,32,1,53.536
sparse_attention,16,512,1,64,1,54.433
sparse_attention,16,512,1,128,1,55.232
sparse_attention,16,512,1,256,1,55.744
sparse_attention,16,512,1,512,1,57.889
sparse_attention,16,512,1,1024,1,59.199
sparse_attention,16,512,1,2048,1,60.415
sparse_attention,16,512,1,4096,1,61.024
sparse_attention,16,512,1,8192,1,61.023
sparse_attention,16,512,1,16384,1,61.055
sparse_attention,16,512,2,16,1,53.856
sparse_attention,16,512,2,32,1,53.665
sparse_attention,16,512,2,64,1,54.591
sparse_attention,16,512,2,128,1,56.257
sparse_attention,16,512,2,256,1,56.416
sparse_attention,16,512,2,512,1,58.113
sparse_attention,16,512,2,1024,1,61.824
sparse_attention,16,512,2,2048,1,69.217
sparse_attention,16,512,2,4096,1,69.152
sparse_attention,16,512,2,8192,1,69.472
sparse_attention,16,512,2,16384,1,70.495
sparse_attention,16,512,4,16,1,59.649
sparse_attention,16,512,4,32,1,61.504
sparse_attention,16,512,4,64,1,59.232
sparse_attention,16,512,4,128,1,61.279
sparse_attention,16,512,4,256,1,61.439
sparse_attention,16,512,4,512,1,64
sparse_attention,16,512,4,1024,1,72.512
sparse_attention,16,512,4,2048,1,89.887
sparse_attention,16,512,4,4096,1,90.304
sparse_attention,16,512,4,8192,1,89.857
sparse_attention,16,512,4,16384,1,87.613
sparse_attention,16,512,8,16,1,59.968
sparse_attention,16,512,8,32,1,60.128
sparse_attention,16,512,8,64,1,61.151
sparse_attention,16,512,8,128,1,65.598
sparse_attention,16,512,8,256,1,67.007
sparse_attention,16,512,8,512,1,74.847
sparse_attention,16,512,8,1024,1,93.215
sparse_attention,16,512,8,2048,1,122.528
sparse_attention,16,512,8,4096,1,122.272
sparse_attention,16,512,8,8192,1,120.32
sparse_attention,16,512,8,16384,1,120.416
sparse_attention,16,512,16,16,1,60.64
sparse_attention,16,512,16,32,1,61.44
sparse_attention,16,512,16,64,1,61.536
sparse_attention,16,512,16,128,1,69.76
sparse_attention,16,512,16,256,1,78.624
sparse_attention,16,512,16,512,1,92.13
sparse_attention,16,512,16,1024,1,125.184
sparse_attention,16,512,16,2048,1,182.754
sparse_attention,16,512,16,4096,1,182.688
sparse_attention,16,512,16,8192,1,183.328
sparse_attention,16,512,16,16384,1,188.352
sparse_attention,16,512,32,16,1,61.247
sparse_attention,16,512,32,32,1,60.991
sparse_attention,16,512,32,64,1,65.313
sparse_attention,16,512,32,128,1,81.407
sparse_attention,16,512,32,256,1,100.031
sparse_attention,16,512,32,512,1,136.256
sparse_attention,16,512,32,1024,1,201.249
sparse_attention,16,512,32,2048,1,311.84
sparse_attention,16,512,32,4096,1,311.744
sparse_attention,16,512,32,8192,1,313.313
sparse_attention,16,512,32,16384,1,305.123
sparse_attention,16,512,64,16,1,73.313
sparse_attention,16,512,64,32,1,76.32
sparse_attention,16,512,64,64,1,82.72
sparse_attention,16,512,64,128,1,105.376
sparse_attention,16,512,64,256,1,138.72
sparse_attention,16,512,64,512,1,205.118
sparse_attention,16,512,64,1024,1,345.188
sparse_attention,16,512,64,2048,1,580.415
sparse_attention,16,512,64,4096,1,581.889
sparse_attention,16,512,64,8192,1,566.786
sparse_attention,16,512,64,16384,1,569.217
sparse_attention,16,512,128,16,1,94.881
sparse_attention,16,512,128,32,1,100.64
sparse_attention,16,512,128,64,1,112.16
sparse_attention,16,512,128,128,1,151.52
sparse_attention,16,512,128,256,1,217.121
sparse_attention,16,512,128,512,1,366.208
sparse_attention,16,512,128,1024,1,641.601
sparse_attention,16,512,128,2048,1,1094.3
sparse_attention,16,512,128,4096,1,1076.99
sparse_attention,16,512,128,8192,1,1073.51
sparse_attention,16,512,128,16384,1,1077.09
sparse_attention,16,1024,0,0,1,64.96
sparse_attention,16,1024,1,16,1,80.032
sparse_attention,16,1024,1,32,1,79.519
sparse_attention,16,1024,1,64,1,80.191
sparse_attention,16,1024,1,128,1,81.184
sparse_attention,16,1024,1,256,1,81.601
sparse_attention,16,1024,1,512,1,82.367
sparse_attention,16,1024,1,1024,1,84.255
sparse_attention,16,1024,1,2048,1,87.392
sparse_attention,16,1024,1,4096,1,86.721
sparse_attention,16,1024,1,8192,1,87.489
sparse_attention,16,1024,1,16384,1,86.722
sparse_attention,16,1024,2,16,1,79.774
sparse_attention,16,1024,2,32,1,80.064
sparse_attention,16,1024,2,64,1,81.953
sparse_attention,16,1024,2,128,1,83.936
sparse_attention,16,1024,2,256,1,82.304
sparse_attention,16,1024,2,512,1,84.224
sparse_attention,16,1024,2,1024,1,87.936
sparse_attention,16,1024,2,2048,1,94.271
sparse_attention,16,1024,2,4096,1,95.648
sparse_attention,16,1024,2,8192,1,95.456
sparse_attention,16,1024,2,16384,1,96.736
sparse_attention,16,1024,4,16,1,84.96
sparse_attention,16,1024,4,32,1,85.28
sparse_attention,16,1024,4,64,1,85.792
sparse_attention,16,1024,4,128,1,87.137
sparse_attention,16,1024,4,256,1,87.231
sparse_attention,16,1024,4,512,1,90.432
sparse_attention,16,1024,4,1024,1,98.72
sparse_attention,16,1024,4,2048,1,115.04
sparse_attention,16,1024,4,4096,1,116.127
sparse_attention,16,1024,4,8192,1,115.166
sparse_attention,16,1024,4,16384,1,113.566
sparse_attention,16,1024,8,16,1,86.111
sparse_attention,16,1024,8,32,1,86.016
sparse_attention,16,1024,8,64,1,86.498
sparse_attention,16,1024,8,128,1,91.904
sparse_attention,16,1024,8,256,1,92.673
sparse_attention,16,1024,8,512,1,100.703
sparse_attention,16,1024,8,1024,1,119.232
sparse_attention,16,1024,8,2048,1,148.384
sparse_attention,16,1024,8,4096,1,147.81
sparse_attention,16,1024,8,8192,1,145.76
sparse_attention,16,1024,8,16384,1,146.336
sparse_attention,16,1024,16,16,1,87.583
sparse_attention,16,1024,16,32,1,89.089
sparse_attention,16,1024,16,64,1,87.392
sparse_attention,16,1024,16,128,1,95.328
sparse_attention,16,1024,16,256,1,104.128
sparse_attention,16,1024,16,512,1,118.528
sparse_attention,16,1024,16,1024,1,151.104
sparse_attention,16,1024,16,2048,1,207.968
sparse_attention,16,1024,16,4096,1,208.126
sparse_attention,16,1024,16,8192,1,208.447
sparse_attention,16,1024,16,16384,1,214.112
sparse_attention,16,1024,32,16,1,86.942
sparse_attention,16,1024,32,32,1,87.041
sparse_attention,16,1024,32,64,1,92.321
sparse_attention,16,1024,32,128,1,107.616
sparse_attention,16,1024,32,256,1,125.407
sparse_attention,16,1024,32,512,1,161.727
sparse_attention,16,1024,32,1024,1,226.72
sparse_attention,16,1024,32,2048,1,337.472
sparse_attention,16,1024,32,4096,1,338.466
sparse_attention,16,1024,32,8192,1,337.568
sparse_attention,16,1024,32,16384,1,332.769
sparse_attention,16,1024,64,16,1,99.232
sparse_attention,16,1024,64,32,1,101.952
sparse_attention,16,1024,64,64,1,109.151
sparse_attention,16,1024,64,128,1,131.552
sparse_attention,16,1024,64,256,1,163.679
sparse_attention,16,1024,64,512,1,231.743
sparse_attention,16,1024,64,1024,1,370.852
sparse_attention,16,1024,64,2048,1,608.194
sparse_attention,16,1024,64,4096,1,605.886
sparse_attention,16,1024,64,8192,1,593.985
sparse_attention,16,1024,64,16384,1,593.505
sparse_attention,16,1024,128,16,1,121.889
sparse_attention,16,1024,128,32,1,125.729
sparse_attention,16,1024,128,64,1,139.104
sparse_attention,16,1024,128,128,1,178.784
sparse_attention,16,1024,128,256,1,246.657
sparse_attention,16,1024,128,512,1,392.35
sparse_attention,16,1024,128,1024,1,660.64
sparse_attention,16,1024,128,2048,1,1121.86
sparse_attention,16,1024,128,4096,1,1101.09
sparse_attention,16,1024,128,8192,1,1098.3
sparse_attention,16,1024,128,16384,1,1102.21
sparse_attention,16,2048,0,0,1,106.817
sparse_attention,16,2048,1,16,1,121.632
sparse_attention,16,2048,1,32,1,121.313
sparse_attention,16,2048,1,64,1,122.401
sparse_attention,16,2048,1,128,1,124.126
sparse_attention,16,2048,1,256,1,124.128
sparse_attention,16,2048,1,512,1,124.576
sparse_attention,16,2048,1,1024,1,126.015
sparse_attention,16,2048,1,2048,1,130.048
sparse_attention,16,2048,1,4096,1,130.239
sparse_attention,16,2048,1,8192,1,129.377
sparse_attention,16,2048,1,16384,1,129.697
sparse_attention,16,2048,2,16,1,121.73
sparse_attention,16,2048,2,32,1,122.209
sparse_attention,16,2048,2,64,1,123.039
sparse_attention,16,2048,2,128,1,124.707
sparse_attention,16,2048,2,256,1,126.528
sparse_attention,16,2048,2,512,1,127.072
sparse_attention,16,2048,2,1024,1,130.432
sparse_attention,16,2048,2,2048,1,137.599
sparse_attention,16,2048,2,4096,1,138.337
sparse_attention,16,2048,2,8192,1,138.752
sparse_attention,16,2048,2,16384,1,139.042
sparse_attention,16,2048,4,16,1,126.752
sparse_attention,16,2048,4,32,1,127.648
sparse_attention,16,2048,4,64,1,128.446
sparse_attention,16,2048,4,128,1,128.832
sparse_attention,16,2048,4,256,1,130.08
sparse_attention,16,2048,4,512,1,133.183
sparse_attention,16,2048,4,1024,1,141.312
sparse_attention,16,2048,4,2048,1,158.592
sparse_attention,16,2048,4,4096,1,158.209
sparse_attention,16,2048,4,8192,1,157.888
sparse_attention,16,2048,4,16384,1,155.969
sparse_attention,16,2048,8,16,1,127.712
sparse_attention,16,2048,8,32,1,129.377
sparse_attention,16,2048,8,64,1,130.527
sparse_attention,16,2048,8,128,1,134.08
sparse_attention,16,2048,8,256,1,135.328
sparse_attention,16,2048,8,512,1,144.064
sparse_attention,16,2048,8,1024,1,164.096
sparse_attention,16,2048,8,2048,1,191.168
sparse_attention,16,2048,8,4096,1,191.455
sparse_attention,16,2048,8,8192,1,189.184
sparse_attention,16,2048,8,16384,1,189.6
sparse_attention,16,2048,16,16,1,129.408
sparse_attention,16,2048,16,32,1,132.352
sparse_attention,16,2048,16,64,1,129.282
sparse_attention,16,2048,16,128,1,138.817
sparse_attention,16,2048,16,256,1,148.097
sparse_attention,16,2048,16,512,1,161.087
sparse_attention,16,2048,16,1024,1,194.689
sparse_attention,16,2048,16,2048,1,252.031
sparse_attention,16,2048,16,4096,1,251.873
sparse_attention,16,2048,16,8192,1,251.202
sparse_attention,16,2048,16,16384,1,257.856
sparse_attention,16,2048,32,16,1,129.824
sparse_attention,16,2048,32,32,1,130.272
sparse_attention,16,2048,32,64,1,134.239
sparse_attention,16,2048,32,128,1,151.071
sparse_attention,16,2048,32,256,1,168.896
sparse_attention,16,2048,32,512,1,204.354
sparse_attention,16,2048,32,1024,1,269.376
sparse_attention,16,2048,32,2048,1,380.32
sparse_attention,16,2048,32,4096,1,381.633
sparse_attention,16,2048,32,8192,1,380.736
sparse_attention,16,2048,32,16384,1,375.329
sparse_attention,16,2048,64,16,1,142.079
sparse_attention,16,2048,64,32,1,148.159
sparse_attention,16,2048,64,64,1,152.384
sparse_attention,16,2048,64,128,1,175.073
sparse_attention,16,2048,64,256,1,208.513
sparse_attention,16,2048,64,512,1,274.463
sparse_attention,16,2048,64,1024,1,413.379
sparse_attention,16,2048,64,2048,1,651.298
sparse_attention,16,2048,64,4096,1,652.864
sparse_attention,16,2048,64,8192,1,634.88
sparse_attention,16,2048,64,16384,1,639.137
sparse_attention,16,2048,128,16,1,164.416
sparse_attention,16,2048,128,32,1,168.094
sparse_attention,16,2048,128,64,1,181.439
sparse_attention,16,2048,128,128,1,220.383
sparse_attention,16,2048,128,256,1,287.648
sparse_attention,16,2048,128,512,1,435.904
sparse_attention,16,2048,128,1024,1,704.352
sparse_attention,16,2048,128,2048,1,1164.42
sparse_attention,16,2048,128,4096,1,1143.33
sparse_attention,16,2048,128,8192,1,1144.93
sparse_attention,16,2048,128,16384,1,1145.03
sparse_attention,16,4096,0,0,1,107.04
sparse_attention,16,4096,1,16,1,121.695
sparse_attention,16,4096,1,32,1,122.592
sparse_attention,16,4096,1,64,1,122.592
sparse_attention,16,4096,1,128,1,123.295
sparse_attention,16,4096,1,256,1,123.871
sparse_attention,16,4096,1,512,1,123.938
sparse_attention,16,4096,1,1024,1,126.816
sparse_attention,16,4096,1,2048,1,130.015
sparse_attention,16,4096,1,4096,1,129.6
sparse_attention,16,4096,1,8192,1,130.175
sparse_attention,16,4096,1,16384,1,129.217
sparse_attention,16,4096,2,16,1,122.367
sparse_attention,16,4096,2,32,1,122.496
sparse_attention,16,4096,2,64,1,122.56
sparse_attention,16,4096,2,128,1,124.799
sparse_attention,16,4096,2,256,1,124.671
sparse_attention,16,4096,2,512,1,126.53
sparse_attention,16,4096,2,1024,1,130.784
sparse_attention,16,4096,2,2048,1,138.527
sparse_attention,16,4096,2,4096,1,137.6
sparse_attention,16,4096,2,8192,1,137.249
sparse_attention,16,4096,2,16384,1,140.064
sparse_attention,16,4096,4,16,1,127.199
sparse_attention,16,4096,4,32,1,126.559
sparse_attention,16,4096,4,64,1,128.32
sparse_attention,16,4096,4,128,1,128.097
sparse_attention,16,4096,4,256,1,129.696
sparse_attention,16,4096,4,512,1,133.729
sparse_attention,16,4096,4,1024,1,141.151
sparse_attention,16,4096,4,2048,1,158.272
sparse_attention,16,4096,4,4096,1,157.15
sparse_attention,16,4096,4,8192,1,157.312
sparse_attention,16,4096,4,16384,1,155.902
sparse_attention,16,4096,8,16,1,128.03
sparse_attention,16,4096,8,32,1,129.214
sparse_attention,16,4096,8,64,1,129.89
sparse_attention,16,4096,8,128,1,133.6
sparse_attention,16,4096,8,256,1,135.618
sparse_attention,16,4096,8,512,1,142.912
sparse_attention,16,4096,8,1024,1,162.558
sparse_attention,16,4096,8,2048,1,191.553
sparse_attention,16,4096,8,4096,1,190.721
sparse_attention,16,4096,8,8192,1,187.747
sparse_attention,16,4096,8,16384,1,187.935
sparse_attention,16,4096,16,16,1,130.048
sparse_attention,16,4096,16,32,1,129.38
sparse_attention,16,4096,16,64,1,130.016
sparse_attention,16,4096,16,128,1,137.697
sparse_attention,16,4096,16,256,1,146.816
sparse_attention,16,4096,16,512,1,160.542
sparse_attention,16,4096,16,1024,1,193.824
sparse_attention,16,4096,16,2048,1,250.624
sparse_attention,16,4096,16,4096,1,249.856
sparse_attention,16,4096,16,8192,1,251.264
sparse_attention,16,4096,16,16384,1,256.608
sparse_attention,16,4096,32,16,1,129.503
sparse_attention,16,4096,32,32,1,129.344
sparse_attention,16,4096,32,64,1,133.537
sparse_attention,16,4096,32,128,1,150.657
sparse_attention,16,4096,32,256,1,168.129
sparse_attention,16,4096,32,512,1,204.639
sparse_attention,16,4096,32,1024,1,269.6
sparse_attention,16,4096,32,2048,1,382.05
sparse_attention,16,4096,32,4096,1,379.33
sparse_attention,16,4096,32,8192,1,381.443
sparse_attention,16,4096,32,16384,1,374.625
sparse_attention,16,4096,64,16,1,141.792
sparse_attention,16,4096,64,32,1,143.776
sparse_attention,16,4096,64,64,1,150.465
sparse_attention,16,4096,64,128,1,173.73
sparse_attention,16,4096,64,256,1,209.15
sparse_attention,16,4096,64,512,1,275.456
sparse_attention,16,4096,64,1024,1,414.56
sparse_attention,16,4096,64,2048,1,652.48
sparse_attention,16,4096,64,4096,1,650.336
sparse_attention,16,4096,64,8192,1,636.739
sparse_attention,16,4096,64,16384,1,635.231
sparse_attention,16,4096,128,16,1,165.663
sparse_attention,16,4096,128,32,1,166.783
sparse_attention,16,4096,128,64,1,179.776
sparse_attention,16,4096,128,128,1,218.879
sparse_attention,16,4096,128,256,1,289.632
sparse_attention,16,4096,128,512,1,436.064
sparse_attention,16,4096,128,1024,1,703.967
sparse_attention,16,4096,128,2048,1,1163.17
sparse_attention,16,4096,128,4096,1,1147.84
sparse_attention,16,4096,128,8192,1,1142.72
sparse_attention,16,4096,128,16384,1,1145.34
sparse_attention,16,8192,0,0,1,108.223
sparse_attention,16,8192,1,16,1,123.841
sparse_attention,16,8192,1,32,1,123.871
sparse_attention,16,8192,1,64,1,124.608
sparse_attention,16,8192,1,128,1,125.665
sparse_attention,16,8192,1,256,1,127.489
sparse_attention,16,8192,1,512,1,127.04
sparse_attention,16,8192,1,1024,1,128.352
sparse_attention,16,8192,1,2048,1,131.135
sparse_attention,16,8192,1,4096,1,132.16
sparse_attention,16,8192,1,8192,1,131.615
sparse_attention,16,8192,1,16384,1,132.255
sparse_attention,16,8192,2,16,1,125.218
sparse_attention,16,8192,2,32,1,125.056
sparse_attention,16,8192,2,64,1,125.152
sparse_attention,16,8192,2,128,1,125.665
sparse_attention,16,8192,2,256,1,126.462
sparse_attention,16,8192,2,512,1,129.599
sparse_attention,16,8192,2,1024,1,132.288
sparse_attention,16,8192,2,2048,1,140.129
sparse_attention,16,8192,2,4096,1,140.672
sparse_attention,16,8192,2,8192,1,142.718
sparse_attention,16,8192,2,16384,1,140.448
sparse_attention,16,8192,4,16,1,128.928
sparse_attention,16,8192,4,32,1,130.562
sparse_attention,16,8192,4,64,1,129.023
sparse_attention,16,8192,4,128,1,131.551
sparse_attention,16,8192,4,256,1,131.489
sparse_attention,16,8192,4,512,1,135.009
sparse_attention,16,8192,4,1024,1,142.399
sparse_attention,16,8192,4,2048,1,158.848
sparse_attention,16,8192,4,4096,1,160.417
sparse_attention,16,8192,4,8192,1,160.64
sparse_attention,16,8192,4,16384,1,157.154
sparse_attention,16,8192,8,16,1,130.337
sparse_attention,16,8192,8,32,1,132.032
sparse_attention,16,8192,8,64,1,131.936
sparse_attention,16,8192,8,128,1,136
sparse_attention,16,8192,8,256,1,137.953
sparse_attention,16,8192,8,512,1,145.311
sparse_attention,16,8192,8,1024,1,162.143
sparse_attention,16,8192,8,2048,1,192.8
sparse_attention,16,8192,8,4096,1,193.6
sparse_attention,16,8192,8,8192,1,191.072
sparse_attention,16,8192,8,16384,1,190.367
sparse_attention,16,8192,16,16,1,131.616
sparse_attention,16,8192,16,32,1,132.705
sparse_attention,16,8192,16,64,1,133.568
sparse_attention,16,8192,16,128,1,140.514
sparse_attention,16,8192,16,256,1,151.201
sparse_attention,16,8192,16,512,1,162.914
sparse_attention,16,8192,16,1024,1,197.374
sparse_attention,16,8192,16,2048,1,252.928
sparse_attention,16,8192,16,4096,1,252.768
sparse_attention,16,8192,16,8192,1,253.918
sparse_attention,16,8192,16,16384,1,260.801
sparse_attention,16,8192,32,16,1,131.585
sparse_attention,16,8192,32,32,1,134.082
sparse_attention,16,8192,32,64,1,137.153
sparse_attention,16,8192,32,128,1,150.911
sparse_attention,16,8192,32,256,1,171.52
sparse_attention,16,8192,32,512,1,204.321
sparse_attention,16,8192,32,1024,1,269.984
sparse_attention,16,8192,32,2048,1,382.432
sparse_attention,16,8192,32,4096,1,383.907
sparse_attention,16,8192,32,8192,1,381.794
sparse_attention,16,8192,32,16384,1,374.72
sparse_attention,16,8192,64,16,1,145.185
sparse_attention,16,8192,64,32,1,147.233
sparse_attention,16,8192,64,64,1,153.568
sparse_attention,16,8192,64,128,1,174.655
sparse_attention,16,8192,64,256,1,207.872
sparse_attention,16,8192,64,512,1,275.936
sparse_attention,16,8192,64,1024,1,418.017
sparse_attention,16,8192,64,2048,1,652.575
sparse_attention,16,8192,64,4096,1,653.63
sparse_attention,16,8192,64,8192,1,640.096
sparse_attention,16,8192,64,16384,1,636.671
sparse_attention,16,8192,128,16,1,166.048
sparse_attention,16,8192,128,32,1,168.862
sparse_attention,16,8192,128,64,1,182.018
sparse_attention,16,8192,128,128,1,219.904
sparse_attention,16,8192,128,256,1,286.115
sparse_attention,16,8192,128,512,1,439.455
sparse_attention,16,8192,128,1024,1,705.248
sparse_attention,16,8192,128,2048,1,1165.98
sparse_attention,16,8192,128,4096,1,1147.04
sparse_attention,16,8192,128,8192,1,1145.09
sparse_attention,16,8192,128,16384,1,1146.56
sparse_attention,16,16384,0,0,1,106.401
sparse_attention,16,16384,1,16,1,121.76
sparse_attention,16,16384,1,32,1,122.593
sparse_attention,16,16384,1,64,1,123.297
sparse_attention,16,16384,1,128,1,124.705
sparse_attention,16,16384,1,256,1,124.928
sparse_attention,16,16384,1,512,1,124.543
sparse_attention,16,16384,1,1024,1,127.136
sparse_attention,16,16384,1,2048,1,128.641
sparse_attention,16,16384,1,4096,1,128.64
sparse_attention,16,16384,1,8192,1,129.411
sparse_attention,16,16384,1,16384,1,129.281
sparse_attention,16,16384,2,16,1,120.673
sparse_attention,16,16384,2,32,1,122.689
sparse_attention,16,16384,2,64,1,122.432
sparse_attention,16,16384,2,128,1,124.256
sparse_attention,16,16384,2,256,1,123.871
sparse_attention,16,16384,2,512,1,126.111
sparse_attention,16,16384,2,1024,1,129.601
sparse_attention,16,16384,2,2048,1,137.375
sparse_attention,16,16384,2,4096,1,138.495
sparse_attention,16,16384,2,8192,1,139.104
sparse_attention,16,16384,2,16384,1,140.064
sparse_attention,16,16384,4,16,1,126.369
sparse_attention,16,16384,4,32,1,126.655
sparse_attention,16,16384,4,64,1,127.618
sparse_attention,16,16384,4,128,1,129.022
sparse_attention,16,16384,4,256,1,128.64
sparse_attention,16,16384,4,512,1,130.944
sparse_attention,16,16384,4,1024,1,142.015
sparse_attention,16,16384,4,2048,1,157.054
sparse_attention,16,16384,4,4096,1,157.06
sparse_attention,16,16384,4,8192,1,157.409
sparse_attention,16,16384,4,16384,1,155.296
sparse_attention,16,16384,8,16,1,128.895
sparse_attention,16,16384,8,32,1,128.607
sparse_attention,16,16384,8,64,1,129.057
sparse_attention,16,16384,8,128,1,133.824
sparse_attention,16,16384,8,256,1,135.297
sparse_attention,16,16384,8,512,1,142.591
sparse_attention,16,16384,8,1024,1,160.64
sparse_attention,16,16384,8,2048,1,189.249
sparse_attention,16,16384,8,4096,1,190.627
sparse_attention,16,16384,8,8192,1,188.609
sparse_attention,16,16384,8,16384,1,189.186
sparse_attention,16,16384,16,16,1,129.664
sparse_attention,16,16384,16,32,1,128.673
sparse_attention,16,16384,16,64,1,129.598
sparse_attention,16,16384,16,128,1,137.984
sparse_attention,16,16384,16,256,1,148.033
sparse_attention,16,16384,16,512,1,160.957
sparse_attention,16,16384,16,1024,1,194.337
sparse_attention,16,16384,16,2048,1,250.304
sparse_attention,16,16384,16,4096,1,250.206
sparse_attention,16,16384,16,8192,1,250.464
sparse_attention,16,16384,16,16384,1,256.896
sparse_attention,16,16384,32,16,1,129.215
sparse_attention,16,16384,32,32,1,131.072
sparse_attention,16,16384,32,64,1,133.312
sparse_attention,16,16384,32,128,1,151.264
sparse_attention,16,16384,32,256,1,168
sparse_attention,16,16384,32,512,1,201.824
sparse_attention,16,16384,32,1024,1,264.991
sparse_attention,16,16384,32,2048,1,380.097
sparse_attention,16,16384,32,4096,1,381.088
sparse_attention,16,16384,32,8192,1,380.642
sparse_attention,16,16384,32,16384,1,374.686
sparse_attention,16,16384,64,16,1,142.849
sparse_attention,16,16384,64,32,1,144.352
sparse_attention,16,16384,64,64,1,152.352
sparse_attention,16,16384,64,128,1,174.495
sparse_attention,16,16384,64,256,1,208.864
sparse_attention,16,16384,64,512,1,270.495
sparse_attention,16,16384,64,1024,1,416.735
sparse_attention,16,16384,64,2048,1,650.978
sparse_attention,16,16384,64,4096,1,650.688
sparse_attention,16,16384,64,8192,1,638.977
sparse_attention,16,16384,64,16384,1,639.553
sparse_attention,16,16384,128,16,1,164.384
sparse_attention,16,16384,128,32,1,167.679
sparse_attention,16,16384,128,64,1,181.855
sparse_attention,16,16384,128,128,1,221.344
sparse_attention,16,16384,128,256,1,285.471
sparse_attention,16,16384,128,512,1,438.369
sparse_attention,16,16384,128,1024,1,707.616
sparse_attention,16,16384,128,2048,1,1167.94
sparse_attention,16,16384,128,4096,1,1143.75
sparse_attention,16,16384,128,8192,1,1143.04
sparse_attention,16,16384,128,16384,1,1145.12
sparse_attention,32,0,0,0,1,11.296
sparse_attention,32,0,1,16,1,26.433
sparse_attention,32,0,1,32,1,26.688
sparse_attention,32,0,1,64,1,27.23
sparse_attention,32,0,1,128,1,28.544
sparse_attention,32,0,1,256,1,28.607
sparse_attention,32,0,1,512,1,28.957
sparse_attention,32,0,1,1024,1,30.816
sparse_attention,32,0,1,2048,1,34.496
sparse_attention,32,0,1,4096,1,34.465
sparse_attention,32,0,1,8192,1,34.113
sparse_attention,32,0,1,16384,1,34.05
sparse_attention,32,0,2,16,1,26.655
sparse_attention,32,0,2,32,1,26.655
sparse_attention,32,0,2,64,1,27.201
sparse_attention,32,0,2,128,1,28.928
sparse_attention,32,0,2,256,1,29.184
sparse_attention,32,0,2,512,1,30.822
sparse_attention,32,0,2,1024,1,35.041
sparse_attention,32,0,2,2048,1,42.656
sparse_attention,32,0,2,4096,1,43.167
sparse_attention,32,0,2,8192,1,43.586
sparse_attention,32,0,2,16384,1,45.73
sparse_attention,32,0,4,16,1,31.327
sparse_attention,32,0,4,32,1,31.712
sparse_attention,32,0,4,64,1,32.065
sparse_attention,32,0,4,128,1,33.631
sparse_attention,32,0,4,256,1,34.174
sparse_attention,32,0,4,512,1,37.506
sparse_attention,32,0,4,1024,1,46.176
sparse_attention,32,0,4,2048,1,64.928
sparse_attention,32,0,4,4096,1,62.881
sparse_attention,32,0,4,8192,1,64.96
sparse_attention,32,0,4,16384,1,60.865
sparse_attention,32,0,8,16,1,32.928
sparse_attention,32,0,8,32,1,33.152
sparse_attention,32,0,8,64,1,33.632
sparse_attention,32,0,8,128,1,38.462
sparse_attention,32,0,8,256,1,39.648
sparse_attention,32,0,8,512,1,48.545
sparse_attention,32,0,8,1024,1,69.376
sparse_attention,32,0,8,2048,1,99.906
sparse_attention,32,0,8,4096,1,99.649
sparse_attention,32,0,8,8192,1,93.344
sparse_attention,32,0,8,16384,1,93.057
sparse_attention,32,0,16,16,1,33.92
sparse_attention,32,0,16,32,1,34.271
sparse_attention,32,0,16,64,1,35.616
sparse_attention,32,0,16,128,1,43.264
sparse_attention,32,0,16,256,1,53.536
sparse_attention,32,0,16,512,1,70.88
sparse_attention,32,0,16,1024,1,106.753
sparse_attention,32,0,16,2048,1,162.529
sparse_attention,32,0,16,4096,1,155.2
sparse_attention,32,0,16,8192,1,157.025
sparse_attention,32,0,16,16384,1,159.362
sparse_attention,32,0,32,16,1,32.896
sparse_attention,32,0,32,32,1,34.24
sparse_attention,32,0,32,64,1,39.327
sparse_attention,32,0,32,128,1,54.05
sparse_attention,32,0,32,256,1,73.377
sparse_attention,32,0,32,512,1,108.801
sparse_attention,32,0,32,1024,1,173.855
sparse_attention,32,0,32,2048,1,289.282
sparse_attention,32,0,32,4096,1,289.089
sparse_attention,32,0,32,8192,1,286.368
sparse_attention,32,0,32,16384,1,279.073
sparse_attention,32,0,64,16,1,46.752
sparse_attention,32,0,64,32,1,48.672
sparse_attention,32,0,64,64,1,56.926
sparse_attention,32,0,64,128,1,79.008
sparse_attention,32,0,64,256,1,111.937
sparse_attention,32,0,64,512,1,177.792
sparse_attention,32,0,64,1024,1,321.759
sparse_attention,32,0,64,2048,1,556.26
sparse_attention,32,0,64,4096,1,555.712
sparse_attention,32,0,64,8192,1,542.816
sparse_attention,32,0,64,16384,1,541.761
sparse_attention,32,0,128,16,1,69.119
sparse_attention,32,0,128,32,1,72.576
sparse_attention,32,0,128,64,1,85.024
sparse_attention,32,0,128,128,1,123.136
sparse_attention,32,0,128,256,1,195.04
sparse_attention,32,0,128,512,1,341.888
sparse_attention,32,0,128,1024,1,614.112
sparse_attention,32,0,128,2048,1,1070.69
sparse_attention,32,0,128,4096,1,1052.67
sparse_attention,32,0,128,8192,1,1048.64
sparse_attention,32,0,128,16384,1,1048.48
sparse_attention,32,16,0,0,1,12.192
sparse_attention,32,16,1,16,1,26.88
sparse_attention,32,16,1,32,1,27.296
sparse_attention,32,16,1,64,1,27.872
sparse_attention,32,16,1,128,1,28.896
sparse_attention,32,16,1,256,1,28.961
sparse_attention,32,16,1,512,1,29.569
sparse_attention,32,16,1,1024,1,31.52
sparse_attention,32,16,1,2048,1,35.168
sparse_attention,32,16,1,4096,1,34.24
sparse_attention,32,16,1,8192,1,34.976
sparse_attention,32,16,1,16384,1,35.136
sparse_attention,32,16,2,16,1,27.585
sparse_attention,32,16,2,32,1,27.39
sparse_attention,32,16,2,64,1,28.13
sparse_attention,32,16,2,128,1,29.823
sparse_attention,32,16,2,256,1,30.112
sparse_attention,32,16,2,512,1,31.775
sparse_attention,32,16,2,1024,1,35.488
sparse_attention,32,16,2,2048,1,42.847
sparse_attention,32,16,2,4096,1,43.998
sparse_attention,32,16,2,8192,1,44.257
sparse_attention,32,16,2,16384,1,45.985
sparse_attention,32,16,4,16,1,32.193
sparse_attention,32,16,4,32,1,32.482
sparse_attention,32,16,4,64,1,32.8
sparse_attention,32,16,4,128,1,34.432
sparse_attention,32,16,4,256,1,34.401
sparse_attention,32,16,4,512,1,38.304
sparse_attention,32,16,4,1024,1,46.528
sparse_attention,32,16,4,2048,1,65.697
sparse_attention,32,16,4,4096,1,64.16
sparse_attention,32,16,4,8192,1,65.408
sparse_attention,32,16,4,16384,1,61.312
sparse_attention,32,16,8,16,1,34.272
sparse_attention,32,16,8,32,1,34.272
sparse_attention,32,16,8,64,1,35.233
sparse_attention,32,16,8,128,1,40.16
sparse_attention,32,16,8,256,1,41.088
sparse_attention,32,16,8,512,1,50.464
sparse_attention,32,16,8,1024,1,71.36
sparse_attention,32,16,8,2048,1,100.706
sparse_attention,32,16,8,4096,1,101.28
sparse_attention,32,16,8,8192,1,94.494
sparse_attention,32,16,8,16384,1,93.823
sparse_attention,32,16,16,16,1,34.431
sparse_attention,32,16,16,32,1,35.104
sparse_attention,32,16,16,64,1,37.473
sparse_attention,32,16,16,128,1,44.672
sparse_attention,32,16,16,256,1,55.328
sparse_attention,32,16,16,512,1,73.056
sparse_attention,32,16,16,1024,1,108.354
sparse_attention,32,16,16,2048,1,163.167
sparse_attention,32,16,16,4096,1,156.127
sparse_attention,32,16,16,8192,1,157.215
sparse_attention,32,16,16,16384,1,159.715
sparse_attention,32,16,32,16,1,33.858
sparse_attention,32,16,32,32,1,34.912
sparse_attention,32,16,32,64,1,39.999
sparse_attention,32,16,32,128,1,54.881
sparse_attention,32,16,32,256,1,74.432
sparse_attention,32,16,32,512,1,111.36
sparse_attention,32,16,32,1024,1,174.656
sparse_attention,32,16,32,2048,1,289.502
sparse_attention,32,16,32,4096,1,288.61
sparse_attention,32,16,32,8192,1,287.553
sparse_attention,32,16,32,16384,1,279.873
sparse_attention,32,16,64,16,1,46.431
sparse_attention,32,16,64,32,1,49.055
sparse_attention,32,16,64,64,1,57.918
sparse_attention,32,16,64,128,1,78.75
sparse_attention,32,16,64,256,1,111.424
sparse_attention,32,16,64,512,1,178.497
sparse_attention,32,16,64,1024,1,320.545
sparse_attention,32,16,64,2048,1,558.176
sparse_attention,32,16,64,4096,1,555.747
sparse_attention,32,16,64,8192,1,541.825
sparse_attention,32,16,64,16384,1,542.528
sparse_attention,32,16,128,16,1,69.217
sparse_attention,32,16,128,32,1,72.993
sparse_attention,32,16,128,64,1,87.745
sparse_attention,32,16,128,128,1,124.864
sparse_attention,32,16,128,256,1,192.767
sparse_attention,32,16,128,512,1,341.599
sparse_attention,32,16,128,1024,1,611.072
sparse_attention,32,16,128,2048,1,1071.3
sparse_attention,32,16,128,4096,1,1055.84
sparse_attention,32,16,128,8192,1,1049.86
sparse_attention,32,16,128,16384,1,1049.95
sparse_attention,32,32,0,0,1,12.608
sparse_attention,32,32,1,16,1,27.52
sparse_attention,32,32,1,32,1,27.487
sparse_attention,32,32,1,64,1,27.84
sparse_attention,32,32,1,128,1,29.377
sparse_attention,32,32,1,256,1,29.569
sparse_attention,32,32,1,512,1,29.665
sparse_attention,32,32,1,1024,1,31.553
sparse_attention,32,32,1,2048,1,34.752
sparse_attention,32,32,1,4096,1,34.849
sparse_attention,32,32,1,8192,1,35.137
sparse_attention,32,32,1,16384,1,35.073
sparse_attention,32,32,2,16,1,28.065
sparse_attention,32,32,2,32,1,28.162
sparse_attention,32,32,2,64,1,28.48
sparse_attention,32,32,2,128,1,30.175
sparse_attention,32,32,2,256,1,30.624
sparse_attention,32,32,2,512,1,32.256
sparse_attention,32,32,2,1024,1,35.81
sparse_attention,32,32,2,2048,1,43.168
sparse_attention,32,32,2,4096,1,44.544
sparse_attention,32,32,2,8192,1,44.448
sparse_attention,32,32,2,16384,1,47.52
sparse_attention,32,32,4,16,1,32.705
sparse_attention,32,32,4,32,1,32.929
sparse_attention,32,32,4,64,1,33.215
sparse_attention,32,32,4,128,1,34.784
sparse_attention,32,32,4,256,1,34.72
sparse_attention,32,32,4,512,1,38.655
sparse_attention,32,32,4,1024,1,47.2
sparse_attention,32,32,4,2048,1,65.76
sparse_attention,32,32,4,4096,1,64.162
sparse_attention,32,32,4,8192,1,65.696
sparse_attention,32,32,4,16384,1,61.887
sparse_attention,32,32,8,16,1,34.465
sparse_attention,32,32,8,32,1,34.431
sparse_attention,32,32,8,64,1,35.295
sparse_attention,32,32,8,128,1,40.288
sparse_attention,32,32,8,256,1,40.991
sparse_attention,32,32,8,512,1,49.952
sparse_attention,32,32,8,1024,1,70.848
sparse_attention,32,32,8,2048,1,101.474
sparse_attention,32,32,8,4096,1,101.761
sparse_attention,32,32,8,8192,1,94.881
sparse_attention,32,32,8,16384,1,94.464
sparse_attention,32,32,16,16,1,35.232
sparse_attention,32,32,16,32,1,35.999
sparse_attention,32,32,16,64,1,37.088
sparse_attention,32,32,16,128,1,44.864
sparse_attention,32,32,16,256,1,54.656
sparse_attention,32,32,16,512,1,72.606
sparse_attention,32,32,16,1024,1,108.416
sparse_attention,32,32,16,2048,1,163.871
sparse_attention,32,32,16,4096,1,156.959
sparse_attention,32,32,16,8192,1,158.049
sparse_attention,32,32,16,16384,1,160.227
sparse_attention,32,32,32,16,1,35.551
sparse_attention,32,32,32,32,1,36.128
sparse_attention,32,32,32,64,1,40.897
sparse_attention,32,32,32,128,1,55.52
sparse_attention,32,32,32,256,1,75.744
sparse_attention,32,32,32,512,1,109.44
sparse_attention,32,32,32,1024,1,174.336
sparse_attention,32,32,32,2048,1,289.953
sparse_attention,32,32,32,4096,1,290.271
sparse_attention,32,32,32,8192,1,287.969
sparse_attention,32,32,32,16384,1,280.963
sparse_attention,32,32,64,16,1,46.687
sparse_attention,32,32,64,32,1,49.728
sparse_attention,32,32,64,64,1,57.76
sparse_attention,32,32,64,128,1,78.657
sparse_attention,32,32,64,256,1,112.545
sparse_attention,32,32,64,512,1,179.806
sparse_attention,32,32,64,1024,1,321.633
sparse_attention,32,32,64,2048,1,559.137
sparse_attention,32,32,64,4096,1,560.095
sparse_attention,32,32,64,8192,1,543.072
sparse_attention,32,32,64,16384,1,542.976
sparse_attention,32,32,128,16,1,69.822
sparse_attention,32,32,128,32,1,73.44
sparse_attention,32,32,128,64,1,85.981
sparse_attention,32,32,128,128,1,124.64
sparse_attention,32,32,128,256,1,195.233
sparse_attention,32,32,128,512,1,342.947
sparse_attention,32,32,128,1024,1,613.663
sparse_attention,32,32,128,2048,1,1071.46
sparse_attention,32,32,128,4096,1,1054.46
sparse_attention,32,32,128,8192,1,1049.95
sparse_attention,32,32,128,16384,1,1050.14
sparse_attention,32,64,0,0,1,14.208
sparse_attention,32,64,1,16,1,29.282
sparse_attention,32,64,1,32,1,29.632
sparse_attention,32,64,1,64,1,29.92
sparse_attention,32,64,1,128,1,30.718
sparse_attention,32,64,1,256,1,30.784
sparse_attention,32,64,1,512,1,31.104
sparse_attention,32,64,1,1024,1,32.702
sparse_attention,32,64,1,2048,1,36.32
sparse_attention,32,64,1,4096,1,36.257
sparse_attention,32,64,1,8192,1,36.513
sparse_attention,32,64,1,16384,1,36.479
sparse_attention,32,64,2,16,1,29.216
sparse_attention,32,64,2,32,1,29.218
sparse_attention,32,64,2,64,1,29.696
sparse_attention,32,64,2,128,1,31.327
sparse_attention,32,64,2,256,1,31.712
sparse_attention,32,64,2,512,1,33.28
sparse_attention,32,64,2,1024,1,37.312
sparse_attention,32,64,2,2048,1,44.736
sparse_attention,32,64,2,4096,1,46.435
sparse_attention,32,64,2,8192,1,46.015
sparse_attention,32,64,2,16384,1,48.098
sparse_attention,32,64,4,16,1,33.824
sparse_attention,32,64,4,32,1,34.177
sparse_attention,32,64,4,64,1,34.303
sparse_attention,32,64,4,128,1,36.126
sparse_attention,32,64,4,256,1,36.096
sparse_attention,32,64,4,512,1,39.965
sparse_attention,32,64,4,1024,1,48.128
sparse_attention,32,64,4,2048,1,68.579
sparse_attention,32,64,4,4096,1,65.631
sparse_attention,32,64,4,8192,1,67.104
sparse_attention,32,64,4,16384,1,62.88
sparse_attention,32,64,8,16,1,35.392
sparse_attention,32,64,8,32,1,35.552
sparse_attention,32,64,8,64,1,36.223
sparse_attention,32,64,8,128,1,41.472
sparse_attention,32,64,8,256,1,42.143
sparse_attention,32,64,8,512,1,51.263
sparse_attention,32,64,8,1024,1,71.937
sparse_attention,32,64,8,2048,1,101.604
sparse_attention,32,64,8,4096,1,102.431
sparse_attention,32,64,8,8192,1,96.256
sparse_attention,32,64,8,16384,1,95.907
sparse_attention,32,64,16,16,1,36.481
sparse_attention,32,64,16,32,1,36.64
sparse_attention,32,64,16,64,1,38.177
sparse_attention,32,64,16,128,1,45.217
sparse_attention,32,64,16,256,1,55.549
sparse_attention,32,64,16,512,1,74.081
sparse_attention,32,64,16,1024,1,108.734
sparse_attention,32,64,16,2048,1,165.088
sparse_attention,32,64,16,4096,1,157.986
sparse_attention,32,64,16,8192,1,159.456
sparse_attention,32,64,16,16384,1,161.28
sparse_attention,32,64,32,16,1,35.392
sparse_attention,32,64,32,32,1,37.056
sparse_attention,32,64,32,64,1,41.343
sparse_attention,32,64,32,128,1,56.673
sparse_attention,32,64,32,256,1,75.807
sparse_attention,32,64,32,512,1,110.847
sparse_attention,32,64,32,1024,1,176.643
sparse_attention,32,64,32,2048,1,291.266
sparse_attention,32,64,32,4096,1,291.296
sparse_attention,32,64,32,8192,1,289.346
sparse_attention,32,64,32,16384,1,280.736
sparse_attention,32,64,64,16,1,49.313
sparse_attention,32,64,64,32,1,50.752
sparse_attention,32,64,64,64,1,57.952
sparse_attention,32,64,64,128,1,80.479
sparse_attention,32,64,64,256,1,114.208
sparse_attention,32,64,64,512,1,180.672
sparse_attention,32,64,64,1024,1,325.092
sparse_attention,32,64,64,2048,1,559.616
sparse_attention,32,64,64,4096,1,559.326
sparse_attention,32,64,64,8192,1,544.416
sparse_attention,32,64,64,16384,1,543.968
sparse_attention,32,64,128,16,1,70.623
sparse_attention,32,64,128,32,1,75.713
sparse_attention,32,64,128,64,1,88.707
sparse_attention,32,64,128,128,1,127.744
sparse_attention,32,64,128,256,1,196.32
sparse_attention,32,64,128,512,1,342.017
sparse_attention,32,64,128,1024,1,616.224
sparse_attention,32,64,128,2048,1,1072.7
sparse_attention,32,64,128,4096,1,1055.68
sparse_attention,32,64,128,8192,1,1050.69
sparse_attention,32,64,128,16384,1,1051.81
sparse_attention,32,128,0,0,1,19.04
sparse_attention,32,128,1,16,1,34.049
sparse_attention,32,128,1,32,1,33.952
sparse_attention,32,128,1,64,1,34.464
sparse_attention,32,128,1,128,1,36
sparse_attention,32,128,1,256,1,36.161
sparse_attention,32,128,1,512,1,36.096
sparse_attention,32,128,1,1024,1,37.889
sparse_attention,32,128,1,2048,1,41.535
sparse_attention,32,128,1,4096,1,41.793
sparse_attention,32,128,1,8192,1,42.207
sparse_attention,32,128,1,16384,1,41.697
sparse_attention,32,128,2,16,1,33.949
sparse_attention,32,128,2,32,1,34.303
sparse_attention,32,128,2,64,1,35.007
sparse_attention,32,128,2,128,1,36.606
sparse_attention,32,128,2,256,1,36.864
sparse_attention,32,128,2,512,1,38.719
sparse_attention,32,128,2,1024,1,42.847
sparse_attention,32,128,2,2048,1,49.728
sparse_attention,32,128,2,4096,1,50.848
sparse_attention,32,128,2,8192,1,50.688
sparse_attention,32,128,2,16384,1,53.759
sparse_attention,32,128,4,16,1,39.2
sparse_attention,32,128,4,32,1,39.2
sparse_attention,32,128,4,64,1,39.712
sparse_attention,32,128,4,128,1,41.121
sparse_attention,32,128,4,256,1,41.536
sparse_attention,32,128,4,512,1,44.831
sparse_attention,32,128,4,1024,1,53.44
sparse_attention,32,128,4,2048,1,71.968
sparse_attention,32,128,4,4096,1,70.689
sparse_attention,32,128,4,8192,1,72.513
sparse_attention,32,128,4,16384,1,68.513
sparse_attention,32,128,8,16,1,40.576
sparse_attention,32,128,8,32,1,40.478
sparse_attention,32,128,8,64,1,41.376
sparse_attention,32,128,8,128,1,46.016
sparse_attention,32,128,8,256,1,47.104
sparse_attention,32,128,8,512,1,56.001
sparse_attention,32,128,8,1024,1,76.8
sparse_attention,32,128,8,2048,1,107.234
sparse_attention,32,128,8,4096,1,107.427
sparse_attention,32,128,8,8192,1,100.93
sparse_attention,32,128,8,16384,1,100.733
sparse_attention,32,128,16,16,1,42.656
sparse_attention,32,128,16,32,1,42.433
sparse_attention,32,128,16,64,1,43.488
sparse_attention,32,128,16,128,1,50.815
sparse_attention,32,128,16,256,1,60.289
sparse_attention,32,128,16,512,1,77.825
sparse_attention,32,128,16,1024,1,114.111
sparse_attention,32,128,16,2048,1,170.464
sparse_attention,32,128,16,4096,1,162.656
sparse_attention,32,128,16,8192,1,163.873
sparse_attention,32,128,16,16384,1,167.457
sparse_attention,32,128,32,16,1,41.664
sparse_attention,32,128,32,32,1,43.104
sparse_attention,32,128,32,64,1,46.525
sparse_attention,32,128,32,128,1,62.239
sparse_attention,32,128,32,256,1,81.631
sparse_attention,32,128,32,512,1,117.698
sparse_attention,32,128,32,1024,1,181.407
sparse_attention,32,128,32,2048,1,296.959
sparse_attention,32,128,32,4096,1,296.864
sparse_attention,32,128,32,8192,1,294.431
sparse_attention,32,128,32,16384,1,286.911
sparse_attention,32,128,64,16,1,53.695
sparse_attention,32,128,64,32,1,56.867
sparse_attention,32,128,64,64,1,63.36
sparse_attention,32,128,64,128,1,84.767
sparse_attention,32,128,64,256,1,119.808
sparse_attention,32,128,64,512,1,187.073
sparse_attention,32,128,64,1024,1,330.4
sparse_attention,32,128,64,2048,1,564.031
sparse_attention,32,128,64,4096,1,564.575
sparse_attention,32,128,64,8192,1,550.723
sparse_attention,32,128,64,16384,1,549.472
sparse_attention,32,128,128,16,1,76.034
sparse_attention,32,128,128,32,1,82.336
sparse_attention,32,128,128,64,1,93.439
sparse_attention,32,128,128,128,1,133.12
sparse_attention,32,128,128,256,1,201.44
sparse_attention,32,128,128,512,1,348.386
sparse_attention,32,128,128,1024,1,620.161
sparse_attention,32,128,128,2048,1,1079.23
sparse_attention,32,128,128,4096,1,1060.07
sparse_attention,32,128,128,8192,1,1056.32
sparse_attention,32,128,128,16384,1,1057.66
sparse_attention,32,256,0,0,1,27.361
sparse_attention,32,256,1,16,1,42.462
sparse_attention,32,256,1,32,1,42.592
sparse_attention,32,256,1,64,1,44.416
sparse_attention,32,256,1,128,1,45.663
sparse_attention,32,256,1,256,1,45.313
sparse_attention,32,256,1,512,1,44.703
sparse_attention,32,256,1,1024,1,46.113
sparse_attention,32,256,1,2048,1,50.016
sparse_attention,32,256,1,4096,1,49.598
sparse_attention,32,256,1,8192,1,50.305
sparse_attention,32,256,1,16384,1,50.849
sparse_attention,32,256,2,16,1,42.624
sparse_attention,32,256,2,32,1,42.784
sparse_attention,32,256,2,64,1,43.552
sparse_attention,32,256,2,128,1,45.312
sparse_attention,32,256,2,256,1,45.344
sparse_attention,32,256,2,512,1,46.816
sparse_attention,32,256,2,1024,1,51.614
sparse_attention,32,256,2,2048,1,59.071
sparse_attention,32,256,2,4096,1,58.849
sparse_attention,32,256,2,8192,1,59.391
sparse_attention,32,256,2,16384,1,61.504
sparse_attention,32,256,4,16,1,47.681
sparse_attention,32,256,4,32,1,47.552
sparse_attention,32,256,4,64,1,48.193
sparse_attention,32,256,4,128,1,49.823
sparse_attention,32,256,4,256,1,49.696
sparse_attention,32,256,4,512,1,52.831
sparse_attention,32,256,4,1024,1,62.688
sparse_attention,32,256,4,2048,1,80.768
sparse_attention,32,256,4,4096,1,79.04
sparse_attention,32,256,4,8192,1,80.609
sparse_attention,32,256,4,16384,1,76.064
sparse_attention,32,256,8,16,1,49.281
sparse_attention,32,256,8,32,1,49.154
sparse_attention,32,256,8,64,1,49.41
sparse_attention,32,256,8,128,1,54.079
sparse_attention,32,256,8,256,1,56.192
sparse_attention,32,256,8,512,1,63.809
sparse_attention,32,256,8,1024,1,84.767
sparse_attention,32,256,8,2048,1,116.221
sparse_attention,32,256,8,4096,1,116.354
sparse_attention,32,256,8,8192,1,109.92
sparse_attention,32,256,8,16384,1,108.64
sparse_attention,32,256,16,16,1,49.856
sparse_attention,32,256,16,32,1,50.785
sparse_attention,32,256,16,64,1,51.296
sparse_attention,32,256,16,128,1,58.688
sparse_attention,32,256,16,256,1,69.025
sparse_attention,32,256,16,512,1,87.456
sparse_attention,32,256,16,1024,1,123.712
sparse_attention,32,256,16,2048,1,179.136
sparse_attention,32,256,16,4096,1,171.677
sparse_attention,32,256,16,8192,1,172.801
sparse_attention,32,256,16,16384,1,176.098
sparse_attention,32,256,32,16,1,49.153
sparse_attention,32,256,32,32,1,50.88
sparse_attention,32,256,32,64,1,55.68
sparse_attention,32,256,32,128,1,70.561
sparse_attention,32,256,32,256,1,89.024
sparse_attention,32,256,32,512,1,125.728
sparse_attention,32,256,32,1024,1,188.16
sparse_attention,32,256,32,2048,1,305.728
sparse_attention,32,256,32,4096,1,303.456
sparse_attention,32,256,32,8192,1,302.912
sparse_attention,32,256,32,16384,1,295.713
sparse_attention,32,256,64,16,1,62.049
sparse_attention,32,256,64,32,1,65.888
sparse_attention,32,256,64,64,1,71.616
sparse_attention,32,256,64,128,1,93.952
sparse_attention,32,256,64,256,1,127.009
sparse_attention,32,256,64,512,1,194.752
sparse_attention,32,256,64,1024,1,337.344
sparse_attention,32,256,64,2048,1,571.872
sparse_attention,32,256,64,4096,1,570.912
sparse_attention,32,256,64,8192,1,557.762
sparse_attention,32,256,64,16384,1,556.097
sparse_attention,32,256,128,16,1,84.639
sparse_attention,32,256,128,32,1,88.13
sparse_attention,32,256,128,64,1,100.639
sparse_attention,32,256,128,128,1,141.951
sparse_attention,32,256,128,256,1,211.234
sparse_attention,32,256,128,512,1,358.114
sparse_attention,32,256,128,1024,1,633.954
sparse_attention,32,256,128,2048,1,1086.18
sparse_attention,32,256,128,4096,1,1067.75
sparse_attention,32,256,128,8192,1,1064.29
sparse_attention,32,256,128,16384,1,1064.16
sparse_attention,32,512,0,0,1,43.2
sparse_attention,32,512,1,16,1,58.753
sparse_attention,32,512,1,32,1,58.112
sparse_attention,32,512,1,64,1,59.776
sparse_attention,32,512,1,128,1,60.834
sparse_attention,32,512,1,256,1,60.098
sparse_attention,32,512,1,512,1,60.704
sparse_attention,32,512,1,1024,1,62.302
sparse_attention,32,512,1,2048,1,65.503
sparse_attention,32,512,1,4096,1,65.791
sparse_attention,32,512,1,8192,1,66.559
sparse_attention,32,512,1,16384,1,65.663
sparse_attention,32,512,2,16,1,58.368
sparse_attention,32,512,2,32,1,58.656
sparse_attention,32,512,2,64,1,59.457
sparse_attention,32,512,2,128,1,60.737
sparse_attention,32,512,2,256,1,61.184
sparse_attention,32,512,2,512,1,62.592
sparse_attention,32,512,2,1024,1,65.634
sparse_attention,32,512,2,2048,1,75.36
sparse_attention,32,512,2,4096,1,74.975
sparse_attention,32,512,2,8192,1,74.689
sparse_attention,32,512,2,16384,1,78.144
sparse_attention,32,512,4,16,1,63.521
sparse_attention,32,512,4,32,1,63.489
sparse_attention,32,512,4,64,1,63.936
sparse_attention,32,512,4,128,1,66.047
sparse_attention,32,512,4,256,1,65.856
sparse_attention,32,512,4,512,1,68.736
sparse_attention,32,512,4,1024,1,77.088
sparse_attention,32,512,4,2048,1,97.024
sparse_attention,32,512,4,4096,1,95.487
sparse_attention,32,512,4,8192,1,97.823
sparse_attention,32,512,4,16384,1,92.385
sparse_attention,32,512,8,16,1,64.672
sparse_attention,32,512,8,32,1,65.502
sparse_attention,32,512,8,64,1,65.409
sparse_attention,32,512,8,128,1,70.464
sparse_attention,32,512,8,256,1,71.072
sparse_attention,32,512,8,512,1,80.608
sparse_attention,32,512,8,1024,1,101.696
sparse_attention,32,512,8,2048,1,131.519
sparse_attention,32,512,8,4096,1,132.83
sparse_attention,32,512,8,8192,1,125.696
sparse_attention,32,512,8,16384,1,125.44
sparse_attention,32,512,16,16,1,65.855
sparse_attention,32,512,16,32,1,66.272
sparse_attention,32,512,16,64,1,67.169
sparse_attention,32,512,16,128,1,75.459
sparse_attention,32,512,16,256,1,84.865
sparse_attention,32,512,16,512,1,102.655
sparse_attention,32,512,16,1024,1,139.422
sparse_attention,32,512,16,2048,1,195.583
sparse_attention,32,512,16,4096,1,187.839
sparse_attention,32,512,16,8192,1,186.752
sparse_attention,32,512,16,16384,1,191.392
sparse_attention,32,512,32,16,1,64.703
sparse_attention,32,512,32,32,1,66.53
sparse_attention,32,512,32,64,1,70.977
sparse_attention,32,512,32,128,1,85.246
sparse_attention,32,512,32,256,1,105.502
sparse_attention,32,512,32,512,1,140.575
sparse_attention,32,512,32,1024,1,205.346
sparse_attention,32,512,32,2048,1,320.128
sparse_attention,32,512,32,4096,1,319.809
sparse_attention,32,512,32,8192,1,319.965
sparse_attention,32,512,32,16384,1,310.24
sparse_attention,32,512,64,16,1,76.992
sparse_attention,32,512,64,32,1,79.809
sparse_attention,32,512,64,64,1,87.616
sparse_attention,32,512,64,128,1,110.08
sparse_attention,32,512,64,256,1,145.343
sparse_attention,32,512,64,512,1,209.826
sparse_attention,32,512,64,1024,1,351.903
sparse_attention,32,512,64,2048,1,587.776
sparse_attention,32,512,64,4096,1,589.216
sparse_attention,32,512,64,8192,1,574.273
sparse_attention,32,512,64,16384,1,574.08
sparse_attention,32,512,128,16,1,99.806
sparse_attention,32,512,128,32,1,104.671
sparse_attention,32,512,128,64,1,119.008
sparse_attention,32,512,128,128,1,157.536
sparse_attention,32,512,128,256,1,225.955
sparse_attention,32,512,128,512,1,372.64
sparse_attention,32,512,128,1024,1,643.263
sparse_attention,32,512,128,2048,1,1102.98
sparse_attention,32,512,128,4096,1,1084.1
sparse_attention,32,512,128,8192,1,1080.19
sparse_attention,32,512,128,16384,1,1079.9
sparse_attention,32,1024,0,0,1,72.896
sparse_attention,32,1024,1,16,1,88
sparse_attention,32,1024,1,32,1,86.944
sparse_attention,32,1024,1,64,1,87.362
sparse_attention,32,1024,1,128,1,88.959
sparse_attention,32,1024,1,256,1,88.481
sparse_attention,32,1024,1,512,1,89.216
sparse_attention,32,1024,1,1024,1,90.909
sparse_attention,32,1024,1,2048,1,93.826
sparse_attention,32,1024,1,4096,1,93.695
sparse_attention,32,1024,1,8192,1,94.433
sparse_attention,32,1024,1,16384,1,94.784
sparse_attention,32,1024,2,16,1,87.167
sparse_attention,32,1024,2,32,1,87.775
sparse_attention,32,1024,2,64,1,88.063
sparse_attention,32,1024,2,128,1,89.216
sparse_attention,32,1024,2,256,1,90.018
sparse_attention,32,1024,2,512,1,91.199
sparse_attention,32,1024,2,1024,1,95.905
sparse_attention,32,1024,2,2048,1,101.856
sparse_attention,32,1024,2,4096,1,103.586
sparse_attention,32,1024,2,8192,1,104.161
sparse_attention,32,1024,2,16384,1,106.624
sparse_attention,32,1024,4,16,1,92.48
sparse_attention,32,1024,4,32,1,92.32
sparse_attention,32,1024,4,64,1,92.607
sparse_attention,32,1024,4,128,1,94.784
sparse_attention,32,1024,4,256,1,94.049
sparse_attention,32,1024,4,512,1,97.503
sparse_attention,32,1024,4,1024,1,106.433
sparse_attention,32,1024,4,2048,1,124.353
sparse_attention,32,1024,4,4096,1,125.217
sparse_attention,32,1024,4,8192,1,126.464
sparse_attention,32,1024,4,16384,1,120.861
sparse_attention,32,1024,8,16,1,93.345
sparse_attention,32,1024,8,32,1,93.984
sparse_attention,32,1024,8,64,1,94.336
sparse_attention,32,1024,8,128,1,99.584
sparse_attention,32,1024,8,256,1,100.738
sparse_attention,32,1024,8,512,1,108.19
sparse_attention,32,1024,8,1024,1,130.049
sparse_attention,32,1024,8,2048,1,161.504
sparse_attention,32,1024,8,4096,1,160.448
sparse_attention,32,1024,8,8192,1,155.041
sparse_attention,32,1024,8,16384,1,154.306
sparse_attention,32,1024,16,16,1,94.048
sparse_attention,32,1024,16,32,1,94.912
sparse_attention,32,1024,16,64,1,95.903
sparse_attention,32,1024,16,128,1,103.936
sparse_attention,32,1024,16,256,1,113.122
sparse_attention,32,1024,16,512,1,130.849
sparse_attention,32,1024,16,1024,1,167.68
sparse_attention,32,1024,16,2048,1,223.744
sparse_attention,32,1024,16,4096,1,216.64
sparse_attention,32,1024,16,8192,1,216.13
sparse_attention,32,1024,16,16384,1,218.305
sparse_attention,32,1024,32,16,1,93.632
sparse_attention,32,1024,32,32,1,95.456
sparse_attention,32,1024,32,64,1,101.568
sparse_attention,32,1024,32,128,1,116.417
sparse_attention,32,1024,32,256,1,135.521
sparse_attention,32,1024,32,512,1,170.208
sparse_attention,32,1024,32,1024,1,234.307
sparse_attention,32,1024,32,2048,1,348.864
sparse_attention,32,1024,32,4096,1,347.36
sparse_attention,32,1024,32,8192,1,348.192
sparse_attention,32,1024,32,16384,1,339.041
sparse_attention,32,1024,64,16,1,106.336
sparse_attention,32,1024,64,32,1,108.8
sparse_attention,32,1024,64,64,1,117.377
sparse_attention,32,1024,64,128,1,137.024
sparse_attention,32,1024,64,256,1,172.32
sparse_attention,32,1024,64,512,1,238.048
sparse_attention,32,1024,64,1024,1,379.52
sparse_attention,32,1024,64,2048,1,616.289
sparse_attention,32,1024,64,4096,1,616.192
sparse_attention,32,1024,64,8192,1,601.121
sparse_attention,32,1024,64,16384,1,600.863
sparse_attention,32,1024,128,16,1,129.599
sparse_attention,32,1024,128,32,1,132.895
sparse_attention,32,1024,128,64,1,146.082
sparse_attention,32,1024,128,128,1,183.646
sparse_attention,32,1024,128,256,1,252.768
sparse_attention,32,1024,128,512,1,403.328
sparse_attention,32,1024,128,1024,1,673.409
sparse_attention,32,1024,128,2048,1,1131.2
sparse_attention,32,1024,128,4096,1,1112.42
sparse_attention,32,1024,128,8192,1,1107.97
sparse_attention,32,1024,128,16384,1,1109.22
sparse_attention,32,2048,0,0,1,122.176
sparse_attention,32,2048,1,16,1,135.295
sparse_attention,32,2048,1,32,1,136.609
sparse_attention,32,2048,1,64,1,138.72
sparse_attention,32,2048,1,128,1,138.369
sparse_attention,32,2048,1,256,1,138.047
sparse_attention,32,2048,1,512,1,139.201
sparse_attention,32,2048,1,1024,1,141.504
sparse_attention,32,2048,1,2048,1,143.872
sparse_attention,32,2048,1,4096,1,143.904
sparse_attention,32,2048,1,8192,1,145.569
sparse_attention,32,2048,1,16384,1,145.088
sparse_attention,32,2048,2,16,1,136.256
sparse_attention,32,2048,2,32,1,138.238
sparse_attention,32,2048,2,64,1,138.242
sparse_attention,32,2048,2,128,1,139.585
sparse_attention,32,2048,2,256,1,139.777
sparse_attention,32,2048,2,512,1,141.6
sparse_attention,32,2048,2,1024,1,146.434
sparse_attention,32,2048,2,2048,1,152.288
sparse_attention,32,2048,2,4096,1,154.912
sparse_attention,32,2048,2,8192,1,156.001
sparse_attention,32,2048,2,16384,1,157.952
sparse_attention,32,2048,4,16,1,141.695
sparse_attention,32,2048,4,32,1,143.424
sparse_attention,32,2048,4,64,1,143.872
sparse_attention,32,2048,4,128,1,145.854
sparse_attention,32,2048,4,256,1,144.321
sparse_attention,32,2048,4,512,1,147.391
sparse_attention,32,2048,4,1024,1,156.832
sparse_attention,32,2048,4,2048,1,175.104
sparse_attention,32,2048,4,4096,1,175.872
sparse_attention,32,2048,4,8192,1,176.096
sparse_attention,32,2048,4,16384,1,171.328
sparse_attention,32,2048,8,16,1,143.102
sparse_attention,32,2048,8,32,1,144.127
sparse_attention,32,2048,8,64,1,143.968
sparse_attention,32,2048,8,128,1,148.767
sparse_attention,32,2048,8,256,1,148.669
sparse_attention,32,2048,8,512,1,160.062
sparse_attention,32,2048,8,1024,1,180.609
sparse_attention,32,2048,8,2048,1,210.146
sparse_attention,32,2048,8,4096,1,210.336
sparse_attention,32,2048,8,8192,1,203.201
sparse_attention,32,2048,8,16384,1,204.001
sparse_attention,32,2048,16,16,1,145.056
sparse_attention,32,2048,16,32,1,145.761
sparse_attention,32,2048,16,64,1,144.991
sparse_attention,32,2048,16,128,1,154.687
sparse_attention,32,2048,16,256,1,164.192
sparse_attention,32,2048,16,512,1,180.8
sparse_attention,32,2048,16,1024,1,218.336
sparse_attention,32,2048,16,2048,1,274.304
sparse_attention,32,2048,16,4096,1,266.528
sparse_attention,32,2048,16,8192,1,266.978
sparse_attention,32,2048,16,16384,1,269.792
sparse_attention,32,2048,32,16,1,145.504
sparse_attention,32,2048,32,32,1,145.538
sparse_attention,32,2048,32,64,1,149.567
sparse_attention,32,2048,32,128,1,165.281
sparse_attention,32,2048,32,256,1,184.639
sparse_attention,32,2048,32,512,1,220.192
sparse_attention,32,2048,32,1024,1,284.161
sparse_attention,32,2048,32,2048,1,398.398
sparse_attention,32,2048,32,4096,1,396.544
sparse_attention,32,2048,32,8192,1,396.577
sparse_attention,32,2048,32,16384,1,390.784
sparse_attention,32,2048,64,16,1,158.048
sparse_attention,32,2048,64,32,1,159.551
sparse_attention,32,2048,64,64,1,165.088
sparse_attention,32,2048,64,128,1,189.408
sparse_attention,32,2048,64,256,1,223.488
sparse_attention,32,2048,64,512,1,289.538
sparse_attention,32,2048,64,1024,1,429.536
sparse_attention,32,2048,64,2048,1,667.425
sparse_attention,32,2048,64,4096,1,666.624
sparse_attention,32,2048,64,8192,1,651.456
sparse_attention,32,2048,64,16384,1,652.32
sparse_attention,32,2048,128,16,1,179.072
sparse_attention,32,2048,128,32,1,182.975
sparse_attention,32,2048,128,64,1,195.776
sparse_attention,32,2048,128,128,1,233.853
sparse_attention,32,2048,128,256,1,302.752
sparse_attention,32,2048,128,512,1,451.968
sparse_attention,32,2048,128,1024,1,720.289
sparse_attention,32,2048,128,2048,1,1180.67
sparse_attention,32,2048,128,4096,1,1161.47
sparse_attention,32,2048,128,8192,1,1155.84
sparse_attention,32,2048,128,16384,1,1159.65
sparse_attention,32,4096,0,0,1,120.865
sparse_attention,32,4096,1,16,1,137.055
sparse_attention,32,4096,1,32,1,136.606
sparse_attention,32,4096,1,64,1,138.302
sparse_attention,32,4096,1,128,1,139.105
sparse_attention,32,4096,1,256,1,139.103
sparse_attention,32,4096,1,512,1,139.104
sparse_attention,32,4096,1,1024,1,142.272
sparse_attention,32,4096,1,2048,1,145.76
sparse_attention,32,4096,1,4096,1,145.568
sparse_attention,32,4096,1,8192,1,144.032
sparse_attention,32,4096,1,16384,1,144.225
sparse_attention,32,4096,2,16,1,136.832
sparse_attention,32,4096,2,32,1,137.184
sparse_attention,32,4096,2,64,1,137.153
sparse_attention,32,4096,2,128,1,140
sparse_attention,32,4096,2,256,1,138.754
sparse_attention,32,4096,2,512,1,141.375
sparse_attention,32,4096,2,1024,1,144.064
sparse_attention,32,4096,2,2048,1,153.888
sparse_attention,32,4096,2,4096,1,153.535
sparse_attention,32,4096,2,8192,1,153.568
sparse_attention,32,4096,2,16384,1,155.36
sparse_attention,32,4096,4,16,1,142.593
sparse_attention,32,4096,4,32,1,141.822
sparse_attention,32,4096,4,64,1,143.233
sparse_attention,32,4096,4,128,1,143.39
sparse_attention,32,4096,4,256,1,143.808
sparse_attention,32,4096,4,512,1,147.81
sparse_attention,32,4096,4,1024,1,154.624
sparse_attention,32,4096,4,2048,1,175.008
sparse_attention,32,4096,4,4096,1,173.888
sparse_attention,32,4096,4,8192,1,175.072
sparse_attention,32,4096,4,16384,1,171.616
sparse_attention,32,4096,8,16,1,142.241
sparse_attention,32,4096,8,32,1,144.608
sparse_attention,32,4096,8,64,1,145.088
sparse_attention,32,4096,8,128,1,149.023
sparse_attention,32,4096,8,256,1,149.504
sparse_attention,32,4096,8,512,1,159.297
sparse_attention,32,4096,8,1024,1,180.03
sparse_attention,32,4096,8,2048,1,210.495
sparse_attention,32,4096,8,4096,1,209.759
sparse_attention,32,4096,8,8192,1,203.168
sparse_attention,32,4096,8,16384,1,203.357
sparse_attention,32,4096,16,16,1,143.968
sparse_attention,32,4096,16,32,1,144.352
sparse_attention,32,4096,16,64,1,146.752
sparse_attention,32,4096,16,128,1,153.633
sparse_attention,32,4096,16,256,1,164.8
sparse_attention,32,4096,16,512,1,181.824
sparse_attention,32,4096,16,1024,1,217.025
sparse_attention,32,4096,16,2048,1,272.192
sparse_attention,32,4096,16,4096,1,265.696
sparse_attention,32,4096,16,8192,1,265.376
sparse_attention,32,4096,16,16384,1,268.642
sparse_attention,32,4096,32,16,1,142.882
sparse_attention,32,4096,32,32,1,145.696
sparse_attention,32,4096,32,64,1,149.792
sparse_attention,32,4096,32,128,1,164.318
sparse_attention,32,4096,32,256,1,183.393
sparse_attention,32,4096,32,512,1,218.176
sparse_attention,32,4096,32,1024,1,284.384
sparse_attention,32,4096,32,2048,1,399.136
sparse_attention,32,4096,32,4096,1,396.865
sparse_attention,32,4096,32,8192,1,398.464
sparse_attention,32,4096,32,16384,1,389.536
sparse_attention,32,4096,64,16,1,156.448
sparse_attention,32,4096,64,32,1,158.015
sparse_attention,32,4096,64,64,1,165.951
sparse_attention,32,4096,64,128,1,188.961
sparse_attention,32,4096,64,256,1,222.656
sparse_attention,32,4096,64,512,1,288.958
sparse_attention,32,4096,64,1024,1,431.103
sparse_attention,32,4096,64,2048,1,666.816
sparse_attention,32,4096,64,4096,1,665.63
sparse_attention,32,4096,64,8192,1,652.032
sparse_attention,32,4096,64,16384,1,652.385
sparse_attention,32,4096,128,16,1,178.017
sparse_attention,32,4096,128,32,1,181.76
sparse_attention,32,4096,128,64,1,194.017
sparse_attention,32,4096,128,128,1,232.576
sparse_attention,32,4096,128,256,1,302.914
sparse_attention,32,4096,128,512,1,452.641
sparse_attention,32,4096,128,1024,1,720.865
sparse_attention,32,4096,128,2048,1,1179.49
sparse_attention,32,4096,128,4096,1,1160.16
sparse_attention,32,4096,128,8192,1,1157.95
sparse_attention,32,4096,128,16384,1,1161.35
sparse_attention,32,8192,0,0,1,120.735
sparse_attention,32,8192,1,16,1,136.673
sparse_attention,32,8192,1,32,1,135.776
sparse_attention,32,8192,1,64,1,137.663
sparse_attention,32,8192,1,128,1,137.921
sparse_attention,32,8192,1,256,1,138.786
sparse_attention,32,8192,1,512,1,140.48
sparse_attention,32,8192,1,1024,1,140.801
sparse_attention,32,8192,1,2048,1,142.944
sparse_attention,32,8192,1,4096,1,144.897
sparse_attention,32,8192,1,8192,1,145.473
sparse_attention,32,8192,1,16384,1,145.632
sparse_attention,32,8192,2,16,1,135.773
sparse_attention,32,8192,2,32,1,137.056
sparse_attention,32,8192,2,64,1,135.777
sparse_attention,32,8192,2,128,1,138.498
sparse_attention,32,8192,2,256,1,140.095
sparse_attention,32,8192,2,512,1,141.022
sparse_attention,32,8192,2,1024,1,143.616
sparse_attention,32,8192,2,2048,1,151.809
sparse_attention,32,8192,2,4096,1,153.12
sparse_attention,32,8192,2,8192,1,154.431
sparse_attention,32,8192,2,16384,1,156.032
sparse_attention,32,8192,4,16,1,140.894
sparse_attention,32,8192,4,32,1,141.95
sparse_attention,32,8192,4,64,1,142.08
sparse_attention,32,8192,4,128,1,144.61
sparse_attention,32,8192,4,256,1,143.072
sparse_attention,32,8192,4,512,1,147.81
sparse_attention,32,8192,4,1024,1,156.32
sparse_attention,32,8192,4,2048,1,175.421
sparse_attention,32,8192,4,4096,1,176.258
sparse_attention,32,8192,4,8192,1,175.425
sparse_attention,32,8192,4,16384,1,171.456
sparse_attention,32,8192,8,16,1,142.91
sparse_attention,32,8192,8,32,1,143.424
sparse_attention,32,8192,8,64,1,143.171
sparse_attention,32,8192,8,128,1,148.577
sparse_attention,32,8192,8,256,1,150.431
sparse_attention,32,8192,8,512,1,158.655
sparse_attention,32,8192,8,1024,1,179.136
sparse_attention,32,8192,8,2048,1,211.041
sparse_attention,32,8192,8,4096,1,210.623
sparse_attention,32,8192,8,8192,1,203.263
sparse_attention,32,8192,8,16384,1,202.21
sparse_attention,32,8192,16,16,1,144.384
sparse_attention,32,8192,16,32,1,145.185
sparse_attention,32,8192,16,64,1,146.079
sparse_attention,32,8192,16,128,1,154.913
sparse_attention,32,8192,16,256,1,163.713
sparse_attention,32,8192,16,512,1,181.218
sparse_attention,32,8192,16,1024,1,217.216
sparse_attention,32,8192,16,2048,1,273.502
sparse_attention,32,8192,16,4096,1,266.079
sparse_attention,32,8192,16,8192,1,266.08
sparse_attention,32,8192,16,16384,1,268.607
sparse_attention,32,8192,32,16,1,144.288
sparse_attention,32,8192,32,32,1,144.896
sparse_attention,32,8192,32,64,1,150.048
sparse_attention,32,8192,32,128,1,162.848
sparse_attention,32,8192,32,256,1,184.576
sparse_attention,32,8192,32,512,1,218.369
sparse_attention,32,8192,32,1024,1,285.088
sparse_attention,32,8192,32,2048,1,398.496
sparse_attention,32,8192,32,4096,1,398.176
sparse_attention,32,8192,32,8192,1,396.223
sparse_attention,32,8192,32,16384,1,387.552
sparse_attention,32,8192,64,16,1,153.76
sparse_attention,32,8192,64,32,1,159.648
sparse_attention,32,8192,64,64,1,166.592
sparse_attention,32,8192,64,128,1,188.576
sparse_attention,32,8192,64,256,1,220.96
sparse_attention,32,8192,64,512,1,288.224
sparse_attention,32,8192,64,1024,1,427.744
sparse_attention,32,8192,64,2048,1,666.753
sparse_attention,32,8192,64,4096,1,664.192
sparse_attention,32,8192,64,8192,1,649.825
sparse_attention,32,8192,64,16384,1,649.471
sparse_attention,32,8192,128,16,1,177.44
sparse_attention,32,8192,128,32,1,181.441
sparse_attention,32,8192,128,64,1,194.144
sparse_attention,32,8192,128,128,1,232.544
sparse_attention,32,8192,128,256,1,302.56
sparse_attention,32,8192,128,512,1,452.288
sparse_attention,32,8192,128,1024,1,721.443
sparse_attention,32,8192,128,2048,1,1182.27
sparse_attention,32,8192,128,4096,1,1158.66
sparse_attention,32,8192,128,8192,1,1159.33
sparse_attention,32,8192,128,16384,1,1158.11
sparse_attention,32,16384,0,0,1,122.784
sparse_attention,32,16384,1,16,1,135.487
sparse_attention,32,16384,1,32,1,136.318
sparse_attention,32,16384,1,64,1,136.77
sparse_attention,32,16384,1,128,1,139.17
sparse_attention,32,16384,1,256,1,138.526
sparse_attention,32,16384,1,512,1,137.568
sparse_attention,32,16384,1,1024,1,139.84
sparse_attention,32,16384,1,2048,1,143.359
sparse_attention,32,16384,1,4096,1,145.406
sparse_attention,32,16384,1,8192,1,144.705
sparse_attention,32,16384,1,16384,1,146.37
sparse_attention,32,16384,2,16,1,136.545
sparse_attention,32,16384,2,32,1,136.287
sparse_attention,32,16384,2,64,1,138.625
sparse_attention,32,16384,2,128,1,138.624
sparse_attention,32,16384,2,256,1,138.945
sparse_attention,32,16384,2,512,1,141.792
sparse_attention,32,16384,2,1024,1,145.248
sparse_attention,32,16384,2,2048,1,154.046
sparse_attention,32,16384,2,4096,1,155.616
sparse_attention,32,16384,2,8192,1,157.442
sparse_attention,32,16384,2,16384,1,155.327
sparse_attention,32,16384,4,16,1,141.377
sparse_attention,32,16384,4,32,1,141.696
sparse_attention,32,16384,4,64,1,141.665
sparse_attention,32,16384,4,128,1,143.168
sparse_attention,32,16384,4,256,1,144.254
sparse_attention,32,16384,4,512,1,147.008
sparse_attention,32,16384,4,1024,1,157.922
sparse_attention,32,16384,4,2048,1,175.423
sparse_attention,32,16384,4,4096,1,176.129
sparse_attention,32,16384,4,8192,1,173.376
sparse_attention,32,16384,4,16384,1,169.953
sparse_attention,32,16384,8,16,1,143.136
sparse_attention,32,16384,8,32,1,142.72
sparse_attention,32,16384,8,64,1,143.904
sparse_attention,32,16384,8,128,1,148.672
sparse_attention,32,16384,8,256,1,150.145
sparse_attention,32,16384,8,512,1,159.23
sparse_attention,32,16384,8,1024,1,181.055
sparse_attention,32,16384,8,2048,1,208.831
sparse_attention,32,16384,8,4096,1,206.912
sparse_attention,32,16384,8,8192,1,202.304
sparse_attention,32,16384,8,16384,1,204.128
sparse_attention,32,16384,16,16,1,144.96
sparse_attention,32,16384,16,32,1,145.056
sparse_attention,32,16384,16,64,1,146.367
sparse_attention,32,16384,16,128,1,153.344
sparse_attention,32,16384,16,256,1,164.704
sparse_attention,32,16384,16,512,1,183.2
sparse_attention,32,16384,16,1024,1,216.418
sparse_attention,32,16384,16,2048,1,271.807
sparse_attention,32,16384,16,4096,1,266.368
sparse_attention,32,16384,16,8192,1,265.632
sparse_attention,32,16384,16,16384,1,266.752
sparse_attention,32,16384,32,16,1,144.578
sparse_attention,32,16384,32,32,1,145.408
sparse_attention,32,16384,32,64,1,149.663
sparse_attention,32,16384,32,128,1,165.763
sparse_attention,32,16384,32,256,1,183.551
sparse_attention,32,16384,32,512,1,216.928
sparse_attention,32,16384,32,1024,1,281.218
sparse_attention,32,16384,32,2048,1,397.792
sparse_attention,32,16384,32,4096,1,395.743
sparse_attention,32,16384,32,8192,1,395.968
sparse_attention,32,16384,32,16384,1,387.424
sparse_attention,32,16384,64,16,1,156.511
sparse_attention,32,16384,64,32,1,159.517
sparse_attention,32,16384,64,64,1,166.114
sparse_attention,32,16384,64,128,1,188.542
sparse_attention,32,16384,64,256,1,220.222
sparse_attention,32,16384,64,512,1,285.058
sparse_attention,32,16384,64,1024,1,428.737
sparse_attention,32,16384,64,2048,1,666.047
sparse_attention,32,16384,64,4096,1,664.801
sparse_attention,32,16384,64,8192,1,652.67
sparse_attention,32,16384,64,16384,1,652.452
sparse_attention,32,16384,128,16,1,177.504
sparse_attention,32,16384,128,32,1,182.277
sparse_attention,32,16384,128,64,1,193.12
sparse_attention,32,16384,128,128,1,232.704
sparse_attention,32,16384,128,256,1,303.871
sparse_attention,32,16384,128,512,1,455.617
sparse_attention,32,16384,128,1024,1,719.904
sparse_attention,32,16384,128,2048,1,1180.8
sparse_attention,32,16384,128,4096,1,1159.01
sparse_attention,32,16384,128,8192,1,1159.71
sparse_attention,32,16384,128,16384,1,1158.98
sparse_attention,64,0,0,0,1,20.448
sparse_attention,64,0,1,16,1,35.776
sparse_attention,64,0,1,32,1,35.393
sparse_attention,64,0,1,64,1,35.908
sparse_attention,64,0,1,128,1,37.408
sparse_attention,64,0,1,256,1,38.082
sparse_attention,64,0,1,512,1,38.019
sparse_attention,64,0,1,1024,1,40.928
sparse_attention,64,0,1,2048,1,43.391
sparse_attention,64,0,1,4096,1,43.903
sparse_attention,64,0,1,8192,1,42.976
sparse_attention,64,0,1,16384,1,44.001
sparse_attention,64,0,2,16,1,36.512
sparse_attention,64,0,2,32,1,35.966
sparse_attention,64,0,2,64,1,36.544
sparse_attention,64,0,2,128,1,38.207
sparse_attention,64,0,2,256,1,38.974
sparse_attention,64,0,2,512,1,41.311
sparse_attention,64,0,2,1024,1,44.928
sparse_attention,64,0,2,2048,1,52.255
sparse_attention,64,0,2,4096,1,52.319
sparse_attention,64,0,2,8192,1,53.535
sparse_attention,64,0,2,16384,1,54.301
sparse_attention,64,0,4,16,1,40.64
sparse_attention,64,0,4,32,1,40.577
sparse_attention,64,0,4,64,1,41.155
sparse_attention,64,0,4,128,1,42.56
sparse_attention,64,0,4,256,1,43.038
sparse_attention,64,0,4,512,1,47.104
sparse_attention,64,0,4,1024,1,54.974
sparse_attention,64,0,4,2048,1,74.369
sparse_attention,64,0,4,4096,1,73.314
sparse_attention,64,0,4,8192,1,73.121
sparse_attention,64,0,4,16384,1,70.241
sparse_attention,64,0,8,16,1,42.273
sparse_attention,64,0,8,32,1,42.241
sparse_attention,64,0,8,64,1,42.432
sparse_attention,64,0,8,128,1,47.521
sparse_attention,64,0,8,256,1,48.512
sparse_attention,64,0,8,512,1,57.024
sparse_attention,64,0,8,1024,1,77.12
sparse_attention,64,0,8,2048,1,107.744
sparse_attention,64,0,8,4096,1,107.169
sparse_attention,64,0,8,8192,1,103.456
sparse_attention,64,0,8,16384,1,102.912
sparse_attention,64,0,16,16,1,42.24
sparse_attention,64,0,16,32,1,42.719
sparse_attention,64,0,16,64,1,43.296
sparse_attention,64,0,16,128,1,51.296
sparse_attention,64,0,16,256,1,60.191
sparse_attention,64,0,16,512,1,75.265
sparse_attention,64,0,16,1024,1,111.072
sparse_attention,64,0,16,2048,1,169.343
sparse_attention,64,0,16,4096,1,164.865
sparse_attention,64,0,16,8192,1,167.168
sparse_attention,64,0,16,16384,1,171.424
sparse_attention,64,0,32,16,1,41.536
sparse_attention,64,0,32,32,1,42.208
sparse_attention,64,0,32,64,1,46.656
sparse_attention,64,0,32,128,1,60.96
sparse_attention,64,0,32,256,1,78.046
sparse_attention,64,0,32,512,1,113.12
sparse_attention,64,0,32,1024,1,180.063
sparse_attention,64,0,32,2048,1,300.928
sparse_attention,64,0,32,4096,1,302.914
sparse_attention,64,0,32,8192,1,300.804
sparse_attention,64,0,32,16384,1,288.866
sparse_attention,64,0,64,16,1,54.239
sparse_attention,64,0,64,32,1,57.152
sparse_attention,64,0,64,64,1,64.224
sparse_attention,64,0,64,128,1,86.017
sparse_attention,64,0,64,256,1,118.72
sparse_attention,64,0,64,512,1,186.336
sparse_attention,64,0,64,1024,1,330.562
sparse_attention,64,0,64,2048,1,572.352
sparse_attention,64,0,64,4096,1,572.13
sparse_attention,64,0,64,8192,1,553.377
sparse_attention,64,0,64,16384,1,551.169
sparse_attention,64,0,128,16,1,78.273
sparse_attention,64,0,128,32,1,82.303
sparse_attention,64,0,128,64,1,93.983
sparse_attention,64,0,128,128,1,133.921
sparse_attention,64,0,128,256,1,199.874
sparse_attention,64,0,128,512,1,355.265
sparse_attention,64,0,128,1024,1,623.231
sparse_attention,64,0,128,2048,1,1083.33
sparse_attention,64,0,128,4096,1,1064.86
sparse_attention,64,0,128,8192,1,1058.37
sparse_attention,64,0,128,16384,1,1059.11
sparse_attention,64,16,0,0,1,22.015
sparse_attention,64,16,1,16,1,37.28
sparse_attention,64,16,1,32,1,36.96
sparse_attention,64,16,1,64,1,37.726
sparse_attention,64,16,1,128,1,39.136
sparse_attention,64,16,1,256,1,39.839
sparse_attention,64,16,1,512,1,40.703
sparse_attention,64,16,1,1024,1,42.433
sparse_attention,64,16,1,2048,1,44.96
sparse_attention,64,16,1,4096,1,45.825
sparse_attention,64,16,1,8192,1,44.992
sparse_attention,64,16,1,16384,1,46.336
sparse_attention,64,16,2,16,1,37.666
sparse_attention,64,16,2,32,1,38.112
sparse_attention,64,16,2,64,1,38.528
sparse_attention,64,16,2,128,1,40.098
sparse_attention,64,16,2,256,1,40.575
sparse_attention,64,16,2,512,1,42.433
sparse_attention,64,16,2,1024,1,47.137
sparse_attention,64,16,2,2048,1,54.109
sparse_attention,64,16,2,4096,1,54.849
sparse_attention,64,16,2,8192,1,55.008
sparse_attention,64,16,2,16384,1,55.488
sparse_attention,64,16,4,16,1,42.018
sparse_attention,64,16,4,32,1,42.272
sparse_attention,64,16,4,64,1,42.946
sparse_attention,64,16,4,128,1,44.32
sparse_attention,64,16,4,256,1,44.703
sparse_attention,64,16,4,512,1,49.214
sparse_attention,64,16,4,1024,1,58.142
sparse_attention,64,16,4,2048,1,76.671
sparse_attention,64,16,4,4096,1,75.361
sparse_attention,64,16,4,8192,1,75.327
sparse_attention,64,16,4,16384,1,71.777
sparse_attention,64,16,8,16,1,43.423
sparse_attention,64,16,8,32,1,43.296
sparse_attention,64,16,8,64,1,44.384
sparse_attention,64,16,8,128,1,48.705
sparse_attention,64,16,8,256,1,50.146
sparse_attention,64,16,8,512,1,58.847
sparse_attention,64,16,8,1024,1,79.808
sparse_attention,64,16,8,2048,1,109.089
sparse_attention,64,16,8,4096,1,108.96
sparse_attention,64,16,8,8192,1,105.474
sparse_attention,64,16,8,16384,1,104.384
sparse_attention,64,16,16,16,1,44.416
sparse_attention,64,16,16,32,1,44.353
sparse_attention,64,16,16,64,1,45.312
sparse_attention,64,16,16,128,1,53.119
sparse_attention,64,16,16,256,1,62.305
sparse_attention,64,16,16,512,1,77.376
sparse_attention,64,16,16,1024,1,113.056
sparse_attention,64,16,16,2048,1,171.007
sparse_attention,64,16,16,4096,1,166.943
sparse_attention,64,16,16,8192,1,169.024
sparse_attention,64,16,16,16384,1,172.642
sparse_attention,64,16,32,16,1,43.198
sparse_attention,64,16,32,32,1,44.383
sparse_attention,64,16,32,64,1,48.608
sparse_attention,64,16,32,128,1,63.137
sparse_attention,64,16,32,256,1,80.545
sparse_attention,64,16,32,512,1,115.458
sparse_attention,64,16,32,1024,1,181.6
sparse_attention,64,16,32,2048,1,301.441
sparse_attention,64,16,32,4096,1,303.105
sparse_attention,64,16,32,8192,1,303.39
sparse_attention,64,16,32,16384,1,292.448
sparse_attention,64,16,64,16,1,55.936
sparse_attention,64,16,64,32,1,58.657
sparse_attention,64,16,64,64,1,65.377
sparse_attention,64,16,64,128,1,87.072
sparse_attention,64,16,64,256,1,120.833
sparse_attention,64,16,64,512,1,187.233
sparse_attention,64,16,64,1024,1,331.296
sparse_attention,64,16,64,2048,1,573.631
sparse_attention,64,16,64,4096,1,573.311
sparse_attention,64,16,64,8192,1,556.256
sparse_attention,64,16,64,16384,1,554.817
sparse_attention,64,16,128,16,1,78.528
sparse_attention,64,16,128,32,1,83.648
sparse_attention,64,16,128,64,1,95.838
sparse_attention,64,16,128,128,1,135.168
sparse_attention,64,16,128,256,1,202.562
sparse_attention,64,16,128,512,1,358.207
sparse_attention,64,16,128,1024,1,626.242
sparse_attention,64,16,128,2048,1,1085.15
sparse_attention,64,16,128,4096,1,1066.24
sparse_attention,64,16,128,8192,1,1060.16
sparse_attention,64,16,128,16384,1,1059.62
sparse_attention,64,32,0,0,1,23.52
sparse_attention,64,32,1,16,1,38.496
sparse_attention,64,32,1,32,1,38.816
sparse_attention,64,32,1,64,1,39.487
sparse_attention,64,32,1,128,1,40.575
sparse_attention,64,32,1,256,1,40.768
sparse_attention,64,32,1,512,1,41.28
sparse_attention,64,32,1,1024,1,43.647
sparse_attention,64,32,1,2048,1,47.553
sparse_attention,64,32,1,4096,1,47.552
sparse_attention,64,32,1,8192,1,47.264
sparse_attention,64,32,1,16384,1,47.776
sparse_attention,64,32,2,16,1,39.585
sparse_attention,64,32,2,32,1,39.488
sparse_attention,64,32,2,64,1,40.32
sparse_attention,64,32,2,128,1,41.664
sparse_attention,64,32,2,256,1,42.304
sparse_attention,64,32,2,512,1,44.736
sparse_attention,64,32,2,1024,1,49.184
sparse_attention,64,32,2,2048,1,55.997
sparse_attention,64,32,2,4096,1,55.808
sparse_attention,64,32,2,8192,1,57.088
sparse_attention,64,32,2,16384,1,57.184
sparse_attention,64,32,4,16,1,43.711
sparse_attention,64,32,4,32,1,44.16
sparse_attention,64,32,4,64,1,44.546
sparse_attention,64,32,4,128,1,45.952
sparse_attention,64,32,4,256,1,46.497
sparse_attention,64,32,4,512,1,49.953
sparse_attention,64,32,4,1024,1,59.584
sparse_attention,64,32,4,2048,1,78.466
sparse_attention,64,32,4,4096,1,76.832
sparse_attention,64,32,4,8192,1,76.769
sparse_attention,64,32,4,16384,1,73.248
sparse_attention,64,32,8,16,1,44.863
sparse_attention,64,32,8,32,1,45.024
sparse_attention,64,32,8,64,1,45.92
sparse_attention,64,32,8,128,1,50.497
sparse_attention,64,32,8,256,1,51.425
sparse_attention,64,32,8,512,1,59.58
sparse_attention,64,32,8,1024,1,80.256
sparse_attention,64,32,8,2048,1,111.073
sparse_attention,64,32,8,4096,1,111.36
sparse_attention,64,32,8,8192,1,107.169
sparse_attention,64,32,8,16384,1,106.016
sparse_attention,64,32,16,16,1,45.569
sparse_attention,64,32,16,32,1,46.56
sparse_attention,64,32,16,64,1,46.751
sparse_attention,64,32,16,128,1,54.462
sparse_attention,64,32,16,256,1,64.351
sparse_attention,64,32,16,512,1,79.038
sparse_attention,64,32,16,1024,1,115.104
sparse_attention,64,32,16,2048,1,172.544
sparse_attention,64,32,16,4096,1,168.673
sparse_attention,64,32,16,8192,1,170.976
sparse_attention,64,32,16,16384,1,174.206
sparse_attention,64,32,32,16,1,45.055
sparse_attention,64,32,32,32,1,45.856
sparse_attention,64,32,32,64,1,50.177
sparse_attention,64,32,32,128,1,64.575
sparse_attention,64,32,32,256,1,82.368
sparse_attention,64,32,32,512,1,116.641
sparse_attention,64,32,32,1024,1,183.071
sparse_attention,64,32,32,2048,1,302.72
sparse_attention,64,32,32,4096,1,303.936
sparse_attention,64,32,32,8192,1,304.738
sparse_attention,64,32,32,16384,1,292.192
sparse_attention,64,32,64,16,1,57.888
sparse_attention,64,32,64,32,1,60.93
sparse_attention,64,32,64,64,1,67.487
sparse_attention,64,32,64,128,1,88.163
sparse_attention,64,32,64,256,1,122.304
sparse_attention,64,32,64,512,1,189.472
sparse_attention,64,32,64,1024,1,333.312
sparse_attention,64,32,64,2048,1,574.688
sparse_attention,64,32,64,4096,1,572.896
sparse_attention,64,32,64,8192,1,557.664
sparse_attention,64,32,64,16384,1,554.4
sparse_attention,64,32,128,16,1,80.384
sparse_attention,64,32,128,32,1,85.185
sparse_attention,64,32,128,64,1,97.824
sparse_attention,64,32,128,128,1,136.77
sparse_attention,64,32,128,256,1,206.977
sparse_attention,64,32,128,512,1,358.752
sparse_attention,64,32,128,1024,1,629.793
sparse_attention,64,32,128,2048,1,1085.99
sparse_attention,64,32,128,4096,1,1067.87
sparse_attention,64,32,128,8192,1,1061.28
sparse_attention,64,32,128,16384,1,1062.85
sparse_attention,64,64,0,0,1,27.424
sparse_attention,64,64,1,16,1,43.135
sparse_attention,64,64,1,32,1,42.368
sparse_attention,64,64,1,64,1,43.808
sparse_attention,64,64,1,128,1,44.479
sparse_attention,64,64,1,256,1,44.707
sparse_attention,64,64,1,512,1,45.056
sparse_attention,64,64,1,1024,1,47.712
sparse_attention,64,64,1,2048,1,50.783
sparse_attention,64,64,1,4096,1,49.921
sparse_attention,64,64,1,8192,1,50.369
sparse_attention,64,64,1,16384,1,51.104
sparse_attention,64,64,2,16,1,43.423
sparse_attention,64,64,2,32,1,42.369
sparse_attention,64,64,2,64,1,43.489
sparse_attention,64,64,2,128,1,45.121
sparse_attention,64,64,2,256,1,45.856
sparse_attention,64,64,2,512,1,48.159
sparse_attention,64,64,2,1024,1,50.879
sparse_attention,64,64,2,2048,1,59.455
sparse_attention,64,64,2,4096,1,60.417
sparse_attention,64,64,2,8192,1,60.48
sparse_attention,64,64,2,16384,1,60.481
sparse_attention,64,64,4,16,1,47.457
sparse_attention,64,64,4,32,1,46.655
sparse_attention,64,64,4,64,1,47.681
sparse_attention,64,64,4,128,1,48.929
sparse_attention,64,64,4,256,1,49.695
sparse_attention,64,64,4,512,1,53.376
sparse_attention,64,64,4,1024,1,63.33
sparse_attention,64,64,4,2048,1,80.735
sparse_attention,64,64,4,4096,1,79.871
sparse_attention,64,64,4,8192,1,80.352
sparse_attention,64,64,4,16384,1,77.184
sparse_attention,64,64,8,16,1,48.385
sparse_attention,64,64,8,32,1,48.48
sparse_attention,64,64,8,64,1,49.024
sparse_attention,64,64,8,128,1,54.399
sparse_attention,64,64,8,256,1,54.754
sparse_attention,64,64,8,512,1,64.064
sparse_attention,64,64,8,1024,1,83.807
sparse_attention,64,64,8,2048,1,113.153
sparse_attention,64,64,8,4096,1,113.888
sparse_attention,64,64,8,8192,1,109.376
sparse_attention,64,64,8,16384,1,109.983
sparse_attention,64,64,16,16,1,50.624
sparse_attention,64,64,16,32,1,49.504
sparse_attention,64,64,16,64,1,50.848
sparse_attention,64,64,16,128,1,57.055
sparse_attention,64,64,16,256,1,67.49
sparse_attention,64,64,16,512,1,81.6
sparse_attention,64,64,16,1024,1,118.753
sparse_attention,64,64,16,2048,1,175.967
sparse_attention,64,64,16,4096,1,172.608
sparse_attention,64,64,16,8192,1,173.696
sparse_attention,64,64,16,16384,1,177.854
sparse_attention,64,64,32,16,1,49.248
sparse_attention,64,64,32,32,1,49.536
sparse_attention,64,64,32,64,1,52.481
sparse_attention,64,64,32,128,1,67.904
sparse_attention,64,64,32,256,1,85.473
sparse_attention,64,64,32,512,1,120.736
sparse_attention,64,64,32,1024,1,187.007
sparse_attention,64,64,32,2048,1,304.835
sparse_attention,64,64,32,4096,1,306.815
sparse_attention,64,64,32,8192,1,306.75
sparse_attention,64,64,32,16384,1,295.201
sparse_attention,64,64,64,16,1,61.76
sparse_attention,64,64,64,32,1,64.64
sparse_attention,64,64,64,64,1,70.784
sparse_attention,64,64,64,128,1,92.383
sparse_attention,64,64,64,256,1,126.913
sparse_attention,64,64,64,512,1,195.298
sparse_attention,64,64,64,1024,1,336.096
sparse_attention,64,64,64,2048,1,577.471
sparse_attention,64,64,64,4096,1,575.52
sparse_attention,64,64,64,8192,1,557.346
sparse_attention,64,64,64,16384,1,557.12
sparse_attention,64,64,128,16,1,82.752
sparse_attention,64,64,128,32,1,88.992
sparse_attention,64,64,128,64,1,101.088
sparse_attention,64,64,128,128,1,140.418
sparse_attention,64,64,128,256,1,205.343
sparse_attention,64,64,128,512,1,360.417
sparse_attention,64,64,128,1024,1,629.441
sparse_attention,64,64,128,2048,1,1088
sparse_attention,64,64,128,4096,1,1069.73
sparse_attention,64,64,128,8192,1,1063.33
sparse_attention,64,64,128,16384,1,1064.39
sparse_attention,64,128,0,0,1,35.136
sparse_attention,64,128,1,16,1,49.761
sparse_attention,64,128,1,32,1,50.24
sparse_attention,64,128,1,64,1,51.136
sparse_attention,64,128,1,128,1,52.544
sparse_attention,64,128,1,256,1,51.744
sparse_attention,64,128,1,512,1,52.864
sparse_attention,64,128,1,1024,1,55.073
sparse_attention,64,128,1,2048,1,58.143
sparse_attention,64,128,1,4096,1,57.505
sparse_attention,64,128,1,8192,1,59.071
sparse_attention,64,128,1,16384,1,59.041
sparse_attention,64,128,2,16,1,50.784
sparse_attention,64,128,2,32,1,50.976
sparse_attention,64,128,2,64,1,51.615
sparse_attention,64,128,2,128,1,52.926
sparse_attention,64,128,2,256,1,53.472
sparse_attention,64,128,2,512,1,54.946
sparse_attention,64,128,2,1024,1,58.847
sparse_attention,64,128,2,2048,1,66.528
sparse_attention,64,128,2,4096,1,66.496
sparse_attention,64,128,2,8192,1,67.903
sparse_attention,64,128,2,16384,1,68.703
sparse_attention,64,128,4,16,1,55.299
sparse_attention,64,128,4,32,1,55.36
sparse_attention,64,128,4,64,1,56.097
sparse_attention,64,128,4,128,1,57.019
sparse_attention,64,128,4,256,1,57.441
sparse_attention,64,128,4,512,1,61.44
sparse_attention,64,128,4,1024,1,69.728
sparse_attention,64,128,4,2048,1,89.472
sparse_attention,64,128,4,4096,1,87.424
sparse_attention,64,128,4,8192,1,88.097
sparse_attention,64,128,4,16384,1,85.408
sparse_attention,64,128,8,16,1,56.738
sparse_attention,64,128,8,32,1,56.895
sparse_attention,64,128,8,64,1,56.641
sparse_attention,64,128,8,128,1,61.505
sparse_attention,64,128,8,256,1,62.945
sparse_attention,64,128,8,512,1,72.128
sparse_attention,64,128,8,1024,1,91.837
sparse_attention,64,128,8,2048,1,123.105
sparse_attention,64,128,8,4096,1,121.694
sparse_attention,64,128,8,8192,1,117.314
sparse_attention,64,128,8,16384,1,117.472
sparse_attention,64,128,16,16,1,56.642
sparse_attention,64,128,16,32,1,57.409
sparse_attention,64,128,16,64,1,58.528
sparse_attention,64,128,16,128,1,66.654
sparse_attention,64,128,16,256,1,75.904
sparse_attention,64,128,16,512,1,89.729
sparse_attention,64,128,16,1024,1,126.142
sparse_attention,64,128,16,2048,1,183.746
sparse_attention,64,128,16,4096,1,180.543
sparse_attention,64,128,16,8192,1,181.698
sparse_attention,64,128,16,16384,1,185.664
sparse_attention,64,128,32,16,1,55.934
sparse_attention,64,128,32,32,1,56.322
sparse_attention,64,128,32,64,1,60.545
sparse_attention,64,128,32,128,1,75.551
sparse_attention,64,128,32,256,1,93.95
sparse_attention,64,128,32,512,1,128.351
sparse_attention,64,128,32,1024,1,195.041
sparse_attention,64,128,32,2048,1,315.521
sparse_attention,64,128,32,4096,1,315.072
sparse_attention,64,128,32,8192,1,316.354
sparse_attention,64,128,32,16384,1,307.779
sparse_attention,64,128,64,16,1,68.672
sparse_attention,64,128,64,32,1,71.616
sparse_attention,64,128,64,64,1,79.041
sparse_attention,64,128,64,128,1,100.448
sparse_attention,64,128,64,256,1,133.472
sparse_attention,64,128,64,512,1,200.098
sparse_attention,64,128,64,1024,1,343.81
sparse_attention,64,128,64,2048,1,586.401
sparse_attention,64,128,64,4096,1,585.472
sparse_attention,64,128,64,8192,1,567.968
sparse_attention,64,128,64,16384,1,567.648
sparse_attention,64,128,128,16,1,91.361
sparse_attention,64,128,128,32,1,97.791
sparse_attention,64,128,128,64,1,108.737
sparse_attention,64,128,128,128,1,148.671
sparse_attention,64,128,128,256,1,217.377
sparse_attention,64,128,128,512,1,371.071
sparse_attention,64,128,128,1024,1,646.112
sparse_attention,64,128,128,2048,1,1099.55
sparse_attention,64,128,128,4096,1,1081.47
sparse_attention,64,128,128,8192,1,1075.62
sparse_attention,64,128,128,16384,1,1075.26
sparse_attention,64,256,0,0,1,48.225
sparse_attention,64,256,1,16,1,63.584
sparse_attention,64,256,1,32,1,63.455
sparse_attention,64,256,1,64,1,63.807
sparse_attention,64,256,1,128,1,65.152
sparse_attention,64,256,1,256,1,65.726
sparse_attention,64,256,1,512,1,65.953
sparse_attention,64,256,1,1024,1,67.391
sparse_attention,64,256,1,2048,1,71.008
sparse_attention,64,256,1,4096,1,70.752
sparse_attention,64,256,1,8192,1,71.04
sparse_attention,64,256,1,16384,1,71.647
sparse_attention,64,256,2,16,1,63.616
sparse_attention,64,256,2,32,1,63.424
sparse_attention,64,256,2,64,1,64.483
sparse_attention,64,256,2,128,1,66.304
sparse_attention,64,256,2,256,1,66.88
sparse_attention,64,256,2,512,1,67.872
sparse_attention,64,256,2,1024,1,71.392
sparse_attention,64,256,2,2048,1,80.097
sparse_attention,64,256,2,4096,1,81.056
sparse_attention,64,256,2,8192,1,80.767
sparse_attention,64,256,2,16384,1,81.856
sparse_attention,64,256,4,16,1,68.289
sparse_attention,64,256,4,32,1,68.319
sparse_attention,64,256,4,64,1,68.606
sparse_attention,64,256,4,128,1,71.584
sparse_attention,64,256,4,256,1,70.466
sparse_attention,64,256,4,512,1,73.534
sparse_attention,64,256,4,1024,1,83.872
sparse_attention,64,256,4,2048,1,102.912
sparse_attention,64,256,4,4096,1,100.671
sparse_attention,64,256,4,8192,1,102.305
sparse_attention,64,256,4,16384,1,97.984
sparse_attention,64,256,8,16,1,69.696
sparse_attention,64,256,8,32,1,70.305
sparse_attention,64,256,8,64,1,71.103
sparse_attention,64,256,8,128,1,75.998
sparse_attention,64,256,8,256,1,75.972
sparse_attention,64,256,8,512,1,84.32
sparse_attention,64,256,8,1024,1,105.373
sparse_attention,64,256,8,2048,1,135.199
sparse_attention,64,256,8,4096,1,135.231
sparse_attention,64,256,8,8192,1,131.008
sparse_attention,64,256,8,16384,1,131.489
sparse_attention,64,256,16,16,1,70.497
sparse_attention,64,256,16,32,1,70.528
sparse_attention,64,256,16,64,1,71.488
sparse_attention,64,256,16,128,1,80.001
sparse_attention,64,256,16,256,1,89.377
sparse_attention,64,256,16,512,1,104.48
sparse_attention,64,256,16,1024,1,139.615
sparse_attention,64,256,16,2048,1,197.888
sparse_attention,64,256,16,4096,1,193.409
sparse_attention,64,256,16,8192,1,193.92
sparse_attention,64,256,16,16384,1,199.52
sparse_attention,64,256,32,16,1,69.6
sparse_attention,64,256,32,32,1,70.815
sparse_attention,64,256,32,64,1,75.456
sparse_attention,64,256,32,128,1,89.728
sparse_attention,64,256,32,256,1,107.264
sparse_attention,64,256,32,512,1,141.313
sparse_attention,64,256,32,1024,1,208.321
sparse_attention,64,256,32,2048,1,329.856
sparse_attention,64,256,32,4096,1,328.768
sparse_attention,64,256,32,8192,1,330.785
sparse_attention,64,256,32,16384,1,321.057
sparse_attention,64,256,64,16,1,82.303
sparse_attention,64,256,64,32,1,84.896
sparse_attention,64,256,64,64,1,91.937
sparse_attention,64,256,64,128,1,115.295
sparse_attention,64,256,64,256,1,146.496
sparse_attention,64,256,64,512,1,215.551
sparse_attention,64,256,64,1024,1,364.83
sparse_attention,64,256,64,2048,1,601.185
sparse_attention,64,256,64,4096,1,601.024
sparse_attention,64,256,64,8192,1,584.862
sparse_attention,64,256,64,16384,1,583.457
sparse_attention,64,256,128,16,1,104.448
sparse_attention,64,256,128,32,1,110.336
sparse_attention,64,256,128,64,1,122.496
sparse_attention,64,256,128,128,1,161.665
sparse_attention,64,256,128,256,1,231.487
sparse_attention,64,256,128,512,1,382.784
sparse_attention,64,256,128,1024,1,657.826
sparse_attention,64,256,128,2048,1,1113.31
sparse_attention,64,256,128,4096,1,1093.8
sparse_attention,64,256,128,8192,1,1089.02
sparse_attention,64,256,128,16384,1,1089.03
sparse_attention,64,512,0,0,1,75.168
sparse_attention,64,512,1,16,1,89.09
sparse_attention,64,512,1,32,1,90.048
sparse_attention,64,512,1,64,1,90.176
sparse_attention,64,512,1,128,1,91.553
sparse_attention,64,512,1,256,1,91.808
sparse_attention,64,512,1,512,1,91.937
sparse_attention,64,512,1,1024,1,93.728
sparse_attention,64,512,1,2048,1,97.472
sparse_attention,64,512,1,4096,1,97.759
sparse_attention,64,512,1,8192,1,98.4
sparse_attention,64,512,1,16384,1,98.531
sparse_attention,64,512,2,16,1,89.792
sparse_attention,64,512,2,32,1,90.56
sparse_attention,64,512,2,64,1,91.456
sparse_attention,64,512,2,128,1,92.384
sparse_attention,64,512,2,256,1,92.898
sparse_attention,64,512,2,512,1,93.856
sparse_attention,64,512,2,1024,1,97.633
sparse_attention,64,512,2,2048,1,107.616
sparse_attention,64,512,2,4096,1,106.399
sparse_attention,64,512,2,8192,1,107.391
sparse_attention,64,512,2,16384,1,108.16
sparse_attention,64,512,4,16,1,94.207
sparse_attention,64,512,4,32,1,94.463
sparse_attention,64,512,4,64,1,95.676
sparse_attention,64,512,4,128,1,97.12
sparse_attention,64,512,4,256,1,97.25
sparse_attention,64,512,4,512,1,100.223
sparse_attention,64,512,4,1024,1,111.232
sparse_attention,64,512,4,2048,1,129.919
sparse_attention,64,512,4,4096,1,127.617
sparse_attention,64,512,4,8192,1,128.48
sparse_attention,64,512,4,16384,1,124.672
sparse_attention,64,512,8,16,1,96.319
sparse_attention,64,512,8,32,1,96.319
sparse_attention,64,512,8,64,1,96.384
sparse_attention,64,512,8,128,1,100.799
sparse_attention,64,512,8,256,1,102.783
sparse_attention,64,512,8,512,1,112.577
sparse_attention,64,512,8,1024,1,131.582
sparse_attention,64,512,8,2048,1,162.175
sparse_attention,64,512,8,4096,1,162.528
sparse_attention,64,512,8,8192,1,156.639
sparse_attention,64,512,8,16384,1,157.246
sparse_attention,64,512,16,16,1,96.993
sparse_attention,64,512,16,32,1,97.475
sparse_attention,64,512,16,64,1,98.912
sparse_attention,64,512,16,128,1,106.112
sparse_attention,64,512,16,256,1,116.511
sparse_attention,64,512,16,512,1,131.584
sparse_attention,64,512,16,1024,1,166.305
sparse_attention,64,512,16,2048,1,225.537
sparse_attention,64,512,16,4096,1,219.969
sparse_attention,64,512,16,8192,1,220.384
sparse_attention,64,512,16,16384,1,227.136
sparse_attention,64,512,32,16,1,97.729
sparse_attention,64,512,32,32,1,97.408
sparse_attention,64,512,32,64,1,102.08
sparse_attention,64,512,32,128,1,116.576
sparse_attention,64,512,32,256,1,134.53
sparse_attention,64,512,32,512,1,168.639
sparse_attention,64,512,32,1024,1,234.72
sparse_attention,64,512,32,2048,1,355.52
sparse_attention,64,512,32,4096,1,356.48
sparse_attention,64,512,32,8192,1,359.104
sparse_attention,64,512,32,16384,1,344.769
sparse_attention,64,512,64,16,1,110.208
sparse_attention,64,512,64,32,1,112.256
sparse_attention,64,512,64,64,1,118.88
sparse_attention,64,512,64,128,1,140.706
sparse_attention,64,512,64,256,1,174.304
sparse_attention,64,512,64,512,1,240.929
sparse_attention,64,512,64,1024,1,388.928
sparse_attention,64,512,64,2048,1,626.592
sparse_attention,64,512,64,4096,1,628.771
sparse_attention,64,512,64,8192,1,608.544
sparse_attention,64,512,64,16384,1,608.417
sparse_attention,64,512,128,16,1,131.873
sparse_attention,64,512,128,32,1,138.591
sparse_attention,64,512,128,64,1,148.608
sparse_attention,64,512,128,128,1,187.168
sparse_attention,64,512,128,256,1,258.434
sparse_attention,64,512,128,512,1,409.281
sparse_attention,64,512,128,1024,1,682.083
sparse_attention,64,512,128,2048,1,1140
sparse_attention,64,512,128,4096,1,1119.87
sparse_attention,64,512,128,8192,1,1114.5
sparse_attention,64,512,128,16384,1,1117.34
sparse_attention,64,1024,0,0,1,136.161
sparse_attention,64,1024,1,16,1,153.793
sparse_attention,64,1024,1,32,1,148.736
sparse_attention,64,1024,1,64,1,151.102
sparse_attention,64,1024,1,128,1,152.576
sparse_attention,64,1024,1,256,1,153.729
sparse_attention,64,1024,1,512,1,153.12
sparse_attention,64,1024,1,1024,1,154.817
sparse_attention,64,1024,1,2048,1,157.087
sparse_attention,64,1024,1,4096,1,156.609
sparse_attention,64,1024,1,8192,1,157.632
sparse_attention,64,1024,1,16384,1,160.576
sparse_attention,64,1024,2,16,1,149.761
sparse_attention,64,1024,2,32,1,151.937
sparse_attention,64,1024,2,64,1,154.369
sparse_attention,64,1024,2,128,1,152.542
sparse_attention,64,1024,2,256,1,152.736
sparse_attention,64,1024,2,512,1,153.314
sparse_attention,64,1024,2,1024,1,159.647
sparse_attention,64,1024,2,2048,1,168.77
sparse_attention,64,1024,2,4096,1,169.12
sparse_attention,64,1024,2,8192,1,167.967
sparse_attention,64,1024,2,16384,1,169.345
sparse_attention,64,1024,4,16,1,157.855
sparse_attention,64,1024,4,32,1,155.966
sparse_attention,64,1024,4,64,1,156.191
sparse_attention,64,1024,4,128,1,159.553
sparse_attention,64,1024,4,256,1,159.071
sparse_attention,64,1024,4,512,1,160.224
sparse_attention,64,1024,4,1024,1,173.28
sparse_attention,64,1024,4,2048,1,191.169
sparse_attention,64,1024,4,4096,1,189.599
sparse_attention,64,1024,4,8192,1,190.911
sparse_attention,64,1024,4,16384,1,186.176
sparse_attention,64,1024,8,16,1,156.705
sparse_attention,64,1024,8,32,1,156.448
sparse_attention,64,1024,8,64,1,158.401
sparse_attention,64,1024,8,128,1,161.312
sparse_attention,64,1024,8,256,1,163.712
sparse_attention,64,1024,8,512,1,171.776
sparse_attention,64,1024,8,1024,1,189.31
sparse_attention,64,1024,8,2048,1,221.089
sparse_attention,64,1024,8,4096,1,221.153
sparse_attention,64,1024,8,8192,1,215.808
sparse_attention,64,1024,8,16384,1,215.744
sparse_attention,64,1024,16,16,1,160.095
sparse_attention,64,1024,16,32,1,159.392
sparse_attention,64,1024,16,64,1,158.367
sparse_attention,64,1024,16,128,1,167.712
sparse_attention,64,1024,16,256,1,179.104
sparse_attention,64,1024,16,512,1,192.832
sparse_attention,64,1024,16,1024,1,226.304
sparse_attention,64,1024,16,2048,1,286.817
sparse_attention,64,1024,16,4096,1,280.577
sparse_attention,64,1024,16,8192,1,283.872
sparse_attention,64,1024,16,16384,1,283.393
sparse_attention,64,1024,32,16,1,159.68
sparse_attention,64,1024,32,32,1,158.462
sparse_attention,64,1024,32,64,1,164
sparse_attention,64,1024,32,128,1,178.499
sparse_attention,64,1024,32,256,1,194.912
sparse_attention,64,1024,32,512,1,230.465
sparse_attention,64,1024,32,1024,1,295.392
sparse_attention,64,1024,32,2048,1,413.31
sparse_attention,64,1024,32,4096,1,413.824
sparse_attention,64,1024,32,8192,1,411.295
sparse_attention,64,1024,32,16384,1,398.594
sparse_attention,64,1024,64,16,1,173.696
sparse_attention,64,1024,64,32,1,175.584
sparse_attention,64,1024,64,64,1,180.609
sparse_attention,64,1024,64,128,1,205.375
sparse_attention,64,1024,64,256,1,234.177
sparse_attention,64,1024,64,512,1,303.904
sparse_attention,64,1024,64,1024,1,439.104
sparse_attention,64,1024,64,2048,1,684.798
sparse_attention,64,1024,64,4096,1,681.86
sparse_attention,64,1024,64,8192,1,665.41
sparse_attention,64,1024,64,16384,1,661.987
sparse_attention,64,1024,128,16,1,194.785
sparse_attention,64,1024,128,32,1,198.752
sparse_attention,64,1024,128,64,1,213.25
sparse_attention,64,1024,128,128,1,248.768
sparse_attention,64,1024,128,256,1,315.425
sparse_attention,64,1024,128,512,1,464.192
sparse_attention,64,1024,128,1024,1,738.69
sparse_attention,64,1024,128,2048,1,1194.24
sparse_attention,64,1024,128,4096,1,1176.42
sparse_attention,64,1024,128,8192,1,1173.76
sparse_attention,64,1024,128,16384,1,1171.4
sparse_attention,64,2048,0,0,1,238.24
sparse_attention,64,2048,1,16,1,248.543
sparse_attention,64,2048,1,32,1,245.6
sparse_attention,64,2048,1,64,1,253.921
sparse_attention,64,2048,1,128,1,251.808
sparse_attention,64,2048,1,256,1,252.128
sparse_attention,64,2048,1,512,1,252.065
sparse_attention,64,2048,1,1024,1,255.426
sparse_attention,64,2048,1,2048,1,260.481
sparse_attention,64,2048,1,4096,1,264.512
sparse_attention,64,2048,1,8192,1,260.096
sparse_attention,64,2048,1,16384,1,258.336
sparse_attention,64,2048,2,16,1,248.384
sparse_attention,64,2048,2,32,1,250.657
sparse_attention,64,2048,2,64,1,256.514
sparse_attention,64,2048,2,128,1,252.223
sparse_attention,64,2048,2,256,1,254.464
sparse_attention,64,2048,2,512,1,257.634
sparse_attention,64,2048,2,1024,1,259.584
sparse_attention,64,2048,2,2048,1,266.177
sparse_attention,64,2048,2,4096,1,269.793
sparse_attention,64,2048,2,8192,1,269.857
sparse_attention,64,2048,2,16384,1,268.48
sparse_attention,64,2048,4,16,1,257.664
sparse_attention,64,2048,4,32,1,257.087
sparse_attention,64,2048,4,64,1,261.409
sparse_attention,64,2048,4,128,1,256.193
sparse_attention,64,2048,4,256,1,255.712
sparse_attention,64,2048,4,512,1,261.12
sparse_attention,64,2048,4,1024,1,271.17
sparse_attention,64,2048,4,2048,1,292.576
sparse_attention,64,2048,4,4096,1,290.209
sparse_attention,64,2048,4,8192,1,289.632
sparse_attention,64,2048,4,16384,1,286.912
sparse_attention,64,2048,8,16,1,254.719
sparse_attention,64,2048,8,32,1,260.385
sparse_attention,64,2048,8,64,1,259.296
sparse_attention,64,2048,8,128,1,261.12
sparse_attention,64,2048,8,256,1,261.345
sparse_attention,64,2048,8,512,1,270.785
sparse_attention,64,2048,8,1024,1,292.512
sparse_attention,64,2048,8,2048,1,320.512
sparse_attention,64,2048,8,4096,1,320.608
sparse_attention,64,2048,8,8192,1,312.799
sparse_attention,64,2048,8,16384,1,317.28
sparse_attention,64,2048,16,16,1,259.17
sparse_attention,64,2048,16,32,1,257.058
sparse_attention,64,2048,16,64,1,259.329
sparse_attention,64,2048,16,128,1,269.377
sparse_attention,64,2048,16,256,1,274.176
sparse_attention,64,2048,16,512,1,291.584
sparse_attention,64,2048,16,1024,1,326.08
sparse_attention,64,2048,16,2048,1,382.719
sparse_attention,64,2048,16,4096,1,386.337
sparse_attention,64,2048,16,8192,1,376.576
sparse_attention,64,2048,16,16384,1,380.61
sparse_attention,64,2048,32,16,1,255.041
sparse_attention,64,2048,32,32,1,258.592
sparse_attention,64,2048,32,64,1,263.103
sparse_attention,64,2048,32,128,1,277.345
sparse_attention,64,2048,32,256,1,294.849
sparse_attention,64,2048,32,512,1,329.791
sparse_attention,64,2048,32,1024,1,398.432
sparse_attention,64,2048,32,2048,1,509.825
sparse_attention,64,2048,32,4096,1,507.81
sparse_attention,64,2048,32,8192,1,509.824
sparse_attention,64,2048,32,16384,1,496.801
sparse_attention,64,2048,64,16,1,274.752
sparse_attention,64,2048,64,32,1,272.257
sparse_attention,64,2048,64,64,1,281.888
sparse_attention,64,2048,64,128,1,302.431
sparse_attention,64,2048,64,256,1,338.08
sparse_attention,64,2048,64,512,1,399.872
sparse_attention,64,2048,64,1024,1,546.976
sparse_attention,64,2048,64,2048,1,780.897
sparse_attention,64,2048,64,4096,1,780.224
sparse_attention,64,2048,64,8192,1,764.48
sparse_attention,64,2048,64,16384,1,763.363
sparse_attention,64,2048,128,16,1,292.799
sparse_attention,64,2048,128,32,1,299.041
sparse_attention,64,2048,128,64,1,309.408
sparse_attention,64,2048,128,128,1,348.095
sparse_attention,64,2048,128,256,1,416.417
sparse_attention,64,2048,128,512,1,565.536
sparse_attention,64,2048,128,1024,1,835.904
sparse_attention,64,2048,128,2048,1,1295.74
sparse_attention,64,2048,128,4096,1,1270.91
sparse_attention,64,2048,128,8192,1,1266.88
sparse_attention,64,2048,128,16384,1,1272.35
sparse_attention,64,4096,0,0,1,234.496
sparse_attention,64,4096,1,16,1,251.872
sparse_attention,64,4096,1,32,1,254.653
sparse_attention,64,4096,1,64,1,250.304
sparse_attention,64,4096,1,128,1,253.601
sparse_attention,64,4096,1,256,1,254.913
sparse_attention,64,4096,1,512,1,253.953
sparse_attention,64,4096,1,1024,1,259.264
sparse_attention,64,4096,1,2048,1,261.666
sparse_attention,64,4096,1,4096,1,259.649
sparse_attention,64,4096,1,8192,1,262.175
sparse_attention,64,4096,1,16384,1,261.92
sparse_attention,64,4096,2,16,1,254.144
sparse_attention,64,4096,2,32,1,250.335
sparse_attention,64,4096,2,64,1,252.671
sparse_attention,64,4096,2,128,1,256.193
sparse_attention,64,4096,2,256,1,254.464
sparse_attention,64,4096,2,512,1,259.231
sparse_attention,64,4096,2,1024,1,268.32
sparse_attention,64,4096,2,2048,1,273.056
sparse_attention,64,4096,2,4096,1,268.608
sparse_attention,64,4096,2,8192,1,270.369
sparse_attention,64,4096,2,16384,1,273.632
sparse_attention,64,4096,4,16,1,253.76
sparse_attention,64,4096,4,32,1,270.911
sparse_attention,64,4096,4,64,1,259.872
sparse_attention,64,4096,4,128,1,259.391
sparse_attention,64,4096,4,256,1,258.176
sparse_attention,64,4096,4,512,1,260.255
sparse_attention,64,4096,4,1024,1,272.161
sparse_attention,64,4096,4,2048,1,292.832
sparse_attention,64,4096,4,4096,1,290.464
sparse_attention,64,4096,4,8192,1,293.503
sparse_attention,64,4096,4,16384,1,283.616
sparse_attention,64,4096,8,16,1,256.064
sparse_attention,64,4096,8,32,1,256.448
sparse_attention,64,4096,8,64,1,259.039
sparse_attention,64,4096,8,128,1,263.297
sparse_attention,64,4096,8,256,1,264.607
sparse_attention,64,4096,8,512,1,271.008
sparse_attention,64,4096,8,1024,1,293.088
sparse_attention,64,4096,8,2048,1,320.224
sparse_attention,64,4096,8,4096,1,322.403
sparse_attention,64,4096,8,8192,1,322.846
sparse_attention,64,4096,8,16384,1,317.632
sparse_attention,64,4096,16,16,1,258.432
sparse_attention,64,4096,16,32,1,259.967
sparse_attention,64,4096,16,64,1,259.808
sparse_attention,64,4096,16,128,1,270.304
sparse_attention,64,4096,16,256,1,279.456
sparse_attention,64,4096,16,512,1,293.698
sparse_attention,64,4096,16,1024,1,330.334
sparse_attention,64,4096,16,2048,1,384.961
sparse_attention,64,4096,16,4096,1,380.354
sparse_attention,64,4096,16,8192,1,380.352
sparse_attention,64,4096,16,16384,1,383.232
sparse_attention,64,4096,32,16,1,262.529
sparse_attention,64,4096,32,32,1,265.025
sparse_attention,64,4096,32,64,1,261.569
sparse_attention,64,4096,32,128,1,277.087
sparse_attention,64,4096,32,256,1,295.936
sparse_attention,64,4096,32,512,1,330.817
sparse_attention,64,4096,32,1024,1,393.631
sparse_attention,64,4096,32,2048,1,516.769
sparse_attention,64,4096,32,4096,1,515.648
sparse_attention,64,4096,32,8192,1,517.695
sparse_attention,64,4096,32,16384,1,502.334
sparse_attention,64,4096,64,16,1,278.592
sparse_attention,64,4096,64,32,1,285.792
sparse_attention,64,4096,64,64,1,280.096
sparse_attention,64,4096,64,128,1,307.329
sparse_attention,64,4096,64,256,1,336.192
sparse_attention,64,4096,64,512,1,402.529
sparse_attention,64,4096,64,1024,1,540.896
sparse_attention,64,4096,64,2048,1,787.106
sparse_attention,64,4096,64,4096,1,780.322
sparse_attention,64,4096,64,8192,1,761.952
sparse_attention,64,4096,64,16384,1,762.912
sparse_attention,64,4096,128,16,1,290.879
sparse_attention,64,4096,128,32,1,301.504
sparse_attention,64,4096,128,64,1,306.05
sparse_attention,64,4096,128,128,1,347.137
sparse_attention,64,4096,128,256,1,415.551
sparse_attention,64,4096,128,512,1,564.801
sparse_attention,64,4096,128,1024,1,841.281
sparse_attention,64,4096,128,2048,1,1294.85
sparse_attention,64,4096,128,4096,1,1272.93
sparse_attention,64,4096,128,8192,1,1273.54
sparse_attention,64,4096,128,16384,1,1268.89
sparse_attention,64,8192,0,0,1,238.433
sparse_attention,64,8192,1,16,1,253.729
sparse_attention,64,8192,1,32,1,254.816
sparse_attention,64,8192,1,64,1,253.185
sparse_attention,64,8192,1,128,1,253.921
sparse_attention,64,8192,1,256,1,253.09
sparse_attention,64,8192,1,512,1,253.503
sparse_attention,64,8192,1,1024,1,258.719
sparse_attention,64,8192,1,2048,1,263.168
sparse_attention,64,8192,1,4096,1,261.727
sparse_attention,64,8192,1,8192,1,258.528
sparse_attention,64,8192,1,16384,1,262.595
sparse_attention,64,8192,2,16,1,254.433
sparse_attention,64,8192,2,32,1,254.879
sparse_attention,64,8192,2,64,1,254.719
sparse_attention,64,8192,2,128,1,253.632
sparse_attention,64,8192,2,256,1,253.057
sparse_attention,64,8192,2,512,1,258.273
sparse_attention,64,8192,2,1024,1,263.552
sparse_attention,64,8192,2,2048,1,269.92
sparse_attention,64,8192,2,4096,1,268.094
sparse_attention,64,8192,2,8192,1,275.583
sparse_attention,64,8192,2,16384,1,271.552
sparse_attention,64,8192,4,16,1,253.568
sparse_attention,64,8192,4,32,1,254.815
sparse_attention,64,8192,4,64,1,257.15
sparse_attention,64,8192,4,128,1,257.792
sparse_attention,64,8192,4,256,1,261.442
sparse_attention,64,8192,4,512,1,262.336
sparse_attention,64,8192,4,1024,1,269.825
sparse_attention,64,8192,4,2048,1,295.937
sparse_attention,64,8192,4,4096,1,290.88
sparse_attention,64,8192,4,8192,1,291.776
sparse_attention,64,8192,4,16384,1,284.416
sparse_attention,64,8192,8,16,1,256.612
sparse_attention,64,8192,8,32,1,258.367
sparse_attention,64,8192,8,64,1,261.152
sparse_attention,64,8192,8,128,1,264.352
sparse_attention,64,8192,8,256,1,266.273
sparse_attention,64,8192,8,512,1,274.848
sparse_attention,64,8192,8,1024,1,302.21
sparse_attention,64,8192,8,2048,1,328.512
sparse_attention,64,8192,8,4096,1,322.592
sparse_attention,64,8192,8,8192,1,318.621
sparse_attention,64,8192,8,16384,1,313.346
sparse_attention,64,8192,16,16,1,264.319
sparse_attention,64,8192,16,32,1,267.809
sparse_attention,64,8192,16,64,1,266.176
sparse_attention,64,8192,16,128,1,275.17
sparse_attention,64,8192,16,256,1,278.466
sparse_attention,64,8192,16,512,1,294.273
sparse_attention,64,8192,16,1024,1,328.001
sparse_attention,64,8192,16,2048,1,386.88
sparse_attention,64,8192,16,4096,1,380.194
sparse_attention,64,8192,16,8192,1,386.403
sparse_attention,64,8192,16,16384,1,383.072
sparse_attention,64,8192,32,16,1,265.474
sparse_attention,64,8192,32,32,1,257.344
sparse_attention,64,8192,32,64,1,266.143
sparse_attention,64,8192,32,128,1,275.01
sparse_attention,64,8192,32,256,1,297.474
sparse_attention,64,8192,32,512,1,330.367
sparse_attention,64,8192,32,1024,1,395.136
sparse_attention,64,8192,32,2048,1,514.72
sparse_attention,64,8192,32,4096,1,516.29
sparse_attention,64,8192,32,8192,1,514.53
sparse_attention,64,8192,32,16384,1,499.457
sparse_attention,64,8192,64,16,1,273.92
sparse_attention,64,8192,64,32,1,275.745
sparse_attention,64,8192,64,64,1,281.088
sparse_attention,64,8192,64,128,1,302.145
sparse_attention,64,8192,64,256,1,346.274
sparse_attention,64,8192,64,512,1,400.609
sparse_attention,64,8192,64,1024,1,538.529
sparse_attention,64,8192,64,2048,1,785.602
sparse_attention,64,8192,64,4096,1,783.265
sparse_attention,64,8192,64,8192,1,764.897
sparse_attention,64,8192,64,16384,1,767.04
sparse_attention,64,8192,128,16,1,288.865
sparse_attention,64,8192,128,32,1,297.633
sparse_attention,64,8192,128,64,1,309.119
sparse_attention,64,8192,128,128,1,346.657
sparse_attention,64,8192,128,256,1,414.755
sparse_attention,64,8192,128,512,1,570.914
sparse_attention,64,8192,128,1024,1,843.329
sparse_attention,64,8192,128,2048,1,1295.3
sparse_attention,64,8192,128,4096,1,1277.15
sparse_attention,64,8192,128,8192,1,1271.46
sparse_attention,64,8192,128,16384,1,1269.12
sparse_attention,64,16384,0,0,1,237.632
sparse_attention,64,16384,1,16,1,258.176
sparse_attention,64,16384,1,32,1,252.642
sparse_attention,64,16384,1,64,1,256.192
sparse_attention,64,16384,1,128,1,255.681
sparse_attention,64,16384,1,256,1,257.408
sparse_attention,64,16384,1,512,1,258.72
sparse_attention,64,16384,1,1024,1,259.873
sparse_attention,64,16384,1,2048,1,265.631
sparse_attention,64,16384,1,4096,1,262.016
sparse_attention,64,16384,1,8192,1,263.616
sparse_attention,64,16384,1,16384,1,264.065
sparse_attention,64,16384,2,16,1,252.448
sparse_attention,64,16384,2,32,1,254.723
sparse_attention,64,16384,2,64,1,254.143
sparse_attention,64,16384,2,128,1,256.096
sparse_attention,64,16384,2,256,1,254.75
sparse_attention,64,16384,2,512,1,258.912
sparse_attention,64,16384,2,1024,1,269.344
sparse_attention,64,16384,2,2048,1,272.772
sparse_attention,64,16384,2,4096,1,271.968
sparse_attention,64,16384,2,8192,1,270.944
sparse_attention,64,16384,2,16384,1,270.944
sparse_attention,64,16384,4,16,1,258.688
sparse_attention,64,16384,4,32,1,257.505
sparse_attention,64,16384,4,64,1,262.528
sparse_attention,64,16384,4,128,1,258.272
sparse_attention,64,16384,4,256,1,259.264
sparse_attention,64,16384,4,512,1,262.176
sparse_attention,64,16384,4,1024,1,275.234
sparse_attention,64,16384,4,2048,1,291.52
sparse_attention,64,16384,4,4096,1,291.041
sparse_attention,64,16384,4,8192,1,291.168
sparse_attention,64,16384,4,16384,1,290.048
sparse_attention,64,16384,8,16,1,257.344
sparse_attention,64,16384,8,32,1,266.785
sparse_attention,64,16384,8,64,1,257.952
sparse_attention,64,16384,8,128,1,263.936
sparse_attention,64,16384,8,256,1,263.105
sparse_attention,64,16384,8,512,1,272.544
sparse_attention,64,16384,8,1024,1,293.247
sparse_attention,64,16384,8,2048,1,320.739
sparse_attention,64,16384,8,4096,1,328.288
sparse_attention,64,16384,8,8192,1,321.408
sparse_attention,64,16384,8,16384,1,315.52
sparse_attention,64,16384,16,16,1,267.36
sparse_attention,64,16384,16,32,1,269.92
sparse_attention,64,16384,16,64,1,261.377
sparse_attention,64,16384,16,128,1,280.321
sparse_attention,64,16384,16,256,1,279.006
sparse_attention,64,16384,16,512,1,303.616
sparse_attention,64,16384,16,1024,1,327.166
sparse_attention,64,16384,16,2048,1,385.728
sparse_attention,64,16384,16,4096,1,382.656
sparse_attention,64,16384,16,8192,1,389.057
sparse_attention,64,16384,16,16384,1,378.88
sparse_attention,64,16384,32,16,1,264.223
sparse_attention,64,16384,32,32,1,256.386
sparse_attention,64,16384,32,64,1,263.394
sparse_attention,64,16384,32,128,1,280.158
sparse_attention,64,16384,32,256,1,298.144
sparse_attention,64,16384,32,512,1,326.241
sparse_attention,64,16384,32,1024,1,392.704
sparse_attention,64,16384,32,2048,1,511.105
sparse_attention,64,16384,32,4096,1,510.338
sparse_attention,64,16384,32,8192,1,509.822
sparse_attention,64,16384,32,16384,1,502.53
sparse_attention,64,16384,64,16,1,281.216
sparse_attention,64,16384,64,32,1,276.832
sparse_attention,64,16384,64,64,1,276.352
sparse_attention,64,16384,64,128,1,300.736
sparse_attention,64,16384,64,256,1,337.503
sparse_attention,64,16384,64,512,1,405.6
sparse_attention,64,16384,64,1024,1,545.121
sparse_attention,64,16384,64,2048,1,787.075
sparse_attention,64,16384,64,4096,1,780.801
sparse_attention,64,16384,64,8192,1,764.833
sparse_attention,64,16384,64,16384,1,766.145
sparse_attention,64,16384,128,16,1,289.248
sparse_attention,64,16384,128,32,1,299.551
sparse_attention,64,16384,128,64,1,312.416
sparse_attention,64,16384,128,128,1,346.208
sparse_attention,64,16384,128,256,1,423.809
sparse_attention,64,16384,128,512,1,570.24
sparse_attention,64,16384,128,1024,1,840.224
sparse_attention,64,16384,128,2048,1,1297.6
sparse_attention,64,16384,128,4096,1,1272.19
sparse_attention,64,16384,128,8192,1,1271.65
sparse_attention,64,16384,128,16384,1,1270.27
sparse_attention,128,0,0,0,1,41.536
sparse_attention,128,0,1,16,1,55.553
sparse_attention,128,0,1,32,1,56.224
sparse_attention,128,0,1,64,1,59.073
sparse_attention,128,0,1,128,1,58.817
sparse_attention,128,0,1,256,1,58.69
sparse_attention,128,0,1,512,1,58.337
sparse_attention,128,0,1,1024,1,61.249
sparse_attention,128,0,1,2048,1,65.761
sparse_attention,128,0,1,4096,1,64.127
sparse_attention,128,0,1,8192,1,66.113
sparse_attention,128,0,1,16384,1,64.321
sparse_attention,128,0,2,16,1,56.703
sparse_attention,128,0,2,32,1,57.28
sparse_attention,128,0,2,64,1,57.793
sparse_attention,128,0,2,128,1,58.624
sparse_attention,128,0,2,256,1,59.679
sparse_attention,128,0,2,512,1,62.336
sparse_attention,128,0,2,1024,1,66.85
sparse_attention,128,0,2,2048,1,73.441
sparse_attention,128,0,2,4096,1,72.544
sparse_attention,128,0,2,8192,1,72.8
sparse_attention,128,0,2,16384,1,73.632
sparse_attention,128,0,4,16,1,60.61
sparse_attention,128,0,4,32,1,61.473
sparse_attention,128,0,4,64,1,61.76
sparse_attention,128,0,4,128,1,63.296
sparse_attention,128,0,4,256,1,63.55
sparse_attention,128,0,4,512,1,67.041
sparse_attention,128,0,4,1024,1,76.576
sparse_attention,128,0,4,2048,1,92.447
sparse_attention,128,0,4,4096,1,93.984
sparse_attention,128,0,4,8192,1,93.792
sparse_attention,128,0,4,16384,1,90.976
sparse_attention,128,0,8,16,1,64.833
sparse_attention,128,0,8,32,1,62.593
sparse_attention,128,0,8,64,1,62.976
sparse_attention,128,0,8,128,1,68.447
sparse_attention,128,0,8,256,1,71.552
sparse_attention,128,0,8,512,1,79.266
sparse_attention,128,0,8,1024,1,96.993
sparse_attention,128,0,8,2048,1,126.208
sparse_attention,128,0,8,4096,1,125.471
sparse_attention,128,0,8,8192,1,123.68
sparse_attention,128,0,8,16384,1,125.472
sparse_attention,128,0,16,16,1,63.454
sparse_attention,128,0,16,32,1,63.84
sparse_attention,128,0,16,64,1,66.177
sparse_attention,128,0,16,128,1,73.984
sparse_attention,128,0,16,256,1,82.592
sparse_attention,128,0,16,512,1,96.767
sparse_attention,128,0,16,1024,1,130.336
sparse_attention,128,0,16,2048,1,188.704
sparse_attention,128,0,16,4096,1,187.904
sparse_attention,128,0,16,8192,1,188.416
sparse_attention,128,0,16,16384,1,196.031
sparse_attention,128,0,32,16,1,63.073
sparse_attention,128,0,32,32,1,62.368
sparse_attention,128,0,32,64,1,67.2
sparse_attention,128,0,32,128,1,82.688
sparse_attention,128,0,32,256,1,100.253
sparse_attention,128,0,32,512,1,131.073
sparse_attention,128,0,32,1024,1,199.681
sparse_attention,128,0,32,2048,1,326.273
sparse_attention,128,0,32,4096,1,331.232
sparse_attention,128,0,32,8192,1,327.232
sparse_attention,128,0,32,16384,1,312.383
sparse_attention,128,0,64,16,1,76.096
sparse_attention,128,0,64,32,1,79.649
sparse_attention,128,0,64,64,1,83.904
sparse_attention,128,0,64,128,1,107.073
sparse_attention,128,0,64,256,1,140.223
sparse_attention,128,0,64,512,1,207.488
sparse_attention,128,0,64,1024,1,359.616
sparse_attention,128,0,64,2048,1,598.052
sparse_attention,128,0,64,4096,1,597.216
sparse_attention,128,0,64,8192,1,580.096
sparse_attention,128,0,64,16384,1,573.474
sparse_attention,128,0,128,16,1,99.233
sparse_attention,128,0,128,32,1,101.344
sparse_attention,128,0,128,64,1,115.363
sparse_attention,128,0,128,128,1,153.024
sparse_attention,128,0,128,256,1,223.232
sparse_attention,128,0,128,512,1,384.608
sparse_attention,128,0,128,1024,1,654.657
sparse_attention,128,0,128,2048,1,1112.67
sparse_attention,128,0,128,4096,1,1086.24
sparse_attention,128,0,128,8192,1,1078.59
sparse_attention,128,0,128,16384,1,1080.99
sparse_attention,128,16,0,0,1,45.984
sparse_attention,128,16,1,16,1,60.161
sparse_attention,128,16,1,32,1,59.552
sparse_attention,128,16,1,64,1,60.863
sparse_attention,128,16,1,128,1,62.977
sparse_attention,128,16,1,256,1,63.808
sparse_attention,128,16,1,512,1,63.873
sparse_attention,128,16,1,1024,1,64.19
sparse_attention,128,16,1,2048,1,68.13
sparse_attention,128,16,1,4096,1,67.551
sparse_attention,128,16,1,8192,1,69.377
sparse_attention,128,16,1,16384,1,68.352
sparse_attention,128,16,2,16,1,62.496
sparse_attention,128,16,2,32,1,62.272
sparse_attention,128,16,2,64,1,62.527
sparse_attention,128,16,2,128,1,64.286
sparse_attention,128,16,2,256,1,64.8
sparse_attention,128,16,2,512,1,66.273
sparse_attention,128,16,2,1024,1,70.049
sparse_attention,128,16,2,2048,1,77.632
sparse_attention,128,16,2,4096,1,77.918
sparse_attention,128,16,2,8192,1,76.896
sparse_attention,128,16,2,16384,1,77.824
sparse_attention,128,16,4,16,1,65.537
sparse_attention,128,16,4,32,1,66.112
sparse_attention,128,16,4,64,1,66.145
sparse_attention,128,16,4,128,1,67.616
sparse_attention,128,16,4,256,1,68.096
sparse_attention,128,16,4,512,1,71.296
sparse_attention,128,16,4,1024,1,80.896
sparse_attention,128,16,4,2048,1,96.48
sparse_attention,128,16,4,4096,1,96.927
sparse_attention,128,16,4,8192,1,95.103
sparse_attention,128,16,4,16384,1,94.625
sparse_attention,128,16,8,16,1,68.225
sparse_attention,128,16,8,32,1,67.487
sparse_attention,128,16,8,64,1,68.577
sparse_attention,128,16,8,128,1,73.312
sparse_attention,128,16,8,256,1,75.648
sparse_attention,128,16,8,512,1,82.656
sparse_attention,128,16,8,1024,1,102.464
sparse_attention,128,16,8,2048,1,130.846
sparse_attention,128,16,8,4096,1,129.92
sparse_attention,128,16,8,8192,1,129.534
sparse_attention,128,16,8,16384,1,128.96
sparse_attention,128,16,16,16,1,67.904
sparse_attention,128,16,16,32,1,68.287
sparse_attention,128,16,16,64,1,68.062
sparse_attention,128,16,16,128,1,78.047
sparse_attention,128,16,16,256,1,88.289
sparse_attention,128,16,16,512,1,100.8
sparse_attention,128,16,16,1024,1,134.398
sparse_attention,128,16,16,2048,1,192.736
sparse_attention,128,16,16,4096,1,192.8
sparse_attention,128,16,16,8192,1,193.377
sparse_attention,128,16,16,16384,1,199.518
sparse_attention,128,16,32,16,1,68.769
sparse_attention,128,16,32,32,1,67.52
sparse_attention,128,16,32,64,1,72.095
sparse_attention,128,16,32,128,1,86.656
sparse_attention,128,16,32,256,1,104.192
sparse_attention,128,16,32,512,1,135.967
sparse_attention,128,16,32,1024,1,202.944
sparse_attention,128,16,32,2048,1,330.912
sparse_attention,128,16,32,4096,1,333.664
sparse_attention,128,16,32,8192,1,332.736
sparse_attention,128,16,32,16384,1,319.105
sparse_attention,128,16,64,16,1,81.92
sparse_attention,128,16,64,32,1,83.904
sparse_attention,128,16,64,64,1,89.699
sparse_attention,128,16,64,128,1,111.296
sparse_attention,128,16,64,256,1,144.001
sparse_attention,128,16,64,512,1,212.033
sparse_attention,128,16,64,1024,1,363.777
sparse_attention,128,16,64,2048,1,603.232
sparse_attention,128,16,64,4096,1,601.504
sparse_attention,128,16,64,8192,1,587.104
sparse_attention,128,16,64,16384,1,577.825
sparse_attention,128,16,128,16,1,101.47
sparse_attention,128,16,128,32,1,106.113
sparse_attention,128,16,128,64,1,119.199
sparse_attention,128,16,128,128,1,159.681
sparse_attention,128,16,128,256,1,225.571
sparse_attention,128,16,128,512,1,387.904
sparse_attention,128,16,128,1024,1,661.696
sparse_attention,128,16,128,2048,1,1117.92
sparse_attention,128,16,128,4096,1,1093.12
sparse_attention,128,16,128,8192,1,1082.63
sparse_attention,128,16,128,16384,1,1084.7
sparse_attention,128,32,0,0,1,47.264
sparse_attention,128,32,1,16,1,62.463
sparse_attention,128,32,1,32,1,61.056
sparse_attention,128,32,1,64,1,61.759
sparse_attention,128,32,1,128,1,63.713
sparse_attention,128,32,1,256,1,62.881
sparse_attention,128,32,1,512,1,64.129
sparse_attention,128,32,1,1024,1,65.983
sparse_attention,128,32,1,2048,1,69.28
sparse_attention,128,32,1,4096,1,68.704
sparse_attention,128,32,1,8192,1,68.96
sparse_attention,128,32,1,16384,1,70.722
sparse_attention,128,32,2,16,1,62.336
sparse_attention,128,32,2,32,1,62.591
sparse_attention,128,32,2,64,1,62.4
sparse_attention,128,32,2,128,1,63.872
sparse_attention,128,32,2,256,1,65.151
sparse_attention,128,32,2,512,1,65.922
sparse_attention,128,32,2,1024,1,69.794
sparse_attention,128,32,2,2048,1,77.825
sparse_attention,128,32,2,4096,1,78.816
sparse_attention,128,32,2,8192,1,77.569
sparse_attention,128,32,2,16384,1,78.274
sparse_attention,128,32,4,16,1,67.008
sparse_attention,128,32,4,32,1,67.457
sparse_attention,128,32,4,64,1,67.231
sparse_attention,128,32,4,128,1,68.542
sparse_attention,128,32,4,256,1,69.246
sparse_attention,128,32,4,512,1,71.935
sparse_attention,128,32,4,1024,1,82.207
sparse_attention,128,32,4,2048,1,99.01
sparse_attention,128,32,4,4096,1,97.377
sparse_attention,128,32,4,8192,1,97.215
sparse_attention,128,32,4,16384,1,96.609
sparse_attention,128,32,8,16,1,68.287
sparse_attention,128,32,8,32,1,67.967
sparse_attention,128,32,8,64,1,69.888
sparse_attention,128,32,8,128,1,73.12
sparse_attention,128,32,8,256,1,75.456
sparse_attention,128,32,8,512,1,85.056
sparse_attention,128,32,8,1024,1,102.944
sparse_attention,128,32,8,2048,1,131.361
sparse_attention,128,32,8,4096,1,130.434
sparse_attention,128,32,8,8192,1,129.538
sparse_attention,128,32,8,16384,1,129.121
sparse_attention,128,32,16,16,1,69.183
sparse_attention,128,32,16,32,1,69.569
sparse_attention,128,32,16,64,1,69.6
sparse_attention,128,32,16,128,1,78.303
sparse_attention,128,32,16,256,1,88.224
sparse_attention,128,32,16,512,1,101.728
sparse_attention,128,32,16,1024,1,136.962
sparse_attention,128,32,16,2048,1,194.754
sparse_attention,128,32,16,4096,1,193.503
sparse_attention,128,32,16,8192,1,193.696
sparse_attention,128,32,16,16384,1,199.713
sparse_attention,128,32,32,16,1,67.775
sparse_attention,128,32,32,32,1,68.545
sparse_attention,128,32,32,64,1,72.802
sparse_attention,128,32,32,128,1,87.747
sparse_attention,128,32,32,256,1,106.111
sparse_attention,128,32,32,512,1,136.351
sparse_attention,128,32,32,1024,1,206.239
sparse_attention,128,32,32,2048,1,331.424
sparse_attention,128,32,32,4096,1,332.801
sparse_attention,128,32,32,8192,1,333.568
sparse_attention,128,32,32,16384,1,320.225
sparse_attention,128,32,64,16,1,80.384
sparse_attention,128,32,64,32,1,83.36
sparse_attention,128,32,64,64,1,89.536
sparse_attention,128,32,64,128,1,111.617
sparse_attention,128,32,64,256,1,146.978
sparse_attention,128,32,64,512,1,213.504
sparse_attention,128,32,64,1024,1,363.488
sparse_attention,128,32,64,2048,1,603.745
sparse_attention,128,32,64,4096,1,604.512
sparse_attention,128,32,64,8192,1,584.642
sparse_attention,128,32,64,16384,1,577.73
sparse_attention,128,32,128,16,1,104.737
sparse_attention,128,32,128,32,1,107.072
sparse_attention,128,32,128,64,1,119.84
sparse_attention,128,32,128,128,1,159.008
sparse_attention,128,32,128,256,1,228.545
sparse_attention,128,32,128,512,1,387.297
sparse_attention,128,32,128,1024,1,662.849
sparse_attention,128,32,128,2048,1,1115.46
sparse_attention,128,32,128,4096,1,1092.96
sparse_attention,128,32,128,8192,1,1083.62
sparse_attention,128,32,128,16384,1,1085.6
sparse_attention,128,64,0,0,1,48.832
sparse_attention,128,64,1,16,1,63.936
sparse_attention,128,64,1,32,1,63.648
sparse_attention,128,64,1,64,1,64.031
sparse_attention,128,64,1,128,1,65.664
sparse_attention,128,64,1,256,1,66.498
sparse_attention,128,64,1,512,1,66.816
sparse_attention,128,64,1,1024,1,68.128
sparse_attention,128,64,1,2048,1,71.457
sparse_attention,128,64,1,4096,1,71.713
sparse_attention,128,64,1,8192,1,71.008
sparse_attention,128,64,1,16384,1,73.089
sparse_attention,128,64,2,16,1,64.896
sparse_attention,128,64,2,32,1,64.767
sparse_attention,128,64,2,64,1,64.93
sparse_attention,128,64,2,128,1,66.274
sparse_attention,128,64,2,256,1,66.975
sparse_attention,128,64,2,512,1,68.48
sparse_attention,128,64,2,1024,1,72.544
sparse_attention,128,64,2,2048,1,80.065
sparse_attention,128,64,2,4096,1,80.48
sparse_attention,128,64,2,8192,1,80.194
sparse_attention,128,64,2,16384,1,81.696
sparse_attention,128,64,4,16,1,68.352
sparse_attention,128,64,4,32,1,68.739
sparse_attention,128,64,4,64,1,69.664
sparse_attention,128,64,4,128,1,71.231
sparse_attention,128,64,4,256,1,70.817
sparse_attention,128,64,4,512,1,74.048
sparse_attention,128,64,4,1024,1,84.863
sparse_attention,128,64,4,2048,1,100.352
sparse_attention,128,64,4,4096,1,100.129
sparse_attention,128,64,4,8192,1,100
sparse_attention,128,64,4,16384,1,98.944
sparse_attention,128,64,8,16,1,70.561
sparse_attention,128,64,8,32,1,70.752
sparse_attention,128,64,8,64,1,71.104
sparse_attention,128,64,8,128,1,75.773
sparse_attention,128,64,8,256,1,78.338
sparse_attention,128,64,8,512,1,86.944
sparse_attention,128,64,8,1024,1,106.687
sparse_attention,128,64,8,2048,1,134.399
sparse_attention,128,64,8,4096,1,132.319
sparse_attention,128,64,8,8192,1,131.616
sparse_attention,128,64,8,16384,1,131.744
sparse_attention,128,64,16,16,1,72.738
sparse_attention,128,64,16,32,1,70.818
sparse_attention,128,64,16,64,1,72.705
sparse_attention,128,64,16,128,1,80.993
sparse_attention,128,64,16,256,1,91.394
sparse_attention,128,64,16,512,1,103.936
sparse_attention,128,64,16,1024,1,138.05
sparse_attention,128,64,16,2048,1,197.441
sparse_attention,128,64,16,4096,1,196.479
sparse_attention,128,64,16,8192,1,196.288
sparse_attention,128,64,16,16384,1,203.072
sparse_attention,128,64,32,16,1,72.193
sparse_attention,128,64,32,32,1,72.385
sparse_attention,128,64,32,64,1,75.616
sparse_attention,128,64,32,128,1,89.951
sparse_attention,128,64,32,256,1,106.496
sparse_attention,128,64,32,512,1,138.882
sparse_attention,128,64,32,1024,1,206.305
sparse_attention,128,64,32,2048,1,334.946
sparse_attention,128,64,32,4096,1,334.561
sparse_attention,128,64,32,8192,1,334.817
sparse_attention,128,64,32,16384,1,322.273
sparse_attention,128,64,64,16,1,84.738
sparse_attention,128,64,64,32,1,85.312
sparse_attention,128,64,64,64,1,92.512
sparse_attention,128,64,64,128,1,115.234
sparse_attention,128,64,64,256,1,149.472
sparse_attention,128,64,64,512,1,215.36
sparse_attention,128,64,64,1024,1,369.247
sparse_attention,128,64,64,2048,1,605.856
sparse_attention,128,64,64,4096,1,602.913
sparse_attention,128,64,64,8192,1,589.089
sparse_attention,128,64,64,16384,1,580.674
sparse_attention,128,64,128,16,1,105.12
sparse_attention,128,64,128,32,1,109.248
sparse_attention,128,64,128,64,1,122.112
sparse_attention,128,64,128,128,1,161.056
sparse_attention,128,64,128,256,1,232.353
sparse_attention,128,64,128,512,1,388.608
sparse_attention,128,64,128,1024,1,663.168
sparse_attention,128,64,128,2048,1,1119.17
sparse_attention,128,64,128,4096,1,1095.46
sparse_attention,128,64,128,8192,1,1086.4
sparse_attention,128,64,128,16384,1,1087.81
sparse_attention,128,128,0,0,1,62.657
sparse_attention,128,128,1,16,1,77.439
sparse_attention,128,128,1,32,1,76.897
sparse_attention,128,128,1,64,1,77.984
sparse_attention,128,128,1,128,1,78.849
sparse_attention,128,128,1,256,1,78.943
sparse_attention,128,128,1,512,1,79.711
sparse_attention,128,128,1,1024,1,81.729
sparse_attention,128,128,1,2048,1,84.959
sparse_attention,128,128,1,4096,1,85.314
sparse_attention,128,128,1,8192,1,84.929
sparse_attention,128,128,1,16384,1,85.536
sparse_attention,128,128,2,16,1,78.017
sparse_attention,128,128,2,32,1,77.79
sparse_attention,128,128,2,64,1,77.792
sparse_attention,128,128,2,128,1,80.511
sparse_attention,128,128,2,256,1,80.191
sparse_attention,128,128,2,512,1,81.342
sparse_attention,128,128,2,1024,1,85.633
sparse_attention,128,128,2,2048,1,93.855
sparse_attention,128,128,2,4096,1,94.016
sparse_attention,128,128,2,8192,1,95.2
sparse_attention,128,128,2,16384,1,95.009
sparse_attention,128,128,4,16,1,82.913
sparse_attention,128,128,4,32,1,81.983
sparse_attention,128,128,4,64,1,83.198
sparse_attention,128,128,4,128,1,84
sparse_attention,128,128,4,256,1,84.928
sparse_attention,128,128,4,512,1,88.194
sparse_attention,128,128,4,1024,1,97.791
sparse_attention,128,128,4,2048,1,113.438
sparse_attention,128,128,4,4096,1,113.599
sparse_attention,128,128,4,8192,1,114.079
sparse_attention,128,128,4,16384,1,112.096
sparse_attention,128,128,8,16,1,83.999
sparse_attention,128,128,8,32,1,84.193
sparse_attention,128,128,8,64,1,85.12
sparse_attention,128,128,8,128,1,89.377
sparse_attention,128,128,8,256,1,91.008
sparse_attention,128,128,8,512,1,100.608
sparse_attention,128,128,8,1024,1,119.265
sparse_attention,128,128,8,2048,1,147.681
sparse_attention,128,128,8,4096,1,146.208
sparse_attention,128,128,8,8192,1,145.568
sparse_attention,128,128,8,16384,1,144.8
sparse_attention,128,128,16,16,1,84.672
sparse_attention,128,128,16,32,1,84.801
sparse_attention,128,128,16,64,1,86.337
sparse_attention,128,128,16,128,1,94.815
sparse_attention,128,128,16,256,1,104.161
sparse_attention,128,128,16,512,1,117.184
sparse_attention,128,128,16,1024,1,151.328
sparse_attention,128,128,16,2048,1,211.2
sparse_attention,128,128,16,4096,1,210.048
sparse_attention,128,128,16,8192,1,208.768
sparse_attention,128,128,16,16384,1,216.607
sparse_attention,128,128,32,16,1,83.839
sparse_attention,128,128,32,32,1,84.609
sparse_attention,128,128,32,64,1,89.439
sparse_attention,128,128,32,128,1,103.136
sparse_attention,128,128,32,256,1,120.447
sparse_attention,128,128,32,512,1,152.322
sparse_attention,128,128,32,1024,1,219.904
sparse_attention,128,128,32,2048,1,347.906
sparse_attention,128,128,32,4096,1,347.611
sparse_attention,128,128,32,8192,1,349.184
sparse_attention,128,128,32,16384,1,336.961
sparse_attention,128,128,64,16,1,96.895
sparse_attention,128,128,64,32,1,99.842
sparse_attention,128,128,64,64,1,105.984
sparse_attention,128,128,64,128,1,127.553
sparse_attention,128,128,64,256,1,160.899
sparse_attention,128,128,64,512,1,228.031
sparse_attention,128,128,64,1024,1,381.377
sparse_attention,128,128,64,2048,1,620.353
sparse_attention,128,128,64,4096,1,617.859
sparse_attention,128,128,64,8192,1,603.808
sparse_attention,128,128,64,16384,1,596.415
sparse_attention,128,128,128,16,1,118.816
sparse_attention,128,128,128,32,1,123.168
sparse_attention,128,128,128,64,1,135.037
sparse_attention,128,128,128,128,1,174.784
sparse_attention,128,128,128,256,1,242.877
sparse_attention,128,128,128,512,1,403.556
sparse_attention,128,128,128,1024,1,674.529
sparse_attention,128,128,128,2048,1,1132.19
sparse_attention,128,128,128,4096,1,1109.57
sparse_attention,128,128,128,8192,1,1100.83
sparse_attention,128,128,128,16384,1,1103.55
sparse_attention,128,256,0,0,1,82.975
sparse_attention,128,256,1,16,1,98.817
sparse_attention,128,256,1,32,1,98.53
sparse_attention,128,256,1,64,1,99.486
sparse_attention,128,256,1,128,1,100.642
sparse_attention,128,256,1,256,1,100.224
sparse_attention,128,256,1,512,1,101.055
sparse_attention,128,256,1,1024,1,102.687
sparse_attention,128,256,1,2048,1,105.024
sparse_attention,128,256,1,4096,1,104.992
sparse_attention,128,256,1,8192,1,106.785
sparse_attention,128,256,1,16384,1,106.144
sparse_attention,128,256,2,16,1,99.361
sparse_attention,128,256,2,32,1,99.553
sparse_attention,128,256,2,64,1,100.034
sparse_attention,128,256,2,128,1,100.896
sparse_attention,128,256,2,256,1,101.855
sparse_attention,128,256,2,512,1,104.992
sparse_attention,128,256,2,1024,1,106.784
sparse_attention,128,256,2,2048,1,115.683
sparse_attention,128,256,2,4096,1,116
sparse_attention,128,256,2,8192,1,114.976
sparse_attention,128,256,2,16384,1,114.784
sparse_attention,128,256,4,16,1,104.896
sparse_attention,128,256,4,32,1,103.552
sparse_attention,128,256,4,64,1,104
sparse_attention,128,256,4,128,1,106.114
sparse_attention,128,256,4,256,1,105.027
sparse_attention,128,256,4,512,1,109.439
sparse_attention,128,256,4,1024,1,119.682
sparse_attention,128,256,4,2048,1,134.27
sparse_attention,128,256,4,4096,1,133.792
sparse_attention,128,256,4,8192,1,135.071
sparse_attention,128,256,4,16384,1,133.41
sparse_attention,128,256,8,16,1,106.625
sparse_attention,128,256,8,32,1,105.471
sparse_attention,128,256,8,64,1,105.536
sparse_attention,128,256,8,128,1,110.527
sparse_attention,128,256,8,256,1,112.928
sparse_attention,128,256,8,512,1,120.863
sparse_attention,128,256,8,1024,1,139.969
sparse_attention,128,256,8,2048,1,168.096
sparse_attention,128,256,8,4096,1,168.191
sparse_attention,128,256,8,8192,1,166.592
sparse_attention,128,256,8,16384,1,166.208
sparse_attention,128,256,16,16,1,106.53
sparse_attention,128,256,16,32,1,106.113
sparse_attention,128,256,16,64,1,106.273
sparse_attention,128,256,16,128,1,113.984
sparse_attention,128,256,16,256,1,124.513
sparse_attention,128,256,16,512,1,138.847
sparse_attention,128,256,16,1024,1,173.056
sparse_attention,128,256,16,2048,1,231.008
sparse_attention,128,256,16,4096,1,230.177
sparse_attention,128,256,16,8192,1,230.017
sparse_attention,128,256,16,16384,1,237.247
sparse_attention,128,256,32,16,1,104.545
sparse_attention,128,256,32,32,1,105.345
sparse_attention,128,256,32,64,1,109.632
sparse_attention,128,256,32,128,1,123.39
sparse_attention,128,256,32,256,1,142.655
sparse_attention,128,256,32,512,1,172.863
sparse_attention,128,256,32,1024,1,241.951
sparse_attention,128,256,32,2048,1,366.751
sparse_attention,128,256,32,4096,1,369.185
sparse_attention,128,256,32,8192,1,371.329
sparse_attention,128,256,32,16384,1,356.481
sparse_attention,128,256,64,16,1,116.577
sparse_attention,128,256,64,32,1,120.064
sparse_attention,128,256,64,64,1,125.568
sparse_attention,128,256,64,128,1,148.737
sparse_attention,128,256,64,256,1,182.24
sparse_attention,128,256,64,512,1,249.312
sparse_attention,128,256,64,1024,1,403.457
sparse_attention,128,256,64,2048,1,639.584
sparse_attention,128,256,64,4096,1,640.962
sparse_attention,128,256,64,8192,1,622.369
sparse_attention,128,256,64,16384,1,614.881
sparse_attention,128,256,128,16,1,138.88
sparse_attention,128,256,128,32,1,144.162
sparse_attention,128,256,128,64,1,156.545
sparse_attention,128,256,128,128,1,195.681
sparse_attention,128,256,128,256,1,264.735
sparse_attention,128,256,128,512,1,423.49
sparse_attention,128,256,128,1024,1,697.855
sparse_attention,128,256,128,2048,1,1152.64
sparse_attention,128,256,128,4096,1,1130.37
sparse_attention,128,256,128,8192,1,1121.76
sparse_attention,128,256,128,16384,1,1123.49
sparse_attention,128,512,0,0,1,126.625
sparse_attention,128,512,1,16,1,140.351
sparse_attention,128,512,1,32,1,139.647
sparse_attention,128,512,1,64,1,140.768
sparse_attention,128,512,1,128,1,141.695
sparse_attention,128,512,1,256,1,142.499
sparse_attention,128,512,1,512,1,144.576
sparse_attention,128,512,1,1024,1,146.24
sparse_attention,128,512,1,2048,1,148.832
sparse_attention,128,512,1,4096,1,148.513
sparse_attention,128,512,1,8192,1,149.316
sparse_attention,128,512,1,16384,1,149.344
sparse_attention,128,512,2,16,1,140.928
sparse_attention,128,512,2,32,1,140.512
sparse_attention,128,512,2,64,1,142.91
sparse_attention,128,512,2,128,1,143.52
sparse_attention,128,512,2,256,1,144.192
sparse_attention,128,512,2,512,1,146.303
sparse_attention,128,512,2,1024,1,149.504
sparse_attention,128,512,2,2048,1,158.209
sparse_attention,128,512,2,4096,1,158.016
sparse_attention,128,512,2,8192,1,157.09
sparse_attention,128,512,2,16384,1,157.537
sparse_attention,128,512,4,16,1,145.762
sparse_attention,128,512,4,32,1,145.823
sparse_attention,128,512,4,64,1,146.369
sparse_attention,128,512,4,128,1,147.743
sparse_attention,128,512,4,256,1,148.064
sparse_attention,128,512,4,512,1,151.74
sparse_attention,128,512,4,1024,1,163.169
sparse_attention,128,512,4,2048,1,178.593
sparse_attention,128,512,4,4096,1,177.695
sparse_attention,128,512,4,8192,1,177.473
sparse_attention,128,512,4,16384,1,175.875
sparse_attention,128,512,8,16,1,147.232
sparse_attention,128,512,8,32,1,147.873
sparse_attention,128,512,8,64,1,147.518
sparse_attention,128,512,8,128,1,153.474
sparse_attention,128,512,8,256,1,155.424
sparse_attention,128,512,8,512,1,164.031
sparse_attention,128,512,8,1024,1,181.823
sparse_attention,128,512,8,2048,1,210.56
sparse_attention,128,512,8,4096,1,210.593
sparse_attention,128,512,8,8192,1,207.521
sparse_attention,128,512,8,16384,1,208.16
sparse_attention,128,512,16,16,1,149.152
sparse_attention,128,512,16,32,1,149.504
sparse_attention,128,512,16,64,1,149.857
sparse_attention,128,512,16,128,1,156.992
sparse_attention,128,512,16,256,1,166.146
sparse_attention,128,512,16,512,1,180.831
sparse_attention,128,512,16,1024,1,216.863
sparse_attention,128,512,16,2048,1,274.337
sparse_attention,128,512,16,4096,1,273.535
sparse_attention,128,512,16,8192,1,273.377
sparse_attention,128,512,16,16384,1,279.393
sparse_attention,128,512,32,16,1,147.393
sparse_attention,128,512,32,32,1,147.648
sparse_attention,128,512,32,64,1,152.223
sparse_attention,128,512,32,128,1,166.114
sparse_attention,128,512,32,256,1,185.024
sparse_attention,128,512,32,512,1,216.767
sparse_attention,128,512,32,1024,1,283.359
sparse_attention,128,512,32,2048,1,413.311
sparse_attention,128,512,32,4096,1,412.671
sparse_attention,128,512,32,8192,1,411.457
sparse_attention,128,512,32,16384,1,396.576
sparse_attention,128,512,64,16,1,160.673
sparse_attention,128,512,64,32,1,164.705
sparse_attention,128,512,64,64,1,168.994
sparse_attention,128,512,64,128,1,191.422
sparse_attention,128,512,64,256,1,225.152
sparse_attention,128,512,64,512,1,291.649
sparse_attention,128,512,64,1024,1,444.866
sparse_attention,128,512,64,2048,1,681.728
sparse_attention,128,512,64,4096,1,680.545
sparse_attention,128,512,64,8192,1,666.849
sparse_attention,128,512,64,16384,1,657.728
sparse_attention,128,512,128,16,1,182.912
sparse_attention,128,512,128,32,1,187.552
sparse_attention,128,512,128,64,1,198.368
sparse_attention,128,512,128,128,1,236.897
sparse_attention,128,512,128,256,1,305.411
sparse_attention,128,512,128,512,1,465.792
sparse_attention,128,512,128,1024,1,737.731
sparse_attention,128,512,128,2048,1,1195.49
sparse_attention,128,512,128,4096,1,1170.11
sparse_attention,128,512,128,8192,1,1163.14
sparse_attention,128,512,128,16384,1,1165.06
sparse_attention,128,1024,0,0,1,213.409
sparse_attention,128,1024,1,16,1,226.752
sparse_attention,128,1024,1,32,1,226.433
sparse_attention,128,1024,1,64,1,230.4
sparse_attention,128,1024,1,128,1,228.96
sparse_attention,128,1024,1,256,1,228.096
sparse_attention,128,1024,1,512,1,232.255
sparse_attention,128,1024,1,1024,1,233.92
sparse_attention,128,1024,1,2048,1,237.887
sparse_attention,128,1024,1,4096,1,237.12
sparse_attention,128,1024,1,8192,1,236.416
sparse_attention,128,1024,1,16384,1,236.608
sparse_attention,128,1024,2,16,1,228.673
sparse_attention,128,1024,2,32,1,228.576
sparse_attention,128,1024,2,64,1,226.912
sparse_attention,128,1024,2,128,1,230.465
sparse_attention,128,1024,2,256,1,229.857
sparse_attention,128,1024,2,512,1,234.048
sparse_attention,128,1024,2,1024,1,235.744
sparse_attention,128,1024,2,2048,1,244.063
sparse_attention,128,1024,2,4096,1,242.272
sparse_attention,128,1024,2,8192,1,245.217
sparse_attention,128,1024,2,16384,1,246.497
sparse_attention,128,1024,4,16,1,233.151
sparse_attention,128,1024,4,32,1,233.695
sparse_attention,128,1024,4,64,1,233.919
sparse_attention,128,1024,4,128,1,233.983
sparse_attention,128,1024,4,256,1,233.247
sparse_attention,128,1024,4,512,1,239.393
sparse_attention,128,1024,4,1024,1,249.12
sparse_attention,128,1024,4,2048,1,263.68
sparse_attention,128,1024,4,4096,1,262.976
sparse_attention,128,1024,4,8192,1,264.002
sparse_attention,128,1024,4,16384,1,262.688
sparse_attention,128,1024,8,16,1,234.913
sparse_attention,128,1024,8,32,1,236.576
sparse_attention,128,1024,8,64,1,234.016
sparse_attention,128,1024,8,128,1,238.335
sparse_attention,128,1024,8,256,1,241.089
sparse_attention,128,1024,8,512,1,254.049
sparse_attention,128,1024,8,1024,1,267.23
sparse_attention,128,1024,8,2048,1,296.929
sparse_attention,128,1024,8,4096,1,296.448
sparse_attention,128,1024,8,8192,1,292.705
sparse_attention,128,1024,8,16384,1,293.729
sparse_attention,128,1024,16,16,1,236.384
sparse_attention,128,1024,16,32,1,233.504
sparse_attention,128,1024,16,64,1,238.144
sparse_attention,128,1024,16,128,1,246.371
sparse_attention,128,1024,16,256,1,254.305
sparse_attention,128,1024,16,512,1,268.639
sparse_attention,128,1024,16,1024,1,301.568
sparse_attention,128,1024,16,2048,1,361.95
sparse_attention,128,1024,16,4096,1,356.992
sparse_attention,128,1024,16,8192,1,357.665
sparse_attention,128,1024,16,16384,1,367.968
sparse_attention,128,1024,32,16,1,236.001
sparse_attention,128,1024,32,32,1,234.272
sparse_attention,128,1024,32,64,1,238.848
sparse_attention,128,1024,32,128,1,253.025
sparse_attention,128,1024,32,256,1,271.969
sparse_attention,128,1024,32,512,1,303.168
sparse_attention,128,1024,32,1024,1,370.337
sparse_attention,128,1024,32,2048,1,495.713
sparse_attention,128,1024,32,4096,1,495.041
sparse_attention,128,1024,32,8192,1,498.048
sparse_attention,128,1024,32,16384,1,484.864
sparse_attention,128,1024,64,16,1,245.439
sparse_attention,128,1024,64,32,1,249.249
sparse_attention,128,1024,64,64,1,253.92
sparse_attention,128,1024,64,128,1,279.905
sparse_attention,128,1024,64,256,1,310.496
sparse_attention,128,1024,64,512,1,379.136
sparse_attention,128,1024,64,1024,1,528.48
sparse_attention,128,1024,64,2048,1,768.387
sparse_attention,128,1024,64,4096,1,764.991
sparse_attention,128,1024,64,8192,1,747.555
sparse_attention,128,1024,64,16384,1,743.84
sparse_attention,128,1024,128,16,1,269.441
sparse_attention,128,1024,128,32,1,272.511
sparse_attention,128,1024,128,64,1,282.432
sparse_attention,128,1024,128,128,1,324.066
sparse_attention,128,1024,128,256,1,391.392
sparse_attention,128,1024,128,512,1,549.568
sparse_attention,128,1024,128,1024,1,824.29
sparse_attention,128,1024,128,2048,1,1281.63
sparse_attention,128,1024,128,4096,1,1253.83
sparse_attention,128,1024,128,8192,1,1245.83
sparse_attention,128,1024,128,16384,1,1250.34
sparse_attention,128,2048,0,0,1,359.84
sparse_attention,128,2048,1,16,1,375.426
sparse_attention,128,2048,1,32,1,374.881
sparse_attention,128,2048,1,64,1,373.376
sparse_attention,128,2048,1,128,1,378.56
sparse_attention,128,2048,1,256,1,379.008
sparse_attention,128,2048,1,512,1,383.713
sparse_attention,128,2048,1,1024,1,380.96
sparse_attention,128,2048,1,2048,1,389.087
sparse_attention,128,2048,1,4096,1,385.921
sparse_attention,128,2048,1,8192,1,384.514
sparse_attention,128,2048,1,16384,1,385.472
sparse_attention,128,2048,2,16,1,375.17
sparse_attention,128,2048,2,32,1,375.902
sparse_attention,128,2048,2,64,1,379.295
sparse_attention,128,2048,2,128,1,379.168
sparse_attention,128,2048,2,256,1,376.705
sparse_attention,128,2048,2,512,1,379.68
sparse_attention,128,2048,2,1024,1,383.199
sparse_attention,128,2048,2,2048,1,391.2
sparse_attention,128,2048,2,4096,1,393.12
sparse_attention,128,2048,2,8192,1,391.68
sparse_attention,128,2048,2,16384,1,390.112
sparse_attention,128,2048,4,16,1,379.104
sparse_attention,128,2048,4,32,1,381.088
sparse_attention,128,2048,4,64,1,383.552
sparse_attention,128,2048,4,128,1,383.839
sparse_attention,128,2048,4,256,1,382.464
sparse_attention,128,2048,4,512,1,386.786
sparse_attention,128,2048,4,1024,1,396.641
sparse_attention,128,2048,4,2048,1,412.321
sparse_attention,128,2048,4,4096,1,411.393
sparse_attention,128,2048,4,8192,1,412.096
sparse_attention,128,2048,4,16384,1,410.593
sparse_attention,128,2048,8,16,1,382.24
sparse_attention,128,2048,8,32,1,383.04
sparse_attention,128,2048,8,64,1,379.97
sparse_attention,128,2048,8,128,1,391.041
sparse_attention,128,2048,8,256,1,385.602
sparse_attention,128,2048,8,512,1,402.528
sparse_attention,128,2048,8,1024,1,417.76
sparse_attention,128,2048,8,2048,1,443.199
sparse_attention,128,2048,8,4096,1,444.479
sparse_attention,128,2048,8,8192,1,438.947
sparse_attention,128,2048,8,16384,1,436.672
sparse_attention,128,2048,16,16,1,382.787
sparse_attention,128,2048,16,32,1,385.761
sparse_attention,128,2048,16,64,1,383.712
sparse_attention,128,2048,16,128,1,396.321
sparse_attention,128,2048,16,256,1,400.098
sparse_attention,128,2048,16,512,1,417.119
sparse_attention,128,2048,16,1024,1,453.154
sparse_attention,128,2048,16,2048,1,506.401
sparse_attention,128,2048,16,4096,1,503.136
sparse_attention,128,2048,16,8192,1,504.705
sparse_attention,128,2048,16,16384,1,512.926
sparse_attention,128,2048,32,16,1,383.232
sparse_attention,128,2048,32,32,1,386.303
sparse_attention,128,2048,32,64,1,385.28
sparse_attention,128,2048,32,128,1,403.903
sparse_attention,128,2048,32,256,1,418.336
sparse_attention,128,2048,32,512,1,453.152
sparse_attention,128,2048,32,1024,1,518.019
sparse_attention,128,2048,32,2048,1,643.328
sparse_attention,128,2048,32,4096,1,645.057
sparse_attention,128,2048,32,8192,1,643.331
sparse_attention,128,2048,32,16384,1,627.488
sparse_attention,128,2048,64,16,1,393.346
sparse_attention,128,2048,64,32,1,394.849
sparse_attention,128,2048,64,64,1,404.671
sparse_attention,128,2048,64,128,1,424.479
sparse_attention,128,2048,64,256,1,458.913
sparse_attention,128,2048,64,512,1,519.935
sparse_attention,128,2048,64,1024,1,677.249
sparse_attention,128,2048,64,2048,1,916.515
sparse_attention,128,2048,64,4096,1,911.458
sparse_attention,128,2048,64,8192,1,896.736
sparse_attention,128,2048,64,16384,1,889.891
sparse_attention,128,2048,128,16,1,415.041
sparse_attention,128,2048,128,32,1,421.856
sparse_attention,128,2048,128,64,1,428.096
sparse_attention,128,2048,128,128,1,472.735
sparse_attention,128,2048,128,256,1,537.633
sparse_attention,128,2048,128,512,1,697.505
sparse_attention,128,2048,128,1024,1,972.321
sparse_attention,128,2048,128,2048,1,1429.18
sparse_attention,128,2048,128,4096,1,1398.66
sparse_attention,128,2048,128,8192,1,1393.89
sparse_attention,128,2048,128,16384,1,1399.01
sparse_attention,128,4096,0,0,1,361.344
sparse_attention,128,4096,1,16,1,377.602
sparse_attention,128,4096,1,32,1,380.322
sparse_attention,128,4096,1,64,1,379.136
sparse_attention,128,4096,1,128,1,377.218
sparse_attention,128,4096,1,256,1,380.288
sparse_attention,128,4096,1,512,1,377.312
sparse_attention,128,4096,1,1024,1,383.552
sparse_attention,128,4096,1,2048,1,384.448
sparse_attention,128,4096,1,4096,1,388.034
sparse_attention,128,4096,1,8192,1,386.912
sparse_attention,128,4096,1,16384,1,382.432
sparse_attention,128,4096,2,16,1,378.146
sparse_attention,128,4096,2,32,1,375.872
sparse_attention,128,4096,2,64,1,377.216
sparse_attention,128,4096,2,128,1,378.21
sparse_attention,128,4096,2,256,1,380.769
sparse_attention,128,4096,2,512,1,383.36
sparse_attention,128,4096,2,1024,1,384.929
sparse_attention,128,4096,2,2048,1,391.424
sparse_attention,128,4096,2,4096,1,394.272
sparse_attention,128,4096,2,8192,1,398.016
sparse_attention,128,4096,2,16384,1,394.752
sparse_attention,128,4096,4,16,1,381.921
sparse_attention,128,4096,4,32,1,379.264
sparse_attention,128,4096,4,64,1,382.144
sparse_attention,128,4096,4,128,1,382.754
sparse_attention,128,4096,4,256,1,382.145
sparse_attention,128,4096,4,512,1,389.408
sparse_attention,128,4096,4,1024,1,398.432
sparse_attention,128,4096,4,2048,1,411.552
sparse_attention,128,4096,4,4096,1,411.458
sparse_attention,128,4096,4,8192,1,410.945
sparse_attention,128,4096,4,16384,1,407.712
sparse_attention,128,4096,8,16,1,380.768
sparse_attention,128,4096,8,32,1,384.575
sparse_attention,128,4096,8,64,1,382.273
sparse_attention,128,4096,8,128,1,386.783
sparse_attention,128,4096,8,256,1,390.402
sparse_attention,128,4096,8,512,1,401.856
sparse_attention,128,4096,8,1024,1,422.753
sparse_attention,128,4096,8,2048,1,448.799
sparse_attention,128,4096,8,4096,1,446.209
sparse_attention,128,4096,8,8192,1,439.392
sparse_attention,128,4096,8,16384,1,442.655
sparse_attention,128,4096,16,16,1,386.528
sparse_attention,128,4096,16,32,1,383.809
sparse_attention,128,4096,16,64,1,385.57
sparse_attention,128,4096,16,128,1,396.415
sparse_attention,128,4096,16,256,1,404.001
sparse_attention,128,4096,16,512,1,420.129
sparse_attention,128,4096,16,1024,1,450.401
sparse_attention,128,4096,16,2048,1,511.871
sparse_attention,128,4096,16,4096,1,504.576
sparse_attention,128,4096,16,8192,1,505.503
sparse_attention,128,4096,16,16384,1,513.889
sparse_attention,128,4096,32,16,1,384.897
sparse_attention,128,4096,32,32,1,389.921
sparse_attention,128,4096,32,64,1,387.776
sparse_attention,128,4096,32,128,1,402.532
sparse_attention,128,4096,32,256,1,422.239
sparse_attention,128,4096,32,512,1,453.857
sparse_attention,128,4096,32,1024,1,520.352
sparse_attention,128,4096,32,2048,1,645.187
sparse_attention,128,4096,32,4096,1,644.288
sparse_attention,128,4096,32,8192,1,644.289
sparse_attention,128,4096,32,16384,1,634.881
sparse_attention,128,4096,64,16,1,395.007
sparse_attention,128,4096,64,32,1,398.56
sparse_attention,128,4096,64,64,1,406.208
sparse_attention,128,4096,64,128,1,422.335
sparse_attention,128,4096,64,256,1,459.971
sparse_attention,128,4096,64,512,1,523.808
sparse_attention,128,4096,64,1024,1,677.986
sparse_attention,128,4096,64,2048,1,914.465
sparse_attention,128,4096,64,4096,1,911.811
sparse_attention,128,4096,64,8192,1,896.832
sparse_attention,128,4096,64,16384,1,889.668
sparse_attention,128,4096,128,16,1,416.034
sparse_attention,128,4096,128,32,1,420.226
sparse_attention,128,4096,128,64,1,427.899
sparse_attention,128,4096,128,128,1,470.303
sparse_attention,128,4096,128,256,1,535.456
sparse_attention,128,4096,128,512,1,701.281
sparse_attention,128,4096,128,1024,1,971.776
sparse_attention,128,4096,128,2048,1,1427.46
sparse_attention,128,4096,128,4096,1,1399.04
sparse_attention,128,4096,128,8192,1,1396.61
sparse_attention,128,4096,128,16384,1,1397.66
sparse_attention,128,8192,0,0,1,364.864
sparse_attention,128,8192,1,16,1,382.722
sparse_attention,128,8192,1,32,1,378.721
sparse_attention,128,8192,1,64,1,381.631
sparse_attention,128,8192,1,128,1,378.785
sparse_attention,128,8192,1,256,1,382.56
sparse_attention,128,8192,1,512,1,378.945
sparse_attention,128,8192,1,1024,1,381.153
sparse_attention,128,8192,1,2048,1,385.502
sparse_attention,128,8192,1,4096,1,386.048
sparse_attention,128,8192,1,8192,1,384.769
sparse_attention,128,8192,1,16384,1,382.465
sparse_attention,128,8192,2,16,1,378.976
sparse_attention,128,8192,2,32,1,383.647
sparse_attention,128,8192,2,64,1,378.145
sparse_attention,128,8192,2,128,1,379.902
sparse_attention,128,8192,2,256,1,382.271
sparse_attention,128,8192,2,512,1,379.744
sparse_attention,128,8192,2,1024,1,388.864
sparse_attention,128,8192,2,2048,1,395.81
sparse_attention,128,8192,2,4096,1,399.68
sparse_attention,128,8192,2,8192,1,395.265
sparse_attention,128,8192,2,16384,1,391.551
sparse_attention,128,8192,4,16,1,381.759
sparse_attention,128,8192,4,32,1,384.671
sparse_attention,128,8192,4,64,1,383.071
sparse_attention,128,8192,4,128,1,383.008
sparse_attention,128,8192,4,256,1,384.319
sparse_attention,128,8192,4,512,1,387.904
sparse_attention,128,8192,4,1024,1,397.346
sparse_attention,128,8192,4,2048,1,409.952
sparse_attention,128,8192,4,4096,1,412.897
sparse_attention,128,8192,4,8192,1,410.689
sparse_attention,128,8192,4,16384,1,409.089
sparse_attention,128,8192,8,16,1,384.289
sparse_attention,128,8192,8,32,1,384.863
sparse_attention,128,8192,8,64,1,382.338
sparse_attention,128,8192,8,128,1,389.761
sparse_attention,128,8192,8,256,1,390.048
sparse_attention,128,8192,8,512,1,397.28
sparse_attention,128,8192,8,1024,1,418.816
sparse_attention,128,8192,8,2048,1,444.8
sparse_attention,128,8192,8,4096,1,444.831
sparse_attention,128,8192,8,8192,1,445.473
sparse_attention,128,8192,8,16384,1,438.784
sparse_attention,128,8192,16,16,1,387.647
sparse_attention,128,8192,16,32,1,384.032
sparse_attention,128,8192,16,64,1,393.316
sparse_attention,128,8192,16,128,1,396.512
sparse_attention,128,8192,16,256,1,403.362
sparse_attention,128,8192,16,512,1,419.84
sparse_attention,128,8192,16,1024,1,452.576
sparse_attention,128,8192,16,2048,1,508.354
sparse_attention,128,8192,16,4096,1,508.225
sparse_attention,128,8192,16,8192,1,509.089
sparse_attention,128,8192,16,16384,1,510.72
sparse_attention,128,8192,32,16,1,385.153
sparse_attention,128,8192,32,32,1,386.016
sparse_attention,128,8192,32,64,1,389.025
sparse_attention,128,8192,32,128,1,403.585
sparse_attention,128,8192,32,256,1,418.433
sparse_attention,128,8192,32,512,1,454.079
sparse_attention,128,8192,32,1024,1,515.874
sparse_attention,128,8192,32,2048,1,644.191
sparse_attention,128,8192,32,4096,1,644.641
sparse_attention,128,8192,32,8192,1,644.546
sparse_attention,128,8192,32,16384,1,632.704
sparse_attention,128,8192,64,16,1,397.727
sparse_attention,128,8192,64,32,1,396.96
sparse_attention,128,8192,64,64,1,407.712
sparse_attention,128,8192,64,128,1,426.722
sparse_attention,128,8192,64,256,1,457.857
sparse_attention,128,8192,64,512,1,523.615
sparse_attention,128,8192,64,1024,1,685.76
sparse_attention,128,8192,64,2048,1,918.176
sparse_attention,128,8192,64,4096,1,912.672
sparse_attention,128,8192,64,8192,1,895.968
sparse_attention,128,8192,64,16384,1,897.632
sparse_attention,128,8192,128,16,1,416.448
sparse_attention,128,8192,128,32,1,420.864
sparse_attention,128,8192,128,64,1,430.527
sparse_attention,128,8192,128,128,1,472.832
sparse_attention,128,8192,128,256,1,539.681
sparse_attention,128,8192,128,512,1,701.122
sparse_attention,128,8192,128,1024,1,981.826
sparse_attention,128,8192,128,2048,1,1430.02
sparse_attention,128,8192,128,4096,1,1403.65
sparse_attention,128,8192,128,8192,1,1398.95
sparse_attention,128,8192,128,16384,1,1398.34
sparse_attention,128,16384,0,0,1,362.848
sparse_attention,128,16384,1,16,1,380.16
sparse_attention,128,16384,1,32,1,378.177
sparse_attention,128,16384,1,64,1,377.408
sparse_attention,128,16384,1,128,1,379.171
sparse_attention,128,16384,1,256,1,380.066
sparse_attention,128,16384,1,512,1,378.529
sparse_attention,128,16384,1,1024,1,381.058
sparse_attention,128,16384,1,2048,1,386.433
sparse_attention,128,16384,1,4096,1,387.006
sparse_attention,128,16384,1,8192,1,383.616
sparse_attention,128,16384,1,16384,1,386.143
sparse_attention,128,16384,2,16,1,379.168
sparse_attention,128,16384,2,32,1,378.686
sparse_attention,128,16384,2,64,1,379.489
sparse_attention,128,16384,2,128,1,380.961
sparse_attention,128,16384,2,256,1,384.158
sparse_attention,128,16384,2,512,1,384.098
sparse_attention,128,16384,2,1024,1,384.927
sparse_attention,128,16384,2,2048,1,394.914
sparse_attention,128,16384,2,4096,1,392.479
sparse_attention,128,16384,2,8192,1,396.895
sparse_attention,128,16384,2,16384,1,393.184
sparse_attention,128,16384,4,16,1,384.415
sparse_attention,128,16384,4,32,1,383.36
sparse_attention,128,16384,4,64,1,385.568
sparse_attention,128,16384,4,128,1,384.897
sparse_attention,128,16384,4,256,1,386.274
sparse_attention,128,16384,4,512,1,388.8
sparse_attention,128,16384,4,1024,1,396.671
sparse_attention,128,16384,4,2048,1,413.985
sparse_attention,128,16384,4,4096,1,411.52
sparse_attention,128,16384,4,8192,1,413.44
sparse_attention,128,16384,4,16384,1,410.241
sparse_attention,128,16384,8,16,1,383.968
sparse_attention,128,16384,8,32,1,387.424
sparse_attention,128,16384,8,64,1,384.897
sparse_attention,128,16384,8,128,1,390.402
sparse_attention,128,16384,8,256,1,389.76
sparse_attention,128,16384,8,512,1,396.514
sparse_attention,128,16384,8,1024,1,414.719
sparse_attention,128,16384,8,2048,1,442.688
sparse_attention,128,16384,8,4096,1,441.056
sparse_attention,128,16384,8,8192,1,442.816
sparse_attention,128,16384,8,16384,1,447.842
sparse_attention,128,16384,16,16,1,386.497
sparse_attention,128,16384,16,32,1,383.392
sparse_attention,128,16384,16,64,1,385.919
sparse_attention,128,16384,16,128,1,390.947
sparse_attention,128,16384,16,256,1,403.328
sparse_attention,128,16384,16,512,1,417.248
sparse_attention,128,16384,16,1024,1,447.456
sparse_attention,128,16384,16,2048,1,508.77
sparse_attention,128,16384,16,4096,1,505.6
sparse_attention,128,16384,16,8192,1,506.498
sparse_attention,128,16384,16,16384,1,512.384
sparse_attention,128,16384,32,16,1,383.263
sparse_attention,128,16384,32,32,1,386.115
sparse_attention,128,16384,32,64,1,387.457
sparse_attention,128,16384,32,128,1,400
sparse_attention,128,16384,32,256,1,415.935
sparse_attention,128,16384,32,512,1,448.608
sparse_attention,128,16384,32,1024,1,517.312
sparse_attention,128,16384,32,2048,1,648.096
sparse_attention,128,16384,32,4096,1,647.168
sparse_attention,128,16384,32,8192,1,642.434
sparse_attention,128,16384,32,16384,1,629.249
sparse_attention,128,16384,64,16,1,395.904
sparse_attention,128,16384,64,32,1,395.519
sparse_attention,128,16384,64,64,1,403.968
sparse_attention,128,16384,64,128,1,421.793
sparse_attention,128,16384,64,256,1,461.279
sparse_attention,128,16384,64,512,1,522.144
sparse_attention,128,16384,64,1024,1,680.61
sparse_attention,128,16384,64,2048,1,921.503
sparse_attention,128,16384,64,4096,1,914.176
sparse_attention,128,16384,64,8192,1,894.911
sparse_attention,128,16384,64,16384,1,891.682
sparse_attention,128,16384,128,16,1,419.585
sparse_attention,128,16384,128,32,1,419.745
sparse_attention,128,16384,128,64,1,435.264
sparse_attention,128,16384,128,128,1,472.577
sparse_attention,128,16384,128,256,1,545.6
sparse_attention,128,16384,128,512,1,705.891
sparse_attention,128,16384,128,1024,1,970.625
sparse_attention,128,16384,128,2048,1,1429.48
sparse_attention,128,16384,128,4096,1,1401.25
sparse_attention,128,16384,128,8192,1,1399.43
sparse_attention,128,16384,128,16384,1,1400.83
sparse_attention,256,0,0,0,1,94.4
sparse_attention,256,0,1,16,1,109.375
sparse_attention,256,0,1,32,1,110.688
sparse_attention,256,0,1,64,1,111.073
sparse_attention,256,0,1,128,1,112.702
sparse_attention,256,0,1,256,1,111.263
sparse_attention,256,0,1,512,1,112.257
sparse_attention,256,0,1,1024,1,113.631
sparse_attention,256,0,1,2048,1,117.983
sparse_attention,256,0,1,4096,1,118.209
sparse_attention,256,0,1,8192,1,117.31
sparse_attention,256,0,1,16384,1,116.416
sparse_attention,256,0,2,16,1,109.504
sparse_attention,256,0,2,32,1,110.335
sparse_attention,256,0,2,64,1,110.336
sparse_attention,256,0,2,128,1,113.12
sparse_attention,256,0,2,256,1,111.744
sparse_attention,256,0,2,512,1,114.049
sparse_attention,256,0,2,1024,1,119.84
sparse_attention,256,0,2,2048,1,125.28
sparse_attention,256,0,2,4096,1,123.84
sparse_attention,256,0,2,8192,1,126.848
sparse_attention,256,0,2,16384,1,124.864
sparse_attention,256,0,4,16,1,115.36
sparse_attention,256,0,4,32,1,115.904
sparse_attention,256,0,4,64,1,115.393
sparse_attention,256,0,4,128,1,117.154
sparse_attention,256,0,4,256,1,117.408
sparse_attention,256,0,4,512,1,120.512
sparse_attention,256,0,4,1024,1,129.281
sparse_attention,256,0,4,2048,1,143.648
sparse_attention,256,0,4,4096,1,143.805
sparse_attention,256,0,4,8192,1,142.688
sparse_attention,256,0,4,16384,1,144.383
sparse_attention,256,0,8,16,1,115.552
sparse_attention,256,0,8,32,1,116.384
sparse_attention,256,0,8,64,1,118.209
sparse_attention,256,0,8,128,1,120.832
sparse_attention,256,0,8,256,1,122.175
sparse_attention,256,0,8,512,1,130.913
sparse_attention,256,0,8,1024,1,147.36
sparse_attention,256,0,8,2048,1,178.719
sparse_attention,256,0,8,4096,1,178.144
sparse_attention,256,0,8,8192,1,176.833
sparse_attention,256,0,8,16384,1,177.728
sparse_attention,256,0,16,16,1,116.577
sparse_attention,256,0,16,32,1,117.889
sparse_attention,256,0,16,64,1,118.687
sparse_attention,256,0,16,128,1,126.049
sparse_attention,256,0,16,256,1,135.776
sparse_attention,256,0,16,512,1,149.537
sparse_attention,256,0,16,1024,1,183.104
sparse_attention,256,0,16,2048,1,243.231
sparse_attention,256,0,16,4096,1,243.457
sparse_attention,256,0,16,8192,1,243.969
sparse_attention,256,0,16,16384,1,256.352
sparse_attention,256,0,32,16,1,117.438
sparse_attention,256,0,32,32,1,118.688
sparse_attention,256,0,32,64,1,121.312
sparse_attention,256,0,32,128,1,135.425
sparse_attention,256,0,32,256,1,152.129
sparse_attention,256,0,32,512,1,187.649
sparse_attention,256,0,32,1024,1,254.624
sparse_attention,256,0,32,2048,1,395.777
sparse_attention,256,0,32,4096,1,396.705
sparse_attention,256,0,32,8192,1,397.599
sparse_attention,256,0,32,16384,1,373.825
sparse_attention,256,0,64,16,1,129.184
sparse_attention,256,0,64,32,1,131.361
sparse_attention,256,0,64,64,1,138.016
sparse_attention,256,0,64,128,1,158.751
sparse_attention,256,0,64,256,1,192
sparse_attention,256,0,64,512,1,259.648
sparse_attention,256,0,64,1024,1,428.383
sparse_attention,256,0,64,2048,1,665.568
sparse_attention,256,0,64,4096,1,663.617
sparse_attention,256,0,64,8192,1,638.272
sparse_attention,256,0,64,16384,1,628.768
sparse_attention,256,0,128,16,1,149.6
sparse_attention,256,0,128,32,1,154.56
sparse_attention,256,0,128,64,1,166.978
sparse_attention,256,0,128,128,1,206.498
sparse_attention,256,0,128,256,1,278.946
sparse_attention,256,0,128,512,1,447.904
sparse_attention,256,0,128,1024,1,722.817
sparse_attention,256,0,128,2048,1,1177.31
sparse_attention,256,0,128,4096,1,1143.65
sparse_attention,256,0,128,8192,1,1135.23
sparse_attention,256,0,128,16384,1,1136.51
sparse_attention,256,16,0,0,1,103.904
sparse_attention,256,16,1,16,1,119.232
sparse_attention,256,16,1,32,1,119.296
sparse_attention,256,16,1,64,1,120.32
sparse_attention,256,16,1,128,1,121.566
sparse_attention,256,16,1,256,1,121.95
sparse_attention,256,16,1,512,1,122.272
sparse_attention,256,16,1,1024,1,123.488
sparse_attention,256,16,1,2048,1,126.913
sparse_attention,256,16,1,4096,1,126.879
sparse_attention,256,16,1,8192,1,125.601
sparse_attention,256,16,1,16384,1,126.688
sparse_attention,256,16,2,16,1,119.231
sparse_attention,256,16,2,32,1,120.64
sparse_attention,256,16,2,64,1,119.266
sparse_attention,256,16,2,128,1,121.856
sparse_attention,256,16,2,256,1,121.727
sparse_attention,256,16,2,512,1,122.56
sparse_attention,256,16,2,1024,1,128.161
sparse_attention,256,16,2,2048,1,134.079
sparse_attention,256,16,2,4096,1,135.456
sparse_attention,256,16,2,8192,1,133.89
sparse_attention,256,16,2,16384,1,135.329
sparse_attention,256,16,4,16,1,123.521
sparse_attention,256,16,4,32,1,124.257
sparse_attention,256,16,4,64,1,123.295
sparse_attention,256,16,4,128,1,126.304
sparse_attention,256,16,4,256,1,126.337
sparse_attention,256,16,4,512,1,129.856
sparse_attention,256,16,4,1024,1,137.856
sparse_attention,256,16,4,2048,1,153.119
sparse_attention,256,16,4,4096,1,153.6
sparse_attention,256,16,4,8192,1,154.08
sparse_attention,256,16,4,16384,1,152.351
sparse_attention,256,16,8,16,1,125.665
sparse_attention,256,16,8,32,1,125.695
sparse_attention,256,16,8,64,1,126.209
sparse_attention,256,16,8,128,1,130.943
sparse_attention,256,16,8,256,1,131.454
sparse_attention,256,16,8,512,1,140.769
sparse_attention,256,16,8,1024,1,156.575
sparse_attention,256,16,8,2048,1,186.976
sparse_attention,256,16,8,4096,1,187.039
sparse_attention,256,16,8,8192,1,187.328
sparse_attention,256,16,8,16384,1,188.352
sparse_attention,256,16,16,16,1,126.945
sparse_attention,256,16,16,32,1,127.749
sparse_attention,256,16,16,64,1,128.93
sparse_attention,256,16,16,128,1,135.008
sparse_attention,256,16,16,256,1,145.407
sparse_attention,256,16,16,512,1,158.017
sparse_attention,256,16,16,1024,1,193.279
sparse_attention,256,16,16,2048,1,252.064
sparse_attention,256,16,16,4096,1,252.063
sparse_attention,256,16,16,8192,1,253.92
sparse_attention,256,16,16,16384,1,266.913
sparse_attention,256,16,32,16,1,126.113
sparse_attention,256,16,32,32,1,127.455
sparse_attention,256,16,32,64,1,130.048
sparse_attention,256,16,32,128,1,145.345
sparse_attention,256,16,32,256,1,160.897
sparse_attention,256,16,32,512,1,194.817
sparse_attention,256,16,32,1024,1,263.554
sparse_attention,256,16,32,2048,1,406.116
sparse_attention,256,16,32,4096,1,405.153
sparse_attention,256,16,32,8192,1,407.586
sparse_attention,256,16,32,16384,1,382.594
sparse_attention,256,16,64,16,1,137.859
sparse_attention,256,16,64,32,1,140.128
sparse_attention,256,16,64,64,1,147.648
sparse_attention,256,16,64,128,1,168.353
sparse_attention,256,16,64,256,1,202.05
sparse_attention,256,16,64,512,1,269.95
sparse_attention,256,16,64,1024,1,436.576
sparse_attention,256,16,64,2048,1,674.689
sparse_attention,256,16,64,4096,1,673.599
sparse_attention,256,16,64,8192,1,645.664
sparse_attention,256,16,64,16384,1,637.857
sparse_attention,256,16,128,16,1,159.488
sparse_attention,256,16,128,32,1,165.187
sparse_attention,256,16,128,64,1,175.006
sparse_attention,256,16,128,128,1,215.584
sparse_attention,256,16,128,256,1,287.104
sparse_attention,256,16,128,512,1,458.241
sparse_attention,256,16,128,1024,1,730.945
sparse_attention,256,16,128,2048,1,1185.19
sparse_attention,256,16,128,4096,1,1153.38
sparse_attention,256,16,128,8192,1,1144.1
sparse_attention,256,16,128,16384,1,1144.23
sparse_attention,256,32,0,0,1,109.12
sparse_attention,256,32,1,16,1,124.033
sparse_attention,256,32,1,32,1,123.808
sparse_attention,256,32,1,64,1,125.151
sparse_attention,256,32,1,128,1,126.817
sparse_attention,256,32,1,256,1,126.402
sparse_attention,256,32,1,512,1,127.073
sparse_attention,256,32,1,1024,1,128.192
sparse_attention,256,32,1,2048,1,130.561
sparse_attention,256,32,1,4096,1,132.674
sparse_attention,256,32,1,8192,1,132.001
sparse_attention,256,32,1,16384,1,130.144
sparse_attention,256,32,2,16,1,122.654
sparse_attention,256,32,2,32,1,124.577
sparse_attention,256,32,2,64,1,124.257
sparse_attention,256,32,2,128,1,126.21
sparse_attention,256,32,2,256,1,126.656
sparse_attention,256,32,2,512,1,126.624
sparse_attention,256,32,2,1024,1,131.359
sparse_attention,256,32,2,2048,1,138.433
sparse_attention,256,32,2,4096,1,138.879
sparse_attention,256,32,2,8192,1,139.583
sparse_attention,256,32,2,16384,1,139.296
sparse_attention,256,32,4,16,1,128.769
sparse_attention,256,32,4,32,1,129.087
sparse_attention,256,32,4,64,1,129.664
sparse_attention,256,32,4,128,1,130.465
sparse_attention,256,32,4,256,1,130.785
sparse_attention,256,32,4,512,1,134.238
sparse_attention,256,32,4,1024,1,141.44
sparse_attention,256,32,4,2048,1,159.263
sparse_attention,256,32,4,4096,1,158.594
sparse_attention,256,32,4,8192,1,157.922
sparse_attention,256,32,4,16384,1,158.144
sparse_attention,256,32,8,16,1,129.856
sparse_attention,256,32,8,32,1,131.039
sparse_attention,256,32,8,64,1,131.296
sparse_attention,256,32,8,128,1,136.32
sparse_attention,256,32,8,256,1,136.863
sparse_attention,256,32,8,512,1,145.632
sparse_attention,256,32,8,1024,1,162.913
sparse_attention,256,32,8,2048,1,191.87
sparse_attention,256,32,8,4096,1,191.007
sparse_attention,256,32,8,8192,1,192.16
sparse_attention,256,32,8,16384,1,191.295
sparse_attention,256,32,16,16,1,130.847
sparse_attention,256,32,16,32,1,131.776
sparse_attention,256,32,16,64,1,131.584
sparse_attention,256,32,16,128,1,139.362
sparse_attention,256,32,16,256,1,148.859
sparse_attention,256,32,16,512,1,163.104
sparse_attention,256,32,16,1024,1,197.088
sparse_attention,256,32,16,2048,1,257.664
sparse_attention,256,32,16,4096,1,257.344
sparse_attention,256,32,16,8192,1,258.88
sparse_attention,256,32,16,16384,1,270.946
sparse_attention,256,32,32,16,1,131.231
sparse_attention,256,32,32,32,1,131.072
sparse_attention,256,32,32,64,1,135.36
sparse_attention,256,32,32,128,1,150.304
sparse_attention,256,32,32,256,1,166.593
sparse_attention,256,32,32,512,1,200.8
sparse_attention,256,32,32,1024,1,267.808
sparse_attention,256,32,32,2048,1,410.017
sparse_attention,256,32,32,4096,1,410.145
sparse_attention,256,32,32,8192,1,409.472
sparse_attention,256,32,32,16384,1,386.943
sparse_attention,256,32,64,16,1,143.232
sparse_attention,256,32,64,32,1,144.448
sparse_attention,256,32,64,64,1,151.841
sparse_attention,256,32,64,128,1,173.728
sparse_attention,256,32,64,256,1,206.305
sparse_attention,256,32,64,512,1,275.84
sparse_attention,256,32,64,1024,1,439.043
sparse_attention,256,32,64,2048,1,678.656
sparse_attention,256,32,64,4096,1,679.232
sparse_attention,256,32,64,8192,1,651.746
sparse_attention,256,32,64,16384,1,641.376
sparse_attention,256,32,128,16,1,164.64
sparse_attention,256,32,128,32,1,168.768
sparse_attention,256,32,128,64,1,181.376
sparse_attention,256,32,128,128,1,220.576
sparse_attention,256,32,128,256,1,292.515
sparse_attention,256,32,128,512,1,461.823
sparse_attention,256,32,128,1024,1,736.131
sparse_attention,256,32,128,2048,1,1190.43
sparse_attention,256,32,128,4096,1,1156.39
sparse_attention,256,32,128,8192,1,1150.27
sparse_attention,256,32,128,16384,1,1147.49
sparse_attention,256,64,0,0,1,114.977
sparse_attention,256,64,1,16,1,130.688
sparse_attention,256,64,1,32,1,130.56
sparse_attention,256,64,1,64,1,130.177
sparse_attention,256,64,1,128,1,133.472
sparse_attention,256,64,1,256,1,132.736
sparse_attention,256,64,1,512,1,132.288
sparse_attention,256,64,1,1024,1,133.279
sparse_attention,256,64,1,2048,1,138.368
sparse_attention,256,64,1,4096,1,138.976
sparse_attention,256,64,1,8192,1,137.984
sparse_attention,256,64,1,16384,1,136.896
sparse_attention,256,64,2,16,1,131.424
sparse_attention,256,64,2,32,1,130.176
sparse_attention,256,64,2,64,1,131.329
sparse_attention,256,64,2,128,1,132.002
sparse_attention,256,64,2,256,1,132.927
sparse_attention,256,64,2,512,1,134.209
sparse_attention,256,64,2,1024,1,138.113
sparse_attention,256,64,2,2048,1,145.73
sparse_attention,256,64,2,4096,1,145.25
sparse_attention,256,64,2,8192,1,145.857
sparse_attention,256,64,2,16384,1,146.496
sparse_attention,256,64,4,16,1,135.264
sparse_attention,256,64,4,32,1,135.168
sparse_attention,256,64,4,64,1,135.17
sparse_attention,256,64,4,128,1,138.433
sparse_attention,256,64,4,256,1,136.992
sparse_attention,256,64,4,512,1,141.024
sparse_attention,256,64,4,1024,1,147.936
sparse_attention,256,64,4,2048,1,165.984
sparse_attention,256,64,4,4096,1,164.319
sparse_attention,256,64,4,8192,1,165.311
sparse_attention,256,64,4,16384,1,164.736
sparse_attention,256,64,8,16,1,136.354
sparse_attention,256,64,8,32,1,137.249
sparse_attention,256,64,8,64,1,137.376
sparse_attention,256,64,8,128,1,142.912
sparse_attention,256,64,8,256,1,143.136
sparse_attention,256,64,8,512,1,151.841
sparse_attention,256,64,8,1024,1,168.48
sparse_attention,256,64,8,2048,1,197.921
sparse_attention,256,64,8,4096,1,197.665
sparse_attention,256,64,8,8192,1,197.567
sparse_attention,256,64,8,16384,1,196.451
sparse_attention,256,64,16,16,1,137.952
sparse_attention,256,64,16,32,1,138.336
sparse_attention,256,64,16,64,1,137.855
sparse_attention,256,64,16,128,1,145.664
sparse_attention,256,64,16,256,1,156.35
sparse_attention,256,64,16,512,1,169.025
sparse_attention,256,64,16,1024,1,204.095
sparse_attention,256,64,16,2048,1,263.839
sparse_attention,256,64,16,4096,1,263.36
sparse_attention,256,64,16,8192,1,264.928
sparse_attention,256,64,16,16384,1,277.856
sparse_attention,256,64,32,16,1,138.141
sparse_attention,256,64,32,32,1,138.944
sparse_attention,256,64,32,64,1,142.368
sparse_attention,256,64,32,128,1,155.457
sparse_attention,256,64,32,256,1,172.384
sparse_attention,256,64,32,512,1,207.326
sparse_attention,256,64,32,1024,1,273.792
sparse_attention,256,64,32,2048,1,418.945
sparse_attention,256,64,32,4096,1,417.539
sparse_attention,256,64,32,8192,1,417.248
sparse_attention,256,64,32,16384,1,395.647
sparse_attention,256,64,64,16,1,150.114
sparse_attention,256,64,64,32,1,151.744
sparse_attention,256,64,64,64,1,158.239
sparse_attention,256,64,64,128,1,179.808
sparse_attention,256,64,64,256,1,212.513
sparse_attention,256,64,64,512,1,281.857
sparse_attention,256,64,64,1024,1,446.079
sparse_attention,256,64,64,2048,1,687.715
sparse_attention,256,64,64,4096,1,686.659
sparse_attention,256,64,64,8192,1,657.762
sparse_attention,256,64,64,16384,1,649.41
sparse_attention,256,64,128,16,1,170.334
sparse_attention,256,64,128,32,1,176.416
sparse_attention,256,64,128,64,1,187.488
sparse_attention,256,64,128,128,1,227.104
sparse_attention,256,64,128,256,1,298.879
sparse_attention,256,64,128,512,1,471.522
sparse_attention,256,64,128,1024,1,742.753
sparse_attention,256,64,128,2048,1,1196.77
sparse_attention,256,64,128,4096,1,1164.35
sparse_attention,256,64,128,8192,1,1156.58
sparse_attention,256,64,128,16384,1,1155.39
sparse_attention,256,128,0,0,1,136.704
sparse_attention,256,128,1,16,1,152.768
sparse_attention,256,128,1,32,1,152.159
sparse_attention,256,128,1,64,1,152.224
sparse_attention,256,128,1,128,1,152.898
sparse_attention,256,128,1,256,1,154.496
sparse_attention,256,128,1,512,1,154.659
sparse_attention,256,128,1,1024,1,154.976
sparse_attention,256,128,1,2048,1,158.304
sparse_attention,256,128,1,4096,1,161.12
sparse_attention,256,128,1,8192,1,159.041
sparse_attention,256,128,1,16384,1,159.776
sparse_attention,256,128,2,16,1,151.904
sparse_attention,256,128,2,32,1,153.313
sparse_attention,256,128,2,64,1,152.929
sparse_attention,256,128,2,128,1,155.392
sparse_attention,256,128,2,256,1,155.904
sparse_attention,256,128,2,512,1,156.16
sparse_attention,256,128,2,1024,1,160.511
sparse_attention,256,128,2,2048,1,168.802
sparse_attention,256,128,2,4096,1,168.002
sparse_attention,256,128,2,8192,1,167.839
sparse_attention,256,128,2,16384,1,168.352
sparse_attention,256,128,4,16,1,156.352
sparse_attention,256,128,4,32,1,156.322
sparse_attention,256,128,4,64,1,158.592
sparse_attention,256,128,4,128,1,158.69
sparse_attention,256,128,4,256,1,158.975
sparse_attention,256,128,4,512,1,162.88
sparse_attention,256,128,4,1024,1,171.679
sparse_attention,256,128,4,2048,1,185.215
sparse_attention,256,128,4,4096,1,187.296
sparse_attention,256,128,4,8192,1,185.919
sparse_attention,256,128,4,16384,1,185.826
sparse_attention,256,128,8,16,1,157.088
sparse_attention,256,128,8,32,1,158.657
sparse_attention,256,128,8,64,1,158.72
sparse_attention,256,128,8,128,1,163.745
sparse_attention,256,128,8,256,1,163.935
sparse_attention,256,128,8,512,1,172.482
sparse_attention,256,128,8,1024,1,189.282
sparse_attention,256,128,8,2048,1,221.314
sparse_attention,256,128,8,4096,1,219.871
sparse_attention,256,128,8,8192,1,219.395
sparse_attention,256,128,8,16384,1,218.752
sparse_attention,256,128,16,16,1,158.463
sparse_attention,256,128,16,32,1,159.807
sparse_attention,256,128,16,64,1,159.169
sparse_attention,256,128,16,128,1,168.001
sparse_attention,256,128,16,256,1,177.377
sparse_attention,256,128,16,512,1,190.272
sparse_attention,256,128,16,1024,1,225.152
sparse_attention,256,128,16,2048,1,284.961
sparse_attention,256,128,16,4096,1,284.672
sparse_attention,256,128,16,8192,1,286.848
sparse_attention,256,128,16,16384,1,300.928
sparse_attention,256,128,32,16,1,159.584
sparse_attention,256,128,32,32,1,158.207
sparse_attention,256,128,32,64,1,164.352
sparse_attention,256,128,32,128,1,176.032
sparse_attention,256,128,32,256,1,194.624
sparse_attention,256,128,32,512,1,229.6
sparse_attention,256,128,32,1024,1,296.161
sparse_attention,256,128,32,2048,1,438.784
sparse_attention,256,128,32,4096,1,439.489
sparse_attention,256,128,32,8192,1,441.28
sparse_attention,256,128,32,16384,1,414.336
sparse_attention,256,128,64,16,1,170.272
sparse_attention,256,128,64,32,1,175.553
sparse_attention,256,128,64,64,1,179.712
sparse_attention,256,128,64,128,1,201.409
sparse_attention,256,128,64,256,1,233.408
sparse_attention,256,128,64,512,1,302.624
sparse_attention,256,128,64,1024,1,468.002
sparse_attention,256,128,64,2048,1,709.088
sparse_attention,256,128,64,4096,1,707.489
sparse_attention,256,128,64,8192,1,679.809
sparse_attention,256,128,64,16384,1,670.625
sparse_attention,256,128,128,16,1,192.675
sparse_attention,256,128,128,32,1,196.162
sparse_attention,256,128,128,64,1,208.031
sparse_attention,256,128,128,128,1,247.294
sparse_attention,256,128,128,256,1,318.464
sparse_attention,256,128,128,512,1,491.838
sparse_attention,256,128,128,1024,1,763.585
sparse_attention,256,128,128,2048,1,1217.19
sparse_attention,256,128,128,4096,1,1185.7
sparse_attention,256,128,128,8192,1,1177.16
sparse_attention,256,128,128,16384,1,1177.83
sparse_attention,256,256,0,0,1,178.145
sparse_attention,256,256,1,16,1,194.048
sparse_attention,256,256,1,32,1,194.176
sparse_attention,256,256,1,64,1,194.368
sparse_attention,256,256,1,128,1,195.072
sparse_attention,256,256,1,256,1,195.712
sparse_attention,256,256,1,512,1,195.072
sparse_attention,256,256,1,1024,1,197.633
sparse_attention,256,256,1,2048,1,201.344
sparse_attention,256,256,1,4096,1,202.497
sparse_attention,256,256,1,8192,1,201.888
sparse_attention,256,256,1,16384,1,201.918
sparse_attention,256,256,2,16,1,192.768
sparse_attention,256,256,2,32,1,195.296
sparse_attention,256,256,2,64,1,195.232
sparse_attention,256,256,2,128,1,194.945
sparse_attention,256,256,2,256,1,197.215
sparse_attention,256,256,2,512,1,196.608
sparse_attention,256,256,2,1024,1,201.983
sparse_attention,256,256,2,2048,1,209.888
sparse_attention,256,256,2,4096,1,209.507
sparse_attention,256,256,2,8192,1,210.881
sparse_attention,256,256,2,16384,1,209.376
sparse_attention,256,256,4,16,1,197.216
sparse_attention,256,256,4,32,1,197.376
sparse_attention,256,256,4,64,1,198.945
sparse_attention,256,256,4,128,1,200.989
sparse_attention,256,256,4,256,1,200.863
sparse_attention,256,256,4,512,1,203.679
sparse_attention,256,256,4,1024,1,212.48
sparse_attention,256,256,4,2048,1,227.488
sparse_attention,256,256,4,4096,1,226.656
sparse_attention,256,256,4,8192,1,228.096
sparse_attention,256,256,4,16384,1,227.456
sparse_attention,256,256,8,16,1,199.008
sparse_attention,256,256,8,32,1,199.136
sparse_attention,256,256,8,64,1,200
sparse_attention,256,256,8,128,1,206.465
sparse_attention,256,256,8,256,1,207.104
sparse_attention,256,256,8,512,1,214.879
sparse_attention,256,256,8,1024,1,231.745
sparse_attention,256,256,8,2048,1,262.017
sparse_attention,256,256,8,4096,1,260.13
sparse_attention,256,256,8,8192,1,260.321
sparse_attention,256,256,8,16384,1,260.447
sparse_attention,256,256,16,16,1,200.865
sparse_attention,256,256,16,32,1,199.905
sparse_attention,256,256,16,64,1,202.688
sparse_attention,256,256,16,128,1,210.721
sparse_attention,256,256,16,256,1,220.159
sparse_attention,256,256,16,512,1,232.959
sparse_attention,256,256,16,1024,1,267.329
sparse_attention,256,256,16,2048,1,326.049
sparse_attention,256,256,16,4096,1,328.319
sparse_attention,256,256,16,8192,1,326.656
sparse_attention,256,256,16,16384,1,340.864
sparse_attention,256,256,32,16,1,201.921
sparse_attention,256,256,32,32,1,201.696
sparse_attention,256,256,32,64,1,205.119
sparse_attention,256,256,32,128,1,219.167
sparse_attention,256,256,32,256,1,236.097
sparse_attention,256,256,32,512,1,270.24
sparse_attention,256,256,32,1024,1,337.119
sparse_attention,256,256,32,2048,1,478.624
sparse_attention,256,256,32,4096,1,477.632
sparse_attention,256,256,32,8192,1,481.983
sparse_attention,256,256,32,16384,1,454.88
sparse_attention,256,256,64,16,1,212.288
sparse_attention,256,256,64,32,1,214.976
sparse_attention,256,256,64,64,1,220.514
sparse_attention,256,256,64,128,1,242.272
sparse_attention,256,256,64,256,1,275.328
sparse_attention,256,256,64,512,1,343.52
sparse_attention,256,256,64,1024,1,508.223
sparse_attention,256,256,64,2048,1,749.376
sparse_attention,256,256,64,4096,1,749.891
sparse_attention,256,256,64,8192,1,721.441
sparse_attention,256,256,64,16384,1,709.409
sparse_attention,256,256,128,16,1,233.024
sparse_attention,256,256,128,32,1,236.672
sparse_attention,256,256,128,64,1,250.4
sparse_attention,256,256,128,128,1,289.313
sparse_attention,256,256,128,256,1,360.993
sparse_attention,256,256,128,512,1,529.983
sparse_attention,256,256,128,1024,1,807.042
sparse_attention,256,256,128,2048,1,1257.28
sparse_attention,256,256,128,4096,1,1226.34
sparse_attention,256,256,128,8192,1,1218.88
sparse_attention,256,256,128,16384,1,1218.2
sparse_attention,256,512,0,0,1,261.408
sparse_attention,256,512,1,16,1,277.28
sparse_attention,256,512,1,32,1,275.937
sparse_attention,256,512,1,64,1,277.632
sparse_attention,256,512,1,128,1,278.945
sparse_attention,256,512,1,256,1,275.745
sparse_attention,256,512,1,512,1,277.409
sparse_attention,256,512,1,1024,1,280.417
sparse_attention,256,512,1,2048,1,282.594
sparse_attention,256,512,1,4096,1,282.304
sparse_attention,256,512,1,8192,1,286.273
sparse_attention,256,512,1,16384,1,283.744
sparse_attention,256,512,2,16,1,275.871
sparse_attention,256,512,2,32,1,277.41
sparse_attention,256,512,2,64,1,275.489
sparse_attention,256,512,2,128,1,279.68
sparse_attention,256,512,2,256,1,277.664
sparse_attention,256,512,2,512,1,280.321
sparse_attention,256,512,2,1024,1,283.392
sparse_attention,256,512,2,2048,1,290.656
sparse_attention,256,512,2,4096,1,291.455
sparse_attention,256,512,2,8192,1,292.322
sparse_attention,256,512,2,16384,1,291.711
sparse_attention,256,512,4,16,1,279.712
sparse_attention,256,512,4,32,1,280.352
sparse_attention,256,512,4,64,1,280.992
sparse_attention,256,512,4,128,1,283.008
sparse_attention,256,512,4,256,1,282.24
sparse_attention,256,512,4,512,1,286.879
sparse_attention,256,512,4,1024,1,295.074
sparse_attention,256,512,4,2048,1,308.483
sparse_attention,256,512,4,4096,1,310.592
sparse_attention,256,512,4,8192,1,310.849
sparse_attention,256,512,4,16384,1,309.472
sparse_attention,256,512,8,16,1,281.728
sparse_attention,256,512,8,32,1,280.799
sparse_attention,256,512,8,64,1,283.297
sparse_attention,256,512,8,128,1,286.817
sparse_attention,256,512,8,256,1,287.361
sparse_attention,256,512,8,512,1,297.278
sparse_attention,256,512,8,1024,1,314.208
sparse_attention,256,512,8,2048,1,345.023
sparse_attention,256,512,8,4096,1,345.054
sparse_attention,256,512,8,8192,1,343.296
sparse_attention,256,512,8,16384,1,344.318
sparse_attention,256,512,16,16,1,282.848
sparse_attention,256,512,16,32,1,284.48
sparse_attention,256,512,16,64,1,284.481
sparse_attention,256,512,16,128,1,291.52
sparse_attention,256,512,16,256,1,301.535
sparse_attention,256,512,16,512,1,316.288
sparse_attention,256,512,16,1024,1,350.21
sparse_attention,256,512,16,2048,1,407.107
sparse_attention,256,512,16,4096,1,409.951
sparse_attention,256,512,16,8192,1,408.831
sparse_attention,256,512,16,16384,1,420.864
sparse_attention,256,512,32,16,1,284.416
sparse_attention,256,512,32,32,1,285.057
sparse_attention,256,512,32,64,1,288.577
sparse_attention,256,512,32,128,1,300.543
sparse_attention,256,512,32,256,1,317.698
sparse_attention,256,512,32,512,1,354.4
sparse_attention,256,512,32,1024,1,417.76
sparse_attention,256,512,32,2048,1,558.304
sparse_attention,256,512,32,4096,1,559.072
sparse_attention,256,512,32,8192,1,561.506
sparse_attention,256,512,32,16384,1,538.018
sparse_attention,256,512,64,16,1,295.04
sparse_attention,256,512,64,32,1,295.616
sparse_attention,256,512,64,64,1,302.464
sparse_attention,256,512,64,128,1,325.794
sparse_attention,256,512,64,256,1,360.127
sparse_attention,256,512,64,512,1,425.439
sparse_attention,256,512,64,1024,1,588.351
sparse_attention,256,512,64,2048,1,830.176
sparse_attention,256,512,64,4096,1,830.24
sparse_attention,256,512,64,8192,1,802.368
sparse_attention,256,512,64,16384,1,791.299
sparse_attention,256,512,128,16,1,314.434
sparse_attention,256,512,128,32,1,320.16
sparse_attention,256,512,128,64,1,332.48
sparse_attention,256,512,128,128,1,369.439
sparse_attention,256,512,128,256,1,441.054
sparse_attention,256,512,128,512,1,613.024
sparse_attention,256,512,128,1024,1,889.249
sparse_attention,256,512,128,2048,1,1341.22
sparse_attention,256,512,128,4096,1,1309.41
sparse_attention,256,512,128,8192,1,1297.7
sparse_attention,256,512,128,16384,1,1299.84
sparse_attention,256,1024,0,0,1,430.432
sparse_attention,256,1024,1,16,1,444.289
sparse_attention,256,1024,1,32,1,444.161
sparse_attention,256,1024,1,64,1,446.144
sparse_attention,256,1024,1,128,1,445.761
sparse_attention,256,1024,1,256,1,444.672
sparse_attention,256,1024,1,512,1,445.727
sparse_attention,256,1024,1,1024,1,448.735
sparse_attention,256,1024,1,2048,1,452.099
sparse_attention,256,1024,1,4096,1,451.614
sparse_attention,256,1024,1,8192,1,452.896
sparse_attention,256,1024,1,16384,1,450.847
sparse_attention,256,1024,2,16,1,444.096
sparse_attention,256,1024,2,32,1,444.48
sparse_attention,256,1024,2,64,1,443.264
sparse_attention,256,1024,2,128,1,446.657
sparse_attention,256,1024,2,256,1,443.425
sparse_attention,256,1024,2,512,1,448.223
sparse_attention,256,1024,2,1024,1,451.328
sparse_attention,256,1024,2,2048,1,461.249
sparse_attention,256,1024,2,4096,1,459.969
sparse_attention,256,1024,2,8192,1,459.936
sparse_attention,256,1024,2,16384,1,457.568
sparse_attention,256,1024,4,16,1,450.562
sparse_attention,256,1024,4,32,1,445.697
sparse_attention,256,1024,4,64,1,448.224
sparse_attention,256,1024,4,128,1,448.801
sparse_attention,256,1024,4,256,1,449.535
sparse_attention,256,1024,4,512,1,456.544
sparse_attention,256,1024,4,1024,1,459.808
sparse_attention,256,1024,4,2048,1,479.361
sparse_attention,256,1024,4,4096,1,478.497
sparse_attention,256,1024,4,8192,1,477.89
sparse_attention,256,1024,4,16384,1,476.162
sparse_attention,256,1024,8,16,1,449.952
sparse_attention,256,1024,8,32,1,452.897
sparse_attention,256,1024,8,64,1,449.058
sparse_attention,256,1024,8,128,1,454.274
sparse_attention,256,1024,8,256,1,455.554
sparse_attention,256,1024,8,512,1,464.128
sparse_attention,256,1024,8,1024,1,485.121
sparse_attention,256,1024,8,2048,1,510.05
sparse_attention,256,1024,8,4096,1,508.065
sparse_attention,256,1024,8,8192,1,510.56
sparse_attention,256,1024,8,16384,1,510.049
sparse_attention,256,1024,16,16,1,451.84
sparse_attention,256,1024,16,32,1,452.897
sparse_attention,256,1024,16,64,1,450.434
sparse_attention,256,1024,16,128,1,457.761
sparse_attention,256,1024,16,256,1,469.057
sparse_attention,256,1024,16,512,1,481.761
sparse_attention,256,1024,16,1024,1,515.233
sparse_attention,256,1024,16,2048,1,579.039
sparse_attention,256,1024,16,4096,1,572.705
sparse_attention,256,1024,16,8192,1,575.616
sparse_attention,256,1024,16,16384,1,586.24
sparse_attention,256,1024,32,16,1,450.432
sparse_attention,256,1024,32,32,1,452.703
sparse_attention,256,1024,32,64,1,457.312
sparse_attention,256,1024,32,128,1,471.838
sparse_attention,256,1024,32,256,1,487.935
sparse_attention,256,1024,32,512,1,520.419
sparse_attention,256,1024,32,1024,1,580.897
sparse_attention,256,1024,32,2048,1,726.047
sparse_attention,256,1024,32,4096,1,725.854
sparse_attention,256,1024,32,8192,1,728.705
sparse_attention,256,1024,32,16384,1,708.449
sparse_attention,256,1024,64,16,1,460.13
sparse_attention,256,1024,64,32,1,466.689
sparse_attention,256,1024,64,64,1,470.337
sparse_attention,256,1024,64,128,1,492.641
sparse_attention,256,1024,64,256,1,523.138
sparse_attention,256,1024,64,512,1,593.247
sparse_attention,256,1024,64,1024,1,758.72
sparse_attention,256,1024,64,2048,1,998.723
sparse_attention,256,1024,64,4096,1,995.905
sparse_attention,256,1024,64,8192,1,965.827
sparse_attention,256,1024,64,16384,1,959.136
sparse_attention,256,1024,128,16,1,483.233
sparse_attention,256,1024,128,32,1,487.392
sparse_attention,256,1024,128,64,1,503.008
sparse_attention,256,1024,128,128,1,537.921
sparse_attention,256,1024,128,256,1,608.928
sparse_attention,256,1024,128,512,1,779.2
sparse_attention,256,1024,128,1024,1,1058.08
sparse_attention,256,1024,128,2048,1,1503.87
sparse_attention,256,1024,128,4096,1,1472.58
sparse_attention,256,1024,128,8192,1,1460.51
sparse_attention,256,1024,128,16384,1,1468.45
sparse_attention,256,2048,0,0,1,697.538
sparse_attention,256,2048,1,16,1,711.168
sparse_attention,256,2048,1,32,1,720.16
sparse_attention,256,2048,1,64,1,709.76
sparse_attention,256,2048,1,128,1,713.825
sparse_attention,256,2048,1,256,1,710.018
sparse_attention,256,2048,1,512,1,715.202
sparse_attention,256,2048,1,1024,1,714.656
sparse_attention,256,2048,1,2048,1,716.704
sparse_attention,256,2048,1,4096,1,719.136
sparse_attention,256,2048,1,8192,1,715.52
sparse_attention,256,2048,1,16384,1,716.256
sparse_attention,256,2048,2,16,1,709.251
sparse_attention,256,2048,2,32,1,713.664
sparse_attention,256,2048,2,64,1,719.97
sparse_attention,256,2048,2,128,1,708.928
sparse_attention,256,2048,2,256,1,712.769
sparse_attention,256,2048,2,512,1,712.897
sparse_attention,256,2048,2,1024,1,723.135
sparse_attention,256,2048,2,2048,1,729.763
sparse_attention,256,2048,2,4096,1,724.481
sparse_attention,256,2048,2,8192,1,726.498
sparse_attention,256,2048,2,16384,1,725.793
sparse_attention,256,2048,4,16,1,716.416
sparse_attention,256,2048,4,32,1,716.064
sparse_attention,256,2048,4,64,1,720.321
sparse_attention,256,2048,4,128,1,717.12
sparse_attention,256,2048,4,256,1,719.52
sparse_attention,256,2048,4,512,1,718.689
sparse_attention,256,2048,4,1024,1,728.835
sparse_attention,256,2048,4,2048,1,749.663
sparse_attention,256,2048,4,4096,1,749.503
sparse_attention,256,2048,4,8192,1,739.68
sparse_attention,256,2048,4,16384,1,740.64
sparse_attention,256,2048,8,16,1,717.728
sparse_attention,256,2048,8,32,1,716.482
sparse_attention,256,2048,8,64,1,714.626
sparse_attention,256,2048,8,128,1,721.472
sparse_attention,256,2048,8,256,1,720.544
sparse_attention,256,2048,8,512,1,734.016
sparse_attention,256,2048,8,1024,1,751.394
sparse_attention,256,2048,8,2048,1,775.68
sparse_attention,256,2048,8,4096,1,773.538
sparse_attention,256,2048,8,8192,1,777.923
sparse_attention,256,2048,8,16384,1,774.24
sparse_attention,256,2048,16,16,1,719.138
sparse_attention,256,2048,16,32,1,716.895
sparse_attention,256,2048,16,64,1,719.457
sparse_attention,256,2048,16,128,1,726.369
sparse_attention,256,2048,16,256,1,738.979
sparse_attention,256,2048,16,512,1,750.37
sparse_attention,256,2048,16,1024,1,791.103
sparse_attention,256,2048,16,2048,1,848.641
sparse_attention,256,2048,16,4096,1,846.88
sparse_attention,256,2048,16,8192,1,840.896
sparse_attention,256,2048,16,16384,1,848.835
sparse_attention,256,2048,32,16,1,722.688
sparse_attention,256,2048,32,32,1,717.536
sparse_attention,256,2048,32,64,1,720.417
sparse_attention,256,2048,32,128,1,734.689
sparse_attention,256,2048,32,256,1,753.216
sparse_attention,256,2048,32,512,1,790.751
sparse_attention,256,2048,32,1024,1,850.944
sparse_attention,256,2048,32,2048,1,995.938
sparse_attention,256,2048,32,4096,1,991.297
sparse_attention,256,2048,32,8192,1,994.4
sparse_attention,256,2048,32,16384,1,966.209
sparse_attention,256,2048,64,16,1,726.113
sparse_attention,256,2048,64,32,1,732.256
sparse_attention,256,2048,64,64,1,740.097
sparse_attention,256,2048,64,128,1,753.379
sparse_attention,256,2048,64,256,1,792.93
sparse_attention,256,2048,64,512,1,854.527
sparse_attention,256,2048,64,1024,1,1021.12
sparse_attention,256,2048,64,2048,1,1266.78
sparse_attention,256,2048,64,4096,1,1262.46
sparse_attention,256,2048,64,8192,1,1233.76
sparse_attention,256,2048,64,16384,1,1220.52
sparse_attention,256,2048,128,16,1,747.264
sparse_attention,256,2048,128,32,1,753.282
sparse_attention,256,2048,128,64,1,765.761
sparse_attention,256,2048,128,128,1,803.522
sparse_attention,256,2048,128,256,1,878.496
sparse_attention,256,2048,128,512,1,1048.16
sparse_attention,256,2048,128,1024,1,1317.47
sparse_attention,256,2048,128,2048,1,1772.8
sparse_attention,256,2048,128,4096,1,1737.22
sparse_attention,256,2048,128,8192,1,1731.43
sparse_attention,256,2048,128,16384,1,1731.68
sparse_attention,256,4096,0,0,1,696.064
sparse_attention,256,4096,1,16,1,711.713
sparse_attention,256,4096,1,32,1,710.815
sparse_attention,256,4096,1,64,1,711.008
sparse_attention,256,4096,1,128,1,709.152
sparse_attention,256,4096,1,256,1,719.713
sparse_attention,256,4096,1,512,1,716.672
sparse_attention,256,4096,1,1024,1,718.081
sparse_attention,256,4096,1,2048,1,723.202
sparse_attention,256,4096,1,4096,1,715.233
sparse_attention,256,4096,1,8192,1,718.593
sparse_attention,256,4096,1,16384,1,718.113
sparse_attention,256,4096,2,16,1,714.719
sparse_attention,256,4096,2,32,1,714.689
sparse_attention,256,4096,2,64,1,712.896
sparse_attention,256,4096,2,128,1,713.28
sparse_attention,256,4096,2,256,1,716.098
sparse_attention,256,4096,2,512,1,721.312
sparse_attention,256,4096,2,1024,1,716.257
sparse_attention,256,4096,2,2048,1,727.138
sparse_attention,256,4096,2,4096,1,727.584
sparse_attention,256,4096,2,8192,1,722.306
sparse_attention,256,4096,2,16384,1,730.69
sparse_attention,256,4096,4,16,1,716.929
sparse_attention,256,4096,4,32,1,718.402
sparse_attention,256,4096,4,64,1,721.47
sparse_attention,256,4096,4,128,1,718.274
sparse_attention,256,4096,4,256,1,714.594
sparse_attention,256,4096,4,512,1,724.255
sparse_attention,256,4096,4,1024,1,729.12
sparse_attention,256,4096,4,2048,1,746.336
sparse_attention,256,4096,4,4096,1,747.618
sparse_attention,256,4096,4,8192,1,741.28
sparse_attention,256,4096,4,16384,1,741.441
sparse_attention,256,4096,8,16,1,717.409
sparse_attention,256,4096,8,32,1,719.328
sparse_attention,256,4096,8,64,1,722.625
sparse_attention,256,4096,8,128,1,725.311
sparse_attention,256,4096,8,256,1,720.897
sparse_attention,256,4096,8,512,1,733.505
sparse_attention,256,4096,8,1024,1,745.25
sparse_attention,256,4096,8,2048,1,773.762
sparse_attention,256,4096,8,4096,1,769.795
sparse_attention,256,4096,8,8192,1,777.344
sparse_attention,256,4096,8,16384,1,773.949
sparse_attention,256,4096,16,16,1,720.291
sparse_attention,256,4096,16,32,1,722.242
sparse_attention,256,4096,16,64,1,719.905
sparse_attention,256,4096,16,128,1,728.831
sparse_attention,256,4096,16,256,1,740.127
sparse_attention,256,4096,16,512,1,746.05
sparse_attention,256,4096,16,1024,1,783.329
sparse_attention,256,4096,16,2048,1,846.496
sparse_attention,256,4096,16,4096,1,841.472
sparse_attention,256,4096,16,8192,1,849.122
sparse_attention,256,4096,16,16384,1,854.34
sparse_attention,256,4096,32,16,1,719.297
sparse_attention,256,4096,32,32,1,720.832
sparse_attention,256,4096,32,64,1,723.841
sparse_attention,256,4096,32,128,1,742.464
sparse_attention,256,4096,32,256,1,758.082
sparse_attention,256,4096,32,512,1,783.135
sparse_attention,256,4096,32,1024,1,847.967
sparse_attention,256,4096,32,2048,1,992.415
sparse_attention,256,4096,32,4096,1,994.529
sparse_attention,256,4096,32,8192,1,996.32
sparse_attention,256,4096,32,16384,1,970.913
sparse_attention,256,4096,64,16,1,723.617
sparse_attention,256,4096,64,32,1,734.594
sparse_attention,256,4096,64,64,1,735.329
sparse_attention,256,4096,64,128,1,759.104
sparse_attention,256,4096,64,256,1,792.417
sparse_attention,256,4096,64,512,1,864.672
sparse_attention,256,4096,64,1024,1,1028.45
sparse_attention,256,4096,64,2048,1,1268.51
sparse_attention,256,4096,64,4096,1,1262.95
sparse_attention,256,4096,64,8192,1,1233.57
sparse_attention,256,4096,64,16384,1,1227.81
sparse_attention,256,4096,128,16,1,751.232
sparse_attention,256,4096,128,32,1,756.382
sparse_attention,256,4096,128,64,1,765.378
sparse_attention,256,4096,128,128,1,809.602
sparse_attention,256,4096,128,256,1,881.601
sparse_attention,256,4096,128,512,1,1045.73
sparse_attention,256,4096,128,1024,1,1317.99
sparse_attention,256,4096,128,2048,1,1773.86
sparse_attention,256,4096,128,4096,1,1744.58
sparse_attention,256,4096,128,8192,1,1736.58
sparse_attention,256,4096,128,16384,1,1732.87
sparse_attention,256,8192,0,0,1,696.864
sparse_attention,256,8192,1,16,1,711.488
sparse_attention,256,8192,1,32,1,710.24
sparse_attention,256,8192,1,64,1,712.833
sparse_attention,256,8192,1,128,1,709.888
sparse_attention,256,8192,1,256,1,711.425
sparse_attention,256,8192,1,512,1,713.376
sparse_attention,256,8192,1,1024,1,719.36
sparse_attention,256,8192,1,2048,1,720.224
sparse_attention,256,8192,1,4096,1,716.865
sparse_attention,256,8192,1,8192,1,722.756
sparse_attention,256,8192,1,16384,1,716.962
sparse_attention,256,8192,2,16,1,713.025
sparse_attention,256,8192,2,32,1,711.265
sparse_attention,256,8192,2,64,1,716.096
sparse_attention,256,8192,2,128,1,715.169
sparse_attention,256,8192,2,256,1,717.315
sparse_attention,256,8192,2,512,1,712.866
sparse_attention,256,8192,2,1024,1,719.648
sparse_attention,256,8192,2,2048,1,726.592
sparse_attention,256,8192,2,4096,1,722.368
sparse_attention,256,8192,2,8192,1,729.28
sparse_attention,256,8192,2,16384,1,727.586
sparse_attention,256,8192,4,16,1,715.84
sparse_attention,256,8192,4,32,1,714.496
sparse_attention,256,8192,4,64,1,717.952
sparse_attention,256,8192,4,128,1,718.049
sparse_attention,256,8192,4,256,1,718.083
sparse_attention,256,8192,4,512,1,721.665
sparse_attention,256,8192,4,1024,1,728.065
sparse_attention,256,8192,4,2048,1,746.336
sparse_attention,256,8192,4,4096,1,749.728
sparse_attention,256,8192,4,8192,1,739.777
sparse_attention,256,8192,4,16384,1,744.8
sparse_attention,256,8192,8,16,1,714.945
sparse_attention,256,8192,8,32,1,717.152
sparse_attention,256,8192,8,64,1,716.577
sparse_attention,256,8192,8,128,1,720.64
sparse_attention,256,8192,8,256,1,721.506
sparse_attention,256,8192,8,512,1,733.088
sparse_attention,256,8192,8,1024,1,747.297
sparse_attention,256,8192,8,2048,1,773.152
sparse_attention,256,8192,8,4096,1,775.489
sparse_attention,256,8192,8,8192,1,776.641
sparse_attention,256,8192,8,16384,1,775.519
sparse_attention,256,8192,16,16,1,718.272
sparse_attention,256,8192,16,32,1,716.672
sparse_attention,256,8192,16,64,1,718.817
sparse_attention,256,8192,16,128,1,729.249
sparse_attention,256,8192,16,256,1,739.489
sparse_attention,256,8192,16,512,1,750.273
sparse_attention,256,8192,16,1024,1,782.496
sparse_attention,256,8192,16,2048,1,842.432
sparse_attention,256,8192,16,4096,1,841.408
sparse_attention,256,8192,16,8192,1,843.042
sparse_attention,256,8192,16,16384,1,862.592
sparse_attention,256,8192,32,16,1,720.386
sparse_attention,256,8192,32,32,1,720.577
sparse_attention,256,8192,32,64,1,724.13
sparse_attention,256,8192,32,128,1,735.326
sparse_attention,256,8192,32,256,1,753.089
sparse_attention,256,8192,32,512,1,788.449
sparse_attention,256,8192,32,1024,1,851.68
sparse_attention,256,8192,32,2048,1,997.408
sparse_attention,256,8192,32,4096,1,999.393
sparse_attention,256,8192,32,8192,1,992.417
sparse_attention,256,8192,32,16384,1,965.601
sparse_attention,256,8192,64,16,1,728.192
sparse_attention,256,8192,64,32,1,730.498
sparse_attention,256,8192,64,64,1,738.56
sparse_attention,256,8192,64,128,1,763.265
sparse_attention,256,8192,64,256,1,790.05
sparse_attention,256,8192,64,512,1,860.291
sparse_attention,256,8192,64,1024,1,1027.11
sparse_attention,256,8192,64,2048,1,1268
sparse_attention,256,8192,64,4096,1,1257.41
sparse_attention,256,8192,64,8192,1,1231.39
sparse_attention,256,8192,64,16384,1,1226.3
sparse_attention,256,8192,128,16,1,747.104
sparse_attention,256,8192,128,32,1,756.191
sparse_attention,256,8192,128,64,1,768.229
sparse_attention,256,8192,128,128,1,805.025
sparse_attention,256,8192,128,256,1,881.092
sparse_attention,256,8192,128,512,1,1055.62
sparse_attention,256,8192,128,1024,1,1319.46
sparse_attention,256,8192,128,2048,1,1780.9
sparse_attention,256,8192,128,4096,1,1737.15
sparse_attention,256,8192,128,8192,1,1731.94
sparse_attention,256,8192,128,16384,1,1739.62
sparse_attention,256,16384,0,0,1,697.728
sparse_attention,256,16384,1,16,1,712.482
sparse_attention,256,16384,1,32,1,712.385
sparse_attention,256,16384,1,64,1,714.688
sparse_attention,256,16384,1,128,1,714.015
sparse_attention,256,16384,1,256,1,713.471
sparse_attention,256,16384,1,512,1,712.48
sparse_attention,256,16384,1,1024,1,715.936
sparse_attention,256,16384,1,2048,1,719.999
sparse_attention,256,16384,1,4096,1,716.129
sparse_attention,256,16384,1,8192,1,715.49
sparse_attention,256,16384,1,16384,1,716.51
sparse_attention,256,16384,2,16,1,716.256
sparse_attention,256,16384,2,32,1,710.787
sparse_attention,256,16384,2,64,1,712.064
sparse_attention,256,16384,2,128,1,711.235
sparse_attention,256,16384,2,256,1,712.512
sparse_attention,256,16384,2,512,1,720.544
sparse_attention,256,16384,2,1024,1,717.665
sparse_attention,256,16384,2,2048,1,725.825
sparse_attention,256,16384,2,4096,1,726.273
sparse_attention,256,16384,2,8192,1,724.991
sparse_attention,256,16384,2,16384,1,732.223
sparse_attention,256,16384,4,16,1,716.576
sparse_attention,256,16384,4,32,1,718.816
sparse_attention,256,16384,4,64,1,717.536
sparse_attention,256,16384,4,128,1,716.546
sparse_attention,256,16384,4,256,1,719.71
sparse_attention,256,16384,4,512,1,722.784
sparse_attention,256,16384,4,1024,1,729.728
sparse_attention,256,16384,4,2048,1,741.793
sparse_attention,256,16384,4,4096,1,743.646
sparse_attention,256,16384,4,8192,1,753.696
sparse_attention,256,16384,4,16384,1,747.008
sparse_attention,256,16384,8,16,1,718.72
sparse_attention,256,16384,8,32,1,717.569
sparse_attention,256,16384,8,64,1,714.877
sparse_attention,256,16384,8,128,1,721.57
sparse_attention,256,16384,8,256,1,719.328
sparse_attention,256,16384,8,512,1,735.106
sparse_attention,256,16384,8,1024,1,745.151
sparse_attention,256,16384,8,2048,1,772.833
sparse_attention,256,16384,8,4096,1,784.128
sparse_attention,256,16384,8,8192,1,777.76
sparse_attention,256,16384,8,16384,1,777.25
sparse_attention,256,16384,16,16,1,720.257
sparse_attention,256,16384,16,32,1,719.199
sparse_attention,256,16384,16,64,1,721.026
sparse_attention,256,16384,16,128,1,727.01
sparse_attention,256,16384,16,256,1,734.239
sparse_attention,256,16384,16,512,1,748.225
sparse_attention,256,16384,16,1024,1,786.944
sparse_attention,256,16384,16,2048,1,845.89
sparse_attention,256,16384,16,4096,1,843.809
sparse_attention,256,16384,16,8192,1,847.876
sparse_attention,256,16384,16,16384,1,857.024
sparse_attention,256,16384,32,16,1,717.89
sparse_attention,256,16384,32,32,1,716.48
sparse_attention,256,16384,32,64,1,721.923
sparse_attention,256,16384,32,128,1,734.402
sparse_attention,256,16384,32,256,1,751.266
sparse_attention,256,16384,32,512,1,783.071
sparse_attention,256,16384,32,1024,1,855.296
sparse_attention,256,16384,32,2048,1,993.409
sparse_attention,256,16384,32,4096,1,995.042
sparse_attention,256,16384,32,8192,1,990.368
sparse_attention,256,16384,32,16384,1,975.746
sparse_attention,256,16384,64,16,1,727.266
sparse_attention,256,16384,64,32,1,733.216
sparse_attention,256,16384,64,64,1,741.473
sparse_attention,256,16384,64,128,1,758.752
sparse_attention,256,16384,64,256,1,792.96
sparse_attention,256,16384,64,512,1,864.064
sparse_attention,256,16384,64,1024,1,1028.9
sparse_attention,256,16384,64,2048,1,1273.25
sparse_attention,256,16384,64,4096,1,1267.43
sparse_attention,256,16384,64,8192,1,1229.7
sparse_attention,256,16384,64,16384,1,1228.23
sparse_attention,256,16384,128,16,1,752.64
sparse_attention,256,16384,128,32,1,757.089
sparse_attention,256,16384,128,64,1,773.954
sparse_attention,256,16384,128,128,1,806.24
sparse_attention,256,16384,128,256,1,880.225
sparse_attention,256,16384,128,512,1,1046.98
sparse_attention,256,16384,128,1024,1,1323.36
sparse_attention,256,16384,128,2048,1,1780.87
sparse_attention,256,16384,128,4096,1,1736.96
sparse_attention,256,16384,128,8192,1,1743.87
sparse_attention,256,16384,128,16384,1,1733.99
sparse_attention,512,0,0,0,1,265.278
sparse_attention,512,0,1,16,1,279.776
sparse_attention,512,0,1,32,1,282.236
sparse_attention,512,0,1,64,1,281.727
sparse_attention,512,0,1,128,1,281.825
sparse_attention,512,0,1,256,1,281.536
sparse_attention,512,0,1,512,1,283.008
sparse_attention,512,0,1,1024,1,286.048
sparse_attention,512,0,1,2048,1,288.866
sparse_attention,512,0,1,4096,1,288.449
sparse_attention,512,0,1,8192,1,286.946
sparse_attention,512,0,1,16384,1,288.546
sparse_attention,512,0,2,16,1,280.352
sparse_attention,512,0,2,32,1,280.738
sparse_attention,512,0,2,64,1,282.976
sparse_attention,512,0,2,128,1,283.007
sparse_attention,512,0,2,256,1,283.04
sparse_attention,512,0,2,512,1,284.099
sparse_attention,512,0,2,1024,1,289.472
sparse_attention,512,0,2,2048,1,295.168
sparse_attention,512,0,2,4096,1,295.652
sparse_attention,512,0,2,8192,1,296.544
sparse_attention,512,0,2,16384,1,294.784
sparse_attention,512,0,4,16,1,282.88
sparse_attention,512,0,4,32,1,284.192
sparse_attention,512,0,4,64,1,285.407
sparse_attention,512,0,4,128,1,285.055
sparse_attention,512,0,4,256,1,286.433
sparse_attention,512,0,4,512,1,290.592
sparse_attention,512,0,4,1024,1,298.176
sparse_attention,512,0,4,2048,1,314.368
sparse_attention,512,0,4,4096,1,315.488
sparse_attention,512,0,4,8192,1,313.089
sparse_attention,512,0,4,16384,1,314.975
sparse_attention,512,0,8,16,1,287.167
sparse_attention,512,0,8,32,1,287.872
sparse_attention,512,0,8,64,1,287.52
sparse_attention,512,0,8,128,1,291.331
sparse_attention,512,0,8,256,1,291.876
sparse_attention,512,0,8,512,1,303.168
sparse_attention,512,0,8,1024,1,319.391
sparse_attention,512,0,8,2048,1,349.248
sparse_attention,512,0,8,4096,1,351.008
sparse_attention,512,0,8,8192,1,349.598
sparse_attention,512,0,8,16384,1,349.217
sparse_attention,512,0,16,16,1,288.611
sparse_attention,512,0,16,32,1,287.775
sparse_attention,512,0,16,64,1,289.856
sparse_attention,512,0,16,128,1,297.024
sparse_attention,512,0,16,256,1,306.368
sparse_attention,512,0,16,512,1,320.733
sparse_attention,512,0,16,1024,1,356.128
sparse_attention,512,0,16,2048,1,417.986
sparse_attention,512,0,16,4096,1,418.753
sparse_attention,512,0,16,8192,1,420.64
sparse_attention,512,0,16,16384,1,439.233
sparse_attention,512,0,32,16,1,286.078
sparse_attention,512,0,32,32,1,288.545
sparse_attention,512,0,32,64,1,291.872
sparse_attention,512,0,32,128,1,304.385
sparse_attention,512,0,32,256,1,321.568
sparse_attention,512,0,32,512,1,357.215
sparse_attention,512,0,32,1024,1,428.098
sparse_attention,512,0,32,2048,1,582.88
sparse_attention,512,0,32,4096,1,587.299
sparse_attention,512,0,32,8192,1,588.256
sparse_attention,512,0,32,16384,1,556.034
sparse_attention,512,0,64,16,1,299.136
sparse_attention,512,0,64,32,1,302.016
sparse_attention,512,0,64,64,1,308.544
sparse_attention,512,0,64,128,1,329.41
sparse_attention,512,0,64,256,1,365.281
sparse_attention,512,0,64,512,1,435.264
sparse_attention,512,0,64,1024,1,618.208
sparse_attention,512,0,64,2048,1,862.303
sparse_attention,512,0,64,4096,1,855.042
sparse_attention,512,0,64,8192,1,825.375
sparse_attention,512,0,64,16384,1,803.714
sparse_attention,512,0,128,16,1,321.474
sparse_attention,512,0,128,32,1,325.376
sparse_attention,512,0,128,64,1,337.952
sparse_attention,512,0,128,128,1,380.13
sparse_attention,512,0,128,256,1,450.401
sparse_attention,512,0,128,512,1,636.064
sparse_attention,512,0,128,1024,1,913.953
sparse_attention,512,0,128,2048,1,1366.98
sparse_attention,512,0,128,4096,1,1328.8
sparse_attention,512,0,128,8192,1,1307.23
sparse_attention,512,0,128,16384,1,1310.24
sparse_attention,512,16,0,0,1,279.712
sparse_attention,512,16,1,16,1,293.726
sparse_attention,512,16,1,32,1,294.816
sparse_attention,512,16,1,64,1,296.285
sparse_attention,512,16,1,128,1,296.64
sparse_attention,512,16,1,256,1,296.256
sparse_attention,512,16,1,512,1,296.386
sparse_attention,512,16,1,1024,1,297.794
sparse_attention,512,16,1,2048,1,301.76
sparse_attention,512,16,1,4096,1,302.112
sparse_attention,512,16,1,8192,1,302.816
sparse_attention,512,16,1,16384,1,303.457
sparse_attention,512,16,2,16,1,295.071
sparse_attention,512,16,2,32,1,293.633
sparse_attention,512,16,2,64,1,295.329
sparse_attention,512,16,2,128,1,296.928
sparse_attention,512,16,2,256,1,298.241
sparse_attention,512,16,2,512,1,297.25
sparse_attention,512,16,2,1024,1,303.488
sparse_attention,512,16,2,2048,1,313.822
sparse_attention,512,16,2,4096,1,310.367
sparse_attention,512,16,2,8192,1,310.72
sparse_attention,512,16,2,16384,1,310.594
sparse_attention,512,16,4,16,1,297.12
sparse_attention,512,16,4,32,1,300.29
sparse_attention,512,16,4,64,1,298.881
sparse_attention,512,16,4,128,1,301.118
sparse_attention,512,16,4,256,1,299.393
sparse_attention,512,16,4,512,1,304.992
sparse_attention,512,16,4,1024,1,313.536
sparse_attention,512,16,4,2048,1,328.483
sparse_attention,512,16,4,4096,1,330.368
sparse_attention,512,16,4,8192,1,328.608
sparse_attention,512,16,4,16384,1,328.321
sparse_attention,512,16,8,16,1,300.768
sparse_attention,512,16,8,32,1,300.445
sparse_attention,512,16,8,64,1,302.304
sparse_attention,512,16,8,128,1,306.722
sparse_attention,512,16,8,256,1,307.68
sparse_attention,512,16,8,512,1,315.809
sparse_attention,512,16,8,1024,1,332.128
sparse_attention,512,16,8,2048,1,362.462
sparse_attention,512,16,8,4096,1,364.704
sparse_attention,512,16,8,8192,1,363.488
sparse_attention,512,16,8,16384,1,364.098
sparse_attention,512,16,16,16,1,303.68
sparse_attention,512,16,16,32,1,301.954
sparse_attention,512,16,16,64,1,303.65
sparse_attention,512,16,16,128,1,310.624
sparse_attention,512,16,16,256,1,320.448
sparse_attention,512,16,16,512,1,336.033
sparse_attention,512,16,16,1024,1,370.146
sparse_attention,512,16,16,2048,1,432.704
sparse_attention,512,16,16,4096,1,430.624
sparse_attention,512,16,16,8192,1,436.352
sparse_attention,512,16,16,16384,1,453.024
sparse_attention,512,16,32,16,1,303.746
sparse_attention,512,16,32,32,1,301.535
sparse_attention,512,16,32,64,1,305.28
sparse_attention,512,16,32,128,1,318.88
sparse_attention,512,16,32,256,1,335.75
sparse_attention,512,16,32,512,1,372.673
sparse_attention,512,16,32,1024,1,442.816
sparse_attention,512,16,32,2048,1,596.513
sparse_attention,512,16,32,4096,1,598.208
sparse_attention,512,16,32,8192,1,607.331
sparse_attention,512,16,32,16384,1,570.625
sparse_attention,512,16,64,16,1,313.631
sparse_attention,512,16,64,32,1,315.04
sparse_attention,512,16,64,64,1,321.984
sparse_attention,512,16,64,128,1,343.774
sparse_attention,512,16,64,256,1,378.111
sparse_attention,512,16,64,512,1,450.627
sparse_attention,512,16,64,1024,1,631.297
sparse_attention,512,16,64,2048,1,873.539
sparse_attention,512,16,64,4096,1,871.682
sparse_attention,512,16,64,8192,1,836.256
sparse_attention,512,16,64,16384,1,817.216
sparse_attention,512,16,128,16,1,335.969
sparse_attention,512,16,128,32,1,341.504
sparse_attention,512,16,128,64,1,354.047
sparse_attention,512,16,128,128,1,392.738
sparse_attention,512,16,128,256,1,463.456
sparse_attention,512,16,128,512,1,649.441
sparse_attention,512,16,128,1024,1,927.458
sparse_attention,512,16,128,2048,1,1381.25
sparse_attention,512,16,128,4096,1,1346.47
sparse_attention,512,16,128,8192,1,1321.83
sparse_attention,512,16,128,16384,1,1320.71
sparse_attention,512,32,0,0,1,290.432
sparse_attention,512,32,1,16,1,301.409
sparse_attention,512,32,1,32,1,305.887
sparse_attention,512,32,1,64,1,304.258
sparse_attention,512,32,1,128,1,305.792
sparse_attention,512,32,1,256,1,306.176
sparse_attention,512,32,1,512,1,304.289
sparse_attention,512,32,1,1024,1,307.296
sparse_attention,512,32,1,2048,1,309.728
sparse_attention,512,32,1,4096,1,312.353
sparse_attention,512,32,1,8192,1,309.951
sparse_attention,512,32,1,16384,1,312.929
sparse_attention,512,32,2,16,1,304.321
sparse_attention,512,32,2,32,1,303.073
sparse_attention,512,32,2,64,1,305.408
sparse_attention,512,32,2,128,1,308.096
sparse_attention,512,32,2,256,1,304.576
sparse_attention,512,32,2,512,1,307.008
sparse_attention,512,32,2,1024,1,313.664
sparse_attention,512,32,2,2048,1,320.161
sparse_attention,512,32,2,4096,1,319.456
sparse_attention,512,32,2,8192,1,321.855
sparse_attention,512,32,2,16384,1,319.68
sparse_attention,512,32,4,16,1,309.055
sparse_attention,512,32,4,32,1,307.008
sparse_attention,512,32,4,64,1,307.715
sparse_attention,512,32,4,128,1,312.61
sparse_attention,512,32,4,256,1,308.576
sparse_attention,512,32,4,512,1,313.182
sparse_attention,512,32,4,1024,1,321.76
sparse_attention,512,32,4,2048,1,337.218
sparse_attention,512,32,4,4096,1,336.928
sparse_attention,512,32,4,8192,1,337.793
sparse_attention,512,32,4,16384,1,338.272
sparse_attention,512,32,8,16,1,309.95
sparse_attention,512,32,8,32,1,310.338
sparse_attention,512,32,8,64,1,309.856
sparse_attention,512,32,8,128,1,314.175
sparse_attention,512,32,8,256,1,316.064
sparse_attention,512,32,8,512,1,324
sparse_attention,512,32,8,1024,1,341.374
sparse_attention,512,32,8,2048,1,371.137
sparse_attention,512,32,8,4096,1,373.088
sparse_attention,512,32,8,8192,1,370.977
sparse_attention,512,32,8,16384,1,370.75
sparse_attention,512,32,16,16,1,312.162
sparse_attention,512,32,16,32,1,312.353
sparse_attention,512,32,16,64,1,312.384
sparse_attention,512,32,16,128,1,320.19
sparse_attention,512,32,16,256,1,329.567
sparse_attention,512,32,16,512,1,343.551
sparse_attention,512,32,16,1024,1,377.312
sparse_attention,512,32,16,2048,1,439.135
sparse_attention,512,32,16,4096,1,440.639
sparse_attention,512,32,16,8192,1,445.473
sparse_attention,512,32,16,16384,1,463.52
sparse_attention,512,32,32,16,1,310.24
sparse_attention,512,32,32,32,1,311.424
sparse_attention,512,32,32,64,1,314.592
sparse_attention,512,32,32,128,1,330.305
sparse_attention,512,32,32,256,1,344.863
sparse_attention,512,32,32,512,1,380.898
sparse_attention,512,32,32,1024,1,451.873
sparse_attention,512,32,32,2048,1,603.584
sparse_attention,512,32,32,4096,1,608.003
sparse_attention,512,32,32,8192,1,613.344
sparse_attention,512,32,32,16384,1,578.464
sparse_attention,512,32,64,16,1,320.672
sparse_attention,512,32,64,32,1,324.258
sparse_attention,512,32,64,64,1,331.78
sparse_attention,512,32,64,128,1,353.024
sparse_attention,512,32,64,256,1,385.025
sparse_attention,512,32,64,512,1,457.571
sparse_attention,512,32,64,1024,1,640.323
sparse_attention,512,32,64,2048,1,884.511
sparse_attention,512,32,64,4096,1,876.449
sparse_attention,512,32,64,8192,1,845.858
sparse_attention,512,32,64,16384,1,825.665
sparse_attention,512,32,128,16,1,344.066
sparse_attention,512,32,128,32,1,347.904
sparse_attention,512,32,128,64,1,360.353
sparse_attention,512,32,128,128,1,400.323
sparse_attention,512,32,128,256,1,471.234
sparse_attention,512,32,128,512,1,659.775
sparse_attention,512,32,128,1024,1,935.522
sparse_attention,512,32,128,2048,1,1390.02
sparse_attention,512,32,128,4096,1,1352.23
sparse_attention,512,32,128,8192,1,1330.34
sparse_attention,512,32,128,16384,1,1329.83
sparse_attention,512,64,0,0,1,306.049
sparse_attention,512,64,1,16,1,319.072
sparse_attention,512,64,1,32,1,319.235
sparse_attention,512,64,1,64,1,321.154
sparse_attention,512,64,1,128,1,320.096
sparse_attention,512,64,1,256,1,322.175
sparse_attention,512,64,1,512,1,324.896
sparse_attention,512,64,1,1024,1,324.896
sparse_attention,512,64,1,2048,1,328.416
sparse_attention,512,64,1,4096,1,326.082
sparse_attention,512,64,1,8192,1,325.09
sparse_attention,512,64,1,16384,1,326.85
sparse_attention,512,64,2,16,1,320.064
sparse_attention,512,64,2,32,1,320.737
sparse_attention,512,64,2,64,1,319.905
sparse_attention,512,64,2,128,1,323.2
sparse_attention,512,64,2,256,1,321.983
sparse_attention,512,64,2,512,1,323.295
sparse_attention,512,64,2,1024,1,327.712
sparse_attention,512,64,2,2048,1,335.486
sparse_attention,512,64,2,4096,1,336.768
sparse_attention,512,64,2,8192,1,334.881
sparse_attention,512,64,2,16384,1,333.568
sparse_attention,512,64,4,16,1,322.816
sparse_attention,512,64,4,32,1,322.465
sparse_attention,512,64,4,64,1,323.361
sparse_attention,512,64,4,128,1,325.184
sparse_attention,512,64,4,256,1,326.658
sparse_attention,512,64,4,512,1,326.338
sparse_attention,512,64,4,1024,1,339.136
sparse_attention,512,64,4,2048,1,353.565
sparse_attention,512,64,4,4096,1,353.156
sparse_attention,512,64,4,8192,1,355.008
sparse_attention,512,64,4,16384,1,351.904
sparse_attention,512,64,8,16,1,326.402
sparse_attention,512,64,8,32,1,323.904
sparse_attention,512,64,8,64,1,325.216
sparse_attention,512,64,8,128,1,331.84
sparse_attention,512,64,8,256,1,333.666
sparse_attention,512,64,8,512,1,339.297
sparse_attention,512,64,8,1024,1,358.655
sparse_attention,512,64,8,2048,1,386.368
sparse_attention,512,64,8,4096,1,388.128
sparse_attention,512,64,8,8192,1,387.201
sparse_attention,512,64,8,16384,1,388.225
sparse_attention,512,64,16,16,1,328.415
sparse_attention,512,64,16,32,1,327.841
sparse_attention,512,64,16,64,1,328.16
sparse_attention,512,64,16,128,1,334.69
sparse_attention,512,64,16,256,1,344.768
sparse_attention,512,64,16,512,1,361.312
sparse_attention,512,64,16,1024,1,394.723
sparse_attention,512,64,16,2048,1,457.119
sparse_attention,512,64,16,4096,1,453.824
sparse_attention,512,64,16,8192,1,459.233
sparse_attention,512,64,16,16384,1,476.737
sparse_attention,512,64,32,16,1,326.783
sparse_attention,512,64,32,32,1,326.368
sparse_attention,512,64,32,64,1,330.561
sparse_attention,512,64,32,128,1,344.993
sparse_attention,512,64,32,256,1,361.89
sparse_attention,512,64,32,512,1,397.313
sparse_attention,512,64,32,1024,1,467.426
sparse_attention,512,64,32,2048,1,618.593
sparse_attention,512,64,32,4096,1,624.064
sparse_attention,512,64,32,8192,1,629.442
sparse_attention,512,64,32,16384,1,594.945
sparse_attention,512,64,64,16,1,338.015
sparse_attention,512,64,64,32,1,342.145
sparse_attention,512,64,64,64,1,347.488
sparse_attention,512,64,64,128,1,367.584
sparse_attention,512,64,64,256,1,402.688
sparse_attention,512,64,64,512,1,473.92
sparse_attention,512,64,64,1024,1,655.872
sparse_attention,512,64,64,2048,1,899.809
sparse_attention,512,64,64,4096,1,897.855
sparse_attention,512,64,64,8192,1,863.042
sparse_attention,512,64,64,16384,1,845.634
sparse_attention,512,64,128,16,1,361.696
sparse_attention,512,64,128,32,1,364.418
sparse_attention,512,64,128,64,1,377.407
sparse_attention,512,64,128,128,1,417.376
sparse_attention,512,64,128,256,1,490.657
sparse_attention,512,64,128,512,1,675.584
sparse_attention,512,64,128,1024,1,949.311
sparse_attention,512,64,128,2048,1,1406.56
sparse_attention,512,64,128,4096,1,1367.94
sparse_attention,512,64,128,8192,1,1345.6
sparse_attention,512,64,128,16384,1,1348.32
sparse_attention,512,128,0,0,1,348.193
sparse_attention,512,128,1,16,1,362.048
sparse_attention,512,128,1,32,1,361.759
sparse_attention,512,128,1,64,1,363.295
sparse_attention,512,128,1,128,1,363.807
sparse_attention,512,128,1,256,1,365.15
sparse_attention,512,128,1,512,1,367.361
sparse_attention,512,128,1,1024,1,367.138
sparse_attention,512,128,1,2048,1,369.568
sparse_attention,512,128,1,4096,1,370.463
sparse_attention,512,128,1,8192,1,371.136
sparse_attention,512,128,1,16384,1,370.048
sparse_attention,512,128,2,16,1,362.143
sparse_attention,512,128,2,32,1,362.144
sparse_attention,512,128,2,64,1,363.329
sparse_attention,512,128,2,128,1,363.265
sparse_attention,512,128,2,256,1,365.376
sparse_attention,512,128,2,512,1,365.216
sparse_attention,512,128,2,1024,1,369.408
sparse_attention,512,128,2,2048,1,379.616
sparse_attention,512,128,2,4096,1,380.415
sparse_attention,512,128,2,8192,1,376.959
sparse_attention,512,128,2,16384,1,378.85
sparse_attention,512,128,4,16,1,364.991
sparse_attention,512,128,4,32,1,366.53
sparse_attention,512,128,4,64,1,367.747
sparse_attention,512,128,4,128,1,369.824
sparse_attention,512,128,4,256,1,370.466
sparse_attention,512,128,4,512,1,372.481
sparse_attention,512,128,4,1024,1,381.762
sparse_attention,512,128,4,2048,1,398.527
sparse_attention,512,128,4,4096,1,394.848
sparse_attention,512,128,4,8192,1,396.767
sparse_attention,512,128,4,16384,1,395.648
sparse_attention,512,128,8,16,1,367.425
sparse_attention,512,128,8,32,1,368.991
sparse_attention,512,128,8,64,1,367.489
sparse_attention,512,128,8,128,1,373.439
sparse_attention,512,128,8,256,1,375.043
sparse_attention,512,128,8,512,1,383.328
sparse_attention,512,128,8,1024,1,399.455
sparse_attention,512,128,8,2048,1,430.239
sparse_attention,512,128,8,4096,1,431.584
sparse_attention,512,128,8,8192,1,430.431
sparse_attention,512,128,8,16384,1,431.458
sparse_attention,512,128,16,16,1,369.568
sparse_attention,512,128,16,32,1,372.546
sparse_attention,512,128,16,64,1,372.354
sparse_attention,512,128,16,128,1,380.352
sparse_attention,512,128,16,256,1,387.134
sparse_attention,512,128,16,512,1,402.85
sparse_attention,512,128,16,1024,1,435.137
sparse_attention,512,128,16,2048,1,501.76
sparse_attention,512,128,16,4096,1,500.066
sparse_attention,512,128,16,8192,1,502.975
sparse_attention,512,128,16,16384,1,523.457
sparse_attention,512,128,32,16,1,369.92
sparse_attention,512,128,32,32,1,369.153
sparse_attention,512,128,32,64,1,373.825
sparse_attention,512,128,32,128,1,385.088
sparse_attention,512,128,32,256,1,403.969
sparse_attention,512,128,32,512,1,439.745
sparse_attention,512,128,32,1024,1,508.544
sparse_attention,512,128,32,2048,1,662.468
sparse_attention,512,128,32,4096,1,666.304
sparse_attention,512,128,32,8192,1,669.889
sparse_attention,512,128,32,16384,1,637.891
sparse_attention,512,128,64,16,1,381.248
sparse_attention,512,128,64,32,1,383.615
sparse_attention,512,128,64,64,1,390.435
sparse_attention,512,128,64,128,1,413.922
sparse_attention,512,128,64,256,1,445.182
sparse_attention,512,128,64,512,1,517.408
sparse_attention,512,128,64,1024,1,698.271
sparse_attention,512,128,64,2048,1,945.027
sparse_attention,512,128,64,4096,1,936.258
sparse_attention,512,128,64,8192,1,902.274
sparse_attention,512,128,64,16384,1,885.376
sparse_attention,512,128,128,16,1,402.945
sparse_attention,512,128,128,32,1,406.435
sparse_attention,512,128,128,64,1,420.289
sparse_attention,512,128,128,128,1,461.76
sparse_attention,512,128,128,256,1,535.232
sparse_attention,512,128,128,512,1,717.856
sparse_attention,512,128,128,1024,1,993.249
sparse_attention,512,128,128,2048,1,1445.44
sparse_attention,512,128,128,4096,1,1410.4
sparse_attention,512,128,128,8192,1,1388.51
sparse_attention,512,128,128,16384,1,1391.11
sparse_attention,512,256,0,0,1,429.855
sparse_attention,512,256,1,16,1,443.134
sparse_attention,512,256,1,32,1,442.688
sparse_attention,512,256,1,64,1,443.232
sparse_attention,512,256,1,128,1,445.793
sparse_attention,512,256,1,256,1,446.305
sparse_attention,512,256,1,512,1,444.096
sparse_attention,512,256,1,1024,1,447.008
sparse_attention,512,256,1,2048,1,449.44
sparse_attention,512,256,1,4096,1,449.664
sparse_attention,512,256,1,8192,1,450.723
sparse_attention,512,256,1,16384,1,451.392
sparse_attention,512,256,2,16,1,441.919
sparse_attention,512,256,2,32,1,443.523
sparse_attention,512,256,2,64,1,444.385
sparse_attention,512,256,2,128,1,445.86
sparse_attention,512,256,2,256,1,447.713
sparse_attention,512,256,2,512,1,447.069
sparse_attention,512,256,2,1024,1,452.288
sparse_attention,512,256,2,2048,1,460.608
sparse_attention,512,256,2,4096,1,458.467
sparse_attention,512,256,2,8192,1,457.919
sparse_attention,512,256,2,16384,1,459.841
sparse_attention,512,256,4,16,1,447.809
sparse_attention,512,256,4,32,1,446.528
sparse_attention,512,256,4,64,1,448.738
sparse_attention,512,256,4,128,1,450.304
sparse_attention,512,256,4,256,1,448.034
sparse_attention,512,256,4,512,1,451.648
sparse_attention,512,256,4,1024,1,463.584
sparse_attention,512,256,4,2048,1,476.834
sparse_attention,512,256,4,4096,1,478.016
sparse_attention,512,256,4,8192,1,476.672
sparse_attention,512,256,4,16384,1,473.825
sparse_attention,512,256,8,16,1,448.227
sparse_attention,512,256,8,32,1,447.776
sparse_attention,512,256,8,64,1,447.935
sparse_attention,512,256,8,128,1,456.353
sparse_attention,512,256,8,256,1,457.152
sparse_attention,512,256,8,512,1,464.704
sparse_attention,512,256,8,1024,1,481.439
sparse_attention,512,256,8,2048,1,510.879
sparse_attention,512,256,8,4096,1,511.295
sparse_attention,512,256,8,8192,1,510.336
sparse_attention,512,256,8,16384,1,511.262
sparse_attention,512,256,16,16,1,453.375
sparse_attention,512,256,16,32,1,450.467
sparse_attention,512,256,16,64,1,453.536
sparse_attention,512,256,16,128,1,460.032
sparse_attention,512,256,16,256,1,468.771
sparse_attention,512,256,16,512,1,482.689
sparse_attention,512,256,16,1024,1,519.231
sparse_attention,512,256,16,2048,1,580.288
sparse_attention,512,256,16,4096,1,580.352
sparse_attention,512,256,16,8192,1,583.872
sparse_attention,512,256,16,16384,1,603.905
sparse_attention,512,256,32,16,1,448.96
sparse_attention,512,256,32,32,1,450.241
sparse_attention,512,256,32,64,1,454.371
sparse_attention,512,256,32,128,1,468.864
sparse_attention,512,256,32,256,1,485.278
sparse_attention,512,256,32,512,1,518.688
sparse_attention,512,256,32,1024,1,591.744
sparse_attention,512,256,32,2048,1,744.42
sparse_attention,512,256,32,4096,1,745.921
sparse_attention,512,256,32,8192,1,749.376
sparse_attention,512,256,32,16384,1,719.937
sparse_attention,512,256,64,16,1,459.938
sparse_attention,512,256,64,32,1,464.577
sparse_attention,512,256,64,64,1,470.016
sparse_attention,512,256,64,128,1,492.96
sparse_attention,512,256,64,256,1,524.16
sparse_attention,512,256,64,512,1,596.289
sparse_attention,512,256,64,1024,1,781.217
sparse_attention,512,256,64,2048,1,1023.65
sparse_attention,512,256,64,4096,1,1017.35
sparse_attention,512,256,64,8192,1,984.385
sparse_attention,512,256,64,16384,1,967.203
sparse_attention,512,256,128,16,1,483.52
sparse_attention,512,256,128,32,1,489.539
sparse_attention,512,256,128,64,1,499.938
sparse_attention,512,256,128,128,1,542.05
sparse_attention,512,256,128,256,1,614.784
sparse_attention,512,256,128,512,1,800.257
sparse_attention,512,256,128,1024,1,1073.22
sparse_attention,512,256,128,2048,1,1527.71
sparse_attention,512,256,128,4096,1,1490.72
sparse_attention,512,256,128,8192,1,1468.22
sparse_attention,512,256,128,16384,1,1470.37
sparse_attention,512,512,0,0,1,587.968
sparse_attention,512,512,1,16,1,601.506
sparse_attention,512,512,1,32,1,598.689
sparse_attention,512,512,1,64,1,603.328
sparse_attention,512,512,1,128,1,606.08
sparse_attention,512,512,1,256,1,604.767
sparse_attention,512,512,1,512,1,603.84
sparse_attention,512,512,1,1024,1,606.239
sparse_attention,512,512,1,2048,1,610.689
sparse_attention,512,512,1,4096,1,609.055
sparse_attention,512,512,1,8192,1,611.455
sparse_attention,512,512,1,16384,1,609.374
sparse_attention,512,512,2,16,1,598.72
sparse_attention,512,512,2,32,1,601.791
sparse_attention,512,512,2,64,1,603.679
sparse_attention,512,512,2,128,1,607.073
sparse_attention,512,512,2,256,1,604.609
sparse_attention,512,512,2,512,1,605.122
sparse_attention,512,512,2,1024,1,611.137
sparse_attention,512,512,2,2048,1,616.546
sparse_attention,512,512,2,4096,1,618.083
sparse_attention,512,512,2,8192,1,614.528
sparse_attention,512,512,2,16384,1,617.985
sparse_attention,512,512,4,16,1,605.792
sparse_attention,512,512,4,32,1,605.44
sparse_attention,512,512,4,64,1,605.792
sparse_attention,512,512,4,128,1,609.794
sparse_attention,512,512,4,256,1,607.234
sparse_attention,512,512,4,512,1,610.785
sparse_attention,512,512,4,1024,1,621.826
sparse_attention,512,512,4,2048,1,633.986
sparse_attention,512,512,4,4096,1,634.113
sparse_attention,512,512,4,8192,1,633.761
sparse_attention,512,512,4,16384,1,634.884
sparse_attention,512,512,8,16,1,607.359
sparse_attention,512,512,8,32,1,603.169
sparse_attention,512,512,8,64,1,607.485
sparse_attention,512,512,8,128,1,616.384
sparse_attention,512,512,8,256,1,615.936
sparse_attention,512,512,8,512,1,621.601
sparse_attention,512,512,8,1024,1,642.114
sparse_attention,512,512,8,2048,1,666.368
sparse_attention,512,512,8,4096,1,668.704
sparse_attention,512,512,8,8192,1,671.102
sparse_attention,512,512,8,16384,1,669.504
sparse_attention,512,512,16,16,1,611.584
sparse_attention,512,512,16,32,1,611.264
sparse_attention,512,512,16,64,1,611.329
sparse_attention,512,512,16,128,1,619.071
sparse_attention,512,512,16,256,1,625.568
sparse_attention,512,512,16,512,1,643.424
sparse_attention,512,512,16,1024,1,680.448
sparse_attention,512,512,16,2048,1,740.738
sparse_attention,512,512,16,4096,1,740.738
sparse_attention,512,512,16,8192,1,741.985
sparse_attention,512,512,16,16384,1,762.464
sparse_attention,512,512,32,16,1,609.599
sparse_attention,512,512,32,32,1,607.072
sparse_attention,512,512,32,64,1,612.927
sparse_attention,512,512,32,128,1,630.464
sparse_attention,512,512,32,256,1,643.425
sparse_attention,512,512,32,512,1,678.112
sparse_attention,512,512,32,1024,1,746.046
sparse_attention,512,512,32,2048,1,902.304
sparse_attention,512,512,32,4096,1,902.849
sparse_attention,512,512,32,8192,1,908.419
sparse_attention,512,512,32,16384,1,876
sparse_attention,512,512,64,16,1,618.88
sparse_attention,512,512,64,32,1,620.609
sparse_attention,512,512,64,64,1,626.881
sparse_attention,512,512,64,128,1,649.312
sparse_attention,512,512,64,256,1,687.681
sparse_attention,512,512,64,512,1,757.889
sparse_attention,512,512,64,1024,1,937.473
sparse_attention,512,512,64,2048,1,1186.27
sparse_attention,512,512,64,4096,1,1175.39
sparse_attention,512,512,64,8192,1,1140.35
sparse_attention,512,512,64,16384,1,1126.66
sparse_attention,512,512,128,16,1,642.434
sparse_attention,512,512,128,32,1,645.537
sparse_attention,512,512,128,64,1,660.286
sparse_attention,512,512,128,128,1,698.689
sparse_attention,512,512,128,256,1,771.746
sparse_attention,512,512,128,512,1,956.898
sparse_attention,512,512,128,1024,1,1235.33
sparse_attention,512,512,128,2048,1,1685.57
sparse_attention,512,512,128,4096,1,1648.42
sparse_attention,512,512,128,8192,1,1626.76
sparse_attention,512,512,128,16384,1,1627.78
sparse_attention,512,1024,0,0,1,897.793
sparse_attention,512,1024,1,16,1,907.04
sparse_attention,512,1024,1,32,1,911.233
sparse_attention,512,1024,1,64,1,906.369
sparse_attention,512,1024,1,128,1,910.433
sparse_attention,512,1024,1,256,1,905.474
sparse_attention,512,1024,1,512,1,912.228
sparse_attention,512,1024,1,1024,1,911.712
sparse_attention,512,1024,1,2048,1,918.979
sparse_attention,512,1024,1,4096,1,912.992
sparse_attention,512,1024,1,8192,1,914.977
sparse_attention,512,1024,1,16384,1,916.226
sparse_attention,512,1024,2,16,1,907.647
sparse_attention,512,1024,2,32,1,907.169
sparse_attention,512,1024,2,64,1,907.906
sparse_attention,512,1024,2,128,1,910.69
sparse_attention,512,1024,2,256,1,917.888
sparse_attention,512,1024,2,512,1,913.376
sparse_attention,512,1024,2,1024,1,914.433
sparse_attention,512,1024,2,2048,1,927.585
sparse_attention,512,1024,2,4096,1,924.546
sparse_attention,512,1024,2,8192,1,923.457
sparse_attention,512,1024,2,16384,1,926.274
sparse_attention,512,1024,4,16,1,910.144
sparse_attention,512,1024,4,32,1,912.48
sparse_attention,512,1024,4,64,1,914.945
sparse_attention,512,1024,4,128,1,912.16
sparse_attention,512,1024,4,256,1,914.243
sparse_attention,512,1024,4,512,1,912.639
sparse_attention,512,1024,4,1024,1,924.61
sparse_attention,512,1024,4,2048,1,939.681
sparse_attention,512,1024,4,4096,1,938.721
sparse_attention,512,1024,4,8192,1,941.857
sparse_attention,512,1024,4,16384,1,938.143
sparse_attention,512,1024,8,16,1,910.594
sparse_attention,512,1024,8,32,1,912.769
sparse_attention,512,1024,8,64,1,911.649
sparse_attention,512,1024,8,128,1,916.064
sparse_attention,512,1024,8,256,1,918.273
sparse_attention,512,1024,8,512,1,924.672
sparse_attention,512,1024,8,1024,1,944.288
sparse_attention,512,1024,8,2048,1,976.229
sparse_attention,512,1024,8,4096,1,974.147
sparse_attention,512,1024,8,8192,1,974.754
sparse_attention,512,1024,8,16384,1,976.549
sparse_attention,512,1024,16,16,1,915.97
sparse_attention,512,1024,16,32,1,915.455
sparse_attention,512,1024,16,64,1,916.578
sparse_attention,512,1024,16,128,1,927.009
sparse_attention,512,1024,16,256,1,937.217
sparse_attention,512,1024,16,512,1,948.448
sparse_attention,512,1024,16,1024,1,982.273
sparse_attention,512,1024,16,2048,1,1043.72
sparse_attention,512,1024,16,4096,1,1044.22
sparse_attention,512,1024,16,8192,1,1046.4
sparse_attention,512,1024,16,16384,1,1067.94
sparse_attention,512,1024,32,16,1,913.408
sparse_attention,512,1024,32,32,1,913.345
sparse_attention,512,1024,32,64,1,920.192
sparse_attention,512,1024,32,128,1,933.058
sparse_attention,512,1024,32,256,1,948.513
sparse_attention,512,1024,32,512,1,987.073
sparse_attention,512,1024,32,1024,1,1055.39
sparse_attention,512,1024,32,2048,1,1209.41
sparse_attention,512,1024,32,4096,1,1206.98
sparse_attention,512,1024,32,8192,1,1210.72
sparse_attention,512,1024,32,16384,1,1184.64
sparse_attention,512,1024,64,16,1,927.842
sparse_attention,512,1024,64,32,1,935.136
sparse_attention,512,1024,64,64,1,931.33
sparse_attention,512,1024,64,128,1,958.785
sparse_attention,512,1024,64,256,1,990.593
sparse_attention,512,1024,64,512,1,1057.92
sparse_attention,512,1024,64,1024,1,1243.27
sparse_attention,512,1024,64,2048,1,1486.88
sparse_attention,512,1024,64,4096,1,1481.16
sparse_attention,512,1024,64,8192,1,1442.98
sparse_attention,512,1024,64,16384,1,1428.58
sparse_attention,512,1024,128,16,1,950.402
sparse_attention,512,1024,128,32,1,951.682
sparse_attention,512,1024,128,64,1,968.641
sparse_attention,512,1024,128,128,1,1007.94
sparse_attention,512,1024,128,256,1,1080.29
sparse_attention,512,1024,128,512,1,1262.88
sparse_attention,512,1024,128,1024,1,1532.77
sparse_attention,512,1024,128,2048,1,1995.75
sparse_attention,512,1024,128,4096,1,1949.67
sparse_attention,512,1024,128,8192,1,1922.37
sparse_attention,512,1024,128,16384,1,1937.28
sparse_attention,512,2048,0,0,1,1290.37
sparse_attention,512,2048,1,16,1,1304.9
sparse_attention,512,2048,1,32,1,1299.94
sparse_attention,512,2048,1,64,1,1302.27
sparse_attention,512,2048,1,128,1,1304.29
sparse_attention,512,2048,1,256,1,1306.08
sparse_attention,512,2048,1,512,1,1305.53
sparse_attention,512,2048,1,1024,1,1305.79
sparse_attention,512,2048,1,2048,1,1307.84
sparse_attention,512,2048,1,4096,1,1309.44
sparse_attention,512,2048,1,8192,1,1307.75
sparse_attention,512,2048,1,16384,1,1311.87
sparse_attention,512,2048,2,16,1,1302.98
sparse_attention,512,2048,2,32,1,1301.35
sparse_attention,512,2048,2,64,1,1304.23
sparse_attention,512,2048,2,128,1,1310.95
sparse_attention,512,2048,2,256,1,1307.62
sparse_attention,512,2048,2,512,1,1309.09
sparse_attention,512,2048,2,1024,1,1312
sparse_attention,512,2048,2,2048,1,1319.62
sparse_attention,512,2048,2,4096,1,1320.19
sparse_attention,512,2048,2,8192,1,1321.41
sparse_attention,512,2048,2,16384,1,1317.41
sparse_attention,512,2048,4,16,1,1302.5
sparse_attention,512,2048,4,32,1,1303.74
sparse_attention,512,2048,4,64,1,1312
sparse_attention,512,2048,4,128,1,1307.55
sparse_attention,512,2048,4,256,1,1308.8
sparse_attention,512,2048,4,512,1,1310.79
sparse_attention,512,2048,4,1024,1,1314.15
sparse_attention,512,2048,4,2048,1,1335.04
sparse_attention,512,2048,4,4096,1,1335.78
sparse_attention,512,2048,4,8192,1,1332.35
sparse_attention,512,2048,4,16384,1,1334.59
sparse_attention,512,2048,8,16,1,1303.42
sparse_attention,512,2048,8,32,1,1308.35
sparse_attention,512,2048,8,64,1,1302.78
sparse_attention,512,2048,8,128,1,1314.5
sparse_attention,512,2048,8,256,1,1316
sparse_attention,512,2048,8,512,1,1318.63
sparse_attention,512,2048,8,1024,1,1337.96
sparse_attention,512,2048,8,2048,1,1366.82
sparse_attention,512,2048,8,4096,1,1368.61
sparse_attention,512,2048,8,8192,1,1372.26
sparse_attention,512,2048,8,16384,1,1372.26
sparse_attention,512,2048,16,16,1,1306.95
sparse_attention,512,2048,16,32,1,1311.08
sparse_attention,512,2048,16,64,1,1311.39
sparse_attention,512,2048,16,128,1,1320.51
sparse_attention,512,2048,16,256,1,1333.7
sparse_attention,512,2048,16,512,1,1343.65
sparse_attention,512,2048,16,1024,1,1380.13
sparse_attention,512,2048,16,2048,1,1441.15
sparse_attention,512,2048,16,4096,1,1443.88
sparse_attention,512,2048,16,8192,1,1437.09
sparse_attention,512,2048,16,16384,1,1461.35
sparse_attention,512,2048,32,16,1,1311.2
sparse_attention,512,2048,32,32,1,1308.16
sparse_attention,512,2048,32,64,1,1314.92
sparse_attention,512,2048,32,128,1,1325.31
sparse_attention,512,2048,32,256,1,1341.7
sparse_attention,512,2048,32,512,1,1377.32
sparse_attention,512,2048,32,1024,1,1446.05
sparse_attention,512,2048,32,2048,1,1597.7
sparse_attention,512,2048,32,4096,1,1603.46
sparse_attention,512,2048,32,8192,1,1603.62
sparse_attention,512,2048,32,16384,1,1579.04
sparse_attention,512,2048,64,16,1,1320.48
sparse_attention,512,2048,64,32,1,1325.89
sparse_attention,512,2048,64,64,1,1329.25
sparse_attention,512,2048,64,128,1,1352.74
sparse_attention,512,2048,64,256,1,1385.7
sparse_attention,512,2048,64,512,1,1457.38
sparse_attention,512,2048,64,1024,1,1634.53
sparse_attention,512,2048,64,2048,1,1875.87
sparse_attention,512,2048,64,4096,1,1873.19
sparse_attention,512,2048,64,8192,1,1839.97
sparse_attention,512,2048,64,16384,1,1823.59
sparse_attention,512,2048,128,16,1,1342.98
sparse_attention,512,2048,128,32,1,1346.85
sparse_attention,512,2048,128,64,1,1360.29
sparse_attention,512,2048,128,128,1,1402.98
sparse_attention,512,2048,128,256,1,1471.17
sparse_attention,512,2048,128,512,1,1654.27
sparse_attention,512,2048,128,1024,1,1930.98
sparse_attention,512,2048,128,2048,1,2384.68
sparse_attention,512,2048,128,4096,1,2354.63
sparse_attention,512,2048,128,8192,1,2330.15
sparse_attention,512,2048,128,16384,1,2331.88
sparse_attention,512,4096,0,0,1,1287.04
sparse_attention,512,4096,1,16,1,1305.06
sparse_attention,512,4096,1,32,1,1307.36
sparse_attention,512,4096,1,64,1,1302.82
sparse_attention,512,4096,1,128,1,1305.28
sparse_attention,512,4096,1,256,1,1305.03
sparse_attention,512,4096,1,512,1,1305.18
sparse_attention,512,4096,1,1024,1,1307.46
sparse_attention,512,4096,1,2048,1,1313.7
sparse_attention,512,4096,1,4096,1,1307.55
sparse_attention,512,4096,1,8192,1,1310.43
sparse_attention,512,4096,1,16384,1,1311.07
sparse_attention,512,4096,2,16,1,1301.63
sparse_attention,512,4096,2,32,1,1308.9
sparse_attention,512,4096,2,64,1,1307.2
sparse_attention,512,4096,2,128,1,1302.69
sparse_attention,512,4096,2,256,1,1308.26
sparse_attention,512,4096,2,512,1,1307.74
sparse_attention,512,4096,2,1024,1,1308.8
sparse_attention,512,4096,2,2048,1,1320
sparse_attention,512,4096,2,4096,1,1319.27
sparse_attention,512,4096,2,8192,1,1318.69
sparse_attention,512,4096,2,16384,1,1317.19
sparse_attention,512,4096,4,16,1,1306.5
sparse_attention,512,4096,4,32,1,1302.21
sparse_attention,512,4096,4,64,1,1309.44
sparse_attention,512,4096,4,128,1,1309.92
sparse_attention,512,4096,4,256,1,1313.51
sparse_attention,512,4096,4,512,1,1316.58
sparse_attention,512,4096,4,1024,1,1321.28
sparse_attention,512,4096,4,2048,1,1335.46
sparse_attention,512,4096,4,4096,1,1336.13
sparse_attention,512,4096,4,8192,1,1338.34
sparse_attention,512,4096,4,16384,1,1331.23
sparse_attention,512,4096,8,16,1,1307.33
sparse_attention,512,4096,8,32,1,1305.09
sparse_attention,512,4096,8,64,1,1308.58
sparse_attention,512,4096,8,128,1,1311.01
sparse_attention,512,4096,8,256,1,1307.78
sparse_attention,512,4096,8,512,1,1321.22
sparse_attention,512,4096,8,1024,1,1338.98
sparse_attention,512,4096,8,2048,1,1366.78
sparse_attention,512,4096,8,4096,1,1367.52
sparse_attention,512,4096,8,8192,1,1366.72
sparse_attention,512,4096,8,16384,1,1372.29
sparse_attention,512,4096,16,16,1,1313.38
sparse_attention,512,4096,16,32,1,1310.85
sparse_attention,512,4096,16,64,1,1313.73
sparse_attention,512,4096,16,128,1,1318.98
sparse_attention,512,4096,16,256,1,1331.87
sparse_attention,512,4096,16,512,1,1345.79
sparse_attention,512,4096,16,1024,1,1382.95
sparse_attention,512,4096,16,2048,1,1447.01
sparse_attention,512,4096,16,4096,1,1444.51
sparse_attention,512,4096,16,8192,1,1442.08
sparse_attention,512,4096,16,16384,1,1463.04
sparse_attention,512,4096,32,16,1,1307.88
sparse_attention,512,4096,32,32,1,1305.63
sparse_attention,512,4096,32,64,1,1314.14
sparse_attention,512,4096,32,128,1,1328.13
sparse_attention,512,4096,32,256,1,1348.32
sparse_attention,512,4096,32,512,1,1380
sparse_attention,512,4096,32,1024,1,1450.95
sparse_attention,512,4096,32,2048,1,1604.64
sparse_attention,512,4096,32,4096,1,1605.83
sparse_attention,512,4096,32,8192,1,1607.33
sparse_attention,512,4096,32,16384,1,1575.75
sparse_attention,512,4096,64,16,1,1324.8
sparse_attention,512,4096,64,32,1,1325.28
sparse_attention,512,4096,64,64,1,1334.5
sparse_attention,512,4096,64,128,1,1352.1
sparse_attention,512,4096,64,256,1,1386.5
sparse_attention,512,4096,64,512,1,1460.86
sparse_attention,512,4096,64,1024,1,1644.39
sparse_attention,512,4096,64,2048,1,1884.71
sparse_attention,512,4096,64,4096,1,1882.92
sparse_attention,512,4096,64,8192,1,1843.68
sparse_attention,512,4096,64,16384,1,1827.65
sparse_attention,512,4096,128,16,1,1340.13
sparse_attention,512,4096,128,32,1,1343.97
sparse_attention,512,4096,128,64,1,1358.82
sparse_attention,512,4096,128,128,1,1397.51
sparse_attention,512,4096,128,256,1,1476.87
sparse_attention,512,4096,128,512,1,1660.74
sparse_attention,512,4096,128,1024,1,1930.11
sparse_attention,512,4096,128,2048,1,2388.64
sparse_attention,512,4096,128,4096,1,2351.43
sparse_attention,512,4096,128,8192,1,2335.62
sparse_attention,512,4096,128,16384,1,2327.94
sparse_attention,512,8192,0,0,1,1293.38
sparse_attention,512,8192,1,16,1,1302.62
sparse_attention,512,8192,1,32,1,1306.56
sparse_attention,512,8192,1,64,1,1307.17
sparse_attention,512,8192,1,128,1,1310.82
sparse_attention,512,8192,1,256,1,1306.78
sparse_attention,512,8192,1,512,1,1313.38
sparse_attention,512,8192,1,1024,1,1309.02
sparse_attention,512,8192,1,2048,1,1314.44
sparse_attention,512,8192,1,4096,1,1314.63
sparse_attention,512,8192,1,8192,1,1315.68
sparse_attention,512,8192,1,16384,1,1310.44
sparse_attention,512,8192,2,16,1,1309.15
sparse_attention,512,8192,2,32,1,1312.61
sparse_attention,512,8192,2,64,1,1314.21
sparse_attention,512,8192,2,128,1,1311.2
sparse_attention,512,8192,2,256,1,1316.99
sparse_attention,512,8192,2,512,1,1316.8
sparse_attention,512,8192,2,1024,1,1315.17
sparse_attention,512,8192,2,2048,1,1322.98
sparse_attention,512,8192,2,4096,1,1326.08
sparse_attention,512,8192,2,8192,1,1326.47
sparse_attention,512,8192,2,16384,1,1324.48
sparse_attention,512,8192,4,16,1,1308.87
sparse_attention,512,8192,4,32,1,1312.38
sparse_attention,512,8192,4,64,1,1316.83
sparse_attention,512,8192,4,128,1,1313.76
sparse_attention,512,8192,4,256,1,1310.69
sparse_attention,512,8192,4,512,1,1318.63
sparse_attention,512,8192,4,1024,1,1321.09
sparse_attention,512,8192,4,2048,1,1338.21
sparse_attention,512,8192,4,4096,1,1338.72
sparse_attention,512,8192,4,8192,1,1339.23
sparse_attention,512,8192,4,16384,1,1340.23
sparse_attention,512,8192,8,16,1,1307.81
sparse_attention,512,8192,8,32,1,1309.28
sparse_attention,512,8192,8,64,1,1310.66
sparse_attention,512,8192,8,128,1,1319.2
sparse_attention,512,8192,8,256,1,1316.32
sparse_attention,512,8192,8,512,1,1322.79
sparse_attention,512,8192,8,1024,1,1340.96
sparse_attention,512,8192,8,2048,1,1369.69
sparse_attention,512,8192,8,4096,1,1371.36
sparse_attention,512,8192,8,8192,1,1372.16
sparse_attention,512,8192,8,16384,1,1371.71
sparse_attention,512,8192,16,16,1,1315.97
sparse_attention,512,8192,16,32,1,1317.57
sparse_attention,512,8192,16,64,1,1320.48
sparse_attention,512,8192,16,128,1,1327.49
sparse_attention,512,8192,16,256,1,1340.51
sparse_attention,512,8192,16,512,1,1346.72
sparse_attention,512,8192,16,1024,1,1383.46
sparse_attention,512,8192,16,2048,1,1447.01
sparse_attention,512,8192,16,4096,1,1443.72
sparse_attention,512,8192,16,8192,1,1449.79
sparse_attention,512,8192,16,16384,1,1468.42
sparse_attention,512,8192,32,16,1,1314.53
sparse_attention,512,8192,32,32,1,1317.06
sparse_attention,512,8192,32,64,1,1316.29
sparse_attention,512,8192,32,128,1,1330.4
sparse_attention,512,8192,32,256,1,1348.29
sparse_attention,512,8192,32,512,1,1377.73
sparse_attention,512,8192,32,1024,1,1452.07
sparse_attention,512,8192,32,2048,1,1606.24
sparse_attention,512,8192,32,4096,1,1611.46
sparse_attention,512,8192,32,8192,1,1612
sparse_attention,512,8192,32,16384,1,1577.03
sparse_attention,512,8192,64,16,1,1330.59
sparse_attention,512,8192,64,32,1,1329.47
sparse_attention,512,8192,64,64,1,1334.69
sparse_attention,512,8192,64,128,1,1360.16
sparse_attention,512,8192,64,256,1,1396.16
sparse_attention,512,8192,64,512,1,1464.64
sparse_attention,512,8192,64,1024,1,1644.58
sparse_attention,512,8192,64,2048,1,1885.86
sparse_attention,512,8192,64,4096,1,1884.26
sparse_attention,512,8192,64,8192,1,1851.87
sparse_attention,512,8192,64,16384,1,1830.63
sparse_attention,512,8192,128,16,1,1350.24
sparse_attention,512,8192,128,32,1,1357.25
sparse_attention,512,8192,128,64,1,1365.6
sparse_attention,512,8192,128,128,1,1410.05
sparse_attention,512,8192,128,256,1,1477.09
sparse_attention,512,8192,128,512,1,1666.66
sparse_attention,512,8192,128,1024,1,1940.64
sparse_attention,512,8192,128,2048,1,2393.54
sparse_attention,512,8192,128,4096,1,2353.76
sparse_attention,512,8192,128,8192,1,2342.92
sparse_attention,512,8192,128,16384,1,2341.51
sparse_attention,512,16384,0,0,1,1291.04
sparse_attention,512,16384,1,16,1,1303.39
sparse_attention,512,16384,1,32,1,1306.47
sparse_attention,512,16384,1,64,1,1307.78
sparse_attention,512,16384,1,128,1,1310.4
sparse_attention,512,16384,1,256,1,1310.5
sparse_attention,512,16384,1,512,1,1308.55
sparse_attention,512,16384,1,1024,1,1310.3
sparse_attention,512,16384,1,2048,1,1311.81
sparse_attention,512,16384,1,4096,1,1312.29
sparse_attention,512,16384,1,8192,1,1309.12
sparse_attention,512,16384,1,16384,1,1311.81
sparse_attention,512,16384,2,16,1,1311.94
sparse_attention,512,16384,2,32,1,1309.67
sparse_attention,512,16384,2,64,1,1310.63
sparse_attention,512,16384,2,128,1,1318.11
sparse_attention,512,16384,2,256,1,1311.68
sparse_attention,512,16384,2,512,1,1315.49
sparse_attention,512,16384,2,1024,1,1317.18
sparse_attention,512,16384,2,2048,1,1324.51
sparse_attention,512,16384,2,4096,1,1332.16
sparse_attention,512,16384,2,8192,1,1327.97
sparse_attention,512,16384,2,16384,1,1326.82
sparse_attention,512,16384,4,16,1,1313.95
sparse_attention,512,16384,4,32,1,1311.3
sparse_attention,512,16384,4,64,1,1316.51
sparse_attention,512,16384,4,128,1,1316.45
sparse_attention,512,16384,4,256,1,1317.83
sparse_attention,512,16384,4,512,1,1313.73
sparse_attention,512,16384,4,1024,1,1331.62
sparse_attention,512,16384,4,2048,1,1341.41
sparse_attention,512,16384,4,4096,1,1342.18
sparse_attention,512,16384,4,8192,1,1344.39
sparse_attention,512,16384,4,16384,1,1344.19
sparse_attention,512,16384,8,16,1,1311.39
sparse_attention,512,16384,8,32,1,1313.15
sparse_attention,512,16384,8,64,1,1314.24
sparse_attention,512,16384,8,128,1,1313.7
sparse_attention,512,16384,8,256,1,1320.61
sparse_attention,512,16384,8,512,1,1332.42
sparse_attention,512,16384,8,1024,1,1343.23
sparse_attention,512,16384,8,2048,1,1372.8
sparse_attention,512,16384,8,4096,1,1381.83
sparse_attention,512,16384,8,8192,1,1370.34
sparse_attention,512,16384,8,16384,1,1370.15
sparse_attention,512,16384,16,16,1,1314.63
sparse_attention,512,16384,16,32,1,1317.19
sparse_attention,512,16384,16,64,1,1318.98
sparse_attention,512,16384,16,128,1,1327.11
sparse_attention,512,16384,16,256,1,1339.42
sparse_attention,512,16384,16,512,1,1350.75
sparse_attention,512,16384,16,1024,1,1384.07
sparse_attention,512,16384,16,2048,1,1449.09
sparse_attention,512,16384,16,4096,1,1448.9
sparse_attention,512,16384,16,8192,1,1450.72
sparse_attention,512,16384,16,16384,1,1466.98
sparse_attention,512,16384,32,16,1,1316.48
sparse_attention,512,16384,32,32,1,1305.6
sparse_attention,512,16384,32,64,1,1316.29
sparse_attention,512,16384,32,128,1,1328.16
sparse_attention,512,16384,32,256,1,1343.59
sparse_attention,512,16384,32,512,1,1379.84
sparse_attention,512,16384,32,1024,1,1453.51
sparse_attention,512,16384,32,2048,1,1607.97
sparse_attention,512,16384,32,4096,1,1611.78
sparse_attention,512,16384,32,8192,1,1612.58
sparse_attention,512,16384,32,16384,1,1571.36
sparse_attention,512,16384,64,16,1,1326.36
sparse_attention,512,16384,64,32,1,1330.27
sparse_attention,512,16384,64,64,1,1341.8
sparse_attention,512,16384,64,128,1,1358.72
sparse_attention,512,16384,64,256,1,1396.1
sparse_attention,512,16384,64,512,1,1467.62
sparse_attention,512,16384,64,1024,1,1645.89
sparse_attention,512,16384,64,2048,1,1886.82
sparse_attention,512,16384,64,4096,1,1887.49
sparse_attention,512,16384,64,8192,1,1839.36
sparse_attention,512,16384,64,16384,1,1834.18
sparse_attention,512,16384,128,16,1,1352.45
sparse_attention,512,16384,128,32,1,1359.2
sparse_attention,512,16384,128,64,1,1369.86
sparse_attention,512,16384,128,128,1,1405.76
sparse_attention,512,16384,128,256,1,1486.95
sparse_attention,512,16384,128,512,1,1664.67
sparse_attention,512,16384,128,1024,1,1941.73
sparse_attention,512,16384,128,2048,1,2395.94
sparse_attention,512,16384,128,4096,1,2354.95
sparse_attention,512,16384,128,8192,1,2348.77
sparse_attention,512,16384,128,16384,1,2342.28
sparse_attention,1024,0,0,0,1,837.986
sparse_attention,1024,0,1,16,1,850.754
sparse_attention,1024,0,1,32,1,850.881
sparse_attention,1024,0,1,64,1,852.703
sparse_attention,1024,0,1,128,1,853.538
sparse_attention,1024,0,1,256,1,851.522
sparse_attention,1024,0,1,512,1,853.379
sparse_attention,1024,0,1,1024,1,853.985
sparse_attention,1024,0,1,2048,1,859.426
sparse_attention,1024,0,1,4096,1,861.954
sparse_attention,1024,0,1,8192,1,860.674
sparse_attention,1024,0,1,16384,1,861.92
sparse_attention,1024,0,2,16,1,856.129
sparse_attention,1024,0,2,32,1,853.535
sparse_attention,1024,0,2,64,1,856.035
sparse_attention,1024,0,2,128,1,856.963
sparse_attention,1024,0,2,256,1,857.632
sparse_attention,1024,0,2,512,1,861.889
sparse_attention,1024,0,2,1024,1,865.089
sparse_attention,1024,0,2,2048,1,873.568
sparse_attention,1024,0,2,4096,1,871.904
sparse_attention,1024,0,2,8192,1,877.315
sparse_attention,1024,0,2,16384,1,872.001
sparse_attention,1024,0,4,16,1,860.064
sparse_attention,1024,0,4,32,1,858.462
sparse_attention,1024,0,4,64,1,859.038
sparse_attention,1024,0,4,128,1,860.803
sparse_attention,1024,0,4,256,1,863.456
sparse_attention,1024,0,4,512,1,864.994
sparse_attention,1024,0,4,1024,1,877.891
sparse_attention,1024,0,4,2048,1,893.599
sparse_attention,1024,0,4,4096,1,893.473
sparse_attention,1024,0,4,8192,1,884.608
sparse_attention,1024,0,4,16384,1,888.993
sparse_attention,1024,0,8,16,1,853.441
sparse_attention,1024,0,8,32,1,855.455
sparse_attention,1024,0,8,64,1,859.456
sparse_attention,1024,0,8,128,1,861.859
sparse_attention,1024,0,8,256,1,865.152
sparse_attention,1024,0,8,512,1,875.615
sparse_attention,1024,0,8,1024,1,895.777
sparse_attention,1024,0,8,2048,1,926.242
sparse_attention,1024,0,8,4096,1,922.721
sparse_attention,1024,0,8,8192,1,922.241
sparse_attention,1024,0,8,16384,1,926.753
sparse_attention,1024,0,16,16,1,858.498
sparse_attention,1024,0,16,32,1,859.199
sparse_attention,1024,0,16,64,1,863.009
sparse_attention,1024,0,16,128,1,869.539
sparse_attention,1024,0,16,256,1,883.553
sparse_attention,1024,0,16,512,1,897.089
sparse_attention,1024,0,16,1024,1,932.739
sparse_attention,1024,0,16,2048,1,992.963
sparse_attention,1024,0,16,4096,1,1000.87
sparse_attention,1024,0,16,8192,1,1005.02
sparse_attention,1024,0,16,16384,1,1025.92
sparse_attention,1024,0,32,16,1,858.528
sparse_attention,1024,0,32,32,1,861.057
sparse_attention,1024,0,32,64,1,867.361
sparse_attention,1024,0,32,128,1,880.064
sparse_attention,1024,0,32,256,1,902.498
sparse_attention,1024,0,32,512,1,933.891
sparse_attention,1024,0,32,1024,1,1004.83
sparse_attention,1024,0,32,2048,1,1177.09
sparse_attention,1024,0,32,4096,1,1180.19
sparse_attention,1024,0,32,8192,1,1195.52
sparse_attention,1024,0,32,16384,1,1152.23
sparse_attention,1024,0,64,16,1,874.049
sparse_attention,1024,0,64,32,1,874.368
sparse_attention,1024,0,64,64,1,883.394
sparse_attention,1024,0,64,128,1,904.963
sparse_attention,1024,0,64,256,1,937.122
sparse_attention,1024,0,64,512,1,1011.52
sparse_attention,1024,0,64,1024,1,1211.62
sparse_attention,1024,0,64,2048,1,1474.27
sparse_attention,1024,0,64,4096,1,1467.91
sparse_attention,1024,0,64,8192,1,1418.24
sparse_attention,1024,0,64,16384,1,1377.7
sparse_attention,1024,0,128,16,1,895.106
sparse_attention,1024,0,128,32,1,898.948
sparse_attention,1024,0,128,64,1,915.33
sparse_attention,1024,0,128,128,1,950.882
sparse_attention,1024,0,128,256,1,1029.79
sparse_attention,1024,0,128,512,1,1227.07
sparse_attention,1024,0,128,1024,1,1522.75
sparse_attention,1024,0,128,2048,1,1974.79
sparse_attention,1024,0,128,4096,1,1924.19
sparse_attention,1024,0,128,8192,1,1880.51
sparse_attention,1024,0,128,16384,1,1880.39
sparse_attention,1024,16,0,0,1,863.616
sparse_attention,1024,16,1,16,1,875.009
sparse_attention,1024,16,1,32,1,873.827
sparse_attention,1024,16,1,64,1,878.531
sparse_attention,1024,16,1,128,1,876.802
sparse_attention,1024,16,1,256,1,877.504
sparse_attention,1024,16,1,512,1,878.432
sparse_attention,1024,16,1,1024,1,881.886
sparse_attention,1024,16,1,2048,1,882.881
sparse_attention,1024,16,1,4096,1,885.217
sparse_attention,1024,16,1,8192,1,886.338
sparse_attention,1024,16,1,16384,1,887.905
sparse_attention,1024,16,2,16,1,882.848
sparse_attention,1024,16,2,32,1,879.01
sparse_attention,1024,16,2,64,1,880.993
sparse_attention,1024,16,2,128,1,882.113
sparse_attention,1024,16,2,256,1,883.331
sparse_attention,1024,16,2,512,1,884.578
sparse_attention,1024,16,2,1024,1,890.723
sparse_attention,1024,16,2,2048,1,901.41
sparse_attention,1024,16,2,4096,1,897.282
sparse_attention,1024,16,2,8192,1,899.426
sparse_attention,1024,16,2,16384,1,891.489
sparse_attention,1024,16,4,16,1,883.105
sparse_attention,1024,16,4,32,1,882.53
sparse_attention,1024,16,4,64,1,886.307
sparse_attention,1024,16,4,128,1,883.266
sparse_attention,1024,16,4,256,1,885.95
sparse_attention,1024,16,4,512,1,887.361
sparse_attention,1024,16,4,1024,1,902.402
sparse_attention,1024,16,4,2048,1,919.394
sparse_attention,1024,16,4,4096,1,914.978
sparse_attention,1024,16,4,8192,1,916.832
sparse_attention,1024,16,4,16384,1,915.487
sparse_attention,1024,16,8,16,1,882.659
sparse_attention,1024,16,8,32,1,884.29
sparse_attention,1024,16,8,64,1,879.617
sparse_attention,1024,16,8,128,1,888.128
sparse_attention,1024,16,8,256,1,890.498
sparse_attention,1024,16,8,512,1,901.699
sparse_attention,1024,16,8,1024,1,916.93
sparse_attention,1024,16,8,2048,1,951.491
sparse_attention,1024,16,8,4096,1,947.459
sparse_attention,1024,16,8,8192,1,945.696
sparse_attention,1024,16,8,16384,1,948.768
sparse_attention,1024,16,16,16,1,885.185
sparse_attention,1024,16,16,32,1,886.689
sparse_attention,1024,16,16,64,1,889.407
sparse_attention,1024,16,16,128,1,899.233
sparse_attention,1024,16,16,256,1,907.713
sparse_attention,1024,16,16,512,1,922.626
sparse_attention,1024,16,16,1024,1,958.627
sparse_attention,1024,16,16,2048,1,1020.71
sparse_attention,1024,16,16,4096,1,1021.98
sparse_attention,1024,16,16,8192,1,1031.01
sparse_attention,1024,16,16,16384,1,1052.26
sparse_attention,1024,16,32,16,1,883.199
sparse_attention,1024,16,32,32,1,885.569
sparse_attention,1024,16,32,64,1,891.683
sparse_attention,1024,16,32,128,1,903.104
sparse_attention,1024,16,32,256,1,923.139
sparse_attention,1024,16,32,512,1,958.371
sparse_attention,1024,16,32,1024,1,1029.38
sparse_attention,1024,16,32,2048,1,1198.18
sparse_attention,1024,16,32,4096,1,1210.24
sparse_attention,1024,16,32,8192,1,1220.87
sparse_attention,1024,16,32,16384,1,1180.13
sparse_attention,1024,16,64,16,1,897.055
sparse_attention,1024,16,64,32,1,899.458
sparse_attention,1024,16,64,64,1,907.299
sparse_attention,1024,16,64,128,1,929.505
sparse_attention,1024,16,64,256,1,962.656
sparse_attention,1024,16,64,512,1,1036.77
sparse_attention,1024,16,64,1024,1,1233.92
sparse_attention,1024,16,64,2048,1,1499.04
sparse_attention,1024,16,64,4096,1,1494.15
sparse_attention,1024,16,64,8192,1,1443.2
sparse_attention,1024,16,64,16384,1,1399.27
sparse_attention,1024,16,128,16,1,919.649
sparse_attention,1024,16,128,32,1,924.642
sparse_attention,1024,16,128,64,1,940.897
sparse_attention,1024,16,128,128,1,977.855
sparse_attention,1024,16,128,256,1,1054.18
sparse_attention,1024,16,128,512,1,1252.16
sparse_attention,1024,16,128,1024,1,1547.43
sparse_attention,1024,16,128,2048,1,1998.5
sparse_attention,1024,16,128,4096,1,1948.55
sparse_attention,1024,16,128,8192,1,1903.3
sparse_attention,1024,16,128,16384,1,1906.92
sparse_attention,1024,32,0,0,1,880.385
sparse_attention,1024,32,1,16,1,896.994
sparse_attention,1024,32,1,32,1,893.791
sparse_attention,1024,32,1,64,1,892.259
sparse_attention,1024,32,1,128,1,893.569
sparse_attention,1024,32,1,256,1,896.93
sparse_attention,1024,32,1,512,1,894.209
sparse_attention,1024,32,1,1024,1,895.52
sparse_attention,1024,32,1,2048,1,902.56
sparse_attention,1024,32,1,4096,1,903.682
sparse_attention,1024,32,1,8192,1,902.049
sparse_attention,1024,32,1,16384,1,904.739
sparse_attention,1024,32,2,16,1,897.504
sparse_attention,1024,32,2,32,1,899.522
sparse_attention,1024,32,2,64,1,897.058
sparse_attention,1024,32,2,128,1,899.778
sparse_attention,1024,32,2,256,1,900.385
sparse_attention,1024,32,2,512,1,904.544
sparse_attention,1024,32,2,1024,1,907.137
sparse_attention,1024,32,2,2048,1,920.61
sparse_attention,1024,32,2,4096,1,920.417
sparse_attention,1024,32,2,8192,1,917.858
sparse_attention,1024,32,2,16384,1,913.313
sparse_attention,1024,32,4,16,1,897.442
sparse_attention,1024,32,4,32,1,899.588
sparse_attention,1024,32,4,64,1,901.857
sparse_attention,1024,32,4,128,1,901.183
sparse_attention,1024,32,4,256,1,905.061
sparse_attention,1024,32,4,512,1,908.48
sparse_attention,1024,32,4,1024,1,922.819
sparse_attention,1024,32,4,2048,1,936.097
sparse_attention,1024,32,4,4096,1,933.312
sparse_attention,1024,32,4,8192,1,930.466
sparse_attention,1024,32,4,16384,1,932
sparse_attention,1024,32,8,16,1,896.8
sparse_attention,1024,32,8,32,1,897.503
sparse_attention,1024,32,8,64,1,899.744
sparse_attention,1024,32,8,128,1,904.672
sparse_attention,1024,32,8,256,1,908.833
sparse_attention,1024,32,8,512,1,918.401
sparse_attention,1024,32,8,1024,1,936.064
sparse_attention,1024,32,8,2048,1,969.347
sparse_attention,1024,32,8,4096,1,962.242
sparse_attention,1024,32,8,8192,1,965.983
sparse_attention,1024,32,8,16384,1,965.212
sparse_attention,1024,32,16,16,1,902.402
sparse_attention,1024,32,16,32,1,903.135
sparse_attention,1024,32,16,64,1,905.632
sparse_attention,1024,32,16,128,1,913.632
sparse_attention,1024,32,16,256,1,924.353
sparse_attention,1024,32,16,512,1,942.273
sparse_attention,1024,32,16,1024,1,977.155
sparse_attention,1024,32,16,2048,1,1038.11
sparse_attention,1024,32,16,4096,1,1040.29
sparse_attention,1024,32,16,8192,1,1048.16
sparse_attention,1024,32,16,16384,1,1068.74
sparse_attention,1024,32,32,16,1,900.416
sparse_attention,1024,32,32,32,1,906.213
sparse_attention,1024,32,32,64,1,910.786
sparse_attention,1024,32,32,128,1,922.338
sparse_attention,1024,32,32,256,1,942.946
sparse_attention,1024,32,32,512,1,975.745
sparse_attention,1024,32,32,1024,1,1047.33
sparse_attention,1024,32,32,2048,1,1216.03
sparse_attention,1024,32,32,4096,1,1223.97
sparse_attention,1024,32,32,8192,1,1235.39
sparse_attention,1024,32,32,16384,1,1193.35
sparse_attention,1024,32,64,16,1,909.631
sparse_attention,1024,32,64,32,1,919.201
sparse_attention,1024,32,64,64,1,925.794
sparse_attention,1024,32,64,128,1,947.808
sparse_attention,1024,32,64,256,1,980.577
sparse_attention,1024,32,64,512,1,1053.63
sparse_attention,1024,32,64,1024,1,1251.04
sparse_attention,1024,32,64,2048,1,1516.32
sparse_attention,1024,32,64,4096,1,1507.84
sparse_attention,1024,32,64,8192,1,1460.77
sparse_attention,1024,32,64,16384,1,1417.31
sparse_attention,1024,32,128,16,1,937.505
sparse_attention,1024,32,128,32,1,945.154
sparse_attention,1024,32,128,64,1,957.858
sparse_attention,1024,32,128,128,1,992.546
sparse_attention,1024,32,128,256,1,1071.72
sparse_attention,1024,32,128,512,1,1269.89
sparse_attention,1024,32,128,1024,1,1564.29
sparse_attention,1024,32,128,2048,1,2014.12
sparse_attention,1024,32,128,4096,1,1966.18
sparse_attention,1024,32,128,8192,1,1921.54
sparse_attention,1024,32,128,16384,1,1924.16
sparse_attention,1024,64,0,0,1,919.455
sparse_attention,1024,64,1,16,1,935.296
sparse_attention,1024,64,1,32,1,931.616
sparse_attention,1024,64,1,64,1,935.584
sparse_attention,1024,64,1,128,1,933.953
sparse_attention,1024,64,1,256,1,935.713
sparse_attention,1024,64,1,512,1,938.049
sparse_attention,1024,64,1,1024,1,938.144
sparse_attention,1024,64,1,2048,1,942.146
sparse_attention,1024,64,1,4096,1,945.602
sparse_attention,1024,64,1,8192,1,940.577
sparse_attention,1024,64,1,16384,1,946.597
sparse_attention,1024,64,2,16,1,938.656
sparse_attention,1024,64,2,32,1,942.497
sparse_attention,1024,64,2,64,1,937.633
sparse_attention,1024,64,2,128,1,939.233
sparse_attention,1024,64,2,256,1,941.284
sparse_attention,1024,64,2,512,1,942.082
sparse_attention,1024,64,2,1024,1,946.817
sparse_attention,1024,64,2,2048,1,960.674
sparse_attention,1024,64,2,4096,1,956.802
sparse_attention,1024,64,2,8192,1,956.416
sparse_attention,1024,64,2,16384,1,955.969
sparse_attention,1024,64,4,16,1,940.321
sparse_attention,1024,64,4,32,1,939.263
sparse_attention,1024,64,4,64,1,942.883
sparse_attention,1024,64,4,128,1,943.425
sparse_attention,1024,64,4,256,1,938.788
sparse_attention,1024,64,4,512,1,945.44
sparse_attention,1024,64,4,1024,1,964.289
sparse_attention,1024,64,4,2048,1,977.603
sparse_attention,1024,64,4,4096,1,976.928
sparse_attention,1024,64,4,8192,1,969.795
sparse_attention,1024,64,4,16384,1,972.034
sparse_attention,1024,64,8,16,1,937.858
sparse_attention,1024,64,8,32,1,943.042
sparse_attention,1024,64,8,64,1,938.018
sparse_attention,1024,64,8,128,1,942.912
sparse_attention,1024,64,8,256,1,949.825
sparse_attention,1024,64,8,512,1,955.681
sparse_attention,1024,64,8,1024,1,975.523
sparse_attention,1024,64,8,2048,1,1005.41
sparse_attention,1024,64,8,4096,1,1002.6
sparse_attention,1024,64,8,8192,1,1005.63
sparse_attention,1024,64,8,16384,1,1004.83
sparse_attention,1024,64,16,16,1,944.833
sparse_attention,1024,64,16,32,1,945.055
sparse_attention,1024,64,16,64,1,944.865
sparse_attention,1024,64,16,128,1,959.297
sparse_attention,1024,64,16,256,1,963.94
sparse_attention,1024,64,16,512,1,984.704
sparse_attention,1024,64,16,1024,1,1017.29
sparse_attention,1024,64,16,2048,1,1077.03
sparse_attention,1024,64,16,4096,1,1077.02
sparse_attention,1024,64,16,8192,1,1090.75
sparse_attention,1024,64,16,16384,1,1111.01
sparse_attention,1024,64,32,16,1,942.659
sparse_attention,1024,64,32,32,1,945.184
sparse_attention,1024,64,32,64,1,949.185
sparse_attention,1024,64,32,128,1,965.667
sparse_attention,1024,64,32,256,1,981.283
sparse_attention,1024,64,32,512,1,1017.41
sparse_attention,1024,64,32,1024,1,1087.43
sparse_attention,1024,64,32,2048,1,1255.81
sparse_attention,1024,64,32,4096,1,1267.52
sparse_attention,1024,64,32,8192,1,1273.22
sparse_attention,1024,64,32,16384,1,1237.25
sparse_attention,1024,64,64,16,1,956.483
sparse_attention,1024,64,64,32,1,957.667
sparse_attention,1024,64,64,64,1,965.377
sparse_attention,1024,64,64,128,1,988.195
sparse_attention,1024,64,64,256,1,1020.45
sparse_attention,1024,64,64,512,1,1094.59
sparse_attention,1024,64,64,1024,1,1295.97
sparse_attention,1024,64,64,2048,1,1556.13
sparse_attention,1024,64,64,4096,1,1548.96
sparse_attention,1024,64,64,8192,1,1501.63
sparse_attention,1024,64,64,16384,1,1456.74
sparse_attention,1024,64,128,16,1,978.21
sparse_attention,1024,64,128,32,1,982.625
sparse_attention,1024,64,128,64,1,996.863
sparse_attention,1024,64,128,128,1,1034.08
sparse_attention,1024,64,128,256,1,1112.22
sparse_attention,1024,64,128,512,1,1309.41
sparse_attention,1024,64,128,1024,1,1603.65
sparse_attention,1024,64,128,2048,1,2056.74
sparse_attention,1024,64,128,4096,1,2006.05
sparse_attention,1024,64,128,8192,1,1960.84
sparse_attention,1024,64,128,16384,1,1962.28
sparse_attention,1024,128,0,0,1,998.563
sparse_attention,1024,128,1,16,1,1011.07
sparse_attention,1024,128,1,32,1,1012.38
sparse_attention,1024,128,1,64,1,1011.55
sparse_attention,1024,128,1,128,1,1013.79
sparse_attention,1024,128,1,256,1,1014.65
sparse_attention,1024,128,1,512,1,1012.96
sparse_attention,1024,128,1,1024,1,1014.31
sparse_attention,1024,128,1,2048,1,1020.61
sparse_attention,1024,128,1,4096,1,1015.75
sparse_attention,1024,128,1,8192,1,1020.77
sparse_attention,1024,128,1,16384,1,1019.94
sparse_attention,1024,128,2,16,1,1016.45
sparse_attention,1024,128,2,32,1,1019.11
sparse_attention,1024,128,2,64,1,1019.07
sparse_attention,1024,128,2,128,1,1020.03
sparse_attention,1024,128,2,256,1,1020.26
sparse_attention,1024,128,2,512,1,1019.78
sparse_attention,1024,128,2,1024,1,1026.18
sparse_attention,1024,128,2,2048,1,1040.16
sparse_attention,1024,128,2,4096,1,1036.29
sparse_attention,1024,128,2,8192,1,1039.62
sparse_attention,1024,128,2,16384,1,1028.58
sparse_attention,1024,128,4,16,1,1013.76
sparse_attention,1024,128,4,32,1,1015.33
sparse_attention,1024,128,4,64,1,1014.94
sparse_attention,1024,128,4,128,1,1018.69
sparse_attention,1024,128,4,256,1,1021.44
sparse_attention,1024,128,4,512,1,1027.84
sparse_attention,1024,128,4,1024,1,1036.06
sparse_attention,1024,128,4,2048,1,1055.17
sparse_attention,1024,128,4,4096,1,1049.06
sparse_attention,1024,128,4,8192,1,1052
sparse_attention,1024,128,4,16384,1,1050.79
sparse_attention,1024,128,8,16,1,1015.74
sparse_attention,1024,128,8,32,1,1015.59
sparse_attention,1024,128,8,64,1,1017.25
sparse_attention,1024,128,8,128,1,1019.01
sparse_attention,1024,128,8,256,1,1025.96
sparse_attention,1024,128,8,512,1,1038.56
sparse_attention,1024,128,8,1024,1,1054.15
sparse_attention,1024,128,8,2048,1,1081.83
sparse_attention,1024,128,8,4096,1,1079.11
sparse_attention,1024,128,8,8192,1,1080.8
sparse_attention,1024,128,8,16384,1,1083.14
sparse_attention,1024,128,16,16,1,1023.36
sparse_attention,1024,128,16,32,1,1018.4
sparse_attention,1024,128,16,64,1,1023.65
sparse_attention,1024,128,16,128,1,1030.3
sparse_attention,1024,128,16,256,1,1044.58
sparse_attention,1024,128,16,512,1,1060.67
sparse_attention,1024,128,16,1024,1,1096.29
sparse_attention,1024,128,16,2048,1,1155.49
sparse_attention,1024,128,16,4096,1,1156.74
sparse_attention,1024,128,16,8192,1,1166.27
sparse_attention,1024,128,16,16384,1,1187.84
sparse_attention,1024,128,32,16,1,1018.24
sparse_attention,1024,128,32,32,1,1020.83
sparse_attention,1024,128,32,64,1,1026.85
sparse_attention,1024,128,32,128,1,1039.87
sparse_attention,1024,128,32,256,1,1057.02
sparse_attention,1024,128,32,512,1,1094.15
sparse_attention,1024,128,32,1024,1,1166.43
sparse_attention,1024,128,32,2048,1,1330.66
sparse_attention,1024,128,32,4096,1,1341.92
sparse_attention,1024,128,32,8192,1,1352.9
sparse_attention,1024,128,32,16384,1,1313.67
sparse_attention,1024,128,64,16,1,1033.7
sparse_attention,1024,128,64,32,1,1037.51
sparse_attention,1024,128,64,64,1,1046.08
sparse_attention,1024,128,64,128,1,1064.74
sparse_attention,1024,128,64,256,1,1100.26
sparse_attention,1024,128,64,512,1,1170.75
sparse_attention,1024,128,64,1024,1,1369.89
sparse_attention,1024,128,64,2048,1,1631.11
sparse_attention,1024,128,64,4096,1,1623.59
sparse_attention,1024,128,64,8192,1,1578.12
sparse_attention,1024,128,64,16384,1,1539.62
sparse_attention,1024,128,128,16,1,1053.98
sparse_attention,1024,128,128,32,1,1059.62
sparse_attention,1024,128,128,64,1,1075.78
sparse_attention,1024,128,128,128,1,1109.31
sparse_attention,1024,128,128,256,1,1191.04
sparse_attention,1024,128,128,512,1,1387.17
sparse_attention,1024,128,128,1024,1,1679.59
sparse_attention,1024,128,128,2048,1,2134.72
sparse_attention,1024,128,128,4096,1,2082.72
sparse_attention,1024,128,128,8192,1,2042.88
sparse_attention,1024,128,128,16384,1,2044.23
sparse_attention,1024,256,0,0,1,1153.95
sparse_attention,1024,256,1,16,1,1164.58
sparse_attention,1024,256,1,32,1,1163.17
sparse_attention,1024,256,1,64,1,1164.45
sparse_attention,1024,256,1,128,1,1163.45
sparse_attention,1024,256,1,256,1,1166.72
sparse_attention,1024,256,1,512,1,1164.58
sparse_attention,1024,256,1,1024,1,1166.53
sparse_attention,1024,256,1,2048,1,1171.72
sparse_attention,1024,256,1,4096,1,1175.49
sparse_attention,1024,256,1,8192,1,1174.5
sparse_attention,1024,256,1,16384,1,1174.11
sparse_attention,1024,256,2,16,1,1170.34
sparse_attention,1024,256,2,32,1,1171.55
sparse_attention,1024,256,2,64,1,1169.89
sparse_attention,1024,256,2,128,1,1172.64
sparse_attention,1024,256,2,256,1,1173.35
sparse_attention,1024,256,2,512,1,1175.33
sparse_attention,1024,256,2,1024,1,1181.73
sparse_attention,1024,256,2,2048,1,1195.39
sparse_attention,1024,256,2,4096,1,1189.86
sparse_attention,1024,256,2,8192,1,1194.08
sparse_attention,1024,256,2,16384,1,1186.79
sparse_attention,1024,256,4,16,1,1172
sparse_attention,1024,256,4,32,1,1170.85
sparse_attention,1024,256,4,64,1,1169.57
sparse_attention,1024,256,4,128,1,1173.09
sparse_attention,1024,256,4,256,1,1173.34
sparse_attention,1024,256,4,512,1,1177.15
sparse_attention,1024,256,4,1024,1,1189.92
sparse_attention,1024,256,4,2048,1,1207.39
sparse_attention,1024,256,4,4096,1,1207.52
sparse_attention,1024,256,4,8192,1,1201.15
sparse_attention,1024,256,4,16384,1,1199.2
sparse_attention,1024,256,8,16,1,1167.58
sparse_attention,1024,256,8,32,1,1169.06
sparse_attention,1024,256,8,64,1,1167.45
sparse_attention,1024,256,8,128,1,1174.18
sparse_attention,1024,256,8,256,1,1176.48
sparse_attention,1024,256,8,512,1,1187.17
sparse_attention,1024,256,8,1024,1,1208.67
sparse_attention,1024,256,8,2048,1,1239.75
sparse_attention,1024,256,8,4096,1,1233.06
sparse_attention,1024,256,8,8192,1,1235.11
sparse_attention,1024,256,8,16384,1,1236.19
sparse_attention,1024,256,16,16,1,1172.77
sparse_attention,1024,256,16,32,1,1176.58
sparse_attention,1024,256,16,64,1,1178.11
sparse_attention,1024,256,16,128,1,1189.67
sparse_attention,1024,256,16,256,1,1197.28
sparse_attention,1024,256,16,512,1,1211.24
sparse_attention,1024,256,16,1024,1,1248.83
sparse_attention,1024,256,16,2048,1,1308.77
sparse_attention,1024,256,16,4096,1,1310.88
sparse_attention,1024,256,16,8192,1,1319.37
sparse_attention,1024,256,16,16384,1,1340.32
sparse_attention,1024,256,32,16,1,1172.1
sparse_attention,1024,256,32,32,1,1174.56
sparse_attention,1024,256,32,64,1,1179.71
sparse_attention,1024,256,32,128,1,1192.16
sparse_attention,1024,256,32,256,1,1210.24
sparse_attention,1024,256,32,512,1,1249.79
sparse_attention,1024,256,32,1024,1,1316.55
sparse_attention,1024,256,32,2048,1,1488.19
sparse_attention,1024,256,32,4096,1,1493.35
sparse_attention,1024,256,32,8192,1,1502.27
sparse_attention,1024,256,32,16384,1,1466.4
sparse_attention,1024,256,64,16,1,1185.57
sparse_attention,1024,256,64,32,1,1189.63
sparse_attention,1024,256,64,64,1,1198.27
sparse_attention,1024,256,64,128,1,1218.88
sparse_attention,1024,256,64,256,1,1253.44
sparse_attention,1024,256,64,512,1,1328.26
sparse_attention,1024,256,64,1024,1,1522.5
sparse_attention,1024,256,64,2048,1,1785.76
sparse_attention,1024,256,64,4096,1,1781.19
sparse_attention,1024,256,64,8192,1,1729.54
sparse_attention,1024,256,64,16384,1,1686.98
sparse_attention,1024,256,128,16,1,1210.72
sparse_attention,1024,256,128,32,1,1212.61
sparse_attention,1024,256,128,64,1,1229.28
sparse_attention,1024,256,128,128,1,1267.91
sparse_attention,1024,256,128,256,1,1343.68
sparse_attention,1024,256,128,512,1,1540.26
sparse_attention,1024,256,128,1024,1,1836.13
sparse_attention,1024,256,128,2048,1,2287.56
sparse_attention,1024,256,128,4096,1,2234.69
sparse_attention,1024,256,128,8192,1,2194.15
sparse_attention,1024,256,128,16384,1,2194.18
sparse_attention,1024,512,0,0,1,1458.4
sparse_attention,1024,512,1,16,1,1470.27
sparse_attention,1024,512,1,32,1,1467.88
sparse_attention,1024,512,1,64,1,1472.74
sparse_attention,1024,512,1,128,1,1473.95
sparse_attention,1024,512,1,256,1,1469.73
sparse_attention,1024,512,1,512,1,1475.4
sparse_attention,1024,512,1,1024,1,1472.97
sparse_attention,1024,512,1,2048,1,1479.04
sparse_attention,1024,512,1,4096,1,1477.67
sparse_attention,1024,512,1,8192,1,1479.33
sparse_attention,1024,512,1,16384,1,1480.36
sparse_attention,1024,512,2,16,1,1476
sparse_attention,1024,512,2,32,1,1477.64
sparse_attention,1024,512,2,64,1,1480.71
sparse_attention,1024,512,2,128,1,1480.93
sparse_attention,1024,512,2,256,1,1480.99
sparse_attention,1024,512,2,512,1,1482.15
sparse_attention,1024,512,2,1024,1,1487.23
sparse_attention,1024,512,2,2048,1,1499.88
sparse_attention,1024,512,2,4096,1,1496.52
sparse_attention,1024,512,2,8192,1,1495.04
sparse_attention,1024,512,2,16384,1,1493.38
sparse_attention,1024,512,4,16,1,1479.07
sparse_attention,1024,512,4,32,1,1474.27
sparse_attention,1024,512,4,64,1,1479.36
sparse_attention,1024,512,4,128,1,1481.66
sparse_attention,1024,512,4,256,1,1480.35
sparse_attention,1024,512,4,512,1,1485.79
sparse_attention,1024,512,4,1024,1,1498.08
sparse_attention,1024,512,4,2048,1,1513.03
sparse_attention,1024,512,4,4096,1,1511.94
sparse_attention,1024,512,4,8192,1,1503.87
sparse_attention,1024,512,4,16384,1,1507.62
sparse_attention,1024,512,8,16,1,1476.32
sparse_attention,1024,512,8,32,1,1472.23
sparse_attention,1024,512,8,64,1,1477.76
sparse_attention,1024,512,8,128,1,1480.55
sparse_attention,1024,512,8,256,1,1484.06
sparse_attention,1024,512,8,512,1,1490.62
sparse_attention,1024,512,8,1024,1,1512.67
sparse_attention,1024,512,8,2048,1,1540.67
sparse_attention,1024,512,8,4096,1,1537.86
sparse_attention,1024,512,8,8192,1,1539.36
sparse_attention,1024,512,8,16384,1,1542.34
sparse_attention,1024,512,16,16,1,1480.9
sparse_attention,1024,512,16,32,1,1485.38
sparse_attention,1024,512,16,64,1,1482.59
sparse_attention,1024,512,16,128,1,1495.36
sparse_attention,1024,512,16,256,1,1504
sparse_attention,1024,512,16,512,1,1520.26
sparse_attention,1024,512,16,1024,1,1554.75
sparse_attention,1024,512,16,2048,1,1615.75
sparse_attention,1024,512,16,4096,1,1618.31
sparse_attention,1024,512,16,8192,1,1629.02
sparse_attention,1024,512,16,16384,1,1646.66
sparse_attention,1024,512,32,16,1,1476.55
sparse_attention,1024,512,32,32,1,1480.71
sparse_attention,1024,512,32,64,1,1485.95
sparse_attention,1024,512,32,128,1,1494.47
sparse_attention,1024,512,32,256,1,1519.27
sparse_attention,1024,512,32,512,1,1548.9
sparse_attention,1024,512,32,1024,1,1619.87
sparse_attention,1024,512,32,2048,1,1790.53
sparse_attention,1024,512,32,4096,1,1799.71
sparse_attention,1024,512,32,8192,1,1808.93
sparse_attention,1024,512,32,16384,1,1771.23
sparse_attention,1024,512,64,16,1,1490.5
sparse_attention,1024,512,64,32,1,1493.63
sparse_attention,1024,512,64,64,1,1505.12
sparse_attention,1024,512,64,128,1,1526.46
sparse_attention,1024,512,64,256,1,1556.93
sparse_attention,1024,512,64,512,1,1635.13
sparse_attention,1024,512,64,1024,1,1830.56
sparse_attention,1024,512,64,2048,1,2091.39
sparse_attention,1024,512,64,4096,1,2083.84
sparse_attention,1024,512,64,8192,1,2035.2
sparse_attention,1024,512,64,16384,1,1995.49
sparse_attention,1024,512,128,16,1,1516.74
sparse_attention,1024,512,128,32,1,1523.04
sparse_attention,1024,512,128,64,1,1531.33
sparse_attention,1024,512,128,128,1,1570.27
sparse_attention,1024,512,128,256,1,1650.11
sparse_attention,1024,512,128,512,1,1843.94
sparse_attention,1024,512,128,1024,1,2141.48
sparse_attention,1024,512,128,2048,1,2591.24
sparse_attention,1024,512,128,4096,1,2538.05
sparse_attention,1024,512,128,8192,1,2497.48
sparse_attention,1024,512,128,16384,1,2496.16
sparse_attention,1024,1024,0,0,1,2067.24
sparse_attention,1024,1024,1,16,1,2075.17
sparse_attention,1024,1024,1,32,1,2074.47
sparse_attention,1024,1024,1,64,1,2077.06
sparse_attention,1024,1024,1,128,1,2080.17
sparse_attention,1024,1024,1,256,1,2081.54
sparse_attention,1024,1024,1,512,1,2077.51
sparse_attention,1024,1024,1,1024,1,2082.92
sparse_attention,1024,1024,1,2048,1,2086.98
sparse_attention,1024,1024,1,4096,1,2079.94
sparse_attention,1024,1024,1,8192,1,2085.35
sparse_attention,1024,1024,1,16384,1,2086.41
sparse_attention,1024,1024,2,16,1,2080.48
sparse_attention,1024,1024,2,32,1,2079.84
sparse_attention,1024,1024,2,64,1,2083.81
sparse_attention,1024,1024,2,128,1,2084.26
sparse_attention,1024,1024,2,256,1,2086.92
sparse_attention,1024,1024,2,512,1,2086.34
sparse_attention,1024,1024,2,1024,1,2095.65
sparse_attention,1024,1024,2,2048,1,2103.43
sparse_attention,1024,1024,2,4096,1,2097.57
sparse_attention,1024,1024,2,8192,1,2101.03
sparse_attention,1024,1024,2,16384,1,2102.47
sparse_attention,1024,1024,4,16,1,2080.29
sparse_attention,1024,1024,4,32,1,2082.05
sparse_attention,1024,1024,4,64,1,2084.13
sparse_attention,1024,1024,4,128,1,2082.69
sparse_attention,1024,1024,4,256,1,2085.99
sparse_attention,1024,1024,4,512,1,2089.5
sparse_attention,1024,1024,4,1024,1,2098.25
sparse_attention,1024,1024,4,2048,1,2112.58
sparse_attention,1024,1024,4,4096,1,2113.32
sparse_attention,1024,1024,4,8192,1,2115.14
sparse_attention,1024,1024,4,16384,1,2112.77
sparse_attention,1024,1024,8,16,1,2079.75
sparse_attention,1024,1024,8,32,1,2086.21
sparse_attention,1024,1024,8,64,1,2080.1
sparse_attention,1024,1024,8,128,1,2082.91
sparse_attention,1024,1024,8,256,1,2093.19
sparse_attention,1024,1024,8,512,1,2099.49
sparse_attention,1024,1024,8,1024,1,2114.85
sparse_attention,1024,1024,8,2048,1,2149.19
sparse_attention,1024,1024,8,4096,1,2145.73
sparse_attention,1024,1024,8,8192,1,2146.37
sparse_attention,1024,1024,8,16384,1,2148.8
sparse_attention,1024,1024,16,16,1,2090.21
sparse_attention,1024,1024,16,32,1,2088.39
sparse_attention,1024,1024,16,64,1,2086.98
sparse_attention,1024,1024,16,128,1,2102.43
sparse_attention,1024,1024,16,256,1,2110.12
sparse_attention,1024,1024,16,512,1,2122.59
sparse_attention,1024,1024,16,1024,1,2154.82
sparse_attention,1024,1024,16,2048,1,2220.29
sparse_attention,1024,1024,16,4096,1,2227.84
sparse_attention,1024,1024,16,8192,1,2233.22
sparse_attention,1024,1024,16,16384,1,2255.68
sparse_attention,1024,1024,32,16,1,2082.59
sparse_attention,1024,1024,32,32,1,2086.82
sparse_attention,1024,1024,32,64,1,2085.57
sparse_attention,1024,1024,32,128,1,2102.05
sparse_attention,1024,1024,32,256,1,2124.61
sparse_attention,1024,1024,32,512,1,2161.41
sparse_attention,1024,1024,32,1024,1,2230.69
sparse_attention,1024,1024,32,2048,1,2397.19
sparse_attention,1024,1024,32,4096,1,2406.12
sparse_attention,1024,1024,32,8192,1,2418.43
sparse_attention,1024,1024,32,16384,1,2375.23
sparse_attention,1024,1024,64,16,1,2098.5
sparse_attention,1024,1024,64,32,1,2099.49
sparse_attention,1024,1024,64,64,1,2110.53
sparse_attention,1024,1024,64,128,1,2129.77
sparse_attention,1024,1024,64,256,1,2163.27
sparse_attention,1024,1024,64,512,1,2242.98
sparse_attention,1024,1024,64,1024,1,2433.89
sparse_attention,1024,1024,64,2048,1,2699.04
sparse_attention,1024,1024,64,4096,1,2684.01
sparse_attention,1024,1024,64,8192,1,2640.93
sparse_attention,1024,1024,64,16384,1,2603.91
sparse_attention,1024,1024,128,16,1,2120.48
sparse_attention,1024,1024,128,32,1,2121.83
sparse_attention,1024,1024,128,64,1,2139.04
sparse_attention,1024,1024,128,128,1,2176.51
sparse_attention,1024,1024,128,256,1,2256.77
sparse_attention,1024,1024,128,512,1,2450.4
sparse_attention,1024,1024,128,1024,1,2743.02
sparse_attention,1024,1024,128,2048,1,3199.68
sparse_attention,1024,1024,128,4096,1,3143.24
sparse_attention,1024,1024,128,8192,1,3095.14
sparse_attention,1024,1024,128,16384,1,3112.26
sparse_attention,1024,2048,0,0,1,2565.19
sparse_attention,1024,2048,1,16,1,2578.59
sparse_attention,1024,2048,1,32,1,2577.73
sparse_attention,1024,2048,1,64,1,2573.57
sparse_attention,1024,2048,1,128,1,2576.26
sparse_attention,1024,2048,1,256,1,2579.33
sparse_attention,1024,2048,1,512,1,2574.91
sparse_attention,1024,2048,1,1024,1,2585.25
sparse_attention,1024,2048,1,2048,1,2580.2
sparse_attention,1024,2048,1,4096,1,2588.55
sparse_attention,1024,2048,1,8192,1,2590.02
sparse_attention,1024,2048,1,16384,1,2579.84
sparse_attention,1024,2048,2,16,1,2579.46
sparse_attention,1024,2048,2,32,1,2583.52
sparse_attention,1024,2048,2,64,1,2582.21
sparse_attention,1024,2048,2,128,1,2580.32
sparse_attention,1024,2048,2,256,1,2589.6
sparse_attention,1024,2048,2,512,1,2590.56
sparse_attention,1024,2048,2,1024,1,2592.23
sparse_attention,1024,2048,2,2048,1,2600.13
sparse_attention,1024,2048,2,4096,1,2605.28
sparse_attention,1024,2048,2,8192,1,2603.39
sparse_attention,1024,2048,2,16384,1,2592.68
sparse_attention,1024,2048,4,16,1,2578.28
sparse_attention,1024,2048,4,32,1,2579.94
sparse_attention,1024,2048,4,64,1,2588.29
sparse_attention,1024,2048,4,128,1,2584.33
sparse_attention,1024,2048,4,256,1,2588.48
sparse_attention,1024,2048,4,512,1,2590.5
sparse_attention,1024,2048,4,1024,1,2595.52
sparse_attention,1024,2048,4,2048,1,2617.93
sparse_attention,1024,2048,4,4096,1,2610.53
sparse_attention,1024,2048,4,8192,1,2611.04
sparse_attention,1024,2048,4,16384,1,2614.4
sparse_attention,1024,2048,8,16,1,2582.82
sparse_attention,1024,2048,8,32,1,2586.05
sparse_attention,1024,2048,8,64,1,2584.48
sparse_attention,1024,2048,8,128,1,2587.4
sparse_attention,1024,2048,8,256,1,2591.42
sparse_attention,1024,2048,8,512,1,2605.12
sparse_attention,1024,2048,8,1024,1,2612
sparse_attention,1024,2048,8,2048,1,2641.86
sparse_attention,1024,2048,8,4096,1,2646.08
sparse_attention,1024,2048,8,8192,1,2651.23
sparse_attention,1024,2048,8,16384,1,2647.01
sparse_attention,1024,2048,16,16,1,2587.91
sparse_attention,1024,2048,16,32,1,2587.72
sparse_attention,1024,2048,16,64,1,2587.75
sparse_attention,1024,2048,16,128,1,2599.49
sparse_attention,1024,2048,16,256,1,2607.56
sparse_attention,1024,2048,16,512,1,2624.65
sparse_attention,1024,2048,16,1024,1,2659.65
sparse_attention,1024,2048,16,2048,1,2723.43
sparse_attention,1024,2048,16,4096,1,2723.59
sparse_attention,1024,2048,16,8192,1,2740.23
sparse_attention,1024,2048,16,16384,1,2753.61
sparse_attention,1024,2048,32,16,1,2581.57
sparse_attention,1024,2048,32,32,1,2585.54
sparse_attention,1024,2048,32,64,1,2583.14
sparse_attention,1024,2048,32,128,1,2596.03
sparse_attention,1024,2048,32,256,1,2614.98
sparse_attention,1024,2048,32,512,1,2660.74
sparse_attention,1024,2048,32,1024,1,2730.98
sparse_attention,1024,2048,32,2048,1,2901.83
sparse_attention,1024,2048,32,4096,1,2904.39
sparse_attention,1024,2048,32,8192,1,2912.52
sparse_attention,1024,2048,32,16384,1,2872.39
sparse_attention,1024,2048,64,16,1,2601.42
sparse_attention,1024,2048,64,32,1,2600.9
sparse_attention,1024,2048,64,64,1,2603.72
sparse_attention,1024,2048,64,128,1,2627.72
sparse_attention,1024,2048,64,256,1,2666.34
sparse_attention,1024,2048,64,512,1,2742.63
sparse_attention,1024,2048,64,1024,1,2936.29
sparse_attention,1024,2048,64,2048,1,3195.88
sparse_attention,1024,2048,64,4096,1,3189.67
sparse_attention,1024,2048,64,8192,1,3139.36
sparse_attention,1024,2048,64,16384,1,3105.89
sparse_attention,1024,2048,128,16,1,2615.14
sparse_attention,1024,2048,128,32,1,2623.59
sparse_attention,1024,2048,128,64,1,2637.28
sparse_attention,1024,2048,128,128,1,2674.95
sparse_attention,1024,2048,128,256,1,2752.96
sparse_attention,1024,2048,128,512,1,2942.37
sparse_attention,1024,2048,128,1024,1,3243.94
sparse_attention,1024,2048,128,2048,1,3699.08
sparse_attention,1024,2048,128,4096,1,3642.18
sparse_attention,1024,2048,128,8192,1,3608.61
sparse_attention,1024,2048,128,16384,1,3611.94
sparse_attention,1024,4096,0,0,1,2565.76
sparse_attention,1024,4096,1,16,1,2580.07
sparse_attention,1024,4096,1,32,1,2575.49
sparse_attention,1024,4096,1,64,1,2575.17
sparse_attention,1024,4096,1,128,1,2578.85
sparse_attention,1024,4096,1,256,1,2579.11
sparse_attention,1024,4096,1,512,1,2580.55
sparse_attention,1024,4096,1,1024,1,2580.87
sparse_attention,1024,4096,1,2048,1,2591.39
sparse_attention,1024,4096,1,4096,1,2592.36
sparse_attention,1024,4096,1,8192,1,2587.59
sparse_attention,1024,4096,1,16384,1,2592.07
sparse_attention,1024,4096,2,16,1,2591.17
sparse_attention,1024,4096,2,32,1,2587.01
sparse_attention,1024,4096,2,64,1,2588.96
sparse_attention,1024,4096,2,128,1,2586.18
sparse_attention,1024,4096,2,256,1,2587.46
sparse_attention,1024,4096,2,512,1,2590.4
sparse_attention,1024,4096,2,1024,1,2591.71
sparse_attention,1024,4096,2,2048,1,2602.24
sparse_attention,1024,4096,2,4096,1,2606.31
sparse_attention,1024,4096,2,8192,1,2608.93
sparse_attention,1024,4096,2,16384,1,2599.52
sparse_attention,1024,4096,4,16,1,2581.93
sparse_attention,1024,4096,4,32,1,2587.49
sparse_attention,1024,4096,4,64,1,2583.07
sparse_attention,1024,4096,4,128,1,2587.97
sparse_attention,1024,4096,4,256,1,2590.15
sparse_attention,1024,4096,4,512,1,2592.39
sparse_attention,1024,4096,4,1024,1,2605.19
sparse_attention,1024,4096,4,2048,1,2619.75
sparse_attention,1024,4096,4,4096,1,2613.57
sparse_attention,1024,4096,4,8192,1,2613.44
sparse_attention,1024,4096,4,16384,1,2617.12
sparse_attention,1024,4096,8,16,1,2581.19
sparse_attention,1024,4096,8,32,1,2581.64
sparse_attention,1024,4096,8,64,1,2579.08
sparse_attention,1024,4096,8,128,1,2591.01
sparse_attention,1024,4096,8,256,1,2591.59
sparse_attention,1024,4096,8,512,1,2601.73
sparse_attention,1024,4096,8,1024,1,2618.75
sparse_attention,1024,4096,8,2048,1,2649.28
sparse_attention,1024,4096,8,4096,1,2642.82
sparse_attention,1024,4096,8,8192,1,2646.98
sparse_attention,1024,4096,8,16384,1,2643.53
sparse_attention,1024,4096,16,16,1,2590.5
sparse_attention,1024,4096,16,32,1,2597.54
sparse_attention,1024,4096,16,64,1,2591.55
sparse_attention,1024,4096,16,128,1,2606.43
sparse_attention,1024,4096,16,256,1,2609.38
sparse_attention,1024,4096,16,512,1,2632.13
sparse_attention,1024,4096,16,1024,1,2664.16
sparse_attention,1024,4096,16,2048,1,2722.85
sparse_attention,1024,4096,16,4096,1,2722.82
sparse_attention,1024,4096,16,8192,1,2734.66
sparse_attention,1024,4096,16,16384,1,2753.44
sparse_attention,1024,4096,32,16,1,2580.77
sparse_attention,1024,4096,32,32,1,2582.6
sparse_attention,1024,4096,32,64,1,2593.7
sparse_attention,1024,4096,32,128,1,2607.01
sparse_attention,1024,4096,32,256,1,2624.55
sparse_attention,1024,4096,32,512,1,2654.69
sparse_attention,1024,4096,32,1024,1,2737.28
sparse_attention,1024,4096,32,2048,1,2894.5
sparse_attention,1024,4096,32,4096,1,2904.17
sparse_attention,1024,4096,32,8192,1,2916.29
sparse_attention,1024,4096,32,16384,1,2879.37
sparse_attention,1024,4096,64,16,1,2603.21
sparse_attention,1024,4096,64,32,1,2604.26
sparse_attention,1024,4096,64,64,1,2607.39
sparse_attention,1024,4096,64,128,1,2633.48
sparse_attention,1024,4096,64,256,1,2660.1
sparse_attention,1024,4096,64,512,1,2737.96
sparse_attention,1024,4096,64,1024,1,2936.04
sparse_attention,1024,4096,64,2048,1,3201.42
sparse_attention,1024,4096,64,4096,1,3192.33
sparse_attention,1024,4096,64,8192,1,3142.92
sparse_attention,1024,4096,64,16384,1,3104.71
sparse_attention,1024,4096,128,16,1,2610.85
sparse_attention,1024,4096,128,32,1,2625.41
sparse_attention,1024,4096,128,64,1,2637.12
sparse_attention,1024,4096,128,128,1,2684.2
sparse_attention,1024,4096,128,256,1,2751.08
sparse_attention,1024,4096,128,512,1,2954.05
sparse_attention,1024,4096,128,1024,1,3244.42
sparse_attention,1024,4096,128,2048,1,3698.09
sparse_attention,1024,4096,128,4096,1,3660.1
sparse_attention,1024,4096,128,8192,1,3601.73
sparse_attention,1024,4096,128,16384,1,3607.69
sparse_attention,1024,8192,0,0,1,2565.79
sparse_attention,1024,8192,1,16,1,2578.18
sparse_attention,1024,8192,1,32,1,2582.4
sparse_attention,1024,8192,1,64,1,2575.9
sparse_attention,1024,8192,1,128,1,2579.56
sparse_attention,1024,8192,1,256,1,2584.84
sparse_attention,1024,8192,1,512,1,2582.53
sparse_attention,1024,8192,1,1024,1,2587.27
sparse_attention,1024,8192,1,2048,1,2587.78
sparse_attention,1024,8192,1,4096,1,2587.81
sparse_attention,1024,8192,1,8192,1,2589.03
sparse_attention,1024,8192,1,16384,1,2590.56
sparse_attention,1024,8192,2,16,1,2590.37
sparse_attention,1024,8192,2,32,1,2589.54
sparse_attention,1024,8192,2,64,1,2589.58
sparse_attention,1024,8192,2,128,1,2595.91
sparse_attention,1024,8192,2,256,1,2596.71
sparse_attention,1024,8192,2,512,1,2595.14
sparse_attention,1024,8192,2,1024,1,2597.8
sparse_attention,1024,8192,2,2048,1,2614.37
sparse_attention,1024,8192,2,4096,1,2608.01
sparse_attention,1024,8192,2,8192,1,2610.92
sparse_attention,1024,8192,2,16384,1,2604.13
sparse_attention,1024,8192,4,16,1,2599.46
sparse_attention,1024,8192,4,32,1,2594.82
sparse_attention,1024,8192,4,64,1,2592.52
sparse_attention,1024,8192,4,128,1,2602.98
sparse_attention,1024,8192,4,256,1,2598.41
sparse_attention,1024,8192,4,512,1,2604.87
sparse_attention,1024,8192,4,1024,1,2621.57
sparse_attention,1024,8192,4,2048,1,2632.8
sparse_attention,1024,8192,4,4096,1,2627.3
sparse_attention,1024,8192,4,8192,1,2628.04
sparse_attention,1024,8192,4,16384,1,2626.95
sparse_attention,1024,8192,8,16,1,2584.71
sparse_attention,1024,8192,8,32,1,2587.24
sparse_attention,1024,8192,8,64,1,2586.31
sparse_attention,1024,8192,8,128,1,2593.28
sparse_attention,1024,8192,8,256,1,2599.02
sparse_attention,1024,8192,8,512,1,2608.84
sparse_attention,1024,8192,8,1024,1,2624.29
sparse_attention,1024,8192,8,2048,1,2653.32
sparse_attention,1024,8192,8,4096,1,2650.12
sparse_attention,1024,8192,8,8192,1,2656.48
sparse_attention,1024,8192,8,16384,1,2652.87
sparse_attention,1024,8192,16,16,1,2597.51
sparse_attention,1024,8192,16,32,1,2590.02
sparse_attention,1024,8192,16,64,1,2595.59
sparse_attention,1024,8192,16,128,1,2599.65
sparse_attention,1024,8192,16,256,1,2618.88
sparse_attention,1024,8192,16,512,1,2631.88
sparse_attention,1024,8192,16,1024,1,2662.12
sparse_attention,1024,8192,16,2048,1,2726.5
sparse_attention,1024,8192,16,4096,1,2737.15
sparse_attention,1024,8192,16,8192,1,2736.23
sparse_attention,1024,8192,16,16384,1,2759.78
sparse_attention,1024,8192,32,16,1,2591.11
sparse_attention,1024,8192,32,32,1,2584.58
sparse_attention,1024,8192,32,64,1,2593.92
sparse_attention,1024,8192,32,128,1,2613.16
sparse_attention,1024,8192,32,256,1,2622.63
sparse_attention,1024,8192,32,512,1,2655.88
sparse_attention,1024,8192,32,1024,1,2736.96
sparse_attention,1024,8192,32,2048,1,2898.69
sparse_attention,1024,8192,32,4096,1,2911.11
sparse_attention,1024,8192,32,8192,1,2919.01
sparse_attention,1024,8192,32,16384,1,2876.1
sparse_attention,1024,8192,64,16,1,2604.07
sparse_attention,1024,8192,64,32,1,2605.64
sparse_attention,1024,8192,64,64,1,2618.15
sparse_attention,1024,8192,64,128,1,2642.6
sparse_attention,1024,8192,64,256,1,2679.04
sparse_attention,1024,8192,64,512,1,2741.67
sparse_attention,1024,8192,64,1024,1,2951.01
sparse_attention,1024,8192,64,2048,1,3220.42
sparse_attention,1024,8192,64,4096,1,3193.89
sparse_attention,1024,8192,64,8192,1,3160.04
sparse_attention,1024,8192,64,16384,1,3108.49
sparse_attention,1024,8192,128,16,1,2632.77
sparse_attention,1024,8192,128,32,1,2639.17
sparse_attention,1024,8192,128,64,1,2649.6
sparse_attention,1024,8192,128,128,1,2687.2
sparse_attention,1024,8192,128,256,1,2771.04
sparse_attention,1024,8192,128,512,1,2962.47
sparse_attention,1024,8192,128,1024,1,3261.48
sparse_attention,1024,8192,128,2048,1,3712.97
sparse_attention,1024,8192,128,4096,1,3662.92
sparse_attention,1024,8192,128,8192,1,3627.27
sparse_attention,1024,8192,128,16384,1,3621.58
sparse_attention,1024,16384,0,0,1,2572.07
sparse_attention,1024,16384,1,16,1,2586.4
sparse_attention,1024,16384,1,32,1,2584.16
sparse_attention,1024,16384,1,64,1,2583.24
sparse_attention,1024,16384,1,128,1,2587.88
sparse_attention,1024,16384,1,256,1,2582.08
sparse_attention,1024,16384,1,512,1,2587.17
sparse_attention,1024,16384,1,1024,1,2588.13
sparse_attention,1024,16384,1,2048,1,2592.07
sparse_attention,1024,16384,1,4096,1,2593.13
sparse_attention,1024,16384,1,8192,1,2594.72
sparse_attention,1024,16384,1,16384,1,2591.11
sparse_attention,1024,16384,2,16,1,2597.41
sparse_attention,1024,16384,2,32,1,2603.65
sparse_attention,1024,16384,2,64,1,2598.57
sparse_attention,1024,16384,2,128,1,2600.36
sparse_attention,1024,16384,2,256,1,2596.71
sparse_attention,1024,16384,2,512,1,2604.13
sparse_attention,1024,16384,2,1024,1,2605.22
sparse_attention,1024,16384,2,2048,1,2618.08
sparse_attention,1024,16384,2,4096,1,2606.95
sparse_attention,1024,16384,2,8192,1,2609.03
sparse_attention,1024,16384,2,16384,1,2607.11
sparse_attention,1024,16384,4,16,1,2598.41
sparse_attention,1024,16384,4,32,1,2598.73
sparse_attention,1024,16384,4,64,1,2599.4
sparse_attention,1024,16384,4,128,1,2595.91
sparse_attention,1024,16384,4,256,1,2602.5
sparse_attention,1024,16384,4,512,1,2606.41
sparse_attention,1024,16384,4,1024,1,2614.63
sparse_attention,1024,16384,4,2048,1,2630.89
sparse_attention,1024,16384,4,4096,1,2636.97
sparse_attention,1024,16384,4,8192,1,2625.22
sparse_attention,1024,16384,4,16384,1,2635.68
sparse_attention,1024,16384,8,16,1,2587.72
sparse_attention,1024,16384,8,32,1,2587.78
sparse_attention,1024,16384,8,64,1,2586.7
sparse_attention,1024,16384,8,128,1,2592.01
sparse_attention,1024,16384,8,256,1,2596.33
sparse_attention,1024,16384,8,512,1,2607.33
sparse_attention,1024,16384,8,1024,1,2626.82
sparse_attention,1024,16384,8,2048,1,2652.04
sparse_attention,1024,16384,8,4096,1,2653.67
sparse_attention,1024,16384,8,8192,1,2657.22
sparse_attention,1024,16384,8,16384,1,2650.72
sparse_attention,1024,16384,16,16,1,2602.95
sparse_attention,1024,16384,16,32,1,2597.77
sparse_attention,1024,16384,16,64,1,2596.81
sparse_attention,1024,16384,16,128,1,2605.41
sparse_attention,1024,16384,16,256,1,2618.95
sparse_attention,1024,16384,16,512,1,2632.84
sparse_attention,1024,16384,16,1024,1,2663.27
sparse_attention,1024,16384,16,2048,1,2731.75
sparse_attention,1024,16384,16,4096,1,2740.84
sparse_attention,1024,16384,16,8192,1,2744.13
sparse_attention,1024,16384,16,16384,1,2760.36
sparse_attention,1024,16384,32,16,1,2593
sparse_attention,1024,16384,32,32,1,2588.29
sparse_attention,1024,16384,32,64,1,2591.72
sparse_attention,1024,16384,32,128,1,2605.16
sparse_attention,1024,16384,32,256,1,2624.9
sparse_attention,1024,16384,32,512,1,2654.08
sparse_attention,1024,16384,32,1024,1,2737.86
sparse_attention,1024,16384,32,2048,1,2906.44
sparse_attention,1024,16384,32,4096,1,2912.1
sparse_attention,1024,16384,32,8192,1,2916.93
sparse_attention,1024,16384,32,16384,1,2873.16
sparse_attention,1024,16384,64,16,1,2610.79
sparse_attention,1024,16384,64,32,1,2611.11
sparse_attention,1024,16384,64,64,1,2618.25
sparse_attention,1024,16384,64,128,1,2644.71
sparse_attention,1024,16384,64,256,1,2677
sparse_attention,1024,16384,64,512,1,2751.88
sparse_attention,1024,16384,64,1024,1,2951.08
sparse_attention,1024,16384,64,2048,1,3211.05
sparse_attention,1024,16384,64,4096,1,3203.69
sparse_attention,1024,16384,64,8192,1,3147.88
sparse_attention,1024,16384,64,16384,1,3118.79
sparse_attention,1024,16384,128,16,1,2630.76
sparse_attention,1024,16384,128,32,1,2639.68
sparse_attention,1024,16384,128,64,1,2652.77
sparse_attention,1024,16384,128,128,1,2686.6
sparse_attention,1024,16384,128,256,1,2772.49
sparse_attention,1024,16384,128,512,1,2963.81
sparse_attention,1024,16384,128,1024,1,3259.72
sparse_attention,1024,16384,128,2048,1,3701.96
sparse_attention,1024,16384,128,4096,1,3653.19
sparse_attention,1024,16384,128,8192,1,3624.71
sparse_attention,1024,16384,128,16384,1,3623.88
sparse_attention,2048,0,0,0,1,2887.81
sparse_attention,2048,0,1,16,1,2890.98
sparse_attention,2048,0,1,32,1,2891.02
sparse_attention,2048,0,1,64,1,2895.43
sparse_attention,2048,0,1,128,1,2891.88
sparse_attention,2048,0,1,256,1,2893.96
sparse_attention,2048,0,1,512,1,2894.15
sparse_attention,2048,0,1,1024,1,2895.88
sparse_attention,2048,0,1,2048,1,2892.42
sparse_attention,2048,0,1,4096,1,2906.56
sparse_attention,2048,0,1,8192,1,2899.88
sparse_attention,2048,0,1,16384,1,2900.1
sparse_attention,2048,0,2,16,1,2904.77
sparse_attention,2048,0,2,32,1,2904.2
sparse_attention,2048,0,2,64,1,2904.36
sparse_attention,2048,0,2,128,1,2906.73
sparse_attention,2048,0,2,256,1,2907.37
sparse_attention,2048,0,2,512,1,2910.05
sparse_attention,2048,0,2,1024,1,2914.09
sparse_attention,2048,0,2,2048,1,2922.25
sparse_attention,2048,0,2,4096,1,2926.53
sparse_attention,2048,0,2,8192,1,2926.15
sparse_attention,2048,0,2,16384,1,2915.94
sparse_attention,2048,0,4,16,1,2893.38
sparse_attention,2048,0,4,32,1,2897.67
sparse_attention,2048,0,4,64,1,2898.54
sparse_attention,2048,0,4,128,1,2892.39
sparse_attention,2048,0,4,256,1,2897.6
sparse_attention,2048,0,4,512,1,2901.64
sparse_attention,2048,0,4,1024,1,2910.47
sparse_attention,2048,0,4,2048,1,2922.15
sparse_attention,2048,0,4,4096,1,2926.21
sparse_attention,2048,0,4,8192,1,2926.47
sparse_attention,2048,0,4,16384,1,2928.52
sparse_attention,2048,0,8,16,1,2897.67
sparse_attention,2048,0,8,32,1,2893.28
sparse_attention,2048,0,8,64,1,2897.38
sparse_attention,2048,0,8,128,1,2903.3
sparse_attention,2048,0,8,256,1,2905.06
sparse_attention,2048,0,8,512,1,2914.31
sparse_attention,2048,0,8,1024,1,2931.43
sparse_attention,2048,0,8,2048,1,2964.3
sparse_attention,2048,0,8,4096,1,2965.16
sparse_attention,2048,0,8,8192,1,2969.03
sparse_attention,2048,0,8,16384,1,2968.55
sparse_attention,2048,0,16,16,1,2909.89
sparse_attention,2048,0,16,32,1,2909.16
sparse_attention,2048,0,16,64,1,2909.35
sparse_attention,2048,0,16,128,1,2923.14
sparse_attention,2048,0,16,256,1,2934.41
sparse_attention,2048,0,16,512,1,2942.09
sparse_attention,2048,0,16,1024,1,2980.97
sparse_attention,2048,0,16,2048,1,3050.31
sparse_attention,2048,0,16,4096,1,3057.93
sparse_attention,2048,0,16,8192,1,3072.1
sparse_attention,2048,0,16,16384,1,3085.7
sparse_attention,2048,0,32,16,1,2900.1
sparse_attention,2048,0,32,32,1,2903.52
sparse_attention,2048,0,32,64,1,2906.5
sparse_attention,2048,0,32,128,1,2919.23
sparse_attention,2048,0,32,256,1,2937.45
sparse_attention,2048,0,32,512,1,2975.46
sparse_attention,2048,0,32,1024,1,3054.57
sparse_attention,2048,0,32,2048,1,3225.67
sparse_attention,2048,0,32,4096,1,3237
sparse_attention,2048,0,32,8192,1,3234.28
sparse_attention,2048,0,32,16384,1,3189.99
sparse_attention,2048,0,64,16,1,2922.69
sparse_attention,2048,0,64,32,1,2931.62
sparse_attention,2048,0,64,64,1,2938.76
sparse_attention,2048,0,64,128,1,2965.77
sparse_attention,2048,0,64,256,1,2991.72
sparse_attention,2048,0,64,512,1,3082.79
sparse_attention,2048,0,64,1024,1,3276.93
sparse_attention,2048,0,64,2048,1,3532.39
sparse_attention,2048,0,64,4096,1,3524.52
sparse_attention,2048,0,64,8192,1,3469.99
sparse_attention,2048,0,64,16384,1,3430.63
sparse_attention,2048,0,128,16,1,2930.44
sparse_attention,2048,0,128,32,1,2942.38
sparse_attention,2048,0,128,64,1,2954.6
sparse_attention,2048,0,128,128,1,2994.85
sparse_attention,2048,0,128,256,1,3082.28
sparse_attention,2048,0,128,512,1,3288.1
sparse_attention,2048,0,128,1024,1,3567.34
sparse_attention,2048,0,128,2048,1,4006.95
sparse_attention,2048,0,128,4096,1,3953.51
sparse_attention,2048,0,128,8192,1,3926.06
sparse_attention,2048,0,128,16384,1,3927.56
sparse_attention,2048,16,0,0,1,2921.38
sparse_attention,2048,16,1,16,1,2928.48
sparse_attention,2048,16,1,32,1,2929.35
sparse_attention,2048,16,1,64,1,2925.41
sparse_attention,2048,16,1,128,1,2930.02
sparse_attention,2048,16,1,256,1,2927.78
sparse_attention,2048,16,1,512,1,2925.93
sparse_attention,2048,16,1,1024,1,2933.57
sparse_attention,2048,16,1,2048,1,2933.61
sparse_attention,2048,16,1,4096,1,2933.1
sparse_attention,2048,16,1,8192,1,2936.04
sparse_attention,2048,16,1,16384,1,2942.98
sparse_attention,2048,16,2,16,1,2939.11
sparse_attention,2048,16,2,32,1,2948.61
sparse_attention,2048,16,2,64,1,2940.04
sparse_attention,2048,16,2,128,1,2941.7
sparse_attention,2048,16,2,256,1,2942.47
sparse_attention,2048,16,2,512,1,2943.05
sparse_attention,2048,16,2,1024,1,2944.29
sparse_attention,2048,16,2,2048,1,2961.96
sparse_attention,2048,16,2,4096,1,2961.32
sparse_attention,2048,16,2,8192,1,2961.99
sparse_attention,2048,16,2,16384,1,2951.56
sparse_attention,2048,16,4,16,1,2932.84
sparse_attention,2048,16,4,32,1,2931.18
sparse_attention,2048,16,4,64,1,2932.74
sparse_attention,2048,16,4,128,1,2931.43
sparse_attention,2048,16,4,256,1,2934.6
sparse_attention,2048,16,4,512,1,2935.56
sparse_attention,2048,16,4,1024,1,2945.86
sparse_attention,2048,16,4,2048,1,2959.18
sparse_attention,2048,16,4,4096,1,2967.3
sparse_attention,2048,16,4,8192,1,2962.28
sparse_attention,2048,16,4,16384,1,2962.12
sparse_attention,2048,16,8,16,1,2926.92
sparse_attention,2048,16,8,32,1,2933.32
sparse_attention,2048,16,8,64,1,2926.47
sparse_attention,2048,16,8,128,1,2937.22
sparse_attention,2048,16,8,256,1,2940.42
sparse_attention,2048,16,8,512,1,2948.42
sparse_attention,2048,16,8,1024,1,2967.14
sparse_attention,2048,16,8,2048,1,3004.68
sparse_attention,2048,16,8,4096,1,2996.93
sparse_attention,2048,16,8,8192,1,2995.59
sparse_attention,2048,16,8,16384,1,3009.03
sparse_attention,2048,16,16,16,1,2940.9
sparse_attention,2048,16,16,32,1,2944.39
sparse_attention,2048,16,16,64,1,2950.15
sparse_attention,2048,16,16,128,1,2957.06
sparse_attention,2048,16,16,256,1,2967.14
sparse_attention,2048,16,16,512,1,2978.79
sparse_attention,2048,16,16,1024,1,3013.19
sparse_attention,2048,16,16,2048,1,3082.63
sparse_attention,2048,16,16,4096,1,3098.54
sparse_attention,2048,16,16,8192,1,3105.51
sparse_attention,2048,16,16,16384,1,3119.66
sparse_attention,2048,16,32,16,1,2935.75
sparse_attention,2048,16,32,32,1,2937.38
sparse_attention,2048,16,32,64,1,2942.25
sparse_attention,2048,16,32,128,1,2955.4
sparse_attention,2048,16,32,256,1,2972.87
sparse_attention,2048,16,32,512,1,3010.06
sparse_attention,2048,16,32,1024,1,3093.64
sparse_attention,2048,16,32,2048,1,3260.42
sparse_attention,2048,16,32,4096,1,3271.78
sparse_attention,2048,16,32,8192,1,3280.65
sparse_attention,2048,16,32,16384,1,3224.65
sparse_attention,2048,16,64,16,1,2958.31
sparse_attention,2048,16,64,32,1,2957.06
sparse_attention,2048,16,64,64,1,2971.4
sparse_attention,2048,16,64,128,1,2991.69
sparse_attention,2048,16,64,256,1,3024.9
sparse_attention,2048,16,64,512,1,3115.08
sparse_attention,2048,16,64,1024,1,3304.9
sparse_attention,2048,16,64,2048,1,3568.84
sparse_attention,2048,16,64,4096,1,3554.76
sparse_attention,2048,16,64,8192,1,3503.21
sparse_attention,2048,16,64,16384,1,3471.4
sparse_attention,2048,16,128,16,1,2971.27
sparse_attention,2048,16,128,32,1,2971.62
sparse_attention,2048,16,128,64,1,2988.33
sparse_attention,2048,16,128,128,1,3030.37
sparse_attention,2048,16,128,256,1,3127.2
sparse_attention,2048,16,128,512,1,3313.03
sparse_attention,2048,16,128,1024,1,3600.52
sparse_attention,2048,16,128,2048,1,4042.16
sparse_attention,2048,16,128,4096,1,3989.16
sparse_attention,2048,16,128,8192,1,3963.21
sparse_attention,2048,16,128,16384,1,3966.86
sparse_attention,2048,32,0,0,1,2958.28
sparse_attention,2048,32,1,16,1,2953.32
sparse_attention,2048,32,1,32,1,2952.48
sparse_attention,2048,32,1,64,1,2953.67
sparse_attention,2048,32,1,128,1,2962.18
sparse_attention,2048,32,1,256,1,2958.44
sparse_attention,2048,32,1,512,1,2955.65
sparse_attention,2048,32,1,1024,1,2958.73
sparse_attention,2048,32,1,2048,1,2968.49
sparse_attention,2048,32,1,4096,1,2969.73
sparse_attention,2048,32,1,8192,1,2966.47
sparse_attention,2048,32,1,16384,1,2967.65
sparse_attention,2048,32,2,16,1,2969.06
sparse_attention,2048,32,2,32,1,2972.78
sparse_attention,2048,32,2,64,1,2967.17
sparse_attention,2048,32,2,128,1,2975.17
sparse_attention,2048,32,2,256,1,2973.83
sparse_attention,2048,32,2,512,1,2974.79
sparse_attention,2048,32,2,1024,1,2977.61
sparse_attention,2048,32,2,2048,1,2993.86
sparse_attention,2048,32,2,4096,1,2989.58
sparse_attention,2048,32,2,8192,1,2991.01
sparse_attention,2048,32,2,16384,1,2982.47
sparse_attention,2048,32,4,16,1,2956.39
sparse_attention,2048,32,4,32,1,2962.98
sparse_attention,2048,32,4,64,1,2954.63
sparse_attention,2048,32,4,128,1,2961.03
sparse_attention,2048,32,4,256,1,2960.17
sparse_attention,2048,32,4,512,1,2968.01
sparse_attention,2048,32,4,1024,1,2975.17
sparse_attention,2048,32,4,2048,1,2988.36
sparse_attention,2048,32,4,4096,1,2991.14
sparse_attention,2048,32,4,8192,1,2993.57
sparse_attention,2048,32,4,16384,1,2992.9
sparse_attention,2048,32,8,16,1,2956.87
sparse_attention,2048,32,8,32,1,2955.4
sparse_attention,2048,32,8,64,1,2961.35
sparse_attention,2048,32,8,128,1,2970.44
sparse_attention,2048,32,8,256,1,2968.42
sparse_attention,2048,32,8,512,1,2982.86
sparse_attention,2048,32,8,1024,1,2989.61
sparse_attention,2048,32,8,2048,1,3024.2
sparse_attention,2048,32,8,4096,1,3028.26
sparse_attention,2048,32,8,8192,1,3025.22
sparse_attention,2048,32,8,16384,1,3029.7
sparse_attention,2048,32,16,16,1,2974.44
sparse_attention,2048,32,16,32,1,2970.37
sparse_attention,2048,32,16,64,1,2978.12
sparse_attention,2048,32,16,128,1,2985.29
sparse_attention,2048,32,16,256,1,2998.47
sparse_attention,2048,32,16,512,1,3008.49
sparse_attention,2048,32,16,1024,1,3040.77
sparse_attention,2048,32,16,2048,1,3113
sparse_attention,2048,32,16,4096,1,3124.74
sparse_attention,2048,32,16,8192,1,3134.98
sparse_attention,2048,32,16,16384,1,3159.3
sparse_attention,2048,32,32,16,1,2969.7
sparse_attention,2048,32,32,32,1,2964.65
sparse_attention,2048,32,32,64,1,2973.7
sparse_attention,2048,32,32,128,1,2981.38
sparse_attention,2048,32,32,256,1,3004.45
sparse_attention,2048,32,32,512,1,3035.59
sparse_attention,2048,32,32,1024,1,3119.53
sparse_attention,2048,32,32,2048,1,3292.04
sparse_attention,2048,32,32,4096,1,3303.69
sparse_attention,2048,32,32,8192,1,3304.55
sparse_attention,2048,32,32,16384,1,3259.08
sparse_attention,2048,32,64,16,1,2987.69
sparse_attention,2048,32,64,32,1,2996.04
sparse_attention,2048,32,64,64,1,3008.1
sparse_attention,2048,32,64,128,1,3021.22
sparse_attention,2048,32,64,256,1,3053.38
sparse_attention,2048,32,64,512,1,3145.1
sparse_attention,2048,32,64,1024,1,3339.24
sparse_attention,2048,32,64,2048,1,3599.53
sparse_attention,2048,32,64,4096,1,3591.33
sparse_attention,2048,32,64,8192,1,3528.07
sparse_attention,2048,32,64,16384,1,3497.26
sparse_attention,2048,32,128,16,1,2996.87
sparse_attention,2048,32,128,32,1,3006.09
sparse_attention,2048,32,128,64,1,3017.96
sparse_attention,2048,32,128,128,1,3060.2
sparse_attention,2048,32,128,256,1,3150.12
sparse_attention,2048,32,128,512,1,3340.3
sparse_attention,2048,32,128,1024,1,3635.01
sparse_attention,2048,32,128,2048,1,4071.05
sparse_attention,2048,32,128,4096,1,4019.28
sparse_attention,2048,32,128,8192,1,3990.92
sparse_attention,2048,32,128,16384,1,3999.4
sparse_attention,2048,64,0,0,1,3030.02
sparse_attention,2048,64,1,16,1,3034.86
sparse_attention,2048,64,1,32,1,3033.76
sparse_attention,2048,64,1,64,1,3034.7
sparse_attention,2048,64,1,128,1,3034.6
sparse_attention,2048,64,1,256,1,3035.14
sparse_attention,2048,64,1,512,1,3036.01
sparse_attention,2048,64,1,1024,1,3040.52
sparse_attention,2048,64,1,2048,1,3040.23
sparse_attention,2048,64,1,4096,1,3042.98
sparse_attention,2048,64,1,8192,1,3041.96
sparse_attention,2048,64,1,16384,1,3044.01
sparse_attention,2048,64,2,16,1,3046.92
sparse_attention,2048,64,2,32,1,3049.8
sparse_attention,2048,64,2,64,1,3053.8
sparse_attention,2048,64,2,128,1,3051.78
sparse_attention,2048,64,2,256,1,3046.54
sparse_attention,2048,64,2,512,1,3052.97
sparse_attention,2048,64,2,1024,1,3055.56
sparse_attention,2048,64,2,2048,1,3062.22
sparse_attention,2048,64,2,4096,1,3067.81
sparse_attention,2048,64,2,8192,1,3068.77
sparse_attention,2048,64,2,16384,1,3071.05
sparse_attention,2048,64,4,16,1,3036.2
sparse_attention,2048,64,4,32,1,3036.84
sparse_attention,2048,64,4,64,1,3039.94
sparse_attention,2048,64,4,128,1,3035.59
sparse_attention,2048,64,4,256,1,3035.88
sparse_attention,2048,64,4,512,1,3044.04
sparse_attention,2048,64,4,1024,1,3049.22
sparse_attention,2048,64,4,2048,1,3071.98
sparse_attention,2048,64,4,4096,1,3071.56
sparse_attention,2048,64,4,8192,1,3068.01
sparse_attention,2048,64,4,16384,1,3070.09
sparse_attention,2048,64,8,16,1,3036.9
sparse_attention,2048,64,8,32,1,3042.73
sparse_attention,2048,64,8,64,1,3035.88
sparse_attention,2048,64,8,128,1,3040.45
sparse_attention,2048,64,8,256,1,3044.36
sparse_attention,2048,64,8,512,1,3056.33
sparse_attention,2048,64,8,1024,1,3071.24
sparse_attention,2048,64,8,2048,1,3103.08
sparse_attention,2048,64,8,4096,1,3104.36
sparse_attention,2048,64,8,8192,1,3107.62
sparse_attention,2048,64,8,16384,1,3107.78
sparse_attention,2048,64,16,16,1,3053.06
sparse_attention,2048,64,16,32,1,3049.74
sparse_attention,2048,64,16,64,1,3055.01
sparse_attention,2048,64,16,128,1,3065
sparse_attention,2048,64,16,256,1,3071.82
sparse_attention,2048,64,16,512,1,3088.87
sparse_attention,2048,64,16,1024,1,3120.9
sparse_attention,2048,64,16,2048,1,3190.79
sparse_attention,2048,64,16,4096,1,3205.61
sparse_attention,2048,64,16,8192,1,3213.38
sparse_attention,2048,64,16,16384,1,3235.33
sparse_attention,2048,64,32,16,1,3043.75
sparse_attention,2048,64,32,32,1,3044.3
sparse_attention,2048,64,32,64,1,3047.65
sparse_attention,2048,64,32,128,1,3066.22
sparse_attention,2048,64,32,256,1,3078.02
sparse_attention,2048,64,32,512,1,3115.36
sparse_attention,2048,64,32,1024,1,3203.69
sparse_attention,2048,64,32,2048,1,3368.3
sparse_attention,2048,64,32,4096,1,3380.71
sparse_attention,2048,64,32,8192,1,3381.13
sparse_attention,2048,64,32,16384,1,3335.56
sparse_attention,2048,64,64,16,1,3065.45
sparse_attention,2048,64,64,32,1,3076.74
sparse_attention,2048,64,64,64,1,3086.51
sparse_attention,2048,64,64,128,1,3097.22
sparse_attention,2048,64,64,256,1,3128.42
sparse_attention,2048,64,64,512,1,3225.44
sparse_attention,2048,64,64,1024,1,3416.97
sparse_attention,2048,64,64,2048,1,3677.26
sparse_attention,2048,64,64,4096,1,3665.23
sparse_attention,2048,64,64,8192,1,3612.77
sparse_attention,2048,64,64,16384,1,3578.38
sparse_attention,2048,64,128,16,1,3080.17
sparse_attention,2048,64,128,32,1,3083.36
sparse_attention,2048,64,128,64,1,3098.47
sparse_attention,2048,64,128,128,1,3136.97
sparse_attention,2048,64,128,256,1,3238.47
sparse_attention,2048,64,128,512,1,3420.94
sparse_attention,2048,64,128,1024,1,3716.68
sparse_attention,2048,64,128,2048,1,4148.07
sparse_attention,2048,64,128,4096,1,4100.68
sparse_attention,2048,64,128,8192,1,4066.47
sparse_attention,2048,64,128,16384,1,4073.8
sparse_attention,2048,128,0,0,1,3173.7
sparse_attention,2048,128,1,16,1,3174.73
sparse_attention,2048,128,1,32,1,3168.93
sparse_attention,2048,128,1,64,1,3176.78
sparse_attention,2048,128,1,128,1,3174.82
sparse_attention,2048,128,1,256,1,3178.6
sparse_attention,2048,128,1,512,1,3177.32
sparse_attention,2048,128,1,1024,1,3180.9
sparse_attention,2048,128,1,2048,1,3180.87
sparse_attention,2048,128,1,4096,1,3186.15
sparse_attention,2048,128,1,8192,1,3185.67
sparse_attention,2048,128,1,16384,1,3185.32
sparse_attention,2048,128,2,16,1,3189.55
sparse_attention,2048,128,2,32,1,3190.73
sparse_attention,2048,128,2,64,1,3184.01
sparse_attention,2048,128,2,128,1,3190.66
sparse_attention,2048,128,2,256,1,3190.02
sparse_attention,2048,128,2,512,1,3191.85
sparse_attention,2048,128,2,1024,1,3198.31
sparse_attention,2048,128,2,2048,1,3208.58
sparse_attention,2048,128,2,4096,1,3209.58
sparse_attention,2048,128,2,8192,1,3209.96
sparse_attention,2048,128,2,16384,1,3202.32
sparse_attention,2048,128,4,16,1,3172.32
sparse_attention,2048,128,4,32,1,3172.84
sparse_attention,2048,128,4,64,1,3173.45
sparse_attention,2048,128,4,128,1,3174.05
sparse_attention,2048,128,4,256,1,3178.28
sparse_attention,2048,128,4,512,1,3184.71
sparse_attention,2048,128,4,1024,1,3195.27
sparse_attention,2048,128,4,2048,1,3206.63
sparse_attention,2048,128,4,4096,1,3213.89
sparse_attention,2048,128,4,8192,1,3205.06
sparse_attention,2048,128,4,16384,1,3205.45
sparse_attention,2048,128,8,16,1,3178.25
sparse_attention,2048,128,8,32,1,3173.89
sparse_attention,2048,128,8,64,1,3176.39
sparse_attention,2048,128,8,128,1,3179.72
sparse_attention,2048,128,8,256,1,3184.74
sparse_attention,2048,128,8,512,1,3196.3
sparse_attention,2048,128,8,1024,1,3214.89
sparse_attention,2048,128,8,2048,1,3244.14
sparse_attention,2048,128,8,4096,1,3238.12
sparse_attention,2048,128,8,8192,1,3240.3
sparse_attention,2048,128,8,16384,1,3244.58
sparse_attention,2048,128,16,16,1,3194.54
sparse_attention,2048,128,16,32,1,3191.94
sparse_attention,2048,128,16,64,1,3193.77
sparse_attention,2048,128,16,128,1,3207.14
sparse_attention,2048,128,16,256,1,3215.59
sparse_attention,2048,128,16,512,1,3233.57
sparse_attention,2048,128,16,1024,1,3264.81
sparse_attention,2048,128,16,2048,1,3335.14
sparse_attention,2048,128,16,4096,1,3348.07
sparse_attention,2048,128,16,8192,1,3355.82
sparse_attention,2048,128,16,16384,1,3372.14
sparse_attention,2048,128,32,16,1,3183.91
sparse_attention,2048,128,32,32,1,3186.92
sparse_attention,2048,128,32,64,1,3185.45
sparse_attention,2048,128,32,128,1,3204.78
sparse_attention,2048,128,32,256,1,3221.9
sparse_attention,2048,128,32,512,1,3254.34
sparse_attention,2048,128,32,1024,1,3336.3
sparse_attention,2048,128,32,2048,1,3507.98
sparse_attention,2048,128,32,4096,1,3518.21
sparse_attention,2048,128,32,8192,1,3518.5
sparse_attention,2048,128,32,16384,1,3477.38
sparse_attention,2048,128,64,16,1,3213.77
sparse_attention,2048,128,64,32,1,3210.38
sparse_attention,2048,128,64,64,1,3221.03
sparse_attention,2048,128,64,128,1,3245.16
sparse_attention,2048,128,64,256,1,3281.35
sparse_attention,2048,128,64,512,1,3369.16
sparse_attention,2048,128,64,1024,1,3557.67
sparse_attention,2048,128,64,2048,1,3814.47
sparse_attention,2048,128,64,4096,1,3806.7
sparse_attention,2048,128,64,8192,1,3748.65
sparse_attention,2048,128,64,16384,1,3718.89
sparse_attention,2048,128,128,16,1,3227.11
sparse_attention,2048,128,128,32,1,3229.13
sparse_attention,2048,128,128,64,1,3240.23
sparse_attention,2048,128,128,128,1,3279.78
sparse_attention,2048,128,128,256,1,3370.12
sparse_attention,2048,128,128,512,1,3565.57
sparse_attention,2048,128,128,1024,1,3845.19
sparse_attention,2048,128,128,2048,1,4296.04
sparse_attention,2048,128,128,4096,1,4239.08
sparse_attention,2048,128,128,8192,1,4207.11
sparse_attention,2048,128,128,16384,1,4217.19
sparse_attention,2048,256,0,0,1,3441.83
sparse_attention,2048,256,1,16,1,3431.85
sparse_attention,2048,256,1,32,1,3428.39
sparse_attention,2048,256,1,64,1,3431.37
sparse_attention,2048,256,1,128,1,3432.11
sparse_attention,2048,256,1,256,1,3436.2
sparse_attention,2048,256,1,512,1,3433.41
sparse_attention,2048,256,1,1024,1,3435.37
sparse_attention,2048,256,1,2048,1,3437.7
sparse_attention,2048,256,1,4096,1,3438.02
sparse_attention,2048,256,1,8192,1,3444.55
sparse_attention,2048,256,1,16384,1,3443.27
sparse_attention,2048,256,2,16,1,3457.77
sparse_attention,2048,256,2,32,1,3450.57
sparse_attention,2048,256,2,64,1,3453.57
sparse_attention,2048,256,2,128,1,3451.5
sparse_attention,2048,256,2,256,1,3452.29
sparse_attention,2048,256,2,512,1,3452.65
sparse_attention,2048,256,2,1024,1,3455.46
sparse_attention,2048,256,2,2048,1,3466.37
sparse_attention,2048,256,2,4096,1,3472.36
sparse_attention,2048,256,2,8192,1,3469.48
sparse_attention,2048,256,2,16384,1,3463.11
sparse_attention,2048,256,4,16,1,3430.34
sparse_attention,2048,256,4,32,1,3435.37
sparse_attention,2048,256,4,64,1,3433.16
sparse_attention,2048,256,4,128,1,3433.86
sparse_attention,2048,256,4,256,1,3433.13
sparse_attention,2048,256,4,512,1,3443.72
sparse_attention,2048,256,4,1024,1,3454.6
sparse_attention,2048,256,4,2048,1,3467.91
sparse_attention,2048,256,4,4096,1,3470.51
sparse_attention,2048,256,4,8192,1,3465.06
sparse_attention,2048,256,4,16384,1,3472.81
sparse_attention,2048,256,8,16,1,3435.91
sparse_attention,2048,256,8,32,1,3435.21
sparse_attention,2048,256,8,64,1,3433.45
sparse_attention,2048,256,8,128,1,3441.13
sparse_attention,2048,256,8,256,1,3437.38
sparse_attention,2048,256,8,512,1,3454.95
sparse_attention,2048,256,8,1024,1,3472.33
sparse_attention,2048,256,8,2048,1,3503.56
sparse_attention,2048,256,8,4096,1,3500.13
sparse_attention,2048,256,8,8192,1,3502.5
sparse_attention,2048,256,8,16384,1,3513.22
sparse_attention,2048,256,16,16,1,3453
sparse_attention,2048,256,16,32,1,3459.14
sparse_attention,2048,256,16,64,1,3462.82
sparse_attention,2048,256,16,128,1,3470.38
sparse_attention,2048,256,16,256,1,3476.71
sparse_attention,2048,256,16,512,1,3494.83
sparse_attention,2048,256,16,1024,1,3527.21
sparse_attention,2048,256,16,2048,1,3591.62
sparse_attention,2048,256,16,4096,1,3602.47
sparse_attention,2048,256,16,8192,1,3615.85
sparse_attention,2048,256,16,16384,1,3630.31
sparse_attention,2048,256,32,16,1,3437.54
sparse_attention,2048,256,32,32,1,3442.12
sparse_attention,2048,256,32,64,1,3447.18
sparse_attention,2048,256,32,128,1,3458.86
sparse_attention,2048,256,32,256,1,3481.03
sparse_attention,2048,256,32,512,1,3510.7
sparse_attention,2048,256,32,1024,1,3605
sparse_attention,2048,256,32,2048,1,3763.18
sparse_attention,2048,256,32,4096,1,3776.27
sparse_attention,2048,256,32,8192,1,3783.88
sparse_attention,2048,256,32,16384,1,3734.15
sparse_attention,2048,256,64,16,1,3477.58
sparse_attention,2048,256,64,32,1,3474.89
sparse_attention,2048,256,64,64,1,3480.04
sparse_attention,2048,256,64,128,1,3509.48
sparse_attention,2048,256,64,256,1,3537.54
sparse_attention,2048,256,64,512,1,3628.69
sparse_attention,2048,256,64,1024,1,3819.91
sparse_attention,2048,256,64,2048,1,4077.35
sparse_attention,2048,256,64,4096,1,4069.45
sparse_attention,2048,256,64,8192,1,4016.3
sparse_attention,2048,256,64,16384,1,3977.8
sparse_attention,2048,256,128,16,1,3479.62
sparse_attention,2048,256,128,32,1,3486.03
sparse_attention,2048,256,128,64,1,3497.9
sparse_attention,2048,256,128,128,1,3538.54
sparse_attention,2048,256,128,256,1,3630.86
sparse_attention,2048,256,128,512,1,3822.99
sparse_attention,2048,256,128,1024,1,4111.21
sparse_attention,2048,256,128,2048,1,4546.06
sparse_attention,2048,256,128,4096,1,4500.1
sparse_attention,2048,256,128,8192,1,4471.34
sparse_attention,2048,256,128,16384,1,4475.56
sparse_attention,2048,512,0,0,1,3899.69
sparse_attention,2048,512,1,16,1,3891.53
sparse_attention,2048,512,1,32,1,3900.17
sparse_attention,2048,512,1,64,1,3894.79
sparse_attention,2048,512,1,128,1,3898.79
sparse_attention,2048,512,1,256,1,3896.9
sparse_attention,2048,512,1,512,1,3902.44
sparse_attention,2048,512,1,1024,1,3899.02
sparse_attention,2048,512,1,2048,1,3902.86
sparse_attention,2048,512,1,4096,1,3906.22
sparse_attention,2048,512,1,8192,1,3904.72
sparse_attention,2048,512,1,16384,1,3911.75
sparse_attention,2048,512,2,16,1,3912.71
sparse_attention,2048,512,2,32,1,3913.35
sparse_attention,2048,512,2,64,1,3908.49
sparse_attention,2048,512,2,128,1,3916.81
sparse_attention,2048,512,2,256,1,3918.6
sparse_attention,2048,512,2,512,1,3919.27
sparse_attention,2048,512,2,1024,1,3926.89
sparse_attention,2048,512,2,2048,1,3934.02
sparse_attention,2048,512,2,4096,1,3931.66
sparse_attention,2048,512,2,8192,1,3940.62
sparse_attention,2048,512,2,16384,1,3932.33
sparse_attention,2048,512,4,16,1,3899.65
sparse_attention,2048,512,4,32,1,3896.43
sparse_attention,2048,512,4,64,1,3896.3
sparse_attention,2048,512,4,128,1,3905.32
sparse_attention,2048,512,4,256,1,3906.16
sparse_attention,2048,512,4,512,1,3906.28
sparse_attention,2048,512,4,1024,1,3912.81
sparse_attention,2048,512,4,2048,1,3929.48
sparse_attention,2048,512,4,4096,1,3927.82
sparse_attention,2048,512,4,8192,1,3923.56
sparse_attention,2048,512,4,16384,1,3928.39
sparse_attention,2048,512,8,16,1,3896.42
sparse_attention,2048,512,8,32,1,3902.02
sparse_attention,2048,512,8,64,1,3900.55
sparse_attention,2048,512,8,128,1,3907.72
sparse_attention,2048,512,8,256,1,3905.03
sparse_attention,2048,512,8,512,1,3923.65
sparse_attention,2048,512,8,1024,1,3934.5
sparse_attention,2048,512,8,2048,1,3964.97
sparse_attention,2048,512,8,4096,1,3959.11
sparse_attention,2048,512,8,8192,1,3974.31
sparse_attention,2048,512,8,16384,1,3981.71
sparse_attention,2048,512,16,16,1,3920.65
sparse_attention,2048,512,16,32,1,3922.54
sparse_attention,2048,512,16,64,1,3922.31
sparse_attention,2048,512,16,128,1,3928.36
sparse_attention,2048,512,16,256,1,3941.19
sparse_attention,2048,512,16,512,1,3954.38
sparse_attention,2048,512,16,1024,1,3992.3
sparse_attention,2048,512,16,2048,1,4061.61
sparse_attention,2048,512,16,4096,1,4072.39
sparse_attention,2048,512,16,8192,1,4087.11
sparse_attention,2048,512,16,16384,1,4100.01
sparse_attention,2048,512,32,16,1,3901.55
sparse_attention,2048,512,32,32,1,3903.46
sparse_attention,2048,512,32,64,1,3914.19
sparse_attention,2048,512,32,128,1,3928.39
sparse_attention,2048,512,32,256,1,3942.31
sparse_attention,2048,512,32,512,1,3978.67
sparse_attention,2048,512,32,1024,1,4064.17
sparse_attention,2048,512,32,2048,1,4238.12
sparse_attention,2048,512,32,4096,1,4248.52
sparse_attention,2048,512,32,8192,1,4243.21
sparse_attention,2048,512,32,16384,1,4186.99
sparse_attention,2048,512,64,16,1,3939.66
sparse_attention,2048,512,64,32,1,3944.49
sparse_attention,2048,512,64,64,1,3950.25
sparse_attention,2048,512,64,128,1,3968.49
sparse_attention,2048,512,64,256,1,4007.62
sparse_attention,2048,512,64,512,1,4095.02
sparse_attention,2048,512,64,1024,1,4294.09
sparse_attention,2048,512,64,2048,1,4546.76
sparse_attention,2048,512,64,4096,1,4534.03
sparse_attention,2048,512,64,8192,1,4472.81
sparse_attention,2048,512,64,16384,1,4443.05
sparse_attention,2048,512,128,16,1,3939.59
sparse_attention,2048,512,128,32,1,3950.95
sparse_attention,2048,512,128,64,1,3960.17
sparse_attention,2048,512,128,128,1,4001.51
sparse_attention,2048,512,128,256,1,4096.33
sparse_attention,2048,512,128,512,1,4281.61
sparse_attention,2048,512,128,1024,1,4574.35
sparse_attention,2048,512,128,2048,1,5019.31
sparse_attention,2048,512,128,4096,1,4963.79
sparse_attention,2048,512,128,8192,1,4934.41
sparse_attention,2048,512,128,16384,1,4932.14
sparse_attention,2048,1024,0,0,1,4602.76
sparse_attention,2048,1024,1,16,1,4590.09
sparse_attention,2048,1024,1,32,1,4602.25
sparse_attention,2048,1024,1,64,1,4594.22
sparse_attention,2048,1024,1,128,1,4601.16
sparse_attention,2048,1024,1,256,1,4601.77
sparse_attention,2048,1024,1,512,1,4598.86
sparse_attention,2048,1024,1,1024,1,4597.83
sparse_attention,2048,1024,1,2048,1,4612.39
sparse_attention,2048,1024,1,4096,1,4604.04
sparse_attention,2048,1024,1,8192,1,4605.35
sparse_attention,2048,1024,1,16384,1,4604.24
sparse_attention,2048,1024,2,16,1,4616.97
sparse_attention,2048,1024,2,32,1,4611.15
sparse_attention,2048,1024,2,64,1,4620.11
sparse_attention,2048,1024,2,128,1,4614.41
sparse_attention,2048,1024,2,256,1,4619.75
sparse_attention,2048,1024,2,512,1,4628.55
sparse_attention,2048,1024,2,1024,1,4625.19
sparse_attention,2048,1024,2,2048,1,4634.12
sparse_attention,2048,1024,2,4096,1,4634.73
sparse_attention,2048,1024,2,8192,1,4635.6
sparse_attention,2048,1024,2,16384,1,4627.34
sparse_attention,2048,1024,4,16,1,4596.46
sparse_attention,2048,1024,4,32,1,4594.19
sparse_attention,2048,1024,4,64,1,4601.22
sparse_attention,2048,1024,4,128,1,4604.36
sparse_attention,2048,1024,4,256,1,4600.36
sparse_attention,2048,1024,4,512,1,4608.46
sparse_attention,2048,1024,4,1024,1,4615.95
sparse_attention,2048,1024,4,2048,1,4636.46
sparse_attention,2048,1024,4,4096,1,4642.92
sparse_attention,2048,1024,4,8192,1,4629.61
sparse_attention,2048,1024,4,16384,1,4631.11
sparse_attention,2048,1024,8,16,1,4601.58
sparse_attention,2048,1024,8,32,1,4599.95
sparse_attention,2048,1024,8,64,1,4597.87
sparse_attention,2048,1024,8,128,1,4604.71
sparse_attention,2048,1024,8,256,1,4610.63
sparse_attention,2048,1024,8,512,1,4616.91
sparse_attention,2048,1024,8,1024,1,4642.63
sparse_attention,2048,1024,8,2048,1,4667.11
sparse_attention,2048,1024,8,4096,1,4662.38
sparse_attention,2048,1024,8,8192,1,4667.72
sparse_attention,2048,1024,8,16384,1,4675.4
sparse_attention,2048,1024,16,16,1,4622.31
sparse_attention,2048,1024,16,32,1,4622.51
sparse_attention,2048,1024,16,64,1,4624.49
sparse_attention,2048,1024,16,128,1,4628.14
sparse_attention,2048,1024,16,256,1,4641.35
sparse_attention,2048,1024,16,512,1,4663.4
sparse_attention,2048,1024,16,1024,1,4695.63
sparse_attention,2048,1024,16,2048,1,4756.46
sparse_attention,2048,1024,16,4096,1,4761.1
sparse_attention,2048,1024,16,8192,1,4783.79
sparse_attention,2048,1024,16,16384,1,4801.8
sparse_attention,2048,1024,32,16,1,4606.73
sparse_attention,2048,1024,32,32,1,4608.52
sparse_attention,2048,1024,32,64,1,4611.21
sparse_attention,2048,1024,32,128,1,4628.17
sparse_attention,2048,1024,32,256,1,4647.15
sparse_attention,2048,1024,32,512,1,4679.24
sparse_attention,2048,1024,32,1024,1,4762.67
sparse_attention,2048,1024,32,2048,1,4931.11
sparse_attention,2048,1024,32,4096,1,4932.27
sparse_attention,2048,1024,32,8192,1,4943.53
sparse_attention,2048,1024,32,16384,1,4893.93
sparse_attention,2048,1024,64,16,1,4646.25
sparse_attention,2048,1024,64,32,1,4649.36
sparse_attention,2048,1024,64,64,1,4659.31
sparse_attention,2048,1024,64,128,1,4678.18
sparse_attention,2048,1024,64,256,1,4711.24
sparse_attention,2048,1024,64,512,1,4801.93
sparse_attention,2048,1024,64,1024,1,4989.93
sparse_attention,2048,1024,64,2048,1,5248.87
sparse_attention,2048,1024,64,4096,1,5242.83
sparse_attention,2048,1024,64,8192,1,5179.92
sparse_attention,2048,1024,64,16384,1,5142.44
sparse_attention,2048,1024,128,16,1,4639.53
sparse_attention,2048,1024,128,32,1,4650.99
sparse_attention,2048,1024,128,64,1,4656.11
sparse_attention,2048,1024,128,128,1,4696.3
sparse_attention,2048,1024,128,256,1,4797.64
sparse_attention,2048,1024,128,512,1,4982.86
sparse_attention,2048,1024,128,1024,1,5282.44
sparse_attention,2048,1024,128,2048,1,5715.69
sparse_attention,2048,1024,128,4096,1,5663.15
sparse_attention,2048,1024,128,8192,1,5627.56
sparse_attention,2048,1024,128,16384,1,5632.3
sparse_attention,2048,2048,0,0,1,5119.53
sparse_attention,2048,2048,1,16,1,5117.23
sparse_attention,2048,2048,1,32,1,5117.32
sparse_attention,2048,2048,1,64,1,5116.87
sparse_attention,2048,2048,1,128,1,5118.31
sparse_attention,2048,2048,1,256,1,5119.15
sparse_attention,2048,2048,1,512,1,5113.61
sparse_attention,2048,2048,1,1024,1,5120.85
sparse_attention,2048,2048,1,2048,1,5127.63
sparse_attention,2048,2048,1,4096,1,5129.36
sparse_attention,2048,2048,1,8192,1,5119.47
sparse_attention,2048,2048,1,16384,1,5127.5
sparse_attention,2048,2048,2,16,1,5135.4
sparse_attention,2048,2048,2,32,1,5127.02
sparse_attention,2048,2048,2,64,1,5139.66
sparse_attention,2048,2048,2,128,1,5129.87
sparse_attention,2048,2048,2,256,1,5133.96
sparse_attention,2048,2048,2,512,1,5133.9
sparse_attention,2048,2048,2,1024,1,5136.01
sparse_attention,2048,2048,2,2048,1,5156.07
sparse_attention,2048,2048,2,4096,1,5153.87
sparse_attention,2048,2048,2,8192,1,5152.91
sparse_attention,2048,2048,2,16384,1,5152.91
sparse_attention,2048,2048,4,16,1,5117.74
sparse_attention,2048,2048,4,32,1,5125.23
sparse_attention,2048,2048,4,64,1,5119.98
sparse_attention,2048,2048,4,128,1,5119.21
sparse_attention,2048,2048,4,256,1,5127.43
sparse_attention,2048,2048,4,512,1,5123.66
sparse_attention,2048,2048,4,1024,1,5128.3
sparse_attention,2048,2048,4,2048,1,5153.48
sparse_attention,2048,2048,4,4096,1,5154.09
sparse_attention,2048,2048,4,8192,1,5142.5
sparse_attention,2048,2048,4,16384,1,5145.71
sparse_attention,2048,2048,8,16,1,5126.06
sparse_attention,2048,2048,8,32,1,5120.87
sparse_attention,2048,2048,8,64,1,5122.22
sparse_attention,2048,2048,8,128,1,5128.11
sparse_attention,2048,2048,8,256,1,5124.75
sparse_attention,2048,2048,8,512,1,5128.62
sparse_attention,2048,2048,8,1024,1,5161.45
sparse_attention,2048,2048,8,2048,1,5180.94
sparse_attention,2048,2048,8,4096,1,5184.17
sparse_attention,2048,2048,8,8192,1,5178.38
sparse_attention,2048,2048,8,16384,1,5196.87
sparse_attention,2048,2048,16,16,1,5137.52
sparse_attention,2048,2048,16,32,1,5138.67
sparse_attention,2048,2048,16,64,1,5138.64
sparse_attention,2048,2048,16,128,1,5146.12
sparse_attention,2048,2048,16,256,1,5152.97
sparse_attention,2048,2048,16,512,1,5173.71
sparse_attention,2048,2048,16,1024,1,5201.87
sparse_attention,2048,2048,16,2048,1,5271.02
sparse_attention,2048,2048,16,4096,1,5285.93
sparse_attention,2048,2048,16,8192,1,5303.53
sparse_attention,2048,2048,16,16384,1,5314.51
sparse_attention,2048,2048,32,16,1,5123.82
sparse_attention,2048,2048,32,32,1,5129.84
sparse_attention,2048,2048,32,64,1,5124.78
sparse_attention,2048,2048,32,128,1,5144.17
sparse_attention,2048,2048,32,256,1,5156.14
sparse_attention,2048,2048,32,512,1,5197.39
sparse_attention,2048,2048,32,1024,1,5278.32
sparse_attention,2048,2048,32,2048,1,5453.04
sparse_attention,2048,2048,32,4096,1,5457.84
sparse_attention,2048,2048,32,8192,1,5458.38
sparse_attention,2048,2048,32,16384,1,5415.47
sparse_attention,2048,2048,64,16,1,5163.6
sparse_attention,2048,2048,64,32,1,5165.49
sparse_attention,2048,2048,64,64,1,5161.39
sparse_attention,2048,2048,64,128,1,5183.24
sparse_attention,2048,2048,64,256,1,5214.25
sparse_attention,2048,2048,64,512,1,5305.8
sparse_attention,2048,2048,64,1024,1,5500.36
sparse_attention,2048,2048,64,2048,1,5772.01
sparse_attention,2048,2048,64,4096,1,5749.45
sparse_attention,2048,2048,64,8192,1,5695.05
sparse_attention,2048,2048,64,16384,1,5668.49
sparse_attention,2048,2048,128,16,1,5155.85
sparse_attention,2048,2048,128,32,1,5172.07
sparse_attention,2048,2048,128,64,1,5180.75
sparse_attention,2048,2048,128,128,1,5213.93
sparse_attention,2048,2048,128,256,1,5314.96
sparse_attention,2048,2048,128,512,1,5504.05
sparse_attention,2048,2048,128,1024,1,5789.2
sparse_attention,2048,2048,128,2048,1,6239.82
sparse_attention,2048,2048,128,4096,1,6182.9
sparse_attention,2048,2048,128,8192,1,6150.86
sparse_attention,2048,2048,128,16384,1,6157.13
sparse_attention,2048,4096,0,0,1,5125.68
sparse_attention,2048,4096,1,16,1,5133.77
sparse_attention,2048,4096,1,32,1,5125.51
sparse_attention,2048,4096,1,64,1,5119.72
sparse_attention,2048,4096,1,128,1,5130.12
sparse_attention,2048,4096,1,256,1,5128.01
sparse_attention,2048,4096,1,512,1,5126.22
sparse_attention,2048,4096,1,1024,1,5126.41
sparse_attention,2048,4096,1,2048,1,5126.86
sparse_attention,2048,4096,1,4096,1,5128.55
sparse_attention,2048,4096,1,8192,1,5134.48
sparse_attention,2048,4096,1,16384,1,5143.05
sparse_attention,2048,4096,2,16,1,5144.46
sparse_attention,2048,4096,2,32,1,5140.27
sparse_attention,2048,4096,2,64,1,5146.35
sparse_attention,2048,4096,2,128,1,5150.09
sparse_attention,2048,4096,2,256,1,5142.31
sparse_attention,2048,4096,2,512,1,5154.15
sparse_attention,2048,4096,2,1024,1,5156.94
sparse_attention,2048,4096,2,2048,1,5165.45
sparse_attention,2048,4096,2,4096,1,5162.03
sparse_attention,2048,4096,2,8192,1,5164.78
sparse_attention,2048,4096,2,16384,1,5170.09
sparse_attention,2048,4096,4,16,1,5128.04
sparse_attention,2048,4096,4,32,1,5126.79
sparse_attention,2048,4096,4,64,1,5121.71
sparse_attention,2048,4096,4,128,1,5125.1
sparse_attention,2048,4096,4,256,1,5125.96
sparse_attention,2048,4096,4,512,1,5137.42
sparse_attention,2048,4096,4,1024,1,5139.53
sparse_attention,2048,4096,4,2048,1,5162.86
sparse_attention,2048,4096,4,4096,1,5154.89
sparse_attention,2048,4096,4,8192,1,5159.72
sparse_attention,2048,4096,4,16384,1,5155.5
sparse_attention,2048,4096,8,16,1,5127.17
sparse_attention,2048,4096,8,32,1,5112.39
sparse_attention,2048,4096,8,64,1,5129.83
sparse_attention,2048,4096,8,128,1,5141.22
sparse_attention,2048,4096,8,256,1,5132.2
sparse_attention,2048,4096,8,512,1,5150.73
sparse_attention,2048,4096,8,1024,1,5154.76
sparse_attention,2048,4096,8,2048,1,5185.8
sparse_attention,2048,4096,8,4096,1,5181.74
sparse_attention,2048,4096,8,8192,1,5185.93
sparse_attention,2048,4096,8,16384,1,5198.5
sparse_attention,2048,4096,16,16,1,5159.4
sparse_attention,2048,4096,16,32,1,5155.69
sparse_attention,2048,4096,16,64,1,5147.5
sparse_attention,2048,4096,16,128,1,5164.52
sparse_attention,2048,4096,16,256,1,5177.23
sparse_attention,2048,4096,16,512,1,5195.09
sparse_attention,2048,4096,16,1024,1,5218.64
sparse_attention,2048,4096,16,2048,1,5292.49
sparse_attention,2048,4096,16,4096,1,5300.17
sparse_attention,2048,4096,16,8192,1,5312.55
sparse_attention,2048,4096,16,16384,1,5333.45
sparse_attention,2048,4096,32,16,1,5134.48
sparse_attention,2048,4096,32,32,1,5140.33
sparse_attention,2048,4096,32,64,1,5139.34
sparse_attention,2048,4096,32,128,1,5158.92
sparse_attention,2048,4096,32,256,1,5182.98
sparse_attention,2048,4096,32,512,1,5203.05
sparse_attention,2048,4096,32,1024,1,5299.21
sparse_attention,2048,4096,32,2048,1,5462.06
sparse_attention,2048,4096,32,4096,1,5467.12
sparse_attention,2048,4096,32,8192,1,5465.55
sparse_attention,2048,4096,32,16384,1,5427.76
sparse_attention,2048,4096,64,16,1,5173.26
sparse_attention,2048,4096,64,32,1,5174.51
sparse_attention,2048,4096,64,64,1,5185.64
sparse_attention,2048,4096,64,128,1,5206.38
sparse_attention,2048,4096,64,256,1,5236.24
sparse_attention,2048,4096,64,512,1,5325.55
sparse_attention,2048,4096,64,1024,1,5514.6
sparse_attention,2048,4096,64,2048,1,5769.36
sparse_attention,2048,4096,64,4096,1,5760.27
sparse_attention,2048,4096,64,8192,1,5712.27
sparse_attention,2048,4096,64,16384,1,5677.87
sparse_attention,2048,4096,128,16,1,5186.29
sparse_attention,2048,4096,128,32,1,5184.81
sparse_attention,2048,4096,128,64,1,5199.88
sparse_attention,2048,4096,128,128,1,5237.87
sparse_attention,2048,4096,128,256,1,5325.45
sparse_attention,2048,4096,128,512,1,5520.05
sparse_attention,2048,4096,128,1024,1,5804.65
sparse_attention,2048,4096,128,2048,1,6254.8
sparse_attention,2048,4096,128,4096,1,6198.35
sparse_attention,2048,4096,128,8192,1,6168.66
sparse_attention,2048,4096,128,16384,1,6164.27
sparse_attention,2048,8192,0,0,1,5117.16
sparse_attention,2048,8192,1,16,1,5130.85
sparse_attention,2048,8192,1,32,1,5126.73
sparse_attention,2048,8192,1,64,1,5129.61
sparse_attention,2048,8192,1,128,1,5137.26
sparse_attention,2048,8192,1,256,1,5123.25
sparse_attention,2048,8192,1,512,1,5134.35
sparse_attention,2048,8192,1,1024,1,5124.55
sparse_attention,2048,8192,1,2048,1,5142.12
sparse_attention,2048,8192,1,4096,1,5132.27
sparse_attention,2048,8192,1,8192,1,5131.69
sparse_attention,2048,8192,1,16384,1,5127.85
sparse_attention,2048,8192,2,16,1,5150.35
sparse_attention,2048,8192,2,32,1,5146.19
sparse_attention,2048,8192,2,64,1,5149.8
sparse_attention,2048,8192,2,128,1,5150.7
sparse_attention,2048,8192,2,256,1,5155.98
sparse_attention,2048,8192,2,512,1,5154.12
sparse_attention,2048,8192,2,1024,1,5163.69
sparse_attention,2048,8192,2,2048,1,5168.59
sparse_attention,2048,8192,2,4096,1,5165.42
sparse_attention,2048,8192,2,8192,1,5164.08
sparse_attention,2048,8192,2,16384,1,5161.29
sparse_attention,2048,8192,4,16,1,5143.79
sparse_attention,2048,8192,4,32,1,5146.64
sparse_attention,2048,8192,4,64,1,5144.08
sparse_attention,2048,8192,4,128,1,5148.62
sparse_attention,2048,8192,4,256,1,5160.08
sparse_attention,2048,8192,4,512,1,5159.31
sparse_attention,2048,8192,4,1024,1,5163.44
sparse_attention,2048,8192,4,2048,1,5182.76
sparse_attention,2048,8192,4,4096,1,5187.18
sparse_attention,2048,8192,4,8192,1,5181.16
sparse_attention,2048,8192,4,16384,1,5177.93
sparse_attention,2048,8192,8,16,1,5134.8
sparse_attention,2048,8192,8,32,1,5133.23
sparse_attention,2048,8192,8,64,1,5134.09
sparse_attention,2048,8192,8,128,1,5140.46
sparse_attention,2048,8192,8,256,1,5141.74
sparse_attention,2048,8192,8,512,1,5146.76
sparse_attention,2048,8192,8,1024,1,5160.78
sparse_attention,2048,8192,8,2048,1,5192.11
sparse_attention,2048,8192,8,4096,1,5196.84
sparse_attention,2048,8192,8,8192,1,5191.5
sparse_attention,2048,8192,8,16384,1,5211.85
sparse_attention,2048,8192,16,16,1,5142.32
sparse_attention,2048,8192,16,32,1,5141.83
sparse_attention,2048,8192,16,64,1,5143.63
sparse_attention,2048,8192,16,128,1,5150.41
sparse_attention,2048,8192,16,256,1,5162.19
sparse_attention,2048,8192,16,512,1,5180.3
sparse_attention,2048,8192,16,1024,1,5213.93
sparse_attention,2048,8192,16,2048,1,5285.42
sparse_attention,2048,8192,16,4096,1,5290.86
sparse_attention,2048,8192,16,8192,1,5306.89
sparse_attention,2048,8192,16,16384,1,5318.12
sparse_attention,2048,8192,32,16,1,5132.84
sparse_attention,2048,8192,32,32,1,5133.71
sparse_attention,2048,8192,32,64,1,5137.96
sparse_attention,2048,8192,32,128,1,5159.79
sparse_attention,2048,8192,32,256,1,5173.26
sparse_attention,2048,8192,32,512,1,5205.48
sparse_attention,2048,8192,32,1024,1,5287.27
sparse_attention,2048,8192,32,2048,1,5459.53
sparse_attention,2048,8192,32,4096,1,5464.43
sparse_attention,2048,8192,32,8192,1,5460.69
sparse_attention,2048,8192,32,16384,1,5414.44
sparse_attention,2048,8192,64,16,1,5178.73
sparse_attention,2048,8192,64,32,1,5185.52
sparse_attention,2048,8192,64,64,1,5196.62
sparse_attention,2048,8192,64,128,1,5215.34
sparse_attention,2048,8192,64,256,1,5238.51
sparse_attention,2048,8192,64,512,1,5341.48
sparse_attention,2048,8192,64,1024,1,5525
sparse_attention,2048,8192,64,2048,1,5785.65
sparse_attention,2048,8192,64,4096,1,5768.91
sparse_attention,2048,8192,64,8192,1,5719.05
sparse_attention,2048,8192,64,16384,1,5685.71
sparse_attention,2048,8192,128,16,1,5184.3
sparse_attention,2048,8192,128,32,1,5190.73
sparse_attention,2048,8192,128,64,1,5200.27
sparse_attention,2048,8192,128,128,1,5244.43
sparse_attention,2048,8192,128,256,1,5340.14
sparse_attention,2048,8192,128,512,1,5527.66
sparse_attention,2048,8192,128,1024,1,5812.94
sparse_attention,2048,8192,128,2048,1,6255.21
sparse_attention,2048,8192,128,4096,1,6198.99
sparse_attention,2048,8192,128,8192,1,6177.81
sparse_attention,2048,8192,128,16384,1,6193.71
sparse_attention,2048,16384,0,0,1,5134.99
sparse_attention,2048,16384,1,16,1,5126.41
sparse_attention,2048,16384,1,32,1,5132.33
sparse_attention,2048,16384,1,64,1,5135.85
sparse_attention,2048,16384,1,128,1,5132.56
sparse_attention,2048,16384,1,256,1,5134
sparse_attention,2048,16384,1,512,1,5134.92
sparse_attention,2048,16384,1,1024,1,5142.51
sparse_attention,2048,16384,1,2048,1,5133.84
sparse_attention,2048,16384,1,4096,1,5141.1
sparse_attention,2048,16384,1,8192,1,5135.85
sparse_attention,2048,16384,1,16384,1,5139.92
sparse_attention,2048,16384,2,16,1,5164.27
sparse_attention,2048,16384,2,32,1,5156.01
sparse_attention,2048,16384,2,64,1,5162.45
sparse_attention,2048,16384,2,128,1,5157.68
sparse_attention,2048,16384,2,256,1,5169.71
sparse_attention,2048,16384,2,512,1,5166
sparse_attention,2048,16384,2,1024,1,5174
sparse_attention,2048,16384,2,2048,1,5175.08
sparse_attention,2048,16384,2,4096,1,5175.02
sparse_attention,2048,16384,2,8192,1,5171.57
sparse_attention,2048,16384,2,16384,1,5173.64
sparse_attention,2048,16384,4,16,1,5143.53
sparse_attention,2048,16384,4,32,1,5142.06
sparse_attention,2048,16384,4,64,1,5134.86
sparse_attention,2048,16384,4,128,1,5141.77
sparse_attention,2048,16384,4,256,1,5144.65
sparse_attention,2048,16384,4,512,1,5146.86
sparse_attention,2048,16384,4,1024,1,5156.62
sparse_attention,2048,16384,4,2048,1,5173.84
sparse_attention,2048,16384,4,4096,1,5172.01
sparse_attention,2048,16384,4,8192,1,5172.1
sparse_attention,2048,16384,4,16384,1,5167.82
sparse_attention,2048,16384,8,16,1,5133.58
sparse_attention,2048,16384,8,32,1,5135.76
sparse_attention,2048,16384,8,64,1,5139.18
sparse_attention,2048,16384,8,128,1,5134.8
sparse_attention,2048,16384,8,256,1,5142.12
sparse_attention,2048,16384,8,512,1,5153.93
sparse_attention,2048,16384,8,1024,1,5171.66
sparse_attention,2048,16384,8,2048,1,5198.38
sparse_attention,2048,16384,8,4096,1,5201.16
sparse_attention,2048,16384,8,8192,1,5205.8
sparse_attention,2048,16384,8,16384,1,5202.93
sparse_attention,2048,16384,16,16,1,5161.16
sparse_attention,2048,16384,16,32,1,5161.32
sparse_attention,2048,16384,16,64,1,5161.74
sparse_attention,2048,16384,16,128,1,5174.6
sparse_attention,2048,16384,16,256,1,5181.26
sparse_attention,2048,16384,16,512,1,5188.81
sparse_attention,2048,16384,16,1024,1,5236.3
sparse_attention,2048,16384,16,2048,1,5297.1
sparse_attention,2048,16384,16,4096,1,5308.88
sparse_attention,2048,16384,16,8192,1,5326.6
sparse_attention,2048,16384,16,16384,1,5332.36
sparse_attention,2048,16384,32,16,1,5139.34
sparse_attention,2048,16384,32,32,1,5144.01
sparse_attention,2048,16384,32,64,1,5148.97
sparse_attention,2048,16384,32,128,1,5156.81
sparse_attention,2048,16384,32,256,1,5174.83
sparse_attention,2048,16384,32,512,1,5210.42
sparse_attention,2048,16384,32,1024,1,5291.08
sparse_attention,2048,16384,32,2048,1,5459.28
sparse_attention,2048,16384,32,4096,1,5470.64
sparse_attention,2048,16384,32,8192,1,5463.02
sparse_attention,2048,16384,32,16384,1,5415.98
sparse_attention,2048,16384,64,16,1,5185.52
sparse_attention,2048,16384,64,32,1,5181.77
sparse_attention,2048,16384,64,64,1,5198.93
sparse_attention,2048,16384,64,128,1,5209.61
sparse_attention,2048,16384,64,256,1,5245.61
sparse_attention,2048,16384,64,512,1,5341.99
sparse_attention,2048,16384,64,1024,1,5533.64
sparse_attention,2048,16384,64,2048,1,5784.75
sparse_attention,2048,16384,64,4096,1,5773.97
sparse_attention,2048,16384,64,8192,1,5713.58
sparse_attention,2048,16384,64,16384,1,5694.74
sparse_attention,2048,16384,128,16,1,5196.08
sparse_attention,2048,16384,128,32,1,5200.46
sparse_attention,2048,16384,128,64,1,5218.03
sparse_attention,2048,16384,128,128,1,5254.86
sparse_attention,2048,16384,128,256,1,5344.01
sparse_attention,2048,16384,128,512,1,5534
sparse_attention,2048,16384,128,1024,1,5826.13
sparse_attention,2048,16384,128,2048,1,6262.96
sparse_attention,2048,16384,128,4096,1,6208.85
sparse_attention,2048,16384,128,8192,1,6198.64
sparse_attention,2048,16384,128,16384,1,6192.81
