gpu-only	pim	pim-sbi
0.2819061279296875	0.245513916015625	0.2834320068359375
