layer,prefill_chunk,kv_prefill,n_decode,kv_decode,decode_q_len,time_us
attention,0,0,1,16,1,300.352
attention,0,0,1,32,1,299.741
attention,0,0,1,64,1,296.76
attention,0,0,1,128,1,291.983
attention,0,0,1,256,1,282.287
attention,0,0,1,512,1,260.056
attention,0,0,1,1024,1,216.225
attention,0,0,1,2048,1,158.106
attention,0,0,1,4096,1,158.105
attention,0,0,1,8192,1,158.073
attention,0,0,1,16384,1,159.008
attention,0,0,2,16,1,468.928
attention,0,0,2,32,1,468.825
attention,0,0,2,64,1,461.831
attention,0,0,2,128,1,451.974
attention,0,0,2,256,1,434.256
attention,0,0,2,512,1,382.474
attention,0,0,2,1024,1,299.231
attention,0,0,2,2048,1,222.615
attention,0,0,2,4096,1,222.585
attention,0,0,2,8192,1,224.896
attention,0,0,2,16384,1,225.024
attention,0,0,4,16,1,832.223
attention,0,0,4,32,1,830.777
attention,0,0,4,64,1,818.785
attention,0,0,4,128,1,794.095
attention,0,0,4,256,1,755.369
attention,0,0,4,512,1,656.545
attention,0,0,4,1024,1,483.72
attention,0,0,4,2048,1,221.607
attention,0,0,4,4096,1,221.52
attention,0,0,4,8192,1,224.528
attention,0,0,4,16384,1,224.16
attention,0,0,8,16,1,1489.36
attention,0,0,8,32,1,1525.11
attention,0,0,8,64,1,1483.54
attention,0,0,8,128,1,1421.27
attention,0,0,8,256,1,1345.76
attention,0,0,8,512,1,1191.22
attention,0,0,8,1024,1,838.063
attention,0,0,8,2048,1,341.8
attention,0,0,8,4096,1,342.577
attention,0,0,8,8192,1,350.176
attention,0,0,8,16384,1,350.472
attention,0,0,16,16,1,2897.34
attention,0,0,16,32,1,2905.48
attention,0,0,16,64,1,2829.56
attention,0,0,16,128,1,2762.02
attention,0,0,16,256,1,2575.56
attention,0,0,16,512,1,2242.53
attention,0,0,16,1024,1,1566.11
attention,0,0,16,2048,1,551.28
attention,0,0,16,4096,1,554.031
attention,0,0,16,8192,1,568.808
attention,0,0,16,16384,1,565.984
attention,0,0,32,16,1,5760.93
attention,0,0,32,32,1,5583.08
attention,0,0,32,64,1,5609.89
attention,0,0,32,128,1,5426.1
attention,0,0,32,256,1,5078.67
attention,0,0,32,512,1,4427.44
attention,0,0,32,1024,1,3169.69
attention,0,0,32,2048,1,866.135
attention,0,0,32,4096,1,865.928
attention,0,0,32,8192,1,880.489
attention,0,0,32,16384,1,876.769
attention,0,0,64,16,1,10991.6
attention,0,0,64,32,1,11016.4
attention,0,0,64,64,1,10983.7
attention,0,0,64,128,1,10620.8
attention,0,0,64,256,1,9605.89
attention,0,0,64,512,1,8608.47
attention,0,0,64,1024,1,6000.19
attention,0,0,64,2048,1,1446.5
attention,0,0,64,4096,1,1459.12
attention,0,0,64,8192,1,1452.3
attention,0,0,64,16384,1,1438.33
attention,0,0,128,16,1,6932.14
attention,0,0,128,32,1,6862.34
attention,0,0,128,64,1,6678.9
attention,0,0,128,128,1,6517.98
attention,0,0,128,256,1,6382.11
attention,0,0,128,512,1,5574.75
attention,0,0,128,1024,1,4053.66
attention,0,0,128,2048,1,1313.94
attention,0,0,128,4096,1,1319
attention,0,0,128,8192,1,1334.24
attention,0,0,128,16384,1,1331.06
attention,0,0,256,16,1,13544.9
attention,0,0,256,32,1,13216.2
attention,0,0,256,64,1,13267.4
attention,0,0,256,128,1,12637.6
attention,0,0,256,256,1,12139.4
attention,0,0,256,512,1,10404.8
attention,0,0,256,1024,1,7550.96
attention,0,0,256,2048,1,2568.41
attention,0,0,256,4096,1,2620.41
attention,0,0,256,8192,1,2661.71
attention,0,0,256,16384,1,2659.51
attention,16,0,0,0,1,2876.33
attention,16,0,1,16,1,3032.88
attention,16,0,1,32,1,3025.64
attention,16,0,1,64,1,3021.23
attention,16,0,1,128,1,3025.05
attention,16,0,1,256,1,3004.53
attention,16,0,1,512,1,2991.02
attention,16,0,1,1024,1,2954.83
attention,16,0,1,2048,1,2873.79
attention,16,0,1,4096,1,2874.71
attention,16,0,1,8192,1,2871.98
attention,16,0,1,16384,1,2871.55
attention,16,0,2,16,1,3206.2
attention,16,0,2,32,1,3187.88
attention,16,0,2,64,1,3182.6
attention,16,0,2,128,1,3190.21
attention,16,0,2,256,1,3153.62
attention,16,0,2,512,1,3117.9
attention,16,0,2,1024,1,3044.51
attention,16,0,2,2048,1,2885.08
attention,16,0,2,4096,1,2885.95
attention,16,0,2,8192,1,2887.03
attention,16,0,2,16384,1,2885.87
attention,16,0,4,16,1,3573.87
attention,16,0,4,32,1,3533.08
attention,16,0,4,64,1,3503.58
attention,16,0,4,128,1,3511.81
attention,16,0,4,256,1,3429.99
attention,16,0,4,512,1,3352.26
attention,16,0,4,1024,1,3184.4
attention,16,0,4,2048,1,2865.04
attention,16,0,4,4096,1,2863.62
attention,16,0,4,8192,1,2863.31
attention,16,0,4,16384,1,2862.63
attention,16,0,8,16,1,4307.91
attention,16,0,8,32,1,4241.7
attention,16,0,8,64,1,4202.34
attention,16,0,8,128,1,4233.6
attention,16,0,8,256,1,4060.3
attention,16,0,8,512,1,3908.47
attention,16,0,8,1024,1,3580.51
attention,16,0,8,2048,1,2898.38
attention,16,0,8,4096,1,2899.61
attention,16,0,8,8192,1,2909.88
attention,16,0,8,16384,1,2897.23
attention,16,0,16,16,1,5641.05
attention,16,0,16,32,1,5509.45
attention,16,0,16,64,1,5459.87
attention,16,0,16,128,1,5475.31
attention,16,0,16,256,1,5218.11
attention,16,0,16,512,1,4993.34
attention,16,0,16,1024,1,4262.51
attention,16,0,16,2048,1,2946.11
attention,16,0,16,4096,1,2944.14
attention,16,0,16,8192,1,2951.78
attention,16,0,16,16384,1,2954.08
attention,16,0,32,16,1,8468.91
attention,16,0,32,32,1,8248.88
attention,16,0,32,64,1,8203.59
attention,16,0,32,128,1,8068.35
attention,16,0,32,256,1,7503.79
attention,16,0,32,512,1,6967.94
attention,16,0,32,1024,1,5636.93
attention,16,0,32,2048,1,3037.83
attention,16,0,32,4096,1,3045.02
attention,16,0,32,8192,1,3044.16
attention,16,0,32,16384,1,3049.62
attention,16,0,64,16,1,4499.27
attention,16,0,64,32,1,4292.98
attention,16,0,64,64,1,4432.61
attention,16,0,64,128,1,4363.11
attention,16,0,64,256,1,4149.03
attention,16,0,64,512,1,3786.44
attention,16,0,64,1024,1,3026.62
attention,16,0,64,2048,1,1503.95
attention,16,0,64,4096,1,1490.83
attention,16,0,64,8192,1,1492.55
attention,16,0,64,16384,1,1489.87
attention,16,0,128,16,1,8034.44
attention,16,0,128,32,1,7658.52
attention,16,0,128,64,1,7526.48
attention,16,0,128,128,1,7365.22
attention,16,0,128,256,1,7286.05
attention,16,0,128,512,1,6161.75
attention,16,0,128,1024,1,4812.52
attention,16,0,128,2048,1,1926.99
attention,16,0,128,4096,1,1952.03
attention,16,0,128,8192,1,1966.3
attention,16,0,128,16384,1,1970.04
attention,16,16,0,0,1,2883.89
attention,16,16,1,16,1,3040.36
attention,16,16,1,32,1,3039.24
attention,16,16,1,64,1,3041.74
attention,16,16,1,128,1,3025.09
attention,16,16,1,256,1,3026.96
attention,16,16,1,512,1,2999.62
attention,16,16,1,1024,1,2962.45
attention,16,16,1,2048,1,2874.79
attention,16,16,1,4096,1,2872.57
attention,16,16,1,8192,1,2873.16
attention,16,16,1,16384,1,2873.49
attention,16,16,2,16,1,3209.98
attention,16,16,2,32,1,3212.18
attention,16,16,2,64,1,3214.21
attention,16,16,2,128,1,3179.67
attention,16,16,2,256,1,3174.57
attention,16,16,2,512,1,3090.81
attention,16,16,2,1024,1,3002.62
attention,16,16,2,2048,1,2845.13
attention,16,16,2,4096,1,2845.73
attention,16,16,2,8192,1,2845.93
attention,16,16,2,16384,1,2844.74
attention,16,16,4,16,1,3566.85
attention,16,16,4,32,1,3570.62
attention,16,16,4,64,1,3559.56
attention,16,16,4,128,1,3476.26
attention,16,16,4,256,1,3422.41
attention,16,16,4,512,1,3353.95
attention,16,16,4,1024,1,3170.55
attention,16,16,4,2048,1,2838.55
attention,16,16,4,4096,1,2838.75
attention,16,16,4,8192,1,2839.68
attention,16,16,4,16384,1,2840.86
attention,16,16,8,16,1,4346.69
attention,16,16,8,32,1,4358.09
attention,16,16,8,64,1,4320.01
attention,16,16,8,128,1,4149.54
attention,16,16,8,256,1,4109.79
attention,16,16,8,512,1,3860.89
attention,16,16,8,1024,1,3528.05
attention,16,16,8,2048,1,2873.07
attention,16,16,8,4096,1,2870.8
attention,16,16,8,8192,1,2869.42
attention,16,16,8,16384,1,2872.84
attention,16,16,16,16,1,5645.53
attention,16,16,16,32,1,5636.51
attention,16,16,16,64,1,5545.26
attention,16,16,16,128,1,5394.1
attention,16,16,16,256,1,5291.08
attention,16,16,16,512,1,4884.14
attention,16,16,16,1024,1,4234.77
attention,16,16,16,2048,1,2908.43
attention,16,16,16,4096,1,2912.46
attention,16,16,16,8192,1,2911.73
attention,16,16,16,16384,1,2919.16
attention,16,16,32,16,1,8456.24
attention,16,16,32,32,1,8446.82
attention,16,16,32,64,1,8049.42
attention,16,16,32,128,1,8035.64
attention,16,16,32,256,1,7384.24
attention,16,16,32,512,1,7057.69
attention,16,16,32,1024,1,5628.84
attention,16,16,32,2048,1,3035.74
attention,16,16,32,4096,1,3048.61
attention,16,16,32,8192,1,3050.73
attention,16,16,32,16384,1,3046.02
attention,16,16,64,16,1,4401.76
attention,16,16,64,32,1,4466.36
attention,16,16,64,64,1,4350.24
attention,16,16,64,128,1,4271.86
attention,16,16,64,256,1,4048.55
attention,16,16,64,512,1,3707.3
attention,16,16,64,1024,1,2855.06
attention,16,16,64,2048,1,1311.03
attention,16,16,64,4096,1,1313.94
attention,16,16,64,8192,1,1311.45
attention,16,16,64,16384,1,1286.56
attention,16,16,128,16,1,7651.15
attention,16,16,128,32,1,7819.31
attention,16,16,128,64,1,7676.7
attention,16,16,128,128,1,7296.43
attention,16,16,128,256,1,7213.06
attention,16,16,128,512,1,6241.69
attention,16,16,128,1024,1,4698.75
attention,16,16,128,2048,1,1726.73
attention,16,16,128,4096,1,1734.44
attention,16,16,128,8192,1,1740.1
attention,16,16,128,16384,1,1743.11
attention,16,32,0,0,1,2867.72
attention,16,32,1,16,1,3014.44
attention,16,32,1,32,1,3024.8
attention,16,32,1,64,1,3006.9
attention,16,32,1,128,1,3006.35
attention,16,32,1,256,1,2990.92
attention,16,32,1,512,1,2963.57
attention,16,32,1,1024,1,2914.41
attention,16,32,1,2048,1,2839.12
attention,16,32,1,4096,1,2839.19
attention,16,32,1,8192,1,2841.75
attention,16,32,1,16384,1,2837.48
attention,16,32,2,16,1,3173.52
attention,16,32,2,32,1,3190.33
attention,16,32,2,64,1,3164.98
attention,16,32,2,128,1,3161.95
attention,16,32,2,256,1,3125.99
attention,16,32,2,512,1,3067.84
attention,16,32,2,1024,1,2990.35
attention,16,32,2,2048,1,2844.02
attention,16,32,2,4096,1,2843.87
attention,16,32,2,8192,1,2843.46
attention,16,32,2,16384,1,2840.68
attention,16,32,4,16,1,3510.58
attention,16,32,4,32,1,3543.04
attention,16,32,4,64,1,3487.63
attention,16,32,4,128,1,3484.36
attention,16,32,4,256,1,3378.31
attention,16,32,4,512,1,3309.14
attention,16,32,4,1024,1,3148.24
attention,16,32,4,2048,1,2825.38
attention,16,32,4,4096,1,2823.63
attention,16,32,4,8192,1,2825.79
attention,16,32,4,16384,1,2824.09
attention,16,32,8,16,1,4194.56
attention,16,32,8,32,1,4291.91
attention,16,32,8,64,1,4190.34
attention,16,32,8,128,1,4205.23
attention,16,32,8,256,1,4035.12
attention,16,32,8,512,1,3906.3
attention,16,32,8,1024,1,3519.82
attention,16,32,8,2048,1,2848.25
attention,16,32,8,4096,1,2850.74
attention,16,32,8,8192,1,2851.71
attention,16,32,8,16384,1,2852.05
attention,16,32,16,16,1,5484.61
attention,16,32,16,32,1,5583.5
attention,16,32,16,64,1,5431.52
attention,16,32,16,128,1,5356.29
attention,16,32,16,256,1,5193.33
attention,16,32,16,512,1,4882.46
attention,16,32,16,1024,1,4204
attention,16,32,16,2048,1,2891.4
attention,16,32,16,4096,1,2894.26
attention,16,32,16,8192,1,2897.11
attention,16,32,16,16384,1,2900.5
attention,16,32,32,16,1,8171.55
attention,16,32,32,32,1,8251.8
attention,16,32,32,64,1,8181.1
attention,16,32,32,128,1,8127.95
attention,16,32,32,256,1,7740.43
attention,16,32,32,512,1,6949.2
attention,16,32,32,1024,1,5618.42
attention,16,32,32,2048,1,3015.77
attention,16,32,32,4096,1,3024.39
attention,16,32,32,8192,1,3020.47
attention,16,32,32,16384,1,3036.11
attention,16,32,64,16,1,4483.63
attention,16,32,64,32,1,4458.39
attention,16,32,64,64,1,4406.45
attention,16,32,64,128,1,4314.39
attention,16,32,64,256,1,4101.82
attention,16,32,64,512,1,3708.73
attention,16,32,64,1024,1,2855.15
attention,16,32,64,2048,1,1273.91
attention,16,32,64,4096,1,1278.21
attention,16,32,64,8192,1,1291.4
attention,16,32,64,16384,1,1293.1
attention,16,32,128,16,1,7784.27
attention,16,32,128,32,1,7713.72
attention,16,32,128,64,1,7422.68
attention,16,32,128,128,1,7606.97
attention,16,32,128,256,1,6899.96
attention,16,32,128,512,1,6090.81
attention,16,32,128,1024,1,4683.8
attention,16,32,128,2048,1,1727.47
attention,16,32,128,4096,1,1739.23
attention,16,32,128,8192,1,1740.27
attention,16,32,128,16384,1,1745.57
attention,16,64,0,0,1,2816.48
attention,16,64,1,16,1,2970.22
attention,16,64,1,32,1,2964.34
attention,16,64,1,64,1,2962.71
attention,16,64,1,128,1,2953.97
attention,16,64,1,256,1,2955.34
attention,16,64,1,512,1,2932.42
attention,16,64,1,1024,1,2893.95
attention,16,64,1,2048,1,2811.3
attention,16,64,1,4096,1,2812.15
attention,16,64,1,8192,1,2809.68
attention,16,64,1,16384,1,2812.07
attention,16,64,2,16,1,3127.34
attention,16,64,2,32,1,3121.71
attention,16,64,2,64,1,3121.4
attention,16,64,2,128,1,3096.58
attention,16,64,2,256,1,3085.46
attention,16,64,2,512,1,3026.58
attention,16,64,2,1024,1,2939.63
attention,16,64,2,2048,1,2795.6
attention,16,64,2,4096,1,2794.78
attention,16,64,2,8192,1,2797.25
attention,16,64,2,16384,1,2795.34
attention,16,64,4,16,1,3481.75
attention,16,64,4,32,1,3464.79
attention,16,64,4,64,1,3460.15
attention,16,64,4,128,1,3408.75
attention,16,64,4,256,1,3340.69
attention,16,64,4,512,1,3281.34
attention,16,64,4,1024,1,3109.05
attention,16,64,4,2048,1,2781.73
attention,16,64,4,4096,1,2779.81
attention,16,64,4,8192,1,2783.97
attention,16,64,4,16384,1,2782.5
attention,16,64,8,16,1,4209.29
attention,16,64,8,32,1,4205.23
attention,16,64,8,64,1,4220.59
attention,16,64,8,128,1,4110.36
attention,16,64,8,256,1,4009.45
attention,16,64,8,512,1,3875.33
attention,16,64,8,1024,1,3479.34
attention,16,64,8,2048,1,2814.95
attention,16,64,8,4096,1,2816.12
attention,16,64,8,8192,1,2814.02
attention,16,64,8,16384,1,2819.57
attention,16,64,16,16,1,5458.32
attention,16,64,16,32,1,5544.87
attention,16,64,16,64,1,5489.44
attention,16,64,16,128,1,5311.49
attention,16,64,16,256,1,5213.63
attention,16,64,16,512,1,4840.87
attention,16,64,16,1024,1,4161.96
attention,16,64,16,2048,1,2856.85
attention,16,64,16,4096,1,2860.07
attention,16,64,16,8192,1,2862.59
attention,16,64,16,16384,1,2869.09
attention,16,64,32,16,1,8012.25
attention,16,64,32,32,1,8316.88
attention,16,64,32,64,1,8102.94
attention,16,64,32,128,1,8032.2
attention,16,64,32,256,1,7658.65
attention,16,64,32,512,1,6880.14
attention,16,64,32,1024,1,5572.73
attention,16,64,32,2048,1,2981.46
attention,16,64,32,4096,1,2990.48
attention,16,64,32,8192,1,2988.12
attention,16,64,32,16384,1,3003.86
attention,16,64,64,16,1,4249.68
attention,16,64,64,32,1,4445.49
attention,16,64,64,64,1,4397.4
attention,16,64,64,128,1,4306.61
attention,16,64,64,256,1,4100.31
attention,16,64,64,512,1,3708.5
attention,16,64,64,1024,1,2854.25
attention,16,64,64,2048,1,1273.13
attention,16,64,64,4096,1,1277.04
attention,16,64,64,8192,1,1292.2
attention,16,64,64,16384,1,1294.34
attention,16,64,128,16,1,7832.25
attention,16,64,128,32,1,7599.66
attention,16,64,128,64,1,7691.08
attention,16,64,128,128,1,7339.69
attention,16,64,128,256,1,7053.03
attention,16,64,128,512,1,6115.94
attention,16,64,128,1024,1,4840.77
attention,16,64,128,2048,1,1740.55
attention,16,64,128,4096,1,1730.53
attention,16,64,128,8192,1,1737.88
attention,16,64,128,16384,1,1744.21
attention,16,128,0,0,1,2727.41
attention,16,128,1,16,1,2873.23
attention,16,128,1,32,1,2878.58
attention,16,128,1,64,1,2882.98
attention,16,128,1,128,1,2893.47
attention,16,128,1,256,1,2882.2
attention,16,128,1,512,1,2858.67
attention,16,128,1,1024,1,2810.58
attention,16,128,1,2048,1,2726.96
attention,16,128,1,4096,1,2728.97
attention,16,128,1,8192,1,2728.46
attention,16,128,1,16384,1,2727
attention,16,128,2,16,1,3027.4
attention,16,128,2,32,1,3036.38
attention,16,128,2,64,1,3053.78
attention,16,128,2,128,1,3031.33
attention,16,128,2,256,1,3020.42
attention,16,128,2,512,1,2967.68
attention,16,128,2,1024,1,2872.94
attention,16,128,2,2048,1,2725.48
attention,16,128,2,4096,1,2729.14
attention,16,128,2,8192,1,2725.83
attention,16,128,2,16384,1,2728.82
attention,16,128,4,16,1,3356.76
attention,16,128,4,32,1,3386.93
attention,16,128,4,64,1,3372.07
attention,16,128,4,128,1,3374.64
attention,16,128,4,256,1,3314.83
attention,16,128,4,512,1,3182.75
attention,16,128,4,1024,1,3034.92
attention,16,128,4,2048,1,2701.03
attention,16,128,4,4096,1,2703.27
attention,16,128,4,8192,1,2703.11
attention,16,128,4,16384,1,2705.23
attention,16,128,8,16,1,4079.91
attention,16,128,8,32,1,4086.91
attention,16,128,8,64,1,4095.55
attention,16,128,8,128,1,4117.91
attention,16,128,8,256,1,4013.82
attention,16,128,8,512,1,3751.86
attention,16,128,8,1024,1,3405.95
attention,16,128,8,2048,1,2746.78
attention,16,128,8,4096,1,2746.59
attention,16,128,8,8192,1,2747.88
attention,16,128,8,16384,1,2750.06
attention,16,128,16,16,1,5483.24
attention,16,128,16,32,1,5353.2
attention,16,128,16,64,1,5353.33
attention,16,128,16,128,1,5337.55
attention,16,128,16,256,1,5168.31
attention,16,128,16,512,1,4767.71
attention,16,128,16,1024,1,4141.51
attention,16,128,16,2048,1,2788.36
attention,16,128,16,4096,1,2792.97
attention,16,128,16,8192,1,2796.92
attention,16,128,16,16384,1,2800.82
attention,16,128,32,16,1,7883.84
attention,16,128,32,32,1,8127.25
attention,16,128,32,64,1,7904.55
attention,16,128,32,128,1,7987.16
attention,16,128,32,256,1,7644.4
attention,16,128,32,512,1,6839.96
attention,16,128,32,1024,1,5526.56
attention,16,128,32,2048,1,2913.15
attention,16,128,32,4096,1,2916.79
attention,16,128,32,8192,1,2918.48
attention,16,128,32,16384,1,2930.45
attention,16,128,64,16,1,4351.52
attention,16,128,64,32,1,4420.84
attention,16,128,64,64,1,4371.16
attention,16,128,64,128,1,4303.73
attention,16,128,64,256,1,3914.02
attention,16,128,64,512,1,3707.55
attention,16,128,64,1024,1,2851.76
attention,16,128,64,2048,1,1272.01
attention,16,128,64,4096,1,1279.6
attention,16,128,64,8192,1,1293.36
attention,16,128,64,16384,1,1294.55
attention,16,128,128,16,1,7662.41
attention,16,128,128,32,1,7594.19
attention,16,128,128,64,1,7479.44
attention,16,128,128,128,1,7346.25
attention,16,128,128,256,1,6875.36
attention,16,128,128,512,1,6336.01
attention,16,128,128,1024,1,4641.59
attention,16,128,128,2048,1,1729.47
attention,16,128,128,4096,1,1731.99
attention,16,128,128,8192,1,1741.87
attention,16,128,128,16384,1,1745.35
attention,16,256,0,0,1,2536.82
attention,16,256,1,16,1,2717.15
attention,16,256,1,32,1,2725.27
attention,16,256,1,64,1,2715.56
attention,16,256,1,128,1,2711.46
attention,16,256,1,256,1,2697.75
attention,16,256,1,512,1,2662.72
attention,16,256,1,1024,1,2614.09
attention,16,256,1,2048,1,2546.39
attention,16,256,1,4096,1,2545.79
attention,16,256,1,8192,1,2546.04
attention,16,256,1,16384,1,2546.32
attention,16,256,2,16,1,2863.76
attention,16,256,2,32,1,2867.79
attention,16,256,2,64,1,2874.82
attention,16,256,2,128,1,2867.75
attention,16,256,2,256,1,2835.5
attention,16,256,2,512,1,2794.64
attention,16,256,2,1024,1,2693.11
attention,16,256,2,2048,1,2539.99
attention,16,256,2,4096,1,2539.64
attention,16,256,2,8192,1,2541.73
attention,16,256,2,16384,1,2538.33
attention,16,256,4,16,1,3206.91
attention,16,256,4,32,1,3190.89
attention,16,256,4,64,1,3220.92
attention,16,256,4,128,1,3178.14
attention,16,256,4,256,1,3152.98
attention,16,256,4,512,1,3014.29
attention,16,256,4,1024,1,2882.51
attention,16,256,4,2048,1,2538.76
attention,16,256,4,4096,1,2538.18
attention,16,256,4,8192,1,2541.75
attention,16,256,4,16384,1,2542.59
attention,16,256,8,16,1,3921.08
attention,16,256,8,32,1,3993.31
attention,16,256,8,64,1,3899.42
attention,16,256,8,128,1,3918.74
attention,16,256,8,256,1,3872.57
attention,16,256,8,512,1,3620.13
attention,16,256,8,1024,1,3306.42
attention,16,256,8,2048,1,2610.03
attention,16,256,8,4096,1,2611.03
attention,16,256,8,8192,1,2611.58
attention,16,256,8,16384,1,2611.94
attention,16,256,16,16,1,5286.03
attention,16,256,16,32,1,5206.6
attention,16,256,16,64,1,5221.14
attention,16,256,16,128,1,5112.24
attention,16,256,16,256,1,4998.89
attention,16,256,16,512,1,4621.85
attention,16,256,16,1024,1,3961.93
attention,16,256,16,2048,1,2647.23
attention,16,256,16,4096,1,2650.47
attention,16,256,16,8192,1,2653.34
attention,16,256,16,16384,1,2657.88
attention,16,256,32,16,1,7659.92
attention,16,256,32,32,1,7667.6
attention,16,256,32,64,1,7715.11
attention,16,256,32,128,1,7474.84
attention,16,256,32,256,1,7230.54
attention,16,256,32,512,1,6594.74
attention,16,256,32,1024,1,5378.6
attention,16,256,32,2048,1,2775.63
attention,16,256,32,4096,1,2775.28
attention,16,256,32,8192,1,2776.38
attention,16,256,32,16384,1,2786.3
attention,16,256,64,16,1,4289.07
attention,16,256,64,32,1,4372.27
attention,16,256,64,64,1,4327.43
attention,16,256,64,128,1,4149.47
attention,16,256,64,256,1,4056.59
attention,16,256,64,512,1,3663.4
attention,16,256,64,1024,1,2813.26
attention,16,256,64,2048,1,1271.54
attention,16,256,64,4096,1,1275.96
attention,16,256,64,8192,1,1290.83
attention,16,256,64,16384,1,1294.53
attention,16,256,128,16,1,7681.62
attention,16,256,128,32,1,7413.08
attention,16,256,128,64,1,7521.01
attention,16,256,128,128,1,7537.48
attention,16,256,128,256,1,6748.71
attention,16,256,128,512,1,6376.02
attention,16,256,128,1024,1,4819.2
attention,16,256,128,2048,1,1732.57
attention,16,256,128,4096,1,1744.94
attention,16,256,128,8192,1,1740.91
attention,16,256,128,16384,1,1744.66
attention,16,512,0,0,1,2206.92
attention,16,512,1,16,1,2391.99
attention,16,512,1,32,1,2391.91
attention,16,512,1,64,1,2384.12
attention,16,512,1,128,1,2362.09
attention,16,512,1,256,1,2371.81
attention,16,512,1,512,1,2353.33
attention,16,512,1,1024,1,2316.01
attention,16,512,1,2048,1,2210.6
attention,16,512,1,4096,1,2208.4
attention,16,512,1,8192,1,2208.81
attention,16,512,1,16384,1,2211.96
attention,16,512,2,16,1,2555.63
attention,16,512,2,32,1,2551.65
attention,16,512,2,64,1,2542.28
attention,16,512,2,128,1,2545.19
attention,16,512,2,256,1,2500.97
attention,16,512,2,512,1,2475.28
attention,16,512,2,1024,1,2375.99
attention,16,512,2,2048,1,2217.27
attention,16,512,2,4096,1,2221.7
attention,16,512,2,8192,1,2216.61
attention,16,512,2,16384,1,2216.94
attention,16,512,4,16,1,2876.38
attention,16,512,4,32,1,2908.39
attention,16,512,4,64,1,2883.75
attention,16,512,4,128,1,2868.79
attention,16,512,4,256,1,2816.28
attention,16,512,4,512,1,2730.81
attention,16,512,4,1024,1,2535.46
attention,16,512,4,2048,1,2208.53
attention,16,512,4,4096,1,2210.14
attention,16,512,4,8192,1,2208.1
attention,16,512,4,16384,1,2211.06
attention,16,512,8,16,1,3671.7
attention,16,512,8,32,1,3627.77
attention,16,512,8,64,1,3642.43
attention,16,512,8,128,1,3557.06
attention,16,512,8,256,1,3496.26
attention,16,512,8,512,1,3419.23
attention,16,512,8,1024,1,3013.16
attention,16,512,8,2048,1,2350.56
attention,16,512,8,4096,1,2351.27
attention,16,512,8,8192,1,2353.3
attention,16,512,8,16384,1,2357.9
attention,16,512,16,16,1,4894.49
attention,16,512,16,32,1,4930.05
attention,16,512,16,64,1,4855.81
attention,16,512,16,128,1,4767.36
attention,16,512,16,256,1,4612.79
attention,16,512,16,512,1,4415.01
attention,16,512,16,1024,1,3715.52
attention,16,512,16,2048,1,2382.07
attention,16,512,16,4096,1,2375.26
attention,16,512,16,8192,1,2390.39
attention,16,512,16,16384,1,2393.94
attention,16,512,32,16,1,7391.9
attention,16,512,32,32,1,7405.23
attention,16,512,32,64,1,7489.64
attention,16,512,32,128,1,7249.68
attention,16,512,32,256,1,6943.2
attention,16,512,32,512,1,6484.72
attention,16,512,32,1024,1,5149.03
attention,16,512,32,2048,1,2500.96
attention,16,512,32,4096,1,2500.55
attention,16,512,32,8192,1,2511.15
attention,16,512,32,16384,1,2521.48
attention,16,512,64,16,1,4090.49
attention,16,512,64,32,1,4269.84
attention,16,512,64,64,1,4233.12
attention,16,512,64,128,1,4155.81
attention,16,512,64,256,1,3960.51
attention,16,512,64,512,1,3566.32
attention,16,512,64,1024,1,2776.86
attention,16,512,64,2048,1,1272.89
attention,16,512,64,4096,1,1274.97
attention,16,512,64,8192,1,1317.38
attention,16,512,64,16384,1,1328.73
attention,16,512,128,16,1,7328.52
attention,16,512,128,32,1,7283.79
attention,16,512,128,64,1,7268.25
attention,16,512,128,128,1,7136.02
attention,16,512,128,256,1,6651.24
attention,16,512,128,512,1,6208.87
attention,16,512,128,1024,1,4559.96
attention,16,512,128,2048,1,1738.59
attention,16,512,128,4096,1,1747.83
attention,16,512,128,8192,1,1767.18
attention,16,512,128,16384,1,1763.04
attention,16,1024,0,0,1,1570.36
attention,16,1024,1,16,1,1707.42
attention,16,1024,1,32,1,1710.74
attention,16,1024,1,64,1,1717.88
attention,16,1024,1,128,1,1723.56
attention,16,1024,1,256,1,1690.06
attention,16,1024,1,512,1,1670.61
attention,16,1024,1,1024,1,1644.22
attention,16,1024,1,2048,1,1588.6
attention,16,1024,1,4096,1,1590.55
attention,16,1024,1,8192,1,1591.74
attention,16,1024,1,16384,1,1590.14
attention,16,1024,2,16,1,1872.45
attention,16,1024,2,32,1,1868.19
attention,16,1024,2,64,1,1870.41
attention,16,1024,2,128,1,1866.89
attention,16,1024,2,256,1,1854.69
attention,16,1024,2,512,1,1808.38
attention,16,1024,2,1024,1,1731.11
attention,16,1024,2,2048,1,1553.65
attention,16,1024,2,4096,1,1554.31
attention,16,1024,2,8192,1,1553.19
attention,16,1024,2,16384,1,1554.94
attention,16,1024,4,16,1,2206.76
attention,16,1024,4,32,1,2224.87
attention,16,1024,4,64,1,2206.43
attention,16,1024,4,128,1,2180.33
attention,16,1024,4,256,1,2159.71
attention,16,1024,4,512,1,2057.35
attention,16,1024,4,1024,1,1917.13
attention,16,1024,4,2048,1,1584.55
attention,16,1024,4,4096,1,1585.68
attention,16,1024,4,8192,1,1585.06
attention,16,1024,4,16384,1,1587.59
attention,16,1024,8,16,1,2976.9
attention,16,1024,8,32,1,2973.96
attention,16,1024,8,64,1,2957.71
attention,16,1024,8,128,1,2918.49
attention,16,1024,8,256,1,2849.85
attention,16,1024,8,512,1,2718.64
attention,16,1024,8,1024,1,2511.14
attention,16,1024,8,2048,1,1800.52
attention,16,1024,8,4096,1,1806.77
attention,16,1024,8,8192,1,1805.39
attention,16,1024,8,16384,1,1806.4
attention,16,1024,16,16,1,4225.62
attention,16,1024,16,32,1,4246.06
attention,16,1024,16,64,1,4197.76
attention,16,1024,16,128,1,4098.8
attention,16,1024,16,256,1,3972.94
attention,16,1024,16,512,1,3707.47
attention,16,1024,16,1024,1,3177.77
attention,16,1024,16,2048,1,1834.51
attention,16,1024,16,4096,1,1836.82
attention,16,1024,16,8192,1,1841.39
attention,16,1024,16,16384,1,1848.09
attention,16,1024,32,16,1,6892.52
attention,16,1024,32,32,1,6881.59
attention,16,1024,32,64,1,6798.6
attention,16,1024,32,128,1,6673.85
attention,16,1024,32,256,1,6342.61
attention,16,1024,32,512,1,5748.41
attention,16,1024,32,1024,1,4578.3
attention,16,1024,32,2048,1,1943.63
attention,16,1024,32,4096,1,1945.3
attention,16,1024,32,8192,1,1949.7
attention,16,1024,32,16384,1,1972.76
attention,16,1024,64,16,1,4099.16
attention,16,1024,64,32,1,4063.6
attention,16,1024,64,64,1,3889.78
attention,16,1024,64,128,1,3953.96
attention,16,1024,64,256,1,3756.94
attention,16,1024,64,512,1,3381.52
attention,16,1024,64,1024,1,2635.61
attention,16,1024,64,2048,1,1257.42
attention,16,1024,64,4096,1,1245.39
attention,16,1024,64,8192,1,1257.44
attention,16,1024,64,16384,1,1264.62
attention,16,1024,128,16,1,7160.91
attention,16,1024,128,32,1,7487.57
attention,16,1024,128,64,1,6990.03
attention,16,1024,128,128,1,6976.24
attention,16,1024,128,256,1,6881.11
attention,16,1024,128,512,1,5978.25
attention,16,1024,128,1024,1,4406.6
attention,16,1024,128,2048,1,1712.55
attention,16,1024,128,4096,1,1733.41
attention,16,1024,128,8192,1,1748.66
attention,16,1024,128,16384,1,1733.87
attention,16,2048,0,0,1,410.863
attention,16,2048,1,16,1,420.8
attention,16,2048,1,32,1,420.945
attention,16,2048,1,64,1,421.145
attention,16,2048,1,128,1,421.353
attention,16,2048,1,256,1,429.351
attention,16,2048,1,512,1,455.032
attention,16,2048,1,1024,1,510.328
attention,16,2048,1,2048,1,571.353
attention,16,2048,1,4096,1,571.36
attention,16,2048,1,8192,1,572.56
attention,16,2048,1,16384,1,572.888
attention,16,2048,2,16,1,558.057
attention,16,2048,2,32,1,559.568
attention,16,2048,2,64,1,554.889
attention,16,2048,2,128,1,557.88
attention,16,2048,2,256,1,547.753
attention,16,2048,2,512,1,548.162
attention,16,2048,2,1024,1,524.433
attention,16,2048,2,2048,1,562.545
attention,16,2048,2,4096,1,563.824
attention,16,2048,2,8192,1,563.52
attention,16,2048,2,16384,1,564.393
attention,16,2048,4,16,1,912.736
attention,16,2048,4,32,1,905.099
attention,16,2048,4,64,1,899.809
attention,16,2048,4,128,1,891.353
attention,16,2048,4,256,1,846.882
attention,16,2048,4,512,1,821.905
attention,16,2048,4,1024,1,695.226
attention,16,2048,4,2048,1,569.039
attention,16,2048,4,4096,1,569.352
attention,16,2048,4,8192,1,569.726
attention,16,2048,4,16384,1,570.519
attention,16,2048,8,16,1,1562.59
attention,16,2048,8,32,1,1559.46
attention,16,2048,8,64,1,1544.34
attention,16,2048,8,128,1,1514.7
attention,16,2048,8,256,1,1449.48
attention,16,2048,8,512,1,1335.78
attention,16,2048,8,1024,1,1115.25
attention,16,2048,8,2048,1,693.161
attention,16,2048,8,4096,1,695.169
attention,16,2048,8,8192,1,696.136
attention,16,2048,8,16384,1,697.472
attention,16,2048,16,16,1,2916.09
attention,16,2048,16,32,1,2899.55
attention,16,2048,16,64,1,2866.59
attention,16,2048,16,128,1,2794.04
attention,16,2048,16,256,1,2644.49
attention,16,2048,16,512,1,2369.28
attention,16,2048,16,1024,1,1812.11
attention,16,2048,16,2048,1,767.25
attention,16,2048,16,4096,1,773.241
attention,16,2048,16,8192,1,777.978
attention,16,2048,16,16384,1,783.16
attention,16,2048,32,16,1,5557.89
attention,16,2048,32,32,1,5284.03
attention,16,2048,32,64,1,5541.42
attention,16,2048,32,128,1,5315.09
attention,16,2048,32,256,1,4782.57
attention,16,2048,32,512,1,4370.38
attention,16,2048,32,1024,1,3224.54
attention,16,2048,32,2048,1,1186.28
attention,16,2048,32,4096,1,1193.26
attention,16,2048,32,8192,1,1195.41
attention,16,2048,32,16384,1,1206.69
attention,16,2048,64,16,1,3678.38
attention,16,2048,64,32,1,3651.39
attention,16,2048,64,64,1,3481.86
attention,16,2048,64,128,1,3536.7
attention,16,2048,64,256,1,3338.54
attention,16,2048,64,512,1,2955.88
attention,16,2048,64,1024,1,2109.54
attention,16,2048,64,2048,1,936.656
attention,16,2048,64,4096,1,942.593
attention,16,2048,64,8192,1,952.146
attention,16,2048,64,16384,1,956.832
attention,16,2048,128,16,1,6890.48
attention,16,2048,128,32,1,7019.56
attention,16,2048,128,64,1,7026.14
attention,16,2048,128,128,1,6854.27
attention,16,2048,128,256,1,6110.53
attention,16,2048,128,512,1,5314.04
attention,16,2048,128,1024,1,3965.18
attention,16,2048,128,2048,1,1699.5
attention,16,2048,128,4096,1,1710.72
attention,16,2048,128,8192,1,1724.27
attention,16,2048,128,16384,1,1711.6
attention,16,4096,0,0,1,412.193
attention,16,4096,1,16,1,420.031
attention,16,4096,1,32,1,422.328
attention,16,4096,1,64,1,422.48
attention,16,4096,1,128,1,422.153
attention,16,4096,1,256,1,427.409
attention,16,4096,1,512,1,456.688
attention,16,4096,1,1024,1,508.072
attention,16,4096,1,2048,1,570.969
attention,16,4096,1,4096,1,571.328
attention,16,4096,1,8192,1,572.144
attention,16,4096,1,16384,1,572.392
attention,16,4096,2,16,1,562.192
attention,16,4096,2,32,1,562.345
attention,16,4096,2,64,1,560.801
attention,16,4096,2,128,1,561.554
attention,16,4096,2,256,1,555.298
attention,16,4096,2,512,1,552.769
attention,16,4096,2,1024,1,525.096
attention,16,4096,2,2048,1,562.976
attention,16,4096,2,4096,1,563.45
attention,16,4096,2,8192,1,564.072
attention,16,4096,2,16384,1,563.8
attention,16,4096,4,16,1,909.28
attention,16,4096,4,32,1,907.249
attention,16,4096,4,64,1,900.111
attention,16,4096,4,128,1,889.104
attention,16,4096,4,256,1,855.784
attention,16,4096,4,512,1,830.016
attention,16,4096,4,1024,1,697.825
attention,16,4096,4,2048,1,568.08
attention,16,4096,4,4096,1,568.433
attention,16,4096,4,8192,1,569
attention,16,4096,4,16384,1,569.817
attention,16,4096,8,16,1,1567.74
attention,16,4096,8,32,1,1559.47
attention,16,4096,8,64,1,1543.57
attention,16,4096,8,128,1,1515.07
attention,16,4096,8,256,1,1456.58
attention,16,4096,8,512,1,1338.2
attention,16,4096,8,1024,1,1120.72
attention,16,4096,8,2048,1,692.343
attention,16,4096,8,4096,1,692.856
attention,16,4096,8,8192,1,693.953
attention,16,4096,8,16384,1,694.312
attention,16,4096,16,16,1,2915.42
attention,16,4096,16,32,1,2901.15
attention,16,4096,16,64,1,2806.86
attention,16,4096,16,128,1,2794.97
attention,16,4096,16,256,1,2620.42
attention,16,4096,16,512,1,2364.71
attention,16,4096,16,1024,1,1808.3
attention,16,4096,16,2048,1,751.745
attention,16,4096,16,4096,1,753.144
attention,16,4096,16,8192,1,757.352
attention,16,4096,16,16384,1,763.128
attention,16,4096,32,16,1,5646.33
attention,16,4096,32,32,1,5609.28
attention,16,4096,32,64,1,5536.11
attention,16,4096,32,128,1,5375.82
attention,16,4096,32,256,1,5057.5
attention,16,4096,32,512,1,4446.77
attention,16,4096,32,1024,1,3224.71
attention,16,4096,32,2048,1,1200.98
attention,16,4096,32,4096,1,1192.41
attention,16,4096,32,8192,1,1238.14
attention,16,4096,32,16384,1,1248.82
attention,16,4096,64,16,1,3677.82
attention,16,4096,64,32,1,3526.67
attention,16,4096,64,64,1,3471.45
attention,16,4096,64,128,1,3541.05
attention,16,4096,64,256,1,3342.75
attention,16,4096,64,512,1,2899.44
attention,16,4096,64,1024,1,2173.8
attention,16,4096,64,2048,1,936.592
attention,16,4096,64,4096,1,929.712
attention,16,4096,64,8192,1,948.057
attention,16,4096,64,16384,1,955.52
attention,16,4096,128,16,1,6923.34
attention,16,4096,128,32,1,6723.01
attention,16,4096,128,64,1,6810.12
attention,16,4096,128,128,1,6445.15
attention,16,4096,128,256,1,6196.54
attention,16,4096,128,512,1,5429.89
attention,16,4096,128,1024,1,3891.47
attention,16,4096,128,2048,1,1710.63
attention,16,4096,128,4096,1,1726.62
attention,16,4096,128,8192,1,1706.96
attention,16,4096,128,16384,1,1708.79
attention,16,8192,0,0,1,402.127
attention,16,8192,1,16,1,408.648
attention,16,8192,1,32,1,408.768
attention,16,8192,1,64,1,409.05
attention,16,8192,1,128,1,409.223
attention,16,8192,1,256,1,425.185
attention,16,8192,1,512,1,455.361
attention,16,8192,1,1024,1,510.512
attention,16,8192,1,2048,1,571.408
attention,16,8192,1,4096,1,571.744
attention,16,8192,1,8192,1,571.351
attention,16,8192,1,16384,1,571.816
attention,16,8192,2,16,1,558.496
attention,16,8192,2,32,1,558.265
attention,16,8192,2,64,1,557.896
attention,16,8192,2,128,1,557.903
attention,16,8192,2,256,1,550.839
attention,16,8192,2,512,1,547.264
attention,16,8192,2,1024,1,524.503
attention,16,8192,2,2048,1,562.6
attention,16,8192,2,4096,1,563.24
attention,16,8192,2,8192,1,563.135
attention,16,8192,2,16384,1,563.104
attention,16,8192,4,16,1,910.878
attention,16,8192,4,32,1,895.88
attention,16,8192,4,64,1,903.057
attention,16,8192,4,128,1,883.863
attention,16,8192,4,256,1,851.353
attention,16,8192,4,512,1,821.888
attention,16,8192,4,1024,1,696.775
attention,16,8192,4,2048,1,568.513
attention,16,8192,4,4096,1,568.674
attention,16,8192,4,8192,1,568.816
attention,16,8192,4,16384,1,569.703
attention,16,8192,8,16,1,1564.02
attention,16,8192,8,32,1,1557.59
attention,16,8192,8,64,1,1538.65
attention,16,8192,8,128,1,1506.99
attention,16,8192,8,256,1,1450.93
attention,16,8192,8,512,1,1334.57
attention,16,8192,8,1024,1,1113.64
attention,16,8192,8,2048,1,690.57
attention,16,8192,8,4096,1,690.672
attention,16,8192,8,8192,1,692.576
attention,16,8192,8,16384,1,695.288
attention,16,8192,16,16,1,2913.88
attention,16,8192,16,32,1,2893.39
attention,16,8192,16,64,1,2858.64
attention,16,8192,16,128,1,2785.68
attention,16,8192,16,256,1,2644.28
attention,16,8192,16,512,1,2367.67
attention,16,8192,16,1024,1,1809.51
attention,16,8192,16,2048,1,769.974
attention,16,8192,16,4096,1,771.648
attention,16,8192,16,8192,1,775.593
attention,16,8192,16,16384,1,781.76
attention,16,8192,32,16,1,5667.83
attention,16,8192,32,32,1,5600.93
attention,16,8192,32,64,1,5534.94
attention,16,8192,32,128,1,5359.15
attention,16,8192,32,256,1,5069.9
attention,16,8192,32,512,1,4448.83
attention,16,8192,32,1024,1,3218.92
attention,16,8192,32,2048,1,1226.23
attention,16,8192,32,4096,1,1221.68
attention,16,8192,32,8192,1,1236.79
attention,16,8192,32,16384,1,1246.73
attention,16,8192,64,16,1,3630.9
attention,16,8192,64,32,1,3653.68
attention,16,8192,64,64,1,3604.52
attention,16,8192,64,128,1,3474.84
attention,16,8192,64,256,1,3231.19
attention,16,8192,64,512,1,2957.13
attention,16,8192,64,1024,1,2185.72
attention,16,8192,64,2048,1,918.657
attention,16,8192,64,4096,1,922.808
attention,16,8192,64,8192,1,944.69
attention,16,8192,64,16384,1,953.281
attention,16,8192,128,16,1,7177.32
attention,16,8192,128,32,1,7023.7
attention,16,8192,128,64,1,6746.1
attention,16,8192,128,128,1,6832.84
attention,16,8192,128,256,1,6408.31
attention,16,8192,128,512,1,5428.4
attention,16,8192,128,1024,1,4011.73
attention,16,8192,128,2048,1,1710.53
attention,16,8192,128,4096,1,1740.61
attention,16,8192,128,8192,1,1743.45
attention,16,8192,128,16384,1,1767.38
attention,16,16384,0,0,1,415.209
attention,16,16384,1,16,1,423.136
attention,16,16384,1,32,1,423.394
attention,16,16384,1,64,1,423.089
attention,16,16384,1,128,1,423.777
attention,16,16384,1,256,1,429.608
attention,16,16384,1,512,1,456.698
attention,16,16384,1,1024,1,512.486
attention,16,16384,1,2048,1,571.544
attention,16,16384,1,4096,1,571.312
attention,16,16384,1,8192,1,571.152
attention,16,16384,1,16384,1,571.088
attention,16,16384,2,16,1,554.225
attention,16,16384,2,32,1,553.089
attention,16,16384,2,64,1,554.168
attention,16,16384,2,128,1,550.536
attention,16,16384,2,256,1,550.912
attention,16,16384,2,512,1,550.2
attention,16,16384,2,1024,1,524.263
attention,16,16384,2,2048,1,562.12
attention,16,16384,2,4096,1,562.585
attention,16,16384,2,8192,1,562.543
attention,16,16384,2,16384,1,562.223
attention,16,16384,4,16,1,908.625
attention,16,16384,4,32,1,897.776
attention,16,16384,4,64,1,894.241
attention,16,16384,4,128,1,880.231
attention,16,16384,4,256,1,852.784
attention,16,16384,4,512,1,813.457
attention,16,16384,4,1024,1,691.08
attention,16,16384,4,2048,1,567.073
attention,16,16384,4,4096,1,567.457
attention,16,16384,4,8192,1,567.752
attention,16,16384,4,16384,1,568.551
attention,16,16384,8,16,1,1560.86
attention,16,16384,8,32,1,1550.67
attention,16,16384,8,64,1,1537.71
attention,16,16384,8,128,1,1505.56
attention,16,16384,8,256,1,1446.85
attention,16,16384,8,512,1,1331.79
attention,16,16384,8,1024,1,1107.52
attention,16,16384,8,2048,1,694.186
attention,16,16384,8,4096,1,693.08
attention,16,16384,8,8192,1,694.233
attention,16,16384,8,16384,1,697.048
attention,16,16384,16,16,1,2909.74
attention,16,16384,16,32,1,2895.35
attention,16,16384,16,64,1,2860.27
attention,16,16384,16,128,1,2784.06
attention,16,16384,16,256,1,2641.52
attention,16,16384,16,512,1,2364.27
attention,16,16384,16,1024,1,1807.66
attention,16,16384,16,2048,1,770.6
attention,16,16384,16,4096,1,772.488
attention,16,16384,16,8192,1,776
attention,16,16384,16,16384,1,782.344
attention,16,16384,32,16,1,5645.47
attention,16,16384,32,32,1,5492.23
attention,16,16384,32,64,1,5539.3
attention,16,16384,32,128,1,5362.84
attention,16,16384,32,256,1,5056.09
attention,16,16384,32,512,1,4370.45
attention,16,16384,32,1024,1,3224.8
attention,16,16384,32,2048,1,1232.3
attention,16,16384,32,4096,1,1239.54
attention,16,16384,32,8192,1,1243.16
attention,16,16384,32,16384,1,1253.52
attention,16,16384,64,16,1,3680.69
attention,16,16384,64,32,1,3579.87
attention,16,16384,64,64,1,3611.4
attention,16,16384,64,128,1,3538.44
attention,16,16384,64,256,1,3340.19
attention,16,16384,64,512,1,2898.99
attention,16,16384,64,1024,1,2149.15
attention,16,16384,64,2048,1,936.248
attention,16,16384,64,4096,1,940.016
attention,16,16384,64,8192,1,935.952
attention,16,16384,64,16384,1,946.856
attention,16,16384,128,16,1,7031.04
attention,16,16384,128,32,1,6693.28
attention,16,16384,128,64,1,6603.12
attention,16,16384,128,128,1,6853.66
attention,16,16384,128,256,1,6064.48
attention,16,16384,128,512,1,5314.44
attention,16,16384,128,1024,1,3961.22
attention,16,16384,128,2048,1,1702.56
attention,16,16384,128,4096,1,1731.62
attention,16,16384,128,8192,1,1726.79
attention,16,16384,128,16384,1,1749.44
attention,32,0,0,0,1,5521.59
attention,32,0,1,16,1,5679.82
attention,32,0,1,32,1,5562.98
attention,32,0,1,64,1,5673.88
attention,32,0,1,128,1,5670.26
attention,32,0,1,256,1,5659.68
attention,32,0,1,512,1,5649.83
attention,32,0,1,1024,1,5630.42
attention,32,0,1,2048,1,5565.03
attention,32,0,1,4096,1,5567.52
attention,32,0,1,8192,1,5565.76
attention,32,0,1,16384,1,5565.64
attention,32,0,2,16,1,5849.22
attention,32,0,2,32,1,5726.22
attention,32,0,2,64,1,5721.99
attention,32,0,2,128,1,5832.65
attention,32,0,2,256,1,5810.32
attention,32,0,2,512,1,5802.83
attention,32,0,2,1024,1,5725.94
attention,32,0,2,2048,1,5546.63
attention,32,0,2,4096,1,5546.52
attention,32,0,2,8192,1,5547.59
attention,32,0,2,16384,1,5548.09
attention,32,0,4,16,1,6178.94
attention,32,0,4,32,1,6174.16
attention,32,0,4,64,1,6170.16
attention,32,0,4,128,1,6018.2
attention,32,0,4,256,1,6111.77
attention,32,0,4,512,1,5816.33
attention,32,0,4,1024,1,5874.45
attention,32,0,4,2048,1,5536.17
attention,32,0,4,4096,1,5537
attention,32,0,4,8192,1,5536.82
attention,32,0,4,16384,1,5536.06
attention,32,0,8,16,1,6820.25
attention,32,0,8,32,1,6563.58
attention,32,0,8,64,1,6832.81
attention,32,0,8,128,1,6645.73
attention,32,0,8,256,1,6570.4
attention,32,0,8,512,1,6549.6
attention,32,0,8,1024,1,6239.08
attention,32,0,8,2048,1,5562.33
attention,32,0,8,4096,1,5566.27
attention,32,0,8,8192,1,5561.24
attention,32,0,8,16384,1,5564.04
attention,32,0,16,16,1,8295.82
attention,32,0,16,32,1,8034.93
attention,32,0,16,64,1,8073.69
attention,32,0,16,128,1,8163.16
attention,32,0,16,256,1,7771.6
attention,32,0,16,512,1,7595.07
attention,32,0,16,1024,1,6956.39
attention,32,0,16,2048,1,5615.64
attention,32,0,16,4096,1,5617.31
attention,32,0,16,8192,1,5624.71
attention,32,0,16,16384,1,5509.62
attention,32,0,32,16,1,10739.3
attention,32,0,32,32,1,10486.8
attention,32,0,32,64,1,10414.8
attention,32,0,32,128,1,10647
attention,32,0,32,256,1,10392
attention,32,0,32,512,1,9274.35
attention,32,0,32,1024,1,8100.21
attention,32,0,32,2048,1,5481.14
attention,32,0,32,4096,1,5710.37
attention,32,0,32,8192,1,5715.49
attention,32,0,32,16384,1,5705.42
attention,32,0,64,16,1,5405.16
attention,32,0,64,32,1,5380.03
attention,32,0,64,64,1,5015.05
attention,32,0,64,128,1,5262.69
attention,32,0,64,256,1,4860.46
attention,32,0,64,512,1,4644.53
attention,32,0,64,1024,1,3876.15
attention,32,0,64,2048,1,2332.46
attention,32,0,64,4096,1,2335.31
attention,32,0,64,8192,1,2335.27
attention,32,0,64,16384,1,2329.5
attention,32,0,128,16,1,8554.16
attention,32,0,128,32,1,8714.03
attention,32,0,128,64,1,8391.62
attention,32,0,128,128,1,8240
attention,32,0,128,256,1,7846.28
attention,32,0,128,512,1,7085.98
attention,32,0,128,1024,1,5606.33
attention,32,0,128,2048,1,2812.1
attention,32,0,128,4096,1,2825.83
attention,32,0,128,8192,1,2828.31
attention,32,0,128,16384,1,2836.27
attention,32,16,0,0,1,5324.12
attention,32,16,1,16,1,5652.52
attention,32,16,1,32,1,5662.87
attention,32,16,1,64,1,5657.89
attention,32,16,1,128,1,5649.23
attention,32,16,1,256,1,5649.91
attention,32,16,1,512,1,5618.63
attention,32,16,1,1024,1,5586.2
attention,32,16,1,2048,1,5500.99
attention,32,16,1,4096,1,5505.83
attention,32,16,1,8192,1,5499.8
attention,32,16,1,16384,1,5504.85
attention,32,16,2,16,1,5814.3
attention,32,16,2,32,1,5829.1
attention,32,16,2,64,1,5817.58
attention,32,16,2,128,1,5792.73
attention,32,16,2,256,1,5779.67
attention,32,16,2,512,1,5726.88
attention,32,16,2,1024,1,5678.4
attention,32,16,2,2048,1,5489.28
attention,32,16,2,4096,1,5486.15
attention,32,16,2,8192,1,5486.72
attention,32,16,2,16384,1,5486.45
attention,32,16,4,16,1,6139.93
attention,32,16,4,32,1,6147.38
attention,32,16,4,64,1,6135.85
attention,32,16,4,128,1,6105.12
attention,32,16,4,256,1,6068.41
attention,32,16,4,512,1,5979.71
attention,32,16,4,1024,1,5827.48
attention,32,16,4,2048,1,5505.54
attention,32,16,4,4096,1,5501.51
attention,32,16,4,8192,1,5502.63
attention,32,16,4,16384,1,5503.24
attention,32,16,8,16,1,6810.6
attention,32,16,8,32,1,6846.19
attention,32,16,8,64,1,6798.73
attention,32,16,8,128,1,6749.5
attention,32,16,8,256,1,6693.46
attention,32,16,8,512,1,6507.53
attention,32,16,8,1024,1,6189.06
attention,32,16,8,2048,1,5531.75
attention,32,16,8,4096,1,5528.98
attention,32,16,8,8192,1,5533.61
attention,32,16,8,16384,1,5533.67
attention,32,16,16,16,1,8081.73
attention,32,16,16,32,1,8124.51
attention,32,16,16,64,1,8236.55
attention,32,16,16,128,1,8101.21
attention,32,16,16,256,1,8002.98
attention,32,16,16,512,1,7549
attention,32,16,16,1024,1,6879.86
attention,32,16,16,2048,1,5579.11
attention,32,16,16,4096,1,5578.06
attention,32,16,16,8192,1,5590.14
attention,32,16,16,16384,1,5590.52
attention,32,16,32,16,1,10797.1
attention,32,16,32,32,1,10804.1
attention,32,16,32,64,1,10846.9
attention,32,16,32,128,1,10539.9
attention,32,16,32,256,1,10066
attention,32,16,32,512,1,9398.41
attention,32,16,32,1024,1,8282.11
attention,32,16,32,2048,1,5661.78
attention,32,16,32,4096,1,5664.66
attention,32,16,32,8192,1,5665.21
attention,32,16,32,16384,1,5677.81
attention,32,16,64,16,1,5420.64
attention,32,16,64,32,1,5384.59
attention,32,16,64,64,1,5134.97
attention,32,16,64,128,1,4992.85
attention,32,16,64,256,1,5015.06
attention,32,16,64,512,1,4610.59
attention,32,16,64,1024,1,3644.77
attention,32,16,64,2048,1,2053.18
attention,32,16,64,4096,1,2054.74
attention,32,16,64,8192,1,2066.95
attention,32,16,64,16384,1,2066.39
attention,32,16,128,16,1,8695.97
attention,32,16,128,32,1,8807.63
attention,32,16,128,64,1,8368.72
attention,32,16,128,128,1,8167.72
attention,32,16,128,256,1,7769.67
attention,32,16,128,512,1,7261.85
attention,32,16,128,1024,1,5258.84
attention,32,16,128,2048,1,2662.76
attention,32,16,128,4096,1,2708.78
attention,32,16,128,8192,1,2736.96
attention,32,16,128,16384,1,2738.7
attention,32,32,0,0,1,5461.92
attention,32,32,1,16,1,5605.3
attention,32,32,1,32,1,5607.48
attention,32,32,1,64,1,5601.77
attention,32,32,1,128,1,5600.97
attention,32,32,1,256,1,5588.28
attention,32,32,1,512,1,5575.7
attention,32,32,1,1024,1,5540.14
attention,32,32,1,2048,1,5477.42
attention,32,32,1,4096,1,5474.21
attention,32,32,1,8192,1,5476.82
attention,32,32,1,16384,1,5477.06
attention,32,32,2,16,1,5771.43
attention,32,32,2,32,1,5771.58
attention,32,32,2,64,1,5764.25
attention,32,32,2,128,1,5759.14
attention,32,32,2,256,1,5733.98
attention,32,32,2,512,1,5699.33
attention,32,32,2,1024,1,5626.75
attention,32,32,2,2048,1,5453.92
attention,32,32,2,4096,1,5454.41
attention,32,32,2,8192,1,5456.7
attention,32,32,2,16384,1,5458.31
attention,32,32,4,16,1,6100.03
attention,32,32,4,32,1,6098.54
attention,32,32,4,64,1,6087.41
attention,32,32,4,128,1,6071.84
attention,32,32,4,256,1,6025.73
attention,32,32,4,512,1,5950.32
attention,32,32,4,1024,1,5793.23
attention,32,32,4,2048,1,5461.91
attention,32,32,4,4096,1,5462.27
attention,32,32,4,8192,1,5463.43
attention,32,32,4,16384,1,5463.05
attention,32,32,8,16,1,6771.43
attention,32,32,8,32,1,6697.22
attention,32,32,8,64,1,6748.65
attention,32,32,8,128,1,6713.96
attention,32,32,8,256,1,6623.62
attention,32,32,8,512,1,6402.59
attention,32,32,8,1024,1,6156.46
attention,32,32,8,2048,1,5485.95
attention,32,32,8,4096,1,5405.9
attention,32,32,8,8192,1,5491.22
attention,32,32,8,16384,1,5492.85
attention,32,32,16,16,1,7967.19
attention,32,32,16,32,1,7992.84
attention,32,32,16,64,1,8021.7
attention,32,32,16,128,1,7998
attention,32,32,16,256,1,7900.9
attention,32,32,16,512,1,7509.9
attention,32,32,16,1024,1,6848.61
attention,32,32,16,2048,1,5538.36
attention,32,32,16,4096,1,5543
attention,32,32,16,8192,1,5430.8
attention,32,32,16,16384,1,5547.15
attention,32,32,32,16,1,10568.9
attention,32,32,32,32,1,10773.6
attention,32,32,32,64,1,10341.8
attention,32,32,32,128,1,10253.1
attention,32,32,32,256,1,10057.5
attention,32,32,32,512,1,9570.13
attention,32,32,32,1024,1,8083.74
attention,32,32,32,2048,1,5629.12
attention,32,32,32,4096,1,5635.73
attention,32,32,32,8192,1,5636.67
attention,32,32,32,16384,1,5645.22
attention,32,32,64,16,1,5375.51
attention,32,32,64,32,1,5394.37
attention,32,32,64,64,1,5114.47
attention,32,32,64,128,1,5133.12
attention,32,32,64,256,1,5007.55
attention,32,32,64,512,1,4575.12
attention,32,32,64,1024,1,3709.52
attention,32,32,64,2048,1,2063.63
attention,32,32,64,4096,1,2081.28
attention,32,32,64,8192,1,2097.38
attention,32,32,64,16384,1,2067.66
attention,32,32,128,16,1,8561.42
attention,32,32,128,32,1,8640.19
attention,32,32,128,64,1,8537.29
attention,32,32,128,128,1,8343.65
attention,32,32,128,256,1,7929.18
attention,32,32,128,512,1,7126.89
attention,32,32,128,1024,1,5582.16
attention,32,32,128,2048,1,2670.69
attention,32,32,128,4096,1,2728.74
attention,32,32,128,8192,1,2717.06
attention,32,32,128,16384,1,2742.5
attention,32,64,0,0,1,5381.63
attention,32,64,1,16,1,5526.48
attention,32,64,1,32,1,5526.32
attention,32,64,1,64,1,5525.11
attention,32,64,1,128,1,5520.07
attention,32,64,1,256,1,5509.94
attention,32,64,1,512,1,5497.3
attention,32,64,1,1024,1,5466.62
attention,32,64,1,2048,1,5407.43
attention,32,64,1,4096,1,5404.03
attention,32,64,1,8192,1,5405.5
attention,32,64,1,16384,1,5407.99
attention,32,64,2,16,1,5692.43
attention,32,64,2,32,1,5690.23
attention,32,64,2,64,1,5689.71
attention,32,64,2,128,1,5679.18
attention,32,64,2,256,1,5661.16
attention,32,64,2,512,1,5615.67
attention,32,64,2,1024,1,5553.05
attention,32,64,2,2048,1,5379.79
attention,32,64,2,4096,1,5378.18
attention,32,64,2,8192,1,5378.89
attention,32,64,2,16384,1,5378.91
attention,32,64,4,16,1,6026.02
attention,32,64,4,32,1,6020.63
attention,32,64,4,64,1,6012.45
attention,32,64,4,128,1,5991.93
attention,32,64,4,256,1,5958.37
attention,32,64,4,512,1,5872.92
attention,32,64,4,1024,1,5722.08
attention,32,64,4,2048,1,5384.71
attention,32,64,4,4096,1,5383.86
attention,32,64,4,8192,1,5385.75
attention,32,64,4,16384,1,5385.85
attention,32,64,8,16,1,6692.3
attention,32,64,8,32,1,6685.38
attention,32,64,8,64,1,6668.2
attention,32,64,8,128,1,6642.53
attention,32,64,8,256,1,6559.6
attention,32,64,8,512,1,6387.21
attention,32,64,8,1024,1,6084.24
attention,32,64,8,2048,1,5407.91
attention,32,64,8,4096,1,5410.79
attention,32,64,8,8192,1,5411.92
attention,32,64,8,16384,1,5413.54
attention,32,64,16,16,1,8095.56
attention,32,64,16,32,1,8058.84
attention,32,64,16,64,1,8020.75
attention,32,64,16,128,1,8027.53
attention,32,64,16,256,1,7847.84
attention,32,64,16,512,1,7486.77
attention,32,64,16,1024,1,6771.87
attention,32,64,16,2048,1,5469.54
attention,32,64,16,4096,1,5470.29
attention,32,64,16,8192,1,5478.38
attention,32,64,16,16384,1,5477.67
attention,32,64,32,16,1,10758.3
attention,32,64,32,32,1,10739.3
attention,32,64,32,64,1,10654.3
attention,32,64,32,128,1,10575.1
attention,32,64,32,256,1,10133.9
attention,32,64,32,512,1,9503.1
attention,32,64,32,1024,1,8167.45
attention,32,64,32,2048,1,5559.43
attention,32,64,32,4096,1,5565.7
attention,32,64,32,8192,1,5564.59
attention,32,64,32,16384,1,5566.54
attention,32,64,64,16,1,5380.41
attention,32,64,64,32,1,5366.39
attention,32,64,64,64,1,5310.66
attention,32,64,64,128,1,5143.29
attention,32,64,64,256,1,4958.59
attention,32,64,64,512,1,4552.41
attention,32,64,64,1024,1,3685.97
attention,32,64,64,2048,1,2077.78
attention,32,64,64,4096,1,2078.15
attention,32,64,64,8192,1,2094.31
attention,32,64,64,16384,1,2059.03
attention,32,64,128,16,1,8844.16
attention,32,64,128,32,1,8797.29
attention,32,64,128,64,1,8693.22
attention,32,64,128,128,1,8184.21
attention,32,64,128,256,1,8079.84
attention,32,64,128,512,1,7219.02
attention,32,64,128,1024,1,5560.55
attention,32,64,128,2048,1,2680.91
attention,32,64,128,4096,1,2670.03
attention,32,64,128,8192,1,2688.38
attention,32,64,128,16384,1,2712.75
attention,32,128,0,0,1,5224.89
attention,32,128,1,16,1,5374.07
attention,32,128,1,32,1,5373.19
attention,32,128,1,64,1,5373.05
attention,32,128,1,128,1,5374.62
attention,32,128,1,256,1,5361.26
attention,32,128,1,512,1,5344.92
attention,32,128,1,1024,1,5327.19
attention,32,128,1,2048,1,5264.43
attention,32,128,1,4096,1,5264.84
attention,32,128,1,8192,1,5271.15
attention,32,128,1,16384,1,5267.89
attention,32,128,2,16,1,5543.11
attention,32,128,2,32,1,5540.48
attention,32,128,2,64,1,5535.21
attention,32,128,2,128,1,5536.98
attention,32,128,2,256,1,5516.26
attention,32,128,2,512,1,5480.3
attention,32,128,2,1024,1,5409.41
attention,32,128,2,2048,1,5238.91
attention,32,128,2,4096,1,5239.64
attention,32,128,2,8192,1,5241.23
attention,32,128,2,16384,1,5241.56
attention,32,128,4,16,1,5859.84
attention,32,128,4,32,1,5857.28
attention,32,128,4,64,1,5853.08
attention,32,128,4,128,1,5847.4
attention,32,128,4,256,1,5810.69
attention,32,128,4,512,1,5725.71
attention,32,128,4,1024,1,5572.3
attention,32,128,4,2048,1,5239.12
attention,32,128,4,4096,1,5240.12
attention,32,128,4,8192,1,5242.55
attention,32,128,4,16384,1,5240.71
attention,32,128,8,16,1,6533.1
attention,32,128,8,32,1,6529.56
attention,32,128,8,64,1,6511.21
attention,32,128,8,128,1,6485.45
attention,32,128,8,256,1,6413.58
attention,32,128,8,512,1,6237.88
attention,32,128,8,1024,1,5921.85
attention,32,128,8,2048,1,5257.31
attention,32,128,8,4096,1,5261.11
attention,32,128,8,8192,1,5258.98
attention,32,128,8,16384,1,5263.61
attention,32,128,16,16,1,7918.36
attention,32,128,16,32,1,7888.69
attention,32,128,16,64,1,7572.96
attention,32,128,16,128,1,7655.27
attention,32,128,16,256,1,7577.83
attention,32,128,16,512,1,7380.7
attention,32,128,16,1024,1,6592.42
attention,32,128,16,2048,1,5201.67
attention,32,128,16,4096,1,5314.94
attention,32,128,16,8192,1,5320.2
attention,32,128,16,16384,1,5322.71
attention,32,128,32,16,1,10362.3
attention,32,128,32,32,1,10332.3
attention,32,128,32,64,1,10265.6
attention,32,128,32,128,1,10122.4
attention,32,128,32,256,1,9683.87
attention,32,128,32,512,1,9334.49
attention,32,128,32,1024,1,8034.03
attention,32,128,32,2048,1,5401.65
attention,32,128,32,4096,1,5406.48
attention,32,128,32,8192,1,5409.76
attention,32,128,32,16384,1,5331.23
attention,32,128,64,16,1,5285.71
attention,32,128,64,32,1,5298.31
attention,32,128,64,64,1,5047.18
attention,32,128,64,128,1,5008.22
attention,32,128,64,256,1,4938.58
attention,32,128,64,512,1,4530.78
attention,32,128,64,1024,1,3598.45
attention,32,128,64,2048,1,2077.29
attention,32,128,64,4096,1,2051.78
attention,32,128,64,8192,1,2067.64
attention,32,128,64,16384,1,2039.16
attention,32,128,128,16,1,8431.86
attention,32,128,128,32,1,8734.75
attention,32,128,128,64,1,8246.59
attention,32,128,128,128,1,8156.76
attention,32,128,128,256,1,7677.42
attention,32,128,128,512,1,7201.03
attention,32,128,128,1024,1,5538.44
attention,32,128,128,2048,1,2676.43
attention,32,128,128,4096,1,2648.77
attention,32,128,128,8192,1,2691.14
attention,32,128,128,16384,1,2695.86
attention,32,256,0,0,1,4930.36
attention,32,256,1,16,1,5077.28
attention,32,256,1,32,1,4975.31
attention,32,256,1,64,1,5046.13
attention,32,256,1,128,1,5075.89
attention,32,256,1,256,1,5073.31
attention,32,256,1,512,1,5053.9
attention,32,256,1,1024,1,5025.41
attention,32,256,1,2048,1,4963.11
attention,32,256,1,4096,1,4961.19
attention,32,256,1,8192,1,4960.27
attention,32,256,1,16384,1,4949.89
attention,32,256,2,16,1,5224.67
attention,32,256,2,32,1,5222.56
attention,32,256,2,64,1,5217.39
attention,32,256,2,128,1,5217.95
attention,32,256,2,256,1,5218.45
attention,32,256,2,512,1,5174.8
attention,32,256,2,1024,1,5101.03
attention,32,256,2,2048,1,4929.66
attention,32,256,2,4096,1,4931.84
attention,32,256,2,8192,1,4929.63
attention,32,256,2,16384,1,4930.6
attention,32,256,4,16,1,5543.74
attention,32,256,4,32,1,5537.36
attention,32,256,4,64,1,5533.68
attention,32,256,4,128,1,5523.2
attention,32,256,4,256,1,5505.9
attention,32,256,4,512,1,5427.01
attention,32,256,4,1024,1,5261.4
attention,32,256,4,2048,1,4937.03
attention,32,256,4,4096,1,4934.64
attention,32,256,4,8192,1,4936.65
attention,32,256,4,16384,1,4935.54
attention,32,256,8,16,1,6208.05
attention,32,256,8,32,1,6199.89
attention,32,256,8,64,1,6179.34
attention,32,256,8,128,1,6152.49
attention,32,256,8,256,1,6101.94
attention,32,256,8,512,1,5934.81
attention,32,256,8,1024,1,5626.19
attention,32,256,8,2048,1,4956.59
attention,32,256,8,4096,1,4960.88
attention,32,256,8,8192,1,4959.43
attention,32,256,8,16384,1,4963.87
attention,32,256,16,16,1,7584.01
attention,32,256,16,32,1,7205.3
attention,32,256,16,64,1,7541.03
attention,32,256,16,128,1,7342.6
attention,32,256,16,256,1,7298.03
attention,32,256,16,512,1,7095.45
attention,32,256,16,1024,1,6317.42
attention,32,256,16,2048,1,5007.78
attention,32,256,16,4096,1,5008.43
attention,32,256,16,8192,1,5016.2
attention,32,256,16,16384,1,5017.7
attention,32,256,32,16,1,10237.3
attention,32,256,32,32,1,9995.31
attention,32,256,32,64,1,9847.76
attention,32,256,32,128,1,9819.89
attention,32,256,32,256,1,9678.8
attention,32,256,32,512,1,9098.88
attention,32,256,32,1024,1,7616.33
attention,32,256,32,2048,1,5096.59
attention,32,256,32,4096,1,5103.87
attention,32,256,32,8192,1,5081.93
attention,32,256,32,16384,1,5119.48
attention,32,256,64,16,1,5206.2
attention,32,256,64,32,1,4996.78
attention,32,256,64,64,1,5143.12
attention,32,256,64,128,1,5080.53
attention,32,256,64,256,1,4638.03
attention,32,256,64,512,1,4470.56
attention,32,256,64,1024,1,3578.06
attention,32,256,64,2048,1,2017.51
attention,32,256,64,4096,1,2017.26
attention,32,256,64,8192,1,2034.41
attention,32,256,64,16384,1,2034.66
attention,32,256,128,16,1,8389.09
attention,32,256,128,32,1,8398.64
attention,32,256,128,64,1,8363.09
attention,32,256,128,128,1,8043.82
attention,32,256,128,256,1,7615.74
attention,32,256,128,512,1,6841.58
attention,32,256,128,1024,1,5235.74
attention,32,256,128,2048,1,2557.46
attention,32,256,128,4096,1,2565.57
attention,32,256,128,8192,1,2593.78
attention,32,256,128,16384,1,2603.96
attention,32,512,0,0,1,4334.92
attention,32,512,1,16,1,4474.75
attention,32,512,1,32,1,4473.96
attention,32,512,1,64,1,4472.64
attention,32,512,1,128,1,4472.35
attention,32,512,1,256,1,4469.65
attention,32,512,1,512,1,4458.74
attention,32,512,1,1024,1,4425.94
attention,32,512,1,2048,1,4342.76
attention,32,512,1,4096,1,4344.79
attention,32,512,1,8192,1,4343.97
attention,32,512,1,16384,1,4345.91
attention,32,512,2,16,1,4600.92
attention,32,512,2,32,1,4603.99
attention,32,512,2,64,1,4597.05
attention,32,512,2,128,1,4593.68
attention,32,512,2,256,1,4589.44
attention,32,512,2,512,1,4587.41
attention,32,512,2,1024,1,4505.69
attention,32,512,2,2048,1,4339.29
attention,32,512,2,4096,1,4339.59
attention,32,512,2,8192,1,4340.48
attention,32,512,2,16384,1,4342.84
attention,32,512,4,16,1,4915.72
attention,32,512,4,32,1,4915.37
attention,32,512,4,64,1,4904.55
attention,32,512,4,128,1,4893.14
attention,32,512,4,256,1,4880.31
attention,32,512,4,512,1,4835.35
attention,32,512,4,1024,1,4672.64
attention,32,512,4,2048,1,4346.87
attention,32,512,4,4096,1,4348.4
attention,32,512,4,8192,1,4349.44
attention,32,512,4,16384,1,4348.15
attention,32,512,8,16,1,5560.88
attention,32,512,8,32,1,5554.84
attention,32,512,8,64,1,5543.4
attention,32,512,8,128,1,5518.12
attention,32,512,8,256,1,5457.33
attention,32,512,8,512,1,5342.25
attention,32,512,8,1024,1,5020.22
attention,32,512,8,2048,1,4364.39
attention,32,512,8,4096,1,4367.16
attention,32,512,8,8192,1,4361.68
attention,32,512,8,16384,1,4370.1
attention,32,512,16,16,1,6481.62
attention,32,512,16,32,1,6724.52
attention,32,512,16,64,1,6653.68
attention,32,512,16,128,1,6643.47
attention,32,512,16,256,1,6674.68
attention,32,512,16,512,1,6388.99
attention,32,512,16,1024,1,5753.58
attention,32,512,16,2048,1,4404.61
attention,32,512,16,4096,1,4410.5
attention,32,512,16,8192,1,4415.97
attention,32,512,16,16384,1,4417.22
attention,32,512,32,16,1,9514.38
attention,32,512,32,32,1,9181.73
attention,32,512,32,64,1,9486.61
attention,32,512,32,128,1,9278.85
attention,32,512,32,256,1,8867.45
attention,32,512,32,512,1,8341.14
attention,32,512,32,1024,1,6983.64
attention,32,512,32,2048,1,4497.61
attention,32,512,32,4096,1,4506.77
attention,32,512,32,8192,1,4503.97
attention,32,512,32,16384,1,4517.36
attention,32,512,64,16,1,4863.88
attention,32,512,64,32,1,4944.65
attention,32,512,64,64,1,4901.96
attention,32,512,64,128,1,4822.68
attention,32,512,64,256,1,4645.75
attention,32,512,64,512,1,4232.15
attention,32,512,64,1024,1,3406.71
attention,32,512,64,2048,1,1964.65
attention,32,512,64,4096,1,1969.57
attention,32,512,64,8192,1,1980.29
attention,32,512,64,16384,1,1973.09
attention,32,512,128,16,1,8207.98
attention,32,512,128,32,1,8106.35
attention,32,512,128,64,1,8021.84
attention,32,512,128,128,1,7851.28
attention,32,512,128,256,1,7393.38
attention,32,512,128,512,1,6691.04
attention,32,512,128,1024,1,5216.27
attention,32,512,128,2048,1,2479.39
attention,32,512,128,4096,1,2512.88
attention,32,512,128,8192,1,2521.87
attention,32,512,128,16384,1,2551.8
attention,32,1024,0,0,1,3158.03
attention,32,1024,1,16,1,3275.01
attention,32,1024,1,32,1,3272.5
attention,32,1024,1,64,1,3281.94
attention,32,1024,1,128,1,3270.54
attention,32,1024,1,256,1,3259.87
attention,32,1024,1,512,1,3252.91
attention,32,1024,1,1024,1,3233.39
attention,32,1024,1,2048,1,3149.79
attention,32,1024,1,4096,1,3149.59
attention,32,1024,1,8192,1,3149.38
attention,32,1024,1,16384,1,3151.47
attention,32,1024,2,16,1,3364.43
attention,32,1024,2,32,1,3369.18
attention,32,1024,2,64,1,3358.84
attention,32,1024,2,128,1,3365.89
attention,32,1024,2,256,1,3360.16
attention,32,1024,2,512,1,3342.4
attention,32,1024,2,1024,1,3318.42
attention,32,1024,2,2048,1,3152.21
attention,32,1024,2,4096,1,3151.62
attention,32,1024,2,8192,1,3152.53
attention,32,1024,2,16384,1,3153.83
attention,32,1024,4,16,1,3624.79
attention,32,1024,4,32,1,3624.71
attention,32,1024,4,64,1,3612.43
attention,32,1024,4,128,1,3610.42
attention,32,1024,4,256,1,3602.38
attention,32,1024,4,512,1,3562.68
attention,32,1024,4,1024,1,3482.1
attention,32,1024,4,2048,1,3151.91
attention,32,1024,4,4096,1,3155.66
attention,32,1024,4,8192,1,3155.86
attention,32,1024,4,16384,1,3156.65
attention,32,1024,8,16,1,4264.95
attention,32,1024,8,32,1,4252.21
attention,32,1024,8,64,1,4234.81
attention,32,1024,8,128,1,4205.69
attention,32,1024,8,256,1,4167.19
attention,32,1024,8,512,1,4057.79
attention,32,1024,8,1024,1,3824.79
attention,32,1024,8,2048,1,3169.24
attention,32,1024,8,4096,1,3173.91
attention,32,1024,8,8192,1,3173.41
attention,32,1024,8,16384,1,3177.83
attention,32,1024,16,16,1,5577.49
attention,32,1024,16,32,1,5523.71
attention,32,1024,16,64,1,5500.56
attention,32,1024,16,128,1,5472.27
attention,32,1024,16,256,1,5338.93
attention,32,1024,16,512,1,5057.47
attention,32,1024,16,1024,1,4518.25
attention,32,1024,16,2048,1,3213.15
attention,32,1024,16,4096,1,3217.23
attention,32,1024,16,8192,1,3220.55
attention,32,1024,16,16384,1,3223.61
attention,32,1024,32,16,1,8140.96
attention,32,1024,32,32,1,8107.91
attention,32,1024,32,64,1,7869.88
attention,32,1024,32,128,1,7987.08
attention,32,1024,32,256,1,7377.09
attention,32,1024,32,512,1,6964.03
attention,32,1024,32,1024,1,5915.74
attention,32,1024,32,2048,1,3257.62
attention,32,1024,32,4096,1,3312.04
attention,32,1024,32,8192,1,3308.61
attention,32,1024,32,16384,1,3324.06
attention,32,1024,64,16,1,4543.35
attention,32,1024,64,32,1,4520.38
attention,32,1024,64,64,1,4477.36
attention,32,1024,64,128,1,4401.07
attention,32,1024,64,256,1,4205.63
attention,32,1024,64,512,1,3816.28
attention,32,1024,64,1024,1,3106.31
attention,32,1024,64,2048,1,1684.86
attention,32,1024,64,4096,1,1702.06
attention,32,1024,64,8192,1,1715.22
attention,32,1024,64,16384,1,1732.07
attention,32,1024,128,16,1,7775.85
attention,32,1024,128,32,1,7630.28
attention,32,1024,128,64,1,7580.38
attention,32,1024,128,128,1,7749.74
attention,32,1024,128,256,1,6954.37
attention,32,1024,128,512,1,6150.86
attention,32,1024,128,1024,1,5036.07
attention,32,1024,128,2048,1,2124.43
attention,32,1024,128,4096,1,2141.61
attention,32,1024,128,8192,1,2154.53
attention,32,1024,128,16384,1,2157.24
attention,32,2048,0,0,1,706.705
attention,32,2048,1,16,1,858.072
attention,32,2048,1,32,1,854.809
attention,32,2048,1,64,1,858.001
attention,32,2048,1,128,1,856.927
attention,32,2048,1,256,1,857.713
attention,32,2048,1,512,1,858.327
attention,32,2048,1,1024,1,858.839
attention,32,2048,1,2048,1,858.32
attention,32,2048,1,4096,1,858.586
attention,32,2048,1,8192,1,859.481
attention,32,2048,1,16384,1,858.664
attention,32,2048,2,16,1,859.697
attention,32,2048,2,32,1,859.905
attention,32,2048,2,64,1,859.569
attention,32,2048,2,128,1,860.951
attention,32,2048,2,256,1,860.624
attention,32,2048,2,512,1,860.089
attention,32,2048,2,1024,1,859.528
attention,32,2048,2,2048,1,859.393
attention,32,2048,2,4096,1,860.446
attention,32,2048,2,8192,1,860.536
attention,32,2048,2,16384,1,862.089
attention,32,2048,4,16,1,1059.06
attention,32,2048,4,32,1,1050.71
attention,32,2048,4,64,1,1047.94
attention,32,2048,4,128,1,1028.18
attention,32,2048,4,256,1,999.92
attention,32,2048,4,512,1,951.383
attention,32,2048,4,1024,1,864.576
attention,32,2048,4,2048,1,862.785
attention,32,2048,4,4096,1,864.577
attention,32,2048,4,8192,1,864.865
attention,32,2048,4,16384,1,865.671
attention,32,2048,8,16,1,1707.84
attention,32,2048,8,32,1,1698.59
attention,32,2048,8,64,1,1677.8
attention,32,2048,8,128,1,1664.07
attention,32,2048,8,256,1,1607.04
attention,32,2048,8,512,1,1477.87
attention,32,2048,8,1024,1,1244.14
attention,32,2048,8,2048,1,871.159
attention,32,2048,8,4096,1,872.976
attention,32,2048,8,8192,1,874.856
attention,32,2048,8,16384,1,878.28
attention,32,2048,16,16,1,3038.33
attention,32,2048,16,32,1,3007.21
attention,32,2048,16,64,1,2980.95
attention,32,2048,16,128,1,2906.3
attention,32,2048,16,256,1,2759.07
attention,32,2048,16,512,1,2469.59
attention,32,2048,16,1024,1,1911.43
attention,32,2048,16,2048,1,1222.95
attention,32,2048,16,4096,1,1223.48
attention,32,2048,16,8192,1,1231.66
attention,32,2048,16,16384,1,1234.11
attention,32,2048,32,16,1,5701.37
attention,32,2048,32,32,1,5663.6
attention,32,2048,32,64,1,5585.3
attention,32,2048,32,128,1,5428.35
attention,32,2048,32,256,1,5119.63
attention,32,2048,32,512,1,4508.42
attention,32,2048,32,1024,1,3293.85
attention,32,2048,32,2048,1,1429.26
attention,32,2048,32,4096,1,1438.98
attention,32,2048,32,8192,1,1446.86
attention,32,2048,32,16384,1,1472.16
attention,32,2048,64,16,1,3722.74
attention,32,2048,64,32,1,3697.14
attention,32,2048,64,64,1,3662.86
attention,32,2048,64,128,1,3407.2
attention,32,2048,64,256,1,3387.71
attention,32,2048,64,512,1,2999.31
attention,32,2048,64,1024,1,2148.35
attention,32,2048,64,2048,1,1292.53
attention,32,2048,64,4096,1,1286.32
attention,32,2048,64,8192,1,1325.52
attention,32,2048,64,16384,1,1324.87
attention,32,2048,128,16,1,7240.14
attention,32,2048,128,32,1,7189.8
attention,32,2048,128,64,1,7106.33
attention,32,2048,128,128,1,6925.15
attention,32,2048,128,256,1,6320.34
attention,32,2048,128,512,1,5711.81
attention,32,2048,128,1024,1,4063.95
attention,32,2048,128,2048,1,1766.3
attention,32,2048,128,4096,1,1728.58
attention,32,2048,128,8192,1,1767.91
attention,32,2048,128,16384,1,1782.91
attention,32,4096,0,0,1,714.143
attention,32,4096,1,16,1,856.856
attention,32,4096,1,32,1,857.154
attention,32,4096,1,64,1,858.344
attention,32,4096,1,128,1,857.376
attention,32,4096,1,256,1,857.322
attention,32,4096,1,512,1,858.457
attention,32,4096,1,1024,1,858.689
attention,32,4096,1,2048,1,857.985
attention,32,4096,1,4096,1,857.321
attention,32,4096,1,8192,1,857.96
attention,32,4096,1,16384,1,858.09
attention,32,4096,2,16,1,860.809
attention,32,4096,2,32,1,859.928
attention,32,4096,2,64,1,860.232
attention,32,4096,2,128,1,861.048
attention,32,4096,2,256,1,859.856
attention,32,4096,2,512,1,859.84
attention,32,4096,2,1024,1,860.496
attention,32,4096,2,2048,1,860.161
attention,32,4096,2,4096,1,860.722
attention,32,4096,2,8192,1,860.176
attention,32,4096,2,16384,1,861.498
attention,32,4096,4,16,1,1057.12
attention,32,4096,4,32,1,1052.22
attention,32,4096,4,64,1,1042.83
attention,32,4096,4,128,1,1030.66
attention,32,4096,4,256,1,1001.88
attention,32,4096,4,512,1,954.81
attention,32,4096,4,1024,1,864.874
attention,32,4096,4,2048,1,864.185
attention,32,4096,4,4096,1,864.049
attention,32,4096,4,8192,1,863.056
attention,32,4096,4,16384,1,864.44
attention,32,4096,8,16,1,1713.78
attention,32,4096,8,32,1,1713.6
attention,32,4096,8,64,1,1688.94
attention,32,4096,8,128,1,1664.53
attention,32,4096,8,256,1,1604.07
attention,32,4096,8,512,1,1478.47
attention,32,4096,8,1024,1,1247.7
attention,32,4096,8,2048,1,872.849
attention,32,4096,8,4096,1,873.801
attention,32,4096,8,8192,1,874.417
attention,32,4096,8,16384,1,878.105
attention,32,4096,16,16,1,3042.88
attention,32,4096,16,32,1,3018.22
attention,32,4096,16,64,1,2979.52
attention,32,4096,16,128,1,2907.51
attention,32,4096,16,256,1,2753.19
attention,32,4096,16,512,1,2476.64
attention,32,4096,16,1024,1,1909.56
attention,32,4096,16,2048,1,1221.29
attention,32,4096,16,4096,1,1223.07
attention,32,4096,16,8192,1,1229.58
attention,32,4096,16,16384,1,1233.4
attention,32,4096,32,16,1,5709.01
attention,32,4096,32,32,1,5668.08
attention,32,4096,32,64,1,5589.85
attention,32,4096,32,128,1,5437.91
attention,32,4096,32,256,1,5126.87
attention,32,4096,32,512,1,4517.39
attention,32,4096,32,1024,1,3301.82
attention,32,4096,32,2048,1,1423.39
attention,32,4096,32,4096,1,1438.06
attention,32,4096,32,8192,1,1443.3
attention,32,4096,32,16384,1,1470.4
attention,32,4096,64,16,1,3719.66
attention,32,4096,64,32,1,3701.23
attention,32,4096,64,64,1,3663.82
attention,32,4096,64,128,1,3585.75
attention,32,4096,64,256,1,3391.52
attention,32,4096,64,512,1,2999.03
attention,32,4096,64,1024,1,2235.59
attention,32,4096,64,2048,1,1306.27
attention,32,4096,64,4096,1,1284.82
attention,32,4096,64,8192,1,1325.06
attention,32,4096,64,16384,1,1323.7
attention,32,4096,128,16,1,6880.02
attention,32,4096,128,32,1,7194.56
attention,32,4096,128,64,1,7088.39
attention,32,4096,128,128,1,6706.85
attention,32,4096,128,256,1,6173.95
attention,32,4096,128,512,1,5720.85
attention,32,4096,128,1024,1,4043.58
attention,32,4096,128,2048,1,1736.49
attention,32,4096,128,4096,1,1763.56
attention,32,4096,128,8192,1,1776.44
attention,32,4096,128,16384,1,1780.89
attention,32,8192,0,0,1,712.167
attention,32,8192,1,16,1,856.12
attention,32,8192,1,32,1,857.408
attention,32,8192,1,64,1,855.378
attention,32,8192,1,128,1,856.385
attention,32,8192,1,256,1,856.488
attention,32,8192,1,512,1,856.624
attention,32,8192,1,1024,1,855.417
attention,32,8192,1,2048,1,856.816
attention,32,8192,1,4096,1,857.591
attention,32,8192,1,8192,1,856.295
attention,32,8192,1,16384,1,857.24
attention,32,8192,2,16,1,856.896
attention,32,8192,2,32,1,859.241
attention,32,8192,2,64,1,858.576
attention,32,8192,2,128,1,859.242
attention,32,8192,2,256,1,858.097
attention,32,8192,2,512,1,858.905
attention,32,8192,2,1024,1,857.624
attention,32,8192,2,2048,1,858.426
attention,32,8192,2,4096,1,857.848
attention,32,8192,2,8192,1,858.585
attention,32,8192,2,16384,1,858.977
attention,32,8192,4,16,1,1046.5
attention,32,8192,4,32,1,1049.71
attention,32,8192,4,64,1,1040.69
attention,32,8192,4,128,1,1026.69
attention,32,8192,4,256,1,997.367
attention,32,8192,4,512,1,950.497
attention,32,8192,4,1024,1,862.631
attention,32,8192,4,2048,1,861.312
attention,32,8192,4,4096,1,861.016
attention,32,8192,4,8192,1,861.879
attention,32,8192,4,16384,1,864.217
attention,32,8192,8,16,1,1700.71
attention,32,8192,8,32,1,1696.92
attention,32,8192,8,64,1,1682.74
attention,32,8192,8,128,1,1650.98
attention,32,8192,8,256,1,1597.13
attention,32,8192,8,512,1,1475.7
attention,32,8192,8,1024,1,1235.65
attention,32,8192,8,2048,1,870.896
attention,32,8192,8,4096,1,870.904
attention,32,8192,8,8192,1,872.705
attention,32,8192,8,16384,1,877.241
attention,32,8192,16,16,1,3031.27
attention,32,8192,16,32,1,3005.46
attention,32,8192,16,64,1,2973.05
attention,32,8192,16,128,1,2897.96
attention,32,8192,16,256,1,2751.83
attention,32,8192,16,512,1,2469.47
attention,32,8192,16,1024,1,1903.73
attention,32,8192,16,2048,1,1220.39
attention,32,8192,16,4096,1,1223.48
attention,32,8192,16,8192,1,1229.54
attention,32,8192,16,16384,1,1233.16
attention,32,8192,32,16,1,5704.43
attention,32,8192,32,32,1,5659.29
attention,32,8192,32,64,1,5586.69
attention,32,8192,32,128,1,5432.58
attention,32,8192,32,256,1,5118.48
attention,32,8192,32,512,1,4511.43
attention,32,8192,32,1024,1,3293.8
attention,32,8192,32,2048,1,1427.66
attention,32,8192,32,4096,1,1432.06
attention,32,8192,32,8192,1,1446.01
attention,32,8192,32,16384,1,1468.66
attention,32,8192,64,16,1,3718.43
attention,32,8192,64,32,1,3701.06
attention,32,8192,64,64,1,3659.03
attention,32,8192,64,128,1,3580.35
attention,32,8192,64,256,1,3387.1
attention,32,8192,64,512,1,2990.05
attention,32,8192,64,1024,1,2238.76
attention,32,8192,64,2048,1,1298.74
attention,32,8192,64,4096,1,1311.49
attention,32,8192,64,8192,1,1310.27
attention,32,8192,64,16384,1,1307.43
attention,32,8192,128,16,1,7164.59
attention,32,8192,128,32,1,6836.53
attention,32,8192,128,64,1,7110.89
attention,32,8192,128,128,1,6922.49
attention,32,8192,128,256,1,6517.8
attention,32,8192,128,512,1,5707.82
attention,32,8192,128,1024,1,3956.71
attention,32,8192,128,2048,1,1750.41
attention,32,8192,128,4096,1,1728.03
attention,32,8192,128,8192,1,1742.23
attention,32,8192,128,16384,1,1762.69
attention,32,16384,0,0,1,713.801
attention,32,16384,1,16,1,857.338
attention,32,16384,1,32,1,857.482
attention,32,16384,1,64,1,855.64
attention,32,16384,1,128,1,856.609
attention,32,16384,1,256,1,857.048
attention,32,16384,1,512,1,858.298
attention,32,16384,1,1024,1,857.815
attention,32,16384,1,2048,1,857.377
attention,32,16384,1,4096,1,857.952
attention,32,16384,1,8192,1,858.32
attention,32,16384,1,16384,1,858.976
attention,32,16384,2,16,1,858.634
attention,32,16384,2,32,1,859.344
attention,32,16384,2,64,1,861.082
attention,32,16384,2,128,1,859.552
attention,32,16384,2,256,1,861.472
attention,32,16384,2,512,1,859.72
attention,32,16384,2,1024,1,858.433
attention,32,16384,2,2048,1,858.746
attention,32,16384,2,4096,1,858.887
attention,32,16384,2,8192,1,859.29
attention,32,16384,2,16384,1,860.066
attention,32,16384,4,16,1,1046.29
attention,32,16384,4,32,1,1041.99
attention,32,16384,4,64,1,1034.82
attention,32,16384,4,128,1,1024.5
attention,32,16384,4,256,1,996.56
attention,32,16384,4,512,1,949.313
attention,32,16384,4,1024,1,862.753
attention,32,16384,4,2048,1,863.312
attention,32,16384,4,4096,1,863.744
attention,32,16384,4,8192,1,863.657
attention,32,16384,4,16384,1,866.697
attention,32,16384,8,16,1,1707.12
attention,32,16384,8,32,1,1702.71
attention,32,16384,8,64,1,1678.07
attention,32,16384,8,128,1,1659.42
attention,32,16384,8,256,1,1600.77
attention,32,16384,8,512,1,1470.02
attention,32,16384,8,1024,1,1237.02
attention,32,16384,8,2048,1,871.729
attention,32,16384,8,4096,1,868.776
attention,32,16384,8,8192,1,874.16
attention,32,16384,8,16384,1,878.24
attention,32,16384,16,16,1,3022.43
attention,32,16384,16,32,1,3011.89
attention,32,16384,16,64,1,2969.15
attention,32,16384,16,128,1,2899
attention,32,16384,16,256,1,2747.18
attention,32,16384,16,512,1,2461.56
attention,32,16384,16,1024,1,1903.95
attention,32,16384,16,2048,1,1220.03
attention,32,16384,16,4096,1,1224.93
attention,32,16384,16,8192,1,1230.75
attention,32,16384,16,16384,1,1207.36
attention,32,16384,32,16,1,5514.07
attention,32,16384,32,32,1,5508.56
attention,32,16384,32,64,1,5573.64
attention,32,16384,32,128,1,5421.46
attention,32,16384,32,256,1,5111.42
attention,32,16384,32,512,1,4502.92
attention,32,16384,32,1024,1,3290.8
attention,32,16384,32,2048,1,1424.77
attention,32,16384,32,4096,1,1430.3
attention,32,16384,32,8192,1,1436.07
attention,32,16384,32,16384,1,1471.27
attention,32,16384,64,16,1,3644.07
attention,32,16384,64,32,1,3656.75
attention,32,16384,64,64,1,3653.94
attention,32,16384,64,128,1,3574.65
attention,32,16384,64,256,1,3377.47
attention,32,16384,64,512,1,2990.06
attention,32,16384,64,1024,1,2221.44
attention,32,16384,64,2048,1,1267.26
attention,32,16384,64,4096,1,1272.68
attention,32,16384,64,8192,1,1285.83
attention,32,16384,64,16384,1,1282.47
attention,32,16384,128,16,1,7240.82
attention,32,16384,128,32,1,6988.06
attention,32,16384,128,64,1,7040.61
attention,32,16384,128,128,1,6566.15
attention,32,16384,128,256,1,6131.94
attention,32,16384,128,512,1,5382.78
attention,32,16384,128,1024,1,3958.53
attention,32,16384,128,2048,1,1718.38
attention,32,16384,128,4096,1,1723.22
attention,32,16384,128,8192,1,1723.99
attention,32,16384,128,16384,1,1727
attention,64,0,0,0,1,10615
attention,64,0,1,16,1,3649.06
attention,64,0,1,32,1,3648.8
attention,64,0,1,64,1,3648.48
attention,64,0,1,128,1,3645.88
attention,64,0,1,256,1,3643.33
attention,64,0,1,512,1,3636.96
attention,64,0,1,1024,1,3624.11
attention,64,0,1,2048,1,3598.16
attention,64,0,1,4096,1,3597.69
attention,64,0,1,8192,1,3596.78
attention,64,0,1,16384,1,3597.94
attention,64,0,2,16,1,3701.59
attention,64,0,2,32,1,3701.37
attention,64,0,2,64,1,3698.34
attention,64,0,2,128,1,3695.71
attention,64,0,2,256,1,3689.4
attention,64,0,2,512,1,3677.01
attention,64,0,2,1024,1,3650.8
attention,64,0,2,2048,1,3599.23
attention,64,0,2,4096,1,3599.24
attention,64,0,2,8192,1,3598.79
attention,64,0,2,16384,1,3600.01
attention,64,0,4,16,1,3809.98
attention,64,0,4,32,1,3809.46
attention,64,0,4,64,1,3805.4
attention,64,0,4,128,1,3798.82
attention,64,0,4,256,1,3785.72
attention,64,0,4,512,1,3760.41
attention,64,0,4,1024,1,3707.94
attention,64,0,4,2048,1,3605.26
attention,64,0,4,4096,1,3605.29
attention,64,0,4,8192,1,3605.63
attention,64,0,4,16384,1,3605.97
attention,64,0,8,16,1,4029.82
attention,64,0,8,32,1,4026.4
attention,64,0,8,64,1,4019.9
attention,64,0,8,128,1,4006.96
attention,64,0,8,256,1,3939.01
attention,64,0,8,512,1,3928.62
attention,64,0,8,1024,1,3824.44
attention,64,0,8,2048,1,3616.5
attention,64,0,8,4096,1,3618.72
attention,64,0,8,8192,1,3615.76
attention,64,0,8,16384,1,3615.89
attention,64,0,16,16,1,4464.1
attention,64,0,16,32,1,4458.59
attention,64,0,16,64,1,4444.98
attention,64,0,16,128,1,4420.2
attention,64,0,16,256,1,4367.95
attention,64,0,16,512,1,4267.28
attention,64,0,16,1024,1,4055.09
attention,64,0,16,2048,1,3639.43
attention,64,0,16,4096,1,3638.87
attention,64,0,16,8192,1,3638.95
attention,64,0,16,16384,1,3639.15
attention,64,0,32,16,1,5399.49
attention,64,0,32,32,1,5391.66
attention,64,0,32,64,1,5357.51
attention,64,0,32,128,1,5288.88
attention,64,0,32,256,1,5180.67
attention,64,0,32,512,1,4960.8
attention,64,0,32,1024,1,4519.89
attention,64,0,32,2048,1,3688.56
attention,64,0,32,4096,1,3688.78
attention,64,0,32,8192,1,3691.8
attention,64,0,32,16384,1,3687.17
attention,64,0,64,16,1,7027.42
attention,64,0,64,32,1,7064.65
attention,64,0,64,64,1,7014.51
attention,64,0,64,128,1,6667.47
attention,64,0,64,256,1,6537.25
attention,64,0,64,512,1,6309.68
attention,64,0,64,1024,1,5427.84
attention,64,0,64,2048,1,4063.41
attention,64,0,64,4096,1,3949.53
attention,64,0,64,8192,1,4069.55
attention,64,0,64,16384,1,4075.51
attention,64,0,128,16,1,10247.6
attention,64,0,128,32,1,10137.8
attention,64,0,128,64,1,9972.23
attention,64,0,128,128,1,9673.58
attention,64,0,128,256,1,9757.75
attention,64,0,128,512,1,8594.44
attention,64,0,128,1024,1,7080.4
attention,64,0,128,2048,1,4404.45
attention,64,0,128,4096,1,4392.4
attention,64,0,128,8192,1,4555.04
attention,64,0,128,16384,1,4580.31
attention,64,16,0,0,1,10651
attention,64,16,1,16,1,3626.63
attention,64,16,1,32,1,3627.91
attention,64,16,1,64,1,3623.98
attention,64,16,1,128,1,3624.41
attention,64,16,1,256,1,3621.55
attention,64,16,1,512,1,3613.08
attention,64,16,1,1024,1,3601.67
attention,64,16,1,2048,1,3578.44
attention,64,16,1,4096,1,3577.49
attention,64,16,1,8192,1,3578.42
attention,64,16,1,16384,1,3524.37
attention,64,16,2,16,1,3680.67
attention,64,16,2,32,1,3679.56
attention,64,16,2,64,1,3677.57
attention,64,16,2,128,1,3674.84
attention,64,16,2,256,1,3669.9
attention,64,16,2,512,1,3656.63
attention,64,16,2,1024,1,3631.35
attention,64,16,2,2048,1,3577.5
attention,64,16,2,4096,1,3578.55
attention,64,16,2,8192,1,3578.63
attention,64,16,2,16384,1,3580.07
attention,64,16,4,16,1,3790.37
attention,64,16,4,32,1,3789.15
attention,64,16,4,64,1,3786.48
attention,64,16,4,128,1,3779.07
attention,64,16,4,256,1,3768.88
attention,64,16,4,512,1,3721.81
attention,64,16,4,1024,1,3653.05
attention,64,16,4,2048,1,3586.87
attention,64,16,4,4096,1,3569.19
attention,64,16,4,8192,1,3586.6
attention,64,16,4,16384,1,3589.13
attention,64,16,8,16,1,3927.29
attention,64,16,8,32,1,3979.03
attention,64,16,8,64,1,3998.15
attention,64,16,8,128,1,3923.36
attention,64,16,8,256,1,3958.82
attention,64,16,8,512,1,3905.86
attention,64,16,8,1024,1,3804.1
attention,64,16,8,2048,1,3579.32
attention,64,16,8,4096,1,3600.93
attention,64,16,8,8192,1,3544.58
attention,64,16,8,16384,1,3597.79
attention,64,16,16,16,1,4437.54
attention,64,16,16,32,1,4366.68
attention,64,16,16,64,1,4417.98
attention,64,16,16,128,1,4318.61
attention,64,16,16,256,1,4342.77
attention,64,16,16,512,1,4239.27
attention,64,16,16,1024,1,4032.2
attention,64,16,16,2048,1,3617.08
attention,64,16,16,4096,1,3619
attention,64,16,16,8192,1,3623.42
attention,64,16,16,16384,1,3627.51
attention,64,16,32,16,1,5242.92
attention,64,16,32,32,1,5181.01
attention,64,16,32,64,1,5138.45
attention,64,16,32,128,1,5200.98
attention,64,16,32,256,1,5160.22
attention,64,16,32,512,1,4688.31
attention,64,16,32,1024,1,4597.25
attention,64,16,32,2048,1,3669.04
attention,64,16,32,4096,1,3669.49
attention,64,16,32,8192,1,3530.84
attention,64,16,32,16384,1,3688.91
attention,64,16,64,16,1,7061.99
attention,64,16,64,32,1,7035.8
attention,64,16,64,64,1,6984.79
attention,64,16,64,128,1,6602.62
attention,64,16,64,256,1,6668.92
attention,64,16,64,512,1,6248.86
attention,64,16,64,1024,1,5417.66
attention,64,16,64,2048,1,3750.24
attention,64,16,64,4096,1,3762.43
attention,64,16,64,8192,1,3842.24
attention,64,16,64,16384,1,3909.08
attention,64,16,128,16,1,10550.5
attention,64,16,128,32,1,10073
attention,64,16,128,64,1,9977.8
attention,64,16,128,128,1,10229.5
attention,64,16,128,256,1,9358.09
attention,64,16,128,512,1,8446.05
attention,64,16,128,1024,1,6970.22
attention,64,16,128,2048,1,4250.97
attention,64,16,128,4096,1,4369.15
attention,64,16,128,8192,1,4364.01
attention,64,16,128,16384,1,4379.49
attention,64,32,0,0,1,10656.8
attention,64,32,1,16,1,3605.75
attention,64,32,1,32,1,3604.77
attention,64,32,1,64,1,3599.39
attention,64,32,1,128,1,3602.17
attention,64,32,1,256,1,3601.24
attention,64,32,1,512,1,3594.54
attention,64,32,1,1024,1,3581.95
attention,64,32,1,2048,1,3559.25
attention,64,32,1,4096,1,3558.24
attention,64,32,1,8192,1,3558.76
attention,64,32,1,16384,1,3559.3
attention,64,32,2,16,1,3656.93
attention,64,32,2,32,1,3656.17
attention,64,32,2,64,1,3654.29
attention,64,32,2,128,1,3650.4
attention,64,32,2,256,1,3644.44
attention,64,32,2,512,1,3634.33
attention,64,32,2,1024,1,3608.69
attention,64,32,2,2048,1,3563
attention,64,32,2,4096,1,3561.57
attention,64,32,2,8192,1,3563.88
attention,64,32,2,16384,1,3563.27
attention,64,32,4,16,1,3766.36
attention,64,32,4,32,1,3764.24
attention,64,32,4,64,1,3761.94
attention,64,32,4,128,1,3750.16
attention,64,32,4,256,1,3738.45
attention,64,32,4,512,1,3717.15
attention,64,32,4,1024,1,3662.86
attention,64,32,4,2048,1,3563.75
attention,64,32,4,4096,1,3566.83
attention,64,32,4,8192,1,3570.48
attention,64,32,4,16384,1,3570.19
attention,64,32,8,16,1,3981.35
attention,64,32,8,32,1,3899.8
attention,64,32,8,64,1,3974.39
attention,64,32,8,128,1,3961.58
attention,64,32,8,256,1,3934.07
attention,64,32,8,512,1,3884.18
attention,64,32,8,1024,1,3779.47
attention,64,32,8,2048,1,3581.02
attention,64,32,8,4096,1,3580.15
attention,64,32,8,8192,1,3578.75
attention,64,32,8,16384,1,3583.87
attention,64,32,16,16,1,4416.22
attention,64,32,16,32,1,4411.07
attention,64,32,16,64,1,4398.24
attention,64,32,16,128,1,4326.52
attention,64,32,16,256,1,4321.57
attention,64,32,16,512,1,4216.36
attention,64,32,16,1024,1,4013.23
attention,64,32,16,2048,1,3599.41
attention,64,32,16,4096,1,3604.82
attention,64,32,16,8192,1,3605.92
attention,64,32,16,16384,1,3609.85
attention,64,32,32,16,1,5296.76
attention,64,32,32,32,1,5291.22
attention,64,32,32,64,1,5267.55
attention,64,32,32,128,1,5213.81
attention,64,32,32,256,1,5127.38
attention,64,32,32,512,1,4933.56
attention,64,32,32,1024,1,4570.78
attention,64,32,32,2048,1,3646.24
attention,64,32,32,4096,1,3653.51
attention,64,32,32,8192,1,3651.31
attention,64,32,32,16384,1,3661.67
attention,64,32,64,16,1,6752.5
attention,64,32,64,32,1,7010.85
attention,64,32,64,64,1,6851.4
attention,64,32,64,128,1,6854.13
attention,64,32,64,256,1,6644.01
attention,64,32,64,512,1,6223.54
attention,64,32,64,1024,1,5392.49
attention,64,32,64,2048,1,3849
attention,64,32,64,4096,1,3873.16
attention,64,32,64,8192,1,3842.98
attention,64,32,64,16384,1,3891.62
attention,64,32,128,16,1,10301.2
attention,64,32,128,32,1,10507
attention,64,32,128,64,1,9942.39
attention,64,32,128,128,1,10188.6
attention,64,32,128,256,1,9433.32
attention,64,32,128,512,1,8434.11
attention,64,32,128,1024,1,7356.83
attention,64,32,128,2048,1,4298.47
attention,64,32,128,4096,1,4328.37
attention,64,32,128,8192,1,4372.95
attention,64,32,128,16384,1,4375.97
attention,64,64,0,0,1,10492.2
attention,64,64,1,16,1,3549.15
attention,64,64,1,32,1,3547.56
attention,64,64,1,64,1,3549.43
attention,64,64,1,128,1,3549.03
attention,64,64,1,256,1,3546.01
attention,64,64,1,512,1,3537.28
attention,64,64,1,1024,1,3523.93
attention,64,64,1,2048,1,3500.89
attention,64,64,1,4096,1,3498.74
attention,64,64,1,8192,1,3501.68
attention,64,64,1,16384,1,3501.49
attention,64,64,2,16,1,3603.26
attention,64,64,2,32,1,3603.6
attention,64,64,2,64,1,3604.28
attention,64,64,2,128,1,3602.3
attention,64,64,2,256,1,3595.76
attention,64,64,2,512,1,3580.88
attention,64,64,2,1024,1,3557.21
attention,64,64,2,2048,1,3502.91
attention,64,64,2,4096,1,3504.62
attention,64,64,2,8192,1,3503.79
attention,64,64,2,16384,1,3504.11
attention,64,64,4,16,1,3714.8
attention,64,64,4,32,1,3712.85
attention,64,64,4,64,1,3707.95
attention,64,64,4,128,1,3703.15
attention,64,64,4,256,1,3689.36
attention,64,64,4,512,1,3663.27
attention,64,64,4,1024,1,3613.08
attention,64,64,4,2048,1,3509.43
attention,64,64,4,4096,1,3506.04
attention,64,64,4,8192,1,3508.92
attention,64,64,4,16384,1,3510.16
attention,64,64,8,16,1,3937.67
attention,64,64,8,32,1,3934.19
attention,64,64,8,64,1,3927.71
attention,64,64,8,128,1,3874.58
attention,64,64,8,256,1,3892.08
attention,64,64,8,512,1,3844.56
attention,64,64,8,1024,1,3727.99
attention,64,64,8,2048,1,3520.55
attention,64,64,8,4096,1,3522.74
attention,64,64,8,8192,1,3520.8
attention,64,64,8,16384,1,3525.28
attention,64,64,16,16,1,4322.51
attention,64,64,16,32,1,4297.47
attention,64,64,16,64,1,4347.46
attention,64,64,16,128,1,4236.03
attention,64,64,16,256,1,4190.11
attention,64,64,16,512,1,4115.61
attention,64,64,16,1024,1,3913.6
attention,64,64,16,2048,1,3433.03
attention,64,64,16,4096,1,3473.11
attention,64,64,16,8192,1,3544.75
attention,64,64,16,16384,1,3550.67
attention,64,64,32,16,1,5055.76
attention,64,64,32,32,1,5254.87
attention,64,64,32,64,1,5024.55
attention,64,64,32,128,1,5183.33
attention,64,64,32,256,1,5090.65
attention,64,64,32,512,1,4901.83
attention,64,64,32,1024,1,4281.08
attention,64,64,32,2048,1,3521.17
attention,64,64,32,4096,1,3594.52
attention,64,64,32,8192,1,3597.23
attention,64,64,32,16384,1,3609.2
attention,64,64,64,16,1,6763.2
attention,64,64,64,32,1,6961.06
attention,64,64,64,64,1,6629.75
attention,64,64,64,128,1,6530.61
attention,64,64,64,256,1,6352.58
attention,64,64,64,512,1,6173.94
attention,64,64,64,1024,1,5140.24
attention,64,64,64,2048,1,3792.11
attention,64,64,64,4096,1,3743.33
attention,64,64,64,8192,1,3830.71
attention,64,64,64,16384,1,3830.97
attention,64,64,128,16,1,10002.3
attention,64,64,128,32,1,9923.97
attention,64,64,128,64,1,9729.46
attention,64,64,128,128,1,9535.83
attention,64,64,128,256,1,9138.52
attention,64,64,128,512,1,8361.85
attention,64,64,128,1024,1,6881.6
attention,64,64,128,2048,1,4125.16
attention,64,64,128,4096,1,4336.77
attention,64,64,128,8192,1,4304.84
attention,64,64,128,16384,1,4306.21
attention,64,128,0,0,1,9611.44
attention,64,128,1,16,1,3488.97
attention,64,128,1,32,1,3424.05
attention,64,128,1,64,1,3492.98
attention,64,128,1,128,1,3350.7
attention,64,128,1,256,1,3481.99
attention,64,128,1,512,1,3475.15
attention,64,128,1,1024,1,3467.97
attention,64,128,1,2048,1,3444.15
attention,64,128,1,4096,1,3447.32
attention,64,128,1,8192,1,3443.39
attention,64,128,1,16384,1,3446.27
attention,64,128,2,16,1,3542.04
attention,64,128,2,32,1,3541.67
attention,64,128,2,64,1,3539.38
attention,64,128,2,128,1,3535.7
attention,64,128,2,256,1,3526.47
attention,64,128,2,512,1,3516.04
attention,64,128,2,1024,1,3491.89
attention,64,128,2,2048,1,3448.89
attention,64,128,2,4096,1,3449.1
attention,64,128,2,8192,1,3450.32
attention,64,128,2,16384,1,3451.77
attention,64,128,4,16,1,3649.12
attention,64,128,4,32,1,3647.33
attention,64,128,4,64,1,3644.11
attention,64,128,4,128,1,3638.2
attention,64,128,4,256,1,3621.43
attention,64,128,4,512,1,3598.7
attention,64,128,4,1024,1,3550.67
attention,64,128,4,2048,1,3389.15
attention,64,128,4,4096,1,3455.76
attention,64,128,4,8192,1,3381.85
attention,64,128,4,16384,1,3461.05
attention,64,128,8,16,1,3851.54
attention,64,128,8,32,1,3864.64
attention,64,128,8,64,1,3783.42
attention,64,128,8,128,1,3847.85
attention,64,128,8,256,1,3740.95
attention,64,128,8,512,1,3763.84
attention,64,128,8,1024,1,3665.16
attention,64,128,8,2048,1,3466.52
attention,64,128,8,4096,1,3468.05
attention,64,128,8,8192,1,3470.1
attention,64,128,8,16384,1,3474.08
attention,64,128,16,16,1,4295.81
attention,64,128,16,32,1,4288.84
attention,64,128,16,64,1,4276.67
attention,64,128,16,128,1,4250.16
attention,64,128,16,256,1,3948.79
attention,64,128,16,512,1,4058.32
attention,64,128,16,1024,1,3892.87
attention,64,128,16,2048,1,3487.4
attention,64,128,16,4096,1,3287.84
attention,64,128,16,8192,1,3431.18
attention,64,128,16,16384,1,3494.96
attention,64,128,32,16,1,5183.88
attention,64,128,32,32,1,4990.65
attention,64,128,32,64,1,5137.1
attention,64,128,32,128,1,5083.35
attention,64,128,32,256,1,4795.68
attention,64,128,32,512,1,4803.5
attention,64,128,32,1024,1,4398.7
attention,64,128,32,2048,1,3457.03
attention,64,128,32,4096,1,3538.27
attention,64,128,32,8192,1,3476.87
attention,64,128,32,16384,1,3566.92
attention,64,128,64,16,1,6503.08
attention,64,128,64,32,1,6616.78
attention,64,128,64,64,1,6627.99
attention,64,128,64,128,1,6468.26
attention,64,128,64,256,1,6525.82
attention,64,128,64,512,1,5863.93
attention,64,128,64,1024,1,5273.8
attention,64,128,64,2048,1,3651.66
attention,64,128,64,4096,1,3766.75
attention,64,128,64,8192,1,3780.34
attention,64,128,64,16384,1,3791.24
attention,64,128,128,16,1,10012.8
attention,64,128,128,32,1,10226.5
attention,64,128,128,64,1,9681.18
attention,64,128,128,128,1,9465.28
attention,64,128,128,256,1,9071.86
attention,64,128,128,512,1,8834.15
attention,64,128,128,1024,1,6965.25
attention,64,128,128,2048,1,4136.04
attention,64,128,128,4096,1,4239.24
attention,64,128,128,8192,1,4274.24
attention,64,128,128,16384,1,4253.1
attention,64,256,0,0,1,9121.12
attention,64,256,1,16,1,3299.87
attention,64,256,1,32,1,3293.74
attention,64,256,1,64,1,3292.23
attention,64,256,1,128,1,3294.76
attention,64,256,1,256,1,3291.75
attention,64,256,1,512,1,3284.62
attention,64,256,1,1024,1,3273.93
attention,64,256,1,2048,1,3187.56
attention,64,256,1,4096,1,3123.34
attention,64,256,1,8192,1,3202.96
attention,64,256,1,16384,1,3187
attention,64,256,2,16,1,3352.88
attention,64,256,2,32,1,3336.92
attention,64,256,2,64,1,3350.86
attention,64,256,2,128,1,3346.03
attention,64,256,2,256,1,3340.17
attention,64,256,2,512,1,3323.55
attention,64,256,2,1024,1,3301.89
attention,64,256,2,2048,1,3255.57
attention,64,256,2,4096,1,3191.11
attention,64,256,2,8192,1,3251.18
attention,64,256,2,16384,1,3253.25
attention,64,256,4,16,1,3395.64
attention,64,256,4,32,1,3460.36
attention,64,256,4,64,1,3389.07
attention,64,256,4,128,1,3454.58
attention,64,256,4,256,1,3432.27
attention,64,256,4,512,1,3405.88
attention,64,256,4,1024,1,3355.74
attention,64,256,4,2048,1,3257.76
attention,64,256,4,4096,1,3256.22
attention,64,256,4,8192,1,3256.11
attention,64,256,4,16384,1,3260.39
attention,64,256,8,16,1,3681.57
attention,64,256,8,32,1,3679.14
attention,64,256,8,64,1,3582.83
attention,64,256,8,128,1,3655.42
attention,64,256,8,256,1,3625.12
attention,64,256,8,512,1,3570.07
attention,64,256,8,1024,1,3470.63
attention,64,256,8,2048,1,3269.59
attention,64,256,8,4096,1,3272.56
attention,64,256,8,8192,1,3268.34
attention,64,256,8,16384,1,3270.91
attention,64,256,16,16,1,4104.61
attention,64,256,16,32,1,4097.75
attention,64,256,16,64,1,4084.72
attention,64,256,16,128,1,4059.87
attention,64,256,16,256,1,4006.14
attention,64,256,16,512,1,3903.53
attention,64,256,16,1024,1,3698.23
attention,64,256,16,2048,1,3285.05
attention,64,256,16,4096,1,3289.83
attention,64,256,16,8192,1,3292.55
attention,64,256,16,16384,1,3297.15
attention,64,256,32,16,1,4981.43
attention,64,256,32,32,1,4965.4
attention,64,256,32,64,1,4746.37
attention,64,256,32,128,1,4695.71
attention,64,256,32,256,1,4718.43
attention,64,256,32,512,1,4593.78
attention,64,256,32,1024,1,4246.3
attention,64,256,32,2048,1,3275.12
attention,64,256,32,4096,1,3340.26
attention,64,256,32,8192,1,3341.6
attention,64,256,32,16384,1,3354.4
attention,64,256,64,16,1,6729.54
attention,64,256,64,32,1,6513.73
attention,64,256,64,64,1,6518.77
attention,64,256,64,128,1,6548.92
attention,64,256,64,256,1,5956.66
attention,64,256,64,512,1,5679.35
attention,64,256,64,1024,1,5080.92
attention,64,256,64,2048,1,3603.15
attention,64,256,64,4096,1,3611.62
attention,64,256,64,8192,1,3622.45
attention,64,256,64,16384,1,3623.12
attention,64,256,128,16,1,9817
attention,64,256,128,32,1,9784.57
attention,64,256,128,64,1,9580.99
attention,64,256,128,128,1,9484.35
attention,64,256,128,256,1,9031.98
attention,64,256,128,512,1,8282.04
attention,64,256,128,1024,1,6710.98
attention,64,256,128,2048,1,4047.71
attention,64,256,128,4096,1,4093.23
attention,64,256,128,8192,1,3931.98
attention,64,256,128,16384,1,4091.9
attention,64,512,0,0,1,8273.93
attention,64,512,1,16,1,2908.94
attention,64,512,1,32,1,2907.73
attention,64,512,1,64,1,2906.78
attention,64,512,1,128,1,2908.48
attention,64,512,1,256,1,2904.18
attention,64,512,1,512,1,2895.54
attention,64,512,1,1024,1,2883.64
attention,64,512,1,2048,1,2861.36
attention,64,512,1,4096,1,2862.06
attention,64,512,1,8192,1,2861.14
attention,64,512,1,16384,1,2861.27
attention,64,512,2,16,1,2966.55
attention,64,512,2,32,1,2965.25
attention,64,512,2,64,1,2964.29
attention,64,512,2,128,1,2961.79
attention,64,512,2,256,1,2953.87
attention,64,512,2,512,1,2936.88
attention,64,512,2,1024,1,2912.23
attention,64,512,2,2048,1,2867.79
attention,64,512,2,4096,1,2869.63
attention,64,512,2,8192,1,2867.17
attention,64,512,2,16384,1,2870.9
attention,64,512,4,16,1,3085.78
attention,64,512,4,32,1,3084.94
attention,64,512,4,64,1,3081.47
attention,64,512,4,128,1,3076.13
attention,64,512,4,256,1,3062.54
attention,64,512,4,512,1,3025.51
attention,64,512,4,1024,1,2972.36
attention,64,512,4,2048,1,2875.57
attention,64,512,4,4096,1,2885.34
attention,64,512,4,8192,1,2872.99
attention,64,512,4,16384,1,2872.7
attention,64,512,8,16,1,3300.56
attention,64,512,8,32,1,3297.91
attention,64,512,8,64,1,3290.27
attention,64,512,8,128,1,3277.33
attention,64,512,8,256,1,3248.41
attention,64,512,8,512,1,3187.07
attention,64,512,8,1024,1,3085.4
attention,64,512,8,2048,1,2886.66
attention,64,512,8,4096,1,2887.13
attention,64,512,8,8192,1,2888.6
attention,64,512,8,16384,1,2895.55
attention,64,512,16,16,1,3724.38
attention,64,512,16,32,1,3648
attention,64,512,16,64,1,3709.68
attention,64,512,16,128,1,3674.57
attention,64,512,16,256,1,3624.51
attention,64,512,16,512,1,3517.8
attention,64,512,16,1024,1,3311.56
attention,64,512,16,2048,1,2906.27
attention,64,512,16,4096,1,2911.8
attention,64,512,16,8192,1,2913.71
attention,64,512,16,16384,1,2907.45
attention,64,512,32,16,1,4506.9
attention,64,512,32,32,1,4579.43
attention,64,512,32,64,1,4557.78
attention,64,512,32,128,1,4418.11
attention,64,512,32,256,1,4314.48
attention,64,512,32,512,1,4198.29
attention,64,512,32,1024,1,3718.26
attention,64,512,32,2048,1,2956.06
attention,64,512,32,4096,1,2864.14
attention,64,512,32,8192,1,2971.78
attention,64,512,32,16384,1,2977.83
attention,64,512,64,16,1,6343.12
attention,64,512,64,32,1,6318.41
attention,64,512,64,64,1,6143.39
attention,64,512,64,128,1,6162.58
attention,64,512,64,256,1,5953.03
attention,64,512,64,512,1,5419.45
attention,64,512,64,1024,1,4511.79
attention,64,512,64,2048,1,3199.99
attention,64,512,64,4096,1,3258.09
attention,64,512,64,8192,1,3277.86
attention,64,512,64,16384,1,3153.01
attention,64,512,128,16,1,9432.62
attention,64,512,128,32,1,9381.31
attention,64,512,128,64,1,9237.3
attention,64,512,128,128,1,9135.38
attention,64,512,128,256,1,8661.87
attention,64,512,128,512,1,7813.27
attention,64,512,128,1024,1,6326.9
attention,64,512,128,2048,1,3779.71
attention,64,512,128,4096,1,3762.2
attention,64,512,128,8192,1,3784.95
attention,64,512,128,16384,1,3795.1
attention,64,1024,0,0,1,5812.18
attention,64,1024,1,16,1,2202.49
attention,64,1024,1,32,1,2211.75
attention,64,1024,1,64,1,2206.47
attention,64,1024,1,128,1,2209.35
attention,64,1024,1,256,1,2210.15
attention,64,1024,1,512,1,2208.99
attention,64,1024,1,1024,1,2191.13
attention,64,1024,1,2048,1,2164.62
attention,64,1024,1,4096,1,2162.96
attention,64,1024,1,8192,1,2163.39
attention,64,1024,1,16384,1,2163.7
attention,64,1024,2,16,1,2260.69
attention,64,1024,2,32,1,2258.82
attention,64,1024,2,64,1,2263.1
attention,64,1024,2,128,1,2261.77
attention,64,1024,2,256,1,2252.38
attention,64,1024,2,512,1,2252.56
attention,64,1024,2,1024,1,2219.41
attention,64,1024,2,2048,1,2165.65
attention,64,1024,2,4096,1,2165.83
attention,64,1024,2,8192,1,2161.06
attention,64,1024,2,16384,1,2167.67
attention,64,1024,4,16,1,2362.18
attention,64,1024,4,32,1,2355.91
attention,64,1024,4,64,1,2355.77
attention,64,1024,4,128,1,2359.56
attention,64,1024,4,256,1,2352.79
attention,64,1024,4,512,1,2333.99
attention,64,1024,4,1024,1,2272.63
attention,64,1024,4,2048,1,2163.71
attention,64,1024,4,4096,1,2159.95
attention,64,1024,4,8192,1,2171.35
attention,64,1024,4,16384,1,2171.14
attention,64,1024,8,16,1,2561.59
attention,64,1024,8,32,1,2557.04
attention,64,1024,8,64,1,2556
attention,64,1024,8,128,1,2560.79
attention,64,1024,8,256,1,2548.13
attention,64,1024,8,512,1,2496.45
attention,64,1024,8,1024,1,2388.39
attention,64,1024,8,2048,1,2178.85
attention,64,1024,8,4096,1,2180.86
attention,64,1024,8,8192,1,2180.58
attention,64,1024,8,16384,1,2185.58
attention,64,1024,16,16,1,2955.56
attention,64,1024,16,32,1,2952.64
attention,64,1024,16,64,1,2956.49
attention,64,1024,16,128,1,2955.12
attention,64,1024,16,256,1,2915.27
attention,64,1024,16,512,1,2820.81
attention,64,1024,16,1024,1,2607.64
attention,64,1024,16,2048,1,2196.6
attention,64,1024,16,4096,1,2193.42
attention,64,1024,16,8192,1,2206.64
attention,64,1024,16,16384,1,2198.99
attention,64,1024,32,16,1,3821.01
attention,64,1024,32,32,1,3810.05
attention,64,1024,32,64,1,3646.07
attention,64,1024,32,128,1,3702.73
attention,64,1024,32,256,1,3688.86
attention,64,1024,32,512,1,3487.9
attention,64,1024,32,1024,1,3065.53
attention,64,1024,32,2048,1,2395.71
attention,64,1024,32,4096,1,2390.43
attention,64,1024,32,8192,1,2406.65
attention,64,1024,32,16384,1,2407.4
attention,64,1024,64,16,1,5466.45
attention,64,1024,64,32,1,5443.77
attention,64,1024,64,64,1,5399.58
attention,64,1024,64,128,1,5435.38
attention,64,1024,64,256,1,5248.07
attention,64,1024,64,512,1,4826.24
attention,64,1024,64,1024,1,3994.29
attention,64,1024,64,2048,1,2533.96
attention,64,1024,64,4096,1,2515.63
attention,64,1024,64,8192,1,2538.83
attention,64,1024,64,16384,1,2517.6
attention,64,1024,128,16,1,8900.57
attention,64,1024,128,32,1,8854.74
attention,64,1024,128,64,1,8529.83
attention,64,1024,128,128,1,8416.17
attention,64,1024,128,256,1,8193.41
attention,64,1024,128,512,1,7210.05
attention,64,1024,128,1024,1,5692.13
attention,64,1024,128,2048,1,3209.25
attention,64,1024,128,4096,1,3125.95
attention,64,1024,128,8192,1,3227.15
attention,64,1024,128,16384,1,3258.62
attention,64,2048,0,0,1,1238.67
attention,64,2048,1,16,1,897.984
attention,64,2048,1,32,1,897.991
attention,64,2048,1,64,1,898.976
attention,64,2048,1,128,1,899.432
attention,64,2048,1,256,1,899.713
attention,64,2048,1,512,1,898.746
attention,64,2048,1,1024,1,897.769
attention,64,2048,1,2048,1,908.809
attention,64,2048,1,4096,1,909.312
attention,64,2048,1,8192,1,912.649
attention,64,2048,1,16384,1,907.072
attention,64,2048,2,16,1,900.129
attention,64,2048,2,32,1,897.697
attention,64,2048,2,64,1,894.433
attention,64,2048,2,128,1,898.808
attention,64,2048,2,256,1,896.529
attention,64,2048,2,512,1,899.08
attention,64,2048,2,1024,1,898.681
attention,64,2048,2,2048,1,909.225
attention,64,2048,2,4096,1,910.107
attention,64,2048,2,8192,1,909.904
attention,64,2048,2,16384,1,883.953
attention,64,2048,4,16,1,868.561
attention,64,2048,4,32,1,868.648
attention,64,2048,4,64,1,869.449
attention,64,2048,4,128,1,869.009
attention,64,2048,4,256,1,868.617
attention,64,2048,4,512,1,869.106
attention,64,2048,4,1024,1,869.257
attention,64,2048,4,2048,1,883.905
attention,64,2048,4,4096,1,884.281
attention,64,2048,4,8192,1,884.929
attention,64,2048,4,16384,1,885.209
attention,64,2048,8,16,1,1070.78
attention,64,2048,8,32,1,1076.1
attention,64,2048,8,64,1,1077.25
attention,64,2048,8,128,1,1064.22
attention,64,2048,8,256,1,1062.76
attention,64,2048,8,512,1,1032.13
attention,64,2048,8,1024,1,985.722
attention,64,2048,8,2048,1,884.641
attention,64,2048,8,4096,1,886.321
attention,64,2048,8,8192,1,887.058
attention,64,2048,8,16384,1,891.129
attention,64,2048,16,16,1,1452.68
attention,64,2048,16,32,1,1454.76
attention,64,2048,16,64,1,1455.91
attention,64,2048,16,128,1,1452.02
attention,64,2048,16,256,1,1417.26
attention,64,2048,16,512,1,1334.44
attention,64,2048,16,1024,1,1183.46
attention,64,2048,16,2048,1,885.816
attention,64,2048,16,4096,1,889.058
attention,64,2048,16,8192,1,894.514
attention,64,2048,16,16384,1,901.313
attention,64,2048,32,16,1,2312.72
attention,64,2048,32,32,1,2299.52
attention,64,2048,32,64,1,2278.46
attention,64,2048,32,128,1,2264.64
attention,64,2048,32,256,1,2173.45
attention,64,2048,32,512,1,1993.43
attention,64,2048,32,1024,1,1630.38
attention,64,2048,32,2048,1,1249.97
attention,64,2048,32,4096,1,1254.02
attention,64,2048,32,8192,1,1255.52
attention,64,2048,32,16384,1,1267.95
attention,64,2048,64,16,1,4004.56
attention,64,2048,64,32,1,4052.86
attention,64,2048,64,64,1,4007.24
attention,64,2048,64,128,1,3916.59
attention,64,2048,64,256,1,3740.72
attention,64,2048,64,512,1,3347.32
attention,64,2048,64,1024,1,2540.3
attention,64,2048,64,2048,1,1290.99
attention,64,2048,64,4096,1,1290.37
attention,64,2048,64,8192,1,1335.44
attention,64,2048,64,16384,1,1308.77
attention,64,2048,128,16,1,7423.61
attention,64,2048,128,32,1,7142.76
attention,64,2048,128,64,1,7139.45
attention,64,2048,128,128,1,6946.84
attention,64,2048,128,256,1,6604.41
attention,64,2048,128,512,1,5708.01
attention,64,2048,128,1024,1,4340
attention,64,2048,128,2048,1,2087.61
attention,64,2048,128,4096,1,2085.74
attention,64,2048,128,8192,1,2110.3
attention,64,2048,128,16384,1,2097.93
attention,64,4096,0,0,1,1210.75
attention,64,4096,1,16,1,867.912
attention,64,4096,1,32,1,868.114
attention,64,4096,1,64,1,867.905
attention,64,4096,1,128,1,867.729
attention,64,4096,1,256,1,868.073
attention,64,4096,1,512,1,867.184
attention,64,4096,1,1024,1,867.736
attention,64,4096,1,2048,1,879.664
attention,64,4096,1,4096,1,881.608
attention,64,4096,1,8192,1,882.977
attention,64,4096,1,16384,1,883.424
attention,64,4096,2,16,1,868.584
attention,64,4096,2,32,1,868.719
attention,64,4096,2,64,1,868.832
attention,64,4096,2,128,1,868.847
attention,64,4096,2,256,1,868.833
attention,64,4096,2,512,1,867.944
attention,64,4096,2,1024,1,868.6
attention,64,4096,2,2048,1,882.761
attention,64,4096,2,4096,1,882.546
attention,64,4096,2,8192,1,882.232
attention,64,4096,2,16384,1,883.905
attention,64,4096,4,16,1,870.202
attention,64,4096,4,32,1,870.296
attention,64,4096,4,64,1,869.642
attention,64,4096,4,128,1,869.488
attention,64,4096,4,256,1,869.089
attention,64,4096,4,512,1,869.433
attention,64,4096,4,1024,1,868.945
attention,64,4096,4,2048,1,882.279
attention,64,4096,4,4096,1,882.897
attention,64,4096,4,8192,1,886.081
attention,64,4096,4,16384,1,883.537
attention,64,4096,8,16,1,1075.25
attention,64,4096,8,32,1,1084.14
attention,64,4096,8,64,1,1084.17
attention,64,4096,8,128,1,1092.33
attention,64,4096,8,256,1,1091.26
attention,64,4096,8,512,1,1055.82
attention,64,4096,8,1024,1,1007.29
attention,64,4096,8,2048,1,912.369
attention,64,4096,8,4096,1,902.504
attention,64,4096,8,8192,1,916.498
attention,64,4096,8,16384,1,919.816
attention,64,4096,16,16,1,1483.35
attention,64,4096,16,32,1,1464.91
attention,64,4096,16,64,1,1463.48
attention,64,4096,16,128,1,1470.08
attention,64,4096,16,256,1,1433.43
attention,64,4096,16,512,1,1362.01
attention,64,4096,16,1024,1,1208.18
attention,64,4096,16,2048,1,918.361
attention,64,4096,16,4096,1,921.304
attention,64,4096,16,8192,1,925.073
attention,64,4096,16,16384,1,931.33
attention,64,4096,32,16,1,2327.71
attention,64,4096,32,32,1,2322.37
attention,64,4096,32,64,1,2296.91
attention,64,4096,32,128,1,2279.56
attention,64,4096,32,256,1,2181.19
attention,64,4096,32,512,1,2019.3
attention,64,4096,32,1024,1,1634.14
attention,64,4096,32,2048,1,1266.75
attention,64,4096,32,4096,1,1255.93
attention,64,4096,32,8192,1,1279.06
attention,64,4096,32,16384,1,1301.52
attention,64,4096,64,16,1,4098
attention,64,4096,64,32,1,4055.35
attention,64,4096,64,64,1,4012.92
attention,64,4096,64,128,1,3940.16
attention,64,4096,64,256,1,3690.88
attention,64,4096,64,512,1,3310.42
attention,64,4096,64,1024,1,2572.8
attention,64,4096,64,2048,1,1300.87
attention,64,4096,64,4096,1,1313.95
attention,64,4096,64,8192,1,1309.51
attention,64,4096,64,16384,1,1307.22
attention,64,4096,128,16,1,7280.56
attention,64,4096,128,32,1,7089.82
attention,64,4096,128,64,1,7149.4
attention,64,4096,128,128,1,6988.72
attention,64,4096,128,256,1,6492.95
attention,64,4096,128,512,1,5831.32
attention,64,4096,128,1024,1,4397.8
attention,64,4096,128,2048,1,2078.72
attention,64,4096,128,4096,1,2091.69
attention,64,4096,128,8192,1,2120.55
attention,64,4096,128,16384,1,2097.57
attention,64,8192,0,0,1,1209.27
attention,64,8192,1,16,1,869.024
attention,64,8192,1,32,1,893.76
attention,64,8192,1,64,1,886.618
attention,64,8192,1,128,1,895.52
attention,64,8192,1,256,1,901.385
attention,64,8192,1,512,1,892.955
attention,64,8192,1,1024,1,898.576
attention,64,8192,1,2048,1,900.857
attention,64,8192,1,4096,1,909.586
attention,64,8192,1,8192,1,909.399
attention,64,8192,1,16384,1,911.129
attention,64,8192,2,16,1,900.184
attention,64,8192,2,32,1,901.687
attention,64,8192,2,64,1,900.977
attention,64,8192,2,128,1,900.482
attention,64,8192,2,256,1,899.129
attention,64,8192,2,512,1,901.441
attention,64,8192,2,1024,1,901.913
attention,64,8192,2,2048,1,882.393
attention,64,8192,2,4096,1,882.154
attention,64,8192,2,8192,1,884.456
attention,64,8192,2,16384,1,885.937
attention,64,8192,4,16,1,870.584
attention,64,8192,4,32,1,869.658
attention,64,8192,4,64,1,870.8
attention,64,8192,4,128,1,870.657
attention,64,8192,4,256,1,869.867
attention,64,8192,4,512,1,870.37
attention,64,8192,4,1024,1,871.698
attention,64,8192,4,2048,1,884.289
attention,64,8192,4,4096,1,883.697
attention,64,8192,4,8192,1,885.817
attention,64,8192,4,16384,1,885.504
attention,64,8192,8,16,1,1074.32
attention,64,8192,8,32,1,1075.66
attention,64,8192,8,64,1,1068.72
attention,64,8192,8,128,1,1065.35
attention,64,8192,8,256,1,1052.4
attention,64,8192,8,512,1,1036.44
attention,64,8192,8,1024,1,979.603
attention,64,8192,8,2048,1,884.992
attention,64,8192,8,4096,1,887.281
attention,64,8192,8,8192,1,888.016
attention,64,8192,8,16384,1,888.632
attention,64,8192,16,16,1,1456.46
attention,64,8192,16,32,1,1453.83
attention,64,8192,16,64,1,1453.46
attention,64,8192,16,128,1,1454.47
attention,64,8192,16,256,1,1414.9
attention,64,8192,16,512,1,1338.75
attention,64,8192,16,1024,1,1185.14
attention,64,8192,16,2048,1,886.064
attention,64,8192,16,4096,1,891.105
attention,64,8192,16,8192,1,895.152
attention,64,8192,16,16384,1,901.593
attention,64,8192,32,16,1,2312.72
attention,64,8192,32,32,1,2300.71
attention,64,8192,32,64,1,2278.69
attention,64,8192,32,128,1,2265.11
attention,64,8192,32,256,1,2176.09
attention,64,8192,32,512,1,1995.45
attention,64,8192,32,1024,1,1632.47
attention,64,8192,32,2048,1,1251.33
attention,64,8192,32,4096,1,1252.52
attention,64,8192,32,8192,1,1258.28
attention,64,8192,32,16384,1,1267.75
attention,64,8192,64,16,1,4080.44
attention,64,8192,64,32,1,4046.82
attention,64,8192,64,64,1,4010.45
attention,64,8192,64,128,1,3799.51
attention,64,8192,64,256,1,3741.04
attention,64,8192,64,512,1,3350.94
attention,64,8192,64,1024,1,2552.41
attention,64,8192,64,2048,1,1287.46
attention,64,8192,64,4096,1,1296.33
attention,64,8192,64,8192,1,1307.89
attention,64,8192,64,16384,1,1307.44
attention,64,8192,128,16,1,7570.02
attention,64,8192,128,32,1,7509.11
attention,64,8192,128,64,1,7136.66
attention,64,8192,128,128,1,7252.25
attention,64,8192,128,256,1,6527.2
attention,64,8192,128,512,1,6036.55
attention,64,8192,128,1024,1,4232.05
attention,64,8192,128,2048,1,2086.52
attention,64,8192,128,4096,1,2097.05
attention,64,8192,128,8192,1,2096.05
attention,64,8192,128,16384,1,2098.56
attention,64,16384,0,0,1,1211.49
attention,64,16384,1,16,1,870.985
attention,64,16384,1,32,1,871.241
attention,64,16384,1,64,1,882.191
attention,64,16384,1,128,1,891.889
attention,64,16384,1,256,1,902.577
attention,64,16384,1,512,1,901.986
attention,64,16384,1,1024,1,903.169
attention,64,16384,1,2048,1,881.944
attention,64,16384,1,4096,1,883.632
attention,64,16384,1,8192,1,884.712
attention,64,16384,1,16384,1,884.488
attention,64,16384,2,16,1,871.199
attention,64,16384,2,32,1,871.489
attention,64,16384,2,64,1,871.815
attention,64,16384,2,128,1,871.569
attention,64,16384,2,256,1,871.504
attention,64,16384,2,512,1,870.992
attention,64,16384,2,1024,1,872.384
attention,64,16384,2,2048,1,883.545
attention,64,16384,2,4096,1,883.858
attention,64,16384,2,8192,1,884.368
attention,64,16384,2,16384,1,884.497
attention,64,16384,4,16,1,873.697
attention,64,16384,4,32,1,874.048
attention,64,16384,4,64,1,873.168
attention,64,16384,4,128,1,873.456
attention,64,16384,4,256,1,874.09
attention,64,16384,4,512,1,873.28
attention,64,16384,4,1024,1,872.351
attention,64,16384,4,2048,1,885.65
attention,64,16384,4,4096,1,887.25
attention,64,16384,4,8192,1,887.96
attention,64,16384,4,16384,1,887.48
attention,64,16384,8,16,1,1060.5
attention,64,16384,8,32,1,1065.1
attention,64,16384,8,64,1,1068.84
attention,64,16384,8,128,1,1065.82
attention,64,16384,8,256,1,1050.11
attention,64,16384,8,512,1,1026.9
attention,64,16384,8,1024,1,983.92
attention,64,16384,8,2048,1,886.545
attention,64,16384,8,4096,1,890.162
attention,64,16384,8,8192,1,890.578
attention,64,16384,8,16384,1,892.912
attention,64,16384,16,16,1,1454
attention,64,16384,16,32,1,1458.18
attention,64,16384,16,64,1,1455.55
attention,64,16384,16,128,1,1458.98
attention,64,16384,16,256,1,1411.99
attention,64,16384,16,512,1,1342.18
attention,64,16384,16,1024,1,1189.28
attention,64,16384,16,2048,1,890.097
attention,64,16384,16,4096,1,893.778
attention,64,16384,16,8192,1,896.576
attention,64,16384,16,16384,1,903.687
attention,64,16384,32,16,1,2316.13
attention,64,16384,32,32,1,2303.45
attention,64,16384,32,64,1,2283.78
attention,64,16384,32,128,1,2269.63
attention,64,16384,32,256,1,2191.06
attention,64,16384,32,512,1,2010.29
attention,64,16384,32,1024,1,1634.15
attention,64,16384,32,2048,1,1299.01
attention,64,16384,32,4096,1,1299
attention,64,16384,32,8192,1,1280.98
attention,64,16384,32,16384,1,1315.2
attention,64,16384,64,16,1,4010.93
attention,64,16384,64,32,1,4050.72
attention,64,16384,64,64,1,4023.48
attention,64,16384,64,128,1,3959.35
attention,64,16384,64,256,1,3754.9
attention,64,16384,64,512,1,3352.35
attention,64,16384,64,1024,1,2579.51
attention,64,16384,64,2048,1,1290.15
attention,64,16384,64,4096,1,1311.69
attention,64,16384,64,8192,1,1327.34
attention,64,16384,64,16384,1,1335.73
attention,64,16384,128,16,1,7281.83
attention,64,16384,128,32,1,7388.8
attention,64,16384,128,64,1,7423.09
attention,64,16384,128,128,1,7213.73
attention,64,16384,128,256,1,6543.2
attention,64,16384,128,512,1,5851.47
attention,64,16384,128,1024,1,4211.05
attention,64,16384,128,2048,1,2091.26
attention,64,16384,128,4096,1,2100.92
attention,64,16384,128,8192,1,2099.97
attention,64,16384,128,16384,1,2126.87
attention,128,0,0,0,1,6956.96
attention,128,0,1,16,1,7036.13
attention,128,0,1,32,1,6786.52
attention,128,0,1,64,1,6749.56
attention,128,0,1,128,1,6870.02
attention,128,0,1,256,1,6839.05
attention,128,0,1,512,1,7023.61
attention,128,0,1,1024,1,6921.74
attention,128,0,1,2048,1,6774.39
attention,128,0,1,4096,1,6791.29
attention,128,0,1,8192,1,6765.46
attention,128,0,1,16384,1,6803.27
attention,128,0,2,16,1,6730.09
attention,128,0,2,32,1,6911.65
attention,128,0,2,64,1,6915.17
attention,128,0,2,128,1,7083.69
attention,128,0,2,256,1,6879.78
attention,128,0,2,512,1,7063.56
attention,128,0,2,1024,1,7039.52
attention,128,0,2,2048,1,6748.41
attention,128,0,2,4096,1,6932.33
attention,128,0,2,8192,1,6810.76
attention,128,0,2,16384,1,6846.89
attention,128,0,4,16,1,7202.03
attention,128,0,4,32,1,7196.93
attention,128,0,4,64,1,7013.85
attention,128,0,4,128,1,6934.05
attention,128,0,4,256,1,6922.29
attention,128,0,4,512,1,6861.37
attention,128,0,4,1024,1,6773.55
attention,128,0,4,2048,1,6805.62
attention,128,0,4,4096,1,6993.53
attention,128,0,4,8192,1,6993.95
attention,128,0,4,16384,1,6747.95
attention,128,0,8,16,1,7264.36
attention,128,0,8,32,1,7231.52
attention,128,0,8,64,1,7108.16
attention,128,0,8,128,1,7293.79
attention,128,0,8,256,1,7172.44
attention,128,0,8,512,1,7021.45
attention,128,0,8,1024,1,6896.14
attention,128,0,8,2048,1,6894.45
attention,128,0,8,4096,1,6726.67
attention,128,0,8,8192,1,7009.17
attention,128,0,8,16384,1,6870.92
attention,128,0,16,16,1,7825.6
attention,128,0,16,32,1,7543.16
attention,128,0,16,64,1,7663.32
attention,128,0,16,128,1,7824.96
attention,128,0,16,256,1,7753.69
attention,128,0,16,512,1,7647.73
attention,128,0,16,1024,1,7440.79
attention,128,0,16,2048,1,6840.71
attention,128,0,16,4096,1,7025.7
attention,128,0,16,8192,1,6741.77
attention,128,0,16,16384,1,7024.06
attention,128,0,32,16,1,8752.99
attention,128,0,32,32,1,8441.53
attention,128,0,32,64,1,8735
attention,128,0,32,128,1,8198.77
attention,128,0,32,256,1,8552.56
attention,128,0,32,512,1,8347.25
attention,128,0,32,1024,1,7929.38
attention,128,0,32,2048,1,6803.71
attention,128,0,32,4096,1,7086.63
attention,128,0,32,8192,1,6864.23
attention,128,0,32,16384,1,6816.57
attention,128,0,64,16,1,10171.5
attention,128,0,64,32,1,10030.7
attention,128,0,64,64,1,10060.8
attention,128,0,64,128,1,10225.9
attention,128,0,64,256,1,9738.71
attention,128,0,64,512,1,9359.98
attention,128,0,64,1024,1,8530.57
attention,128,0,64,2048,1,7301.92
attention,128,0,64,4096,1,7187.52
attention,128,0,64,8192,1,7452.32
attention,128,0,64,16384,1,7309.57
attention,128,0,128,16,1,13331.3
attention,128,0,128,32,1,13245.1
attention,128,0,128,64,1,13261.6
attention,128,0,128,128,1,13106.1
attention,128,0,128,256,1,12647.8
attention,128,0,128,512,1,12375.2
attention,128,0,128,1024,1,10323.6
attention,128,0,128,2048,1,7620.54
attention,128,0,128,4096,1,7874.47
attention,128,0,128,8192,1,7670.11
attention,128,0,128,16384,1,7949.77
attention,128,16,0,0,1,6911.52
attention,128,16,1,16,1,6939.26
attention,128,16,1,32,1,6986.3
attention,128,16,1,64,1,6916.15
attention,128,16,1,128,1,6986.88
attention,128,16,1,256,1,6979.15
attention,128,16,1,512,1,6738.15
attention,128,16,1,1024,1,6761.04
attention,128,16,1,2048,1,6847.42
attention,128,16,1,4096,1,6719.63
attention,128,16,1,8192,1,6724.69
attention,128,16,1,16384,1,6922.09
attention,128,16,2,16,1,6757.58
attention,128,16,2,32,1,6828.46
attention,128,16,2,64,1,6862.57
attention,128,16,2,128,1,6894.83
attention,128,16,2,256,1,6885.49
attention,128,16,2,512,1,6826.57
attention,128,16,2,1024,1,6848.3
attention,128,16,2,2048,1,6659.57
attention,128,16,2,4096,1,6800.58
attention,128,16,2,8192,1,6765.29
attention,128,16,2,16384,1,6834.83
attention,128,16,4,16,1,6921.13
attention,128,16,4,32,1,6979.34
attention,128,16,4,64,1,6856.14
attention,128,16,4,128,1,7137.16
attention,128,16,4,256,1,6982.82
attention,128,16,4,512,1,6885.29
attention,128,16,4,1024,1,6764.77
attention,128,16,4,2048,1,6941.46
attention,128,16,4,4096,1,6724.34
attention,128,16,4,8192,1,6525.67
attention,128,16,4,16384,1,6905.47
attention,128,16,8,16,1,7178.38
attention,128,16,8,32,1,7361.25
attention,128,16,8,64,1,7139.96
attention,128,16,8,128,1,7340.72
attention,128,16,8,256,1,7210.39
attention,128,16,8,512,1,7067.83
attention,128,16,8,1024,1,7158.81
attention,128,16,8,2048,1,6953.45
attention,128,16,8,4096,1,6642.06
attention,128,16,8,8192,1,6958.97
attention,128,16,8,16384,1,6960.09
attention,128,16,16,16,1,7598.86
attention,128,16,16,32,1,7568.22
attention,128,16,16,64,1,7807.91
attention,128,16,16,128,1,7314.75
attention,128,16,16,256,1,7522.83
attention,128,16,16,512,1,7318.1
attention,128,16,16,1024,1,7260.36
attention,128,16,16,2048,1,6714.6
attention,128,16,16,4096,1,6978.85
attention,128,16,16,8192,1,6733.99
attention,128,16,16,16384,1,6919.55
attention,128,16,32,16,1,8342.63
attention,128,16,32,32,1,8370.59
attention,128,16,32,64,1,8309.11
attention,128,16,32,128,1,8232.07
attention,128,16,32,256,1,8153.43
attention,128,16,32,512,1,8281.29
attention,128,16,32,1024,1,7538.56
attention,128,16,32,2048,1,6705.29
attention,128,16,32,4096,1,7025.82
attention,128,16,32,8192,1,6805.59
attention,128,16,32,16384,1,6768.32
attention,128,16,64,16,1,9922.75
attention,128,16,64,32,1,9908.79
attention,128,16,64,64,1,9911.61
attention,128,16,64,128,1,9853.49
attention,128,16,64,256,1,9653.7
attention,128,16,64,512,1,9156.08
attention,128,16,64,1024,1,8410.72
attention,128,16,64,2048,1,6860.6
attention,128,16,64,4096,1,6996.61
attention,128,16,64,8192,1,7170.57
attention,128,16,64,16384,1,7228.86
attention,128,16,128,16,1,13652.8
attention,128,16,128,32,1,13145.1
attention,128,16,128,64,1,13049.2
attention,128,16,128,128,1,12843.9
attention,128,16,128,256,1,12448.4
attention,128,16,128,512,1,11650.5
attention,128,16,128,1024,1,10037.2
attention,128,16,128,2048,1,7457.78
attention,128,16,128,4096,1,7795.45
attention,128,16,128,8192,1,7826.29
attention,128,16,128,16384,1,7819.81
attention,128,32,0,0,1,6626.03
attention,128,32,1,16,1,6751.85
attention,128,32,1,32,1,6658.33
attention,128,32,1,64,1,6794.4
attention,128,32,1,128,1,6653.24
attention,128,32,1,256,1,6754.62
attention,128,32,1,512,1,6921.13
attention,128,32,1,1024,1,6657.11
attention,128,32,1,2048,1,6565.22
attention,128,32,1,4096,1,6603.99
attention,128,32,1,8192,1,6512.31
attention,128,32,1,16384,1,6633.45
attention,128,32,2,16,1,6804.2
attention,128,32,2,32,1,6853.23
attention,128,32,2,64,1,6670.72
attention,128,32,2,128,1,6689.35
attention,128,32,2,256,1,6928.45
attention,128,32,2,512,1,6957.79
attention,128,32,2,1024,1,6935.39
attention,128,32,2,2048,1,6572.53
attention,128,32,2,4096,1,6746.39
attention,128,32,2,8192,1,6731.2
attention,128,32,2,16384,1,6884.68
attention,128,32,4,16,1,6990.7
attention,128,32,4,32,1,6849.63
attention,128,32,4,64,1,6883.15
attention,128,32,4,128,1,7090.03
attention,128,32,4,256,1,6857.34
attention,128,32,4,512,1,6726.39
attention,128,32,4,1024,1,6892.09
attention,128,32,4,2048,1,6578.52
attention,128,32,4,4096,1,6732.81
attention,128,32,4,8192,1,6889.68
attention,128,32,4,16384,1,6631.46
attention,128,32,8,16,1,7022.45
attention,128,32,8,32,1,7115.17
attention,128,32,8,64,1,7267.86
attention,128,32,8,128,1,6997.93
attention,128,32,8,256,1,7146.63
attention,128,32,8,512,1,7177.72
attention,128,32,8,1024,1,6994.36
attention,128,32,8,2048,1,6710.53
attention,128,32,8,4096,1,6901.42
attention,128,32,8,8192,1,6579.19
attention,128,32,8,16384,1,6764.74
attention,128,32,16,16,1,7506.25
attention,128,32,16,32,1,7561.83
attention,128,32,16,64,1,7476.65
attention,128,32,16,128,1,7408.89
attention,128,32,16,256,1,7404.77
attention,128,32,16,512,1,7106.82
attention,128,32,16,1024,1,7053.56
attention,128,32,16,2048,1,6721.74
attention,128,32,16,4096,1,6645.32
attention,128,32,16,8192,1,6646.14
attention,128,32,16,16384,1,6935.5
attention,128,32,32,16,1,8380.99
attention,128,32,32,32,1,8107.53
attention,128,32,32,64,1,8296.88
attention,128,32,32,128,1,8218.48
attention,128,32,32,256,1,8039.01
attention,128,32,32,512,1,7896.37
attention,128,32,32,1024,1,7702.5
attention,128,32,32,2048,1,6829.74
attention,128,32,32,4096,1,6971.92
attention,128,32,32,8192,1,6703.28
attention,128,32,32,16384,1,6853.88
attention,128,32,64,16,1,9881.63
attention,128,32,64,32,1,10181
attention,128,32,64,64,1,9836.01
attention,128,32,64,128,1,9609.77
attention,128,32,64,256,1,9481.45
attention,128,32,64,512,1,9078.79
attention,128,32,64,1024,1,8290.06
attention,128,32,64,2048,1,6819.14
attention,128,32,64,4096,1,6691.09
attention,128,32,64,8192,1,6669.01
attention,128,32,64,16384,1,6942.97
attention,128,32,128,16,1,13346
attention,128,32,128,32,1,13255.7
attention,128,32,128,64,1,13105.1
attention,128,32,128,128,1,12874.1
attention,128,32,128,256,1,12345
attention,128,32,128,512,1,11846.9
attention,128,32,128,1024,1,10233.4
attention,128,32,128,2048,1,7323.97
attention,128,32,128,4096,1,7581.51
attention,128,32,128,8192,1,7705
attention,128,32,128,16384,1,7699.95
attention,128,64,0,0,1,6345.99
attention,128,64,1,16,1,6624.24
attention,128,64,1,32,1,6698.57
attention,128,64,1,64,1,6733.62
attention,128,64,1,128,1,6625.55
attention,128,64,1,256,1,6756.67
attention,128,64,1,512,1,6409.95
attention,128,64,1,1024,1,6535.87
attention,128,64,1,2048,1,6546.93
attention,128,64,1,4096,1,6612.85
attention,128,64,1,8192,1,6599.58
attention,128,64,1,16384,1,6784.07
attention,128,64,2,16,1,6616.11
attention,128,64,2,32,1,6890.24
attention,128,64,2,64,1,6816.94
attention,128,64,2,128,1,6642.52
attention,128,64,2,256,1,6601.99
attention,128,64,2,512,1,6447.48
attention,128,64,2,1024,1,6698.45
attention,128,64,2,2048,1,6568.35
attention,128,64,2,4096,1,6648.34
attention,128,64,2,8192,1,6572.27
attention,128,64,2,16384,1,6442.34
attention,128,64,4,16,1,6825.65
attention,128,64,4,32,1,6998.72
attention,128,64,4,64,1,6784.67
attention,128,64,4,128,1,6991.38
attention,128,64,4,256,1,6715.48
attention,128,64,4,512,1,6675.88
attention,128,64,4,1024,1,6773.34
attention,128,64,4,2048,1,6381.81
attention,128,64,4,4096,1,6653.23
attention,128,64,4,8192,1,6619.6
attention,128,64,4,16384,1,6553.98
attention,128,64,8,16,1,7093.75
attention,128,64,8,32,1,6988.4
attention,128,64,8,64,1,6773.71
attention,128,64,8,128,1,7151.44
attention,128,64,8,256,1,7082.94
attention,128,64,8,512,1,6862.09
attention,128,64,8,1024,1,6745.94
attention,128,64,8,2048,1,6799.95
attention,128,64,8,4096,1,6713.23
attention,128,64,8,8192,1,6425.39
attention,128,64,8,16384,1,6394.68
attention,128,64,16,16,1,7422.01
attention,128,64,16,32,1,7445.98
attention,128,64,16,64,1,7319.18
attention,128,64,16,128,1,7295.09
attention,128,64,16,256,1,7341.33
attention,128,64,16,512,1,7345.94
attention,128,64,16,1024,1,6909.76
attention,128,64,16,2048,1,6822.82
attention,128,64,16,4096,1,6413.38
attention,128,64,16,8192,1,6606.1
attention,128,64,16,16384,1,6479.31
attention,128,64,32,16,1,8216.05
attention,128,64,32,32,1,8464.13
attention,128,64,32,64,1,8167.73
attention,128,64,32,128,1,8154.84
attention,128,64,32,256,1,7905.55
attention,128,64,32,512,1,7643.29
attention,128,64,32,1024,1,7568.35
attention,128,64,32,2048,1,6505.38
attention,128,64,32,4096,1,6511.88
attention,128,64,32,8192,1,6884.45
attention,128,64,32,16384,1,6481.43
attention,128,64,64,16,1,9902.25
attention,128,64,64,32,1,9883.57
attention,128,64,64,64,1,9987.71
attention,128,64,64,128,1,9679.5
attention,128,64,64,256,1,9491.98
attention,128,64,64,512,1,9130.5
attention,128,64,64,1024,1,8394.6
attention,128,64,64,2048,1,6728.51
attention,128,64,64,4096,1,6635.65
attention,128,64,64,8192,1,6713.26
attention,128,64,64,16384,1,6776.14
attention,128,64,128,16,1,13139.5
attention,128,64,128,32,1,12995.1
attention,128,64,128,64,1,12786.7
attention,128,64,128,128,1,12818.9
attention,128,64,128,256,1,12477.1
attention,128,64,128,512,1,11418.8
attention,128,64,128,1024,1,10118.5
attention,128,64,128,2048,1,7260.54
attention,128,64,128,4096,1,7582.71
attention,128,64,128,8192,1,7639.81
attention,128,64,128,16384,1,7622.16
attention,128,128,0,0,1,6317.01
attention,128,128,1,16,1,6476.56
attention,128,128,1,32,1,6485.99
attention,128,128,1,64,1,6531.49
attention,128,128,1,128,1,6513.78
attention,128,128,1,256,1,6419.38
attention,128,128,1,512,1,6384.04
attention,128,128,1,1024,1,6263.08
attention,128,128,1,2048,1,6507.35
attention,128,128,1,4096,1,6475.03
attention,128,128,1,8192,1,6409.39
attention,128,128,1,16384,1,6441.58
attention,128,128,2,16,1,6507.26
attention,128,128,2,32,1,6582.08
attention,128,128,2,64,1,6716.51
attention,128,128,2,128,1,6635.12
attention,128,128,2,256,1,6507.68
attention,128,128,2,512,1,6688.58
attention,128,128,2,1024,1,6397.95
attention,128,128,2,2048,1,6410.59
attention,128,128,2,4096,1,6498.61
attention,128,128,2,8192,1,6611.28
attention,128,128,2,16384,1,6351.52
attention,128,128,4,16,1,6672.15
attention,128,128,4,32,1,6828.85
attention,128,128,4,64,1,6554.67
attention,128,128,4,128,1,6532.42
attention,128,128,4,256,1,6563.57
attention,128,128,4,512,1,6621.23
attention,128,128,4,1024,1,6536.53
attention,128,128,4,2048,1,6487.11
attention,128,128,4,4096,1,6319.73
attention,128,128,4,8192,1,6534.91
attention,128,128,4,16384,1,6622.87
attention,128,128,8,16,1,6622.94
attention,128,128,8,32,1,6812.57
attention,128,128,8,64,1,6992.6
attention,128,128,8,128,1,6746.04
attention,128,128,8,256,1,6882.62
attention,128,128,8,512,1,6915.52
attention,128,128,8,1024,1,6527.22
attention,128,128,8,2048,1,6627.27
attention,128,128,8,4096,1,6297.04
attention,128,128,8,8192,1,6632.13
attention,128,128,8,16384,1,6630.83
attention,128,128,16,16,1,7099.53
attention,128,128,16,32,1,7171.24
attention,128,128,16,64,1,7197.67
attention,128,128,16,128,1,7130.93
attention,128,128,16,256,1,7379.02
attention,128,128,16,512,1,7273.27
attention,128,128,16,1024,1,7030.68
attention,128,128,16,2048,1,6453.56
attention,128,128,16,4096,1,6428.51
attention,128,128,16,8192,1,6654.03
attention,128,128,16,16384,1,6449.36
attention,128,128,32,16,1,7951.09
attention,128,128,32,32,1,8363.67
attention,128,128,32,64,1,8002.93
attention,128,128,32,128,1,8010.27
attention,128,128,32,256,1,7866.53
attention,128,128,32,512,1,7742.46
attention,128,128,32,1024,1,7198.24
attention,128,128,32,2048,1,6693.2
attention,128,128,32,4096,1,6700.69
attention,128,128,32,8192,1,6309.77
attention,128,128,32,16384,1,6441.94
attention,128,128,64,16,1,9482.27
attention,128,128,64,32,1,9689.4
attention,128,128,64,64,1,9465.39
attention,128,128,64,128,1,9320.72
attention,128,128,64,256,1,9206.64
attention,128,128,64,512,1,8919.06
attention,128,128,64,1024,1,7974.53
attention,128,128,64,2048,1,6531.49
attention,128,128,64,4096,1,6711.05
attention,128,128,64,8192,1,6841.24
attention,128,128,64,16384,1,6893.2
attention,128,128,128,16,1,13043.8
attention,128,128,128,32,1,12722.2
attention,128,128,128,64,1,12659
attention,128,128,128,128,1,12560
attention,128,128,128,256,1,12236.9
attention,128,128,128,512,1,11263.2
attention,128,128,128,1024,1,9701.34
attention,128,128,128,2048,1,7130.79
attention,128,128,128,4096,1,7381.67
attention,128,128,128,8192,1,7470.84
attention,128,128,128,16384,1,7467.29
attention,128,256,0,0,1,6177.67
attention,128,256,1,16,1,5990.51
attention,128,256,1,32,1,6016.21
attention,128,256,1,64,1,5924.42
attention,128,256,1,128,1,6022.68
attention,128,256,1,256,1,6250.79
attention,128,256,1,512,1,5997.71
attention,128,256,1,1024,1,6079.37
attention,128,256,1,2048,1,5979.96
attention,128,256,1,4096,1,6019.77
attention,128,256,1,8192,1,5960.65
attention,128,256,1,16384,1,6160.61
attention,128,256,2,16,1,6178.95
attention,128,256,2,32,1,6215.81
attention,128,256,2,64,1,6009.74
attention,128,256,2,128,1,6062.2
attention,128,256,2,256,1,6059
attention,128,256,2,512,1,6285.24
attention,128,256,2,1024,1,6263.54
attention,128,256,2,2048,1,5897.59
attention,128,256,2,4096,1,5972.21
attention,128,256,2,8192,1,6171.65
attention,128,256,2,16384,1,5970.57
attention,128,256,4,16,1,6429.68
attention,128,256,4,32,1,6336.01
attention,128,256,4,64,1,6431.69
attention,128,256,4,128,1,6234.45
attention,128,256,4,256,1,6059.89
attention,128,256,4,512,1,6211.72
attention,128,256,4,1024,1,6215.29
attention,128,256,4,2048,1,5999.82
attention,128,256,4,4096,1,6216.28
attention,128,256,4,8192,1,6031.23
attention,128,256,4,16384,1,6095.42
attention,128,256,8,16,1,6635.31
attention,128,256,8,32,1,6361.81
attention,128,256,8,64,1,6640.05
attention,128,256,8,128,1,6631.77
attention,128,256,8,256,1,6597.49
attention,128,256,8,512,1,6539.41
attention,128,256,8,1024,1,6140.45
attention,128,256,8,2048,1,5981.08
attention,128,256,8,4096,1,5990.33
attention,128,256,8,8192,1,6226.51
attention,128,256,8,16384,1,6226.16
attention,128,256,16,16,1,6856.92
attention,128,256,16,32,1,6641.7
attention,128,256,16,64,1,7051.06
attention,128,256,16,128,1,7025.76
attention,128,256,16,256,1,6974.05
attention,128,256,16,512,1,6738.31
attention,128,256,16,1024,1,6397.79
attention,128,256,16,2048,1,6247.27
attention,128,256,16,4096,1,6066.17
attention,128,256,16,8192,1,5928.53
attention,128,256,16,16384,1,6259.77
attention,128,256,32,16,1,7584.68
attention,128,256,32,32,1,7537.72
attention,128,256,32,64,1,7656.41
attention,128,256,32,128,1,7462.9
attention,128,256,32,256,1,7612.62
attention,128,256,32,512,1,7304.45
attention,128,256,32,1024,1,6851.47
attention,128,256,32,2048,1,5930.93
attention,128,256,32,4096,1,6297.3
attention,128,256,32,8192,1,6308.4
attention,128,256,32,16384,1,6234.29
attention,128,256,64,16,1,9692.49
attention,128,256,64,32,1,9131.36
attention,128,256,64,64,1,9226.61
attention,128,256,64,128,1,9129.49
attention,128,256,64,256,1,8915.98
attention,128,256,64,512,1,8711.17
attention,128,256,64,1024,1,7812.56
attention,128,256,64,2048,1,6271.78
attention,128,256,64,4096,1,6343.8
attention,128,256,64,8192,1,6299.68
attention,128,256,64,16384,1,6539.5
attention,128,256,128,16,1,12557.3
attention,128,256,128,32,1,12519.7
attention,128,256,128,64,1,12311.1
attention,128,256,128,128,1,12081.8
attention,128,256,128,256,1,12274.4
attention,128,256,128,512,1,11162.4
attention,128,256,128,1024,1,9370.48
attention,128,256,128,2048,1,6951.57
attention,128,256,128,4096,1,7078.77
attention,128,256,128,8192,1,7070.51
attention,128,256,128,16384,1,7107.73
attention,128,512,0,0,1,5377.14
attention,128,512,1,16,1,5467.75
attention,128,512,1,32,1,5388.07
attention,128,512,1,64,1,5458.77
attention,128,512,1,128,1,5463.13
attention,128,512,1,256,1,5350.86
attention,128,512,1,512,1,5444.83
attention,128,512,1,1024,1,5430.57
attention,128,512,1,2048,1,5304.65
attention,128,512,1,4096,1,5403
attention,128,512,1,8192,1,5409.08
attention,128,512,1,16384,1,5304.96
attention,128,512,2,16,1,5313.01
attention,128,512,2,32,1,5523.03
attention,128,512,2,64,1,5514.28
attention,128,512,2,128,1,5310.96
attention,128,512,2,256,1,5406.69
attention,128,512,2,512,1,5310.76
attention,128,512,2,1024,1,5355.97
attention,128,512,2,2048,1,5405.43
attention,128,512,2,4096,1,5221.09
attention,128,512,2,8192,1,5230
attention,128,512,2,16384,1,5416.34
attention,128,512,4,16,1,5431.26
attention,128,512,4,32,1,5644.18
attention,128,512,4,64,1,5638.22
attention,128,512,4,128,1,5528.3
attention,128,512,4,256,1,5618.77
attention,128,512,4,512,1,5574.68
attention,128,512,4,1024,1,5412.05
attention,128,512,4,2048,1,5416.25
attention,128,512,4,4096,1,5414.21
attention,128,512,4,8192,1,5236.84
attention,128,512,4,16384,1,5204.7
attention,128,512,8,16,1,5791.39
attention,128,512,8,32,1,5849.73
attention,128,512,8,64,1,5843.43
attention,128,512,8,128,1,5838.68
attention,128,512,8,256,1,5575.69
attention,128,512,8,512,1,5740.02
attention,128,512,8,1024,1,5639.7
attention,128,512,8,2048,1,5423.26
attention,128,512,8,4096,1,5214.55
attention,128,512,8,8192,1,5431.27
attention,128,512,8,16384,1,5388.19
attention,128,512,16,16,1,6271.66
attention,128,512,16,32,1,6268.93
attention,128,512,16,64,1,6250.22
attention,128,512,16,128,1,5982.51
attention,128,512,16,256,1,5889.06
attention,128,512,16,512,1,6069.38
attention,128,512,16,1024,1,5635.81
attention,128,512,16,2048,1,5445.15
attention,128,512,16,4096,1,5451.03
attention,128,512,16,8192,1,5446
attention,128,512,16,16384,1,5387.52
attention,128,512,32,16,1,7031.53
attention,128,512,32,32,1,7151.41
attention,128,512,32,64,1,6865.87
attention,128,512,32,128,1,6831.05
attention,128,512,32,256,1,6960.6
attention,128,512,32,512,1,6779.78
attention,128,512,32,1024,1,6212.7
attention,128,512,32,2048,1,5495.13
attention,128,512,32,4096,1,5499.86
attention,128,512,32,8192,1,5433.32
attention,128,512,32,16384,1,5447.81
attention,128,512,64,16,1,8358.12
attention,128,512,64,32,1,8690.66
attention,128,512,64,64,1,8543.32
attention,128,512,64,128,1,8424.88
attention,128,512,64,256,1,8330.83
attention,128,512,64,512,1,7799.47
attention,128,512,64,1024,1,7255.46
attention,128,512,64,2048,1,5687.83
attention,128,512,64,4096,1,5771.67
attention,128,512,64,8192,1,5767.35
attention,128,512,64,16384,1,5815.34
attention,128,512,128,16,1,12384
attention,128,512,128,32,1,12331.1
attention,128,512,128,64,1,11702.7
attention,128,512,128,128,1,11726.3
attention,128,512,128,256,1,10917.4
attention,128,512,128,512,1,10789.4
attention,128,512,128,1024,1,8752.3
attention,128,512,128,2048,1,6173.65
attention,128,512,128,4096,1,6333.06
attention,128,512,128,8192,1,6306.33
attention,128,512,128,16384,1,6342.48
attention,128,1024,0,0,1,3876.68
attention,128,1024,1,16,1,3956.68
attention,128,1024,1,32,1,3965.57
attention,128,1024,1,64,1,3943.12
attention,128,1024,1,128,1,3962.07
attention,128,1024,1,256,1,3946.56
attention,128,1024,1,512,1,3943.01
attention,128,1024,1,1024,1,3941.81
attention,128,1024,1,2048,1,3923.52
attention,128,1024,1,4096,1,3904.69
attention,128,1024,1,8192,1,3913.4
attention,128,1024,1,16384,1,3905.56
attention,128,1024,2,16,1,3987.08
attention,128,1024,2,32,1,3855.68
attention,128,1024,2,64,1,3990.68
attention,128,1024,2,128,1,4006.69
attention,128,1024,2,256,1,3981.93
attention,128,1024,2,512,1,3980.3
attention,128,1024,2,1024,1,3972.68
attention,128,1024,2,2048,1,3907.83
attention,128,1024,2,4096,1,3915.72
attention,128,1024,2,8192,1,3909.17
attention,128,1024,2,16384,1,3914.43
attention,128,1024,4,16,1,4109.8
attention,128,1024,4,32,1,4113.82
attention,128,1024,4,64,1,4103.36
attention,128,1024,4,128,1,4092.39
attention,128,1024,4,256,1,4083.21
attention,128,1024,4,512,1,4047.74
attention,128,1024,4,1024,1,4027.2
attention,128,1024,4,2048,1,3909.29
attention,128,1024,4,4096,1,3911.64
attention,128,1024,4,8192,1,3912.16
attention,128,1024,4,16384,1,3936.73
attention,128,1024,8,16,1,4314.61
attention,128,1024,8,32,1,4248.75
attention,128,1024,8,64,1,4313.57
attention,128,1024,8,128,1,4296.72
attention,128,1024,8,256,1,4284.26
attention,128,1024,8,512,1,4064.37
attention,128,1024,8,1024,1,4139.59
attention,128,1024,8,2048,1,3919
attention,128,1024,8,4096,1,3919.3
attention,128,1024,8,8192,1,3869.15
attention,128,1024,8,16384,1,3932.99
attention,128,1024,16,16,1,4729.19
attention,128,1024,16,32,1,4727.64
attention,128,1024,16,64,1,4711.39
attention,128,1024,16,128,1,4690.26
attention,128,1024,16,256,1,4559.79
attention,128,1024,16,512,1,4527.39
attention,128,1024,16,1024,1,4347.9
attention,128,1024,16,2048,1,3933.41
attention,128,1024,16,4096,1,3937.19
attention,128,1024,16,8192,1,3936.9
attention,128,1024,16,16384,1,3959.56
attention,128,1024,32,16,1,5406.54
attention,128,1024,32,32,1,5300.35
attention,128,1024,32,64,1,5575.44
attention,128,1024,32,128,1,5514.26
attention,128,1024,32,256,1,5209.37
attention,128,1024,32,512,1,5112.93
attention,128,1024,32,1024,1,4853.1
attention,128,1024,32,2048,1,3789.12
attention,128,1024,32,4096,1,3995.41
attention,128,1024,32,8192,1,3876.04
attention,128,1024,32,16384,1,4045.61
attention,128,1024,64,16,1,7225
attention,128,1024,64,32,1,7046.93
attention,128,1024,64,64,1,7275.56
attention,128,1024,64,128,1,6793.29
attention,128,1024,64,256,1,6957.7
attention,128,1024,64,512,1,6199.72
attention,128,1024,64,1024,1,5751.65
attention,128,1024,64,2048,1,4223.18
attention,128,1024,64,4096,1,4345.36
attention,128,1024,64,8192,1,4369.51
attention,128,1024,64,16384,1,4398.18
attention,128,1024,128,16,1,10824.5
attention,128,1024,128,32,1,10349.7
attention,128,1024,128,64,1,10103.9
attention,128,1024,128,128,1,10471
attention,128,1024,128,256,1,9460.25
attention,128,1024,128,512,1,8880.85
attention,128,1024,128,1024,1,7622.09
attention,128,1024,128,2048,1,4838.31
attention,128,1024,128,4096,1,4841.68
attention,128,1024,128,8192,1,4872.85
attention,128,1024,128,16384,1,4861.72
attention,128,2048,0,0,1,1312.67
attention,128,2048,1,16,1,1305.09
attention,128,2048,1,32,1,1330.22
attention,128,2048,1,64,1,1293.67
attention,128,2048,1,128,1,1295.38
attention,128,2048,1,256,1,1315.86
attention,128,2048,1,512,1,1326.75
attention,128,2048,1,1024,1,1325.36
attention,128,2048,1,2048,1,1349.1
attention,128,2048,1,4096,1,1337.96
attention,128,2048,1,8192,1,1340.36
attention,128,2048,1,16384,1,1312.42
attention,128,2048,2,16,1,1328.07
attention,128,2048,2,32,1,1293.49
attention,128,2048,2,64,1,1343.73
attention,128,2048,2,128,1,1316
attention,128,2048,2,256,1,1324.13
attention,128,2048,2,512,1,1310.27
attention,128,2048,2,1024,1,1311.03
attention,128,2048,2,2048,1,1340.17
attention,128,2048,2,4096,1,1340.33
attention,128,2048,2,8192,1,1340.33
attention,128,2048,2,16384,1,1344.69
attention,128,2048,4,16,1,1330.59
attention,128,2048,4,32,1,1345.87
attention,128,2048,4,64,1,1331.59
attention,128,2048,4,128,1,1298.5
attention,128,2048,4,256,1,1313.7
attention,128,2048,4,512,1,1322.34
attention,128,2048,4,1024,1,1347.59
attention,128,2048,4,2048,1,1337.53
attention,128,2048,4,4096,1,1324.92
attention,128,2048,4,8192,1,1323.25
attention,128,2048,4,16384,1,1331.04
attention,128,2048,8,16,1,1565.76
attention,128,2048,8,32,1,1537.12
attention,128,2048,8,64,1,1528.45
attention,128,2048,8,128,1,1536.7
attention,128,2048,8,256,1,1530.62
attention,128,2048,8,512,1,1468.17
attention,128,2048,8,1024,1,1460.43
attention,128,2048,8,2048,1,1348.01
attention,128,2048,8,4096,1,1363.35
attention,128,2048,8,8192,1,1316.46
attention,128,2048,8,16384,1,1351.22
attention,128,2048,16,16,1,1941.82
attention,128,2048,16,32,1,1934.44
attention,128,2048,16,64,1,1945.39
attention,128,2048,16,128,1,1951.36
attention,128,2048,16,256,1,1907.76
attention,128,2048,16,512,1,1830.07
attention,128,2048,16,1024,1,1662.05
attention,128,2048,16,2048,1,1654.33
attention,128,2048,16,4096,1,1676.02
attention,128,2048,16,8192,1,1677.94
attention,128,2048,16,16384,1,1690.64
attention,128,2048,32,16,1,2810.02
attention,128,2048,32,32,1,2777.13
attention,128,2048,32,64,1,2764.42
attention,128,2048,32,128,1,2731.43
attention,128,2048,32,256,1,2675.24
attention,128,2048,32,512,1,2465
attention,128,2048,32,1024,1,2092.18
attention,128,2048,32,2048,1,1718.31
attention,128,2048,32,4096,1,1699.54
attention,128,2048,32,8192,1,1732.67
attention,128,2048,32,16384,1,1758.39
attention,128,2048,64,16,1,4539.17
attention,128,2048,64,32,1,4527.31
attention,128,2048,64,64,1,4508.34
attention,128,2048,64,128,1,4428.66
attention,128,2048,64,256,1,4211.55
attention,128,2048,64,512,1,3822.74
attention,128,2048,64,1024,1,3067.72
attention,128,2048,64,2048,1,2081.97
attention,128,2048,64,4096,1,2112.58
attention,128,2048,64,8192,1,2129.32
attention,128,2048,64,16384,1,2153.8
attention,128,2048,128,16,1,8008.04
attention,128,2048,128,32,1,7542.33
attention,128,2048,128,64,1,7597.9
attention,128,2048,128,128,1,7423.57
attention,128,2048,128,256,1,7159.06
attention,128,2048,128,512,1,6277.94
attention,128,2048,128,1024,1,4880.79
attention,128,2048,128,2048,1,2505.7
attention,128,2048,128,4096,1,2521.94
attention,128,2048,128,8192,1,2570.45
attention,128,2048,128,16384,1,2566.58
attention,128,4096,0,0,1,1265.5
attention,128,4096,1,16,1,1295.39
attention,128,4096,1,32,1,1320.99
attention,128,4096,1,64,1,1323.43
attention,128,4096,1,128,1,1316.94
attention,128,4096,1,256,1,1340.71
attention,128,4096,1,512,1,1320.61
attention,128,4096,1,1024,1,1296.62
attention,128,4096,1,2048,1,1329.75
attention,128,4096,1,4096,1,1341.72
attention,128,4096,1,8192,1,1309.88
attention,128,4096,1,16384,1,1344.14
attention,128,4096,2,16,1,1342.86
attention,128,4096,2,32,1,1295.68
attention,128,4096,2,64,1,1318.07
attention,128,4096,2,128,1,1321.42
attention,128,4096,2,256,1,1340.91
attention,128,4096,2,512,1,1309.22
attention,128,4096,2,1024,1,1296.23
attention,128,4096,2,2048,1,1335.08
attention,128,4096,2,4096,1,1329.92
attention,128,4096,2,8192,1,1339.03
attention,128,4096,2,16384,1,1313.51
attention,128,4096,4,16,1,1297.59
attention,128,4096,4,32,1,1325.16
attention,128,4096,4,64,1,1315.05
attention,128,4096,4,128,1,1326.7
attention,128,4096,4,256,1,1297.91
attention,128,4096,4,512,1,1295.97
attention,128,4096,4,1024,1,1318.43
attention,128,4096,4,2048,1,1330.12
attention,128,4096,4,4096,1,1341.14
attention,128,4096,4,8192,1,1321.36
attention,128,4096,4,16384,1,1354.48
attention,128,4096,8,16,1,1519.27
attention,128,4096,8,32,1,1533.49
attention,128,4096,8,64,1,1528.27
attention,128,4096,8,128,1,1515.15
attention,128,4096,8,256,1,1551.15
attention,128,4096,8,512,1,1483.8
attention,128,4096,8,1024,1,1458.74
attention,128,4096,8,2048,1,1327.14
attention,128,4096,8,4096,1,1317.36
attention,128,4096,8,8192,1,1331.15
attention,128,4096,8,16384,1,1331.92
attention,128,4096,16,16,1,1931.35
attention,128,4096,16,32,1,1921.66
attention,128,4096,16,64,1,1958.51
attention,128,4096,16,128,1,1900.03
attention,128,4096,16,256,1,1884.16
attention,128,4096,16,512,1,1790.66
attention,128,4096,16,1024,1,1663.4
attention,128,4096,16,2048,1,1680.59
attention,128,4096,16,4096,1,1674.79
attention,128,4096,16,8192,1,1657.5
attention,128,4096,16,16384,1,1690.52
attention,128,4096,32,16,1,2800.99
attention,128,4096,32,32,1,2805.43
attention,128,4096,32,64,1,2651.56
attention,128,4096,32,128,1,2624.36
attention,128,4096,32,256,1,2594.74
attention,128,4096,32,512,1,2412.55
attention,128,4096,32,1024,1,2095.13
attention,128,4096,32,2048,1,1705.92
attention,128,4096,32,4096,1,1720.82
attention,128,4096,32,8192,1,1726.89
attention,128,4096,32,16384,1,1764.53
attention,128,4096,64,16,1,4392.05
attention,128,4096,64,32,1,4466.63
attention,128,4096,64,64,1,4485.56
attention,128,4096,64,128,1,4267.04
attention,128,4096,64,256,1,4110.93
attention,128,4096,64,512,1,3743.59
attention,128,4096,64,1024,1,3050.84
attention,128,4096,64,2048,1,2058.61
attention,128,4096,64,4096,1,2088.32
attention,128,4096,64,8192,1,2095.05
attention,128,4096,64,16384,1,2151.59
attention,128,4096,128,16,1,7579.2
attention,128,4096,128,32,1,7827.41
attention,128,4096,128,64,1,7763.91
attention,128,4096,128,128,1,7277.54
attention,128,4096,128,256,1,6911.06
attention,128,4096,128,512,1,6251.32
attention,128,4096,128,1024,1,4819.67
attention,128,4096,128,2048,1,2514.74
attention,128,4096,128,4096,1,2542.72
attention,128,4096,128,8192,1,2552.79
attention,128,4096,128,16384,1,2569.14
attention,128,8192,0,0,1,1294.47
attention,128,8192,1,16,1,1324.63
attention,128,8192,1,32,1,1295.99
attention,128,8192,1,64,1,1343.09
attention,128,8192,1,128,1,1298.06
attention,128,8192,1,256,1,1320.7
attention,128,8192,1,512,1,1296.83
attention,128,8192,1,1024,1,1320.68
attention,128,8192,1,2048,1,1311.13
attention,128,8192,1,4096,1,1322.29
attention,128,8192,1,8192,1,1322.2
attention,128,8192,1,16384,1,1340.12
attention,128,8192,2,16,1,1306.65
attention,128,8192,2,32,1,1304.45
attention,128,8192,2,64,1,1325.79
attention,128,8192,2,128,1,1292.55
attention,128,8192,2,256,1,1314.7
attention,128,8192,2,512,1,1329.33
attention,128,8192,2,1024,1,1309.75
attention,128,8192,2,2048,1,1317.63
attention,128,8192,2,4096,1,1323.13
attention,128,8192,2,8192,1,1322.63
attention,128,8192,2,16384,1,1313.1
attention,128,8192,4,16,1,1345.34
attention,128,8192,4,32,1,1298.12
attention,128,8192,4,64,1,1297.67
attention,128,8192,4,128,1,1317.53
attention,128,8192,4,256,1,1315.83
attention,128,8192,4,512,1,1325.48
attention,128,8192,4,1024,1,1319.98
attention,128,8192,4,2048,1,1336.67
attention,128,8192,4,4096,1,1330.55
attention,128,8192,4,8192,1,1327.54
attention,128,8192,4,16384,1,1357.25
attention,128,8192,8,16,1,1532.37
attention,128,8192,8,32,1,1534.21
attention,128,8192,8,64,1,1532.1
attention,128,8192,8,128,1,1529.14
attention,128,8192,8,256,1,1500.13
attention,128,8192,8,512,1,1482.98
attention,128,8192,8,1024,1,1420.07
attention,128,8192,8,2048,1,1313.13
attention,128,8192,8,4096,1,1334.03
attention,128,8192,8,8192,1,1352.02
attention,128,8192,8,16384,1,1359.83
attention,128,8192,16,16,1,1931.44
attention,128,8192,16,32,1,1917.31
attention,128,8192,16,64,1,1913.39
attention,128,8192,16,128,1,1901.58
attention,128,8192,16,256,1,1903.74
attention,128,8192,16,512,1,1798.67
attention,128,8192,16,1024,1,1669.69
attention,128,8192,16,2048,1,1686.35
attention,128,8192,16,4096,1,1719.41
attention,128,8192,16,8192,1,1704.66
attention,128,8192,16,16384,1,1684.54
attention,128,8192,32,16,1,2726.03
attention,128,8192,32,32,1,2807.04
attention,128,8192,32,64,1,2700.18
attention,128,8192,32,128,1,2737.02
attention,128,8192,32,256,1,2582.54
attention,128,8192,32,512,1,2450.75
attention,128,8192,32,1024,1,2088.76
attention,128,8192,32,2048,1,1676.05
attention,128,8192,32,4096,1,1699.31
attention,128,8192,32,8192,1,1731.19
attention,128,8192,32,16384,1,1758.55
attention,128,8192,64,16,1,4557.87
attention,128,8192,64,32,1,4380.13
attention,128,8192,64,64,1,4513.84
attention,128,8192,64,128,1,4252.92
attention,128,8192,64,256,1,4096.95
attention,128,8192,64,512,1,3733.19
attention,128,8192,64,1024,1,2996
attention,128,8192,64,2048,1,2109.98
attention,128,8192,64,4096,1,2091.47
attention,128,8192,64,8192,1,2147.53
attention,128,8192,64,16384,1,2132.55
attention,128,8192,128,16,1,8022.13
attention,128,8192,128,32,1,7659.12
attention,128,8192,128,64,1,7600.07
attention,128,8192,128,128,1,7418.24
attention,128,8192,128,256,1,7018.67
attention,128,8192,128,512,1,6198.06
attention,128,8192,128,1024,1,4742.63
attention,128,8192,128,2048,1,2478.75
attention,128,8192,128,4096,1,2484.06
attention,128,8192,128,8192,1,2552.73
attention,128,8192,128,16384,1,2543.2
attention,128,16384,0,0,1,1314.86
attention,128,16384,1,16,1,1329.98
attention,128,16384,1,32,1,1315.41
attention,128,16384,1,64,1,1328.29
attention,128,16384,1,128,1,1314.95
attention,128,16384,1,256,1,1299.16
attention,128,16384,1,512,1,1350.42
attention,128,16384,1,1024,1,1350.71
attention,128,16384,1,2048,1,1350.88
attention,128,16384,1,4096,1,1339.66
attention,128,16384,1,8192,1,1359.33
attention,128,16384,1,16384,1,1338.63
attention,128,16384,2,16,1,1306.7
attention,128,16384,2,32,1,1312.96
attention,128,16384,2,64,1,1340.95
attention,128,16384,2,128,1,1348.04
attention,128,16384,2,256,1,1321.19
attention,128,16384,2,512,1,1347.46
attention,128,16384,2,1024,1,1318.22
attention,128,16384,2,2048,1,1337.1
attention,128,16384,2,4096,1,1344.67
attention,128,16384,2,8192,1,1344.69
attention,128,16384,2,16384,1,1359.28
attention,128,16384,4,16,1,1348.47
attention,128,16384,4,32,1,1317.92
attention,128,16384,4,64,1,1345.04
attention,128,16384,4,128,1,1318.44
attention,128,16384,4,256,1,1339.44
attention,128,16384,4,512,1,1340.43
attention,128,16384,4,1024,1,1333.52
attention,128,16384,4,2048,1,1346.75
attention,128,16384,4,4096,1,1330.3
attention,128,16384,4,8192,1,1333.38
attention,128,16384,4,16384,1,1324.54
attention,128,16384,8,16,1,1533.71
attention,128,16384,8,32,1,1521.7
attention,128,16384,8,64,1,1550.23
attention,128,16384,8,128,1,1542.28
attention,128,16384,8,256,1,1533.38
attention,128,16384,8,512,1,1489.25
attention,128,16384,8,1024,1,1435.04
attention,128,16384,8,2048,1,1347.9
attention,128,16384,8,4096,1,1347.02
attention,128,16384,8,8192,1,1339.41
attention,128,16384,8,16384,1,1338.84
attention,128,16384,16,16,1,1949.83
attention,128,16384,16,32,1,1927.32
attention,128,16384,16,64,1,1941.67
attention,128,16384,16,128,1,1936.59
attention,128,16384,16,256,1,1842.75
attention,128,16384,16,512,1,1799.48
attention,128,16384,16,1024,1,1679.72
attention,128,16384,16,2048,1,1719.67
attention,128,16384,16,4096,1,1705.48
attention,128,16384,16,8192,1,1678.33
attention,128,16384,16,16384,1,1715.17
attention,128,16384,32,16,1,2787.47
attention,128,16384,32,32,1,2799.99
attention,128,16384,32,64,1,2736.24
attention,128,16384,32,128,1,2749.79
attention,128,16384,32,256,1,2655.07
attention,128,16384,32,512,1,2411.24
attention,128,16384,32,1024,1,2100.51
attention,128,16384,32,2048,1,1743.37
attention,128,16384,32,4096,1,1705.64
attention,128,16384,32,8192,1,1712.51
attention,128,16384,32,16384,1,1723.21
attention,128,16384,64,16,1,4568.43
attention,128,16384,64,32,1,4542.36
attention,128,16384,64,64,1,4488.49
attention,128,16384,64,128,1,4320.98
attention,128,16384,64,256,1,4162.33
attention,128,16384,64,512,1,3867.59
attention,128,16384,64,1024,1,2986.42
attention,128,16384,64,2048,1,2082.17
attention,128,16384,64,4096,1,2118.6
attention,128,16384,64,8192,1,2129.54
attention,128,16384,64,16384,1,2117.24
attention,128,16384,128,16,1,8020.29
attention,128,16384,128,32,1,7848.05
attention,128,16384,128,64,1,7474.09
attention,128,16384,128,128,1,7559.17
attention,128,16384,128,256,1,7023.32
attention,128,16384,128,512,1,6337.03
attention,128,16384,128,1024,1,4696.98
attention,128,16384,128,2048,1,2486.08
attention,128,16384,128,4096,1,2520.01
attention,128,16384,128,8192,1,2536.16
attention,128,16384,128,16384,1,2544.89
attention,256,0,0,0,1,12872
attention,256,0,1,16,1,13002.5
attention,256,0,1,32,1,12975.3
attention,256,0,1,64,1,12790.3
attention,256,0,1,128,1,12994.4
attention,256,0,1,256,1,12981.5
attention,256,0,1,512,1,12872.1
attention,256,0,1,1024,1,13058.3
attention,256,0,1,2048,1,12878.6
attention,256,0,1,4096,1,12945.1
attention,256,0,1,8192,1,12787.4
attention,256,0,1,16384,1,12929
attention,256,0,2,16,1,13027.4
attention,256,0,2,32,1,12847.7
attention,256,0,2,64,1,12855.2
attention,256,0,2,128,1,12969.8
attention,256,0,2,256,1,13021.2
attention,256,0,2,512,1,12732.9
attention,256,0,2,1024,1,13037.1
attention,256,0,2,2048,1,13105.5
attention,256,0,2,4096,1,12907.1
attention,256,0,2,8192,1,12768.3
attention,256,0,2,16384,1,12936
attention,256,0,4,16,1,13114
attention,256,0,4,32,1,12995.8
attention,256,0,4,64,1,13105.9
attention,256,0,4,128,1,13210.7
attention,256,0,4,256,1,13077.4
attention,256,0,4,512,1,12896.5
attention,256,0,4,1024,1,13108.8
attention,256,0,4,2048,1,12952.8
attention,256,0,4,4096,1,13199.9
attention,256,0,4,8192,1,12798.7
attention,256,0,4,16384,1,13022.8
attention,256,0,8,16,1,13211.6
attention,256,0,8,32,1,13181.2
attention,256,0,8,64,1,13118.5
attention,256,0,8,128,1,13302.4
attention,256,0,8,256,1,13223.7
attention,256,0,8,512,1,13139.6
attention,256,0,8,1024,1,13051.9
attention,256,0,8,2048,1,12727.1
attention,256,0,8,4096,1,12914.9
attention,256,0,8,8192,1,12926.5
attention,256,0,8,16384,1,12910.5
attention,256,0,16,16,1,13509.8
attention,256,0,16,32,1,13733.1
attention,256,0,16,64,1,13661.6
attention,256,0,16,128,1,13472.6
attention,256,0,16,256,1,13682.8
attention,256,0,16,512,1,13481.3
attention,256,0,16,1024,1,13251.6
attention,256,0,16,2048,1,12813.9
attention,256,0,16,4096,1,12977.7
attention,256,0,16,8192,1,12975.4
attention,256,0,16,16384,1,12838.4
attention,256,0,32,16,1,14325.2
attention,256,0,32,32,1,14639.6
attention,256,0,32,64,1,14362
attention,256,0,32,128,1,14418.9
attention,256,0,32,256,1,14264.1
attention,256,0,32,512,1,14016.4
attention,256,0,32,1024,1,13790.5
attention,256,0,32,2048,1,12950.3
attention,256,0,32,4096,1,12864.2
attention,256,0,32,8192,1,12961.6
attention,256,0,32,16384,1,12731.9
attention,256,0,64,16,1,16141.6
attention,256,0,64,32,1,16136.2
attention,256,0,64,64,1,16025.3
attention,256,0,64,128,1,16020.3
attention,256,0,64,256,1,15799
attention,256,0,64,512,1,15249.1
attention,256,0,64,1024,1,14747
attention,256,0,64,2048,1,13238.9
attention,256,0,64,4096,1,13287.6
attention,256,0,64,8192,1,13152.5
attention,256,0,64,16384,1,13084.8
attention,256,0,128,16,1,19372.9
attention,256,0,128,32,1,19296.6
attention,256,0,128,64,1,19060.6
attention,256,0,128,128,1,18991.9
attention,256,0,128,256,1,18785.9
attention,256,0,128,512,1,17934.4
attention,256,0,128,1024,1,16582.1
attention,256,0,128,2048,1,13707.6
attention,256,0,128,4096,1,13691.3
attention,256,0,128,8192,1,13888
attention,256,0,128,16384,1,14422
attention,256,16,0,0,1,12770.6
attention,256,16,1,16,1,12747.2
attention,256,16,1,32,1,12870.9
attention,256,16,1,64,1,12950
attention,256,16,1,128,1,12772.3
attention,256,16,1,256,1,12875.9
attention,256,16,1,512,1,12792.2
attention,256,16,1,1024,1,12789.8
attention,256,16,1,2048,1,12668.5
attention,256,16,1,4096,1,12826.1
attention,256,16,1,8192,1,12628
attention,256,16,1,16384,1,12756.9
attention,256,16,2,16,1,12805.5
attention,256,16,2,32,1,12814.4
attention,256,16,2,64,1,12746.2
attention,256,16,2,128,1,12769.5
attention,256,16,2,256,1,12829.7
attention,256,16,2,512,1,12905.2
attention,256,16,2,1024,1,12826.6
attention,256,16,2,2048,1,12701.2
attention,256,16,2,4096,1,12830.9
attention,256,16,2,8192,1,12966.6
attention,256,16,2,16384,1,12851.6
attention,256,16,4,16,1,13095.8
attention,256,16,4,32,1,13087
attention,256,16,4,64,1,12887.7
attention,256,16,4,128,1,13093.2
attention,256,16,4,256,1,12912.8
attention,256,16,4,512,1,13035.2
attention,256,16,4,1024,1,12797.9
attention,256,16,4,2048,1,12751.9
attention,256,16,4,4096,1,12660.4
attention,256,16,4,8192,1,12707.7
attention,256,16,4,16384,1,12765.7
attention,256,16,8,16,1,13206.8
attention,256,16,8,32,1,13228.8
attention,256,16,8,64,1,13226
attention,256,16,8,128,1,13031.4
attention,256,16,8,256,1,13181.3
attention,256,16,8,512,1,13160.7
attention,256,16,8,1024,1,13027.3
attention,256,16,8,2048,1,12857.4
attention,256,16,8,4096,1,12806.3
attention,256,16,8,8192,1,12768.4
attention,256,16,8,16384,1,12866.7
attention,256,16,16,16,1,13578.1
attention,256,16,16,32,1,13486.9
attention,256,16,16,64,1,13439
attention,256,16,16,128,1,13597.5
attention,256,16,16,256,1,13422.2
attention,256,16,16,512,1,13168
attention,256,16,16,1024,1,13053.8
attention,256,16,16,2048,1,12969.8
attention,256,16,16,4096,1,12812.8
attention,256,16,16,8192,1,12711.5
attention,256,16,16,16384,1,12891.2
attention,256,16,32,16,1,14350.5
attention,256,16,32,32,1,14250.7
attention,256,16,32,64,1,14389.3
attention,256,16,32,128,1,14224.4
attention,256,16,32,256,1,14291.6
attention,256,16,32,512,1,14240
attention,256,16,32,1024,1,13706.3
attention,256,16,32,2048,1,12656.8
attention,256,16,32,4096,1,12865.2
attention,256,16,32,8192,1,12950
attention,256,16,32,16384,1,12766.4
attention,256,16,64,16,1,15904
attention,256,16,64,32,1,15951.5
attention,256,16,64,64,1,15955.5
attention,256,16,64,128,1,15982.8
attention,256,16,64,256,1,15614.8
attention,256,16,64,512,1,15184.9
attention,256,16,64,1024,1,14500.9
attention,256,16,64,2048,1,12907.5
attention,256,16,64,4096,1,13046.8
attention,256,16,64,8192,1,12982.4
attention,256,16,64,16384,1,13453.4
attention,256,16,128,16,1,19217.1
attention,256,16,128,32,1,19399.6
attention,256,16,128,64,1,19397.5
attention,256,16,128,128,1,18879.2
attention,256,16,128,256,1,18521.5
attention,256,16,128,512,1,17680.2
attention,256,16,128,1024,1,16196.1
attention,256,16,128,2048,1,13615.9
attention,256,16,128,4096,1,13556.3
attention,256,16,128,8192,1,13754
attention,256,16,128,16384,1,14332.2
attention,256,32,0,0,1,12742.9
attention,256,32,1,16,1,12842.4
attention,256,32,1,32,1,12781.9
attention,256,32,1,64,1,12830.7
attention,256,32,1,128,1,12785.7
attention,256,32,1,256,1,12731.8
attention,256,32,1,512,1,12714.7
attention,256,32,1,1024,1,12601.8
attention,256,32,1,2048,1,12692.7
attention,256,32,1,4096,1,12727.2
attention,256,32,1,8192,1,12509.9
attention,256,32,1,16384,1,12648.2
attention,256,32,2,16,1,12692.6
attention,256,32,2,32,1,13097.2
attention,256,32,2,64,1,12752.2
attention,256,32,2,128,1,12799.4
attention,256,32,2,256,1,13036.9
attention,256,32,2,512,1,12860.7
attention,256,32,2,1024,1,12754.6
attention,256,32,2,2048,1,12734.4
attention,256,32,2,4096,1,12732.9
attention,256,32,2,8192,1,12626.2
attention,256,32,2,16384,1,12490.3
attention,256,32,4,16,1,12753.5
attention,256,32,4,32,1,12865.6
attention,256,32,4,64,1,12864.7
attention,256,32,4,128,1,12773.5
attention,256,32,4,256,1,12815.9
attention,256,32,4,512,1,12906.6
attention,256,32,4,1024,1,12671.4
attention,256,32,4,2048,1,13003.7
attention,256,32,4,4096,1,12467.2
attention,256,32,4,8192,1,12643.1
attention,256,32,4,16384,1,12668.8
attention,256,32,8,16,1,13020.8
attention,256,32,8,32,1,12986.4
attention,256,32,8,64,1,12877.9
attention,256,32,8,128,1,13076.3
attention,256,32,8,256,1,13129.9
attention,256,32,8,512,1,12801.8
attention,256,32,8,1024,1,12935.1
attention,256,32,8,2048,1,12597.6
attention,256,32,8,4096,1,12692
attention,256,32,8,8192,1,12681.2
attention,256,32,8,16384,1,12620.4
attention,256,32,16,16,1,13291
attention,256,32,16,32,1,13241
attention,256,32,16,64,1,13583.2
attention,256,32,16,128,1,13401.9
attention,256,32,16,256,1,13368.5
attention,256,32,16,512,1,13222.9
attention,256,32,16,1024,1,13388.1
attention,256,32,16,2048,1,12744.3
attention,256,32,16,4096,1,12776.2
attention,256,32,16,8192,1,12712.5
attention,256,32,16,16384,1,12522.9
attention,256,32,32,16,1,14314.9
attention,256,32,32,32,1,14098.9
attention,256,32,32,64,1,14195.5
attention,256,32,32,128,1,14285.7
attention,256,32,32,256,1,13907.7
attention,256,32,32,512,1,13868.2
attention,256,32,32,1024,1,13490.5
attention,256,32,32,2048,1,12753.3
attention,256,32,32,4096,1,12758
attention,256,32,32,8192,1,13176.2
attention,256,32,32,16384,1,12984.2
attention,256,32,64,16,1,15891.8
attention,256,32,64,32,1,16005.3
attention,256,32,64,64,1,15767.3
attention,256,32,64,128,1,15632.7
attention,256,32,64,256,1,15553.7
attention,256,32,64,512,1,15180
attention,256,32,64,1024,1,14175
attention,256,32,64,2048,1,12915.9
attention,256,32,64,4096,1,12867.8
attention,256,32,64,8192,1,12858
attention,256,32,64,16384,1,12931
attention,256,32,128,16,1,19223.9
attention,256,32,128,32,1,19295.2
attention,256,32,128,64,1,18961.8
attention,256,32,128,128,1,18939.5
attention,256,32,128,256,1,18459.6
attention,256,32,128,512,1,17697.8
attention,256,32,128,1024,1,16152.3
attention,256,32,128,2048,1,13462.8
attention,256,32,128,4096,1,13459.6
attention,256,32,128,8192,1,13865.3
attention,256,32,128,16384,1,14232.2
attention,256,64,0,0,1,12550.2
attention,256,64,1,16,1,12388.7
attention,256,64,1,32,1,12485.2
attention,256,64,1,64,1,12572.2
attention,256,64,1,128,1,12547.7
attention,256,64,1,256,1,12756.7
attention,256,64,1,512,1,12532.6
attention,256,64,1,1024,1,12696.5
attention,256,64,1,2048,1,12520.2
attention,256,64,1,4096,1,12657.7
attention,256,64,1,8192,1,12441.4
attention,256,64,1,16384,1,12489.6
attention,256,64,2,16,1,12465.7
attention,256,64,2,32,1,12637.9
attention,256,64,2,64,1,12655.1
attention,256,64,2,128,1,12653.5
attention,256,64,2,256,1,12458
attention,256,64,2,512,1,12518.2
attention,256,64,2,1024,1,12604.1
attention,256,64,2,2048,1,12505.3
attention,256,64,2,4096,1,12560.6
attention,256,64,2,8192,1,12449.2
attention,256,64,2,16384,1,12451.9
attention,256,64,4,16,1,12518
attention,256,64,4,32,1,12640.9
attention,256,64,4,64,1,12835
attention,256,64,4,128,1,12607.7
attention,256,64,4,256,1,12601.5
attention,256,64,4,512,1,12630.6
attention,256,64,4,1024,1,12641
attention,256,64,4,2048,1,12687.3
attention,256,64,4,4096,1,12377.6
attention,256,64,4,8192,1,12394.7
attention,256,64,4,16384,1,12427.7
attention,256,64,8,16,1,12824.1
attention,256,64,8,32,1,12796.9
attention,256,64,8,64,1,12845.5
attention,256,64,8,128,1,12725.5
attention,256,64,8,256,1,12694.9
attention,256,64,8,512,1,12593.6
attention,256,64,8,1024,1,12714.9
attention,256,64,8,2048,1,12630.9
attention,256,64,8,4096,1,12484.6
attention,256,64,8,8192,1,12451.5
attention,256,64,8,16384,1,12580.9
attention,256,64,16,16,1,13127.5
attention,256,64,16,32,1,13055.8
attention,256,64,16,64,1,13121
attention,256,64,16,128,1,13247.8
attention,256,64,16,256,1,13107.9
attention,256,64,16,512,1,13125.1
attention,256,64,16,1024,1,12917.2
attention,256,64,16,2048,1,12605.5
attention,256,64,16,4096,1,12507.9
attention,256,64,16,8192,1,12533.2
attention,256,64,16,16384,1,12342.9
attention,256,64,32,16,1,14043.6
attention,256,64,32,32,1,14114
attention,256,64,32,64,1,13840.1
attention,256,64,32,128,1,14042.7
attention,256,64,32,256,1,13713.6
attention,256,64,32,512,1,13665.8
attention,256,64,32,1024,1,13139.2
attention,256,64,32,2048,1,12515
attention,256,64,32,4096,1,12601.3
attention,256,64,32,8192,1,12644.2
attention,256,64,32,16384,1,12403.6
attention,256,64,64,16,1,15509.3
attention,256,64,64,32,1,15541.9
attention,256,64,64,64,1,15526.5
attention,256,64,64,128,1,15502.7
attention,256,64,64,256,1,15263.5
attention,256,64,64,512,1,14876.5
attention,256,64,64,1024,1,14111.8
attention,256,64,64,2048,1,12705.5
attention,256,64,64,4096,1,12651.2
attention,256,64,64,8192,1,12592.7
attention,256,64,64,16384,1,12788
attention,256,64,128,16,1,18935.2
attention,256,64,128,32,1,19118.7
attention,256,64,128,64,1,18710.8
attention,256,64,128,128,1,18534.5
attention,256,64,128,256,1,18144.1
attention,256,64,128,512,1,17625.3
attention,256,64,128,1024,1,15828.1
attention,256,64,128,2048,1,13289.1
attention,256,64,128,4096,1,13292.2
attention,256,64,128,8192,1,13550.6
attention,256,64,128,16384,1,13537.7
attention,256,128,0,0,1,12003.3
attention,256,128,1,16,1,12314.7
attention,256,128,1,32,1,11998.5
attention,256,128,1,64,1,12122.1
attention,256,128,1,128,1,12044.1
attention,256,128,1,256,1,12188.5
attention,256,128,1,512,1,12147.2
attention,256,128,1,1024,1,12226.5
attention,256,128,1,2048,1,12224.6
attention,256,128,1,4096,1,12078.8
attention,256,128,1,8192,1,12072.1
attention,256,128,1,16384,1,12233.4
attention,256,128,2,16,1,12068.5
attention,256,128,2,32,1,12224.6
attention,256,128,2,64,1,12345.4
attention,256,128,2,128,1,12095
attention,256,128,2,256,1,12212.6
attention,256,128,2,512,1,12250.4
attention,256,128,2,1024,1,12260
attention,256,128,2,2048,1,12062.4
attention,256,128,2,4096,1,12180
attention,256,128,2,8192,1,12192.6
attention,256,128,2,16384,1,12134.6
attention,256,128,4,16,1,12200.7
attention,256,128,4,32,1,12318.5
attention,256,128,4,64,1,12227.2
attention,256,128,4,128,1,12338.8
attention,256,128,4,256,1,12191.3
attention,256,128,4,512,1,12282.1
attention,256,128,4,1024,1,12307.7
attention,256,128,4,2048,1,12127.5
attention,256,128,4,4096,1,12198.8
attention,256,128,4,8192,1,12084.6
attention,256,128,4,16384,1,12095.4
attention,256,128,8,16,1,12367.7
attention,256,128,8,32,1,12459.3
attention,256,128,8,64,1,12539.1
attention,256,128,8,128,1,12477.9
attention,256,128,8,256,1,12444.1
attention,256,128,8,512,1,12283
attention,256,128,8,1024,1,12330.8
attention,256,128,8,2048,1,12322.5
attention,256,128,8,4096,1,12179
attention,256,128,8,8192,1,12281.8
attention,256,128,8,16384,1,12030.3
attention,256,128,16,16,1,12793
attention,256,128,16,32,1,12709.5
attention,256,128,16,64,1,12817.3
attention,256,128,16,128,1,12926.2
attention,256,128,16,256,1,12822.7
attention,256,128,16,512,1,12513.8
attention,256,128,16,1024,1,12560.3
attention,256,128,16,2048,1,12252.1
attention,256,128,16,4096,1,12250.5
attention,256,128,16,8192,1,11981.6
attention,256,128,16,16384,1,12215.3
attention,256,128,32,16,1,13734.6
attention,256,128,32,32,1,13666.2
attention,256,128,32,64,1,13553
attention,256,128,32,128,1,13623.2
attention,256,128,32,256,1,13572.6
attention,256,128,32,512,1,13214.5
attention,256,128,32,1024,1,13065
attention,256,128,32,2048,1,12089.8
attention,256,128,32,4096,1,12083.4
attention,256,128,32,8192,1,12162.4
attention,256,128,32,16384,1,12041.8
attention,256,128,64,16,1,15331.4
attention,256,128,64,32,1,15128.8
attention,256,128,64,64,1,15259.4
attention,256,128,64,128,1,15199.9
attention,256,128,64,256,1,14955
attention,256,128,64,512,1,14702.5
attention,256,128,64,1024,1,13658.2
attention,256,128,64,2048,1,12529.7
attention,256,128,64,4096,1,12231.9
attention,256,128,64,8192,1,12225.8
attention,256,128,64,16384,1,12553.2
attention,256,128,128,16,1,18444.9
attention,256,128,128,32,1,18417.3
attention,256,128,128,64,1,18299.5
attention,256,128,128,128,1,18246.9
attention,256,128,128,256,1,17760.3
attention,256,128,128,512,1,16959.6
attention,256,128,128,1024,1,15449.9
attention,256,128,128,2048,1,13085.1
attention,256,128,128,4096,1,12944.2
attention,256,128,128,8192,1,13149.7
attention,256,128,128,16384,1,13471.6
attention,256,256,0,0,1,11318.3
attention,256,256,1,16,1,11377.1
attention,256,256,1,32,1,11246.4
attention,256,256,1,64,1,11267.4
attention,256,256,1,128,1,11426.4
attention,256,256,1,256,1,11223.8
attention,256,256,1,512,1,11378
attention,256,256,1,1024,1,11282.4
attention,256,256,1,2048,1,11430.4
attention,256,256,1,4096,1,11320
attention,256,256,1,8192,1,11539.1
attention,256,256,1,16384,1,11253.6
attention,256,256,2,16,1,11488.2
attention,256,256,2,32,1,11533.9
attention,256,256,2,64,1,11237.5
attention,256,256,2,128,1,11461.1
attention,256,256,2,256,1,11392.1
attention,256,256,2,512,1,11516.7
attention,256,256,2,1024,1,11181.9
attention,256,256,2,2048,1,11322.7
attention,256,256,2,4096,1,11312.8
attention,256,256,2,8192,1,11378.7
attention,256,256,2,16384,1,11191.7
attention,256,256,4,16,1,11454.7
attention,256,256,4,32,1,11470.9
attention,256,256,4,64,1,11577.2
attention,256,256,4,128,1,11505.2
attention,256,256,4,256,1,11378.7
attention,256,256,4,512,1,11448.5
attention,256,256,4,1024,1,11411.6
attention,256,256,4,2048,1,11336.8
attention,256,256,4,4096,1,11335.3
attention,256,256,4,8192,1,11562.6
attention,256,256,4,16384,1,11382.1
attention,256,256,8,16,1,11709.9
attention,256,256,8,32,1,11743.9
attention,256,256,8,64,1,11607.4
attention,256,256,8,128,1,11610.7
attention,256,256,8,256,1,11674.2
attention,256,256,8,512,1,11867.5
attention,256,256,8,1024,1,11564.4
attention,256,256,8,2048,1,11362.2
attention,256,256,8,4096,1,11212.1
attention,256,256,8,8192,1,11183.6
attention,256,256,8,16384,1,11344.5
attention,256,256,16,16,1,12086.9
attention,256,256,16,32,1,12197.5
attention,256,256,16,64,1,12049.5
attention,256,256,16,128,1,12025.1
attention,256,256,16,256,1,11982.4
attention,256,256,16,512,1,11750
attention,256,256,16,1024,1,11783.4
attention,256,256,16,2048,1,11384.7
attention,256,256,16,4096,1,11450
attention,256,256,16,8192,1,11365.6
attention,256,256,16,16384,1,11358.3
attention,256,256,32,16,1,12890.9
attention,256,256,32,32,1,13013.7
attention,256,256,32,64,1,12854.9
attention,256,256,32,128,1,12771.6
attention,256,256,32,256,1,12570.7
attention,256,256,32,512,1,12486.1
attention,256,256,32,1024,1,12053.1
attention,256,256,32,2048,1,11392.6
attention,256,256,32,4096,1,11352.6
attention,256,256,32,8192,1,11368.9
attention,256,256,32,16384,1,11480.9
attention,256,256,64,16,1,14478.9
attention,256,256,64,32,1,14572.2
attention,256,256,64,64,1,14527
attention,256,256,64,128,1,14413.2
attention,256,256,64,256,1,14230.8
attention,256,256,64,512,1,13710.7
attention,256,256,64,1024,1,12999.9
attention,256,256,64,2048,1,11606.1
attention,256,256,64,4096,1,11760.4
attention,256,256,64,8192,1,11715
attention,256,256,64,16384,1,12170.8
attention,256,256,128,16,1,17684.1
attention,256,256,128,32,1,17636.5
attention,256,256,128,64,1,17549.3
attention,256,256,128,128,1,17477.4
attention,256,256,128,256,1,17008.5
attention,256,256,128,512,1,16174.8
attention,256,256,128,1024,1,14768
attention,256,256,128,2048,1,12453.2
attention,256,256,128,4096,1,12147.1
attention,256,256,128,8192,1,12396.5
attention,256,256,128,16384,1,12619.5
attention,256,512,0,0,1,9835.12
attention,256,512,1,16,1,9887.76
attention,256,512,1,32,1,9871.47
attention,256,512,1,64,1,9942.15
attention,256,512,1,128,1,9985.3
attention,256,512,1,256,1,9714.34
attention,256,512,1,512,1,9813.49
attention,256,512,1,1024,1,9879.96
attention,256,512,1,2048,1,9694.09
attention,256,512,1,4096,1,9800.51
attention,256,512,1,8192,1,9916.72
attention,256,512,1,16384,1,9645.18
attention,256,512,2,16,1,9982.18
attention,256,512,2,32,1,9984.52
attention,256,512,2,64,1,9965.55
attention,256,512,2,128,1,9937.8
attention,256,512,2,256,1,9880.13
attention,256,512,2,512,1,9887.03
attention,256,512,2,1024,1,9748.16
attention,256,512,2,2048,1,9707.11
attention,256,512,2,4096,1,9854.55
attention,256,512,2,8192,1,9851.61
attention,256,512,2,16384,1,9608.45
attention,256,512,4,16,1,10139.9
attention,256,512,4,32,1,10065.2
attention,256,512,4,64,1,9860.71
attention,256,512,4,128,1,10308.7
attention,256,512,4,256,1,9866.43
attention,256,512,4,512,1,10064.8
attention,256,512,4,1024,1,9955.18
attention,256,512,4,2048,1,9891.83
attention,256,512,4,4096,1,9878.28
attention,256,512,4,8192,1,9611.46
attention,256,512,4,16384,1,9821.51
attention,256,512,8,16,1,10234.1
attention,256,512,8,32,1,10094.4
attention,256,512,8,64,1,10254.6
attention,256,512,8,128,1,10096.9
attention,256,512,8,256,1,10366
attention,256,512,8,512,1,10077.4
attention,256,512,8,1024,1,9888.9
attention,256,512,8,2048,1,9706
attention,256,512,8,4096,1,9759.77
attention,256,512,8,8192,1,9816.29
attention,256,512,8,16384,1,9803.14
attention,256,512,16,16,1,10486.3
attention,256,512,16,32,1,10522
attention,256,512,16,64,1,10467.5
attention,256,512,16,128,1,10660.6
attention,256,512,16,256,1,10429.2
attention,256,512,16,512,1,10266.7
attention,256,512,16,1024,1,10105.6
attention,256,512,16,2048,1,9911.4
attention,256,512,16,4096,1,9839.44
attention,256,512,16,8192,1,9671.67
attention,256,512,16,16384,1,9782.99
attention,256,512,32,16,1,11467.3
attention,256,512,32,32,1,11221.1
attention,256,512,32,64,1,11268.2
attention,256,512,32,128,1,11332.5
attention,256,512,32,256,1,11231.1
attention,256,512,32,512,1,11087.4
attention,256,512,32,1024,1,10518.7
attention,256,512,32,2048,1,9926.29
attention,256,512,32,4096,1,9807.29
attention,256,512,32,8192,1,10031.7
attention,256,512,32,16384,1,9721.44
attention,256,512,64,16,1,13036
attention,256,512,64,32,1,12982.2
attention,256,512,64,64,1,13037.9
attention,256,512,64,128,1,12751.2
attention,256,512,64,256,1,12778.3
attention,256,512,64,512,1,12229.4
attention,256,512,64,1024,1,11400.8
attention,256,512,64,2048,1,10176
attention,256,512,64,4096,1,10095.1
attention,256,512,64,8192,1,10279.7
attention,256,512,64,16384,1,10281
attention,256,512,128,16,1,16168.6
attention,256,512,128,32,1,16135.3
attention,256,512,128,64,1,16025.4
attention,256,512,128,128,1,15862.3
attention,256,512,128,256,1,15674.8
attention,256,512,128,512,1,14725.9
attention,256,512,128,1024,1,13112.6
attention,256,512,128,2048,1,10731.1
attention,256,512,128,4096,1,10616.2
attention,256,512,128,8192,1,10808.1
attention,256,512,128,16384,1,11208.9
attention,256,1024,0,0,1,6828.38
attention,256,1024,1,16,1,6998.36
attention,256,1024,1,32,1,6987.5
attention,256,1024,1,64,1,7003.3
attention,256,1024,1,128,1,6992.66
attention,256,1024,1,256,1,6845.69
attention,256,1024,1,512,1,7004.01
attention,256,1024,1,1024,1,6899.06
attention,256,1024,1,2048,1,6884.55
attention,256,1024,1,4096,1,6957.75
attention,256,1024,1,8192,1,6906.22
attention,256,1024,1,16384,1,6911.46
attention,256,1024,2,16,1,7228.7
attention,256,1024,2,32,1,7117.61
attention,256,1024,2,64,1,6917.52
attention,256,1024,2,128,1,6996.76
attention,256,1024,2,256,1,7100.59
attention,256,1024,2,512,1,7041.57
attention,256,1024,2,1024,1,6980.77
attention,256,1024,2,2048,1,6937.64
attention,256,1024,2,4096,1,6929.28
attention,256,1024,2,8192,1,6943.6
attention,256,1024,2,16384,1,6820.71
attention,256,1024,4,16,1,7222.25
attention,256,1024,4,32,1,7086.88
attention,256,1024,4,64,1,6991.25
attention,256,1024,4,128,1,7145.71
attention,256,1024,4,256,1,7182.98
attention,256,1024,4,512,1,7104.73
attention,256,1024,4,1024,1,6985.52
attention,256,1024,4,2048,1,6926.62
attention,256,1024,4,4096,1,6994.74
attention,256,1024,4,8192,1,7070.6
attention,256,1024,4,16384,1,6904.47
attention,256,1024,8,16,1,7374.36
attention,256,1024,8,32,1,7316.58
attention,256,1024,8,64,1,7372.35
attention,256,1024,8,128,1,7384.69
attention,256,1024,8,256,1,7232.4
attention,256,1024,8,512,1,7180.12
attention,256,1024,8,1024,1,7066.2
attention,256,1024,8,2048,1,6897.26
attention,256,1024,8,4096,1,7076.21
attention,256,1024,8,8192,1,7153.42
attention,256,1024,8,16384,1,6962.57
attention,256,1024,16,16,1,7747.21
attention,256,1024,16,32,1,7741.45
attention,256,1024,16,64,1,7573.59
attention,256,1024,16,128,1,7562.61
attention,256,1024,16,256,1,7663.73
attention,256,1024,16,512,1,7429.33
attention,256,1024,16,1024,1,7209.94
attention,256,1024,16,2048,1,7113.39
attention,256,1024,16,4096,1,7215.69
attention,256,1024,16,8192,1,7212
attention,256,1024,16,16384,1,7072.24
attention,256,1024,32,16,1,8419.43
attention,256,1024,32,32,1,8422.59
attention,256,1024,32,64,1,8491.8
attention,256,1024,32,128,1,8451.26
attention,256,1024,32,256,1,8375.22
attention,256,1024,32,512,1,8146.55
attention,256,1024,32,1024,1,7660.72
attention,256,1024,32,2048,1,7101.27
attention,256,1024,32,4096,1,7036.46
attention,256,1024,32,8192,1,7093.85
attention,256,1024,32,16384,1,7018.96
attention,256,1024,64,16,1,10214.1
attention,256,1024,64,32,1,10073.1
attention,256,1024,64,64,1,10013.1
attention,256,1024,64,128,1,9861.1
attention,256,1024,64,256,1,9801.88
attention,256,1024,64,512,1,9328.77
attention,256,1024,64,1024,1,8543.3
attention,256,1024,64,2048,1,7465.02
attention,256,1024,64,4096,1,7530.89
attention,256,1024,64,8192,1,7688.33
attention,256,1024,64,16384,1,7634.79
attention,256,1024,128,16,1,13374.5
attention,256,1024,128,32,1,13394.5
attention,256,1024,128,64,1,13481.9
attention,256,1024,128,128,1,13100.5
attention,256,1024,128,256,1,12690
attention,256,1024,128,512,1,11824.6
attention,256,1024,128,1024,1,10261.9
attention,256,1024,128,2048,1,7972.53
attention,256,1024,128,4096,1,8078.53
attention,256,1024,128,8192,1,8310.69
attention,256,1024,128,16384,1,8299.9
attention,256,2048,0,0,1,2435.72
attention,256,2048,1,16,1,2511.24
attention,256,2048,1,32,1,2518.23
attention,256,2048,1,64,1,2521.31
attention,256,2048,1,128,1,2514.81
attention,256,2048,1,256,1,2480.34
attention,256,2048,1,512,1,2483.63
attention,256,2048,1,1024,1,2483.14
attention,256,2048,1,2048,1,2527.17
attention,256,2048,1,4096,1,2524.46
attention,256,2048,1,8192,1,2528.62
attention,256,2048,1,16384,1,2496.55
attention,256,2048,2,16,1,2518.14
attention,256,2048,2,32,1,2482.34
attention,256,2048,2,64,1,2513.17
attention,256,2048,2,128,1,2479.4
attention,256,2048,2,256,1,2483.28
attention,256,2048,2,512,1,2515.88
attention,256,2048,2,1024,1,2515.25
attention,256,2048,2,2048,1,2507.69
attention,256,2048,2,4096,1,2494.3
attention,256,2048,2,8192,1,2496.54
attention,256,2048,2,16384,1,2504.15
attention,256,2048,4,16,1,2483.08
attention,256,2048,4,32,1,2501.48
attention,256,2048,4,64,1,2480.1
attention,256,2048,4,128,1,2480.41
attention,256,2048,4,256,1,2479.83
attention,256,2048,4,512,1,2519.57
attention,256,2048,4,1024,1,2521.39
attention,256,2048,4,2048,1,2494.22
attention,256,2048,4,4096,1,2529.88
attention,256,2048,4,8192,1,2492.74
attention,256,2048,4,16384,1,2531.07
attention,256,2048,8,16,1,2688.11
attention,256,2048,8,32,1,2669.5
attention,256,2048,8,64,1,2697.32
attention,256,2048,8,128,1,2712.97
attention,256,2048,8,256,1,2654.03
attention,256,2048,8,512,1,2676.83
attention,256,2048,8,1024,1,2599.79
attention,256,2048,8,2048,1,2497.11
attention,256,2048,8,4096,1,2526.63
attention,256,2048,8,8192,1,2514.28
attention,256,2048,8,16384,1,2540.12
attention,256,2048,16,16,1,3033.81
attention,256,2048,16,32,1,3067.37
attention,256,2048,16,64,1,3077.05
attention,256,2048,16,128,1,3033.18
attention,256,2048,16,256,1,3038.47
attention,256,2048,16,512,1,2937.76
attention,256,2048,16,1024,1,2815.32
attention,256,2048,16,2048,1,2507.41
attention,256,2048,16,4096,1,2509.73
attention,256,2048,16,8192,1,2512.29
attention,256,2048,16,16384,1,2520.57
attention,256,2048,32,16,1,3854.5
attention,256,2048,32,32,1,3817.92
attention,256,2048,32,64,1,3840.41
attention,256,2048,32,128,1,3825.16
attention,256,2048,32,256,1,3739.67
attention,256,2048,32,512,1,3596.94
attention,256,2048,32,1024,1,3266.78
attention,256,2048,32,2048,1,2865.86
attention,256,2048,32,4096,1,2867.28
attention,256,2048,32,8192,1,2873.84
attention,256,2048,32,16384,1,2878.43
attention,256,2048,64,16,1,5476.2
attention,256,2048,64,32,1,5546.5
attention,256,2048,64,64,1,5506.52
attention,256,2048,64,128,1,5341.9
attention,256,2048,64,256,1,5213.61
attention,256,2048,64,512,1,4878.39
attention,256,2048,64,1024,1,4140.56
attention,256,2048,64,2048,1,2913.94
attention,256,2048,64,4096,1,2919.1
attention,256,2048,64,8192,1,2919.63
attention,256,2048,64,16384,1,2925.19
attention,256,2048,128,16,1,8846.77
attention,256,2048,128,32,1,8866.65
attention,256,2048,128,64,1,8703.62
attention,256,2048,128,128,1,8604.94
attention,256,2048,128,256,1,8158.26
attention,256,2048,128,512,1,7341.72
attention,256,2048,128,1024,1,5839.44
attention,256,2048,128,2048,1,3750.36
attention,256,2048,128,4096,1,3754.52
attention,256,2048,128,8192,1,3761.28
attention,256,2048,128,16384,1,3751.28
attention,256,4096,0,0,1,2420.45
attention,256,4096,1,16,1,2492.94
attention,256,4096,1,32,1,2483.11
attention,256,4096,1,64,1,2482.55
attention,256,4096,1,128,1,2495.72
attention,256,4096,1,256,1,2481.34
attention,256,4096,1,512,1,2484.63
attention,256,4096,1,1024,1,2486.56
attention,256,4096,1,2048,1,2495.68
attention,256,4096,1,4096,1,2496.61
attention,256,4096,1,8192,1,2498.93
attention,256,4096,1,16384,1,2501.75
attention,256,4096,2,16,1,2484.34
attention,256,4096,2,32,1,2483.94
attention,256,4096,2,64,1,2492.93
attention,256,4096,2,128,1,2515.99
attention,256,4096,2,256,1,2483.67
attention,256,4096,2,512,1,2489.13
attention,256,4096,2,1024,1,2487.35
attention,256,4096,2,2048,1,2497.61
attention,256,4096,2,4096,1,2500.87
attention,256,4096,2,8192,1,2498.44
attention,256,4096,2,16384,1,2499.59
attention,256,4096,4,16,1,2485.6
attention,256,4096,4,32,1,2484.64
attention,256,4096,4,64,1,2485.23
attention,256,4096,4,128,1,2486.29
attention,256,4096,4,256,1,2485.1
attention,256,4096,4,512,1,2511.35
attention,256,4096,4,1024,1,2486.1
attention,256,4096,4,2048,1,2495.36
attention,256,4096,4,4096,1,2495.92
attention,256,4096,4,8192,1,2501.7
attention,256,4096,4,16384,1,2501.06
attention,256,4096,8,16,1,2672.92
attention,256,4096,8,32,1,2672.96
attention,256,4096,8,64,1,2676.68
attention,256,4096,8,128,1,2660.68
attention,256,4096,8,256,1,2670.62
attention,256,4096,8,512,1,2642.47
attention,256,4096,8,1024,1,2593.71
attention,256,4096,8,2048,1,2523.18
attention,256,4096,8,4096,1,2520.77
attention,256,4096,8,8192,1,2503.28
attention,256,4096,8,16384,1,2504.78
attention,256,4096,16,16,1,3029.81
attention,256,4096,16,32,1,3028.35
attention,256,4096,16,64,1,3064.54
attention,256,4096,16,128,1,3043.98
attention,256,4096,16,256,1,2993.95
attention,256,4096,16,512,1,2939.84
attention,256,4096,16,1024,1,2787.73
attention,256,4096,16,2048,1,2510.16
attention,256,4096,16,4096,1,2511.32
attention,256,4096,16,8192,1,2515.34
attention,256,4096,16,16384,1,2529.46
attention,256,4096,32,16,1,3849.04
attention,256,4096,32,32,1,3845.94
attention,256,4096,32,64,1,3877.52
attention,256,4096,32,128,1,3786.62
attention,256,4096,32,256,1,3704.16
attention,256,4096,32,512,1,3568.23
attention,256,4096,32,1024,1,3206.24
attention,256,4096,32,2048,1,2866.26
attention,256,4096,32,4096,1,2869.06
attention,256,4096,32,8192,1,2876.36
attention,256,4096,32,16384,1,2876.72
attention,256,4096,64,16,1,5537.76
attention,256,4096,64,32,1,5492.19
attention,256,4096,64,64,1,5443.18
attention,256,4096,64,128,1,5342.56
attention,256,4096,64,256,1,5157.69
attention,256,4096,64,512,1,4904.94
attention,256,4096,64,1024,1,4132.16
attention,256,4096,64,2048,1,2914.39
attention,256,4096,64,4096,1,2915.96
attention,256,4096,64,8192,1,2918.74
attention,256,4096,64,16384,1,2931.64
attention,256,4096,128,16,1,8774.96
attention,256,4096,128,32,1,8756.82
attention,256,4096,128,64,1,8636.02
attention,256,4096,128,128,1,8480.66
attention,256,4096,128,256,1,8143.61
attention,256,4096,128,512,1,7341.21
attention,256,4096,128,1024,1,5932.24
attention,256,4096,128,2048,1,3755.7
attention,256,4096,128,4096,1,3755.07
attention,256,4096,128,8192,1,3774.02
attention,256,4096,128,16384,1,3759.07
attention,256,8192,0,0,1,2448.27
attention,256,8192,1,16,1,2488.94
attention,256,8192,1,32,1,2487.77
attention,256,8192,1,64,1,2487.84
attention,256,8192,1,128,1,2487.43
attention,256,8192,1,256,1,2485.75
attention,256,8192,1,512,1,2488.25
attention,256,8192,1,1024,1,2509.79
attention,256,8192,1,2048,1,2502.4
attention,256,8192,1,4096,1,2525.85
attention,256,8192,1,8192,1,2499.97
attention,256,8192,1,16384,1,2506.8
attention,256,8192,2,16,1,2490.97
attention,256,8192,2,32,1,2491.06
attention,256,8192,2,64,1,2490.82
attention,256,8192,2,128,1,2489.06
attention,256,8192,2,256,1,2525.68
attention,256,8192,2,512,1,2489.74
attention,256,8192,2,1024,1,2493.8
attention,256,8192,2,2048,1,2500.43
attention,256,8192,2,4096,1,2502.34
attention,256,8192,2,8192,1,2504.49
attention,256,8192,2,16384,1,2500.92
attention,256,8192,4,16,1,2492.55
attention,256,8192,4,32,1,2493.4
attention,256,8192,4,64,1,2491.17
attention,256,8192,4,128,1,2492.4
attention,256,8192,4,256,1,2490.32
attention,256,8192,4,512,1,2509.85
attention,256,8192,4,1024,1,2492.76
attention,256,8192,4,2048,1,2532.51
attention,256,8192,4,4096,1,2502
attention,256,8192,4,8192,1,2497.4
attention,256,8192,4,16384,1,2507.07
attention,256,8192,8,16,1,2663.24
attention,256,8192,8,32,1,2667.67
attention,256,8192,8,64,1,2686.78
attention,256,8192,8,128,1,2678.04
attention,256,8192,8,256,1,2683.16
attention,256,8192,8,512,1,2630.99
attention,256,8192,8,1024,1,2592.11
attention,256,8192,8,2048,1,2507.7
attention,256,8192,8,4096,1,2502.89
attention,256,8192,8,8192,1,2510.62
attention,256,8192,8,16384,1,2509.88
attention,256,8192,16,16,1,3034.63
attention,256,8192,16,32,1,3052.83
attention,256,8192,16,64,1,3040.84
attention,256,8192,16,128,1,3076.3
attention,256,8192,16,256,1,2994.23
attention,256,8192,16,512,1,2951.36
attention,256,8192,16,1024,1,2811.77
attention,256,8192,16,2048,1,2509.69
attention,256,8192,16,4096,1,2514.04
attention,256,8192,16,8192,1,2518
attention,256,8192,16,16384,1,2527.71
attention,256,8192,32,16,1,3871.56
attention,256,8192,32,32,1,3897.32
attention,256,8192,32,64,1,3880.2
attention,256,8192,32,128,1,3826.15
attention,256,8192,32,256,1,3707.04
attention,256,8192,32,512,1,3549.35
attention,256,8192,32,1024,1,3206.76
attention,256,8192,32,2048,1,2870.01
attention,256,8192,32,4096,1,2872.92
attention,256,8192,32,8192,1,2877.86
attention,256,8192,32,16384,1,2879.82
attention,256,8192,64,16,1,5485.7
attention,256,8192,64,32,1,5570.03
attention,256,8192,64,64,1,5408.18
attention,256,8192,64,128,1,5336.32
attention,256,8192,64,256,1,5273.15
attention,256,8192,64,512,1,4843.73
attention,256,8192,64,1024,1,4142.81
attention,256,8192,64,2048,1,2912.6
attention,256,8192,64,4096,1,2925.55
attention,256,8192,64,8192,1,2926.21
attention,256,8192,64,16384,1,2923.64
attention,256,8192,128,16,1,8847.47
attention,256,8192,128,32,1,8803.36
attention,256,8192,128,64,1,8698.15
attention,256,8192,128,128,1,8483.14
attention,256,8192,128,256,1,8118.36
attention,256,8192,128,512,1,7345.32
attention,256,8192,128,1024,1,5895.62
attention,256,8192,128,2048,1,3756.38
attention,256,8192,128,4096,1,3762.27
attention,256,8192,128,8192,1,3770.24
attention,256,8192,128,16384,1,3757.62
attention,256,16384,0,0,1,2423.82
attention,256,16384,1,16,1,2495.13
attention,256,16384,1,32,1,2496.87
attention,256,16384,1,64,1,2498.2
attention,256,16384,1,128,1,2494.78
attention,256,16384,1,256,1,2498.05
attention,256,16384,1,512,1,2495.35
attention,256,16384,1,1024,1,2494.73
attention,256,16384,1,2048,1,2505.59
attention,256,16384,1,4096,1,2507.63
attention,256,16384,1,8192,1,2509.24
attention,256,16384,1,16384,1,2499.09
attention,256,16384,2,16,1,2497.82
attention,256,16384,2,32,1,2495.72
attention,256,16384,2,64,1,2495.67
attention,256,16384,2,128,1,2497.43
attention,256,16384,2,256,1,2494.16
attention,256,16384,2,512,1,2496.74
attention,256,16384,2,1024,1,2496.37
attention,256,16384,2,2048,1,2506.83
attention,256,16384,2,4096,1,2510.96
attention,256,16384,2,8192,1,2499.81
attention,256,16384,2,16384,1,2501.46
attention,256,16384,4,16,1,2496.87
attention,256,16384,4,32,1,2496.51
attention,256,16384,4,64,1,2500.33
attention,256,16384,4,128,1,2499.58
attention,256,16384,4,256,1,2499.56
attention,256,16384,4,512,1,2494.99
attention,256,16384,4,1024,1,2497.82
attention,256,16384,4,2048,1,2506.18
attention,256,16384,4,4096,1,2498.7
attention,256,16384,4,8192,1,2500.55
attention,256,16384,4,16384,1,2506.66
attention,256,16384,8,16,1,2686.06
attention,256,16384,8,32,1,2690.03
attention,256,16384,8,64,1,2674.28
attention,256,16384,8,128,1,2671.27
attention,256,16384,8,256,1,2665.63
attention,256,16384,8,512,1,2638.35
attention,256,16384,8,1024,1,2600.47
attention,256,16384,8,2048,1,2501.29
attention,256,16384,8,4096,1,2509.41
attention,256,16384,8,8192,1,2512.29
attention,256,16384,8,16384,1,2514.84
attention,256,16384,16,16,1,3045.6
attention,256,16384,16,32,1,3036.72
attention,256,16384,16,64,1,3041.88
attention,256,16384,16,128,1,3062.43
attention,256,16384,16,256,1,2994.9
attention,256,16384,16,512,1,2958.26
attention,256,16384,16,1024,1,2782.57
attention,256,16384,16,2048,1,2514.31
attention,256,16384,16,4096,1,2521.32
attention,256,16384,16,8192,1,2526.95
attention,256,16384,16,16384,1,2530.45
attention,256,16384,32,16,1,3837.62
attention,256,16384,32,32,1,3826.48
attention,256,16384,32,64,1,3819.85
attention,256,16384,32,128,1,3830.4
attention,256,16384,32,256,1,3778.16
attention,256,16384,32,512,1,3533.94
attention,256,16384,32,1024,1,3204.58
attention,256,16384,32,2048,1,2871.15
attention,256,16384,32,4096,1,2876.63
attention,256,16384,32,8192,1,2885.2
attention,256,16384,32,16384,1,2885.47
attention,256,16384,64,16,1,5510.06
attention,256,16384,64,32,1,5504.1
attention,256,16384,64,64,1,5407.05
attention,256,16384,64,128,1,5419.03
attention,256,16384,64,256,1,5154.08
attention,256,16384,64,512,1,4791.24
attention,256,16384,64,1024,1,4082.3
attention,256,16384,64,2048,1,2921.67
attention,256,16384,64,4096,1,2925.61
attention,256,16384,64,8192,1,2926.61
attention,256,16384,64,16384,1,2930.56
attention,256,16384,128,16,1,8776.3
attention,256,16384,128,32,1,8749.61
attention,256,16384,128,64,1,8634.98
attention,256,16384,128,128,1,8514.74
attention,256,16384,128,256,1,8094.6
attention,256,16384,128,512,1,7342.33
attention,256,16384,128,1024,1,5845.5
attention,256,16384,128,2048,1,3763.73
attention,256,16384,128,4096,1,3759.64
attention,256,16384,128,8192,1,3764.26
attention,256,16384,128,16384,1,3752.86
attention,512,0,0,0,1,23587.2
attention,512,0,1,16,1,23700
attention,512,0,1,32,1,23698.1
attention,512,0,1,64,1,23699.5
attention,512,0,1,128,1,23699.9
attention,512,0,1,256,1,23693.2
attention,512,0,1,512,1,23687.4
attention,512,0,1,1024,1,23684
attention,512,0,1,2048,1,23656.3
attention,512,0,1,4096,1,23654.5
attention,512,0,1,8192,1,23653.9
attention,512,0,1,16384,1,23659.3
attention,512,0,2,16,1,23753.8
attention,512,0,2,32,1,23752.1
attention,512,0,2,64,1,23747.5
attention,512,0,2,128,1,23749.3
attention,512,0,2,256,1,23743.8
attention,512,0,2,512,1,23732.3
attention,512,0,2,1024,1,23711.2
attention,512,0,2,2048,1,23666.6
attention,512,0,2,4096,1,23664.6
attention,512,0,2,8192,1,23671.8
attention,512,0,2,16384,1,23667.7
attention,512,0,4,16,1,23856.9
attention,512,0,4,32,1,23853.5
attention,512,0,4,64,1,23854.4
attention,512,0,4,128,1,23849
attention,512,0,4,256,1,23835.9
attention,512,0,4,512,1,23812.8
attention,512,0,4,1024,1,23763.9
attention,512,0,4,2048,1,23673.4
attention,512,0,4,4096,1,23669.1
attention,512,0,4,8192,1,23672.9
attention,512,0,4,16384,1,23668.7
attention,512,0,8,16,1,24054.8
attention,512,0,8,32,1,24052.9
attention,512,0,8,64,1,24046.5
attention,512,0,8,128,1,24036
attention,512,0,8,256,1,24012.3
attention,512,0,8,512,1,23963.1
attention,512,0,8,1024,1,23870.5
attention,512,0,8,2048,1,23684.4
attention,512,0,8,4096,1,23678.7
attention,512,0,8,8192,1,23678.2
attention,512,0,8,16384,1,23679.5
attention,512,0,16,16,1,24501.3
attention,512,0,16,32,1,24509.1
attention,512,0,16,64,1,24485
attention,512,0,16,128,1,24465
attention,512,0,16,256,1,24413.1
attention,512,0,16,512,1,24311
attention,512,0,16,1024,1,24097
attention,512,0,16,2048,1,23701.6
attention,512,0,16,4096,1,23707
attention,512,0,16,8192,1,23706.5
attention,512,0,16,16384,1,23704.2
attention,512,0,32,16,1,25358.6
attention,512,0,32,32,1,25333.9
attention,512,0,32,64,1,25319.8
attention,512,0,32,128,1,25242
attention,512,0,32,256,1,25143.9
attention,512,0,32,512,1,24956.6
attention,512,0,32,1024,1,24581.7
attention,512,0,32,2048,1,23806.4
attention,512,0,32,4096,1,23814.8
attention,512,0,32,8192,1,23809.6
attention,512,0,32,16384,1,23801.6
attention,512,0,64,16,1,27003.7
attention,512,0,64,32,1,26987.5
attention,512,0,64,64,1,26952.9
attention,512,0,64,128,1,26891.5
attention,512,0,64,256,1,26707.5
attention,512,0,64,512,1,26323.2
attention,512,0,64,1024,1,25581.6
attention,512,0,64,2048,1,24152.4
attention,512,0,64,4096,1,24160.6
attention,512,0,64,8192,1,24158
attention,512,0,64,16384,1,24134.1
attention,512,0,128,16,1,30288
attention,512,0,128,32,1,30237.9
attention,512,0,128,64,1,30149.4
attention,512,0,128,128,1,29990.3
attention,512,0,128,256,1,29615.1
attention,512,0,128,512,1,28866.7
attention,512,0,128,1024,1,27463.9
attention,512,0,128,2048,1,24680.5
attention,512,0,128,4096,1,24692.1
attention,512,0,128,8192,1,24684.8
attention,512,0,128,16384,1,24671.6
attention,512,16,0,0,1,23380.1
attention,512,16,1,16,1,23511.4
attention,512,16,1,32,1,23507.6
attention,512,16,1,64,1,23502.9
attention,512,16,1,128,1,23506.1
attention,512,16,1,256,1,23495.2
attention,512,16,1,512,1,23486.7
attention,512,16,1,1024,1,23475.1
attention,512,16,1,2048,1,23454.6
attention,512,16,1,4096,1,23452.5
attention,512,16,1,8192,1,23451.5
attention,512,16,1,16384,1,23452.2
attention,512,16,2,16,1,23563.4
attention,512,16,2,32,1,23567.5
attention,512,16,2,64,1,23563.8
attention,512,16,2,128,1,23559.3
attention,512,16,2,256,1,23553.4
attention,512,16,2,512,1,23527.4
attention,512,16,2,1024,1,23504.8
attention,512,16,2,2048,1,23458.6
attention,512,16,2,4096,1,23459.2
attention,512,16,2,8192,1,23457.8
attention,512,16,2,16384,1,23459.5
attention,512,16,4,16,1,23688.1
attention,512,16,4,32,1,23677.4
attention,512,16,4,64,1,23677.8
attention,512,16,4,128,1,23669.2
attention,512,16,4,256,1,23654.1
attention,512,16,4,512,1,23610.3
attention,512,16,4,1024,1,23561.8
attention,512,16,4,2048,1,23469.7
attention,512,16,4,4096,1,23470.4
attention,512,16,4,8192,1,23463.6
attention,512,16,4,16384,1,23467.5
attention,512,16,8,16,1,23875.5
attention,512,16,8,32,1,23871.8
attention,512,16,8,64,1,23863.6
attention,512,16,8,128,1,23847.1
attention,512,16,8,256,1,23818.9
attention,512,16,8,512,1,23767
attention,512,16,8,1024,1,23670.4
attention,512,16,8,2048,1,23483.2
attention,512,16,8,4096,1,23479.5
attention,512,16,8,8192,1,23476.6
attention,512,16,8,16384,1,23475.9
attention,512,16,16,16,1,24325.1
attention,512,16,16,32,1,24313
attention,512,16,16,64,1,24300.8
attention,512,16,16,128,1,24266.7
attention,512,16,16,256,1,24224.5
attention,512,16,16,512,1,24116.2
attention,512,16,16,1024,1,23899.1
attention,512,16,16,2048,1,23511.8
attention,512,16,16,4096,1,23509
attention,512,16,16,8192,1,23506.4
attention,512,16,16,16384,1,23511.2
attention,512,16,32,16,1,25148.7
attention,512,16,32,32,1,25148.2
attention,512,16,32,64,1,25122.9
attention,512,16,32,128,1,25071
attention,512,16,32,256,1,24978.1
attention,512,16,32,512,1,24777
attention,512,16,32,1024,1,24368.5
attention,512,16,32,2048,1,23556
attention,512,16,32,4096,1,23559.4
attention,512,16,32,8192,1,23558.8
attention,512,16,32,16384,1,23560.5
attention,512,16,64,16,1,26816.4
attention,512,16,64,32,1,26781.1
attention,512,16,64,64,1,26731.7
attention,512,16,64,128,1,26635.7
attention,512,16,64,256,1,26427.8
attention,512,16,64,512,1,26027.8
attention,512,16,64,1024,1,25250
attention,512,16,64,2048,1,23835.5
attention,512,16,64,4096,1,23855
attention,512,16,64,8192,1,23851.1
attention,512,16,64,16384,1,23841.7
attention,512,16,128,16,1,30121.6
attention,512,16,128,32,1,30071.1
attention,512,16,128,64,1,29970
attention,512,16,128,128,1,29778.4
attention,512,16,128,256,1,29378.6
attention,512,16,128,512,1,28596.5
attention,512,16,128,1024,1,27053.2
attention,512,16,128,2048,1,24530.9
attention,512,16,128,4096,1,24530.5
attention,512,16,128,8192,1,24528.9
attention,512,16,128,16384,1,24531.7
attention,512,32,0,0,1,23187.6
attention,512,32,1,16,1,23322.2
attention,512,32,1,32,1,23308.3
attention,512,32,1,64,1,23320.5
attention,512,32,1,128,1,23312.3
attention,512,32,1,256,1,23298.6
attention,512,32,1,512,1,23290.3
attention,512,32,1,1024,1,23279.1
attention,512,32,1,2048,1,23254.9
attention,512,32,1,4096,1,23255
attention,512,32,1,8192,1,23256.4
attention,512,32,1,16384,1,23258.6
attention,512,32,2,16,1,23376.6
attention,512,32,2,32,1,23380.4
attention,512,32,2,64,1,23375.1
attention,512,32,2,128,1,23368.1
attention,512,32,2,256,1,23354.4
attention,512,32,2,512,1,23331
attention,512,32,2,1024,1,23308.6
attention,512,32,2,2048,1,23260.7
attention,512,32,2,4096,1,23259.3
attention,512,32,2,8192,1,23259.9
attention,512,32,2,16384,1,23261.8
attention,512,32,4,16,1,23488.1
attention,512,32,4,32,1,23492.2
attention,512,32,4,64,1,23485.6
attention,512,32,4,128,1,23476.3
attention,512,32,4,256,1,23452.3
attention,512,32,4,512,1,23414.1
attention,512,32,4,1024,1,23363.8
attention,512,32,4,2048,1,23269.2
attention,512,32,4,4096,1,23270.4
attention,512,32,4,8192,1,23269.5
attention,512,32,4,16384,1,23268.2
attention,512,32,8,16,1,23683.8
attention,512,32,8,32,1,23675.3
attention,512,32,8,64,1,23672.4
attention,512,32,8,128,1,23658.5
attention,512,32,8,256,1,23632.2
attention,512,32,8,512,1,23570.1
attention,512,32,8,1024,1,23473.7
attention,512,32,8,2048,1,23279.2
attention,512,32,8,4096,1,23279.1
attention,512,32,8,8192,1,23278.1
attention,512,32,8,16384,1,23278.4
attention,512,32,16,16,1,24100
attention,512,32,16,32,1,24099.3
attention,512,32,16,64,1,24088.1
attention,512,32,16,128,1,24061.1
attention,512,32,16,256,1,24006.1
attention,512,32,16,512,1,23905.8
attention,512,32,16,1024,1,23698.2
attention,512,32,16,2048,1,23311.2
attention,512,32,16,4096,1,23308
attention,512,32,16,8192,1,23307.5
attention,512,32,16,16384,1,23310.1
attention,512,32,32,16,1,24964.1
attention,512,32,32,32,1,24952.9
attention,512,32,32,64,1,24927.5
attention,512,32,32,128,1,24878.9
attention,512,32,32,256,1,24778.5
attention,512,32,32,512,1,24579
attention,512,32,32,1024,1,24173.6
attention,512,32,32,2048,1,23361.3
attention,512,32,32,4096,1,23362.4
attention,512,32,32,8192,1,23364.1
attention,512,32,32,16384,1,23364.2
attention,512,32,64,16,1,26601.4
attention,512,32,64,32,1,26580.8
attention,512,32,64,64,1,26529.4
attention,512,32,64,128,1,26429.6
attention,512,32,64,256,1,26228.9
attention,512,32,64,512,1,25834
attention,512,32,64,1024,1,25060.8
attention,512,32,64,2048,1,23663.8
attention,512,32,64,4096,1,23662.3
attention,512,32,64,8192,1,23666.3
attention,512,32,64,16384,1,23660
attention,512,32,128,16,1,29918.9
attention,512,32,128,32,1,29874.2
attention,512,32,128,64,1,29775.8
attention,512,32,128,128,1,29587.3
attention,512,32,128,256,1,29193.4
attention,512,32,128,512,1,28405.7
attention,512,32,128,1024,1,26859.6
attention,512,32,128,2048,1,24338
attention,512,32,128,4096,1,24335.7
attention,512,32,128,8192,1,24337.7
attention,512,32,128,16384,1,24340.7
attention,512,64,0,0,1,22808.8
attention,512,64,1,16,1,22934.3
attention,512,64,1,32,1,22934.4
attention,512,64,1,64,1,22939.7
attention,512,64,1,128,1,22938.4
attention,512,64,1,256,1,22925
attention,512,64,1,512,1,22910.4
attention,512,64,1,1024,1,22901.6
attention,512,64,1,2048,1,22876.3
attention,512,64,1,4096,1,22878
attention,512,64,1,8192,1,22880.1
attention,512,64,1,16384,1,22884.5
attention,512,64,2,16,1,23006.3
attention,512,64,2,32,1,22995.6
attention,512,64,2,64,1,22996.2
attention,512,64,2,128,1,22993.2
attention,512,64,2,256,1,22968.8
attention,512,64,2,512,1,22954.8
attention,512,64,2,1024,1,22933.1
attention,512,64,2,2048,1,22887.3
attention,512,64,2,4096,1,22885.6
attention,512,64,2,8192,1,22885.7
attention,512,64,2,16384,1,22891.5
attention,512,64,4,16,1,23113.7
attention,512,64,4,32,1,23107.1
attention,512,64,4,64,1,23103.2
attention,512,64,4,128,1,23096.4
attention,512,64,4,256,1,23074.8
attention,512,64,4,512,1,23034.1
attention,512,64,4,1024,1,22986.7
attention,512,64,4,2048,1,22894.8
attention,512,64,4,4096,1,22897
attention,512,64,4,8192,1,22896
attention,512,64,4,16384,1,22896
attention,512,64,8,16,1,23298.7
attention,512,64,8,32,1,23291.2
attention,512,64,8,64,1,23283.1
attention,512,64,8,128,1,23276
attention,512,64,8,256,1,23244.7
attention,512,64,8,512,1,23188.8
attention,512,64,8,1024,1,23097.5
attention,512,64,8,2048,1,22907.8
attention,512,64,8,4096,1,22908.2
attention,512,64,8,8192,1,22908.2
attention,512,64,8,16384,1,22905.9
attention,512,64,16,16,1,23736.6
attention,512,64,16,32,1,23724
attention,512,64,16,64,1,23727
attention,512,64,16,128,1,23696.1
attention,512,64,16,256,1,23643.5
attention,512,64,16,512,1,23544.2
attention,512,64,16,1024,1,23321
attention,512,64,16,2048,1,22936.5
attention,512,64,16,4096,1,22938.2
attention,512,64,16,8192,1,22931.1
attention,512,64,16,16384,1,22937
attention,512,64,32,16,1,24568.3
attention,512,64,32,32,1,24558.3
attention,512,64,32,64,1,24535.2
attention,512,64,32,128,1,24487.7
attention,512,64,32,256,1,24386.2
attention,512,64,32,512,1,24187.2
attention,512,64,32,1024,1,23790.5
attention,512,64,32,2048,1,22989
attention,512,64,32,4096,1,22983.5
attention,512,64,32,8192,1,22986.8
attention,512,64,32,16384,1,22991.8
attention,512,64,64,16,1,26226.7
attention,512,64,64,32,1,26207.4
attention,512,64,64,64,1,26151.1
attention,512,64,64,128,1,26049.5
attention,512,64,64,256,1,25853.5
attention,512,64,64,512,1,25462.4
attention,512,64,64,1024,1,24682.5
attention,512,64,64,2048,1,23307.1
attention,512,64,64,4096,1,23313.6
attention,512,64,64,8192,1,23300.5
attention,512,64,64,16384,1,23311.4
attention,512,64,128,16,1,29553
attention,512,64,128,32,1,29499.2
attention,512,64,128,64,1,29393.9
attention,512,64,128,128,1,29202
attention,512,64,128,256,1,28813.4
attention,512,64,128,512,1,28026.7
attention,512,64,128,1024,1,26466
attention,512,64,128,2048,1,23943.4
attention,512,64,128,4096,1,23951.8
attention,512,64,128,8192,1,23948.4
attention,512,64,128,16384,1,23948.4
attention,512,128,0,0,1,22064.9
attention,512,128,1,16,1,22192.4
attention,512,128,1,32,1,22190.8
attention,512,128,1,64,1,22197.9
attention,512,128,1,128,1,22193.2
attention,512,128,1,256,1,22187.6
attention,512,128,1,512,1,22170.3
attention,512,128,1,1024,1,22154.6
attention,512,128,1,2048,1,22139
attention,512,128,1,4096,1,22132.5
attention,512,128,1,8192,1,22139.3
attention,512,128,1,16384,1,22133.1
attention,512,128,2,16,1,22264.4
attention,512,128,2,32,1,22260.6
attention,512,128,2,64,1,22255.8
attention,512,128,2,128,1,22255.7
attention,512,128,2,256,1,22225.7
attention,512,128,2,512,1,22213
attention,512,128,2,1024,1,22187.7
attention,512,128,2,2048,1,22144.4
attention,512,128,2,4096,1,22140.2
attention,512,128,2,8192,1,22144.9
attention,512,128,2,16384,1,22142.8
attention,512,128,4,16,1,22368.7
attention,512,128,4,32,1,22367.9
attention,512,128,4,64,1,22364.4
attention,512,128,4,128,1,22353.6
attention,512,128,4,256,1,22334.8
attention,512,128,4,512,1,22293.9
attention,512,128,4,1024,1,22240.6
attention,512,128,4,2048,1,22152.1
attention,512,128,4,4096,1,22152.3
attention,512,128,4,8192,1,22151.8
attention,512,128,4,16384,1,22149.3
attention,512,128,8,16,1,22552.4
attention,512,128,8,32,1,22549.7
attention,512,128,8,64,1,22543.7
attention,512,128,8,128,1,22536.6
attention,512,128,8,256,1,22503.3
attention,512,128,8,512,1,22454.2
attention,512,128,8,1024,1,22349.7
attention,512,128,8,2048,1,22166.8
attention,512,128,8,4096,1,22161.3
attention,512,128,8,8192,1,22161
attention,512,128,8,16384,1,22159.8
attention,512,128,16,16,1,22960.5
attention,512,128,16,32,1,22957.7
attention,512,128,16,64,1,22940.9
attention,512,128,16,128,1,22920.5
attention,512,128,16,256,1,22869.2
attention,512,128,16,512,1,22771.4
attention,512,128,16,1024,1,22580.2
attention,512,128,16,2048,1,22191.3
attention,512,128,16,4096,1,22194.7
attention,512,128,16,8192,1,22190.4
attention,512,128,16,16384,1,22199.7
attention,512,128,32,16,1,23822.5
attention,512,128,32,32,1,23821.3
attention,512,128,32,64,1,23786.3
attention,512,128,32,128,1,23744.6
attention,512,128,32,256,1,23635.3
attention,512,128,32,512,1,23441.7
attention,512,128,32,1024,1,23042.7
attention,512,128,32,2048,1,22238.3
attention,512,128,32,4096,1,22236.9
attention,512,128,32,8192,1,22240.2
attention,512,128,32,16384,1,22240.7
attention,512,128,64,16,1,25455.8
attention,512,128,64,32,1,25428.2
attention,512,128,64,64,1,25382.4
attention,512,128,64,128,1,25282.9
attention,512,128,64,256,1,25090
attention,512,128,64,512,1,24700.8
attention,512,128,64,1024,1,23934.2
attention,512,128,64,2048,1,22625.1
attention,512,128,64,4096,1,22628.1
attention,512,128,64,8192,1,22626.3
attention,512,128,64,16384,1,22629.3
attention,512,128,128,16,1,28823.1
attention,512,128,128,32,1,28768.3
attention,512,128,128,64,1,28666.1
attention,512,128,128,128,1,28483.5
attention,512,128,128,256,1,28081.9
attention,512,128,128,512,1,27295
attention,512,128,128,1024,1,25717.4
attention,512,128,128,2048,1,23204.2
attention,512,128,128,4096,1,23200.1
attention,512,128,128,8192,1,23194.8
attention,512,128,128,16384,1,23198.7
attention,512,256,0,0,1,20528
attention,512,256,1,16,1,20665.8
attention,512,256,1,32,1,20667.6
attention,512,256,1,64,1,20676.4
attention,512,256,1,128,1,20643.8
attention,512,256,1,256,1,20658.4
attention,512,256,1,512,1,20632.3
attention,512,256,1,1024,1,20617.2
attention,512,256,1,2048,1,20597.5
attention,512,256,1,4096,1,20604.3
attention,512,256,1,8192,1,20594.2
attention,512,256,1,16384,1,20600.9
attention,512,256,2,16,1,20728.3
attention,512,256,2,32,1,20717.3
attention,512,256,2,64,1,20720.4
attention,512,256,2,128,1,20715.5
attention,512,256,2,256,1,20711.1
attention,512,256,2,512,1,20680.2
attention,512,256,2,1024,1,20645
attention,512,256,2,2048,1,20607.5
attention,512,256,2,4096,1,20596.5
attention,512,256,2,8192,1,20600.5
attention,512,256,2,16384,1,20599.2
attention,512,256,4,16,1,20834.5
attention,512,256,4,32,1,20828.2
attention,512,256,4,64,1,20823.9
attention,512,256,4,128,1,20825.7
attention,512,256,4,256,1,20804.6
attention,512,256,4,512,1,20756.6
attention,512,256,4,1024,1,20698.7
attention,512,256,4,2048,1,20606.4
attention,512,256,4,4096,1,20605.4
attention,512,256,4,8192,1,20603.4
attention,512,256,4,16384,1,20610.5
attention,512,256,8,16,1,21015.7
attention,512,256,8,32,1,21010.2
attention,512,256,8,64,1,21002.6
attention,512,256,8,128,1,20996.5
attention,512,256,8,256,1,20966.5
attention,512,256,8,512,1,20907.4
attention,512,256,8,1024,1,20806.8
attention,512,256,8,2048,1,20616.5
attention,512,256,8,4096,1,20625.2
attention,512,256,8,8192,1,20615.3
attention,512,256,8,16384,1,20616.5
attention,512,256,16,16,1,21417.4
attention,512,256,16,32,1,21406.7
attention,512,256,16,64,1,21398.4
attention,512,256,16,128,1,21369.4
attention,512,256,16,256,1,21321
attention,512,256,16,512,1,21220.8
attention,512,256,16,1024,1,21030.9
attention,512,256,16,2048,1,20645.9
attention,512,256,16,4096,1,20647.7
attention,512,256,16,8192,1,20646.1
attention,512,256,16,16384,1,20644.7
attention,512,256,32,16,1,22293.5
attention,512,256,32,32,1,22273.9
attention,512,256,32,64,1,22252.2
attention,512,256,32,128,1,22199.5
attention,512,256,32,256,1,22093.7
attention,512,256,32,512,1,21905.9
attention,512,256,32,1024,1,21491.9
attention,512,256,32,2048,1,20773.2
attention,512,256,32,4096,1,20762.1
attention,512,256,32,8192,1,20772.3
attention,512,256,32,16384,1,20867.5
attention,512,256,64,16,1,23957.2
attention,512,256,64,32,1,23878.8
attention,512,256,64,64,1,23832.4
attention,512,256,64,128,1,23740.1
attention,512,256,64,256,1,23547.5
attention,512,256,64,512,1,23159
attention,512,256,64,1024,1,22371.4
attention,512,256,64,2048,1,21064.1
attention,512,256,64,4096,1,21061.1
attention,512,256,64,8192,1,21069.1
attention,512,256,64,16384,1,21061.5
attention,512,256,128,16,1,27281.9
attention,512,256,128,32,1,27228.7
attention,512,256,128,64,1,27131.6
attention,512,256,128,128,1,26928.1
attention,512,256,128,256,1,26521.3
attention,512,256,128,512,1,25735.8
attention,512,256,128,1024,1,24159.5
attention,512,256,128,2048,1,21758.7
attention,512,256,128,4096,1,21753.3
attention,512,256,128,8192,1,21755
attention,512,256,128,16384,1,21758.8
attention,512,512,0,0,1,17539.9
attention,512,512,1,16,1,17614
attention,512,512,1,32,1,17613.8
attention,512,512,1,64,1,17622.1
attention,512,512,1,128,1,17605.6
attention,512,512,1,256,1,17773.4
attention,512,512,1,512,1,17588.5
attention,512,512,1,1024,1,17564.4
attention,512,512,1,2048,1,17530.6
attention,512,512,1,4096,1,17533.1
attention,512,512,1,8192,1,17547.2
attention,512,512,1,16384,1,17533.8
attention,512,512,2,16,1,17736.4
attention,512,512,2,32,1,17843.5
attention,512,512,2,64,1,17666.3
attention,512,512,2,128,1,17678.8
attention,512,512,2,256,1,17816.2
attention,512,512,2,512,1,17795.1
attention,512,512,2,1024,1,17703.9
attention,512,512,2,2048,1,17533.1
attention,512,512,2,4096,1,17532.7
attention,512,512,2,8192,1,17535.3
attention,512,512,2,16384,1,17530.4
attention,512,512,4,16,1,17773.8
attention,512,512,4,32,1,17856.3
attention,512,512,4,64,1,17966.3
attention,512,512,4,128,1,17802.2
attention,512,512,4,256,1,17755.7
attention,512,512,4,512,1,17702.3
attention,512,512,4,1024,1,17709.7
attention,512,512,4,2048,1,17717.7
attention,512,512,4,4096,1,17634.5
attention,512,512,4,8192,1,17542.3
attention,512,512,4,16384,1,17546.3
attention,512,512,8,16,1,18045.9
attention,512,512,8,32,1,18035.7
attention,512,512,8,64,1,17992.7
attention,512,512,8,128,1,17942.4
attention,512,512,8,256,1,17910.9
attention,512,512,8,512,1,17862.8
attention,512,512,8,1024,1,17775.5
attention,512,512,8,2048,1,17738.9
attention,512,512,8,4096,1,17554.2
attention,512,512,8,8192,1,17562.4
attention,512,512,8,16384,1,17565.7
attention,512,512,16,16,1,18509.7
attention,512,512,16,32,1,18338.5
attention,512,512,16,64,1,18332.3
attention,512,512,16,128,1,18302.3
attention,512,512,16,256,1,18258.1
attention,512,512,16,512,1,18159.9
attention,512,512,16,1024,1,17958.2
attention,512,512,16,2048,1,17602.6
attention,512,512,16,4096,1,17698.4
attention,512,512,16,8192,1,17716.8
attention,512,512,16,16384,1,17606.3
attention,512,512,32,16,1,19198
attention,512,512,32,32,1,19153.7
attention,512,512,32,64,1,19123
attention,512,512,32,128,1,19211
attention,512,512,32,256,1,18978.3
attention,512,512,32,512,1,18780.2
attention,512,512,32,1024,1,18399.3
attention,512,512,32,2048,1,17670.8
attention,512,512,32,4096,1,17662.7
attention,512,512,32,8192,1,17663.4
attention,512,512,32,16384,1,17752.8
attention,512,512,64,16,1,20838.7
attention,512,512,64,32,1,20812.4
attention,512,512,64,64,1,20762.2
attention,512,512,64,128,1,20661.3
attention,512,512,64,256,1,20482
attention,512,512,64,512,1,20156.3
attention,512,512,64,1024,1,19313.8
attention,512,512,64,2048,1,18085.5
attention,512,512,64,4096,1,18090.2
attention,512,512,64,8192,1,18076.7
attention,512,512,64,16384,1,18089.2
attention,512,512,128,16,1,24119.9
attention,512,512,128,32,1,24079.3
attention,512,512,128,64,1,23974.3
attention,512,512,128,128,1,23785.6
attention,512,512,128,256,1,23396.2
attention,512,512,128,512,1,22618.9
attention,512,512,128,1024,1,21071.7
attention,512,512,128,2048,1,18655.9
attention,512,512,128,4096,1,18647.1
attention,512,512,128,8192,1,18651
attention,512,512,128,16384,1,18648.9
attention,512,1024,0,0,1,11605.2
attention,512,1024,1,16,1,11779.9
attention,512,1024,1,32,1,11781.6
attention,512,1024,1,64,1,11755.6
attention,512,1024,1,128,1,11764.3
attention,512,1024,1,256,1,11751.3
attention,512,1024,1,512,1,11764.6
attention,512,1024,1,1024,1,11730
attention,512,1024,1,2048,1,11670.9
attention,512,1024,1,4096,1,11656.8
attention,512,1024,1,8192,1,11702.8
attention,512,1024,1,16384,1,11669.9
attention,512,1024,2,16,1,11832.8
attention,512,1024,2,32,1,11801.7
attention,512,1024,2,64,1,11814.1
attention,512,1024,2,128,1,11841.3
attention,512,1024,2,256,1,11815.7
attention,512,1024,2,512,1,11796.4
attention,512,1024,2,1024,1,11748.7
attention,512,1024,2,2048,1,11672.4
attention,512,1024,2,4096,1,11778.2
attention,512,1024,2,8192,1,11657.8
attention,512,1024,2,16384,1,11675
attention,512,1024,4,16,1,11934.1
attention,512,1024,4,32,1,11945.6
attention,512,1024,4,64,1,11889.2
attention,512,1024,4,128,1,11920.8
attention,512,1024,4,256,1,11930.8
attention,512,1024,4,512,1,11893.2
attention,512,1024,4,1024,1,11806.7
attention,512,1024,4,2048,1,11666.4
attention,512,1024,4,4096,1,11667.2
attention,512,1024,4,8192,1,11677.4
attention,512,1024,4,16384,1,11686.8
attention,512,1024,8,16,1,12108.4
attention,512,1024,8,32,1,12094.9
attention,512,1024,8,64,1,12064.6
attention,512,1024,8,128,1,12080.6
attention,512,1024,8,256,1,12039
attention,512,1024,8,512,1,12002
attention,512,1024,8,1024,1,11879.3
attention,512,1024,8,2048,1,11710.6
attention,512,1024,8,4096,1,11712.2
attention,512,1024,8,8192,1,11727.3
attention,512,1024,8,16384,1,11720.8
attention,512,1024,16,16,1,12528.6
attention,512,1024,16,32,1,12526.6
attention,512,1024,16,64,1,12507.8
attention,512,1024,16,128,1,12480.5
attention,512,1024,16,256,1,12459.9
attention,512,1024,16,512,1,12361.2
attention,512,1024,16,1024,1,12151.8
attention,512,1024,16,2048,1,11914.7
attention,512,1024,16,4096,1,11921
attention,512,1024,16,8192,1,11922.1
attention,512,1024,16,16384,1,11914.3
attention,512,1024,32,16,1,13304.6
attention,512,1024,32,32,1,13293.9
attention,512,1024,32,64,1,13269.3
attention,512,1024,32,128,1,13215
attention,512,1024,32,256,1,13131.2
attention,512,1024,32,512,1,12943
attention,512,1024,32,1024,1,12542.3
attention,512,1024,32,2048,1,12050.8
attention,512,1024,32,4096,1,12052.8
attention,512,1024,32,8192,1,12027.6
attention,512,1024,32,16384,1,12071.1
attention,512,1024,64,16,1,15032.5
attention,512,1024,64,32,1,14985.2
attention,512,1024,64,64,1,14933.7
attention,512,1024,64,128,1,14854.5
attention,512,1024,64,256,1,14658.1
attention,512,1024,64,512,1,14269.3
attention,512,1024,64,1024,1,13469.7
attention,512,1024,64,2048,1,12366.5
attention,512,1024,64,4096,1,12366.1
attention,512,1024,64,8192,1,12370.7
attention,512,1024,64,16384,1,12372.4
attention,512,1024,128,16,1,18270.5
attention,512,1024,128,32,1,18224.7
attention,512,1024,128,64,1,18138.8
attention,512,1024,128,128,1,17950.4
attention,512,1024,128,256,1,17537.7
attention,512,1024,128,512,1,16765.3
attention,512,1024,128,1024,1,15270.5
attention,512,1024,128,2048,1,13030.4
attention,512,1024,128,4096,1,13023.2
attention,512,1024,128,8192,1,13009.2
attention,512,1024,128,16384,1,13007.7
attention,512,2048,0,0,1,4622.15
attention,512,2048,1,16,1,4687
attention,512,2048,1,32,1,4684.29
attention,512,2048,1,64,1,4685.1
attention,512,2048,1,128,1,4684.27
attention,512,2048,1,256,1,4685.64
attention,512,2048,1,512,1,4685.84
attention,512,2048,1,1024,1,4690.99
attention,512,2048,1,2048,1,4710.58
attention,512,2048,1,4096,1,4709.18
attention,512,2048,1,8192,1,4710.72
attention,512,2048,1,16384,1,4712.85
attention,512,2048,2,16,1,4688.68
attention,512,2048,2,32,1,4690.45
attention,512,2048,2,64,1,4687.69
attention,512,2048,2,128,1,4685.82
attention,512,2048,2,256,1,4686.85
attention,512,2048,2,512,1,4687.63
attention,512,2048,2,1024,1,4691.42
attention,512,2048,2,2048,1,4713.76
attention,512,2048,2,4096,1,4714.09
attention,512,2048,2,8192,1,4714.21
attention,512,2048,2,16384,1,4712.21
attention,512,2048,4,16,1,4692.9
attention,512,2048,4,32,1,4693.25
attention,512,2048,4,64,1,4693.71
attention,512,2048,4,128,1,4691.05
attention,512,2048,4,256,1,4691.51
attention,512,2048,4,512,1,4692.93
attention,512,2048,4,1024,1,4707.14
attention,512,2048,4,2048,1,4717.14
attention,512,2048,4,4096,1,4715.73
attention,512,2048,4,8192,1,4713.32
attention,512,2048,4,16384,1,4716.91
attention,512,2048,8,16,1,5022.04
attention,512,2048,8,32,1,5023.26
attention,512,2048,8,64,1,5023.21
attention,512,2048,8,128,1,5021.94
attention,512,2048,8,256,1,5023.41
attention,512,2048,8,512,1,5030.6
attention,512,2048,8,1024,1,5040.27
attention,512,2048,8,2048,1,5052.23
attention,512,2048,8,4096,1,5047.66
attention,512,2048,8,8192,1,5049.03
attention,512,2048,8,16384,1,5049.37
attention,512,2048,16,16,1,5343.24
attention,512,2048,16,32,1,5334.53
attention,512,2048,16,64,1,5334.11
attention,512,2048,16,128,1,5331.15
attention,512,2048,16,256,1,5309.21
attention,512,2048,16,512,1,5277.56
attention,512,2048,16,1024,1,5204.33
attention,512,2048,16,2048,1,5070.96
attention,512,2048,16,4096,1,5074.05
attention,512,2048,16,8192,1,5075
attention,512,2048,16,16384,1,5076.21
attention,512,2048,32,16,1,6138.36
attention,512,2048,32,32,1,6129.1
attention,512,2048,32,64,1,6104.02
attention,512,2048,32,128,1,6088.01
attention,512,2048,32,256,1,6017.21
attention,512,2048,32,512,1,5885.03
attention,512,2048,32,1024,1,5624.39
attention,512,2048,32,2048,1,5112.45
attention,512,2048,32,4096,1,5112.32
attention,512,2048,32,8192,1,5118.19
attention,512,2048,32,16384,1,5117.02
attention,512,2048,64,16,1,7816.88
attention,512,2048,64,32,1,7799.41
attention,512,2048,64,64,1,7747.72
attention,512,2048,64,128,1,7674.95
attention,512,2048,64,256,1,7504.09
attention,512,2048,64,512,1,7173.17
attention,512,2048,64,1024,1,6589.74
attention,512,2048,64,2048,1,5565.61
attention,512,2048,64,4096,1,5570.94
attention,512,2048,64,8192,1,5570.57
attention,512,2048,64,16384,1,5567.93
attention,512,2048,128,16,1,11127.7
attention,512,2048,128,32,1,11083
attention,512,2048,128,64,1,10983.2
attention,512,2048,128,128,1,10818.2
attention,512,2048,128,256,1,10454.2
attention,512,2048,128,512,1,9738.99
attention,512,2048,128,1024,1,8349.1
attention,512,2048,128,2048,1,6100.29
attention,512,2048,128,4096,1,6097.02
attention,512,2048,128,8192,1,6096.07
attention,512,2048,128,16384,1,6099.51
attention,512,4096,0,0,1,4619.23
attention,512,4096,1,16,1,4684.61
attention,512,4096,1,32,1,4684.39
attention,512,4096,1,64,1,4685.95
attention,512,4096,1,128,1,4685.48
attention,512,4096,1,256,1,4687.2
attention,512,4096,1,512,1,4686.47
attention,512,4096,1,1024,1,4691.13
attention,512,4096,1,2048,1,4713.59
attention,512,4096,1,4096,1,4711.56
attention,512,4096,1,8192,1,4713.71
attention,512,4096,1,16384,1,4713.46
attention,512,4096,2,16,1,4686.43
attention,512,4096,2,32,1,4687.94
attention,512,4096,2,64,1,4686.65
attention,512,4096,2,128,1,4688.25
attention,512,4096,2,256,1,4687.57
attention,512,4096,2,512,1,4688.8
attention,512,4096,2,1024,1,4696.64
attention,512,4096,2,2048,1,4717
attention,512,4096,2,4096,1,4717.48
attention,512,4096,2,8192,1,4716.18
attention,512,4096,2,16384,1,4712.87
attention,512,4096,4,16,1,4692.73
attention,512,4096,4,32,1,4689.05
attention,512,4096,4,64,1,4690.41
attention,512,4096,4,128,1,4690.67
attention,512,4096,4,256,1,4689.73
attention,512,4096,4,512,1,4697.25
attention,512,4096,4,1024,1,4705.64
attention,512,4096,4,2048,1,4717.56
attention,512,4096,4,4096,1,4717.23
attention,512,4096,4,8192,1,4714.69
attention,512,4096,4,16384,1,4718.26
attention,512,4096,8,16,1,5020.72
attention,512,4096,8,32,1,5022.2
attention,512,4096,8,64,1,5022.03
attention,512,4096,8,128,1,5022.76
attention,512,4096,8,256,1,5025.74
attention,512,4096,8,512,1,5029.24
attention,512,4096,8,1024,1,5038.82
attention,512,4096,8,2048,1,5053.86
attention,512,4096,8,4096,1,5048.42
attention,512,4096,8,8192,1,5051.62
attention,512,4096,8,16384,1,5053.16
attention,512,4096,16,16,1,5339.8
attention,512,4096,16,32,1,5332.41
attention,512,4096,16,64,1,5330.97
attention,512,4096,16,128,1,5325.73
attention,512,4096,16,256,1,5313.61
attention,512,4096,16,512,1,5275.16
attention,512,4096,16,1024,1,5206.45
attention,512,4096,16,2048,1,5070.33
attention,512,4096,16,4096,1,5074.74
attention,512,4096,16,8192,1,5076.86
attention,512,4096,16,16384,1,5078.95
attention,512,4096,32,16,1,6135.83
attention,512,4096,32,32,1,6127.49
attention,512,4096,32,64,1,6105.12
attention,512,4096,32,128,1,6087.65
attention,512,4096,32,256,1,6017.34
attention,512,4096,32,512,1,5884.86
attention,512,4096,32,1024,1,5620.94
attention,512,4096,32,2048,1,5116.47
attention,512,4096,32,4096,1,5120.9
attention,512,4096,32,8192,1,5117.37
attention,512,4096,32,16384,1,5120.49
attention,512,4096,64,16,1,7820.91
attention,512,4096,64,32,1,7798.34
attention,512,4096,64,64,1,7748.9
attention,512,4096,64,128,1,7675.46
attention,512,4096,64,256,1,7504.93
attention,512,4096,64,512,1,7174.72
attention,512,4096,64,1024,1,6594.87
attention,512,4096,64,2048,1,5570.2
attention,512,4096,64,4096,1,5571.01
attention,512,4096,64,8192,1,5571.73
attention,512,4096,64,16384,1,5572.09
attention,512,4096,128,16,1,11126
attention,512,4096,128,32,1,11079.2
attention,512,4096,128,64,1,10981.5
attention,512,4096,128,128,1,10820.9
attention,512,4096,128,256,1,10455.9
attention,512,4096,128,512,1,9742.32
attention,512,4096,128,1024,1,8357.59
attention,512,4096,128,2048,1,6099.43
attention,512,4096,128,4096,1,6100.15
attention,512,4096,128,8192,1,6098.37
attention,512,4096,128,16384,1,6101.64
attention,512,8192,0,0,1,4626.25
attention,512,8192,1,16,1,4689.9
attention,512,8192,1,32,1,4691.09
attention,512,8192,1,64,1,4688.52
attention,512,8192,1,128,1,4690.46
attention,512,8192,1,256,1,4690.09
attention,512,8192,1,512,1,4689.1
attention,512,8192,1,1024,1,4694
attention,512,8192,1,2048,1,4712.31
attention,512,8192,1,4096,1,4713.49
attention,512,8192,1,8192,1,4715.51
attention,512,8192,1,16384,1,4713.87
attention,512,8192,2,16,1,4690.64
attention,512,8192,2,32,1,4691.52
attention,512,8192,2,64,1,4691.74
attention,512,8192,2,128,1,4691.24
attention,512,8192,2,256,1,4693.46
attention,512,8192,2,512,1,4693.96
attention,512,8192,2,1024,1,4697.51
attention,512,8192,2,2048,1,4716.48
attention,512,8192,2,4096,1,4715.56
attention,512,8192,2,8192,1,4717.61
attention,512,8192,2,16384,1,4711.4
attention,512,8192,4,16,1,4692.45
attention,512,8192,4,32,1,4692.43
attention,512,8192,4,64,1,4694.7
attention,512,8192,4,128,1,4693.1
attention,512,8192,4,256,1,4693.87
attention,512,8192,4,512,1,4695.15
attention,512,8192,4,1024,1,4701.65
attention,512,8192,4,2048,1,4720.95
attention,512,8192,4,4096,1,4718.98
attention,512,8192,4,8192,1,4711.41
attention,512,8192,4,16384,1,4717.54
attention,512,8192,8,16,1,5023.99
attention,512,8192,8,32,1,5026.03
attention,512,8192,8,64,1,5025.85
attention,512,8192,8,128,1,5026.71
attention,512,8192,8,256,1,5028.24
attention,512,8192,8,512,1,5033.75
attention,512,8192,8,1024,1,5050.81
attention,512,8192,8,2048,1,5057.77
attention,512,8192,8,4096,1,5047.33
attention,512,8192,8,8192,1,5059.13
attention,512,8192,8,16384,1,5059.25
attention,512,8192,16,16,1,5361.33
attention,512,8192,16,32,1,5332.41
attention,512,8192,16,64,1,5339.17
attention,512,8192,16,128,1,5325.27
attention,512,8192,16,256,1,5318
attention,512,8192,16,512,1,5277.27
attention,512,8192,16,1024,1,5212.37
attention,512,8192,16,2048,1,5071.18
attention,512,8192,16,4096,1,5076.81
attention,512,8192,16,8192,1,5081.65
attention,512,8192,16,16384,1,5079.21
attention,512,8192,32,16,1,6138.59
attention,512,8192,32,32,1,6128.26
attention,512,8192,32,64,1,6128.25
attention,512,8192,32,128,1,6090.64
attention,512,8192,32,256,1,6019.12
attention,512,8192,32,512,1,5891.25
attention,512,8192,32,1024,1,5623.05
attention,512,8192,32,2048,1,5118.01
attention,512,8192,32,4096,1,5121.01
attention,512,8192,32,8192,1,5122.77
attention,512,8192,32,16384,1,5120.8
attention,512,8192,64,16,1,7820.95
attention,512,8192,64,32,1,7798.78
attention,512,8192,64,64,1,7753.72
attention,512,8192,64,128,1,7679.17
attention,512,8192,64,256,1,7510.78
attention,512,8192,64,512,1,7172.22
attention,512,8192,64,1024,1,6597.8
attention,512,8192,64,2048,1,5574.05
attention,512,8192,64,4096,1,5574.47
attention,512,8192,64,8192,1,5576.56
attention,512,8192,64,16384,1,5573.18
attention,512,8192,128,16,1,11130.6
attention,512,8192,128,32,1,11084.8
attention,512,8192,128,64,1,10983.5
attention,512,8192,128,128,1,10830.2
attention,512,8192,128,256,1,10458.2
attention,512,8192,128,512,1,9745.84
attention,512,8192,128,1024,1,8361.08
attention,512,8192,128,2048,1,6104.36
attention,512,8192,128,4096,1,6103.51
attention,512,8192,128,8192,1,6099.25
attention,512,8192,128,16384,1,6104.13
attention,512,16384,0,0,1,4613.28
attention,512,16384,1,16,1,4694.77
attention,512,16384,1,32,1,4692.68
attention,512,16384,1,64,1,4694.43
attention,512,16384,1,128,1,4694.24
attention,512,16384,1,256,1,4695.96
attention,512,16384,1,512,1,4693.84
attention,512,16384,1,1024,1,4699.75
attention,512,16384,1,2048,1,4720.64
attention,512,16384,1,4096,1,4721.67
attention,512,16384,1,8192,1,4719.59
attention,512,16384,1,16384,1,4705.45
attention,512,16384,2,16,1,4696.43
attention,512,16384,2,32,1,4696.65
attention,512,16384,2,64,1,4698
attention,512,16384,2,128,1,4696
attention,512,16384,2,256,1,4696.75
attention,512,16384,2,512,1,4695.74
attention,512,16384,2,1024,1,4704.96
attention,512,16384,2,2048,1,4724.21
attention,512,16384,2,4096,1,4724.33
attention,512,16384,2,8192,1,4709.14
attention,512,16384,2,16384,1,4717.32
attention,512,16384,4,16,1,4698.34
attention,512,16384,4,32,1,4701.41
attention,512,16384,4,64,1,4697.77
attention,512,16384,4,128,1,4700.43
attention,512,16384,4,256,1,4698.33
attention,512,16384,4,512,1,4701.72
attention,512,16384,4,1024,1,4711.09
attention,512,16384,4,2048,1,4726.42
attention,512,16384,4,4096,1,4713.78
attention,512,16384,4,8192,1,4721.85
attention,512,16384,4,16384,1,4730.08
attention,512,16384,8,16,1,5032.06
attention,512,16384,8,32,1,5032.7
attention,512,16384,8,64,1,5029.87
attention,512,16384,8,128,1,5033.4
attention,512,16384,8,256,1,5032.04
attention,512,16384,8,512,1,5038.31
attention,512,16384,8,1024,1,5049.2
attention,512,16384,8,2048,1,5047.68
attention,512,16384,8,4096,1,5056.5
attention,512,16384,8,8192,1,5061.41
attention,512,16384,8,16384,1,5065.74
attention,512,16384,16,16,1,5344.94
attention,512,16384,16,32,1,5348.29
attention,512,16384,16,64,1,5339.05
attention,512,16384,16,128,1,5335.63
attention,512,16384,16,256,1,5315.2
attention,512,16384,16,512,1,5283.85
attention,512,16384,16,1024,1,5200.08
attention,512,16384,16,2048,1,5074.66
attention,512,16384,16,4096,1,5088.14
attention,512,16384,16,8192,1,5089.63
attention,512,16384,16,16384,1,5085.3
attention,512,16384,32,16,1,6145.69
attention,512,16384,32,32,1,6137.16
attention,512,16384,32,64,1,6116.75
attention,512,16384,32,128,1,6097.13
attention,512,16384,32,256,1,6026.92
attention,512,16384,32,512,1,5883.83
attention,512,16384,32,1024,1,5626.33
attention,512,16384,32,2048,1,5127.42
attention,512,16384,32,4096,1,5131.1
attention,512,16384,32,8192,1,5128.73
attention,512,16384,32,16384,1,5126.03
attention,512,16384,64,16,1,7834.7
attention,512,16384,64,32,1,7807.28
attention,512,16384,64,64,1,7755
attention,512,16384,64,128,1,7684.73
attention,512,16384,64,256,1,7498.88
attention,512,16384,64,512,1,7177.95
attention,512,16384,64,1024,1,6596.9
attention,512,16384,64,2048,1,5581.7
attention,512,16384,64,4096,1,5579.05
attention,512,16384,64,8192,1,5579.49
attention,512,16384,64,16384,1,5577.02
attention,512,16384,128,16,1,11142.8
attention,512,16384,128,32,1,11091.2
attention,512,16384,128,64,1,10992.4
attention,512,16384,128,128,1,10822.4
attention,512,16384,128,256,1,10460.7
attention,512,16384,128,512,1,9754.71
attention,512,16384,128,1024,1,8360.14
attention,512,16384,128,2048,1,6112.93
attention,512,16384,128,4096,1,6106.29
attention,512,16384,128,8192,1,6106.49
attention,512,16384,128,16384,1,6106.47
attention,1024,0,0,0,1,41133.2
attention,1024,0,1,16,1,41226.3
attention,1024,0,1,32,1,41222.9
attention,1024,0,1,64,1,41220.8
attention,1024,0,1,128,1,41217.2
attention,1024,0,1,256,1,41217.2
attention,1024,0,1,512,1,41208.5
attention,1024,0,1,1024,1,41200.9
attention,1024,0,1,2048,1,41172.6
attention,1024,0,1,4096,1,41176.9
attention,1024,0,1,8192,1,41174.2
attention,1024,0,1,16384,1,41177.7
attention,1024,0,2,16,1,41278.9
attention,1024,0,2,32,1,41276.2
attention,1024,0,2,64,1,41275.9
attention,1024,0,2,128,1,41273.6
attention,1024,0,2,256,1,41264.5
attention,1024,0,2,512,1,41253.4
attention,1024,0,2,1024,1,41228.4
attention,1024,0,2,2048,1,41184.9
attention,1024,0,2,4096,1,41182.9
attention,1024,0,2,8192,1,41180.6
attention,1024,0,2,16384,1,41185.1
attention,1024,0,4,16,1,41379.2
attention,1024,0,4,32,1,41377.4
attention,1024,0,4,64,1,41376
attention,1024,0,4,128,1,41369.8
attention,1024,0,4,256,1,41356
attention,1024,0,4,512,1,41334.7
attention,1024,0,4,1024,1,41285.3
attention,1024,0,4,2048,1,41190.1
attention,1024,0,4,4096,1,41188.5
attention,1024,0,4,8192,1,41191.1
attention,1024,0,4,16384,1,41190.3
attention,1024,0,8,16,1,41594.4
attention,1024,0,8,32,1,41594
attention,1024,0,8,64,1,41592.9
attention,1024,0,8,128,1,41583.3
attention,1024,0,8,256,1,41548.4
attention,1024,0,8,512,1,41503.3
attention,1024,0,8,1024,1,41394.2
attention,1024,0,8,2048,1,41203.6
attention,1024,0,8,4096,1,41200.7
attention,1024,0,8,8192,1,41200.6
attention,1024,0,8,16384,1,41199.6
attention,1024,0,16,16,1,42037.2
attention,1024,0,16,32,1,42029.7
attention,1024,0,16,64,1,42006.4
attention,1024,0,16,128,1,41985.7
attention,1024,0,16,256,1,41939.1
attention,1024,0,16,512,1,41834.9
attention,1024,0,16,1024,1,41645.6
attention,1024,0,16,2048,1,41232.8
attention,1024,0,16,4096,1,41232.1
attention,1024,0,16,8192,1,41236.8
attention,1024,0,16,16384,1,41233
attention,1024,0,32,16,1,42843
attention,1024,0,32,32,1,42829.9
attention,1024,0,32,64,1,42803.2
attention,1024,0,32,128,1,42764.1
attention,1024,0,32,256,1,42669.2
attention,1024,0,32,512,1,42464.9
attention,1024,0,32,1024,1,42075.8
attention,1024,0,32,2048,1,41293.8
attention,1024,0,32,4096,1,41293.9
attention,1024,0,32,8192,1,41296
attention,1024,0,32,16384,1,41292.9
attention,1024,0,64,16,1,44521.5
attention,1024,0,64,32,1,44498.5
attention,1024,0,64,64,1,44454.3
attention,1024,0,64,128,1,44405.6
attention,1024,0,64,256,1,44209.9
attention,1024,0,64,512,1,43847.5
attention,1024,0,64,1024,1,43132.2
attention,1024,0,64,2048,1,41701.9
attention,1024,0,64,4096,1,41701.6
attention,1024,0,64,8192,1,41696.1
attention,1024,0,64,16384,1,41676.3
attention,1024,0,128,16,1,47840.2
attention,1024,0,128,32,1,47801.7
attention,1024,0,128,64,1,47701
attention,1024,0,128,128,1,47543.1
attention,1024,0,128,256,1,47151
attention,1024,0,128,512,1,46401.8
attention,1024,0,128,1024,1,44976.1
attention,1024,0,128,2048,1,42235.4
attention,1024,0,128,4096,1,42241.7
attention,1024,0,128,8192,1,42221.3
attention,1024,0,128,16384,1,42210.6
attention,1024,16,0,0,1,40739.9
attention,1024,16,1,16,1,40912.7
attention,1024,16,1,32,1,40910.5
attention,1024,16,1,64,1,40902.8
attention,1024,16,1,128,1,40892
attention,1024,16,1,256,1,40882.8
attention,1024,16,1,512,1,40853.5
attention,1024,16,1,1024,1,40802.8
attention,1024,16,1,2048,1,40783.5
attention,1024,16,1,4096,1,40783.4
attention,1024,16,1,8192,1,40786
attention,1024,16,1,16384,1,40787.2
attention,1024,16,2,16,1,40969.9
attention,1024,16,2,32,1,40963.8
attention,1024,16,2,64,1,40957.9
attention,1024,16,2,128,1,40952.8
attention,1024,16,2,256,1,40946.4
attention,1024,16,2,512,1,40911
attention,1024,16,2,1024,1,40841.9
attention,1024,16,2,2048,1,40792.7
attention,1024,16,2,4096,1,40793.4
attention,1024,16,2,8192,1,40796.8
attention,1024,16,2,16384,1,40794.5
attention,1024,16,4,16,1,41048.5
attention,1024,16,4,32,1,41049.4
attention,1024,16,4,64,1,41041.2
attention,1024,16,4,128,1,41033.6
attention,1024,16,4,256,1,41016.5
attention,1024,16,4,512,1,40985.2
attention,1024,16,4,1024,1,40896.6
attention,1024,16,4,2048,1,40795.6
attention,1024,16,4,4096,1,40796.8
attention,1024,16,4,8192,1,40794.9
attention,1024,16,4,16384,1,40796
attention,1024,16,8,16,1,41238.7
attention,1024,16,8,32,1,41238.4
attention,1024,16,8,64,1,41219.9
attention,1024,16,8,128,1,41207.1
attention,1024,16,8,256,1,41182.5
attention,1024,16,8,512,1,41139.5
attention,1024,16,8,1024,1,41027.5
attention,1024,16,8,2048,1,40814.3
attention,1024,16,8,4096,1,40811.4
attention,1024,16,8,8192,1,40813.4
attention,1024,16,8,16384,1,40813.2
attention,1024,16,16,16,1,41660.4
attention,1024,16,16,32,1,41645.5
attention,1024,16,16,64,1,41641.2
attention,1024,16,16,128,1,41618.3
attention,1024,16,16,256,1,41570
attention,1024,16,16,512,1,41462.4
attention,1024,16,16,1024,1,41258.2
attention,1024,16,16,2048,1,40843.1
attention,1024,16,16,4096,1,40845.2
attention,1024,16,16,8192,1,40847.1
attention,1024,16,16,16384,1,40839.7
attention,1024,16,32,16,1,42459.5
attention,1024,16,32,32,1,42455.2
attention,1024,16,32,64,1,42424
attention,1024,16,32,128,1,42378.3
attention,1024,16,32,256,1,42278.4
attention,1024,16,32,512,1,42084.4
attention,1024,16,32,1024,1,41691.9
attention,1024,16,32,2048,1,41064.6
attention,1024,16,32,4096,1,41041.7
attention,1024,16,32,8192,1,41051.1
attention,1024,16,32,16384,1,41053.9
attention,1024,16,64,16,1,44152.1
attention,1024,16,64,32,1,44126.1
attention,1024,16,64,64,1,44075.9
attention,1024,16,64,128,1,43978.4
attention,1024,16,64,256,1,43787.9
attention,1024,16,64,512,1,43395.6
attention,1024,16,64,1024,1,42614.1
attention,1024,16,64,2048,1,41327.5
attention,1024,16,64,4096,1,41323.5
attention,1024,16,64,8192,1,41328.4
attention,1024,16,64,16384,1,41324.4
attention,1024,16,128,16,1,47456.3
attention,1024,16,128,32,1,47408.5
attention,1024,16,128,64,1,47317.4
attention,1024,16,128,128,1,47123.9
attention,1024,16,128,256,1,46728.2
attention,1024,16,128,512,1,45950.2
attention,1024,16,128,1024,1,44390.7
attention,1024,16,128,2048,1,42047.2
attention,1024,16,128,4096,1,42036.6
attention,1024,16,128,8192,1,42050.9
attention,1024,16,128,16384,1,42030
attention,1024,32,0,0,1,40350.3
attention,1024,32,1,16,1,40513
attention,1024,32,1,32,1,40513.5
attention,1024,32,1,64,1,40506.4
attention,1024,32,1,128,1,40512.4
attention,1024,32,1,256,1,40507.9
attention,1024,32,1,512,1,40472.4
attention,1024,32,1,1024,1,40418.6
attention,1024,32,1,2048,1,40394.4
attention,1024,32,1,4096,1,40398.9
attention,1024,32,1,8192,1,40392
attention,1024,32,1,16384,1,40397.1
attention,1024,32,2,16,1,40585.8
attention,1024,32,2,32,1,40567.3
attention,1024,32,2,64,1,40577.1
attention,1024,32,2,128,1,40568.4
attention,1024,32,2,256,1,40560.7
attention,1024,32,2,512,1,40524.2
attention,1024,32,2,1024,1,40452.6
attention,1024,32,2,2048,1,40407.3
attention,1024,32,2,4096,1,40406
attention,1024,32,2,8192,1,40400.7
attention,1024,32,2,16384,1,40401.4
attention,1024,32,4,16,1,40665.3
attention,1024,32,4,32,1,40656.5
attention,1024,32,4,64,1,40660.1
attention,1024,32,4,128,1,40651.1
attention,1024,32,4,256,1,40637.8
attention,1024,32,4,512,1,40597.4
attention,1024,32,4,1024,1,40508.2
attention,1024,32,4,2048,1,40408.5
attention,1024,32,4,4096,1,40406.7
attention,1024,32,4,8192,1,40401.3
attention,1024,32,4,16384,1,40408.7
attention,1024,32,8,16,1,40845.8
attention,1024,32,8,32,1,40848
attention,1024,32,8,64,1,40834.5
attention,1024,32,8,128,1,40816.5
attention,1024,32,8,256,1,40790.6
attention,1024,32,8,512,1,40741.7
attention,1024,32,8,1024,1,40629.1
attention,1024,32,8,2048,1,40421.1
attention,1024,32,8,4096,1,40415.9
attention,1024,32,8,8192,1,40418.3
attention,1024,32,8,16384,1,40427
attention,1024,32,16,16,1,41266.9
attention,1024,32,16,32,1,41250.7
attention,1024,32,16,64,1,41241.4
attention,1024,32,16,128,1,41224
attention,1024,32,16,256,1,41172.9
attention,1024,32,16,512,1,41065.2
attention,1024,32,16,1024,1,40866.7
attention,1024,32,16,2048,1,40456.2
attention,1024,32,16,4096,1,40451.6
attention,1024,32,16,8192,1,40450.5
attention,1024,32,16,16384,1,40453.4
attention,1024,32,32,16,1,42078
attention,1024,32,32,32,1,42060.1
attention,1024,32,32,64,1,42041
attention,1024,32,32,128,1,41984.5
attention,1024,32,32,256,1,41888.4
attention,1024,32,32,512,1,41689.1
attention,1024,32,32,1024,1,41300.9
attention,1024,32,32,2048,1,40646.6
attention,1024,32,32,4096,1,40641.9
attention,1024,32,32,8192,1,40644.4
attention,1024,32,32,16384,1,40641
attention,1024,32,64,16,1,43756.7
attention,1024,32,64,32,1,43733.8
attention,1024,32,64,64,1,43684.5
attention,1024,32,64,128,1,43580.1
attention,1024,32,64,256,1,43389.5
attention,1024,32,64,512,1,42996.3
attention,1024,32,64,1024,1,42222.5
attention,1024,32,64,2048,1,40936.6
attention,1024,32,64,4096,1,40931.7
attention,1024,32,64,8192,1,40936.9
attention,1024,32,64,16384,1,40932.2
attention,1024,32,128,16,1,47075.5
attention,1024,32,128,32,1,47027.2
attention,1024,32,128,64,1,46926.8
attention,1024,32,128,128,1,46732.1
attention,1024,32,128,256,1,46338.7
attention,1024,32,128,512,1,45564.1
attention,1024,32,128,1024,1,43995.6
attention,1024,32,128,2048,1,41649.7
attention,1024,32,128,4096,1,41618.6
attention,1024,32,128,8192,1,41617.7
attention,1024,32,128,16384,1,41623.6
attention,1024,64,0,0,1,39580
attention,1024,64,1,16,1,39726.7
attention,1024,64,1,32,1,39731.9
attention,1024,64,1,64,1,39733.2
attention,1024,64,1,128,1,39716.4
attention,1024,64,1,256,1,39695.1
attention,1024,64,1,512,1,39681.9
attention,1024,64,1,1024,1,39644.6
attention,1024,64,1,2048,1,39619.8
attention,1024,64,1,4096,1,39619.2
attention,1024,64,1,8192,1,39617.7
attention,1024,64,1,16384,1,39619.9
attention,1024,64,2,16,1,39781.2
attention,1024,64,2,32,1,39790.1
attention,1024,64,2,64,1,39780.8
attention,1024,64,2,128,1,39787.9
attention,1024,64,2,256,1,39772
attention,1024,64,2,512,1,39743.3
attention,1024,64,2,1024,1,39679.6
attention,1024,64,2,2048,1,39630
attention,1024,64,2,4096,1,39634
attention,1024,64,2,8192,1,39629.8
attention,1024,64,2,16384,1,39636.8
attention,1024,64,4,16,1,39876.7
attention,1024,64,4,32,1,39880.1
attention,1024,64,4,64,1,39877.6
attention,1024,64,4,128,1,39871.1
attention,1024,64,4,256,1,39860.5
attention,1024,64,4,512,1,39818.1
attention,1024,64,4,1024,1,39733.4
attention,1024,64,4,2048,1,39636.1
attention,1024,64,4,4096,1,39632.1
attention,1024,64,4,8192,1,39637
attention,1024,64,4,16384,1,39630.4
attention,1024,64,8,16,1,40040
attention,1024,64,8,32,1,40041.7
attention,1024,64,8,64,1,40032.1
attention,1024,64,8,128,1,40026
attention,1024,64,8,256,1,39997.2
attention,1024,64,8,512,1,39941.5
attention,1024,64,8,1024,1,39846.5
attention,1024,64,8,2048,1,39649
attention,1024,64,8,4096,1,39651
attention,1024,64,8,8192,1,39651.4
attention,1024,64,8,16384,1,39652.4
attention,1024,64,16,16,1,40491.4
attention,1024,64,16,32,1,40488.1
attention,1024,64,16,64,1,40466.1
attention,1024,64,16,128,1,40430.2
attention,1024,64,16,256,1,40389.3
attention,1024,64,16,512,1,40289.1
attention,1024,64,16,1024,1,40097.2
attention,1024,64,16,2048,1,39670.8
attention,1024,64,16,4096,1,39677.2
attention,1024,64,16,8192,1,39675
attention,1024,64,16,16384,1,39674.3
attention,1024,64,32,16,1,41293.3
attention,1024,64,32,32,1,41283.3
attention,1024,64,32,64,1,41255.2
attention,1024,64,32,128,1,41207.8
attention,1024,64,32,256,1,41113.2
attention,1024,64,32,512,1,40917.8
attention,1024,64,32,1024,1,40528.2
attention,1024,64,32,2048,1,39845.5
attention,1024,64,32,4096,1,39841.2
attention,1024,64,32,8192,1,39836.8
attention,1024,64,32,16384,1,39858.6
attention,1024,64,64,16,1,42981.5
attention,1024,64,64,32,1,42950.5
attention,1024,64,64,64,1,42904.3
attention,1024,64,64,128,1,42800.5
attention,1024,64,64,256,1,42604.5
attention,1024,64,64,512,1,42209.2
attention,1024,64,64,1024,1,41427.7
attention,1024,64,64,2048,1,40154.7
attention,1024,64,64,4096,1,40150.6
attention,1024,64,64,8192,1,40148.6
attention,1024,64,64,16384,1,40148.2
attention,1024,64,128,16,1,46297.2
attention,1024,64,128,32,1,46248.3
attention,1024,64,128,64,1,46151
attention,1024,64,128,128,1,45965.9
attention,1024,64,128,256,1,45578.7
attention,1024,64,128,512,1,44797.9
attention,1024,64,128,1024,1,43230.5
attention,1024,64,128,2048,1,40823.1
attention,1024,64,128,4096,1,40828.9
attention,1024,64,128,8192,1,40830.3
attention,1024,64,128,16384,1,40848.7
attention,1024,128,0,0,1,38062.3
attention,1024,128,1,16,1,38215.5
attention,1024,128,1,32,1,38197.8
attention,1024,128,1,64,1,38195.6
attention,1024,128,1,128,1,38192
attention,1024,128,1,256,1,38172.7
attention,1024,128,1,512,1,38174.7
attention,1024,128,1,1024,1,38138.1
attention,1024,128,1,2048,1,38111
attention,1024,128,1,4096,1,38110.9
attention,1024,128,1,8192,1,38109.1
attention,1024,128,1,16384,1,38109.1
attention,1024,128,2,16,1,38278.9
attention,1024,128,2,32,1,38282.1
attention,1024,128,2,64,1,38285.8
attention,1024,128,2,128,1,38274.5
attention,1024,128,2,256,1,38263.9
attention,1024,128,2,512,1,38229.2
attention,1024,128,2,1024,1,38174.8
attention,1024,128,2,2048,1,38126.3
attention,1024,128,2,4096,1,38123.2
attention,1024,128,2,8192,1,38119.1
attention,1024,128,2,16384,1,38121.6
attention,1024,128,4,16,1,38372.8
attention,1024,128,4,32,1,38367.5
attention,1024,128,4,64,1,38367
attention,1024,128,4,128,1,38356.2
attention,1024,128,4,256,1,38342.2
attention,1024,128,4,512,1,38302.6
attention,1024,128,4,1024,1,38224.3
attention,1024,128,4,2048,1,38126.2
attention,1024,128,4,4096,1,38122
attention,1024,128,4,8192,1,38123.8
attention,1024,128,4,16384,1,38126
attention,1024,128,8,16,1,38529.7
attention,1024,128,8,32,1,38529.5
attention,1024,128,8,64,1,38521.2
attention,1024,128,8,128,1,38509.8
attention,1024,128,8,256,1,38484.9
attention,1024,128,8,512,1,38435.1
attention,1024,128,8,1024,1,38335.3
attention,1024,128,8,2048,1,38140.5
attention,1024,128,8,4096,1,38139.5
attention,1024,128,8,8192,1,38136
attention,1024,128,8,16384,1,38140.6
attention,1024,128,16,16,1,38925.6
attention,1024,128,16,32,1,38919.1
attention,1024,128,16,64,1,38908.7
attention,1024,128,16,128,1,38885.1
attention,1024,128,16,256,1,38833.2
attention,1024,128,16,512,1,38738.6
attention,1024,128,16,1024,1,38544.4
attention,1024,128,16,2048,1,38168.2
attention,1024,128,16,4096,1,38160.4
attention,1024,128,16,8192,1,38158.1
attention,1024,128,16,16384,1,38159.2
attention,1024,128,32,16,1,39784
attention,1024,128,32,32,1,39770.3
attention,1024,128,32,64,1,39751.4
attention,1024,128,32,128,1,39699.1
attention,1024,128,32,256,1,39604.1
attention,1024,128,32,512,1,39407.3
attention,1024,128,32,1024,1,39015.4
attention,1024,128,32,2048,1,38336.3
attention,1024,128,32,4096,1,38334.3
attention,1024,128,32,8192,1,38345.8
attention,1024,128,32,16384,1,38350
attention,1024,128,64,16,1,41417
attention,1024,128,64,32,1,41394.6
attention,1024,128,64,64,1,41342.4
attention,1024,128,64,128,1,41249.3
attention,1024,128,64,256,1,41057.9
attention,1024,128,64,512,1,40667.6
attention,1024,128,64,1024,1,39889.6
attention,1024,128,64,2048,1,38639.4
attention,1024,128,64,4096,1,38635.4
attention,1024,128,64,8192,1,38641.3
attention,1024,128,64,16384,1,38633.2
attention,1024,128,128,16,1,44798.1
attention,1024,128,128,32,1,44756.4
attention,1024,128,128,64,1,44652.8
attention,1024,128,128,128,1,44473
attention,1024,128,128,256,1,44085.8
attention,1024,128,128,512,1,43301.1
attention,1024,128,128,1024,1,41703
attention,1024,128,128,2048,1,39297.7
attention,1024,128,128,4096,1,39297.3
attention,1024,128,128,8192,1,39312.8
attention,1024,128,128,16384,1,39303.8
attention,1024,256,0,0,1,34977.3
attention,1024,256,1,16,1,35131.9
attention,1024,256,1,32,1,35135.2
attention,1024,256,1,64,1,35139.3
attention,1024,256,1,128,1,35124.1
attention,1024,256,1,256,1,35120.7
attention,1024,256,1,512,1,35105.6
attention,1024,256,1,1024,1,35057.4
attention,1024,256,1,2048,1,35056.4
attention,1024,256,1,4096,1,35056.9
attention,1024,256,1,8192,1,35019.3
attention,1024,256,1,16384,1,35039.6
attention,1024,256,2,16,1,35190.4
attention,1024,256,2,32,1,35206.2
attention,1024,256,2,64,1,35192
attention,1024,256,2,128,1,35172.6
attention,1024,256,2,256,1,35193
attention,1024,256,2,512,1,35148.4
attention,1024,256,2,1024,1,35094.8
attention,1024,256,2,2048,1,35063.1
attention,1024,256,2,4096,1,35055
attention,1024,256,2,8192,1,35046.8
attention,1024,256,2,16384,1,35047.1
attention,1024,256,4,16,1,35292
attention,1024,256,4,32,1,35289.1
attention,1024,256,4,64,1,35278
attention,1024,256,4,128,1,35283.8
attention,1024,256,4,256,1,35253.4
attention,1024,256,4,512,1,35218.4
attention,1024,256,4,1024,1,35151.8
attention,1024,256,4,2048,1,35056.1
attention,1024,256,4,4096,1,35064
attention,1024,256,4,8192,1,35052.8
attention,1024,256,4,16384,1,35069.3
attention,1024,256,8,16,1,35444.9
attention,1024,256,8,32,1,35447.4
attention,1024,256,8,64,1,35443.7
attention,1024,256,8,128,1,35431.2
attention,1024,256,8,256,1,35400.1
attention,1024,256,8,512,1,35350.3
attention,1024,256,8,1024,1,35231.7
attention,1024,256,8,2048,1,35108.5
attention,1024,256,8,4096,1,35104
attention,1024,256,8,8192,1,35096.4
attention,1024,256,8,16384,1,35087.7
attention,1024,256,16,16,1,35830.4
attention,1024,256,16,32,1,35814.7
attention,1024,256,16,64,1,35803.6
attention,1024,256,16,128,1,35779.8
attention,1024,256,16,256,1,35728.7
attention,1024,256,16,512,1,35633.6
attention,1024,256,16,1024,1,35437.2
attention,1024,256,16,2048,1,35118.3
attention,1024,256,16,4096,1,35131.9
attention,1024,256,16,8192,1,35134.5
attention,1024,256,16,16384,1,35161.8
attention,1024,256,32,16,1,36662.5
attention,1024,256,32,32,1,36653.3
attention,1024,256,32,64,1,36628.5
attention,1024,256,32,128,1,36577.4
attention,1024,256,32,256,1,36470.9
attention,1024,256,32,512,1,36282.4
attention,1024,256,32,1024,1,35889.1
attention,1024,256,32,2048,1,35271.9
attention,1024,256,32,4096,1,35285
attention,1024,256,32,8192,1,35297.7
attention,1024,256,32,16384,1,35279.6
attention,1024,256,64,16,1,38320.1
attention,1024,256,64,32,1,38296.6
attention,1024,256,64,64,1,38242.5
attention,1024,256,64,128,1,38152.6
attention,1024,256,64,256,1,37960.6
attention,1024,256,64,512,1,37566.4
attention,1024,256,64,1024,1,36790.5
attention,1024,256,64,2048,1,35616.4
attention,1024,256,64,4096,1,35624.6
attention,1024,256,64,8192,1,35626.2
attention,1024,256,64,16384,1,35610.9
attention,1024,256,128,16,1,41648.8
attention,1024,256,128,32,1,41605.3
attention,1024,256,128,64,1,41501.1
attention,1024,256,128,128,1,41307.3
attention,1024,256,128,256,1,40915.9
attention,1024,256,128,512,1,40138.4
attention,1024,256,128,1024,1,38579
attention,1024,256,128,2048,1,36286.1
attention,1024,256,128,4096,1,36271.8
attention,1024,256,128,8192,1,36266.2
attention,1024,256,128,16384,1,36290.8
attention,1024,512,0,0,1,28792.6
attention,1024,512,1,16,1,28951.6
attention,1024,512,1,32,1,28928.6
attention,1024,512,1,64,1,28930.2
attention,1024,512,1,128,1,28920.5
attention,1024,512,1,256,1,28916.7
attention,1024,512,1,512,1,28935.3
attention,1024,512,1,1024,1,28908.2
attention,1024,512,1,2048,1,28827.4
attention,1024,512,1,4096,1,28841.2
attention,1024,512,1,8192,1,28840.3
attention,1024,512,1,16384,1,28826.2
attention,1024,512,2,16,1,28984.1
attention,1024,512,2,32,1,29008.7
attention,1024,512,2,64,1,29010.8
attention,1024,512,2,128,1,28998.2
attention,1024,512,2,256,1,28994.1
attention,1024,512,2,512,1,28984.1
attention,1024,512,2,1024,1,28926.8
attention,1024,512,2,2048,1,28848.1
attention,1024,512,2,4096,1,28867.4
attention,1024,512,2,8192,1,28843.4
attention,1024,512,2,16384,1,28839.9
attention,1024,512,4,16,1,29097
attention,1024,512,4,32,1,29111.4
attention,1024,512,4,64,1,29091.5
attention,1024,512,4,128,1,29092.4
attention,1024,512,4,256,1,29080.8
attention,1024,512,4,512,1,29054.2
attention,1024,512,4,1024,1,28985.8
attention,1024,512,4,2048,1,28859
attention,1024,512,4,4096,1,28848.7
attention,1024,512,4,8192,1,28853.9
attention,1024,512,4,16384,1,28855.5
attention,1024,512,8,16,1,29282.4
attention,1024,512,8,32,1,29253.5
attention,1024,512,8,64,1,29255.3
attention,1024,512,8,128,1,29243.8
attention,1024,512,8,256,1,29220.8
attention,1024,512,8,512,1,29184.9
attention,1024,512,8,1024,1,29099
attention,1024,512,8,2048,1,28865.3
attention,1024,512,8,4096,1,28873.2
attention,1024,512,8,8192,1,28899.8
attention,1024,512,8,16384,1,28868.4
attention,1024,512,16,16,1,29681.9
attention,1024,512,16,32,1,29685.6
attention,1024,512,16,64,1,29665.7
attention,1024,512,16,128,1,29642
attention,1024,512,16,256,1,29606.1
attention,1024,512,16,512,1,29500.7
attention,1024,512,16,1024,1,29291.8
attention,1024,512,16,2048,1,28979.1
attention,1024,512,16,4096,1,28952.7
attention,1024,512,16,8192,1,28941.2
attention,1024,512,16,16384,1,28964
attention,1024,512,32,16,1,30495.6
attention,1024,512,32,32,1,30481.3
attention,1024,512,32,64,1,30450.4
attention,1024,512,32,128,1,30423.1
attention,1024,512,32,256,1,30321.1
attention,1024,512,32,512,1,30126.9
attention,1024,512,32,1024,1,29738.6
attention,1024,512,32,2048,1,29192.8
attention,1024,512,32,4096,1,29185.8
attention,1024,512,32,8192,1,29177.7
attention,1024,512,32,16384,1,29184.7
attention,1024,512,64,16,1,32179.6
attention,1024,512,64,32,1,32159
attention,1024,512,64,64,1,32110
attention,1024,512,64,128,1,32004.3
attention,1024,512,64,256,1,31821.2
attention,1024,512,64,512,1,31424.8
attention,1024,512,64,1024,1,30620
attention,1024,512,64,2048,1,29443
attention,1024,512,64,4096,1,29422.9
attention,1024,512,64,8192,1,29450.5
attention,1024,512,64,16384,1,29487.8
attention,1024,512,128,16,1,35499
attention,1024,512,128,32,1,35448.4
attention,1024,512,128,64,1,35349.5
attention,1024,512,128,128,1,35153.6
attention,1024,512,128,256,1,34796.9
attention,1024,512,128,512,1,34012.7
attention,1024,512,128,1024,1,32474.2
attention,1024,512,128,2048,1,30176.8
attention,1024,512,128,4096,1,30179.6
attention,1024,512,128,8192,1,30179.4
attention,1024,512,128,16384,1,30169.6
attention,1024,1024,0,0,1,17724.6
attention,1024,1024,1,16,1,17753.2
attention,1024,1024,1,32,1,17760.7
attention,1024,1024,1,64,1,17753.8
attention,1024,1024,1,128,1,17768.7
attention,1024,1024,1,256,1,17744.3
attention,1024,1024,1,512,1,17773.2
attention,1024,1024,1,1024,1,17799
attention,1024,1024,1,2048,1,17820
attention,1024,1024,1,4096,1,17811.1
attention,1024,1024,1,8192,1,17805.8
attention,1024,1024,1,16384,1,17806.3
attention,1024,1024,2,16,1,17787.1
attention,1024,1024,2,32,1,17792.5
attention,1024,1024,2,64,1,17814.4
attention,1024,1024,2,128,1,17820.2
attention,1024,1024,2,256,1,17766.2
attention,1024,1024,2,512,1,17828.4
attention,1024,1024,2,1024,1,17811.9
attention,1024,1024,2,2048,1,17828.1
attention,1024,1024,2,4096,1,17839.2
attention,1024,1024,2,8192,1,17862.9
attention,1024,1024,2,16384,1,17819.4
attention,1024,1024,4,16,1,17790.8
attention,1024,1024,4,32,1,17758.1
attention,1024,1024,4,64,1,17775.5
attention,1024,1024,4,128,1,17788.4
attention,1024,1024,4,256,1,17777
attention,1024,1024,4,512,1,17775.2
attention,1024,1024,4,1024,1,17812.5
attention,1024,1024,4,2048,1,17866.5
attention,1024,1024,4,4096,1,17798
attention,1024,1024,4,8192,1,17780.6
attention,1024,1024,4,16384,1,17804.4
attention,1024,1024,8,16,1,17991.5
attention,1024,1024,8,32,1,17980.1
attention,1024,1024,8,64,1,17985.2
attention,1024,1024,8,128,1,18028.5
attention,1024,1024,8,256,1,17990.5
attention,1024,1024,8,512,1,17945.3
attention,1024,1024,8,1024,1,17957.4
attention,1024,1024,8,2048,1,17873.1
attention,1024,1024,8,4096,1,17868.3
attention,1024,1024,8,8192,1,17861.5
attention,1024,1024,8,16384,1,17909.5
attention,1024,1024,16,16,1,18314.8
attention,1024,1024,16,32,1,18372.5
attention,1024,1024,16,64,1,18384.9
attention,1024,1024,16,128,1,18374.6
attention,1024,1024,16,256,1,18270.1
attention,1024,1024,16,512,1,18234
attention,1024,1024,16,1024,1,18105.9
attention,1024,1024,16,2048,1,17882.8
attention,1024,1024,16,4096,1,17887.6
attention,1024,1024,16,8192,1,17943.7
attention,1024,1024,16,16384,1,17906.2
attention,1024,1024,32,16,1,19169.1
attention,1024,1024,32,32,1,19179.6
attention,1024,1024,32,64,1,19152.7
attention,1024,1024,32,128,1,19129.6
attention,1024,1024,32,256,1,19041.5
attention,1024,1024,32,512,1,18856
attention,1024,1024,32,1024,1,18543.3
attention,1024,1024,32,2048,1,18094.5
attention,1024,1024,32,4096,1,18053
attention,1024,1024,32,8192,1,18034.5
attention,1024,1024,32,16384,1,18013
attention,1024,1024,64,16,1,20858.7
attention,1024,1024,64,32,1,20800.1
attention,1024,1024,64,64,1,20768.7
attention,1024,1024,64,128,1,20755.7
attention,1024,1024,64,256,1,20520.2
attention,1024,1024,64,512,1,20152.2
attention,1024,1024,64,1024,1,19442.6
attention,1024,1024,64,2048,1,18420.9
attention,1024,1024,64,4096,1,18381.2
attention,1024,1024,64,8192,1,18428.2
attention,1024,1024,64,16384,1,18342.1
attention,1024,1024,128,16,1,24222.8
attention,1024,1024,128,32,1,24143.4
attention,1024,1024,128,64,1,24021.6
attention,1024,1024,128,128,1,23847.1
attention,1024,1024,128,256,1,23486.6
attention,1024,1024,128,512,1,22761.3
attention,1024,1024,128,1024,1,21269.2
attention,1024,1024,128,2048,1,19037.3
attention,1024,1024,128,4096,1,19004.2
attention,1024,1024,128,8192,1,19026.6
attention,1024,1024,128,16384,1,19032
attention,1024,2048,0,0,1,9528.85
attention,1024,2048,1,16,1,9567.65
attention,1024,2048,1,32,1,9562.82
attention,1024,2048,1,64,1,9568.14
attention,1024,2048,1,128,1,9568.85
attention,1024,2048,1,256,1,9566.7
attention,1024,2048,1,512,1,9568.16
attention,1024,2048,1,1024,1,9575.44
attention,1024,2048,1,2048,1,9592.59
attention,1024,2048,1,4096,1,9593.9
attention,1024,2048,1,8192,1,9591.64
attention,1024,2048,1,16384,1,9598.45
attention,1024,2048,2,16,1,9573.66
attention,1024,2048,2,32,1,9576.85
attention,1024,2048,2,64,1,9575.63
attention,1024,2048,2,128,1,9576.96
attention,1024,2048,2,256,1,9574.8
attention,1024,2048,2,512,1,9573.6
attention,1024,2048,2,1024,1,9584.49
attention,1024,2048,2,2048,1,9606.25
attention,1024,2048,2,4096,1,9604.96
attention,1024,2048,2,8192,1,9604.89
attention,1024,2048,2,16384,1,9607.89
attention,1024,2048,4,16,1,9575.24
attention,1024,2048,4,32,1,9579.77
attention,1024,2048,4,64,1,9580.72
attention,1024,2048,4,128,1,9577.9
attention,1024,2048,4,256,1,9576.08
attention,1024,2048,4,512,1,9575.77
attention,1024,2048,4,1024,1,9592.06
attention,1024,2048,4,2048,1,9608.04
attention,1024,2048,4,4096,1,9608.76
attention,1024,2048,4,8192,1,9611.36
attention,1024,2048,4,16384,1,9613.39
attention,1024,2048,8,16,1,9778.85
attention,1024,2048,8,32,1,9788.16
attention,1024,2048,8,64,1,9787.11
attention,1024,2048,8,128,1,9789.07
attention,1024,2048,8,256,1,9774.2
attention,1024,2048,8,512,1,9745.01
attention,1024,2048,8,1024,1,9706.79
attention,1024,2048,8,2048,1,9621.42
attention,1024,2048,8,4096,1,9617.62
attention,1024,2048,8,8192,1,9618.89
attention,1024,2048,8,16384,1,9625.14
attention,1024,2048,16,16,1,10172.9
attention,1024,2048,16,32,1,10168.4
attention,1024,2048,16,64,1,10163.1
attention,1024,2048,16,128,1,10146.4
attention,1024,2048,16,256,1,10113
attention,1024,2048,16,512,1,10056.2
attention,1024,2048,16,1024,1,9915.66
attention,1024,2048,16,2048,1,9919.8
attention,1024,2048,16,4096,1,9923.38
attention,1024,2048,16,8192,1,9924.72
attention,1024,2048,16,16384,1,9922.75
attention,1024,2048,32,16,1,10995.6
attention,1024,2048,32,32,1,10988.5
attention,1024,2048,32,64,1,10972.7
attention,1024,2048,32,128,1,10939.2
attention,1024,2048,32,256,1,10853.8
attention,1024,2048,32,512,1,10686.3
attention,1024,2048,32,1024,1,10362.8
attention,1024,2048,32,2048,1,9991.26
attention,1024,2048,32,4096,1,9993.92
attention,1024,2048,32,8192,1,9992.61
attention,1024,2048,32,16384,1,9993.61
attention,1024,2048,64,16,1,12660.8
attention,1024,2048,64,32,1,12636.1
attention,1024,2048,64,64,1,12600.1
attention,1024,2048,64,128,1,12520
attention,1024,2048,64,256,1,12339.3
attention,1024,2048,64,512,1,11988.1
attention,1024,2048,64,1024,1,11276.2
attention,1024,2048,64,2048,1,10404.9
attention,1024,2048,64,4096,1,10402.1
attention,1024,2048,64,8192,1,10406.6
attention,1024,2048,64,16384,1,10402.3
attention,1024,2048,128,16,1,15994.4
attention,1024,2048,128,32,1,15945.6
attention,1024,2048,128,64,1,15852.2
attention,1024,2048,128,128,1,15691.7
attention,1024,2048,128,256,1,15321.9
attention,1024,2048,128,512,1,14558.4
attention,1024,2048,128,1024,1,13070.4
attention,1024,2048,128,2048,1,10954.8
attention,1024,2048,128,4096,1,10954.6
attention,1024,2048,128,8192,1,10951.3
attention,1024,2048,128,16384,1,10959.1
attention,1024,4096,0,0,1,9528.25
attention,1024,4096,1,16,1,9567.67
attention,1024,4096,1,32,1,9566.05
attention,1024,4096,1,64,1,9564.26
attention,1024,4096,1,128,1,9567.32
attention,1024,4096,1,256,1,9572.75
attention,1024,4096,1,512,1,9568.22
attention,1024,4096,1,1024,1,9577.5
attention,1024,4096,1,2048,1,9596.92
attention,1024,4096,1,4096,1,9595.58
attention,1024,4096,1,8192,1,9600.54
attention,1024,4096,1,16384,1,9597.36
attention,1024,4096,2,16,1,9579.1
attention,1024,4096,2,32,1,9577.51
attention,1024,4096,2,64,1,9574.41
attention,1024,4096,2,128,1,9572.98
attention,1024,4096,2,256,1,9577.12
attention,1024,4096,2,512,1,9578.14
attention,1024,4096,2,1024,1,9583.01
attention,1024,4096,2,2048,1,9606.05
attention,1024,4096,2,4096,1,9604.77
attention,1024,4096,2,8192,1,9604.66
attention,1024,4096,2,16384,1,9606.98
attention,1024,4096,4,16,1,9578.73
attention,1024,4096,4,32,1,9576.5
attention,1024,4096,4,64,1,9576.86
attention,1024,4096,4,128,1,9577.44
attention,1024,4096,4,256,1,9577.09
attention,1024,4096,4,512,1,9577.73
attention,1024,4096,4,1024,1,9591.05
attention,1024,4096,4,2048,1,9612.56
attention,1024,4096,4,4096,1,9609.28
attention,1024,4096,4,8192,1,9606.68
attention,1024,4096,4,16384,1,9613.67
attention,1024,4096,8,16,1,9786.06
attention,1024,4096,8,32,1,9794.77
attention,1024,4096,8,64,1,9790.01
attention,1024,4096,8,128,1,9780.42
attention,1024,4096,8,256,1,9770.42
attention,1024,4096,8,512,1,9755.99
attention,1024,4096,8,1024,1,9702.85
attention,1024,4096,8,2048,1,9617.97
attention,1024,4096,8,4096,1,9621.35
attention,1024,4096,8,8192,1,9624.6
attention,1024,4096,8,16384,1,9624.17
attention,1024,4096,16,16,1,10170.9
attention,1024,4096,16,32,1,10168.4
attention,1024,4096,16,64,1,10167.7
attention,1024,4096,16,128,1,10153
attention,1024,4096,16,256,1,10123.6
attention,1024,4096,16,512,1,10048.4
attention,1024,4096,16,1024,1,9920.13
attention,1024,4096,16,2048,1,9923.97
attention,1024,4096,16,4096,1,9923.04
attention,1024,4096,16,8192,1,9932.58
attention,1024,4096,16,16384,1,9922.32
attention,1024,4096,32,16,1,10998.5
attention,1024,4096,32,32,1,10990.1
attention,1024,4096,32,64,1,10971.2
attention,1024,4096,32,128,1,10939.9
attention,1024,4096,32,256,1,10855.5
attention,1024,4096,32,512,1,10691.5
attention,1024,4096,32,1024,1,10368.7
attention,1024,4096,32,2048,1,9989.75
attention,1024,4096,32,4096,1,9992.76
attention,1024,4096,32,8192,1,9992.47
attention,1024,4096,32,16384,1,9992.29
attention,1024,4096,64,16,1,12658.2
attention,1024,4096,64,32,1,12638.3
attention,1024,4096,64,64,1,12596.2
attention,1024,4096,64,128,1,12522.5
attention,1024,4096,64,256,1,12334.2
attention,1024,4096,64,512,1,11980.4
attention,1024,4096,64,1024,1,11280.2
attention,1024,4096,64,2048,1,10408
attention,1024,4096,64,4096,1,10407.3
attention,1024,4096,64,8192,1,10408.8
attention,1024,4096,64,16384,1,10402.2
attention,1024,4096,128,16,1,15996.6
attention,1024,4096,128,32,1,15950.8
attention,1024,4096,128,64,1,15854.4
attention,1024,4096,128,128,1,15700.1
attention,1024,4096,128,256,1,15320.2
attention,1024,4096,128,512,1,14563.5
attention,1024,4096,128,1024,1,13068.8
attention,1024,4096,128,2048,1,10954.3
attention,1024,4096,128,4096,1,10954.6
attention,1024,4096,128,8192,1,10952.3
attention,1024,4096,128,16384,1,10953
attention,1024,8192,0,0,1,9524.09
attention,1024,8192,1,16,1,9566.06
attention,1024,8192,1,32,1,9566.36
attention,1024,8192,1,64,1,9565.96
attention,1024,8192,1,128,1,9566.52
attention,1024,8192,1,256,1,9563.81
attention,1024,8192,1,512,1,9567.03
attention,1024,8192,1,1024,1,9573.29
attention,1024,8192,1,2048,1,9595.07
attention,1024,8192,1,4096,1,9594.86
attention,1024,8192,1,8192,1,9593.97
attention,1024,8192,1,16384,1,9592.92
attention,1024,8192,2,16,1,9575.59
attention,1024,8192,2,32,1,9573.7
attention,1024,8192,2,64,1,9573.11
attention,1024,8192,2,128,1,9571.75
attention,1024,8192,2,256,1,9573.47
attention,1024,8192,2,512,1,9574.8
attention,1024,8192,2,1024,1,9580.9
attention,1024,8192,2,2048,1,9608.34
attention,1024,8192,2,4096,1,9603.87
attention,1024,8192,2,8192,1,9603.52
attention,1024,8192,2,16384,1,9599.2
attention,1024,8192,4,16,1,9578.05
attention,1024,8192,4,32,1,9574.22
attention,1024,8192,4,64,1,9579.51
attention,1024,8192,4,128,1,9576
attention,1024,8192,4,256,1,9576.59
attention,1024,8192,4,512,1,9577.61
attention,1024,8192,4,1024,1,9590.37
attention,1024,8192,4,2048,1,9611.8
attention,1024,8192,4,4096,1,9604.6
attention,1024,8192,4,8192,1,9604.55
attention,1024,8192,4,16384,1,9604.81
attention,1024,8192,8,16,1,9779.45
attention,1024,8192,8,32,1,9781.95
attention,1024,8192,8,64,1,9780.11
attention,1024,8192,8,128,1,9790.98
attention,1024,8192,8,256,1,9771.12
attention,1024,8192,8,512,1,9747.6
attention,1024,8192,8,1024,1,9702
attention,1024,8192,8,2048,1,9623.26
attention,1024,8192,8,4096,1,9617.84
attention,1024,8192,8,8192,1,9620.65
attention,1024,8192,8,16384,1,9620.91
attention,1024,8192,16,16,1,10161.7
attention,1024,8192,16,32,1,10161.3
attention,1024,8192,16,64,1,10160.1
attention,1024,8192,16,128,1,10149.5
attention,1024,8192,16,256,1,10122
attention,1024,8192,16,512,1,10051.2
attention,1024,8192,16,1024,1,9914.85
attention,1024,8192,16,2048,1,9919.72
attention,1024,8192,16,4096,1,9922.83
attention,1024,8192,16,8192,1,9922.49
attention,1024,8192,16,16384,1,9924.14
attention,1024,8192,32,16,1,10990.8
attention,1024,8192,32,32,1,10986
attention,1024,8192,32,64,1,10968.4
attention,1024,8192,32,128,1,10933.2
attention,1024,8192,32,256,1,10850.6
attention,1024,8192,32,512,1,10683
attention,1024,8192,32,1024,1,10363.2
attention,1024,8192,32,2048,1,9992.37
attention,1024,8192,32,4096,1,9989.22
attention,1024,8192,32,8192,1,9987.91
attention,1024,8192,32,16384,1,9993.25
attention,1024,8192,64,16,1,12654.6
attention,1024,8192,64,32,1,12633
attention,1024,8192,64,64,1,12591.4
attention,1024,8192,64,128,1,12516.7
attention,1024,8192,64,256,1,12338.3
attention,1024,8192,64,512,1,11976.6
attention,1024,8192,64,1024,1,11280.6
attention,1024,8192,64,2048,1,10403.5
attention,1024,8192,64,4096,1,10403.6
attention,1024,8192,64,8192,1,10406.6
attention,1024,8192,64,16384,1,10402.1
attention,1024,8192,128,16,1,15991.8
attention,1024,8192,128,32,1,15941.3
attention,1024,8192,128,64,1,15848.2
attention,1024,8192,128,128,1,15692.1
attention,1024,8192,128,256,1,15324.5
attention,1024,8192,128,512,1,14555
attention,1024,8192,128,1024,1,13061.1
attention,1024,8192,128,2048,1,10949.5
attention,1024,8192,128,4096,1,10949.4
attention,1024,8192,128,8192,1,10949.8
attention,1024,8192,128,16384,1,10954.1
attention,1024,16384,0,0,1,9521.93
attention,1024,16384,1,16,1,9573.29
attention,1024,16384,1,32,1,9570.15
attention,1024,16384,1,64,1,9574.07
attention,1024,16384,1,128,1,9575.67
attention,1024,16384,1,256,1,9570.2
attention,1024,16384,1,512,1,9576.84
attention,1024,16384,1,1024,1,9581.67
attention,1024,16384,1,2048,1,9602.09
attention,1024,16384,1,4096,1,9598.76
attention,1024,16384,1,8192,1,9602.22
attention,1024,16384,1,16384,1,9596.49
attention,1024,16384,2,16,1,9580.92
attention,1024,16384,2,32,1,9581.35
attention,1024,16384,2,64,1,9581.73
attention,1024,16384,2,128,1,9582.01
attention,1024,16384,2,256,1,9585.41
attention,1024,16384,2,512,1,9583.56
attention,1024,16384,2,1024,1,9591.35
attention,1024,16384,2,2048,1,9613.26
attention,1024,16384,2,4096,1,9610.64
attention,1024,16384,2,8192,1,9609.92
attention,1024,16384,2,16384,1,9606.82
attention,1024,16384,4,16,1,9583.93
attention,1024,16384,4,32,1,9584.04
attention,1024,16384,4,64,1,9583.78
attention,1024,16384,4,128,1,9581.31
attention,1024,16384,4,256,1,9583.81
attention,1024,16384,4,512,1,9582.87
attention,1024,16384,4,1024,1,9595.97
attention,1024,16384,4,2048,1,9612.07
attention,1024,16384,4,4096,1,9614.21
attention,1024,16384,4,8192,1,9612.13
attention,1024,16384,4,16384,1,9614.08
attention,1024,16384,8,16,1,9793.14
attention,1024,16384,8,32,1,9795.77
attention,1024,16384,8,64,1,9790.28
attention,1024,16384,8,128,1,9798.32
attention,1024,16384,8,256,1,9783.11
attention,1024,16384,8,512,1,9753.23
attention,1024,16384,8,1024,1,9706.81
attention,1024,16384,8,2048,1,9626.85
attention,1024,16384,8,4096,1,9626.43
attention,1024,16384,8,8192,1,9626.73
attention,1024,16384,8,16384,1,9623.05
attention,1024,16384,16,16,1,10170.9
attention,1024,16384,16,32,1,10172.8
attention,1024,16384,16,64,1,10165.7
attention,1024,16384,16,128,1,10156.5
attention,1024,16384,16,256,1,10127.6
attention,1024,16384,16,512,1,10062.1
attention,1024,16384,16,1024,1,9926.88
attention,1024,16384,16,2048,1,9929.93
attention,1024,16384,16,4096,1,9934.77
attention,1024,16384,16,8192,1,9934.47
attention,1024,16384,16,16384,1,9930.13
attention,1024,16384,32,16,1,11000.2
attention,1024,16384,32,32,1,10993.2
attention,1024,16384,32,64,1,10973.4
attention,1024,16384,32,128,1,10942.8
attention,1024,16384,32,256,1,10861.4
attention,1024,16384,32,512,1,10692.3
attention,1024,16384,32,1024,1,10370.3
attention,1024,16384,32,2048,1,9995.26
attention,1024,16384,32,4096,1,9995.26
attention,1024,16384,32,8192,1,9994.81
attention,1024,16384,32,16384,1,9994.77
attention,1024,16384,64,16,1,12658.5
attention,1024,16384,64,32,1,12640.8
attention,1024,16384,64,64,1,12600.4
attention,1024,16384,64,128,1,12522.4
attention,1024,16384,64,256,1,12342.5
attention,1024,16384,64,512,1,11986
attention,1024,16384,64,1024,1,11285.1
attention,1024,16384,64,2048,1,10406.1
attention,1024,16384,64,4096,1,10406
attention,1024,16384,64,8192,1,10407.8
attention,1024,16384,64,16384,1,10401.8
attention,1024,16384,128,16,1,15998.1
attention,1024,16384,128,32,1,15947.4
attention,1024,16384,128,64,1,15853.6
attention,1024,16384,128,128,1,15693.8
attention,1024,16384,128,256,1,15326.8
attention,1024,16384,128,512,1,14566.2
attention,1024,16384,128,1024,1,13069.7
attention,1024,16384,128,2048,1,10954.8
attention,1024,16384,128,4096,1,10955.1
attention,1024,16384,128,8192,1,10950
attention,1024,16384,128,16384,1,10955
attention,2048,0,0,0,1,58086.4
attention,2048,0,1,16,1,58199.5
attention,2048,0,1,32,1,58230.4
attention,2048,0,1,64,1,58202.3
attention,2048,0,1,128,1,58203.6
attention,2048,0,1,256,1,58210.7
attention,2048,0,1,512,1,58194.2
attention,2048,0,1,1024,1,58168.1
attention,2048,0,1,2048,1,58169.6
attention,2048,0,1,4096,1,58191.2
attention,2048,0,1,8192,1,58184.1
attention,2048,0,1,16384,1,58171
attention,2048,0,2,16,1,58308.2
attention,2048,0,2,32,1,58250.8
attention,2048,0,2,64,1,58271.9
attention,2048,0,2,128,1,58277.2
attention,2048,0,2,256,1,58257
attention,2048,0,2,512,1,58265.3
attention,2048,0,2,1024,1,58214.6
attention,2048,0,2,2048,1,58186.6
attention,2048,0,2,4096,1,58166
attention,2048,0,2,8192,1,58179.7
attention,2048,0,2,16384,1,58195.8
attention,2048,0,4,16,1,58384
attention,2048,0,4,32,1,58379.5
attention,2048,0,4,64,1,58411.6
attention,2048,0,4,128,1,58370.3
attention,2048,0,4,256,1,58374.7
attention,2048,0,4,512,1,58322.3
attention,2048,0,4,1024,1,58300.5
attention,2048,0,4,2048,1,58205.3
attention,2048,0,4,4096,1,58239.1
attention,2048,0,4,8192,1,58187.3
attention,2048,0,4,16384,1,58204.3
attention,2048,0,8,16,1,58626.5
attention,2048,0,8,32,1,58584.6
attention,2048,0,8,64,1,58588.8
attention,2048,0,8,128,1,58539
attention,2048,0,8,256,1,58543.9
attention,2048,0,8,512,1,58499.6
attention,2048,0,8,1024,1,58406
attention,2048,0,8,2048,1,58180.5
attention,2048,0,8,4096,1,58216.7
attention,2048,0,8,8192,1,58258.8
attention,2048,0,8,16384,1,58185.3
attention,2048,0,16,16,1,59078.7
attention,2048,0,16,32,1,59050.3
attention,2048,0,16,64,1,59041.4
attention,2048,0,16,128,1,59000.3
attention,2048,0,16,256,1,58959.4
attention,2048,0,16,512,1,58798.1
attention,2048,0,16,1024,1,58628
attention,2048,0,16,2048,1,58221.4
attention,2048,0,16,4096,1,58208
attention,2048,0,16,8192,1,58192.2
attention,2048,0,16,16384,1,58217.7
attention,2048,0,32,16,1,59888.3
attention,2048,0,32,32,1,59919.3
attention,2048,0,32,64,1,59842.6
attention,2048,0,32,128,1,59846.6
attention,2048,0,32,256,1,59689.2
attention,2048,0,32,512,1,59437.4
attention,2048,0,32,1024,1,59022.3
attention,2048,0,32,2048,1,58224.2
attention,2048,0,32,4096,1,58227.1
attention,2048,0,32,8192,1,58215.3
attention,2048,0,32,16384,1,58225.4
attention,2048,0,64,16,1,61540.9
attention,2048,0,64,32,1,61514.2
attention,2048,0,64,64,1,61443.9
attention,2048,0,64,128,1,61395.2
attention,2048,0,64,256,1,61186.3
attention,2048,0,64,512,1,60826
attention,2048,0,64,1024,1,60133.5
attention,2048,0,64,2048,1,58647
attention,2048,0,64,4096,1,58646.2
attention,2048,0,64,8192,1,58647.3
attention,2048,0,64,16384,1,58643.9
attention,2048,0,128,16,1,64809.5
attention,2048,0,128,32,1,64776.4
attention,2048,0,128,64,1,64691.8
attention,2048,0,128,128,1,64469.3
attention,2048,0,128,256,1,64059
attention,2048,0,128,512,1,63300.1
attention,2048,0,128,1024,1,61867.9
attention,2048,0,128,2048,1,59144.8
attention,2048,0,128,4096,1,59153.1
attention,2048,0,128,8192,1,59140.3
attention,2048,0,128,16384,1,59122.4
attention,2048,16,0,0,1,57450.5
attention,2048,16,1,16,1,57547.8
attention,2048,16,1,32,1,57570.4
attention,2048,16,1,64,1,57564
attention,2048,16,1,128,1,57553.2
attention,2048,16,1,256,1,57520.6
attention,2048,16,1,512,1,57528.8
attention,2048,16,1,1024,1,57531.2
attention,2048,16,1,2048,1,57502.1
attention,2048,16,1,4096,1,57512.5
attention,2048,16,1,8192,1,57510.6
attention,2048,16,1,16384,1,57501.8
attention,2048,16,2,16,1,57624.2
attention,2048,16,2,32,1,57598.4
attention,2048,16,2,64,1,57630
attention,2048,16,2,128,1,57601.8
attention,2048,16,2,256,1,57599.5
attention,2048,16,2,512,1,57587
attention,2048,16,2,1024,1,57543.2
attention,2048,16,2,2048,1,57509.5
attention,2048,16,2,4096,1,57501.3
attention,2048,16,2,8192,1,57501.6
attention,2048,16,2,16384,1,57519.5
attention,2048,16,4,16,1,57733.4
attention,2048,16,4,32,1,57737.9
attention,2048,16,4,64,1,57726
attention,2048,16,4,128,1,57691.3
attention,2048,16,4,256,1,57695.5
attention,2048,16,4,512,1,57692.7
attention,2048,16,4,1024,1,57599.9
attention,2048,16,4,2048,1,57503.9
attention,2048,16,4,4096,1,57496.9
attention,2048,16,4,8192,1,57516.1
attention,2048,16,4,16384,1,57501.3
attention,2048,16,8,16,1,57941.1
attention,2048,16,8,32,1,57923
attention,2048,16,8,64,1,57915.6
attention,2048,16,8,128,1,57876.1
attention,2048,16,8,256,1,57867.3
attention,2048,16,8,512,1,57839.2
attention,2048,16,8,1024,1,57729.5
attention,2048,16,8,2048,1,57543.9
attention,2048,16,8,4096,1,57531
attention,2048,16,8,8192,1,57539.8
attention,2048,16,8,16384,1,57543.4
attention,2048,16,16,16,1,58320.3
attention,2048,16,16,32,1,58311.5
attention,2048,16,16,64,1,58320.9
attention,2048,16,16,128,1,58275.8
attention,2048,16,16,256,1,58279.3
attention,2048,16,16,512,1,58106
attention,2048,16,16,1024,1,57882.7
attention,2048,16,16,2048,1,57562.6
attention,2048,16,16,4096,1,57595.8
attention,2048,16,16,8192,1,57556
attention,2048,16,16,16384,1,57584.6
attention,2048,16,32,16,1,59207.3
attention,2048,16,32,32,1,59154.6
attention,2048,16,32,64,1,59194.8
attention,2048,16,32,128,1,59098
attention,2048,16,32,256,1,59033.4
attention,2048,16,32,512,1,58770.4
attention,2048,16,32,1024,1,58378.2
attention,2048,16,32,2048,1,57594.1
attention,2048,16,32,4096,1,57600.9
attention,2048,16,32,8192,1,57583.2
attention,2048,16,32,16384,1,57581.3
attention,2048,16,64,16,1,60823.8
attention,2048,16,64,32,1,60815.5
attention,2048,16,64,64,1,60754.7
attention,2048,16,64,128,1,60701.9
attention,2048,16,64,256,1,60460.4
attention,2048,16,64,512,1,60094.5
attention,2048,16,64,1024,1,59408.2
attention,2048,16,64,2048,1,57938.7
attention,2048,16,64,4096,1,57947.4
attention,2048,16,64,8192,1,57957.9
attention,2048,16,64,16384,1,57917.3
attention,2048,16,128,16,1,64151.6
attention,2048,16,128,32,1,64101.4
attention,2048,16,128,64,1,64006.3
attention,2048,16,128,128,1,63806.6
attention,2048,16,128,256,1,63390.2
attention,2048,16,128,512,1,62624.6
attention,2048,16,128,1024,1,61168.9
attention,2048,16,128,2048,1,58482.3
attention,2048,16,128,4096,1,58494.1
attention,2048,16,128,8192,1,58483
attention,2048,16,128,16384,1,58452.5
attention,2048,32,0,0,1,56763.7
attention,2048,32,1,16,1,56864.1
attention,2048,32,1,32,1,56888
attention,2048,32,1,64,1,56872.9
attention,2048,32,1,128,1,56860.7
attention,2048,32,1,256,1,56850.6
attention,2048,32,1,512,1,56848
attention,2048,32,1,1024,1,56827.3
attention,2048,32,1,2048,1,56817.8
attention,2048,32,1,4096,1,56810.4
attention,2048,32,1,8192,1,56816.8
attention,2048,32,1,16384,1,56801.8
attention,2048,32,2,16,1,56909.8
attention,2048,32,2,32,1,56908
attention,2048,32,2,64,1,56918.7
attention,2048,32,2,128,1,56911.3
attention,2048,32,2,256,1,56920.9
attention,2048,32,2,512,1,56890.5
attention,2048,32,2,1024,1,56855.5
attention,2048,32,2,2048,1,56825
attention,2048,32,2,4096,1,56807.6
attention,2048,32,2,8192,1,56812.7
attention,2048,32,2,16384,1,56822.6
attention,2048,32,4,16,1,57030.9
attention,2048,32,4,32,1,57027.6
attention,2048,32,4,64,1,57053.8
attention,2048,32,4,128,1,57012
attention,2048,32,4,256,1,57010.2
attention,2048,32,4,512,1,56970.4
attention,2048,32,4,1024,1,56917.1
attention,2048,32,4,2048,1,56806
attention,2048,32,4,4096,1,56825.1
attention,2048,32,4,8192,1,56833.8
attention,2048,32,4,16384,1,56823.8
attention,2048,32,8,16,1,57208.1
attention,2048,32,8,32,1,57243
attention,2048,32,8,64,1,57247
attention,2048,32,8,128,1,57180.7
attention,2048,32,8,256,1,57192.5
attention,2048,32,8,512,1,57145.7
attention,2048,32,8,1024,1,57011.5
attention,2048,32,8,2048,1,56831.9
attention,2048,32,8,4096,1,56818.5
attention,2048,32,8,8192,1,56823.1
attention,2048,32,8,16384,1,56818
attention,2048,32,16,16,1,57645.9
attention,2048,32,16,32,1,57689.2
attention,2048,32,16,64,1,57652.5
attention,2048,32,16,128,1,57584.1
attention,2048,32,16,256,1,57559.8
attention,2048,32,16,512,1,57417.6
attention,2048,32,16,1024,1,57220.7
attention,2048,32,16,2048,1,56845.7
attention,2048,32,16,4096,1,56877.2
attention,2048,32,16,8192,1,56852.9
attention,2048,32,16,16384,1,56891.2
attention,2048,32,32,16,1,58444.7
attention,2048,32,32,32,1,58459.9
attention,2048,32,32,64,1,58445.4
attention,2048,32,32,128,1,58402
attention,2048,32,32,256,1,58301.6
attention,2048,32,32,512,1,58093.5
attention,2048,32,32,1024,1,57696.7
attention,2048,32,32,2048,1,56863.8
attention,2048,32,32,4096,1,56854.3
attention,2048,32,32,8192,1,56855.6
attention,2048,32,32,16384,1,56866.3
attention,2048,32,64,16,1,60178.3
attention,2048,32,64,32,1,60162.4
attention,2048,32,64,64,1,60096
attention,2048,32,64,128,1,60030.6
attention,2048,32,64,256,1,59780.4
attention,2048,32,64,512,1,59407.7
attention,2048,32,64,1024,1,58708.7
attention,2048,32,64,2048,1,57283.8
attention,2048,32,64,4096,1,57298.6
attention,2048,32,64,8192,1,57282.7
attention,2048,32,64,16384,1,57270.6
attention,2048,32,128,16,1,63425
attention,2048,32,128,32,1,63361.7
attention,2048,32,128,64,1,63323.3
attention,2048,32,128,128,1,63130.6
attention,2048,32,128,256,1,62710.5
attention,2048,32,128,512,1,61972.7
attention,2048,32,128,1024,1,60505
attention,2048,32,128,2048,1,57817.6
attention,2048,32,128,4096,1,57820.8
attention,2048,32,128,8192,1,57808.6
attention,2048,32,128,16384,1,57786.5
attention,2048,64,0,0,1,55474.4
attention,2048,64,1,16,1,55525.4
attention,2048,64,1,32,1,55525.3
attention,2048,64,1,64,1,55525.9
attention,2048,64,1,128,1,55538.1
attention,2048,64,1,256,1,55549.7
attention,2048,64,1,512,1,55534.3
attention,2048,64,1,1024,1,55483.4
attention,2048,64,1,2048,1,55487.3
attention,2048,64,1,4096,1,55495.6
attention,2048,64,1,8192,1,55465
attention,2048,64,1,16384,1,55453.8
attention,2048,64,2,16,1,55612.7
attention,2048,64,2,32,1,55548
attention,2048,64,2,64,1,55602.4
attention,2048,64,2,128,1,55596.8
attention,2048,64,2,256,1,55566.3
attention,2048,64,2,512,1,55542.5
attention,2048,64,2,1024,1,55550.5
attention,2048,64,2,2048,1,55507.7
attention,2048,64,2,4096,1,55472.5
attention,2048,64,2,8192,1,55497.6
attention,2048,64,2,16384,1,55489.8
attention,2048,64,4,16,1,55693.8
attention,2048,64,4,32,1,55719.9
attention,2048,64,4,64,1,55689.3
attention,2048,64,4,128,1,55722.3
attention,2048,64,4,256,1,55696.1
attention,2048,64,4,512,1,55666.8
attention,2048,64,4,1024,1,55637.1
attention,2048,64,4,2048,1,55477
attention,2048,64,4,4096,1,55495.9
attention,2048,64,4,8192,1,55455.1
attention,2048,64,4,16384,1,55486
attention,2048,64,8,16,1,55912.1
attention,2048,64,8,32,1,55891.3
attention,2048,64,8,64,1,55906.6
attention,2048,64,8,128,1,55923.1
attention,2048,64,8,256,1,55868.7
attention,2048,64,8,512,1,55865.7
attention,2048,64,8,1024,1,55707.9
attention,2048,64,8,2048,1,55503.9
attention,2048,64,8,4096,1,55515.7
attention,2048,64,8,8192,1,55509.7
attention,2048,64,8,16384,1,55507.1
attention,2048,64,16,16,1,56256
attention,2048,64,16,32,1,56265.2
attention,2048,64,16,64,1,56254.7
attention,2048,64,16,128,1,56318.2
attention,2048,64,16,256,1,56243.9
attention,2048,64,16,512,1,56105.2
attention,2048,64,16,1024,1,55882.7
attention,2048,64,16,2048,1,55552.5
attention,2048,64,16,4096,1,55562.7
attention,2048,64,16,8192,1,55541.2
attention,2048,64,16,16384,1,55561.6
attention,2048,64,32,16,1,57127.2
attention,2048,64,32,32,1,57130.5
attention,2048,64,32,64,1,57156.1
attention,2048,64,32,128,1,57174.7
attention,2048,64,32,256,1,57013.9
attention,2048,64,32,512,1,56770.8
attention,2048,64,32,1024,1,56362.8
attention,2048,64,32,2048,1,55549.7
attention,2048,64,32,4096,1,55554.2
attention,2048,64,32,8192,1,55546.6
attention,2048,64,32,16384,1,55560.7
attention,2048,64,64,16,1,58767.7
attention,2048,64,64,32,1,58729.9
attention,2048,64,64,64,1,58729.8
attention,2048,64,64,128,1,58664
attention,2048,64,64,256,1,58409.8
attention,2048,64,64,512,1,58052.6
attention,2048,64,64,1024,1,57366.8
attention,2048,64,64,2048,1,55922.1
attention,2048,64,64,4096,1,55940.9
attention,2048,64,64,8192,1,55956.6
attention,2048,64,64,16384,1,55928.7
attention,2048,64,128,16,1,62139.6
attention,2048,64,128,32,1,62069.7
attention,2048,64,128,64,1,61991.8
attention,2048,64,128,128,1,61796.9
attention,2048,64,128,256,1,61365.2
attention,2048,64,128,512,1,60612.6
attention,2048,64,128,1024,1,59149.5
attention,2048,64,128,2048,1,56471.4
attention,2048,64,128,4096,1,56483.1
attention,2048,64,128,8192,1,56466.7
attention,2048,64,128,16384,1,56455.2
attention,2048,128,0,0,1,52959.1
attention,2048,128,1,16,1,53070
attention,2048,128,1,32,1,53032
attention,2048,128,1,64,1,53032.6
attention,2048,128,1,128,1,53039.2
attention,2048,128,1,256,1,53035.9
attention,2048,128,1,512,1,53041.8
attention,2048,128,1,1024,1,53004.5
attention,2048,128,1,2048,1,52935.8
attention,2048,128,1,4096,1,52986.9
attention,2048,128,1,8192,1,52977.6
attention,2048,128,1,16384,1,52973.2
attention,2048,128,2,16,1,53054.9
attention,2048,128,2,32,1,53091.1
attention,2048,128,2,64,1,53145.6
attention,2048,128,2,128,1,53087.5
attention,2048,128,2,256,1,53069.7
attention,2048,128,2,512,1,53041.9
attention,2048,128,2,1024,1,53042.6
attention,2048,128,2,2048,1,52953
attention,2048,128,2,4096,1,52971.9
attention,2048,128,2,8192,1,52965.7
attention,2048,128,2,16384,1,52975.2
attention,2048,128,4,16,1,53160.1
attention,2048,128,4,32,1,53202.3
attention,2048,128,4,64,1,53193.1
attention,2048,128,4,128,1,53176.7
attention,2048,128,4,256,1,53158.8
attention,2048,128,4,512,1,53130.1
attention,2048,128,4,1024,1,53094.1
attention,2048,128,4,2048,1,52948.7
attention,2048,128,4,4096,1,52925.2
attention,2048,128,4,8192,1,52966.4
attention,2048,128,4,16384,1,52958.3
attention,2048,128,8,16,1,53351.7
attention,2048,128,8,32,1,53386.5
attention,2048,128,8,64,1,53328.7
attention,2048,128,8,128,1,53381.4
attention,2048,128,8,256,1,53324.8
attention,2048,128,8,512,1,53273.9
attention,2048,128,8,1024,1,53187.3
attention,2048,128,8,2048,1,52932.3
attention,2048,128,8,4096,1,52926.5
attention,2048,128,8,8192,1,52903
attention,2048,128,8,16384,1,52937.9
attention,2048,128,16,16,1,53753.1
attention,2048,128,16,32,1,53814
attention,2048,128,16,64,1,53849.9
attention,2048,128,16,128,1,53795.8
attention,2048,128,16,256,1,53723.3
attention,2048,128,16,512,1,53565.7
attention,2048,128,16,1024,1,53372.2
attention,2048,128,16,2048,1,52951.9
attention,2048,128,16,4096,1,52983.5
attention,2048,128,16,8192,1,52991.1
attention,2048,128,16,16384,1,52973.3
attention,2048,128,32,16,1,54532.4
attention,2048,128,32,32,1,54565.7
attention,2048,128,32,64,1,54666.5
attention,2048,128,32,128,1,54647.6
attention,2048,128,32,256,1,54444.7
attention,2048,128,32,512,1,54273.2
attention,2048,128,32,1024,1,53832.4
attention,2048,128,32,2048,1,52997.2
attention,2048,128,32,4096,1,52985.6
attention,2048,128,32,8192,1,53027.9
attention,2048,128,32,16384,1,53010.2
attention,2048,128,64,16,1,56381.6
attention,2048,128,64,32,1,56345.7
attention,2048,128,64,64,1,56268.7
attention,2048,128,64,128,1,56224
attention,2048,128,64,256,1,55867.6
attention,2048,128,64,512,1,55507.2
attention,2048,128,64,1024,1,54852.1
attention,2048,128,64,2048,1,53392.6
attention,2048,128,64,4096,1,53402.3
attention,2048,128,64,8192,1,53391.9
attention,2048,128,64,16384,1,53367.4
attention,2048,128,128,16,1,59565.6
attention,2048,128,128,32,1,59554.1
attention,2048,128,128,64,1,59493.2
attention,2048,128,128,128,1,59224.6
attention,2048,128,128,256,1,58746.8
attention,2048,128,128,512,1,57991.8
attention,2048,128,128,1024,1,56528.1
attention,2048,128,128,2048,1,53880.4
attention,2048,128,128,4096,1,53893.4
attention,2048,128,128,8192,1,53875
attention,2048,128,128,16384,1,53839.2
attention,2048,256,0,0,1,48128.2
attention,2048,256,1,16,1,48170.3
attention,2048,256,1,32,1,48162.8
attention,2048,256,1,64,1,48181.2
attention,2048,256,1,128,1,48212.5
attention,2048,256,1,256,1,48206.4
attention,2048,256,1,512,1,48181.6
attention,2048,256,1,1024,1,48173.2
attention,2048,256,1,2048,1,48165.7
attention,2048,256,1,4096,1,48127.9
attention,2048,256,1,8192,1,48131.2
attention,2048,256,1,16384,1,48177.4
attention,2048,256,2,16,1,48228.3
attention,2048,256,2,32,1,48222.2
attention,2048,256,2,64,1,48215.8
attention,2048,256,2,128,1,48215.6
attention,2048,256,2,256,1,48257.4
attention,2048,256,2,512,1,48265.9
attention,2048,256,2,1024,1,48195.5
attention,2048,256,2,2048,1,48141.7
attention,2048,256,2,4096,1,48140.1
attention,2048,256,2,8192,1,48151.8
attention,2048,256,2,16384,1,48144.9
attention,2048,256,4,16,1,48357.1
attention,2048,256,4,32,1,48343.4
attention,2048,256,4,64,1,48322.4
attention,2048,256,4,128,1,48358.7
attention,2048,256,4,256,1,48365.3
attention,2048,256,4,512,1,48322.4
attention,2048,256,4,1024,1,48275.8
attention,2048,256,4,2048,1,48142.1
attention,2048,256,4,4096,1,48161.9
attention,2048,256,4,8192,1,48154.6
attention,2048,256,4,16384,1,48142.6
attention,2048,256,8,16,1,48536.9
attention,2048,256,8,32,1,48518.7
attention,2048,256,8,64,1,48553.5
attention,2048,256,8,128,1,48541.8
attention,2048,256,8,256,1,48503.6
attention,2048,256,8,512,1,48432.1
attention,2048,256,8,1024,1,48360.1
attention,2048,256,8,2048,1,48133.6
attention,2048,256,8,4096,1,48106.1
attention,2048,256,8,8192,1,48121
attention,2048,256,8,16384,1,48118.5
attention,2048,256,16,16,1,48941.5
attention,2048,256,16,32,1,48914.2
attention,2048,256,16,64,1,48895.7
attention,2048,256,16,128,1,48859.5
attention,2048,256,16,256,1,48869.2
attention,2048,256,16,512,1,48667.1
attention,2048,256,16,1024,1,48546.6
attention,2048,256,16,2048,1,48131.1
attention,2048,256,16,4096,1,48133.3
attention,2048,256,16,8192,1,48109.7
attention,2048,256,16,16384,1,48137.8
attention,2048,256,32,16,1,49551.9
attention,2048,256,32,32,1,49597.7
attention,2048,256,32,64,1,49605.5
attention,2048,256,32,128,1,49617.8
attention,2048,256,32,256,1,49625
attention,2048,256,32,512,1,49367.5
attention,2048,256,32,1024,1,48939.6
attention,2048,256,32,2048,1,48124.4
attention,2048,256,32,4096,1,48110.3
attention,2048,256,32,8192,1,48151.2
attention,2048,256,32,16384,1,48128
attention,2048,256,64,16,1,51421.4
attention,2048,256,64,32,1,51415.5
attention,2048,256,64,64,1,51309.4
attention,2048,256,64,128,1,51341.4
attention,2048,256,64,256,1,51037.4
attention,2048,256,64,512,1,50521.9
attention,2048,256,64,1024,1,49908.2
attention,2048,256,64,2048,1,48496.9
attention,2048,256,64,4096,1,48477.2
attention,2048,256,64,8192,1,48496.2
attention,2048,256,64,16384,1,48489.5
attention,2048,256,128,16,1,54564.6
attention,2048,256,128,32,1,54585.9
attention,2048,256,128,64,1,54411.4
attention,2048,256,128,128,1,54262.2
attention,2048,256,128,256,1,53883.6
attention,2048,256,128,512,1,53076.9
attention,2048,256,128,1024,1,51606.3
attention,2048,256,128,2048,1,48969.1
attention,2048,256,128,4096,1,49002.7
attention,2048,256,128,8192,1,48982.7
attention,2048,256,128,16384,1,48940.9
attention,2048,512,0,0,1,39539.7
attention,2048,512,1,16,1,39568.6
attention,2048,512,1,32,1,39615.2
attention,2048,512,1,64,1,39603.3
attention,2048,512,1,128,1,39630.1
attention,2048,512,1,256,1,39604
attention,2048,512,1,512,1,39656.9
attention,2048,512,1,1024,1,39545.9
attention,2048,512,1,2048,1,39547.5
attention,2048,512,1,4096,1,39496.7
attention,2048,512,1,8192,1,39548.3
attention,2048,512,1,16384,1,39579.5
attention,2048,512,2,16,1,39681.8
attention,2048,512,2,32,1,39634.7
attention,2048,512,2,64,1,39606.6
attention,2048,512,2,128,1,39647.8
attention,2048,512,2,256,1,39664.7
attention,2048,512,2,512,1,39654.5
attention,2048,512,2,1024,1,39537.8
attention,2048,512,2,2048,1,39491.3
attention,2048,512,2,4096,1,39512.8
attention,2048,512,2,8192,1,39494
attention,2048,512,2,16384,1,39527.9
attention,2048,512,4,16,1,39710.8
attention,2048,512,4,32,1,39753
attention,2048,512,4,64,1,39760.2
attention,2048,512,4,128,1,39783.8
attention,2048,512,4,256,1,39716.9
attention,2048,512,4,512,1,39790.7
attention,2048,512,4,1024,1,39639.6
attention,2048,512,4,2048,1,39524.2
attention,2048,512,4,4096,1,39501.5
attention,2048,512,4,8192,1,39507.7
attention,2048,512,4,16384,1,39502.4
attention,2048,512,8,16,1,39938.4
attention,2048,512,8,32,1,39927.5
attention,2048,512,8,64,1,39936.3
attention,2048,512,8,128,1,39902.2
attention,2048,512,8,256,1,39929.6
attention,2048,512,8,512,1,39914
attention,2048,512,8,1024,1,39675.7
attention,2048,512,8,2048,1,39486.8
attention,2048,512,8,4096,1,39428.4
attention,2048,512,8,8192,1,39470.7
attention,2048,512,8,16384,1,39509.8
attention,2048,512,16,16,1,40255.6
attention,2048,512,16,32,1,40253.2
attention,2048,512,16,64,1,40226.4
attention,2048,512,16,128,1,40217
attention,2048,512,16,256,1,40286
attention,2048,512,16,512,1,40290
attention,2048,512,16,1024,1,39960
attention,2048,512,16,2048,1,39564.1
attention,2048,512,16,4096,1,39517.8
attention,2048,512,16,8192,1,39547
attention,2048,512,16,16384,1,39545.6
attention,2048,512,32,16,1,40862.1
attention,2048,512,32,32,1,40811.9
attention,2048,512,32,64,1,40789
attention,2048,512,32,128,1,40765.4
attention,2048,512,32,256,1,40702.7
attention,2048,512,32,512,1,40757
attention,2048,512,32,1024,1,40264.5
attention,2048,512,32,2048,1,39434.4
attention,2048,512,32,4096,1,39435.6
attention,2048,512,32,8192,1,39415.8
attention,2048,512,32,16384,1,39436.3
attention,2048,512,64,16,1,42648.4
attention,2048,512,64,32,1,42672.9
attention,2048,512,64,64,1,42621.5
attention,2048,512,64,128,1,42595.8
attention,2048,512,64,256,1,42476.3
attention,2048,512,64,512,1,42044.6
attention,2048,512,64,1024,1,41189.7
attention,2048,512,64,2048,1,39784.1
attention,2048,512,64,4096,1,39779.3
attention,2048,512,64,8192,1,39796.7
attention,2048,512,64,16384,1,39784.8
attention,2048,512,128,16,1,45750.3
attention,2048,512,128,32,1,45707.2
attention,2048,512,128,64,1,45628
attention,2048,512,128,128,1,45489
attention,2048,512,128,256,1,45147.6
attention,2048,512,128,512,1,44425.9
attention,2048,512,128,1024,1,42901.6
attention,2048,512,128,2048,1,40338
attention,2048,512,128,4096,1,40342.4
attention,2048,512,128,8192,1,40291.5
attention,2048,512,128,16384,1,40286
attention,2048,1024,0,0,1,27166.6
attention,2048,1024,1,16,1,27220.6
attention,2048,1024,1,32,1,27268.4
attention,2048,1024,1,64,1,27201.4
attention,2048,1024,1,128,1,27209.4
attention,2048,1024,1,256,1,27214.1
attention,2048,1024,1,512,1,27257.4
attention,2048,1024,1,1024,1,27260.7
attention,2048,1024,1,2048,1,27133.2
attention,2048,1024,1,4096,1,27147.9
attention,2048,1024,1,8192,1,27136.7
attention,2048,1024,1,16384,1,27134.1
attention,2048,1024,2,16,1,27249
attention,2048,1024,2,32,1,27213.4
attention,2048,1024,2,64,1,27207.1
attention,2048,1024,2,128,1,27235.1
attention,2048,1024,2,256,1,27210.9
attention,2048,1024,2,512,1,27281.9
attention,2048,1024,2,1024,1,27284.9
attention,2048,1024,2,2048,1,27198.4
attention,2048,1024,2,4096,1,27133.6
attention,2048,1024,2,8192,1,27161.1
attention,2048,1024,2,16384,1,27111.1
attention,2048,1024,4,16,1,27229.6
attention,2048,1024,4,32,1,27270.3
attention,2048,1024,4,64,1,27283
attention,2048,1024,4,128,1,27252.8
attention,2048,1024,4,256,1,27234.6
attention,2048,1024,4,512,1,27341
attention,2048,1024,4,1024,1,27309.1
attention,2048,1024,4,2048,1,27097.2
attention,2048,1024,4,4096,1,27088.8
attention,2048,1024,4,8192,1,27083.5
attention,2048,1024,4,16384,1,27138.3
attention,2048,1024,8,16,1,27479
attention,2048,1024,8,32,1,27492.9
attention,2048,1024,8,64,1,27465.5
attention,2048,1024,8,128,1,27480.5
attention,2048,1024,8,256,1,27450.4
attention,2048,1024,8,512,1,27408.3
attention,2048,1024,8,1024,1,27384.9
attention,2048,1024,8,2048,1,27145.5
attention,2048,1024,8,4096,1,27095.9
attention,2048,1024,8,8192,1,27103.1
attention,2048,1024,8,16384,1,27130.2
attention,2048,1024,16,16,1,27730.9
attention,2048,1024,16,32,1,27751.7
attention,2048,1024,16,64,1,27710.3
attention,2048,1024,16,128,1,27741.3
attention,2048,1024,16,256,1,27665.9
attention,2048,1024,16,512,1,27605.9
attention,2048,1024,16,1024,1,27749.9
attention,2048,1024,16,2048,1,26887.6
attention,2048,1024,16,4096,1,26884.6
attention,2048,1024,16,8192,1,26902.5
attention,2048,1024,16,16384,1,26918.7
attention,2048,1024,32,16,1,28322.5
attention,2048,1024,32,32,1,28286.9
attention,2048,1024,32,64,1,28143.3
attention,2048,1024,32,128,1,28152
attention,2048,1024,32,256,1,28071.4
attention,2048,1024,32,512,1,27777.3
attention,2048,1024,32,1024,1,28000.3
attention,2048,1024,32,2048,1,26907.6
attention,2048,1024,32,4096,1,26901.7
attention,2048,1024,32,8192,1,26902.3
attention,2048,1024,32,16384,1,26896.7
attention,2048,1024,64,16,1,30035.5
attention,2048,1024,64,32,1,30046.7
attention,2048,1024,64,64,1,30017.7
attention,2048,1024,64,128,1,29986.9
attention,2048,1024,64,256,1,29723.6
attention,2048,1024,64,512,1,29420
attention,2048,1024,64,1024,1,28859.8
attention,2048,1024,64,2048,1,27118.9
attention,2048,1024,64,4096,1,27096.8
attention,2048,1024,64,8192,1,27145.1
attention,2048,1024,64,16384,1,27092.6
attention,2048,1024,128,16,1,33118.9
attention,2048,1024,128,32,1,33075.7
attention,2048,1024,128,64,1,32956.1
attention,2048,1024,128,128,1,32746.1
attention,2048,1024,128,256,1,32364.9
attention,2048,1024,128,512,1,31686.6
attention,2048,1024,128,1024,1,30383.7
attention,2048,1024,128,2048,1,27741.6
attention,2048,1024,128,4096,1,27787.9
attention,2048,1024,128,8192,1,27751.6
attention,2048,1024,128,16384,1,27731.3
attention,2048,2048,0,0,1,19112.3
attention,2048,2048,1,16,1,19154.3
attention,2048,2048,1,32,1,19147.8
attention,2048,2048,1,64,1,19156.6
attention,2048,2048,1,128,1,19151
attention,2048,2048,1,256,1,19153.1
attention,2048,2048,1,512,1,19156.2
attention,2048,2048,1,1024,1,19153.6
attention,2048,2048,1,2048,1,19153.2
attention,2048,2048,1,4096,1,19152
attention,2048,2048,1,8192,1,19152.5
attention,2048,2048,1,16384,1,19155
attention,2048,2048,2,16,1,19153.4
attention,2048,2048,2,32,1,19150.8
attention,2048,2048,2,64,1,19150.2
attention,2048,2048,2,128,1,19156
attention,2048,2048,2,256,1,19157.9
attention,2048,2048,2,512,1,19150.8
attention,2048,2048,2,1024,1,19157.7
attention,2048,2048,2,2048,1,19161.5
attention,2048,2048,2,4096,1,19161.1
attention,2048,2048,2,8192,1,19165.8
attention,2048,2048,2,16384,1,19152.8
attention,2048,2048,4,16,1,19169.2
attention,2048,2048,4,32,1,19161.7
attention,2048,2048,4,64,1,19162.2
attention,2048,2048,4,128,1,19161.9
attention,2048,2048,4,256,1,19154.4
attention,2048,2048,4,512,1,19156.9
attention,2048,2048,4,1024,1,19174
attention,2048,2048,4,2048,1,19169
attention,2048,2048,4,4096,1,19169.8
attention,2048,2048,4,8192,1,19168
attention,2048,2048,4,16384,1,19164.4
attention,2048,2048,8,16,1,19164.8
attention,2048,2048,8,32,1,19158.2
attention,2048,2048,8,64,1,19162
attention,2048,2048,8,128,1,19161.5
attention,2048,2048,8,256,1,19158
attention,2048,2048,8,512,1,19162.6
attention,2048,2048,8,1024,1,19156.7
attention,2048,2048,8,2048,1,19169.2
attention,2048,2048,8,4096,1,19174.2
attention,2048,2048,8,8192,1,19169.8
attention,2048,2048,8,16384,1,19174.8
attention,2048,2048,16,16,1,19463.8
attention,2048,2048,16,32,1,19465.7
attention,2048,2048,16,64,1,19472.7
attention,2048,2048,16,128,1,19471.4
attention,2048,2048,16,256,1,19468.9
attention,2048,2048,16,512,1,19464.1
attention,2048,2048,16,1024,1,19411.8
attention,2048,2048,16,2048,1,19195.8
attention,2048,2048,16,4096,1,19197.5
attention,2048,2048,16,8192,1,19196
attention,2048,2048,16,16384,1,19195.2
attention,2048,2048,32,16,1,20251.3
attention,2048,2048,32,32,1,20238.5
attention,2048,2048,32,64,1,20201.9
attention,2048,2048,32,128,1,20200.3
attention,2048,2048,32,256,1,20170.5
attention,2048,2048,32,512,1,20145.4
attention,2048,2048,32,1024,1,19875.5
attention,2048,2048,32,2048,1,19497.6
attention,2048,2048,32,4096,1,19486.2
attention,2048,2048,32,8192,1,19488
attention,2048,2048,32,16384,1,19498.2
attention,2048,2048,64,16,1,21958.9
attention,2048,2048,64,32,1,21949.7
attention,2048,2048,64,64,1,21913.4
attention,2048,2048,64,128,1,21886
attention,2048,2048,64,256,1,21739.6
attention,2048,2048,64,512,1,21455.1
attention,2048,2048,64,1024,1,20768.3
attention,2048,2048,64,2048,1,19653.8
attention,2048,2048,64,4096,1,19659.2
attention,2048,2048,64,8192,1,19668.3
attention,2048,2048,64,16384,1,19641.2
attention,2048,2048,128,16,1,25247.5
attention,2048,2048,128,32,1,25188.1
attention,2048,2048,128,64,1,25144.9
attention,2048,2048,128,128,1,24962.5
attention,2048,2048,128,256,1,24577.2
attention,2048,2048,128,512,1,23897.3
attention,2048,2048,128,1024,1,22544.8
attention,2048,2048,128,2048,1,20431.6
attention,2048,2048,128,4096,1,20443.9
attention,2048,2048,128,8192,1,20422.7
attention,2048,2048,128,16384,1,20402.2
attention,2048,4096,0,0,1,19099.7
attention,2048,4096,1,16,1,19139.1
attention,2048,4096,1,32,1,19139
attention,2048,4096,1,64,1,19135.6
attention,2048,4096,1,128,1,19136.9
attention,2048,4096,1,256,1,19140.9
attention,2048,4096,1,512,1,19147
attention,2048,4096,1,1024,1,19142.2
attention,2048,4096,1,2048,1,19142.6
attention,2048,4096,1,4096,1,19141
attention,2048,4096,1,8192,1,19141.1
attention,2048,4096,1,16384,1,19139.3
attention,2048,4096,2,16,1,19146.6
attention,2048,4096,2,32,1,19142.1
attention,2048,4096,2,64,1,19140.1
attention,2048,4096,2,128,1,19148.9
attention,2048,4096,2,256,1,19141.3
attention,2048,4096,2,512,1,19141.6
attention,2048,4096,2,1024,1,19144.3
attention,2048,4096,2,2048,1,19147.4
attention,2048,4096,2,4096,1,19145.2
attention,2048,4096,2,8192,1,19146.9
attention,2048,4096,2,16384,1,19143.2
attention,2048,4096,4,16,1,19146.9
attention,2048,4096,4,32,1,19148.3
attention,2048,4096,4,64,1,19154.1
attention,2048,4096,4,128,1,19153.9
attention,2048,4096,4,256,1,19147.9
attention,2048,4096,4,512,1,19146.2
attention,2048,4096,4,1024,1,19150.9
attention,2048,4096,4,2048,1,19164.1
attention,2048,4096,4,4096,1,19154.6
attention,2048,4096,4,8192,1,19154.5
attention,2048,4096,4,16384,1,19160.5
attention,2048,4096,8,16,1,19155.8
attention,2048,4096,8,32,1,19143.5
attention,2048,4096,8,64,1,19148.5
attention,2048,4096,8,128,1,19149.3
attention,2048,4096,8,256,1,19147.4
attention,2048,4096,8,512,1,19150.2
attention,2048,4096,8,1024,1,19148.2
attention,2048,4096,8,2048,1,19162.9
attention,2048,4096,8,4096,1,19162.2
attention,2048,4096,8,8192,1,19159.9
attention,2048,4096,8,16384,1,19159.5
attention,2048,4096,16,16,1,19457.3
attention,2048,4096,16,32,1,19453.9
attention,2048,4096,16,64,1,19461.5
attention,2048,4096,16,128,1,19459.2
attention,2048,4096,16,256,1,19464.4
attention,2048,4096,16,512,1,19464.8
attention,2048,4096,16,1024,1,19398.6
attention,2048,4096,16,2048,1,19189.6
attention,2048,4096,16,4096,1,19184.6
attention,2048,4096,16,8192,1,19182
attention,2048,4096,16,16384,1,19179.6
attention,2048,4096,32,16,1,20239.6
attention,2048,4096,32,32,1,20229
attention,2048,4096,32,64,1,20190.2
attention,2048,4096,32,128,1,20192.6
attention,2048,4096,32,256,1,20168.3
attention,2048,4096,32,512,1,20132.3
attention,2048,4096,32,1024,1,19861.9
attention,2048,4096,32,2048,1,19489.7
attention,2048,4096,32,4096,1,19486.8
attention,2048,4096,32,8192,1,19479.1
attention,2048,4096,32,16384,1,19478.5
attention,2048,4096,64,16,1,21946.6
attention,2048,4096,64,32,1,21930.2
attention,2048,4096,64,64,1,21902.7
attention,2048,4096,64,128,1,21875.9
attention,2048,4096,64,256,1,21737.4
attention,2048,4096,64,512,1,21430.2
attention,2048,4096,64,1024,1,20755
attention,2048,4096,64,2048,1,19651.9
attention,2048,4096,64,4096,1,19651.8
attention,2048,4096,64,8192,1,19661.2
attention,2048,4096,64,16384,1,19628.5
attention,2048,4096,128,16,1,25270.2
attention,2048,4096,128,32,1,25185.4
attention,2048,4096,128,64,1,25130.7
attention,2048,4096,128,128,1,24952.3
attention,2048,4096,128,256,1,24578.1
attention,2048,4096,128,512,1,23886.9
attention,2048,4096,128,1024,1,22526.1
attention,2048,4096,128,2048,1,20416.2
attention,2048,4096,128,4096,1,20426.4
attention,2048,4096,128,8192,1,20417.9
attention,2048,4096,128,16384,1,20393.2
attention,2048,8192,0,0,1,19085.4
attention,2048,8192,1,16,1,19117
attention,2048,8192,1,32,1,19116.5
attention,2048,8192,1,64,1,19115.3
attention,2048,8192,1,128,1,19117.1
attention,2048,8192,1,256,1,19119.4
attention,2048,8192,1,512,1,19114.6
attention,2048,8192,1,1024,1,19124
attention,2048,8192,1,2048,1,19122.4
attention,2048,8192,1,4096,1,19121.6
attention,2048,8192,1,8192,1,19125.3
attention,2048,8192,1,16384,1,19119.9
attention,2048,8192,2,16,1,19127.3
attention,2048,8192,2,32,1,19118
attention,2048,8192,2,64,1,19125.6
attention,2048,8192,2,128,1,19115.5
attention,2048,8192,2,256,1,19117.9
attention,2048,8192,2,512,1,19125.1
attention,2048,8192,2,1024,1,19126.9
attention,2048,8192,2,2048,1,19124.5
attention,2048,8192,2,4096,1,19126.6
attention,2048,8192,2,8192,1,19121.9
attention,2048,8192,2,16384,1,19121.1
attention,2048,8192,4,16,1,19129.4
attention,2048,8192,4,32,1,19129
attention,2048,8192,4,64,1,19132.7
attention,2048,8192,4,128,1,19125.2
attention,2048,8192,4,256,1,19130.7
attention,2048,8192,4,512,1,19129.8
attention,2048,8192,4,1024,1,19133.1
attention,2048,8192,4,2048,1,19140.6
attention,2048,8192,4,4096,1,19140.7
attention,2048,8192,4,8192,1,19137.4
attention,2048,8192,4,16384,1,19139.1
attention,2048,8192,8,16,1,19127.3
attention,2048,8192,8,32,1,19121.5
attention,2048,8192,8,64,1,19127.7
attention,2048,8192,8,128,1,19128.3
attention,2048,8192,8,256,1,19126.8
attention,2048,8192,8,512,1,19121.1
attention,2048,8192,8,1024,1,19123.1
attention,2048,8192,8,2048,1,19146.1
attention,2048,8192,8,4096,1,19149
attention,2048,8192,8,8192,1,19136.1
attention,2048,8192,8,16384,1,19134.4
attention,2048,8192,16,16,1,19437.9
attention,2048,8192,16,32,1,19438.5
attention,2048,8192,16,64,1,19437.8
attention,2048,8192,16,128,1,19436.4
attention,2048,8192,16,256,1,19433.8
attention,2048,8192,16,512,1,19436.5
attention,2048,8192,16,1024,1,19373.9
attention,2048,8192,16,2048,1,19171.4
attention,2048,8192,16,4096,1,19169.1
attention,2048,8192,16,8192,1,19170.6
attention,2048,8192,16,16384,1,19174
attention,2048,8192,32,16,1,20218.2
attention,2048,8192,32,32,1,20198.3
attention,2048,8192,32,64,1,20163.7
attention,2048,8192,32,128,1,20165.5
attention,2048,8192,32,256,1,20147.6
attention,2048,8192,32,512,1,20131
attention,2048,8192,32,1024,1,19843.9
attention,2048,8192,32,2048,1,19470.1
attention,2048,8192,32,4096,1,19468.9
attention,2048,8192,32,8192,1,19467.1
attention,2048,8192,32,16384,1,19473.1
attention,2048,8192,64,16,1,21931.6
attention,2048,8192,64,32,1,21913.8
attention,2048,8192,64,64,1,21882.2
attention,2048,8192,64,128,1,21846.8
attention,2048,8192,64,256,1,21708.7
attention,2048,8192,64,512,1,21418.9
attention,2048,8192,64,1024,1,20732.7
attention,2048,8192,64,2048,1,19626.4
attention,2048,8192,64,4096,1,19629.3
attention,2048,8192,64,8192,1,19641.3
attention,2048,8192,64,16384,1,19605
attention,2048,8192,128,16,1,25212.8
attention,2048,8192,128,32,1,25195.6
attention,2048,8192,128,64,1,25120.2
attention,2048,8192,128,128,1,24937.4
attention,2048,8192,128,256,1,24552
attention,2048,8192,128,512,1,23865.7
attention,2048,8192,128,1024,1,22512.7
attention,2048,8192,128,2048,1,20392.4
attention,2048,8192,128,4096,1,20403.9
attention,2048,8192,128,8192,1,20391.2
attention,2048,8192,128,16384,1,20368.6
attention,2048,16384,0,0,1,19059
attention,2048,16384,1,16,1,19096.4
attention,2048,16384,1,32,1,19098.7
attention,2048,16384,1,64,1,19092.5
attention,2048,16384,1,128,1,19091
attention,2048,16384,1,256,1,19091.6
attention,2048,16384,1,512,1,19101.5
attention,2048,16384,1,1024,1,19094.6
attention,2048,16384,1,2048,1,19100.4
attention,2048,16384,1,4096,1,19102.8
attention,2048,16384,1,8192,1,19100.3
attention,2048,16384,1,16384,1,19104.5
attention,2048,16384,2,16,1,19099.6
attention,2048,16384,2,32,1,19098.1
attention,2048,16384,2,64,1,19097.3
attention,2048,16384,2,128,1,19103
attention,2048,16384,2,256,1,19102.7
attention,2048,16384,2,512,1,19093.3
attention,2048,16384,2,1024,1,19098.6
attention,2048,16384,2,2048,1,19106.6
attention,2048,16384,2,4096,1,19103.6
attention,2048,16384,2,8192,1,19103.9
attention,2048,16384,2,16384,1,19100.6
attention,2048,16384,4,16,1,19106.4
attention,2048,16384,4,32,1,19107.3
attention,2048,16384,4,64,1,19109.5
attention,2048,16384,4,128,1,19106
attention,2048,16384,4,256,1,19104.1
attention,2048,16384,4,512,1,19108.7
attention,2048,16384,4,1024,1,19115.8
attention,2048,16384,4,2048,1,19111.5
attention,2048,16384,4,4096,1,19116.4
attention,2048,16384,4,8192,1,19121
attention,2048,16384,4,16384,1,19116.3
attention,2048,16384,8,16,1,19101.4
attention,2048,16384,8,32,1,19100.7
attention,2048,16384,8,64,1,19098.3
attention,2048,16384,8,128,1,19104.3
attention,2048,16384,8,256,1,19100.4
attention,2048,16384,8,512,1,19101.6
attention,2048,16384,8,1024,1,19102.6
attention,2048,16384,8,2048,1,19123.9
attention,2048,16384,8,4096,1,19129.9
attention,2048,16384,8,8192,1,19122.1
attention,2048,16384,8,16384,1,19114.2
attention,2048,16384,16,16,1,19407.3
attention,2048,16384,16,32,1,19414.3
attention,2048,16384,16,64,1,19414
attention,2048,16384,16,128,1,19404
attention,2048,16384,16,256,1,19402.9
attention,2048,16384,16,512,1,19410
attention,2048,16384,16,1024,1,19356.1
attention,2048,16384,16,2048,1,19153
attention,2048,16384,16,4096,1,19149
attention,2048,16384,16,8192,1,19146.1
attention,2048,16384,16,16384,1,19144
attention,2048,16384,32,16,1,20185
attention,2048,16384,32,32,1,20166
attention,2048,16384,32,64,1,20141.9
attention,2048,16384,32,128,1,20142.3
attention,2048,16384,32,256,1,20123.6
attention,2048,16384,32,512,1,20105.2
attention,2048,16384,32,1024,1,19822.6
attention,2048,16384,32,2048,1,19451.3
attention,2048,16384,32,4096,1,19445.3
attention,2048,16384,32,8192,1,19441.5
attention,2048,16384,32,16384,1,19440.1
attention,2048,16384,64,16,1,21898.9
attention,2048,16384,64,32,1,21875.8
attention,2048,16384,64,64,1,21850.7
attention,2048,16384,64,128,1,21815.1
attention,2048,16384,64,256,1,21685.7
attention,2048,16384,64,512,1,21376.9
attention,2048,16384,64,1024,1,20706.2
attention,2048,16384,64,2048,1,19601.2
attention,2048,16384,64,4096,1,19603.8
attention,2048,16384,64,8192,1,19602.8
attention,2048,16384,64,16384,1,19603.3
attention,2048,16384,128,16,1,25192.7
attention,2048,16384,128,32,1,25122.3
attention,2048,16384,128,64,1,25096.7
attention,2048,16384,128,128,1,24902
attention,2048,16384,128,256,1,24512.5
attention,2048,16384,128,512,1,23836.9
attention,2048,16384,128,1024,1,22477.5
attention,2048,16384,128,2048,1,20366.2
attention,2048,16384,128,4096,1,20374.2
attention,2048,16384,128,8192,1,20381.2
attention,2048,16384,128,16384,1,20373.7
indexer,0,0,1,16,1,23.097
indexer,0,0,1,32,1,23
indexer,0,0,1,64,1,23.9927
indexer,0,0,1,128,1,23.3125
indexer,0,0,1,256,1,23.7677
indexer,0,0,1,512,1,23.968
indexer,0,0,1,1024,1,24.0565
indexer,0,0,1,2048,1,39.6882
indexer,0,0,1,4096,1,51.7195
indexer,0,0,1,8192,1,52.84
indexer,0,0,1,16384,1,65.808
indexer,0,0,2,16,1,23.6322
indexer,0,0,2,32,1,23.7438
indexer,0,0,2,64,1,24.6005
indexer,0,0,2,128,1,24.5842
indexer,0,0,2,256,1,24.744
indexer,0,0,2,512,1,24.8245
indexer,0,0,2,1024,1,25.3678
indexer,0,0,2,2048,1,41.1282
indexer,0,0,2,4096,1,55.6145
indexer,0,0,2,8192,1,58.9118
indexer,0,0,2,16384,1,74.736
indexer,0,0,4,16,1,24.1693
indexer,0,0,4,32,1,24.1033
indexer,0,0,4,64,1,25.1678
indexer,0,0,4,128,1,24.9915
indexer,0,0,4,256,1,25.2475
indexer,0,0,4,512,1,25.462
indexer,0,0,4,1024,1,25.9603
indexer,0,0,4,2048,1,50.2
indexer,0,0,4,4096,1,57.5832
indexer,0,0,4,8192,1,63.6077
indexer,0,0,4,16384,1,81.792
indexer,0,0,8,16,1,24.4475
indexer,0,0,8,32,1,24.3512
indexer,0,0,8,64,1,25.6088
indexer,0,0,8,128,1,25.5205
indexer,0,0,8,256,1,25.832
indexer,0,0,8,512,1,26.1125
indexer,0,0,8,1024,1,27.313
indexer,0,0,8,2048,1,51.966
indexer,0,0,8,4096,1,63.5983
indexer,0,0,8,8192,1,71.8152
indexer,0,0,8,16384,1,100.809
indexer,0,0,16,16,1,25.0008
indexer,0,0,16,32,1,25.048
indexer,0,0,16,64,1,26.224
indexer,0,0,16,128,1,26.08
indexer,0,0,16,256,1,26.7755
indexer,0,0,16,512,1,27.6163
indexer,0,0,16,1024,1,30.184
indexer,0,0,16,2048,1,58.3598
indexer,0,0,16,4096,1,74.936
indexer,0,0,16,8192,1,98.5038
indexer,0,0,16,16384,1,140.233
indexer,0,0,32,16,1,27.0245
indexer,0,0,32,32,1,26.8083
indexer,0,0,32,64,1,27.9368
indexer,0,0,32,128,1,28.2965
indexer,0,0,32,256,1,29.304
indexer,0,0,32,512,1,31.2475
indexer,0,0,32,1024,1,36.1845
indexer,0,0,32,2048,1,85.473
indexer,0,0,32,4096,1,124.489
indexer,0,0,32,8192,1,169.439
indexer,0,0,32,16384,1,267.352
indexer,0,0,64,16,1,28.5835
indexer,0,0,64,32,1,28.9115
indexer,0,0,64,64,1,30.3285
indexer,0,0,64,128,1,31.7912
indexer,0,0,64,256,1,34.3118
indexer,0,0,64,512,1,38.5518
indexer,0,0,64,1024,1,48.105
indexer,0,0,64,2048,1,129.76
indexer,0,0,64,4096,1,198.769
indexer,0,0,64,8192,1,299.031
indexer,0,0,64,16384,1,485.919
indexer,0,0,128,16,1,32.7773
indexer,0,0,128,32,1,32.624
indexer,0,0,128,64,1,35.185
indexer,0,0,128,128,1,38.8645
indexer,0,0,128,256,1,43.1763
indexer,0,0,128,512,1,52.2645
indexer,0,0,128,1024,1,73.0965
indexer,0,0,128,2048,1,205.528
indexer,0,0,128,4096,1,353.126
indexer,0,0,128,8192,1,547.585
indexer,0,0,128,16384,1,889.993
indexer,0,0,256,16,1,42.6882
indexer,0,0,256,32,1,42.3753
indexer,0,0,256,64,1,46.1525
indexer,0,0,256,128,1,50.3438
indexer,0,0,256,256,1,61.767
indexer,0,0,256,512,1,80.68
indexer,0,0,256,1024,1,122.001
indexer,0,0,256,2048,1,376.719
indexer,0,0,256,4096,1,690.096
indexer,0,0,256,8192,1,1052.99
indexer,0,0,256,16384,1,1723.11
indexer,16,0,0,0,1,28.4318
indexer,16,0,1,16,1,44.2717
indexer,16,0,1,32,1,44.352
indexer,16,0,1,64,1,45.0877
indexer,16,0,1,128,1,45.0953
indexer,16,0,1,256,1,45.1283
indexer,16,0,1,512,1,45.345
indexer,16,0,1,1024,1,45.4892
indexer,16,0,1,2048,1,62.4797
indexer,16,0,1,4096,1,74.743
indexer,16,0,1,8192,1,74.058
indexer,16,0,1,16384,1,87.7838
indexer,16,0,2,16,1,44.92
indexer,16,0,2,32,1,44.936
indexer,16,0,2,64,1,45.9673
indexer,16,0,2,128,1,45.7997
indexer,16,0,2,256,1,45.9913
indexer,16,0,2,512,1,45.984
indexer,16,0,2,1024,1,46.4557
indexer,16,0,2,2048,1,67.1582
indexer,16,0,2,4096,1,75.9915
indexer,16,0,2,8192,1,80.1925
indexer,16,0,2,16384,1,95.8558
indexer,16,0,4,16,1,44.928
indexer,16,0,4,32,1,45.0565
indexer,16,0,4,64,1,46.321
indexer,16,0,4,128,1,46.0958
indexer,16,0,4,256,1,45.9525
indexer,16,0,4,512,1,46.399
indexer,16,0,4,1024,1,46.9997
indexer,16,0,4,2048,1,68.0165
indexer,16,0,4,4096,1,78.5925
indexer,16,0,4,8192,1,85.2088
indexer,16,0,4,16384,1,102.902
indexer,16,0,8,16,1,45.3115
indexer,16,0,8,32,1,45.2013
indexer,16,0,8,64,1,46.2328
indexer,16,0,8,128,1,46.441
indexer,16,0,8,256,1,46.3758
indexer,16,0,8,512,1,47.0235
indexer,16,0,8,1024,1,48.1115
indexer,16,0,8,2048,1,70.4968
indexer,16,0,8,4096,1,83.9672
indexer,16,0,8,8192,1,93.3035
indexer,16,0,8,16384,1,122.593
indexer,16,0,16,16,1,46.008
indexer,16,0,16,32,1,45.3603
indexer,16,0,16,64,1,47.0085
indexer,16,0,16,128,1,46.8968
indexer,16,0,16,256,1,47.809
indexer,16,0,16,512,1,48.3845
indexer,16,0,16,1024,1,50.2323
indexer,16,0,16,2048,1,75.6395
indexer,16,0,16,4096,1,94.64
indexer,16,0,16,8192,1,118.4
indexer,16,0,16,16384,1,160.08
indexer,16,0,32,16,1,47.328
indexer,16,0,32,32,1,47.1765
indexer,16,0,32,64,1,48.8163
indexer,16,0,32,128,1,48.9525
indexer,16,0,32,256,1,49.833
indexer,16,0,32,512,1,52.4645
indexer,16,0,32,1024,1,57.3445
indexer,16,0,32,2048,1,102.448
indexer,16,0,32,4096,1,146.321
indexer,16,0,32,8192,1,192.976
indexer,16,0,32,16384,1,293.368
indexer,16,0,64,16,1,49.1608
indexer,16,0,64,32,1,49.073
indexer,16,0,64,64,1,50.928
indexer,16,0,64,128,1,52.6887
indexer,16,0,64,256,1,54.8953
indexer,16,0,64,512,1,60.0565
indexer,16,0,64,1024,1,69.7752
indexer,16,0,64,2048,1,145.16
indexer,16,0,64,4096,1,223.433
indexer,16,0,64,8192,1,323.017
indexer,16,0,64,16384,1,515.278
indexer,16,0,128,16,1,53.2643
indexer,16,0,128,32,1,53.4637
indexer,16,0,128,64,1,55.896
indexer,16,0,128,128,1,59.68
indexer,16,0,128,256,1,63.5037
indexer,16,0,128,512,1,72.743
indexer,16,0,128,1024,1,94.0743
indexer,16,0,128,2048,1,236.576
indexer,16,0,128,4096,1,365.569
indexer,16,0,128,8192,1,563.727
indexer,16,0,128,16384,1,906.537
indexer,16,16,0,0,1,29.7672
indexer,16,16,1,16,1,30.0322
indexer,16,16,1,32,1,29.968
indexer,16,16,1,64,1,30.0002
indexer,16,16,1,128,1,33.6635
indexer,16,16,1,256,1,37.9032
indexer,16,16,1,512,1,45.3603
indexer,16,16,1,1024,1,45.5273
indexer,16,16,1,2048,1,67.4235
indexer,16,16,1,4096,1,421.393
indexer,16,16,1,8192,1,96.52
indexer,16,16,1,16384,1,177.815
indexer,16,16,2,16,1,30.1842
indexer,16,16,2,32,1,30.264
indexer,16,16,2,64,1,33.5115
indexer,16,16,2,128,1,37.992
indexer,16,16,2,256,1,45.32
indexer,16,16,2,512,1,45.679
indexer,16,16,2,1024,1,47.0478
indexer,16,16,2,2048,1,71.096
indexer,16,16,2,4096,1,432.696
indexer,16,16,2,8192,1,140.704
indexer,16,16,2,16384,1,204.487
indexer,16,16,4,16,1,30.4415
indexer,16,16,4,32,1,30.2407
indexer,16,16,4,64,1,34.3282
indexer,16,16,4,128,1,38.496
indexer,16,16,4,256,1,38.6158
indexer,16,16,4,512,1,40.0877
indexer,16,16,4,1024,1,43.8013
indexer,16,16,4,2048,1,73.2395
indexer,16,16,4,4096,1,437.792
indexer,16,16,4,8192,1,146.761
indexer,16,16,4,16384,1,221.951
indexer,16,16,8,16,1,30.848
indexer,16,16,8,32,1,30.7115
indexer,16,16,8,64,1,35.0555
indexer,16,16,8,128,1,35.0172
indexer,16,16,8,256,1,35.4005
indexer,16,16,8,512,1,38.922
indexer,16,16,8,1024,1,49.7837
indexer,16,16,8,2048,1,76.7362
indexer,16,16,8,4096,1,443.071
indexer,16,16,8,8192,1,160.727
indexer,16,16,8,16384,1,250.744
indexer,16,16,16,16,1,32.0643
indexer,16,16,16,32,1,32.3672
indexer,16,16,16,64,1,32.512
indexer,16,16,16,128,1,34.68
indexer,16,16,16,256,1,39.1612
indexer,16,16,16,512,1,46.4252
indexer,16,16,16,1024,1,52.016
indexer,16,16,16,2048,1,84.9365
indexer,16,16,16,4096,1,456.568
indexer,16,16,16,8192,1,188.583
indexer,16,16,16,16384,1,314.056
indexer,16,16,32,16,1,34.3038
indexer,16,16,32,32,1,34.7605
indexer,16,16,32,64,1,34.928
indexer,16,16,32,128,1,39.3762
indexer,16,16,32,256,1,42.193
indexer,16,16,32,512,1,46.2578
indexer,16,16,32,1024,1,58.8875
indexer,16,16,32,2048,1,99.7432
indexer,16,16,32,4096,1,504.296
indexer,16,16,32,8192,1,261.704
indexer,16,16,32,16384,1,483.536
indexer,16,16,64,16,1,38.168
indexer,16,16,64,32,1,38.1525
indexer,16,16,64,64,1,39.679
indexer,16,16,64,128,1,42.4875
indexer,16,16,64,256,1,48.8243
indexer,16,16,64,512,1,59.9688
indexer,16,16,64,1024,1,81.0395
indexer,16,16,64,2048,1,501.328
indexer,16,16,64,4096,1,589.392
indexer,16,16,64,8192,1,443.775
indexer,16,16,64,16384,1,906.072
indexer,16,16,128,16,1,46.608
indexer,16,16,128,32,1,47.0472
indexer,16,16,128,64,1,49.519
indexer,16,16,128,128,1,56.0487
indexer,16,16,128,256,1,66.5353
indexer,16,16,128,512,1,88.4235
indexer,16,16,128,1024,1,125.929
indexer,16,16,128,2048,1,577.281
indexer,16,16,128,4096,1,761.312
indexer,16,16,128,8192,1,1013.07
indexer,16,16,128,16384,1,1799.35
indexer,16,32,0,0,1,29.895
indexer,16,32,1,16,1,30.327
indexer,16,32,1,32,1,30.025
indexer,16,32,1,64,1,29.888
indexer,16,32,1,128,1,33.5598
indexer,16,32,1,256,1,38.1362
indexer,16,32,1,512,1,45.5845
indexer,16,32,1,1024,1,45.512
indexer,16,32,1,2048,1,67.2485
indexer,16,32,1,4096,1,421.169
indexer,16,32,1,8192,1,96.7682
indexer,16,32,1,16384,1,175.753
indexer,16,32,2,16,1,29.7587
indexer,16,32,2,32,1,29.8407
indexer,16,32,2,64,1,34.1597
indexer,16,32,2,128,1,38.5115
indexer,16,32,2,256,1,46.0325
indexer,16,32,2,512,1,45.1917
indexer,16,32,2,1024,1,46.7695
indexer,16,32,2,2048,1,71.2805
indexer,16,32,2,4096,1,432.633
indexer,16,32,2,8192,1,140.873
indexer,16,32,2,16384,1,204.041
indexer,16,32,4,16,1,30.4077
indexer,16,32,4,32,1,30.5355
indexer,16,32,4,64,1,34.5448
indexer,16,32,4,128,1,38.6812
indexer,16,32,4,256,1,38.7938
indexer,16,32,4,512,1,40.2157
indexer,16,32,4,1024,1,44.152
indexer,16,32,4,2048,1,73.4488
indexer,16,32,4,4096,1,437.655
indexer,16,32,4,8192,1,146.896
indexer,16,32,4,16384,1,219.118
indexer,16,32,8,16,1,30.9285
indexer,16,32,8,32,1,30.599
indexer,16,32,8,64,1,34.904
indexer,16,32,8,128,1,34.9528
indexer,16,32,8,256,1,35.2955
indexer,16,32,8,512,1,39.0875
indexer,16,32,8,1024,1,49.888
indexer,16,32,8,2048,1,76.8825
indexer,16,32,8,4096,1,442.912
indexer,16,32,8,8192,1,160.184
indexer,16,32,8,16384,1,247.583
indexer,16,32,16,16,1,32.0722
indexer,16,32,16,32,1,32.0152
indexer,16,32,16,64,1,32.5362
indexer,16,32,16,128,1,34.0637
indexer,16,32,16,256,1,38.4718
indexer,16,32,16,512,1,46.2645
indexer,16,32,16,1024,1,51.6317
indexer,16,32,16,2048,1,84.9368
indexer,16,32,16,4096,1,456.104
indexer,16,32,16,8192,1,188.183
indexer,16,32,16,16384,1,311.272
indexer,16,32,32,16,1,34.0553
indexer,16,32,32,32,1,34.1683
indexer,16,32,32,64,1,34.7677
indexer,16,32,32,128,1,39.5195
indexer,16,32,32,256,1,42.583
indexer,16,32,32,512,1,46.9035
indexer,16,32,32,1024,1,58.0408
indexer,16,32,32,2048,1,97.5662
indexer,16,32,32,4096,1,490.848
indexer,16,32,32,8192,1,260.009
indexer,16,32,32,16384,1,472.216
indexer,16,32,64,16,1,38.048
indexer,16,32,64,32,1,38.4002
indexer,16,32,64,64,1,39.0155
indexer,16,32,64,128,1,41.5282
indexer,16,32,64,256,1,48.4953
indexer,16,32,64,512,1,59.8713
indexer,16,32,64,1024,1,81.024
indexer,16,32,64,2048,1,485.538
indexer,16,32,64,4096,1,572.559
indexer,16,32,64,8192,1,439.031
indexer,16,32,64,16384,1,908.295
indexer,16,32,128,16,1,46.8635
indexer,16,32,128,32,1,47.0243
indexer,16,32,128,64,1,49.0152
indexer,16,32,128,128,1,56.648
indexer,16,32,128,256,1,65.5598
indexer,16,32,128,512,1,88.145
indexer,16,32,128,1024,1,126.16
indexer,16,32,128,2048,1,576.672
indexer,16,32,128,4096,1,759.706
indexer,16,32,128,8192,1,1011.55
indexer,16,32,128,16384,1,1795.77
indexer,16,64,0,0,1,29.9918
indexer,16,64,1,16,1,30.0085
indexer,16,64,1,32,1,30.0812
indexer,16,64,1,64,1,29.8792
indexer,16,64,1,128,1,33.5755
indexer,16,64,1,256,1,38.1917
indexer,16,64,1,512,1,45.4558
indexer,16,64,1,1024,1,45.3427
indexer,16,64,1,2048,1,65.6003
indexer,16,64,1,4096,1,88.6405
indexer,16,64,1,8192,1,92.0625
indexer,16,64,1,16384,1,175.713
indexer,16,64,2,16,1,29.8317
indexer,16,64,2,32,1,29.985
indexer,16,64,2,64,1,33.8002
indexer,16,64,2,128,1,38.0322
indexer,16,64,2,256,1,45.2797
indexer,16,64,2,512,1,45.3205
indexer,16,64,2,1024,1,47.257
indexer,16,64,2,2048,1,69.0893
indexer,16,64,2,4096,1,100.249
indexer,16,64,2,8192,1,140.336
indexer,16,64,2,16384,1,204.503
indexer,16,64,4,16,1,30.4245
indexer,16,64,4,32,1,30.5442
indexer,16,64,4,64,1,34.3835
indexer,16,64,4,128,1,38.5605
indexer,16,64,4,256,1,39.057
indexer,16,64,4,512,1,40.473
indexer,16,64,4,1024,1,43.8875
indexer,16,64,4,2048,1,70.9997
indexer,16,64,4,4096,1,105.224
indexer,16,64,4,8192,1,147.232
indexer,16,64,4,16384,1,219.471
indexer,16,64,8,16,1,30.6643
indexer,16,64,8,32,1,30.6165
indexer,16,64,8,64,1,34.9285
indexer,16,64,8,128,1,34.816
indexer,16,64,8,256,1,35.0322
indexer,16,64,8,512,1,38.96
indexer,16,64,8,1024,1,49.936
indexer,16,64,8,2048,1,74.7677
indexer,16,64,8,4096,1,109.847
indexer,16,64,8,8192,1,160.214
indexer,16,64,8,16384,1,246.407
indexer,16,64,16,16,1,32.0317
indexer,16,64,16,32,1,32.37
indexer,16,64,16,64,1,32.2635
indexer,16,64,16,128,1,34.4555
indexer,16,64,16,256,1,38.481
indexer,16,64,16,512,1,46.5355
indexer,16,64,16,1024,1,51.9287
indexer,16,64,16,2048,1,83.4493
indexer,16,64,16,4096,1,122.992
indexer,16,64,16,8192,1,189.392
indexer,16,64,16,16384,1,310.551
indexer,16,64,32,16,1,33.96
indexer,16,64,32,32,1,34.288
indexer,16,64,32,64,1,34.6792
indexer,16,64,32,128,1,39.4408
indexer,16,64,32,256,1,42.6885
indexer,16,64,32,512,1,46.4793
indexer,16,64,32,1024,1,58.1045
indexer,16,64,32,2048,1,95.7045
indexer,16,64,32,4096,1,154.632
indexer,16,64,32,8192,1,260.64
indexer,16,64,32,16384,1,471.888
indexer,16,64,64,16,1,38.1685
indexer,16,64,64,32,1,37.7527
indexer,16,64,64,64,1,39.1445
indexer,16,64,64,128,1,42.143
indexer,16,64,64,256,1,48.3845
indexer,16,64,64,512,1,60.24
indexer,16,64,64,1024,1,80.5445
indexer,16,64,64,2048,1,485.543
indexer,16,64,64,4096,1,236.863
indexer,16,64,64,8192,1,441.977
indexer,16,64,64,16384,1,905.312
indexer,16,64,128,16,1,46.96
indexer,16,64,128,32,1,46.8638
indexer,16,64,128,64,1,49.5845
indexer,16,64,128,128,1,55.624
indexer,16,64,128,256,1,65.544
indexer,16,64,128,512,1,88.5353
indexer,16,64,128,1024,1,126.671
indexer,16,64,128,2048,1,579.161
indexer,16,64,128,4096,1,426.361
indexer,16,64,128,8192,1,1010.12
indexer,16,64,128,16384,1,1799.38
indexer,16,128,0,0,1,33.9597
indexer,16,128,1,16,1,34.2807
indexer,16,128,1,32,1,34.3285
indexer,16,128,1,64,1,34.28
indexer,16,128,1,128,1,34.7995
indexer,16,128,1,256,1,38.7107
indexer,16,128,1,512,1,45.688
indexer,16,128,1,1024,1,45.6955
indexer,16,128,1,2048,1,65.2873
indexer,16,128,1,4096,1,88.3922
indexer,16,128,1,8192,1,91.8888
indexer,16,128,1,16384,1,176.815
indexer,16,128,2,16,1,34.3202
indexer,16,128,2,32,1,34.4972
indexer,16,128,2,64,1,34.5275
indexer,16,128,2,128,1,38.5995
indexer,16,128,2,256,1,45.2563
indexer,16,128,2,512,1,45.497
indexer,16,128,2,1024,1,47.2
indexer,16,128,2,2048,1,68.825
indexer,16,128,2,4096,1,101.193
indexer,16,128,2,8192,1,139.273
indexer,16,128,2,16384,1,203.928
indexer,16,128,4,16,1,34.8002
indexer,16,128,4,32,1,34.7362
indexer,16,128,4,64,1,35.0717
indexer,16,128,4,128,1,38.6957
indexer,16,128,4,256,1,38.7515
indexer,16,128,4,512,1,40.344
indexer,16,128,4,1024,1,43.8963
indexer,16,128,4,2048,1,71.2078
indexer,16,128,4,4096,1,105.281
indexer,16,128,4,8192,1,145.937
indexer,16,128,4,16384,1,223.953
indexer,16,128,8,16,1,35.5447
indexer,16,128,8,32,1,34.9035
indexer,16,128,8,64,1,35.6085
indexer,16,128,8,128,1,34.559
indexer,16,128,8,256,1,35.3605
indexer,16,128,8,512,1,38.8555
indexer,16,128,8,1024,1,49.9197
indexer,16,128,8,2048,1,74.3125
indexer,16,128,8,4096,1,109.88
indexer,16,128,8,8192,1,159.992
indexer,16,128,8,16384,1,248.432
indexer,16,128,16,16,1,36.632
indexer,16,128,16,32,1,36.6482
indexer,16,128,16,64,1,32.3842
indexer,16,128,16,128,1,33.9597
indexer,16,128,16,256,1,38.568
indexer,16,128,16,512,1,46.5998
indexer,16,128,16,1024,1,52.4855
indexer,16,128,16,2048,1,82.7287
indexer,16,128,16,4096,1,123.871
indexer,16,128,16,8192,1,187.928
indexer,16,128,16,16384,1,314.423
indexer,16,128,32,16,1,38.3995
indexer,16,128,32,32,1,34.2873
indexer,16,128,32,64,1,34.2485
indexer,16,128,32,128,1,39.5523
indexer,16,128,32,256,1,42.0965
indexer,16,128,32,512,1,46.9515
indexer,16,128,32,1024,1,57.9598
indexer,16,128,32,2048,1,95.36
indexer,16,128,32,4096,1,154.272
indexer,16,128,32,8192,1,260.841
indexer,16,128,32,16384,1,474.728
indexer,16,128,64,16,1,38.3852
indexer,16,128,64,32,1,37.9037
indexer,16,128,64,64,1,39.2875
indexer,16,128,64,128,1,41.544
indexer,16,128,64,256,1,47.9605
indexer,16,128,64,512,1,60.6063
indexer,16,128,64,1024,1,80.5203
indexer,16,128,64,2048,1,486.128
indexer,16,128,64,4096,1,237.665
indexer,16,128,64,8192,1,440.536
indexer,16,128,64,16384,1,910.066
indexer,16,128,128,16,1,46.7677
indexer,16,128,128,32,1,46.7757
indexer,16,128,128,64,1,48.8075
indexer,16,128,128,128,1,55.0085
indexer,16,128,128,256,1,65.513
indexer,16,128,128,512,1,89.034
indexer,16,128,128,1024,1,126.457
indexer,16,128,128,2048,1,577.056
indexer,16,128,128,4096,1,426.551
indexer,16,128,128,8192,1,1013.42
indexer,16,128,128,16384,1,1799.21
indexer,16,256,0,0,1,39.44
indexer,16,256,1,16,1,39.816
indexer,16,256,1,32,1,39.7278
indexer,16,256,1,64,1,39.7125
indexer,16,256,1,128,1,39.8073
indexer,16,256,1,256,1,39.7515
indexer,16,256,1,512,1,44.8483
indexer,16,256,1,1024,1,45.0475
indexer,16,256,1,2048,1,65.3438
indexer,16,256,1,4096,1,88.936
indexer,16,256,1,8192,1,124.538
indexer,16,256,1,16384,1,176.144
indexer,16,256,2,16,1,39.0793
indexer,16,256,2,32,1,39.3922
indexer,16,256,2,64,1,39.831
indexer,16,256,2,128,1,39.9602
indexer,16,256,2,256,1,45.0088
indexer,16,256,2,512,1,44.7355
indexer,16,256,2,1024,1,46.9595
indexer,16,256,2,2048,1,68.824
indexer,16,256,2,4096,1,101.44
indexer,16,256,2,8192,1,140.706
indexer,16,256,2,16384,1,203.984
indexer,16,256,4,16,1,39.36
indexer,16,256,4,32,1,39.7765
indexer,16,256,4,64,1,40.0078
indexer,16,256,4,128,1,40.3203
indexer,16,256,4,256,1,38.7597
indexer,16,256,4,512,1,40.328
indexer,16,256,4,1024,1,44.409
indexer,16,256,4,2048,1,71.4325
indexer,16,256,4,4096,1,105.8
indexer,16,256,4,8192,1,147.089
indexer,16,256,4,16384,1,221.321
indexer,16,256,8,16,1,40.007
indexer,16,256,8,32,1,40.4
indexer,16,256,8,64,1,40.3917
indexer,16,256,8,128,1,36.0245
indexer,16,256,8,256,1,35.4315
indexer,16,256,8,512,1,39.2397
indexer,16,256,8,1024,1,50.3598
indexer,16,256,8,2048,1,74.983
indexer,16,256,8,4096,1,110.776
indexer,16,256,8,8192,1,159.736
indexer,16,256,8,16384,1,247.856
indexer,16,256,16,16,1,41.3605
indexer,16,256,16,32,1,41.5685
indexer,16,256,16,64,1,36.4312
indexer,16,256,16,128,1,34.216
indexer,16,256,16,256,1,38.6073
indexer,16,256,16,512,1,46.9195
indexer,16,256,16,1024,1,52.1843
indexer,16,256,16,2048,1,83.0957
indexer,16,256,16,4096,1,123.544
indexer,16,256,16,8192,1,188.008
indexer,16,256,16,16384,1,312.015
indexer,16,256,32,16,1,43.3928
indexer,16,256,32,32,1,38.4477
indexer,16,256,32,64,1,36.0175
indexer,16,256,32,128,1,40.0397
indexer,16,256,32,256,1,42.2315
indexer,16,256,32,512,1,46.592
indexer,16,256,32,1024,1,58.2953
indexer,16,256,32,2048,1,96.5605
indexer,16,256,32,4096,1,155.784
indexer,16,256,32,8192,1,261.728
indexer,16,256,32,16384,1,474.944
indexer,16,256,64,16,1,42.5522
indexer,16,256,64,32,1,39.5692
indexer,16,256,64,64,1,40.2715
indexer,16,256,64,128,1,41.5675
indexer,16,256,64,256,1,48.1928
indexer,16,256,64,512,1,60.0068
indexer,16,256,64,1024,1,80.9442
indexer,16,256,64,2048,1,487.464
indexer,16,256,64,4096,1,237.305
indexer,16,256,64,8192,1,440.529
indexer,16,256,64,16384,1,909.336
indexer,16,256,128,16,1,50.8648
indexer,16,256,128,32,1,50.4495
indexer,16,256,128,64,1,52.863
indexer,16,256,128,128,1,56.263
indexer,16,256,128,256,1,64.8878
indexer,16,256,128,512,1,89.664
indexer,16,256,128,1024,1,127.097
indexer,16,256,128,2048,1,577.209
indexer,16,256,128,4096,1,427.385
indexer,16,256,128,8192,1,1011.91
indexer,16,256,128,16384,1,1799.14
indexer,16,512,0,0,1,47.496
indexer,16,512,1,16,1,47.1848
indexer,16,512,1,32,1,47.936
indexer,16,512,1,64,1,48.143
indexer,16,512,1,128,1,47.8818
indexer,16,512,1,256,1,48
indexer,16,512,1,512,1,40.6395
indexer,16,512,1,1024,1,41.1437
indexer,16,512,1,2048,1,63.799
indexer,16,512,1,4096,1,91.1128
indexer,16,512,1,8192,1,127.304
indexer,16,512,1,16384,1,180.664
indexer,16,512,2,16,1,48.0798
indexer,16,512,2,32,1,48.1355
indexer,16,512,2,64,1,47.3603
indexer,16,512,2,128,1,47.3932
indexer,16,512,2,256,1,40.1045
indexer,16,512,2,512,1,40.104
indexer,16,512,2,1024,1,45.064
indexer,16,512,2,2048,1,68.7602
indexer,16,512,2,4096,1,103.152
indexer,16,512,2,8192,1,142.922
indexer,16,512,2,16384,1,205.911
indexer,16,512,4,16,1,47.0573
indexer,16,512,4,32,1,47.2333
indexer,16,512,4,64,1,47.304
indexer,16,512,4,128,1,40.656
indexer,16,512,4,256,1,36.3265
indexer,16,512,4,512,1,38.592
indexer,16,512,4,1024,1,45.7913
indexer,16,512,4,2048,1,75.2165
indexer,16,512,4,4096,1,105.992
indexer,16,512,4,8192,1,147.832
indexer,16,512,4,16384,1,222.008
indexer,16,512,8,16,1,47.1833
indexer,16,512,8,32,1,47.3428
indexer,16,512,8,64,1,40.4235
indexer,16,512,8,128,1,36.2637
indexer,16,512,8,256,1,36.3767
indexer,16,512,8,512,1,44.0803
indexer,16,512,8,1024,1,50.6483
indexer,16,512,8,2048,1,75.2308
indexer,16,512,8,4096,1,111.16
indexer,16,512,8,8192,1,162.335
indexer,16,512,8,16384,1,252.769
indexer,16,512,16,16,1,49.0478
indexer,16,512,16,32,1,42.0405
indexer,16,512,16,64,1,37.432
indexer,16,512,16,128,1,38.0325
indexer,16,512,16,256,1,41.9435
indexer,16,512,16,512,1,47.7828
indexer,16,512,16,1024,1,53.9517
indexer,16,512,16,2048,1,85.4637
indexer,16,512,16,4096,1,126.92
indexer,16,512,16,8192,1,193.809
indexer,16,512,16,16384,1,319.192
indexer,16,512,32,16,1,43.896
indexer,16,512,32,32,1,39.3683
indexer,16,512,32,64,1,40.3433
indexer,16,512,32,128,1,41.3125
indexer,16,512,32,256,1,43.52
indexer,16,512,32,512,1,46.9425
indexer,16,512,32,1024,1,58.9585
indexer,16,512,32,2048,1,97.0795
indexer,16,512,32,4096,1,156.944
indexer,16,512,32,8192,1,268.864
indexer,16,512,32,16384,1,483.912
indexer,16,512,64,16,1,42.672
indexer,16,512,64,32,1,42.487
indexer,16,512,64,64,1,42.3438
indexer,16,512,64,128,1,44.0567
indexer,16,512,64,256,1,48.582
indexer,16,512,64,512,1,60.208
indexer,16,512,64,1024,1,81.3763
indexer,16,512,64,2048,1,488.44
indexer,16,512,64,4096,1,236.992
indexer,16,512,64,8192,1,447.496
indexer,16,512,64,16384,1,916.833
indexer,16,512,128,16,1,55.1603
indexer,16,512,128,32,1,55.2645
indexer,16,512,128,64,1,57.464
indexer,16,512,128,128,1,60.279
indexer,16,512,128,256,1,66.3998
indexer,16,512,128,512,1,89.7438
indexer,16,512,128,1024,1,127.009
indexer,16,512,128,2048,1,577.026
indexer,16,512,128,4096,1,427.2
indexer,16,512,128,8192,1,1020.55
indexer,16,512,128,16384,1,1803.97
indexer,16,1024,0,0,1,47.632
indexer,16,1024,1,16,1,47.3937
indexer,16,1024,1,32,1,48.008
indexer,16,1024,1,64,1,48.305
indexer,16,1024,1,128,1,48.3528
indexer,16,1024,1,256,1,48.7285
indexer,16,1024,1,512,1,41.8555
indexer,16,1024,1,1024,1,42.0888
indexer,16,1024,1,2048,1,59.1125
indexer,16,1024,1,4096,1,92.0003
indexer,16,1024,1,8192,1,130.073
indexer,16,1024,1,16384,1,182.073
indexer,16,1024,2,16,1,48.104
indexer,16,1024,2,32,1,48.1842
indexer,16,1024,2,64,1,48.161
indexer,16,1024,2,128,1,48.5045
indexer,16,1024,2,256,1,42.2963
indexer,16,1024,2,512,1,42.1042
indexer,16,1024,2,1024,1,44.5195
indexer,16,1024,2,2048,1,67.6475
indexer,16,1024,2,4096,1,106.504
indexer,16,1024,2,8192,1,145.847
indexer,16,1024,2,16384,1,209.008
indexer,16,1024,4,16,1,48.017
indexer,16,1024,4,32,1,48.0883
indexer,16,1024,4,64,1,48.3585
indexer,16,1024,4,128,1,42.185
indexer,16,1024,4,256,1,41.96
indexer,16,1024,4,512,1,39.7835
indexer,16,1024,4,1024,1,47.1515
indexer,16,1024,4,2048,1,74.7428
indexer,16,1024,4,4096,1,110.257
indexer,16,1024,4,8192,1,152.815
indexer,16,1024,4,16384,1,227.296
indexer,16,1024,8,16,1,48.1118
indexer,16,1024,8,32,1,48.3752
indexer,16,1024,8,64,1,41.8473
indexer,16,1024,8,128,1,42.3203
indexer,16,1024,8,256,1,39.6085
indexer,16,1024,8,512,1,45.4635
indexer,16,1024,8,1024,1,53.0877
indexer,16,1024,8,2048,1,72.128
indexer,16,1024,8,4096,1,112.152
indexer,16,1024,8,8192,1,163.769
indexer,16,1024,8,16384,1,249.431
indexer,16,1024,16,16,1,48.3368
indexer,16,1024,16,32,1,42.169
indexer,16,1024,16,64,1,42.4562
indexer,16,1024,16,128,1,40.1673
indexer,16,1024,16,256,1,46.5445
indexer,16,1024,16,512,1,47.8398
indexer,16,1024,16,1024,1,53.3355
indexer,16,1024,16,2048,1,80.3193
indexer,16,1024,16,4096,1,125.152
indexer,16,1024,16,8192,1,190.585
indexer,16,1024,16,16384,1,312.839
indexer,16,1024,32,16,1,44.4323
indexer,16,1024,32,32,1,44.5445
indexer,16,1024,32,64,1,42.1358
indexer,16,1024,32,128,1,43.2557
indexer,16,1024,32,256,1,44.4002
indexer,16,1024,32,512,1,47.3833
indexer,16,1024,32,1024,1,59.4323
indexer,16,1024,32,2048,1,92.8405
indexer,16,1024,32,4096,1,155.608
indexer,16,1024,32,8192,1,262.145
indexer,16,1024,32,16384,1,473.192
indexer,16,1024,64,16,1,48.0973
indexer,16,1024,64,32,1,48.608
indexer,16,1024,64,64,1,48.9925
indexer,16,1024,64,128,1,51.928
indexer,16,1024,64,256,1,54.0885
indexer,16,1024,64,512,1,61.3683
indexer,16,1024,64,1024,1,82.0072
indexer,16,1024,64,2048,1,502.928
indexer,16,1024,64,4096,1,237.447
indexer,16,1024,64,8192,1,441.473
indexer,16,1024,64,16384,1,910.985
indexer,16,1024,128,16,1,62.0898
indexer,16,1024,128,32,1,62.7355
indexer,16,1024,128,64,1,64.474
indexer,16,1024,128,128,1,67.376
indexer,16,1024,128,256,1,73.4965
indexer,16,1024,128,512,1,89.8877
indexer,16,1024,128,1024,1,126.975
indexer,16,1024,128,2048,1,574.569
indexer,16,1024,128,4096,1,428.928
indexer,16,1024,128,8192,1,1020.39
indexer,16,1024,128,16384,1,1803.61
indexer,16,2048,0,0,1,70.648
indexer,16,2048,1,16,1,71.0735
indexer,16,2048,1,32,1,70.784
indexer,16,2048,1,64,1,70.4712
indexer,16,2048,1,128,1,70.4805
indexer,16,2048,1,256,1,70.4648
indexer,16,2048,1,512,1,67.6478
indexer,16,2048,1,1024,1,65.8882
indexer,16,2048,1,2048,1,65.7283
indexer,16,2048,1,4096,1,91.967
indexer,16,2048,1,8192,1,128.983
indexer,16,2048,1,16384,1,181.4
indexer,16,2048,2,16,1,70.3037
indexer,16,2048,2,32,1,70.1522
indexer,16,2048,2,64,1,70.736
indexer,16,2048,2,128,1,69.8077
indexer,16,2048,2,256,1,67.9137
indexer,16,2048,2,512,1,65.4093
indexer,16,2048,2,1024,1,66.136
indexer,16,2048,2,2048,1,77.9358
indexer,16,2048,2,4096,1,105.193
indexer,16,2048,2,8192,1,148.16
indexer,16,2048,2,16384,1,212.257
indexer,16,2048,4,16,1,70.3045
indexer,16,2048,4,32,1,70.2645
indexer,16,2048,4,64,1,70.0323
indexer,16,2048,4,128,1,67.8245
indexer,16,2048,4,256,1,65.9677
indexer,16,2048,4,512,1,66.2963
indexer,16,2048,4,1024,1,68.5927
indexer,16,2048,4,2048,1,83.9688
indexer,16,2048,4,4096,1,108.36
indexer,16,2048,4,8192,1,153.256
indexer,16,2048,4,16384,1,231.126
indexer,16,2048,8,16,1,70.5605
indexer,16,2048,8,32,1,70.112
indexer,16,2048,8,64,1,68.2875
indexer,16,2048,8,128,1,66.073
indexer,16,2048,8,256,1,66.5043
indexer,16,2048,8,512,1,68.8648
indexer,16,2048,8,1024,1,74.831
indexer,16,2048,8,2048,1,84.296
indexer,16,2048,8,4096,1,114.385
indexer,16,2048,8,8192,1,169.256
indexer,16,2048,8,16384,1,257.642
indexer,16,2048,16,16,1,71.3915
indexer,16,2048,16,32,1,68.0183
indexer,16,2048,16,64,1,66.6728
indexer,16,2048,16,128,1,67.2555
indexer,16,2048,16,256,1,70.4477
indexer,16,2048,16,512,1,71.8798
indexer,16,2048,16,1024,1,75.9445
indexer,16,2048,16,2048,1,91.8327
indexer,16,2048,16,4096,1,127.248
indexer,16,2048,16,8192,1,197.616
indexer,16,2048,16,16384,1,324.265
indexer,16,2048,32,16,1,70.0315
indexer,16,2048,32,32,1,67.7343
indexer,16,2048,32,64,1,68.5208
indexer,16,2048,32,128,1,69.2157
indexer,16,2048,32,256,1,70.32
indexer,16,2048,32,512,1,74.216
indexer,16,2048,32,1024,1,79.208
indexer,16,2048,32,2048,1,101.871
indexer,16,2048,32,4096,1,154.335
indexer,16,2048,32,8192,1,262.816
indexer,16,2048,32,16384,1,474.368
indexer,16,2048,64,16,1,75
indexer,16,2048,64,32,1,76.5355
indexer,16,2048,64,64,1,77.1758
indexer,16,2048,64,128,1,77.7448
indexer,16,2048,64,256,1,81.1522
indexer,16,2048,64,512,1,87.7993
indexer,16,2048,64,1024,1,102.072
indexer,16,2048,64,2048,1,504.296
indexer,16,2048,64,4096,1,241.105
indexer,16,2048,64,8192,1,452.808
indexer,16,2048,64,16384,1,921.92
indexer,16,2048,128,16,1,97.0877
indexer,16,2048,128,32,1,97.832
indexer,16,2048,128,64,1,98.056
indexer,16,2048,128,128,1,101.608
indexer,16,2048,128,256,1,106.799
indexer,16,2048,128,512,1,122.088
indexer,16,2048,128,1024,1,147.049
indexer,16,2048,128,2048,1,574.553
indexer,16,2048,128,4096,1,426.505
indexer,16,2048,128,8192,1,1018.9
indexer,16,2048,128,16384,1,1803.44
indexer,16,4096,0,0,1,74.5437
indexer,16,4096,1,16,1,74.68
indexer,16,4096,1,32,1,74.6163
indexer,16,4096,1,64,1,74.6805
indexer,16,4096,1,128,1,74.92
indexer,16,4096,1,256,1,74.3435
indexer,16,4096,1,512,1,75.7438
indexer,16,4096,1,1024,1,74.6325
indexer,16,4096,1,2048,1,79.551
indexer,16,4096,1,4096,1,95.1767
indexer,16,4096,1,8192,1,131.633
indexer,16,4096,1,16384,1,184.08
indexer,16,4096,2,16,1,75.151
indexer,16,4096,2,32,1,75.0643
indexer,16,4096,2,64,1,75.1365
indexer,16,4096,2,128,1,74.9278
indexer,16,4096,2,256,1,75.9267
indexer,16,4096,2,512,1,75.7355
indexer,16,4096,2,1024,1,79.4885
indexer,16,4096,2,2048,1,80.161
indexer,16,4096,2,4096,1,107.847
indexer,16,4096,2,8192,1,150.969
indexer,16,4096,2,16384,1,218.96
indexer,16,4096,4,16,1,74.3432
indexer,16,4096,4,32,1,75.0477
indexer,16,4096,4,64,1,75.1125
indexer,16,4096,4,128,1,76.1758
indexer,16,4096,4,256,1,75.9352
indexer,16,4096,4,512,1,79.6873
indexer,16,4096,4,1024,1,80.569
indexer,16,4096,4,2048,1,86.791
indexer,16,4096,4,4096,1,111.24
indexer,16,4096,4,8192,1,159.753
indexer,16,4096,4,16384,1,232.519
indexer,16,4096,8,16,1,75.3607
indexer,16,4096,8,32,1,75.656
indexer,16,4096,8,64,1,75.576
indexer,16,4096,8,128,1,76.4892
indexer,16,4096,8,256,1,80.024
indexer,16,4096,8,512,1,81.1613
indexer,16,4096,8,1024,1,83.1203
indexer,16,4096,8,2048,1,86.1122
indexer,16,4096,8,4096,1,119.728
indexer,16,4096,8,8192,1,171.696
indexer,16,4096,8,16384,1,261.223
indexer,16,4096,16,16,1,76.1037
indexer,16,4096,16,32,1,76.719
indexer,16,4096,16,64,1,76.7435
indexer,16,4096,16,128,1,81.5933
indexer,16,4096,16,256,1,81.7762
indexer,16,4096,16,512,1,82.2572
indexer,16,4096,16,1024,1,85.4963
indexer,16,4096,16,2048,1,95.4553
indexer,16,4096,16,4096,1,127.801
indexer,16,4096,16,8192,1,194.599
indexer,16,4096,16,16384,1,319.904
indexer,16,4096,32,16,1,77.039
indexer,16,4096,32,32,1,76.673
indexer,16,4096,32,64,1,78.0815
indexer,16,4096,32,128,1,79.08
indexer,16,4096,32,256,1,80.6643
indexer,16,4096,32,512,1,84.0805
indexer,16,4096,32,1024,1,90.8643
indexer,16,4096,32,2048,1,103.544
indexer,16,4096,32,4096,1,155.912
indexer,16,4096,32,8192,1,270.673
indexer,16,4096,32,16384,1,486.929
indexer,16,4096,64,16,1,89.6952
indexer,16,4096,64,32,1,90.9038
indexer,16,4096,64,64,1,91.3595
indexer,16,4096,64,128,1,92.7437
indexer,16,4096,64,256,1,95.496
indexer,16,4096,64,512,1,103.465
indexer,16,4096,64,1024,1,115.121
indexer,16,4096,64,2048,1,504.856
indexer,16,4096,64,4096,1,240.224
indexer,16,4096,64,8192,1,451.425
indexer,16,4096,64,16384,1,921.353
indexer,16,4096,128,16,1,123.8
indexer,16,4096,128,32,1,124.736
indexer,16,4096,128,64,1,128.416
indexer,16,4096,128,128,1,129.175
indexer,16,4096,128,256,1,137.535
indexer,16,4096,128,512,1,152.088
indexer,16,4096,128,1024,1,174.664
indexer,16,4096,128,2048,1,584.256
indexer,16,4096,128,4096,1,430.384
indexer,16,4096,128,8192,1,998.383
indexer,16,4096,128,16384,1,1803.23
indexer,16,8192,0,0,1,101.345
indexer,16,8192,1,16,1,101.497
indexer,16,8192,1,32,1,101.76
indexer,16,8192,1,64,1,101.704
indexer,16,8192,1,128,1,102.136
indexer,16,8192,1,256,1,104.289
indexer,16,8192,1,512,1,107.743
indexer,16,8192,1,1024,1,107.432
indexer,16,8192,1,2048,1,108.375
indexer,16,8192,1,4096,1,112.281
indexer,16,8192,1,8192,1,138.04
indexer,16,8192,1,16384,1,190.752
indexer,16,8192,2,16,1,105.064
indexer,16,8192,2,32,1,105.168
indexer,16,8192,2,64,1,104.567
indexer,16,8192,2,128,1,104.272
indexer,16,8192,2,256,1,107.656
indexer,16,8192,2,512,1,108.161
indexer,16,8192,2,1024,1,108.464
indexer,16,8192,2,2048,1,107.911
indexer,16,8192,2,4096,1,113.847
indexer,16,8192,2,8192,1,156.327
indexer,16,8192,2,16384,1,222.504
indexer,16,8192,4,16,1,104.584
indexer,16,8192,4,32,1,104.641
indexer,16,8192,4,64,1,104.632
indexer,16,8192,4,128,1,107.76
indexer,16,8192,4,256,1,108.344
indexer,16,8192,4,512,1,108.911
indexer,16,8192,4,1024,1,109.353
indexer,16,8192,4,2048,1,110.584
indexer,16,8192,4,4096,1,117.224
indexer,16,8192,4,8192,1,165.569
indexer,16,8192,4,16384,1,241.279
indexer,16,8192,8,16,1,105.663
indexer,16,8192,8,32,1,105.952
indexer,16,8192,8,64,1,105.913
indexer,16,8192,8,128,1,104.736
indexer,16,8192,8,256,1,106.569
indexer,16,8192,8,512,1,106.936
indexer,16,8192,8,1024,1,109.24
indexer,16,8192,8,2048,1,113.152
indexer,16,8192,8,4096,1,124.625
indexer,16,8192,8,8192,1,179.441
indexer,16,8192,8,16384,1,266.368
indexer,16,8192,16,16,1,101.882
indexer,16,8192,16,32,1,101.216
indexer,16,8192,16,64,1,102.161
indexer,16,8192,16,128,1,102.24
indexer,16,8192,16,256,1,104.161
indexer,16,8192,16,512,1,106.543
indexer,16,8192,16,1024,1,110.655
indexer,16,8192,16,2048,1,118.673
indexer,16,8192,16,4096,1,136.329
indexer,16,8192,16,8192,1,205.408
indexer,16,8192,16,16384,1,332.297
indexer,16,8192,32,16,1,108.642
indexer,16,8192,32,32,1,109.984
indexer,16,8192,32,64,1,109.248
indexer,16,8192,32,128,1,112.415
indexer,16,8192,32,256,1,113.648
indexer,16,8192,32,512,1,116.967
indexer,16,8192,32,1024,1,123.232
indexer,16,8192,32,2048,1,134.905
indexer,16,8192,32,4096,1,160.433
indexer,16,8192,32,8192,1,272.809
indexer,16,8192,32,16384,1,488.866
indexer,16,8192,64,16,1,133.344
indexer,16,8192,64,32,1,132.904
indexer,16,8192,64,64,1,132.368
indexer,16,8192,64,128,1,135.201
indexer,16,8192,64,256,1,138.264
indexer,16,8192,64,512,1,148.265
indexer,16,8192,64,1024,1,160.056
indexer,16,8192,64,2048,1,522.808
indexer,16,8192,64,4096,1,241.976
indexer,16,8192,64,8192,1,451.431
indexer,16,8192,64,16384,1,925.145
indexer,16,8192,128,16,1,192.361
indexer,16,8192,128,32,1,193.608
indexer,16,8192,128,64,1,197.301
indexer,16,8192,128,128,1,198.584
indexer,16,8192,128,256,1,206.647
indexer,16,8192,128,512,1,222.376
indexer,16,8192,128,1024,1,244.464
indexer,16,8192,128,2048,1,640.696
indexer,16,8192,128,4096,1,435.416
indexer,16,8192,128,8192,1,1014.1
indexer,16,8192,128,16384,1,1821.83
indexer,16,16384,0,0,1,200.88
indexer,16,16384,1,16,1,198.816
indexer,16,16384,1,32,1,199.143
indexer,16,16384,1,64,1,199.047
indexer,16,16384,1,128,1,197.096
indexer,16,16384,1,256,1,197.6
indexer,16,16384,1,512,1,198.753
indexer,16,16384,1,1024,1,199.825
indexer,16,16384,1,2048,1,199.552
indexer,16,16384,1,4096,1,197.381
indexer,16,16384,1,8192,1,201.12
indexer,16,16384,1,16384,1,202.128
indexer,16,16384,2,16,1,198.841
indexer,16,16384,2,32,1,199.176
indexer,16,16384,2,64,1,197.266
indexer,16,16384,2,128,1,197.488
indexer,16,16384,2,256,1,199.305
indexer,16,16384,2,512,1,199.441
indexer,16,16384,2,1024,1,200.28
indexer,16,16384,2,2048,1,197.664
indexer,16,16384,2,4096,1,202.144
indexer,16,16384,2,8192,1,201.567
indexer,16,16384,2,16384,1,234.202
indexer,16,16384,4,16,1,198.312
indexer,16,16384,4,32,1,196.328
indexer,16,16384,4,64,1,196.843
indexer,16,16384,4,128,1,198.985
indexer,16,16384,4,256,1,199.207
indexer,16,16384,4,512,1,199.176
indexer,16,16384,4,1024,1,197.344
indexer,16,16384,4,2048,1,201.481
indexer,16,16384,4,4096,1,202.289
indexer,16,16384,4,8192,1,212.015
indexer,16,16384,4,16384,1,255.624
indexer,16,16384,8,16,1,192.648
indexer,16,16384,8,32,1,192.336
indexer,16,16384,8,64,1,192.089
indexer,16,16384,8,128,1,194.833
indexer,16,16384,8,256,1,194.917
indexer,16,16384,8,512,1,197.697
indexer,16,16384,8,1024,1,198.049
indexer,16,16384,8,2048,1,200.007
indexer,16,16384,8,4096,1,215.615
indexer,16,16384,8,8192,1,228.791
indexer,16,16384,8,16384,1,281.025
indexer,16,16384,16,16,1,193.231
indexer,16,16384,16,32,1,193.664
indexer,16,16384,16,64,1,194.016
indexer,16,16384,16,128,1,195.361
indexer,16,16384,16,256,1,193.889
indexer,16,16384,16,512,1,197.712
indexer,16,16384,16,1024,1,200.873
indexer,16,16384,16,2048,1,211.016
indexer,16,16384,16,4096,1,224.208
indexer,16,16384,16,8192,1,247.265
indexer,16,16384,16,16384,1,340.144
indexer,16,16384,32,16,1,212.745
indexer,16,16384,32,32,1,210.624
indexer,16,16384,32,64,1,209.313
indexer,16,16384,32,128,1,212.743
indexer,16,16384,32,256,1,216.832
indexer,16,16384,32,512,1,215.808
indexer,16,16384,32,1024,1,225.553
indexer,16,16384,32,2048,1,237.959
indexer,16,16384,32,4096,1,261.991
indexer,16,16384,32,8192,1,314.992
indexer,16,16384,32,16384,1,497.969
indexer,16,16384,64,16,1,260.408
indexer,16,16384,64,32,1,255.536
indexer,16,16384,64,64,1,258.481
indexer,16,16384,64,128,1,262.865
indexer,16,16384,64,256,1,266.888
indexer,16,16384,64,512,1,271.816
indexer,16,16384,64,1024,1,286.248
indexer,16,16384,64,2048,1,597.512
indexer,16,16384,64,4096,1,373.569
indexer,16,16384,64,8192,1,490.858
indexer,16,16384,64,16384,1,930.169
indexer,16,16384,128,16,1,371.08
indexer,16,16384,128,32,1,369.407
indexer,16,16384,128,64,1,371.408
indexer,16,16384,128,128,1,375.68
indexer,16,16384,128,256,1,384.488
indexer,16,16384,128,512,1,395.384
indexer,16,16384,128,1024,1,421.089
indexer,16,16384,128,2048,1,750.024
indexer,16,16384,128,4096,1,611.993
indexer,16,16384,128,8192,1,1048.86
indexer,16,16384,128,16384,1,1829.43
indexer,32,0,0,0,1,29.6557
indexer,32,0,1,16,1,46.0237
indexer,32,0,1,32,1,46.737
indexer,32,0,1,64,1,46.1845
indexer,32,0,1,128,1,46.2162
indexer,32,0,1,256,1,45.927
indexer,32,0,1,512,1,46.2155
indexer,32,0,1,1024,1,47.7042
indexer,32,0,1,2048,1,62.3678
indexer,32,0,1,4096,1,75.0153
indexer,32,0,1,8192,1,77.104
indexer,32,0,1,16384,1,90.538
indexer,32,0,2,16,1,46.431
indexer,32,0,2,32,1,45.8888
indexer,32,0,2,64,1,47.0638
indexer,32,0,2,128,1,47.1523
indexer,32,0,2,256,1,47.2653
indexer,32,0,2,512,1,47.4565
indexer,32,0,2,1024,1,48.0803
indexer,32,0,2,2048,1,69.3595
indexer,32,0,2,4096,1,78.5203
indexer,32,0,2,8192,1,82.5205
indexer,32,0,2,16384,1,97.1838
indexer,32,0,4,16,1,46.6152
indexer,32,0,4,32,1,46.256
indexer,32,0,4,64,1,47.1918
indexer,32,0,4,128,1,47.2863
indexer,32,0,4,256,1,48.2783
indexer,32,0,4,512,1,47.455
indexer,32,0,4,1024,1,48.4
indexer,32,0,4,2048,1,69.2807
indexer,32,0,4,4096,1,81.48
indexer,32,0,4,8192,1,88.256
indexer,32,0,4,16384,1,105.576
indexer,32,0,8,16,1,46.6498
indexer,32,0,8,32,1,46.0085
indexer,32,0,8,64,1,47.775
indexer,32,0,8,128,1,47.5613
indexer,32,0,8,256,1,47.6955
indexer,32,0,8,512,1,47.8723
indexer,32,0,8,1024,1,49.1025
indexer,32,0,8,2048,1,71.08
indexer,32,0,8,4096,1,86.5043
indexer,32,0,8,8192,1,96.4647
indexer,32,0,8,16384,1,125.151
indexer,32,0,16,16,1,46.368
indexer,32,0,16,32,1,46.5442
indexer,32,0,16,64,1,47.8077
indexer,32,0,16,128,1,47.6165
indexer,32,0,16,256,1,47.847
indexer,32,0,16,512,1,49.0558
indexer,32,0,16,1024,1,51.3525
indexer,32,0,16,2048,1,77.399
indexer,32,0,16,4096,1,96.1435
indexer,32,0,16,8192,1,119.879
indexer,32,0,16,16384,1,163.031
indexer,32,0,32,16,1,48.2383
indexer,32,0,32,32,1,47.9683
indexer,32,0,32,64,1,49.3685
indexer,32,0,32,128,1,49.937
indexer,32,0,32,256,1,51.0468
indexer,32,0,32,512,1,52.2083
indexer,32,0,32,1024,1,57.664
indexer,32,0,32,2048,1,103.787
indexer,32,0,32,4096,1,147.21
indexer,32,0,32,8192,1,196.752
indexer,32,0,32,16384,1,297.616
indexer,32,0,64,16,1,50.528
indexer,32,0,64,32,1,50.6403
indexer,32,0,64,64,1,51.161
indexer,32,0,64,128,1,53.4153
indexer,32,0,64,256,1,56.4325
indexer,32,0,64,512,1,60.0625
indexer,32,0,64,1024,1,69.7452
indexer,32,0,64,2048,1,143.696
indexer,32,0,64,4096,1,223.744
indexer,32,0,64,8192,1,329.281
indexer,32,0,64,16384,1,521.801
indexer,32,0,128,16,1,53.7282
indexer,32,0,128,32,1,53.9605
indexer,32,0,128,64,1,56.36
indexer,32,0,128,128,1,60.4875
indexer,32,0,128,256,1,63.5445
indexer,32,0,128,512,1,73.6318
indexer,32,0,128,1024,1,95.1827
indexer,32,0,128,2048,1,228.199
indexer,32,0,128,4096,1,368.368
indexer,32,0,128,8192,1,568.274
indexer,32,0,128,16384,1,912.314
indexer,32,16,0,0,1,30.4733
indexer,32,16,1,16,1,30.7675
indexer,32,16,1,32,1,30.9922
indexer,32,16,1,64,1,30.7683
indexer,32,16,1,128,1,34.4307
indexer,32,16,1,256,1,38.896
indexer,32,16,1,512,1,45.064
indexer,32,16,1,1024,1,44.6558
indexer,32,16,1,2048,1,67.416
indexer,32,16,1,4096,1,417.008
indexer,32,16,1,8192,1,96.6248
indexer,32,16,1,16384,1,180.705
indexer,32,16,2,16,1,30.7277
indexer,32,16,2,32,1,30.7115
indexer,32,16,2,64,1,33.896
indexer,32,16,2,128,1,37.8492
indexer,32,16,2,256,1,44.5193
indexer,32,16,2,512,1,44.9607
indexer,32,16,2,1024,1,47.3993
indexer,32,16,2,2048,1,71.5925
indexer,32,16,2,4096,1,427.063
indexer,32,16,2,8192,1,147.072
indexer,32,16,2,16384,1,227.881
indexer,32,16,4,16,1,30.9913
indexer,32,16,4,32,1,31.0802
indexer,32,16,4,64,1,34.6712
indexer,32,16,4,128,1,38.3753
indexer,32,16,4,256,1,38.881
indexer,32,16,4,512,1,40.056
indexer,32,16,4,1024,1,44.1365
indexer,32,16,4,2048,1,72.1275
indexer,32,16,4,4096,1,432.103
indexer,32,16,4,8192,1,153.6
indexer,32,16,4,16384,1,245.272
indexer,32,16,8,16,1,31.0637
indexer,32,16,8,32,1,31.017
indexer,32,16,8,64,1,34.6882
indexer,32,16,8,128,1,34.769
indexer,32,16,8,256,1,35.96
indexer,32,16,8,512,1,39.4573
indexer,32,16,8,1024,1,47.896
indexer,32,16,8,2048,1,76.4243
indexer,32,16,8,4096,1,441.424
indexer,32,16,8,8192,1,173.04
indexer,32,16,8,16384,1,275.433
indexer,32,16,16,16,1,32.032
indexer,32,16,16,32,1,32.28
indexer,32,16,16,64,1,32.3352
indexer,32,16,16,128,1,34.3842
indexer,32,16,16,256,1,38.8002
indexer,32,16,16,512,1,42.12
indexer,32,16,16,1024,1,50.4795
indexer,32,16,16,2048,1,82.456
indexer,32,16,16,4096,1,458.032
indexer,32,16,16,8192,1,205.152
indexer,32,16,16,16384,1,351.065
indexer,32,16,32,16,1,34.576
indexer,32,16,32,32,1,34.1837
indexer,32,16,32,64,1,34.7752
indexer,32,16,32,128,1,36.5835
indexer,32,16,32,256,1,42.927
indexer,32,16,32,512,1,48.0085
indexer,32,16,32,1024,1,60.569
indexer,32,16,32,2048,1,101.089
indexer,32,16,32,4096,1,492.472
indexer,32,16,32,8192,1,284.648
indexer,32,16,32,16384,1,525.767
indexer,32,16,64,16,1,38.9605
indexer,32,16,64,32,1,38.8963
indexer,32,16,64,64,1,39.1615
indexer,32,16,64,128,1,42.367
indexer,32,16,64,256,1,48.2005
indexer,32,16,64,512,1,59.9362
indexer,32,16,64,1024,1,82.0483
indexer,32,16,64,2048,1,496.224
indexer,32,16,64,4096,1,586.417
indexer,32,16,64,8192,1,484.065
indexer,32,16,64,16384,1,957.24
indexer,32,16,128,16,1,47.4073
indexer,32,16,128,32,1,47.8728
indexer,32,16,128,64,1,49.712
indexer,32,16,128,128,1,57.3115
indexer,32,16,128,256,1,66.6485
indexer,32,16,128,512,1,88.96
indexer,32,16,128,1024,1,126.367
indexer,32,16,128,2048,1,573.858
indexer,32,16,128,4096,1,758.152
indexer,32,16,128,8192,1,978.016
indexer,32,16,128,16384,1,1803.96
indexer,32,32,0,0,1,31.2085
indexer,32,32,1,16,1,30.8162
indexer,32,32,1,32,1,31.1277
indexer,32,32,1,64,1,30.9927
indexer,32,32,1,128,1,34.2
indexer,32,32,1,256,1,37.7615
indexer,32,32,1,512,1,44.5598
indexer,32,32,1,1024,1,45.9763
indexer,32,32,1,2048,1,68.3832
indexer,32,32,1,4096,1,416.952
indexer,32,32,1,8192,1,96.3277
indexer,32,32,1,16384,1,180.408
indexer,32,32,2,16,1,30.8085
indexer,32,32,2,32,1,31.015
indexer,32,32,2,64,1,33.6645
indexer,32,32,2,128,1,37.775
indexer,32,32,2,256,1,44.1917
indexer,32,32,2,512,1,44.7203
indexer,32,32,2,1024,1,47.0558
indexer,32,32,2,2048,1,71.529
indexer,32,32,2,4096,1,427.792
indexer,32,32,2,8192,1,146.833
indexer,32,32,2,16384,1,228.407
indexer,32,32,4,16,1,30.7998
indexer,32,32,4,32,1,31.128
indexer,32,32,4,64,1,34.184
indexer,32,32,4,128,1,38.4333
indexer,32,32,4,256,1,38.7203
indexer,32,32,4,512,1,40.9363
indexer,32,32,4,1024,1,44.592
indexer,32,32,4,2048,1,73.6887
indexer,32,32,4,4096,1,443.497
indexer,32,32,4,8192,1,156.897
indexer,32,32,4,16384,1,251.209
indexer,32,32,8,16,1,31.4722
indexer,32,32,8,32,1,31.536
indexer,32,32,8,64,1,34.5765
indexer,32,32,8,128,1,34.5917
indexer,32,32,8,256,1,36.127
indexer,32,32,8,512,1,39.7122
indexer,32,32,8,1024,1,47.7285
indexer,32,32,8,2048,1,77.2407
indexer,32,32,8,4096,1,449.52
indexer,32,32,8,8192,1,175.809
indexer,32,32,8,16384,1,276.207
indexer,32,32,16,16,1,32.2632
indexer,32,32,16,32,1,32.4727
indexer,32,32,16,64,1,32.6632
indexer,32,32,16,128,1,34.0892
indexer,32,32,16,256,1,39.6163
indexer,32,32,16,512,1,41.944
indexer,32,32,16,1024,1,51.64
indexer,32,32,16,2048,1,84.064
indexer,32,32,16,4096,1,470.745
indexer,32,32,16,8192,1,206.401
indexer,32,32,16,16384,1,358.352
indexer,32,32,32,16,1,34.4725
indexer,32,32,32,32,1,34.272
indexer,32,32,32,64,1,34.4472
indexer,32,32,32,128,1,36.2078
indexer,32,32,32,256,1,42.6072
indexer,32,32,32,512,1,47.9608
indexer,32,32,32,1024,1,61.4567
indexer,32,32,32,2048,1,101.816
indexer,32,32,32,4096,1,499.305
indexer,32,32,32,8192,1,290.248
indexer,32,32,32,16384,1,526.239
indexer,32,32,64,16,1,38.9128
indexer,32,32,64,32,1,38.904
indexer,32,32,64,64,1,38.953
indexer,32,32,64,128,1,43.0075
indexer,32,32,64,256,1,49.2003
indexer,32,32,64,512,1,60.648
indexer,32,32,64,1024,1,83.208
indexer,32,32,64,2048,1,504.912
indexer,32,32,64,4096,1,606.538
indexer,32,32,64,8192,1,491.464
indexer,32,32,64,16384,1,961.233
indexer,32,32,128,16,1,47.079
indexer,32,32,128,32,1,48.1927
indexer,32,32,128,64,1,50.3125
indexer,32,32,128,128,1,57.6797
indexer,32,32,128,256,1,67.775
indexer,32,32,128,512,1,90.728
indexer,32,32,128,1024,1,129.048
indexer,32,32,128,2048,1,583.353
indexer,32,32,128,4096,1,767.041
indexer,32,32,128,8192,1,980.352
indexer,32,32,128,16384,1,1823.87
indexer,32,64,0,0,1,30.9035
indexer,32,64,1,16,1,31.2722
indexer,32,64,1,32,1,31.1772
indexer,32,64,1,64,1,31.242
indexer,32,64,1,128,1,34.36
indexer,32,64,1,256,1,38.6408
indexer,32,64,1,512,1,45.5355
indexer,32,64,1,1024,1,45.8398
indexer,32,64,1,2048,1,66.9525
indexer,32,64,1,4096,1,438.792
indexer,32,64,1,8192,1,94.5437
indexer,32,64,1,16384,1,185.856
indexer,32,64,2,16,1,31.5922
indexer,32,64,2,32,1,31.383
indexer,32,64,2,64,1,34.4082
indexer,32,64,2,128,1,38.6082
indexer,32,64,2,256,1,45.345
indexer,32,64,2,512,1,45.52
indexer,32,64,2,1024,1,48.3355
indexer,32,64,2,2048,1,71.1435
indexer,32,64,2,4096,1,450.615
indexer,32,64,2,8192,1,149.552
indexer,32,64,2,16384,1,235.248
indexer,32,64,4,16,1,31.4632
indexer,32,64,4,32,1,31.4168
indexer,32,64,4,64,1,34.9905
indexer,32,64,4,128,1,38.48
indexer,32,64,4,256,1,39.2632
indexer,32,64,4,512,1,41.103
indexer,32,64,4,1024,1,45.0887
indexer,32,64,4,2048,1,71.8312
indexer,32,64,4,4096,1,454.777
indexer,32,64,4,8192,1,156.951
indexer,32,64,4,16384,1,252.296
indexer,32,64,8,16,1,31.8948
indexer,32,64,8,32,1,31.608
indexer,32,64,8,64,1,34.8402
indexer,32,64,8,128,1,35.5362
indexer,32,64,8,256,1,36.128
indexer,32,64,8,512,1,39.8638
indexer,32,64,8,1024,1,48.6088
indexer,32,64,8,2048,1,75.5213
indexer,32,64,8,4096,1,464.392
indexer,32,64,8,8192,1,176.448
indexer,32,64,8,16384,1,283.064
indexer,32,64,16,16,1,32.7112
indexer,32,64,16,32,1,32.4465
indexer,32,64,16,64,1,32.712
indexer,32,64,16,128,1,34.6875
indexer,32,64,16,256,1,39.6555
indexer,32,64,16,512,1,42.4163
indexer,32,64,16,1024,1,50.6718
indexer,32,64,16,2048,1,81.4085
indexer,32,64,16,4096,1,482.079
indexer,32,64,16,8192,1,210.696
indexer,32,64,16,16384,1,360.856
indexer,32,64,32,16,1,34.7993
indexer,32,64,32,32,1,34.5918
indexer,32,64,32,64,1,35.1358
indexer,32,64,32,128,1,37.168
indexer,32,64,32,256,1,42.96
indexer,32,64,32,512,1,48.7032
indexer,32,64,32,1024,1,61.4718
indexer,32,64,32,2048,1,101.345
indexer,32,64,32,4096,1,518.289
indexer,32,64,32,8192,1,287.16
indexer,32,64,32,16384,1,529.52
indexer,32,64,64,16,1,39.1835
indexer,32,64,64,32,1,39.28
indexer,32,64,64,64,1,39.799
indexer,32,64,64,128,1,42.472
indexer,32,64,64,256,1,48.9363
indexer,32,64,64,512,1,60.5285
indexer,32,64,64,1024,1,82.2795
indexer,32,64,64,2048,1,510.233
indexer,32,64,64,4096,1,612.616
indexer,32,64,64,8192,1,491.111
indexer,32,64,64,16384,1,962.521
indexer,32,64,128,16,1,47.6232
indexer,32,64,128,32,1,48.4875
indexer,32,64,128,64,1,50.6093
indexer,32,64,128,128,1,56.6403
indexer,32,64,128,256,1,67.8637
indexer,32,64,128,512,1,90.1115
indexer,32,64,128,1024,1,128.703
indexer,32,64,128,2048,1,583.952
indexer,32,64,128,4096,1,785.737
indexer,32,64,128,8192,1,981.097
indexer,32,64,128,16384,1,1824.16
indexer,32,128,0,0,1,35.9697
indexer,32,128,1,16,1,35.9672
indexer,32,128,1,32,1,35.9287
indexer,32,128,1,64,1,36.4642
indexer,32,128,1,128,1,36.552
indexer,32,128,1,256,1,38.4075
indexer,32,128,1,512,1,45.5127
indexer,32,128,1,1024,1,45.815
indexer,32,128,1,2048,1,66.6002
indexer,32,128,1,4096,1,92.0478
indexer,32,128,1,8192,1,93.4082
indexer,32,128,1,16384,1,187.28
indexer,32,128,2,16,1,35.8882
indexer,32,128,2,32,1,36.5042
indexer,32,128,2,64,1,36.3837
indexer,32,128,2,128,1,38.3762
indexer,32,128,2,256,1,45.4325
indexer,32,128,2,512,1,45.1123
indexer,32,128,2,1024,1,48.2007
indexer,32,128,2,2048,1,71.4883
indexer,32,128,2,4096,1,102.943
indexer,32,128,2,8192,1,148.856
indexer,32,128,2,16384,1,234.177
indexer,32,128,4,16,1,36.3612
indexer,32,128,4,32,1,36.3843
indexer,32,128,4,64,1,36.592
indexer,32,128,4,128,1,39.633
indexer,32,128,4,256,1,39.3202
indexer,32,128,4,512,1,41.0232
indexer,32,128,4,1024,1,45.1918
indexer,32,128,4,2048,1,71.6803
indexer,32,128,4,4096,1,106.656
indexer,32,128,4,8192,1,157.417
indexer,32,128,4,16384,1,251.202
indexer,32,128,8,16,1,36.9427
indexer,32,128,8,32,1,36.8392
indexer,32,128,8,64,1,36.768
indexer,32,128,8,128,1,35.3515
indexer,32,128,8,256,1,36.0247
indexer,32,128,8,512,1,39.6713
indexer,32,128,8,1024,1,48.8638
indexer,32,128,8,2048,1,74.8165
indexer,32,128,8,4096,1,114.465
indexer,32,128,8,8192,1,175.543
indexer,32,128,8,16384,1,281.303
indexer,32,128,16,16,1,37.192
indexer,32,128,16,32,1,37.9992
indexer,32,128,16,64,1,32.184
indexer,32,128,16,128,1,34.1277
indexer,32,128,16,256,1,39.424
indexer,32,128,16,512,1,42.647
indexer,32,128,16,1024,1,51.2325
indexer,32,128,16,2048,1,81.5595
indexer,32,128,16,4096,1,132.345
indexer,32,128,16,8192,1,205.729
indexer,32,128,16,16384,1,353.728
indexer,32,128,32,16,1,39.536
indexer,32,128,32,32,1,34.056
indexer,32,128,32,64,1,34.679
indexer,32,128,32,128,1,37.393
indexer,32,128,32,256,1,43.4708
indexer,32,128,32,512,1,47.8318
indexer,32,128,32,1024,1,61.4963
indexer,32,128,32,2048,1,100.471
indexer,32,128,32,4096,1,164.927
indexer,32,128,32,8192,1,287.209
indexer,32,128,32,16384,1,535.657
indexer,32,128,64,16,1,39.071
indexer,32,128,64,32,1,38.9517
indexer,32,128,64,64,1,38.7358
indexer,32,128,64,128,1,42.5757
indexer,32,128,64,256,1,48.4718
indexer,32,128,64,512,1,60.3525
indexer,32,128,64,1024,1,82.344
indexer,32,128,64,2048,1,511.12
indexer,32,128,64,4096,1,257.417
indexer,32,128,64,8192,1,487.544
indexer,32,128,64,16384,1,958.122
indexer,32,128,128,16,1,46.8392
indexer,32,128,128,32,1,48.2482
indexer,32,128,128,64,1,49.9913
indexer,32,128,128,128,1,56.6725
indexer,32,128,128,256,1,66.4803
indexer,32,128,128,512,1,89.9285
indexer,32,128,128,1024,1,128.696
indexer,32,128,128,2048,1,574.873
indexer,32,128,128,4096,1,429.496
indexer,32,128,128,8192,1,986.752
indexer,32,128,128,16384,1,1818.47
indexer,32,256,0,0,1,39.9353
indexer,32,256,1,16,1,40.5768
indexer,32,256,1,32,1,40.8238
indexer,32,256,1,64,1,41.376
indexer,32,256,1,128,1,40.72
indexer,32,256,1,256,1,41.0228
indexer,32,256,1,512,1,44.2148
indexer,32,256,1,1024,1,44.7695
indexer,32,256,1,2048,1,65.3285
indexer,32,256,1,4096,1,89.985
indexer,32,256,1,8192,1,122.391
indexer,32,256,1,16384,1,181.6
indexer,32,256,2,16,1,40.56
indexer,32,256,2,32,1,40.6803
indexer,32,256,2,64,1,40.8232
indexer,32,256,2,128,1,40.9763
indexer,32,256,2,256,1,44.4798
indexer,32,256,2,512,1,45.9193
indexer,32,256,2,1024,1,47.1113
indexer,32,256,2,2048,1,70.391
indexer,32,256,2,4096,1,101.369
indexer,32,256,2,8192,1,146.353
indexer,32,256,2,16384,1,229.192
indexer,32,256,4,16,1,40.7197
indexer,32,256,4,32,1,40.6482
indexer,32,256,4,64,1,40.9925
indexer,32,256,4,128,1,40.9848
indexer,32,256,4,256,1,38.6805
indexer,32,256,4,512,1,40.8068
indexer,32,256,4,1024,1,45.1428
indexer,32,256,4,2048,1,72.2643
indexer,32,256,4,4096,1,105.536
indexer,32,256,4,8192,1,154.752
indexer,32,256,4,16384,1,246.528
indexer,32,256,8,16,1,40.8
indexer,32,256,8,32,1,41.2963
indexer,32,256,8,64,1,41.0655
indexer,32,256,8,128,1,36.6005
indexer,32,256,8,256,1,36.423
indexer,32,256,8,512,1,39.7348
indexer,32,256,8,1024,1,49.0718
indexer,32,256,8,2048,1,75.017
indexer,32,256,8,4096,1,115.4
indexer,32,256,8,8192,1,173.232
indexer,32,256,8,16384,1,277.288
indexer,32,256,16,16,1,42.0478
indexer,32,256,16,32,1,41.7435
indexer,32,256,16,64,1,37.4143
indexer,32,256,16,128,1,34.5192
indexer,32,256,16,256,1,39.6565
indexer,32,256,16,512,1,42.016
indexer,32,256,16,1024,1,51.127
indexer,32,256,16,2048,1,80.2965
indexer,32,256,16,4096,1,130
indexer,32,256,16,8192,1,206.2
indexer,32,256,16,16384,1,351.944
indexer,32,256,32,16,1,44.264
indexer,32,256,32,32,1,39.5042
indexer,32,256,32,64,1,36.3755
indexer,32,256,32,128,1,37.9277
indexer,32,256,32,256,1,43.6232
indexer,32,256,32,512,1,47.805
indexer,32,256,32,1024,1,60.4563
indexer,32,256,32,2048,1,98.28
indexer,32,256,32,4096,1,164.407
indexer,32,256,32,8192,1,285.265
indexer,32,256,32,16384,1,526.865
indexer,32,256,64,16,1,43.6622
indexer,32,256,64,32,1,40.0635
indexer,32,256,64,64,1,41.096
indexer,32,256,64,128,1,43.1202
indexer,32,256,64,256,1,47.8802
indexer,32,256,64,512,1,60.5355
indexer,32,256,64,1024,1,82.5752
indexer,32,256,64,2048,1,496.088
indexer,32,256,64,4096,1,254.617
indexer,32,256,64,8192,1,482.315
indexer,32,256,64,16384,1,959.544
indexer,32,256,128,16,1,51.2723
indexer,32,256,128,32,1,52.8338
indexer,32,256,128,64,1,54.3995
indexer,32,256,128,128,1,56.5282
indexer,32,256,128,256,1,66.744
indexer,32,256,128,512,1,89.537
indexer,32,256,128,1024,1,128.128
indexer,32,256,128,2048,1,573.408
indexer,32,256,128,4096,1,429.489
indexer,32,256,128,8192,1,979.72
indexer,32,256,128,16384,1,1812.38
indexer,32,512,0,0,1,48.168
indexer,32,512,1,16,1,48.3365
indexer,32,512,1,32,1,48.1365
indexer,32,512,1,64,1,49.1265
indexer,32,512,1,128,1,48.7845
indexer,32,512,1,256,1,48.6232
indexer,32,512,1,512,1,41.84
indexer,32,512,1,1024,1,40.5452
indexer,32,512,1,2048,1,62.5115
indexer,32,512,1,4096,1,90.8725
indexer,32,512,1,8192,1,123.92
indexer,32,512,1,16384,1,182.416
indexer,32,512,2,16,1,47.768
indexer,32,512,2,32,1,48.0802
indexer,32,512,2,64,1,48.4315
indexer,32,512,2,128,1,48.0725
indexer,32,512,2,256,1,41.048
indexer,32,512,2,512,1,40.4397
indexer,32,512,2,1024,1,45.5688
indexer,32,512,2,2048,1,71.5523
indexer,32,512,2,4096,1,104.56
indexer,32,512,2,8192,1,149.696
indexer,32,512,2,16384,1,234.888
indexer,32,512,4,16,1,48.8628
indexer,32,512,4,32,1,49.0658
indexer,32,512,4,64,1,48.6307
indexer,32,512,4,128,1,41.2572
indexer,32,512,4,256,1,37.1535
indexer,32,512,4,512,1,39.2155
indexer,32,512,4,1024,1,48.7125
indexer,32,512,4,2048,1,72.6398
indexer,32,512,4,4096,1,107.905
indexer,32,512,4,8192,1,157.55
indexer,32,512,4,16384,1,248.192
indexer,32,512,8,16,1,48.3115
indexer,32,512,8,32,1,48.4008
indexer,32,512,8,64,1,41.504
indexer,32,512,8,128,1,37.2485
indexer,32,512,8,256,1,37.728
indexer,32,512,8,512,1,45.6305
indexer,32,512,8,1024,1,49.952
indexer,32,512,8,2048,1,74.7117
indexer,32,512,8,4096,1,114.162
indexer,32,512,8,8192,1,177.554
indexer,32,512,8,16384,1,281.344
indexer,32,512,16,16,1,48.832
indexer,32,512,16,32,1,42.824
indexer,32,512,16,64,1,37.815
indexer,32,512,16,128,1,39.15
indexer,32,512,16,256,1,40.2885
indexer,32,512,16,512,1,42.2953
indexer,32,512,16,1024,1,51.1195
indexer,32,512,16,2048,1,80.4963
indexer,32,512,16,4096,1,131.088
indexer,32,512,16,8192,1,207.672
indexer,32,512,16,16384,1,351.481
indexer,32,512,32,16,1,44.6335
indexer,32,512,32,32,1,39.3287
indexer,32,512,32,64,1,41.7352
indexer,32,512,32,128,1,42.776
indexer,32,512,32,256,1,44.399
indexer,32,512,32,512,1,48.5598
indexer,32,512,32,1024,1,61.8315
indexer,32,512,32,2048,1,98.3445
indexer,32,512,32,4096,1,165.424
indexer,32,512,32,8192,1,285.52
indexer,32,512,32,16384,1,526.8
indexer,32,512,64,16,1,44.3192
indexer,32,512,64,32,1,43.9293
indexer,32,512,64,64,1,44.048
indexer,32,512,64,128,1,45.5102
indexer,32,512,64,256,1,48.3445
indexer,32,512,64,512,1,60.512
indexer,32,512,64,1024,1,83.3355
indexer,32,512,64,2048,1,499.417
indexer,32,512,64,4096,1,256.303
indexer,32,512,64,8192,1,486.512
indexer,32,512,64,16384,1,957.632
indexer,32,512,128,16,1,55.9433
indexer,32,512,128,32,1,57.441
indexer,32,512,128,64,1,59.1275
indexer,32,512,128,128,1,61.9198
indexer,32,512,128,256,1,67.8085
indexer,32,512,128,512,1,88.9528
indexer,32,512,128,1024,1,128.352
indexer,32,512,128,2048,1,580.136
indexer,32,512,128,4096,1,432.231
indexer,32,512,128,8192,1,980.633
indexer,32,512,128,16384,1,1816.42
indexer,32,1024,0,0,1,48.6958
indexer,32,1024,1,16,1,48.7835
indexer,32,1024,1,32,1,48.6803
indexer,32,1024,1,64,1,49.3833
indexer,32,1024,1,128,1,48.9605
indexer,32,1024,1,256,1,48.9688
indexer,32,1024,1,512,1,43.6215
indexer,32,1024,1,1024,1,42.105
indexer,32,1024,1,2048,1,58.6947
indexer,32,1024,1,4096,1,91.0728
indexer,32,1024,1,8192,1,125.737
indexer,32,1024,1,16384,1,184.536
indexer,32,1024,2,16,1,48.0328
indexer,32,1024,2,32,1,48.5608
indexer,32,1024,2,64,1,48.465
indexer,32,1024,2,128,1,48.1845
indexer,32,1024,2,256,1,42.216
indexer,32,1024,2,512,1,42.8335
indexer,32,1024,2,1024,1,45.4563
indexer,32,1024,2,2048,1,69.4558
indexer,32,1024,2,4096,1,105.664
indexer,32,1024,2,8192,1,152
indexer,32,1024,2,16384,1,235.512
indexer,32,1024,4,16,1,48.8885
indexer,32,1024,4,32,1,48.9758
indexer,32,1024,4,64,1,49.129
indexer,32,1024,4,128,1,43.408
indexer,32,1024,4,256,1,42.5525
indexer,32,1024,4,512,1,40.079
indexer,32,1024,4,1024,1,48.7608
indexer,32,1024,4,2048,1,69.6318
indexer,32,1024,4,4096,1,110.041
indexer,32,1024,4,8192,1,159.359
indexer,32,1024,4,16384,1,255.201
indexer,32,1024,8,16,1,48.943
indexer,32,1024,8,32,1,48.9527
indexer,32,1024,8,64,1,42.7278
indexer,32,1024,8,128,1,42.832
indexer,32,1024,8,256,1,40.4633
indexer,32,1024,8,512,1,47.6483
indexer,32,1024,8,1024,1,50.9525
indexer,32,1024,8,2048,1,72.6403
indexer,32,1024,8,4096,1,116.064
indexer,32,1024,8,8192,1,174.824
indexer,32,1024,8,16384,1,281.839
indexer,32,1024,16,16,1,49.8168
indexer,32,1024,16,32,1,43.8798
indexer,32,1024,16,64,1,44.2317
indexer,32,1024,16,128,1,41.2715
indexer,32,1024,16,256,1,42.2645
indexer,32,1024,16,512,1,43.9193
indexer,32,1024,16,1024,1,52.9267
indexer,32,1024,16,2048,1,79.769
indexer,32,1024,16,4096,1,134.4
indexer,32,1024,16,8192,1,209.969
indexer,32,1024,16,16384,1,360.424
indexer,32,1024,32,16,1,45.9685
indexer,32,1024,32,32,1,45.632
indexer,32,1024,32,64,1,43.3677
indexer,32,1024,32,128,1,44.424
indexer,32,1024,32,256,1,45.3665
indexer,32,1024,32,512,1,48.519
indexer,32,1024,32,1024,1,62.3523
indexer,32,1024,32,2048,1,96.872
indexer,32,1024,32,4096,1,169.073
indexer,32,1024,32,8192,1,290.626
indexer,32,1024,32,16384,1,534.024
indexer,32,1024,64,16,1,50.1997
indexer,32,1024,64,32,1,49.408
indexer,32,1024,64,64,1,49.4795
indexer,32,1024,64,128,1,53.1673
indexer,32,1024,64,256,1,54.2467
indexer,32,1024,64,512,1,60.8083
indexer,32,1024,64,1024,1,84.0727
indexer,32,1024,64,2048,1,497.736
indexer,32,1024,64,4096,1,259.367
indexer,32,1024,64,8192,1,489
indexer,32,1024,64,16384,1,980.113
indexer,32,1024,128,16,1,63.8407
indexer,32,1024,128,32,1,64.6325
indexer,32,1024,128,64,1,65.6788
indexer,32,1024,128,128,1,69.6488
indexer,32,1024,128,256,1,73.6255
indexer,32,1024,128,512,1,89.2963
indexer,32,1024,128,1024,1,129.177
indexer,32,1024,128,2048,1,582.305
indexer,32,1024,128,4096,1,429.072
indexer,32,1024,128,8192,1,979.632
indexer,32,1024,128,16384,1,1805.43
indexer,32,2048,0,0,1,71.7602
indexer,32,2048,1,16,1,72.8563
indexer,32,2048,1,32,1,71.7598
indexer,32,2048,1,64,1,72.24
indexer,32,2048,1,128,1,72.1358
indexer,32,2048,1,256,1,72.0395
indexer,32,2048,1,512,1,70.2313
indexer,32,2048,1,1024,1,69.514
indexer,32,2048,1,2048,1,69.9442
indexer,32,2048,1,4096,1,94.8083
indexer,32,2048,1,8192,1,128.031
indexer,32,2048,1,16384,1,188.775
indexer,32,2048,2,16,1,72.2798
indexer,32,2048,2,32,1,72.3908
indexer,32,2048,2,64,1,71.7275
indexer,32,2048,2,128,1,71.8713
indexer,32,2048,2,256,1,69.832
indexer,32,2048,2,512,1,69.224
indexer,32,2048,2,1024,1,69.496
indexer,32,2048,2,2048,1,82.5033
indexer,32,2048,2,4096,1,105.719
indexer,32,2048,2,8192,1,154.738
indexer,32,2048,2,16384,1,239.297
indexer,32,2048,4,16,1,71.1765
indexer,32,2048,4,32,1,72.0628
indexer,32,2048,4,64,1,72.2477
indexer,32,2048,4,128,1,69.9205
indexer,32,2048,4,256,1,68.5528
indexer,32,2048,4,512,1,69.0648
indexer,32,2048,4,1024,1,72.6095
indexer,32,2048,4,2048,1,81.4168
indexer,32,2048,4,4096,1,110.498
indexer,32,2048,4,8192,1,162.794
indexer,32,2048,4,16384,1,257.905
indexer,32,2048,8,16,1,71.9207
indexer,32,2048,8,32,1,71.59
indexer,32,2048,8,64,1,70.1045
indexer,32,2048,8,128,1,68.5208
indexer,32,2048,8,256,1,68.8308
indexer,32,2048,8,512,1,72.7752
indexer,32,2048,8,1024,1,74.5757
indexer,32,2048,8,2048,1,85.3677
indexer,32,2048,8,4096,1,117.392
indexer,32,2048,8,8192,1,182.76
indexer,32,2048,8,16384,1,290.544
indexer,32,2048,16,16,1,72.9443
indexer,32,2048,16,32,1,70.8405
indexer,32,2048,16,64,1,70.1112
indexer,32,2048,16,128,1,70.1843
indexer,32,2048,16,256,1,71.0487
indexer,32,2048,16,512,1,71.8247
indexer,32,2048,16,1024,1,75.1138
indexer,32,2048,16,2048,1,90.5358
indexer,32,2048,16,4096,1,133.48
indexer,32,2048,16,8192,1,212.904
indexer,32,2048,16,16384,1,364.432
indexer,32,2048,32,16,1,72.592
indexer,32,2048,32,32,1,73.3593
indexer,32,2048,32,64,1,73.4718
indexer,32,2048,32,128,1,72.9603
indexer,32,2048,32,256,1,76.0162
indexer,32,2048,32,512,1,77.618
indexer,32,2048,32,1024,1,83.6165
indexer,32,2048,32,2048,1,107.343
indexer,32,2048,32,4096,1,168.16
indexer,32,2048,32,8192,1,292.961
indexer,32,2048,32,16384,1,538.786
indexer,32,2048,64,16,1,80.6875
indexer,32,2048,64,32,1,79.0793
indexer,32,2048,64,64,1,81.4158
indexer,32,2048,64,128,1,80.959
indexer,32,2048,64,256,1,85.193
indexer,32,2048,64,512,1,90.8407
indexer,32,2048,64,1024,1,102.448
indexer,32,2048,64,2048,1,508.465
indexer,32,2048,64,4096,1,256.825
indexer,32,2048,64,8192,1,494.992
indexer,32,2048,64,16384,1,976.185
indexer,32,2048,128,16,1,98.359
indexer,32,2048,128,32,1,98.207
indexer,32,2048,128,64,1,100.377
indexer,32,2048,128,128,1,104.64
indexer,32,2048,128,256,1,108.864
indexer,32,2048,128,512,1,124.417
indexer,32,2048,128,1024,1,150.425
indexer,32,2048,128,2048,1,583.153
indexer,32,2048,128,4096,1,431.089
indexer,32,2048,128,8192,1,992.513
indexer,32,2048,128,16384,1,1826.17
indexer,32,4096,0,0,1,77.0795
indexer,32,4096,1,16,1,77.0228
indexer,32,4096,1,32,1,77.4887
indexer,32,4096,1,64,1,77.6322
indexer,32,4096,1,128,1,78.1365
indexer,32,4096,1,256,1,78.3195
indexer,32,4096,1,512,1,80.729
indexer,32,4096,1,1024,1,80.6958
indexer,32,4096,1,2048,1,85.7675
indexer,32,4096,1,4096,1,100.352
indexer,32,4096,1,8192,1,131.504
indexer,32,4096,1,16384,1,191.913
indexer,32,4096,2,16,1,77.7675
indexer,32,4096,2,32,1,78.3048
indexer,32,4096,2,64,1,78.096
indexer,32,4096,2,128,1,78.2072
indexer,32,4096,2,256,1,80.92
indexer,32,4096,2,512,1,81.4235
indexer,32,4096,2,1024,1,85.479
indexer,32,4096,2,2048,1,86.7515
indexer,32,4096,2,4096,1,110.192
indexer,32,4096,2,8192,1,158.816
indexer,32,4096,2,16384,1,247.375
indexer,32,4096,4,16,1,78.0168
indexer,32,4096,4,32,1,78.1688
indexer,32,4096,4,64,1,78.3433
indexer,32,4096,4,128,1,80.5118
indexer,32,4096,4,256,1,80.7763
indexer,32,4096,4,512,1,80.976
indexer,32,4096,4,1024,1,81.9993
indexer,32,4096,4,2048,1,84.7127
indexer,32,4096,4,4096,1,114.68
indexer,32,4096,4,8192,1,170.761
indexer,32,4096,4,16384,1,262.688
indexer,32,4096,8,16,1,77.2403
indexer,32,4096,8,32,1,76.7758
indexer,32,4096,8,64,1,80.8155
indexer,32,4096,8,128,1,80.7758
indexer,32,4096,8,256,1,81.4085
indexer,32,4096,8,512,1,82.888
indexer,32,4096,8,1024,1,84.9198
indexer,32,4096,8,2048,1,88.2248
indexer,32,4096,8,4096,1,124.824
indexer,32,4096,8,8192,1,185.265
indexer,32,4096,8,16384,1,294.256
indexer,32,4096,16,16,1,78.7675
indexer,32,4096,16,32,1,78.7118
indexer,32,4096,16,64,1,78.9675
indexer,32,4096,16,128,1,79.6405
indexer,32,4096,16,256,1,81.1602
indexer,32,4096,16,512,1,82.0725
indexer,32,4096,16,1024,1,84.4485
indexer,32,4096,16,2048,1,93.7187
indexer,32,4096,16,4096,1,134.816
indexer,32,4096,16,8192,1,215.576
indexer,32,4096,16,16384,1,365.921
indexer,32,4096,32,16,1,83.0165
indexer,32,4096,32,32,1,83.2563
indexer,32,4096,32,64,1,84.1283
indexer,32,4096,32,128,1,85.1907
indexer,32,4096,32,256,1,86.6797
indexer,32,4096,32,512,1,89.2717
indexer,32,4096,32,1024,1,97.5122
indexer,32,4096,32,2048,1,107.304
indexer,32,4096,32,4096,1,169.024
indexer,32,4096,32,8192,1,294.001
indexer,32,4096,32,16384,1,539.072
indexer,32,4096,64,16,1,97.7678
indexer,32,4096,64,32,1,99.1765
indexer,32,4096,64,64,1,100.849
indexer,32,4096,64,128,1,102.399
indexer,32,4096,64,256,1,105.041
indexer,32,4096,64,512,1,112.951
indexer,32,4096,64,1024,1,125.558
indexer,32,4096,64,2048,1,513.064
indexer,32,4096,64,4096,1,259.352
indexer,32,4096,64,8192,1,494.009
indexer,32,4096,64,16384,1,977.568
indexer,32,4096,128,16,1,125.112
indexer,32,4096,128,32,1,126.969
indexer,32,4096,128,64,1,130.671
indexer,32,4096,128,128,1,130.448
indexer,32,4096,128,256,1,138.359
indexer,32,4096,128,512,1,154.047
indexer,32,4096,128,1024,1,177.521
indexer,32,4096,128,2048,1,582.801
indexer,32,4096,128,4096,1,438.272
indexer,32,4096,128,8192,1,995.718
indexer,32,4096,128,16384,1,1827.94
indexer,32,8192,0,0,1,115.592
indexer,32,8192,1,16,1,114.934
indexer,32,8192,1,32,1,114.8
indexer,32,8192,1,64,1,115.08
indexer,32,8192,1,128,1,116.367
indexer,32,8192,1,256,1,116.584
indexer,32,8192,1,512,1,115.801
indexer,32,8192,1,1024,1,116.76
indexer,32,8192,1,2048,1,116.673
indexer,32,8192,1,4096,1,117.409
indexer,32,8192,1,8192,1,141.601
indexer,32,8192,1,16384,1,200.153
indexer,32,8192,2,16,1,115.089
indexer,32,8192,2,32,1,115.096
indexer,32,8192,2,64,1,115.246
indexer,32,8192,2,128,1,115.535
indexer,32,8192,2,256,1,114.233
indexer,32,8192,2,512,1,114.983
indexer,32,8192,2,1024,1,116.241
indexer,32,8192,2,2048,1,116.721
indexer,32,8192,2,4096,1,118.976
indexer,32,8192,2,8192,1,165.96
indexer,32,8192,2,16384,1,254.232
indexer,32,8192,4,16,1,112.767
indexer,32,8192,4,32,1,113.472
indexer,32,8192,4,64,1,113.848
indexer,32,8192,4,128,1,112.776
indexer,32,8192,4,256,1,113.233
indexer,32,8192,4,512,1,113.841
indexer,32,8192,4,1024,1,115.184
indexer,32,8192,4,2048,1,116.336
indexer,32,8192,4,4096,1,120.168
indexer,32,8192,4,8192,1,179.656
indexer,32,8192,4,16384,1,269.272
indexer,32,8192,8,16,1,111.856
indexer,32,8192,8,32,1,112.416
indexer,32,8192,8,64,1,113.294
indexer,32,8192,8,128,1,112.512
indexer,32,8192,8,256,1,113.129
indexer,32,8192,8,512,1,115.906
indexer,32,8192,8,1024,1,116.897
indexer,32,8192,8,2048,1,121.224
indexer,32,8192,8,4096,1,128.713
indexer,32,8192,8,8192,1,188.929
indexer,32,8192,8,16384,1,299.129
indexer,32,8192,16,16,1,113.463
indexer,32,8192,16,32,1,114.849
indexer,32,8192,16,64,1,114.608
indexer,32,8192,16,128,1,115.272
indexer,32,8192,16,256,1,116.073
indexer,32,8192,16,512,1,116.824
indexer,32,8192,16,1024,1,119.528
indexer,32,8192,16,2048,1,128.319
indexer,32,8192,16,4096,1,138.24
indexer,32,8192,16,8192,1,218.935
indexer,32,8192,16,16384,1,369.808
indexer,32,8192,32,16,1,123.249
indexer,32,8192,32,32,1,122.713
indexer,32,8192,32,64,1,124.353
indexer,32,8192,32,128,1,124.489
indexer,32,8192,32,256,1,126.872
indexer,32,8192,32,512,1,129.281
indexer,32,8192,32,1024,1,136.969
indexer,32,8192,32,2048,1,148.215
indexer,32,8192,32,4096,1,171.393
indexer,32,8192,32,8192,1,299.617
indexer,32,8192,32,16384,1,543.007
indexer,32,8192,64,16,1,151.848
indexer,32,8192,64,32,1,153.506
indexer,32,8192,64,64,1,155.257
indexer,32,8192,64,128,1,155.528
indexer,32,8192,64,256,1,159.48
indexer,32,8192,64,512,1,162.473
indexer,32,8192,64,1024,1,180.192
indexer,32,8192,64,2048,1,551.368
indexer,32,8192,64,4096,1,266.209
indexer,32,8192,64,8192,1,493.768
indexer,32,8192,64,16384,1,977.592
indexer,32,8192,128,16,1,196.248
indexer,32,8192,128,32,1,198.32
indexer,32,8192,128,64,1,199.61
indexer,32,8192,128,128,1,202.944
indexer,32,8192,128,256,1,214.393
indexer,32,8192,128,512,1,223.744
indexer,32,8192,128,1024,1,251.569
indexer,32,8192,128,2048,1,649.033
indexer,32,8192,128,4096,1,435.208
indexer,32,8192,128,8192,1,991.544
indexer,32,8192,128,16384,1,1824.94
indexer,32,16384,0,0,1,206.145
indexer,32,16384,1,16,1,205.184
indexer,32,16384,1,32,1,205.088
indexer,32,16384,1,64,1,204.041
indexer,32,16384,1,128,1,206.4
indexer,32,16384,1,256,1,206.599
indexer,32,16384,1,512,1,206.33
indexer,32,16384,1,1024,1,206.632
indexer,32,16384,1,2048,1,207.216
indexer,32,16384,1,4096,1,207.855
indexer,32,16384,1,8192,1,210.064
indexer,32,16384,1,16384,1,217.248
indexer,32,16384,2,16,1,204.953
indexer,32,16384,2,32,1,205.528
indexer,32,16384,2,64,1,206.487
indexer,32,16384,2,128,1,206.288
indexer,32,16384,2,256,1,206.792
indexer,32,16384,2,512,1,206.807
indexer,32,16384,2,1024,1,207.464
indexer,32,16384,2,2048,1,207.959
indexer,32,16384,2,4096,1,212.416
indexer,32,16384,2,8192,1,217.294
indexer,32,16384,2,16384,1,262.904
indexer,32,16384,4,16,1,204.328
indexer,32,16384,4,32,1,204.329
indexer,32,16384,4,64,1,204.112
indexer,32,16384,4,128,1,206.007
indexer,32,16384,4,256,1,204.839
indexer,32,16384,4,512,1,205.36
indexer,32,16384,4,1024,1,206.607
indexer,32,16384,4,2048,1,210.633
indexer,32,16384,4,4096,1,216.184
indexer,32,16384,4,8192,1,224.617
indexer,32,16384,4,16384,1,275.128
indexer,32,16384,8,16,1,205.815
indexer,32,16384,8,32,1,205.768
indexer,32,16384,8,64,1,205.415
indexer,32,16384,8,128,1,206.936
indexer,32,16384,8,256,1,208.863
indexer,32,16384,8,512,1,207.536
indexer,32,16384,8,1024,1,211.993
indexer,32,16384,8,2048,1,211.544
indexer,32,16384,8,4096,1,220.048
indexer,32,16384,8,8192,1,230.664
indexer,32,16384,8,16384,1,304.186
indexer,32,16384,16,16,1,209.047
indexer,32,16384,16,32,1,211.984
indexer,32,16384,16,64,1,213.88
indexer,32,16384,16,128,1,217.081
indexer,32,16384,16,256,1,216.12
indexer,32,16384,16,512,1,218.512
indexer,32,16384,16,1024,1,218.64
indexer,32,16384,16,2048,1,229.177
indexer,32,16384,16,4096,1,237.672
indexer,32,16384,16,8192,1,262.016
indexer,32,16384,16,16384,1,369.184
indexer,32,16384,32,16,1,233.041
indexer,32,16384,32,32,1,234.456
indexer,32,16384,32,64,1,230.353
indexer,32,16384,32,128,1,233
indexer,32,16384,32,256,1,234.656
indexer,32,16384,32,512,1,233.32
indexer,32,16384,32,1024,1,245.51
indexer,32,16384,32,2048,1,261.96
indexer,32,16384,32,4096,1,284.505
indexer,32,16384,32,8192,1,340.743
indexer,32,16384,32,16384,1,553.784
indexer,32,16384,64,16,1,295.112
indexer,32,16384,64,32,1,290.392
indexer,32,16384,64,64,1,293.031
indexer,32,16384,64,128,1,294.046
indexer,32,16384,64,256,1,292.977
indexer,32,16384,64,512,1,301.632
indexer,32,16384,64,1024,1,319.295
indexer,32,16384,64,2048,1,615.137
indexer,32,16384,64,4096,1,404.144
indexer,32,16384,64,8192,1,528.753
indexer,32,16384,64,16384,1,972.961
indexer,32,16384,128,16,1,373.281
indexer,32,16384,128,32,1,373.145
indexer,32,16384,128,64,1,380.583
indexer,32,16384,128,128,1,378.753
indexer,32,16384,128,256,1,386.401
indexer,32,16384,128,512,1,399.096
indexer,32,16384,128,1024,1,429.056
indexer,32,16384,128,2048,1,749.512
indexer,32,16384,128,4096,1,610.832
indexer,32,16384,128,8192,1,1024.61
indexer,32,16384,128,16384,1,1824.05
indexer,64,0,0,0,1,29.3762
indexer,64,0,1,16,1,45.4323
indexer,64,0,1,32,1,45.6023
indexer,64,0,1,64,1,46.663
indexer,64,0,1,128,1,46.5
indexer,64,0,1,256,1,46.488
indexer,64,0,1,512,1,46.5435
indexer,64,0,1,1024,1,46.6962
indexer,64,0,1,2048,1,62.898
indexer,64,0,1,4096,1,74.4485
indexer,64,0,1,8192,1,66.4315
indexer,64,0,1,16384,1,88.4485
indexer,64,0,2,16,1,45.9843
indexer,64,0,2,32,1,46.1762
indexer,64,0,2,64,1,47.066
indexer,64,0,2,128,1,46.9348
indexer,64,0,2,256,1,47.2238
indexer,64,0,2,512,1,47.305
indexer,64,0,2,1024,1,47.7515
indexer,64,0,2,2048,1,63.9848
indexer,64,0,2,4096,1,77.88
indexer,64,0,2,8192,1,81.4477
indexer,64,0,2,16384,1,96.4648
indexer,64,0,4,16,1,46.2565
indexer,64,0,4,32,1,46.3448
indexer,64,0,4,64,1,47.3108
indexer,64,0,4,128,1,47.433
indexer,64,0,4,256,1,47.8085
indexer,64,0,4,512,1,47.7125
indexer,64,0,4,1024,1,48.384
indexer,64,0,4,2048,1,69.3278
indexer,64,0,4,4096,1,80.416
indexer,64,0,4,8192,1,87.1923
indexer,64,0,4,16384,1,105.969
indexer,64,0,8,16,1,46.3675
indexer,64,0,8,32,1,46.3198
indexer,64,0,8,64,1,47.5598
indexer,64,0,8,128,1,47.5123
indexer,64,0,8,256,1,48.193
indexer,64,0,8,512,1,48.3355
indexer,64,0,8,1024,1,49.3365
indexer,64,0,8,2048,1,71.3762
indexer,64,0,8,4096,1,86.465
indexer,64,0,8,8192,1,95.0888
indexer,64,0,8,16384,1,124.44
indexer,64,0,16,16,1,46.6482
indexer,64,0,16,32,1,46.712
indexer,64,0,16,64,1,47.768
indexer,64,0,16,128,1,47.913
indexer,64,0,16,256,1,48.3277
indexer,64,0,16,512,1,49.9355
indexer,64,0,16,1024,1,51.0875
indexer,64,0,16,2048,1,76.617
indexer,64,0,16,4096,1,95.921
indexer,64,0,16,8192,1,119.601
indexer,64,0,16,16384,1,162.705
indexer,64,0,32,16,1,49.201
indexer,64,0,32,32,1,49.007
indexer,64,0,32,64,1,50.0233
indexer,64,0,32,128,1,50.344
indexer,64,0,32,256,1,51.6875
indexer,64,0,32,512,1,53.5275
indexer,64,0,32,1024,1,58.7852
indexer,64,0,32,2048,1,104.08
indexer,64,0,32,4096,1,146.368
indexer,64,0,32,8192,1,198.425
indexer,64,0,32,16384,1,305.864
indexer,64,0,64,16,1,51.8172
indexer,64,0,64,32,1,51.4005
indexer,64,0,64,64,1,53.2642
indexer,64,0,64,128,1,53.1523
indexer,64,0,64,256,1,55.928
indexer,64,0,64,512,1,60.4245
indexer,64,0,64,1024,1,71.0872
indexer,64,0,64,2048,1,145.311
indexer,64,0,64,4096,1,226.104
indexer,64,0,64,8192,1,327.8
indexer,64,0,64,16384,1,526.905
indexer,64,0,128,16,1,54.2873
indexer,64,0,128,32,1,54.1458
indexer,64,0,128,64,1,57.1437
indexer,64,0,128,128,1,60.271
indexer,64,0,128,256,1,64.2553
indexer,64,0,128,512,1,74.3128
indexer,64,0,128,1024,1,95.4548
indexer,64,0,128,2048,1,230.977
indexer,64,0,128,4096,1,372.488
indexer,64,0,128,8192,1,577.094
indexer,64,0,128,16384,1,922.384
indexer,64,16,0,0,1,30.5603
indexer,64,16,1,16,1,30.9612
indexer,64,16,1,32,1,31.3605
indexer,64,16,1,64,1,30.9697
indexer,64,16,1,128,1,33.9445
indexer,64,16,1,256,1,38.3687
indexer,64,16,1,512,1,44.5508
indexer,64,16,1,1024,1,45.632
indexer,64,16,1,2048,1,67.2263
indexer,64,16,1,4096,1,437.289
indexer,64,16,1,8192,1,115.56
indexer,64,16,1,16384,1,222.721
indexer,64,16,2,16,1,30.8882
indexer,64,16,2,32,1,30.8245
indexer,64,16,2,64,1,33.408
indexer,64,16,2,128,1,38.1052
indexer,64,16,2,256,1,45.1355
indexer,64,16,2,512,1,45.5285
indexer,64,16,2,1024,1,48.6647
indexer,64,16,2,2048,1,73.9283
indexer,64,16,2,4096,1,449.376
indexer,64,16,2,8192,1,186.058
indexer,64,16,2,16384,1,319.745
indexer,64,16,4,16,1,31.2957
indexer,64,16,4,32,1,31.624
indexer,64,16,4,64,1,34.7442
indexer,64,16,4,128,1,39.0158
indexer,64,16,4,256,1,39.4643
indexer,64,16,4,512,1,41.4068
indexer,64,16,4,1024,1,47.8552
indexer,64,16,4,2048,1,75.9527
indexer,64,16,4,4096,1,465.136
indexer,64,16,4,8192,1,189.952
indexer,64,16,4,16384,1,334.624
indexer,64,16,8,16,1,31.2875
indexer,64,16,8,32,1,31.7435
indexer,64,16,8,64,1,35.3345
indexer,64,16,8,128,1,34.8875
indexer,64,16,8,256,1,35.991
indexer,64,16,8,512,1,41.0252
indexer,64,16,8,1024,1,49.8957
indexer,64,16,8,2048,1,79.064
indexer,64,16,8,4096,1,471.712
indexer,64,16,8,8192,1,203.695
indexer,64,16,8,16384,1,348.656
indexer,64,16,16,16,1,32.0957
indexer,64,16,16,32,1,32.3115
indexer,64,16,16,64,1,32.3357
indexer,64,16,16,128,1,34.3525
indexer,64,16,16,256,1,36.9912
indexer,64,16,16,512,1,44.4243
indexer,64,16,16,1024,1,54.3358
indexer,64,16,16,2048,1,89.1437
indexer,64,16,16,4096,1,484.536
indexer,64,16,16,8192,1,249.24
indexer,64,16,16,16384,1,450.72
indexer,64,16,32,16,1,34.8405
indexer,64,16,32,32,1,34.831
indexer,64,16,32,64,1,35.0155
indexer,64,16,32,128,1,37.4562
indexer,64,16,32,256,1,40.9765
indexer,64,16,32,512,1,50.0635
indexer,64,16,32,1024,1,63.848
indexer,64,16,32,2048,1,112.729
indexer,64,16,32,4096,1,524.768
indexer,64,16,32,8192,1,348.912
indexer,64,16,32,16384,1,667.938
indexer,64,16,64,16,1,39.2552
indexer,64,16,64,32,1,38.9678
indexer,64,16,64,64,1,39.9518
indexer,64,16,64,128,1,45.2545
indexer,64,16,64,256,1,52.327
indexer,64,16,64,512,1,64.5288
indexer,64,16,64,1024,1,93.4175
indexer,64,16,64,2048,1,517.16
indexer,64,16,64,4096,1,635.016
indexer,64,16,64,8192,1,573.361
indexer,64,16,64,16384,1,1287.14
indexer,64,16,128,16,1,48.2407
indexer,64,16,128,32,1,47.96
indexer,64,16,128,64,1,54.7435
indexer,64,16,128,128,1,62.4075
indexer,64,16,128,256,1,74.9502
indexer,64,16,128,512,1,103.561
indexer,64,16,128,1024,1,157.168
indexer,64,16,128,2048,1,632.225
indexer,64,16,128,4096,1,889.545
indexer,64,16,128,8192,1,991.009
indexer,64,16,128,16384,1,2024.6
indexer,64,32,0,0,1,30.6397
indexer,64,32,1,16,1,31.3205
indexer,64,32,1,32,1,31.1363
indexer,64,32,1,64,1,30.992
indexer,64,32,1,128,1,34.048
indexer,64,32,1,256,1,38.8392
indexer,64,32,1,512,1,45.3273
indexer,64,32,1,1024,1,46.168
indexer,64,32,1,2048,1,66.609
indexer,64,32,1,4096,1,435.257
indexer,64,32,1,8192,1,115.208
indexer,64,32,1,16384,1,225.361
indexer,64,32,2,16,1,30.9845
indexer,64,32,2,32,1,31.199
indexer,64,32,2,64,1,33.7197
indexer,64,32,2,128,1,38.0007
indexer,64,32,2,256,1,45.1442
indexer,64,32,2,512,1,46.2873
indexer,64,32,2,1024,1,48.7368
indexer,64,32,2,2048,1,75.5202
indexer,64,32,2,4096,1,458.12
indexer,64,32,2,8192,1,189.32
indexer,64,32,2,16384,1,320.784
indexer,64,32,4,16,1,31.608
indexer,64,32,4,32,1,31.3927
indexer,64,32,4,64,1,35.1743
indexer,64,32,4,128,1,38.0877
indexer,64,32,4,256,1,38.8957
indexer,64,32,4,512,1,41.64
indexer,64,32,4,1024,1,46.8563
indexer,64,32,4,2048,1,75.0485
indexer,64,32,4,4096,1,462.432
indexer,64,32,4,8192,1,192.401
indexer,64,32,4,16384,1,337.457
indexer,64,32,8,16,1,31.5932
indexer,64,32,8,32,1,31.512
indexer,64,32,8,64,1,35.1277
indexer,64,32,8,128,1,35.3197
indexer,64,32,8,256,1,35.778
indexer,64,32,8,512,1,41.0808
indexer,64,32,8,1024,1,48.8725
indexer,64,32,8,2048,1,79.575
indexer,64,32,8,4096,1,460.912
indexer,64,32,8,8192,1,202.914
indexer,64,32,8,16384,1,355.937
indexer,64,32,16,16,1,32.4635
indexer,64,32,16,32,1,32.7205
indexer,64,32,16,64,1,33.0072
indexer,64,32,16,128,1,34.4803
indexer,64,32,16,256,1,37.6077
indexer,64,32,16,512,1,44.5355
indexer,64,32,16,1024,1,55.0082
indexer,64,32,16,2048,1,89.2707
indexer,64,32,16,4096,1,494.056
indexer,64,32,16,8192,1,252.193
indexer,64,32,16,16384,1,458.624
indexer,64,32,32,16,1,35.2163
indexer,64,32,32,32,1,35.5132
indexer,64,32,32,64,1,35.4637
indexer,64,32,32,128,1,37.9445
indexer,64,32,32,256,1,41.5282
indexer,64,32,32,512,1,50.1993
indexer,64,32,32,1024,1,62.9735
indexer,64,32,32,2048,1,113.511
indexer,64,32,32,4096,1,533.76
indexer,64,32,32,8192,1,349.823
indexer,64,32,32,16384,1,662.664
indexer,64,32,64,16,1,39.1835
indexer,64,32,64,32,1,39.047
indexer,64,32,64,64,1,39.849
indexer,64,32,64,128,1,45.8237
indexer,64,32,64,256,1,52.5855
indexer,64,32,64,512,1,64.5768
indexer,64,32,64,1024,1,93.2965
indexer,64,32,64,2048,1,519.361
indexer,64,32,64,4096,1,641.969
indexer,64,32,64,8192,1,564.187
indexer,64,32,64,16384,1,1288.71
indexer,64,32,128,16,1,47.952
indexer,64,32,128,32,1,48.2168
indexer,64,32,128,64,1,54.7035
indexer,64,32,128,128,1,62.0393
indexer,64,32,128,256,1,74.968
indexer,64,32,128,512,1,103.216
indexer,64,32,128,1024,1,157.575
indexer,64,32,128,2048,1,638.664
indexer,64,32,128,4096,1,882.696
indexer,64,32,128,8192,1,1002.77
indexer,64,32,128,16384,1,2035.62
indexer,64,64,0,0,1,30.7597
indexer,64,64,1,16,1,31.1595
indexer,64,64,1,32,1,30.9445
indexer,64,64,1,64,1,31.3205
indexer,64,64,1,128,1,34.24
indexer,64,64,1,256,1,37.8562
indexer,64,64,1,512,1,44.6085
indexer,64,64,1,1024,1,45.0168
indexer,64,64,1,2048,1,67.1045
indexer,64,64,1,4096,1,431.455
indexer,64,64,1,8192,1,115.217
indexer,64,64,1,16384,1,224.024
indexer,64,64,2,16,1,30.8558
indexer,64,64,2,32,1,30.8398
indexer,64,64,2,64,1,33.8398
indexer,64,64,2,128,1,38.6077
indexer,64,64,2,256,1,45.6388
indexer,64,64,2,512,1,45.6963
indexer,64,64,2,1024,1,48.7845
indexer,64,64,2,2048,1,74.8473
indexer,64,64,2,4096,1,459.505
indexer,64,64,2,8192,1,188.718
indexer,64,64,2,16384,1,319.696
indexer,64,64,4,16,1,31.481
indexer,64,64,4,32,1,31.496
indexer,64,64,4,64,1,34.4632
indexer,64,64,4,128,1,38.9045
indexer,64,64,4,256,1,39.353
indexer,64,64,4,512,1,41.2155
indexer,64,64,4,1024,1,47.5855
indexer,64,64,4,2048,1,75.8955
indexer,64,64,4,4096,1,452.937
indexer,64,64,4,8192,1,190.503
indexer,64,64,4,16384,1,332.111
indexer,64,64,8,16,1,31.5117
indexer,64,64,8,32,1,31.911
indexer,64,64,8,64,1,35.0328
indexer,64,64,8,128,1,35.1202
indexer,64,64,8,256,1,36.351
indexer,64,64,8,512,1,41.3362
indexer,64,64,8,1024,1,49.0965
indexer,64,64,8,2048,1,78.986
indexer,64,64,8,4096,1,470.967
indexer,64,64,8,8192,1,204.945
indexer,64,64,8,16384,1,353.345
indexer,64,64,16,16,1,32.1845
indexer,64,64,16,32,1,32.3438
indexer,64,64,16,64,1,32.92
indexer,64,64,16,128,1,34.7037
indexer,64,64,16,256,1,37.0155
indexer,64,64,16,512,1,44.7683
indexer,64,64,16,1024,1,53.8397
indexer,64,64,16,2048,1,88.72
indexer,64,64,16,4096,1,488.456
indexer,64,64,16,8192,1,248.855
indexer,64,64,16,16384,1,452.337
indexer,64,64,32,16,1,34.6418
indexer,64,64,32,32,1,34.631
indexer,64,64,32,64,1,35.064
indexer,64,64,32,128,1,37.577
indexer,64,64,32,256,1,40.6485
indexer,64,64,32,512,1,50.5838
indexer,64,64,32,1024,1,62.888
indexer,64,64,32,2048,1,112.112
indexer,64,64,32,4096,1,531.232
indexer,64,64,32,8192,1,349.976
indexer,64,64,32,16384,1,660.865
indexer,64,64,64,16,1,38.9452
indexer,64,64,64,32,1,38.9665
indexer,64,64,64,64,1,39.3438
indexer,64,64,64,128,1,45.2245
indexer,64,64,64,256,1,51.9693
indexer,64,64,64,512,1,64.3285
indexer,64,64,64,1024,1,92.0477
indexer,64,64,64,2048,1,513.216
indexer,64,64,64,4096,1,636.649
indexer,64,64,64,8192,1,567.344
indexer,64,64,64,16384,1,1295.14
indexer,64,64,128,16,1,47.7278
indexer,64,64,128,32,1,47.9925
indexer,64,64,128,64,1,54.0487
indexer,64,64,128,128,1,61.7193
indexer,64,64,128,256,1,74.2488
indexer,64,64,128,512,1,103.936
indexer,64,64,128,1024,1,156.711
indexer,64,64,128,2048,1,630.938
indexer,64,64,128,4096,1,893.039
indexer,64,64,128,8192,1,983.706
indexer,64,64,128,16384,1,2008.48
indexer,64,128,0,0,1,34.9832
indexer,64,128,1,16,1,35.6875
indexer,64,128,1,32,1,36.0078
indexer,64,128,1,64,1,36.417
indexer,64,128,1,128,1,35.713
indexer,64,128,1,256,1,37.4875
indexer,64,128,1,512,1,44.2888
indexer,64,128,1,1024,1,44.7598
indexer,64,128,1,2048,1,64.9353
indexer,64,128,1,4096,1,93.808
indexer,64,128,1,8192,1,109.217
indexer,64,128,1,16384,1,220.542
indexer,64,128,2,16,1,35.857
indexer,64,128,2,32,1,35.7832
indexer,64,128,2,64,1,35.7517
indexer,64,128,2,128,1,38.0168
indexer,64,128,2,256,1,44.2715
indexer,64,128,2,512,1,44.5845
indexer,64,128,2,1024,1,47.239
indexer,64,128,2,2048,1,74.168
indexer,64,128,2,4096,1,118.033
indexer,64,128,2,8192,1,186.76
indexer,64,128,2,16384,1,315.913
indexer,64,128,4,16,1,35.704
indexer,64,128,4,32,1,35.8338
indexer,64,128,4,64,1,36.136
indexer,64,128,4,128,1,38.336
indexer,64,128,4,256,1,38.3915
indexer,64,128,4,512,1,40.6633
indexer,64,128,4,1024,1,47.761
indexer,64,128,4,2048,1,75.7445
indexer,64,128,4,4096,1,121.648
indexer,64,128,4,8192,1,193
indexer,64,128,4,16384,1,335.582
indexer,64,128,8,16,1,36.4715
indexer,64,128,8,32,1,36.28
indexer,64,128,8,64,1,36.7608
indexer,64,128,8,128,1,35.2565
indexer,64,128,8,256,1,35.8885
indexer,64,128,8,512,1,40.968
indexer,64,128,8,1024,1,49.4725
indexer,64,128,8,2048,1,77.8165
indexer,64,128,8,4096,1,125.36
indexer,64,128,8,8192,1,208.191
indexer,64,128,8,16384,1,354.208
indexer,64,128,16,16,1,36.9457
indexer,64,128,16,32,1,37.0635
indexer,64,128,16,64,1,32.8792
indexer,64,128,16,128,1,34.5438
indexer,64,128,16,256,1,37.0558
indexer,64,128,16,512,1,44.4167
indexer,64,128,16,1024,1,54.0485
indexer,64,128,16,2048,1,88.2803
indexer,64,128,16,4096,1,146.704
indexer,64,128,16,8192,1,252.92
indexer,64,128,16,16384,1,448.416
indexer,64,128,32,16,1,39.4737
indexer,64,128,32,32,1,34.7588
indexer,64,128,32,64,1,35.9442
indexer,64,128,32,128,1,37.7522
indexer,64,128,32,256,1,40.7355
indexer,64,128,32,512,1,50.7683
indexer,64,128,32,1024,1,64.4093
indexer,64,128,32,2048,1,112.737
indexer,64,128,32,4096,1,191.799
indexer,64,128,32,8192,1,351.88
indexer,64,128,32,16384,1,658.617
indexer,64,128,64,16,1,38.415
indexer,64,128,64,32,1,38.9925
indexer,64,128,64,64,1,39.6558
indexer,64,128,64,128,1,45.0545
indexer,64,128,64,256,1,52.1123
indexer,64,128,64,512,1,64.5525
indexer,64,128,64,1024,1,92.4153
indexer,64,128,64,2048,1,516.497
indexer,64,128,64,4096,1,298.089
indexer,64,128,64,8192,1,566.698
indexer,64,128,64,16384,1,1282.23
indexer,64,128,128,16,1,52.3605
indexer,64,128,128,32,1,53.586
indexer,64,128,128,64,1,54.248
indexer,64,128,128,128,1,61.295
indexer,64,128,128,256,1,74.9605
indexer,64,128,128,512,1,104.487
indexer,64,128,128,1024,1,158.32
indexer,64,128,128,2048,1,640.008
indexer,64,128,128,4096,1,548.047
indexer,64,128,128,8192,1,1000.42
indexer,64,128,128,16384,1,2017.53
indexer,64,256,0,0,1,40.2165
indexer,64,256,1,16,1,41.585
indexer,64,256,1,32,1,40.8642
indexer,64,256,1,64,1,40.9273
indexer,64,256,1,128,1,41.4075
indexer,64,256,1,256,1,42.1685
indexer,64,256,1,512,1,45
indexer,64,256,1,1024,1,45.7767
indexer,64,256,1,2048,1,67.072
indexer,64,256,1,4096,1,93.959
indexer,64,256,1,8192,1,143.04
indexer,64,256,1,16384,1,223.144
indexer,64,256,2,16,1,41.5195
indexer,64,256,2,32,1,41.6485
indexer,64,256,2,64,1,41.6973
indexer,64,256,2,128,1,41.7197
indexer,64,256,2,256,1,45.1767
indexer,64,256,2,512,1,45.8795
indexer,64,256,2,1024,1,49.1838
indexer,64,256,2,2048,1,75.9848
indexer,64,256,2,4096,1,120.536
indexer,64,256,2,8192,1,185.537
indexer,64,256,2,16384,1,319.385
indexer,64,256,4,16,1,41.1518
indexer,64,256,4,32,1,41.3835
indexer,64,256,4,64,1,41.5915
indexer,64,256,4,128,1,42.0475
indexer,64,256,4,256,1,38.3107
indexer,64,256,4,512,1,41.9118
indexer,64,256,4,1024,1,48.8727
indexer,64,256,4,2048,1,75.5115
indexer,64,256,4,4096,1,122.144
indexer,64,256,4,8192,1,191.223
indexer,64,256,4,16384,1,335.632
indexer,64,256,8,16,1,41.4477
indexer,64,256,8,32,1,42.1192
indexer,64,256,8,64,1,41.4245
indexer,64,256,8,128,1,36.1847
indexer,64,256,8,256,1,35.888
indexer,64,256,8,512,1,40.833
indexer,64,256,8,1024,1,49.3672
indexer,64,256,8,2048,1,78.5602
indexer,64,256,8,4096,1,126.792
indexer,64,256,8,8192,1,203.816
indexer,64,256,8,16384,1,348.505
indexer,64,256,16,16,1,42.128
indexer,64,256,16,32,1,42.3605
indexer,64,256,16,64,1,36.9935
indexer,64,256,16,128,1,34.9357
indexer,64,256,16,256,1,37.4077
indexer,64,256,16,512,1,44.8725
indexer,64,256,16,1024,1,54.4567
indexer,64,256,16,2048,1,88.0568
indexer,64,256,16,4096,1,148.071
indexer,64,256,16,8192,1,248.737
indexer,64,256,16,16384,1,448.93
indexer,64,256,32,16,1,44.3288
indexer,64,256,32,32,1,39.9592
indexer,64,256,32,64,1,36.9763
indexer,64,256,32,128,1,37.6795
indexer,64,256,32,256,1,41.233
indexer,64,256,32,512,1,51.0383
indexer,64,256,32,1024,1,62.791
indexer,64,256,32,2048,1,112.583
indexer,64,256,32,4096,1,190.472
indexer,64,256,32,8192,1,347.617
indexer,64,256,32,16384,1,653.369
indexer,64,256,64,16,1,43.767
indexer,64,256,64,32,1,43.8398
indexer,64,256,64,64,1,44.416
indexer,64,256,64,128,1,46.2645
indexer,64,256,64,256,1,52.2255
indexer,64,256,64,512,1,65.0558
indexer,64,256,64,1024,1,92.8785
indexer,64,256,64,2048,1,512.667
indexer,64,256,64,4096,1,295.856
indexer,64,256,64,8192,1,564.248
indexer,64,256,64,16384,1,1264.5
indexer,64,256,128,16,1,56.9037
indexer,64,256,128,32,1,57.369
indexer,64,256,128,64,1,59.4315
indexer,64,256,128,128,1,62.256
indexer,64,256,128,256,1,74.409
indexer,64,256,128,512,1,103.656
indexer,64,256,128,1024,1,156.496
indexer,64,256,128,2048,1,635.227
indexer,64,256,128,4096,1,545.849
indexer,64,256,128,8192,1,980.935
indexer,64,256,128,16384,1,2009.7
indexer,64,512,0,0,1,48.1195
indexer,64,512,1,16,1,48.3125
indexer,64,512,1,32,1,48.305
indexer,64,512,1,64,1,48.1845
indexer,64,512,1,128,1,48.1758
indexer,64,512,1,256,1,48.0702
indexer,64,512,1,512,1,41.282
indexer,64,512,1,1024,1,41.728
indexer,64,512,1,2048,1,63.9362
indexer,64,512,1,4096,1,94.5192
indexer,64,512,1,8192,1,141.544
indexer,64,512,1,16384,1,220.073
indexer,64,512,2,16,1,48.113
indexer,64,512,2,32,1,48.062
indexer,64,512,2,64,1,48.1362
indexer,64,512,2,128,1,47.9115
indexer,64,512,2,256,1,41.264
indexer,64,512,2,512,1,41.1355
indexer,64,512,2,1024,1,47.024
indexer,64,512,2,2048,1,74.4488
indexer,64,512,2,4096,1,119.673
indexer,64,512,2,8192,1,184.903
indexer,64,512,2,16384,1,315.329
indexer,64,512,4,16,1,48.1195
indexer,64,512,4,32,1,48.4868
indexer,64,512,4,64,1,48.56
indexer,64,512,4,128,1,41.5048
indexer,64,512,4,256,1,37.5527
indexer,64,512,4,512,1,40.8395
indexer,64,512,4,1024,1,48.7845
indexer,64,512,4,2048,1,75.56
indexer,64,512,4,4096,1,126.176
indexer,64,512,4,8192,1,194.087
indexer,64,512,4,16384,1,328.416
indexer,64,512,8,16,1,48.2388
indexer,64,512,8,32,1,48.3683
indexer,64,512,8,64,1,41.5528
indexer,64,512,8,128,1,36.5537
indexer,64,512,8,256,1,40.2632
indexer,64,512,8,512,1,41.536
indexer,64,512,8,1024,1,50.3585
indexer,64,512,8,2048,1,78.5522
indexer,64,512,8,4096,1,128.112
indexer,64,512,8,8192,1,206.777
indexer,64,512,8,16384,1,357.711
indexer,64,512,16,16,1,50.0883
indexer,64,512,16,32,1,43.1055
indexer,64,512,16,64,1,38.1122
indexer,64,512,16,128,1,37.59
indexer,64,512,16,256,1,38.943
indexer,64,512,16,512,1,46.5433
indexer,64,512,16,1024,1,55.0247
indexer,64,512,16,2048,1,89.4803
indexer,64,512,16,4096,1,151.4
indexer,64,512,16,8192,1,250.832
indexer,64,512,16,16384,1,454.961
indexer,64,512,32,16,1,45.2325
indexer,64,512,32,32,1,40.0478
indexer,64,512,32,64,1,40.7923
indexer,64,512,32,128,1,40.7378
indexer,64,512,32,256,1,42.0478
indexer,64,512,32,512,1,52.0883
indexer,64,512,32,1024,1,63.1593
indexer,64,512,32,2048,1,111.792
indexer,64,512,32,4096,1,191.945
indexer,64,512,32,8192,1,355.953
indexer,64,512,32,16384,1,657.368
indexer,64,512,64,16,1,49.576
indexer,64,512,64,32,1,49.0973
indexer,64,512,64,64,1,49.7032
indexer,64,512,64,128,1,50.936
indexer,64,512,64,256,1,53.969
indexer,64,512,64,512,1,64.4885
indexer,64,512,64,1024,1,92.648
indexer,64,512,64,2048,1,523.96
indexer,64,512,64,4096,1,295.754
indexer,64,512,64,8192,1,568.992
indexer,64,512,64,16384,1,1270.74
indexer,64,512,128,16,1,63.7278
indexer,64,512,128,32,1,64.832
indexer,64,512,128,64,1,66.5845
indexer,64,512,128,128,1,69
indexer,64,512,128,256,1,75.144
indexer,64,512,128,512,1,103.096
indexer,64,512,128,1024,1,158.032
indexer,64,512,128,2048,1,637.209
indexer,64,512,128,4096,1,548.424
indexer,64,512,128,8192,1,982.601
indexer,64,512,128,16384,1,2006.37
indexer,64,1024,0,0,1,48.3355
indexer,64,1024,1,16,1,48.7667
indexer,64,1024,1,32,1,49.4805
indexer,64,1024,1,64,1,49.071
indexer,64,1024,1,128,1,49.3757
indexer,64,1024,1,256,1,49.5602
indexer,64,1024,1,512,1,44.544
indexer,64,1024,1,1024,1,45.5287
indexer,64,1024,1,2048,1,63.7525
indexer,64,1024,1,4096,1,97.3833
indexer,64,1024,1,8192,1,146.856
indexer,64,1024,1,16384,1,228.113
indexer,64,1024,2,16,1,49.6955
indexer,64,1024,2,32,1,49.2502
indexer,64,1024,2,64,1,49.8167
indexer,64,1024,2,128,1,49.6395
indexer,64,1024,2,256,1,43.768
indexer,64,1024,2,512,1,44.5285
indexer,64,1024,2,1024,1,49.3365
indexer,64,1024,2,2048,1,73.4965
indexer,64,1024,2,4096,1,124.024
indexer,64,1024,2,8192,1,190.569
indexer,64,1024,2,16384,1,326.185
indexer,64,1024,4,16,1,49.6475
indexer,64,1024,4,32,1,49.6148
indexer,64,1024,4,64,1,48.6093
indexer,64,1024,4,128,1,44.2405
indexer,64,1024,4,256,1,43.359
indexer,64,1024,4,512,1,42.3438
indexer,64,1024,4,1024,1,50.1837
indexer,64,1024,4,2048,1,73.1217
indexer,64,1024,4,4096,1,125.248
indexer,64,1024,4,8192,1,198.88
indexer,64,1024,4,16384,1,338.064
indexer,64,1024,8,16,1,49.6638
indexer,64,1024,8,32,1,49.88
indexer,64,1024,8,64,1,44.727
indexer,64,1024,8,128,1,45.2148
indexer,64,1024,8,256,1,42.7278
indexer,64,1024,8,512,1,44.0155
indexer,64,1024,8,1024,1,52.616
indexer,64,1024,8,2048,1,77.3835
indexer,64,1024,8,4096,1,133.047
indexer,64,1024,8,8192,1,210.321
indexer,64,1024,8,16384,1,359.472
indexer,64,1024,16,16,1,50.5857
indexer,64,1024,16,32,1,44.7358
indexer,64,1024,16,64,1,45.7987
indexer,64,1024,16,128,1,45.76
indexer,64,1024,16,256,1,46.0565
indexer,64,1024,16,512,1,47.4557
indexer,64,1024,16,1024,1,57.5765
indexer,64,1024,16,2048,1,87.3928
indexer,64,1024,16,4096,1,152.537
indexer,64,1024,16,8192,1,255.353
indexer,64,1024,16,16384,1,456.521
indexer,64,1024,32,16,1,46.8628
indexer,64,1024,32,32,1,47.6803
indexer,64,1024,32,64,1,47.3773
indexer,64,1024,32,128,1,49.0155
indexer,64,1024,32,256,1,49.6402
indexer,64,1024,32,512,1,54.4415
indexer,64,1024,32,1024,1,66.296
indexer,64,1024,32,2048,1,112.145
indexer,64,1024,32,4096,1,194.856
indexer,64,1024,32,8192,1,359.192
indexer,64,1024,32,16384,1,670.383
indexer,64,1024,64,16,1,56.1375
indexer,64,1024,64,32,1,56.3525
indexer,64,1024,64,64,1,56.8012
indexer,64,1024,64,128,1,58.288
indexer,64,1024,64,256,1,61.4718
indexer,64,1024,64,512,1,66.4162
indexer,64,1024,64,1024,1,94.8633
indexer,64,1024,64,2048,1,529.152
indexer,64,1024,64,4096,1,297.464
indexer,64,1024,64,8192,1,568.753
indexer,64,1024,64,16384,1,1288.57
indexer,64,1024,128,16,1,78.9593
indexer,64,1024,128,32,1,80.6718
indexer,64,1024,128,64,1,80.673
indexer,64,1024,128,128,1,84.3675
indexer,64,1024,128,256,1,90.4238
indexer,64,1024,128,512,1,104.184
indexer,64,1024,128,1024,1,157.6
indexer,64,1024,128,2048,1,635.152
indexer,64,1024,128,4096,1,546.209
indexer,64,1024,128,8192,1,981.689
indexer,64,1024,128,16384,1,2026.71
indexer,64,2048,0,0,1,73.6715
indexer,64,2048,1,16,1,74.52
indexer,64,2048,1,32,1,74.815
indexer,64,2048,1,64,1,74.7442
indexer,64,2048,1,128,1,74.681
indexer,64,2048,1,256,1,74.663
indexer,64,2048,1,512,1,73.4375
indexer,64,2048,1,1024,1,73.919
indexer,64,2048,1,2048,1,74.3127
indexer,64,2048,1,4096,1,95.2315
indexer,64,2048,1,8192,1,144.664
indexer,64,2048,1,16384,1,226.8
indexer,64,2048,2,16,1,74.6238
indexer,64,2048,2,32,1,74.5027
indexer,64,2048,2,64,1,74.368
indexer,64,2048,2,128,1,74.7045
indexer,64,2048,2,256,1,73.8163
indexer,64,2048,2,512,1,74.0555
indexer,64,2048,2,1024,1,73.9753
indexer,64,2048,2,2048,1,84.48
indexer,64,2048,2,4096,1,122.431
indexer,64,2048,2,8192,1,194.888
indexer,64,2048,2,16384,1,318.912
indexer,64,2048,4,16,1,72.5523
indexer,64,2048,4,32,1,72.3533
indexer,64,2048,4,64,1,72.25
indexer,64,2048,4,128,1,71.1518
indexer,64,2048,4,256,1,71.0162
indexer,64,2048,4,512,1,71.192
indexer,64,2048,4,1024,1,71.823
indexer,64,2048,4,2048,1,83.0397
indexer,64,2048,4,4096,1,121.999
indexer,64,2048,4,8192,1,193.44
indexer,64,2048,4,16384,1,332.248
indexer,64,2048,8,16,1,72.6005
indexer,64,2048,8,32,1,72.4253
indexer,64,2048,8,64,1,71.3522
indexer,64,2048,8,128,1,71.7593
indexer,64,2048,8,256,1,71.6323
indexer,64,2048,8,512,1,72.2413
indexer,64,2048,8,1024,1,73.6
indexer,64,2048,8,2048,1,86.368
indexer,64,2048,8,4096,1,127.592
indexer,64,2048,8,8192,1,207.128
indexer,64,2048,8,16384,1,351.928
indexer,64,2048,16,16,1,72.9043
indexer,64,2048,16,32,1,73.2565
indexer,64,2048,16,64,1,73.6232
indexer,64,2048,16,128,1,73.8395
indexer,64,2048,16,256,1,75.112
indexer,64,2048,16,512,1,75.0008
indexer,64,2048,16,1024,1,78.671
indexer,64,2048,16,2048,1,95.9213
indexer,64,2048,16,4096,1,148.296
indexer,64,2048,16,8192,1,250.168
indexer,64,2048,16,16384,1,452.04
indexer,64,2048,32,16,1,76.4638
indexer,64,2048,32,32,1,76.28
indexer,64,2048,32,64,1,76.759
indexer,64,2048,32,128,1,77.1835
indexer,64,2048,32,256,1,78.3678
indexer,64,2048,32,512,1,81.1042
indexer,64,2048,32,1024,1,86.7278
indexer,64,2048,32,2048,1,120.143
indexer,64,2048,32,4096,1,191.103
indexer,64,2048,32,8192,1,350.073
indexer,64,2048,32,16384,1,654.864
indexer,64,2048,64,16,1,90.3983
indexer,64,2048,64,32,1,90.648
indexer,64,2048,64,64,1,91.4068
indexer,64,2048,64,128,1,95.0723
indexer,64,2048,64,256,1,95.7438
indexer,64,2048,64,512,1,100.784
indexer,64,2048,64,1024,1,117.647
indexer,64,2048,64,2048,1,518.938
indexer,64,2048,64,4096,1,294.745
indexer,64,2048,64,8192,1,573.641
indexer,64,2048,64,16384,1,1266.99
indexer,64,2048,128,16,1,126.409
indexer,64,2048,128,32,1,126.585
indexer,64,2048,128,64,1,128.432
indexer,64,2048,128,128,1,131.968
indexer,64,2048,128,256,1,137.009
indexer,64,2048,128,512,1,153.048
indexer,64,2048,128,1024,1,180.064
indexer,64,2048,128,2048,1,636.273
indexer,64,2048,128,4096,1,553.168
indexer,64,2048,128,8192,1,982.767
indexer,64,2048,128,16384,1,2010.34
indexer,64,4096,0,0,1,81.8328
indexer,64,4096,1,16,1,81.0553
indexer,64,4096,1,32,1,82.2165
indexer,64,4096,1,64,1,81.567
indexer,64,4096,1,128,1,81.8415
indexer,64,4096,1,256,1,81.6558
indexer,64,4096,1,512,1,81.5918
indexer,64,4096,1,1024,1,81.424
indexer,64,4096,1,2048,1,81.7675
indexer,64,4096,1,4096,1,93.8715
indexer,64,4096,1,8192,1,142.281
indexer,64,4096,1,16384,1,221.864
indexer,64,4096,2,16,1,81.8233
indexer,64,4096,2,32,1,81.7362
indexer,64,4096,2,64,1,81.5115
indexer,64,4096,2,128,1,81.1517
indexer,64,4096,2,256,1,82.0385
indexer,64,4096,2,512,1,82.0322
indexer,64,4096,2,1024,1,82.1602
indexer,64,4096,2,2048,1,82.312
indexer,64,4096,2,4096,1,120.706
indexer,64,4096,2,8192,1,189.857
indexer,64,4096,2,16384,1,323.257
indexer,64,4096,4,16,1,82.112
indexer,64,4096,4,32,1,81.897
indexer,64,4096,4,64,1,81.288
indexer,64,4096,4,128,1,81.7195
indexer,64,4096,4,256,1,81.5605
indexer,64,4096,4,512,1,82.4488
indexer,64,4096,4,1024,1,83.3285
indexer,64,4096,4,2048,1,84.5683
indexer,64,4096,4,4096,1,124.632
indexer,64,4096,4,8192,1,199.112
indexer,64,4096,4,16384,1,333.952
indexer,64,4096,8,16,1,82.5115
indexer,64,4096,8,32,1,83.233
indexer,64,4096,8,64,1,83.3203
indexer,64,4096,8,128,1,84.9927
indexer,64,4096,8,256,1,85.5295
indexer,64,4096,8,512,1,86.361
indexer,64,4096,8,1024,1,87.1277
indexer,64,4096,8,2048,1,90.6552
indexer,64,4096,8,4096,1,135.024
indexer,64,4096,8,8192,1,217.96
indexer,64,4096,8,16384,1,365.264
indexer,64,4096,16,16,1,92.3518
indexer,64,4096,16,32,1,89.472
indexer,64,4096,16,64,1,88.0645
indexer,64,4096,16,128,1,90.681
indexer,64,4096,16,256,1,90.1613
indexer,64,4096,16,512,1,92.264
indexer,64,4096,16,1024,1,96.5525
indexer,64,4096,16,2048,1,103.352
indexer,64,4096,16,4096,1,154.264
indexer,64,4096,16,8192,1,260.567
indexer,64,4096,16,16384,1,468.728
indexer,64,4096,32,16,1,99.4635
indexer,64,4096,32,32,1,100.464
indexer,64,4096,32,64,1,99.7845
indexer,64,4096,32,128,1,99.3685
indexer,64,4096,32,256,1,99.5118
indexer,64,4096,32,512,1,105.993
indexer,64,4096,32,1024,1,109.441
indexer,64,4096,32,2048,1,121.713
indexer,64,4096,32,4096,1,192.424
indexer,64,4096,32,8192,1,358.983
indexer,64,4096,32,16384,1,670.361
indexer,64,4096,64,16,1,123.514
indexer,64,4096,64,32,1,119.216
indexer,64,4096,64,64,1,121.897
indexer,64,4096,64,128,1,122.951
indexer,64,4096,64,256,1,126.527
indexer,64,4096,64,512,1,134.754
indexer,64,4096,64,1024,1,145.039
indexer,64,4096,64,2048,1,524.272
indexer,64,4096,64,4096,1,302.857
indexer,64,4096,64,8192,1,566.809
indexer,64,4096,64,16384,1,1271.17
indexer,64,4096,128,16,1,182.472
indexer,64,4096,128,32,1,182.672
indexer,64,4096,128,64,1,187.177
indexer,64,4096,128,128,1,189.056
indexer,64,4096,128,256,1,195.609
indexer,64,4096,128,512,1,211.376
indexer,64,4096,128,1024,1,240.081
indexer,64,4096,128,2048,1,638.248
indexer,64,4096,128,4096,1,554.586
indexer,64,4096,128,8192,1,992.256
indexer,64,4096,128,16384,1,2012.5
indexer,64,8192,0,0,1,125.897
indexer,64,8192,1,16,1,124.825
indexer,64,8192,1,32,1,129.072
indexer,64,8192,1,64,1,127.143
indexer,64,8192,1,128,1,128.624
indexer,64,8192,1,256,1,129.561
indexer,64,8192,1,512,1,129.384
indexer,64,8192,1,1024,1,130.248
indexer,64,8192,1,2048,1,128.304
indexer,64,8192,1,4096,1,130.392
indexer,64,8192,1,8192,1,150.041
indexer,64,8192,1,16384,1,230.81
indexer,64,8192,2,16,1,129.273
indexer,64,8192,2,32,1,129.487
indexer,64,8192,2,64,1,129.728
indexer,64,8192,2,128,1,129.544
indexer,64,8192,2,256,1,129.609
indexer,64,8192,2,512,1,129.856
indexer,64,8192,2,1024,1,130.713
indexer,64,8192,2,2048,1,126.105
indexer,64,8192,2,4096,1,128.241
indexer,64,8192,2,8192,1,192.585
indexer,64,8192,2,16384,1,325.714
indexer,64,8192,4,16,1,125.239
indexer,64,8192,4,32,1,125.4
indexer,64,8192,4,64,1,125.744
indexer,64,8192,4,128,1,125.745
indexer,64,8192,4,256,1,126.327
indexer,64,8192,4,512,1,126.6
indexer,64,8192,4,1024,1,127.52
indexer,64,8192,4,2048,1,127.809
indexer,64,8192,4,4096,1,131.089
indexer,64,8192,4,8192,1,202.504
indexer,64,8192,4,16384,1,337.584
indexer,64,8192,8,16,1,126.112
indexer,64,8192,8,32,1,125.977
indexer,64,8192,8,64,1,126.744
indexer,64,8192,8,128,1,126.895
indexer,64,8192,8,256,1,127.024
indexer,64,8192,8,512,1,127.903
indexer,64,8192,8,1024,1,129.048
indexer,64,8192,8,2048,1,132.136
indexer,64,8192,8,4096,1,139.712
indexer,64,8192,8,8192,1,213.529
indexer,64,8192,8,16384,1,357.824
indexer,64,8192,16,16,1,133.314
indexer,64,8192,16,32,1,134.52
indexer,64,8192,16,64,1,133.937
indexer,64,8192,16,128,1,135.072
indexer,64,8192,16,256,1,134.687
indexer,64,8192,16,512,1,136.192
indexer,64,8192,16,1024,1,139.457
indexer,64,8192,16,2048,1,146.457
indexer,64,8192,16,4096,1,155.327
indexer,64,8192,16,8192,1,256.848
indexer,64,8192,16,16384,1,458.816
indexer,64,8192,32,16,1,149.968
indexer,64,8192,32,32,1,150.464
indexer,64,8192,32,64,1,151.511
indexer,64,8192,32,128,1,151.024
indexer,64,8192,32,256,1,153.04
indexer,64,8192,32,512,1,155.296
indexer,64,8192,32,1024,1,163.833
indexer,64,8192,32,2048,1,173.432
indexer,64,8192,32,4096,1,199.4
indexer,64,8192,32,8192,1,357.609
indexer,64,8192,32,16384,1,660.784
indexer,64,8192,64,16,1,192.409
indexer,64,8192,64,32,1,191.784
indexer,64,8192,64,64,1,193.648
indexer,64,8192,64,128,1,194.264
indexer,64,8192,64,256,1,197.495
indexer,64,8192,64,512,1,205.249
indexer,64,8192,64,1024,1,222.328
indexer,64,8192,64,2048,1,576.881
indexer,64,8192,64,4096,1,307.976
indexer,64,8192,64,8192,1,568.568
indexer,64,8192,64,16384,1,1273.14
indexer,64,8192,128,16,1,314.321
indexer,64,8192,128,32,1,315.545
indexer,64,8192,128,64,1,319.289
indexer,64,8192,128,128,1,323.023
indexer,64,8192,128,256,1,328.76
indexer,64,8192,128,512,1,341.305
indexer,64,8192,128,1024,1,367.424
indexer,64,8192,128,2048,1,763.2
indexer,64,8192,128,4096,1,565.68
indexer,64,8192,128,8192,1,990.729
indexer,64,8192,128,16384,1,2014.06
indexer,64,16384,0,0,1,232.832
indexer,64,16384,1,16,1,233.736
indexer,64,16384,1,32,1,234.016
indexer,64,16384,1,64,1,235.208
indexer,64,16384,1,128,1,239.255
indexer,64,16384,1,256,1,241.985
indexer,64,16384,1,512,1,241.824
indexer,64,16384,1,1024,1,243.624
indexer,64,16384,1,2048,1,232.585
indexer,64,16384,1,4096,1,234.544
indexer,64,16384,1,8192,1,237.465
indexer,64,16384,1,16384,1,238.697
indexer,64,16384,2,16,1,232.312
indexer,64,16384,2,32,1,232.776
indexer,64,16384,2,64,1,233.336
indexer,64,16384,2,128,1,233.64
indexer,64,16384,2,256,1,232.167
indexer,64,16384,2,512,1,233
indexer,64,16384,2,1024,1,234.633
indexer,64,16384,2,2048,1,232.855
indexer,64,16384,2,4096,1,235.176
indexer,64,16384,2,8192,1,237.288
indexer,64,16384,2,16384,1,332.93
indexer,64,16384,4,16,1,233.473
indexer,64,16384,4,32,1,233.64
indexer,64,16384,4,64,1,233.896
indexer,64,16384,4,128,1,235.081
indexer,64,16384,4,256,1,233.983
indexer,64,16384,4,512,1,235.545
indexer,64,16384,4,1024,1,234.655
indexer,64,16384,4,2048,1,235.736
indexer,64,16384,4,4096,1,238.112
indexer,64,16384,4,8192,1,247.064
indexer,64,16384,4,16384,1,344.689
indexer,64,16384,8,16,1,234.144
indexer,64,16384,8,32,1,233.408
indexer,64,16384,8,64,1,234.223
indexer,64,16384,8,128,1,234.064
indexer,64,16384,8,256,1,235.455
indexer,64,16384,8,512,1,235.8
indexer,64,16384,8,1024,1,236.928
indexer,64,16384,8,2048,1,238.344
indexer,64,16384,8,4096,1,244.999
indexer,64,16384,8,8192,1,258.176
indexer,64,16384,8,16384,1,366.664
indexer,64,16384,16,16,1,255.993
indexer,64,16384,16,32,1,256.624
indexer,64,16384,16,64,1,256.985
indexer,64,16384,16,128,1,257.72
indexer,64,16384,16,256,1,258.017
indexer,64,16384,16,512,1,257.616
indexer,64,16384,16,1024,1,260.344
indexer,64,16384,16,2048,1,267.457
indexer,64,16384,16,4096,1,281.304
indexer,64,16384,16,8192,1,301.176
indexer,64,16384,16,16384,1,468.73
indexer,64,16384,32,16,1,291.976
indexer,64,16384,32,32,1,292.705
indexer,64,16384,32,64,1,292.888
indexer,64,16384,32,128,1,293.472
indexer,64,16384,32,256,1,300.712
indexer,64,16384,32,512,1,303.369
indexer,64,16384,32,1024,1,305.192
indexer,64,16384,32,2048,1,329.128
indexer,64,16384,32,4096,1,355.016
indexer,64,16384,32,8192,1,407.793
indexer,64,16384,32,16384,1,686.929
indexer,64,16384,64,16,1,374.103
indexer,64,16384,64,32,1,369.768
indexer,64,16384,64,64,1,374.648
indexer,64,16384,64,128,1,381.183
indexer,64,16384,64,256,1,379.695
indexer,64,16384,64,512,1,385.632
indexer,64,16384,64,1024,1,401.912
indexer,64,16384,64,2048,1,691.577
indexer,64,16384,64,4096,1,488.951
indexer,64,16384,64,8192,1,616.961
indexer,64,16384,64,16384,1,1301.15
indexer,64,16384,128,16,1,597.921
indexer,64,16384,128,32,1,612.425
indexer,64,16384,128,64,1,600.776
indexer,64,16384,128,128,1,602.625
indexer,64,16384,128,256,1,614.297
indexer,64,16384,128,512,1,624.033
indexer,64,16384,128,1024,1,647.768
indexer,64,16384,128,2048,1,1005.77
indexer,64,16384,128,4096,1,840.026
indexer,64,16384,128,8192,1,1037.45
indexer,64,16384,128,16384,1,2028.76
indexer,128,0,0,0,1,29.8893
indexer,128,0,1,16,1,46.711
indexer,128,0,1,32,1,45.6245
indexer,128,0,1,64,1,48.168
indexer,128,0,1,128,1,47.9035
indexer,128,0,1,256,1,48.5535
indexer,128,0,1,512,1,48.4085
indexer,128,0,1,1024,1,49.3042
indexer,128,0,1,2048,1,64.5268
indexer,128,0,1,4096,1,76.1195
indexer,128,0,1,8192,1,68.416
indexer,128,0,1,16384,1,92.5358
indexer,128,0,2,16,1,46.0162
indexer,128,0,2,32,1,46.985
indexer,128,0,2,64,1,47.417
indexer,128,0,2,128,1,47.0718
indexer,128,0,2,256,1,47.6158
indexer,128,0,2,512,1,47.678
indexer,128,0,2,1024,1,48.4168
indexer,128,0,2,2048,1,64.1983
indexer,128,0,2,4096,1,77.8577
indexer,128,0,2,8192,1,81.7518
indexer,128,0,2,16384,1,96.6798
indexer,128,0,4,16,1,47.8083
indexer,128,0,4,32,1,47.193
indexer,128,0,4,64,1,48.4715
indexer,128,0,4,128,1,47.937
indexer,128,0,4,256,1,48.2245
indexer,128,0,4,512,1,48.2965
indexer,128,0,4,1024,1,48.608
indexer,128,0,4,2048,1,69.8727
indexer,128,0,4,4096,1,81.4887
indexer,128,0,4,8192,1,88.361
indexer,128,0,4,16384,1,105.553
indexer,128,0,8,16,1,46.6718
indexer,128,0,8,32,1,46.5748
indexer,128,0,8,64,1,47.824
indexer,128,0,8,128,1,48.16
indexer,128,0,8,256,1,47.7833
indexer,128,0,8,512,1,48.5195
indexer,128,0,8,1024,1,49.6318
indexer,128,0,8,2048,1,72.161
indexer,128,0,8,4096,1,85.9458
indexer,128,0,8,8192,1,96.0817
indexer,128,0,8,16384,1,125.864
indexer,128,0,16,16,1,47.3443
indexer,128,0,16,32,1,47.304
indexer,128,0,16,64,1,49.047
indexer,128,0,16,128,1,49.2565
indexer,128,0,16,256,1,49.113
indexer,128,0,16,512,1,50.5767
indexer,128,0,16,1024,1,52.513
indexer,128,0,16,2048,1,78.376
indexer,128,0,16,4096,1,97.792
indexer,128,0,16,8192,1,121.191
indexer,128,0,16,16384,1,167.176
indexer,128,0,32,16,1,49.7355
indexer,128,0,32,32,1,49.1663
indexer,128,0,32,64,1,50.497
indexer,128,0,32,128,1,50.2563
indexer,128,0,32,256,1,52.1363
indexer,128,0,32,512,1,54.6407
indexer,128,0,32,1024,1,59.632
indexer,128,0,32,2048,1,104.528
indexer,128,0,32,4096,1,148.296
indexer,128,0,32,8192,1,197.179
indexer,128,0,32,16384,1,288.664
indexer,128,0,64,16,1,51.7843
indexer,128,0,64,32,1,51.3282
indexer,128,0,64,64,1,53.4395
indexer,128,0,64,128,1,54.272
indexer,128,0,64,256,1,57.4475
indexer,128,0,64,512,1,61.3847
indexer,128,0,64,1024,1,70.9045
indexer,128,0,64,2048,1,147.28
indexer,128,0,64,4096,1,225.834
indexer,128,0,64,8192,1,321.512
indexer,128,0,64,16384,1,528.777
indexer,128,0,128,16,1,57.1672
indexer,128,0,128,32,1,55.9993
indexer,128,0,128,64,1,58.1602
indexer,128,0,128,128,1,61.472
indexer,128,0,128,256,1,66.0412
indexer,128,0,128,512,1,75.704
indexer,128,0,128,1024,1,96.5043
indexer,128,0,128,2048,1,225.442
indexer,128,0,128,4096,1,375.36
indexer,128,0,128,8192,1,585.336
indexer,128,0,128,16384,1,940.851
indexer,128,16,0,0,1,35.1685
indexer,128,16,1,16,1,34.872
indexer,128,16,1,32,1,35.223
indexer,128,16,1,64,1,35.009
indexer,128,16,1,128,1,35.5927
indexer,128,16,1,256,1,37.7753
indexer,128,16,1,512,1,44.6323
indexer,128,16,1,1024,1,46.1273
indexer,128,16,1,2048,1,78.3683
indexer,128,16,1,4096,1,463.856
indexer,128,16,1,8192,1,179.12
indexer,128,16,1,16384,1,352.809
indexer,128,16,2,16,1,34.8152
indexer,128,16,2,32,1,35.129
indexer,128,16,2,64,1,35.3667
indexer,128,16,2,128,1,38.37
indexer,128,16,2,256,1,44.408
indexer,128,16,2,512,1,46.256
indexer,128,16,2,1024,1,59.8415
indexer,128,16,2,2048,1,105.975
indexer,128,16,2,4096,1,524.113
indexer,128,16,2,8192,1,323.144
indexer,128,16,2,16384,1,586.376
indexer,128,16,4,16,1,35.3202
indexer,128,16,4,32,1,35.4332
indexer,128,16,4,64,1,35.6002
indexer,128,16,4,128,1,37.8242
indexer,128,16,4,256,1,39.545
indexer,128,16,4,512,1,46.3192
indexer,128,16,4,1024,1,60.9845
indexer,128,16,4,2048,1,104.959
indexer,128,16,4,4096,1,523.28
indexer,128,16,4,8192,1,319.832
indexer,128,16,4,16384,1,594.608
indexer,128,16,8,16,1,35.4082
indexer,128,16,8,32,1,35.48
indexer,128,16,8,64,1,36.077
indexer,128,16,8,128,1,35.0322
indexer,128,16,8,256,1,39.48
indexer,128,16,8,512,1,46.7193
indexer,128,16,8,1024,1,61.7993
indexer,128,16,8,2048,1,107.839
indexer,128,16,8,4096,1,523.457
indexer,128,16,8,8192,1,340.808
indexer,128,16,8,16384,1,624.896
indexer,128,16,16,16,1,36.9832
indexer,128,16,16,32,1,36.7817
indexer,128,16,16,64,1,34.0237
indexer,128,16,16,128,1,36.7762
indexer,128,16,16,256,1,41.9285
indexer,128,16,16,512,1,49.7518
indexer,128,16,16,1024,1,66.648
indexer,128,16,16,2048,1,114.872
indexer,128,16,16,4096,1,542.728
indexer,128,16,16,8192,1,361.615
indexer,128,16,16,16384,1,670.232
indexer,128,16,32,16,1,39.1825
indexer,128,16,32,32,1,35.4327
indexer,128,16,32,64,1,35.9853
indexer,128,16,32,128,1,40.3757
indexer,128,16,32,256,1,45.6003
indexer,128,16,32,512,1,55.8327
indexer,128,16,32,1024,1,73.6315
indexer,128,16,32,2048,1,130.313
indexer,128,16,32,4096,1,561.12
indexer,128,16,32,8192,1,409.08
indexer,128,16,32,16384,1,808.121
indexer,128,16,64,16,1,44.2625
indexer,128,16,64,32,1,44.3267
indexer,128,16,64,64,1,45.4245
indexer,128,16,64,128,1,51.0955
indexer,128,16,64,256,1,60.4482
indexer,128,16,64,512,1,79.7665
indexer,128,16,64,1024,1,122.664
indexer,128,16,64,2048,1,569.77
indexer,128,16,64,4096,1,736.192
indexer,128,16,64,8192,1,789.058
indexer,128,16,64,16384,1,1311.01
indexer,128,16,128,16,1,53.0965
indexer,128,16,128,32,1,52.3038
indexer,128,16,128,64,1,55.2323
indexer,128,16,128,128,1,62.3045
indexer,128,16,128,256,1,76.144
indexer,128,16,128,512,1,105.473
indexer,128,16,128,1024,1,160.943
indexer,128,16,128,2048,1,646.762
indexer,128,16,128,4096,1,974.563
indexer,128,16,128,8192,1,1238.61
indexer,128,16,128,16384,1,2172.59
indexer,128,32,0,0,1,35.5517
indexer,128,32,1,16,1,35.2718
indexer,128,32,1,32,1,35.8415
indexer,128,32,1,64,1,35.9767
indexer,128,32,1,128,1,36.112
indexer,128,32,1,256,1,37.5523
indexer,128,32,1,512,1,44.4402
indexer,128,32,1,1024,1,45.3357
indexer,128,32,1,2048,1,78.096
indexer,128,32,1,4096,1,456.881
indexer,128,32,1,8192,1,177.319
indexer,128,32,1,16384,1,352.361
indexer,128,32,2,16,1,35.7662
indexer,128,32,2,32,1,36.4713
indexer,128,32,2,64,1,35.8967
indexer,128,32,2,128,1,37.953
indexer,128,32,2,256,1,44.0562
indexer,128,32,2,512,1,45.416
indexer,128,32,2,1024,1,59.8008
indexer,128,32,2,2048,1,105.478
indexer,128,32,2,4096,1,518.058
indexer,128,32,2,8192,1,319.479
indexer,128,32,2,16384,1,580.729
indexer,128,32,4,16,1,35.9925
indexer,128,32,4,32,1,36.3133
indexer,128,32,4,64,1,36.1848
indexer,128,32,4,128,1,38.0322
indexer,128,32,4,256,1,38.841
indexer,128,32,4,512,1,45.7123
indexer,128,32,4,1024,1,60.1687
indexer,128,32,4,2048,1,105.543
indexer,128,32,4,4096,1,518.215
indexer,128,32,4,8192,1,320.984
indexer,128,32,4,16384,1,590.688
indexer,128,32,8,16,1,36.1593
indexer,128,32,8,32,1,36.4972
indexer,128,32,8,64,1,36.3665
indexer,128,32,8,128,1,34.728
indexer,128,32,8,256,1,38.8252
indexer,128,32,8,512,1,45.7915
indexer,128,32,8,1024,1,61.9995
indexer,128,32,8,2048,1,108.77
indexer,128,32,8,4096,1,521.345
indexer,128,32,8,8192,1,335.086
indexer,128,32,8,16384,1,613.825
indexer,128,32,16,16,1,37.176
indexer,128,32,16,32,1,37.5602
indexer,128,32,16,64,1,33.4072
indexer,128,32,16,128,1,36.9767
indexer,128,32,16,256,1,41.8782
indexer,128,32,16,512,1,49.0968
indexer,128,32,16,1024,1,65.8398
indexer,128,32,16,2048,1,114.081
indexer,128,32,16,4096,1,535.008
indexer,128,32,16,8192,1,359.096
indexer,128,32,16,16384,1,667.073
indexer,128,32,32,16,1,39.6488
indexer,128,32,32,32,1,34.8495
indexer,128,32,32,64,1,35.7368
indexer,128,32,32,128,1,40.1833
indexer,128,32,32,256,1,45.0963
indexer,128,32,32,512,1,55.137
indexer,128,32,32,1024,1,74.201
indexer,128,32,32,2048,1,129.656
indexer,128,32,32,4096,1,560.816
indexer,128,32,32,8192,1,408.641
indexer,128,32,32,16384,1,802.128
indexer,128,32,64,16,1,44.5033
indexer,128,32,64,32,1,44.7188
indexer,128,32,64,64,1,45.2157
indexer,128,32,64,128,1,50.168
indexer,128,32,64,256,1,59.6965
indexer,128,32,64,512,1,79.4803
indexer,128,32,64,1024,1,122.504
indexer,128,32,64,2048,1,570.232
indexer,128,32,64,4096,1,734.743
indexer,128,32,64,8192,1,789.473
indexer,128,32,64,16384,1,1306.92
indexer,128,32,128,16,1,53.3758
indexer,128,32,128,32,1,53.0243
indexer,128,32,128,64,1,55.5595
indexer,128,32,128,128,1,62.16
indexer,128,32,128,256,1,76.1435
indexer,128,32,128,512,1,106.184
indexer,128,32,128,1024,1,162.208
indexer,128,32,128,2048,1,645.896
indexer,128,32,128,4096,1,974.457
indexer,128,32,128,8192,1,1237.49
indexer,128,32,128,16384,1,2173.25
indexer,128,64,0,0,1,35.5048
indexer,128,64,1,16,1,35.9597
indexer,128,64,1,32,1,36.512
indexer,128,64,1,64,1,36.6235
indexer,128,64,1,128,1,36.5198
indexer,128,64,1,256,1,37.7445
indexer,128,64,1,512,1,43.84
indexer,128,64,1,1024,1,46.0147
indexer,128,64,1,2048,1,77.448
indexer,128,64,1,4096,1,457.024
indexer,128,64,1,8192,1,176.345
indexer,128,64,1,16384,1,351.672
indexer,128,64,2,16,1,36.4565
indexer,128,64,2,32,1,36.5502
indexer,128,64,2,64,1,36.44
indexer,128,64,2,128,1,38.1532
indexer,128,64,2,256,1,44.352
indexer,128,64,2,512,1,45.2642
indexer,128,64,2,1024,1,59.8395
indexer,128,64,2,2048,1,104.616
indexer,128,64,2,4096,1,512.999
indexer,128,64,2,8192,1,316.12
indexer,128,64,2,16384,1,581.999
indexer,128,64,4,16,1,36.4
indexer,128,64,4,32,1,36.681
indexer,128,64,4,64,1,36.264
indexer,128,64,4,128,1,38.226
indexer,128,64,4,256,1,38.633
indexer,128,64,4,512,1,45.352
indexer,128,64,4,1024,1,60.4318
indexer,128,64,4,2048,1,104.77
indexer,128,64,4,4096,1,515.191
indexer,128,64,4,8192,1,320.087
indexer,128,64,4,16384,1,590.21
indexer,128,64,8,16,1,36.9038
indexer,128,64,8,32,1,36.9988
indexer,128,64,8,64,1,36.6472
indexer,128,64,8,128,1,35.1432
indexer,128,64,8,256,1,38.8725
indexer,128,64,8,512,1,45.7685
indexer,128,64,8,1024,1,61.9665
indexer,128,64,8,2048,1,107.649
indexer,128,64,8,4096,1,520.288
indexer,128,64,8,8192,1,332.729
indexer,128,64,8,16384,1,613.216
indexer,128,64,16,16,1,37.4395
indexer,128,64,16,32,1,37.9665
indexer,128,64,16,64,1,33.551
indexer,128,64,16,128,1,36.6235
indexer,128,64,16,256,1,41.3265
indexer,128,64,16,512,1,49.6718
indexer,128,64,16,1024,1,65.944
indexer,128,64,16,2048,1,114.488
indexer,128,64,16,4096,1,534.816
indexer,128,64,16,8192,1,359.072
indexer,128,64,16,16384,1,668.385
indexer,128,64,32,16,1,39.8245
indexer,128,64,32,32,1,35.6157
indexer,128,64,32,64,1,36.145
indexer,128,64,32,128,1,40.0325
indexer,128,64,32,256,1,45.0953
indexer,128,64,32,512,1,54.616
indexer,128,64,32,1024,1,73.5042
indexer,128,64,32,2048,1,129.704
indexer,128,64,32,4096,1,562.009
indexer,128,64,32,8192,1,409.112
indexer,128,64,32,16384,1,800.737
indexer,128,64,64,16,1,44.9032
indexer,128,64,64,32,1,45.2075
indexer,128,64,64,64,1,45.616
indexer,128,64,64,128,1,50.9123
indexer,128,64,64,256,1,59.824
indexer,128,64,64,512,1,80.0075
indexer,128,64,64,1024,1,122.799
indexer,128,64,64,2048,1,574.92
indexer,128,64,64,4096,1,735.576
indexer,128,64,64,8192,1,789.145
indexer,128,64,64,16384,1,1306.52
indexer,128,64,128,16,1,53.6565
indexer,128,64,128,32,1,53.2485
indexer,128,64,128,64,1,55.576
indexer,128,64,128,128,1,62.881
indexer,128,64,128,256,1,76.6083
indexer,128,64,128,512,1,105.599
indexer,128,64,128,1024,1,160.633
indexer,128,64,128,2048,1,647.392
indexer,128,64,128,4096,1,973.401
indexer,128,64,128,8192,1,1238.39
indexer,128,64,128,16384,1,2172.62
indexer,128,128,0,0,1,36.311
indexer,128,128,1,16,1,36.5197
indexer,128,128,1,32,1,36.968
indexer,128,128,1,64,1,37.144
indexer,128,128,1,128,1,36.4082
indexer,128,128,1,256,1,37.3197
indexer,128,128,1,512,1,45.6243
indexer,128,128,1,1024,1,45.5685
indexer,128,128,1,2048,1,77.4873
indexer,128,128,1,4096,1,124.072
indexer,128,128,1,8192,1,171.952
indexer,128,128,1,16384,1,352.976
indexer,128,128,2,16,1,36.295
indexer,128,128,2,32,1,36.7203
indexer,128,128,2,64,1,36.7837
indexer,128,128,2,128,1,37.304
indexer,128,128,2,256,1,45.0168
indexer,128,128,2,512,1,45.536
indexer,128,128,2,1024,1,59.8243
indexer,128,128,2,2048,1,104.257
indexer,128,128,2,4096,1,182.495
indexer,128,128,2,8192,1,318.729
indexer,128,128,2,16384,1,587.192
indexer,128,128,4,16,1,36.6642
indexer,128,128,4,32,1,36.7525
indexer,128,128,4,64,1,36.816
indexer,128,128,4,128,1,38.9438
indexer,128,128,4,256,1,38.4477
indexer,128,128,4,512,1,46.0558
indexer,128,128,4,1024,1,60.5125
indexer,128,128,4,2048,1,106.593
indexer,128,128,4,4096,1,183.145
indexer,128,128,4,8192,1,321.968
indexer,128,128,4,16384,1,602.28
indexer,128,128,8,16,1,36.247
indexer,128,128,8,32,1,37.1505
indexer,128,128,8,64,1,37.3268
indexer,128,128,8,128,1,35.161
indexer,128,128,8,256,1,38.64
indexer,128,128,8,512,1,46.3525
indexer,128,128,8,1024,1,61.9893
indexer,128,128,8,2048,1,107.871
indexer,128,128,8,4096,1,187.658
indexer,128,128,8,8192,1,336.016
indexer,128,128,8,16384,1,615.129
indexer,128,128,16,16,1,37.4792
indexer,128,128,16,32,1,38.0165
indexer,128,128,16,64,1,34.1352
indexer,128,128,16,128,1,37.0953
indexer,128,128,16,256,1,41.5762
indexer,128,128,16,512,1,49.9205
indexer,128,128,16,1024,1,65.7602
indexer,128,128,16,2048,1,113.991
indexer,128,128,16,4096,1,201.665
indexer,128,128,16,8192,1,363.449
indexer,128,128,16,16384,1,671.842
indexer,128,128,32,16,1,39.8718
indexer,128,128,32,32,1,36.8715
indexer,128,128,32,64,1,36.6468
indexer,128,128,32,128,1,39.9918
indexer,128,128,32,256,1,45.8792
indexer,128,128,32,512,1,55.376
indexer,128,128,32,1024,1,74.2483
indexer,128,128,32,2048,1,129.936
indexer,128,128,32,4096,1,228.817
indexer,128,128,32,8192,1,409.12
indexer,128,128,32,16384,1,800.608
indexer,128,128,64,16,1,44.6645
indexer,128,128,64,32,1,44.9922
indexer,128,128,64,64,1,45.4795
indexer,128,128,64,128,1,50.5115
indexer,128,128,64,256,1,60.0405
indexer,128,128,64,512,1,79.9833
indexer,128,128,64,1024,1,122.135
indexer,128,128,64,2048,1,571.536
indexer,128,128,64,4096,1,407.535
indexer,128,128,64,8192,1,798.385
indexer,128,128,64,16384,1,1324.76
indexer,128,128,128,16,1,53.3195
indexer,128,128,128,32,1,53.121
indexer,128,128,128,64,1,55.6955
indexer,128,128,128,128,1,62.816
indexer,128,128,128,256,1,77.0485
indexer,128,128,128,512,1,105.663
indexer,128,128,128,1024,1,161.465
indexer,128,128,128,2048,1,647.345
indexer,128,128,128,4096,1,654.625
indexer,128,128,128,8192,1,1238.53
indexer,128,128,128,16384,1,2180.6
indexer,128,256,0,0,1,41.8877
indexer,128,256,1,16,1,41.5278
indexer,128,256,1,32,1,41.6567
indexer,128,256,1,64,1,41.3667
indexer,128,256,1,128,1,41.9842
indexer,128,256,1,256,1,41.9425
indexer,128,256,1,512,1,38.3603
indexer,128,256,1,1024,1,46.1685
indexer,128,256,1,2048,1,78.4573
indexer,128,256,1,4096,1,123.895
indexer,128,256,1,8192,1,172.448
indexer,128,256,1,16384,1,351.017
indexer,128,256,2,16,1,41.6477
indexer,128,256,2,32,1,42.4878
indexer,128,256,2,64,1,41.9838
indexer,128,256,2,128,1,41.9755
indexer,128,256,2,256,1,38.671
indexer,128,256,2,512,1,45.361
indexer,128,256,2,1024,1,60.5673
indexer,128,256,2,2048,1,104.496
indexer,128,256,2,4096,1,181.769
indexer,128,256,2,8192,1,317.832
indexer,128,256,2,16384,1,586.752
indexer,128,256,4,16,1,41.9765
indexer,128,256,4,32,1,42.6158
indexer,128,256,4,64,1,42.5523
indexer,128,256,4,128,1,37.3608
indexer,128,256,4,256,1,38.6562
indexer,128,256,4,512,1,46.8015
indexer,128,256,4,1024,1,62.0478
indexer,128,256,4,2048,1,106.28
indexer,128,256,4,4096,1,182.953
indexer,128,256,4,8192,1,323.447
indexer,128,256,4,16384,1,595.473
indexer,128,256,8,16,1,42.7512
indexer,128,256,8,32,1,42.0085
indexer,128,256,8,64,1,37.3755
indexer,128,256,8,128,1,37.8803
indexer,128,256,8,256,1,39.7993
indexer,128,256,8,512,1,47.2483
indexer,128,256,8,1024,1,61.5503
indexer,128,256,8,2048,1,108.647
indexer,128,256,8,4096,1,189.647
indexer,128,256,8,8192,1,331.889
indexer,128,256,8,16384,1,615.233
indexer,128,256,16,16,1,43.4085
indexer,128,256,16,32,1,37.897
indexer,128,256,16,64,1,38.2087
indexer,128,256,16,128,1,38.4245
indexer,128,256,16,256,1,41.85
indexer,128,256,16,512,1,50.6253
indexer,128,256,16,1024,1,66.3045
indexer,128,256,16,2048,1,115.423
indexer,128,256,16,4096,1,204.096
indexer,128,256,16,8192,1,359.393
indexer,128,256,16,16384,1,668.761
indexer,128,256,32,16,1,40.031
indexer,128,256,32,32,1,40.128
indexer,128,256,32,64,1,40.2242
indexer,128,256,32,128,1,40.5365
indexer,128,256,32,256,1,45.9668
indexer,128,256,32,512,1,55.8153
indexer,128,256,32,1024,1,74.2883
indexer,128,256,32,2048,1,129.336
indexer,128,256,32,4096,1,229.008
indexer,128,256,32,8192,1,409.072
indexer,128,256,32,16384,1,810.954
indexer,128,256,64,16,1,50.889
indexer,128,256,64,32,1,49.8002
indexer,128,256,64,64,1,50.6088
indexer,128,256,64,128,1,51.6723
indexer,128,256,64,256,1,60.599
indexer,128,256,64,512,1,80.16
indexer,128,256,64,1024,1,123.601
indexer,128,256,64,2048,1,576.712
indexer,128,256,64,4096,1,406.017
indexer,128,256,64,8192,1,795.08
indexer,128,256,64,16384,1,1350.11
indexer,128,256,128,16,1,58.9123
indexer,128,256,128,32,1,58.3285
indexer,128,256,128,64,1,60.6077
indexer,128,256,128,128,1,63.584
indexer,128,256,128,256,1,76.847
indexer,128,256,128,512,1,106.745
indexer,128,256,128,1024,1,161.216
indexer,128,256,128,2048,1,649.881
indexer,128,256,128,4096,1,647.897
indexer,128,256,128,8192,1,1259.97
indexer,128,256,128,16384,1,2191.31
indexer,128,512,0,0,1,49.2803
indexer,128,512,1,16,1,49.5985
indexer,128,512,1,32,1,49.2875
indexer,128,512,1,64,1,49.3753
indexer,128,512,1,128,1,49.121
indexer,128,512,1,256,1,43.033
indexer,128,512,1,512,1,42.7695
indexer,128,512,1,1024,1,45.6957
indexer,128,512,1,2048,1,78.6245
indexer,128,512,1,4096,1,124.104
indexer,128,512,1,8192,1,206.032
indexer,128,512,1,16384,1,358.88
indexer,128,512,2,16,1,49.3125
indexer,128,512,2,32,1,49.272
indexer,128,512,2,64,1,49.128
indexer,128,512,2,128,1,42.3603
indexer,128,512,2,256,1,42.448
indexer,128,512,2,512,1,45.8723
indexer,128,512,2,1024,1,61.2565
indexer,128,512,2,2048,1,103.895
indexer,128,512,2,4096,1,183.639
indexer,128,512,2,8192,1,321.697
indexer,128,512,2,16384,1,597.105
indexer,128,512,4,16,1,48.8875
indexer,128,512,4,32,1,49.0572
indexer,128,512,4,64,1,42.8952
indexer,128,512,4,128,1,43.024
indexer,128,512,4,256,1,43.1753
indexer,128,512,4,512,1,45.8078
indexer,128,512,4,1024,1,61.5278
indexer,128,512,4,2048,1,105.585
indexer,128,512,4,4096,1,183.392
indexer,128,512,4,8192,1,322.497
indexer,128,512,4,16384,1,597.993
indexer,128,512,8,16,1,48.897
indexer,128,512,8,32,1,42.728
indexer,128,512,8,64,1,43.1443
indexer,128,512,8,128,1,43.912
indexer,128,512,8,256,1,42.7288
indexer,128,512,8,512,1,46.6885
indexer,128,512,8,1024,1,63.6875
indexer,128,512,8,2048,1,107.504
indexer,128,512,8,4096,1,189.767
indexer,128,512,8,8192,1,337.017
indexer,128,512,8,16384,1,634.384
indexer,128,512,16,16,1,43.856
indexer,128,512,16,32,1,44.0168
indexer,128,512,16,64,1,43.8245
indexer,128,512,16,128,1,43.9835
indexer,128,512,16,256,1,43.9693
indexer,128,512,16,512,1,51.1435
indexer,128,512,16,1024,1,67.1273
indexer,128,512,16,2048,1,115.734
indexer,128,512,16,4096,1,205.746
indexer,128,512,16,8192,1,360.232
indexer,128,512,16,16384,1,685.8
indexer,128,512,32,16,1,46.304
indexer,128,512,32,32,1,46.0488
indexer,128,512,32,64,1,46.0555
indexer,128,512,32,128,1,46.399
indexer,128,512,32,256,1,48.352
indexer,128,512,32,512,1,56.4
indexer,128,512,32,1024,1,75.1198
indexer,128,512,32,2048,1,130.816
indexer,128,512,32,4096,1,230.248
indexer,128,512,32,8192,1,418.184
indexer,128,512,32,16384,1,807.721
indexer,128,512,64,16,1,56.6718
indexer,128,512,64,32,1,57.2155
indexer,128,512,64,64,1,57.528
indexer,128,512,64,128,1,58.5198
indexer,128,512,64,256,1,61.28
indexer,128,512,64,512,1,80.616
indexer,128,512,64,1024,1,123.128
indexer,128,512,64,2048,1,221.249
indexer,128,512,64,4096,1,407.408
indexer,128,512,64,8192,1,804.544
indexer,128,512,64,16384,1,1339.51
indexer,128,512,128,16,1,65.8705
indexer,128,512,128,32,1,66.232
indexer,128,512,128,64,1,68.336
indexer,128,512,128,128,1,70.8883
indexer,128,512,128,256,1,77.5525
indexer,128,512,128,512,1,107.081
indexer,128,512,128,1024,1,162.032
indexer,128,512,128,2048,1,656.4
indexer,128,512,128,4096,1,654.264
indexer,128,512,128,8192,1,1258.66
indexer,128,512,128,16384,1,2200.74
indexer,128,1024,0,0,1,49.4483
indexer,128,1024,1,16,1,50.0485
indexer,128,1024,1,32,1,50.7668
indexer,128,1024,1,64,1,49.4153
indexer,128,1024,1,128,1,50.8555
indexer,128,1024,1,256,1,50.272
indexer,128,1024,1,512,1,49.8955
indexer,128,1024,1,1024,1,50.0003
indexer,128,1024,1,2048,1,75.7127
indexer,128,1024,1,4096,1,125.231
indexer,128,1024,1,8192,1,205.336
indexer,128,1024,1,16384,1,354.569
indexer,128,1024,2,16,1,49.6082
indexer,128,1024,2,32,1,49.3375
indexer,128,1024,2,64,1,50.1755
indexer,128,1024,2,128,1,51.1925
indexer,128,1024,2,256,1,49.8325
indexer,128,1024,2,512,1,50.3675
indexer,128,1024,2,1024,1,60.8877
indexer,128,1024,2,2048,1,101.576
indexer,128,1024,2,4096,1,183.736
indexer,128,1024,2,8192,1,318.263
indexer,128,1024,2,16384,1,587.256
indexer,128,1024,4,16,1,49.4312
indexer,128,1024,4,32,1,50.2477
indexer,128,1024,4,64,1,49.7683
indexer,128,1024,4,128,1,49.4418
indexer,128,1024,4,256,1,50.152
indexer,128,1024,4,512,1,49.6153
indexer,128,1024,4,1024,1,61.1273
indexer,128,1024,4,2048,1,102.505
indexer,128,1024,4,4096,1,183.856
indexer,128,1024,4,8192,1,322.407
indexer,128,1024,4,16384,1,612.866
indexer,128,1024,8,16,1,49.9363
indexer,128,1024,8,32,1,50.5925
indexer,128,1024,8,64,1,50.424
indexer,128,1024,8,128,1,49.96
indexer,128,1024,8,256,1,51.1768
indexer,128,1024,8,512,1,50.2013
indexer,128,1024,8,1024,1,63.368
indexer,128,1024,8,2048,1,104.616
indexer,128,1024,8,4096,1,188.304
indexer,128,1024,8,8192,1,343.088
indexer,128,1024,8,16384,1,625.577
indexer,128,1024,16,16,1,51.1045
indexer,128,1024,16,32,1,51.0643
indexer,128,1024,16,64,1,50.7995
indexer,128,1024,16,128,1,51.455
indexer,128,1024,16,256,1,51.712
indexer,128,1024,16,512,1,52.592
indexer,128,1024,16,1024,1,67.4483
indexer,128,1024,16,2048,1,111.392
indexer,128,1024,16,4096,1,204.455
indexer,128,1024,16,8192,1,361.673
indexer,128,1024,16,16384,1,676.584
indexer,128,1024,32,16,1,52.6395
indexer,128,1024,32,32,1,52.0568
indexer,128,1024,32,64,1,53.8075
indexer,128,1024,32,128,1,54.0708
indexer,128,1024,32,256,1,54.9118
indexer,128,1024,32,512,1,57.424
indexer,128,1024,32,1024,1,75.4952
indexer,128,1024,32,2048,1,126.721
indexer,128,1024,32,4096,1,231.288
indexer,128,1024,32,8192,1,414.226
indexer,128,1024,32,16384,1,827.049
indexer,128,1024,64,16,1,72.0803
indexer,128,1024,64,32,1,71.3203
indexer,128,1024,64,64,1,72.4475
indexer,128,1024,64,128,1,72.7675
indexer,128,1024,64,256,1,75.7918
indexer,128,1024,64,512,1,80.848
indexer,128,1024,64,1024,1,123.647
indexer,128,1024,64,2048,1,576.953
indexer,128,1024,64,4096,1,404.432
indexer,128,1024,64,8192,1,791.023
indexer,128,1024,64,16384,1,1342.94
indexer,128,1024,128,16,1,79.6478
indexer,128,1024,128,32,1,79.7202
indexer,128,1024,128,64,1,82.16
indexer,128,1024,128,128,1,85.1365
indexer,128,1024,128,256,1,90.9352
indexer,128,1024,128,512,1,107.544
indexer,128,1024,128,1024,1,162.632
indexer,128,1024,128,2048,1,669.616
indexer,128,1024,128,4096,1,654.824
indexer,128,1024,128,8192,1,1258.63
indexer,128,1024,128,16384,1,2207.33
indexer,128,2048,0,0,1,88.344
indexer,128,2048,1,16,1,85.9287
indexer,128,2048,1,32,1,87.242
indexer,128,2048,1,64,1,85.0005
indexer,128,2048,1,128,1,85.4565
indexer,128,2048,1,256,1,86.6875
indexer,128,2048,1,512,1,86.848
indexer,128,2048,1,1024,1,87.1753
indexer,128,2048,1,2048,1,88.5605
indexer,128,2048,1,4096,1,124.784
indexer,128,2048,1,8192,1,206.96
indexer,128,2048,1,16384,1,351.776
indexer,128,2048,2,16,1,87.448
indexer,128,2048,2,32,1,85.3187
indexer,128,2048,2,64,1,88.3782
indexer,128,2048,2,128,1,86.7597
indexer,128,2048,2,256,1,87.2487
indexer,128,2048,2,512,1,86.4537
indexer,128,2048,2,1024,1,86.3275
indexer,128,2048,2,2048,1,114.105
indexer,128,2048,2,4096,1,184.176
indexer,128,2048,2,8192,1,326.409
indexer,128,2048,2,16384,1,599.169
indexer,128,2048,4,16,1,87.2703
indexer,128,2048,4,32,1,88.504
indexer,128,2048,4,64,1,87.6165
indexer,128,2048,4,128,1,85.271
indexer,128,2048,4,256,1,86.3762
indexer,128,2048,4,512,1,87.5848
indexer,128,2048,4,1024,1,89.1683
indexer,128,2048,4,2048,1,114.935
indexer,128,2048,4,4096,1,183.616
indexer,128,2048,4,8192,1,325.968
indexer,128,2048,4,16384,1,601.049
indexer,128,2048,8,16,1,88.1282
indexer,128,2048,8,32,1,88.0077
indexer,128,2048,8,64,1,86.7048
indexer,128,2048,8,128,1,86.8725
indexer,128,2048,8,256,1,87.9353
indexer,128,2048,8,512,1,86.5035
indexer,128,2048,8,1024,1,90.528
indexer,128,2048,8,2048,1,117.945
indexer,128,2048,8,4096,1,194.312
indexer,128,2048,8,8192,1,337.055
indexer,128,2048,8,16384,1,636.192
indexer,128,2048,16,16,1,87.8573
indexer,128,2048,16,32,1,87.5272
indexer,128,2048,16,64,1,88.5915
indexer,128,2048,16,128,1,89.416
indexer,128,2048,16,256,1,90.512
indexer,128,2048,16,512,1,91.5282
indexer,128,2048,16,1024,1,91.5198
indexer,128,2048,16,2048,1,121.848
indexer,128,2048,16,4096,1,204.767
indexer,128,2048,16,8192,1,366.689
indexer,128,2048,16,16384,1,680.321
indexer,128,2048,32,16,1,90.4707
indexer,128,2048,32,32,1,88.6162
indexer,128,2048,32,64,1,89.1677
indexer,128,2048,32,128,1,89.6245
indexer,128,2048,32,256,1,94.273
indexer,128,2048,32,512,1,94.7837
indexer,128,2048,32,1024,1,98.7205
indexer,128,2048,32,2048,1,140.776
indexer,128,2048,32,4096,1,230.905
indexer,128,2048,32,8192,1,421.312
indexer,128,2048,32,16384,1,827.593
indexer,128,2048,64,16,1,119.536
indexer,128,2048,64,32,1,120.448
indexer,128,2048,64,64,1,122.969
indexer,128,2048,64,128,1,125.376
indexer,128,2048,64,256,1,124.336
indexer,128,2048,64,512,1,132.984
indexer,128,2048,64,1024,1,146.088
indexer,128,2048,64,2048,1,578.713
indexer,128,2048,64,4096,1,415.984
indexer,128,2048,64,8192,1,812.545
indexer,128,2048,64,16384,1,1342.8
indexer,128,2048,128,16,1,127.649
indexer,128,2048,128,32,1,128.48
indexer,128,2048,128,64,1,131.472
indexer,128,2048,128,128,1,135.248
indexer,128,2048,128,256,1,141.257
indexer,128,2048,128,512,1,158.176
indexer,128,2048,128,1024,1,183.672
indexer,128,2048,128,2048,1,663.201
indexer,128,2048,128,4096,1,654.025
indexer,128,2048,128,8192,1,1262.61
indexer,128,2048,128,16384,1,2207.55
indexer,128,4096,0,0,1,114.041
indexer,128,4096,1,16,1,114.264
indexer,128,4096,1,32,1,116.704
indexer,128,4096,1,64,1,116.656
indexer,128,4096,1,128,1,115.936
indexer,128,4096,1,256,1,118.616
indexer,128,4096,1,512,1,116.392
indexer,128,4096,1,1024,1,114.263
indexer,128,4096,1,2048,1,116.657
indexer,128,4096,1,4096,1,129.561
indexer,128,4096,1,8192,1,201.856
indexer,128,4096,1,16384,1,359.921
indexer,128,4096,2,16,1,118.44
indexer,128,4096,2,32,1,114.561
indexer,128,4096,2,64,1,116.174
indexer,128,4096,2,128,1,116.823
indexer,128,4096,2,256,1,118.16
indexer,128,4096,2,512,1,115.225
indexer,128,4096,2,1024,1,114.544
indexer,128,4096,2,2048,1,117.599
indexer,128,4096,2,4096,1,183.944
indexer,128,4096,2,8192,1,325.384
indexer,128,4096,2,16384,1,587.2
indexer,128,4096,4,16,1,114.417
indexer,128,4096,4,32,1,117.055
indexer,128,4096,4,64,1,116.328
indexer,128,4096,4,128,1,117.233
indexer,128,4096,4,256,1,114.599
indexer,128,4096,4,512,1,114.745
indexer,128,4096,4,1024,1,116.784
indexer,128,4096,4,2048,1,118.296
indexer,128,4096,4,4096,1,188.591
indexer,128,4096,4,8192,1,330.16
indexer,128,4096,4,16384,1,612.728
indexer,128,4096,8,16,1,114.464
indexer,128,4096,8,32,1,116.496
indexer,128,4096,8,64,1,116.88
indexer,128,4096,8,128,1,114.559
indexer,128,4096,8,256,1,118.897
indexer,128,4096,8,512,1,116.064
indexer,128,4096,8,1024,1,120.761
indexer,128,4096,8,2048,1,120.768
indexer,128,4096,8,4096,1,191.36
indexer,128,4096,8,8192,1,341.401
indexer,128,4096,8,16384,1,624.977
indexer,128,4096,16,16,1,116.649
indexer,128,4096,16,32,1,115.855
indexer,128,4096,16,64,1,119.385
indexer,128,4096,16,128,1,115.584
indexer,128,4096,16,256,1,118.952
indexer,128,4096,16,512,1,118.126
indexer,128,4096,16,1024,1,120.312
indexer,128,4096,16,2048,1,129.504
indexer,128,4096,16,4096,1,206.473
indexer,128,4096,16,8192,1,365.721
indexer,128,4096,16,16384,1,682.592
indexer,128,4096,32,16,1,119.439
indexer,128,4096,32,32,1,121.344
indexer,128,4096,32,64,1,117.864
indexer,128,4096,32,128,1,118.512
indexer,128,4096,32,256,1,122.216
indexer,128,4096,32,512,1,123.991
indexer,128,4096,32,1024,1,132.567
indexer,128,4096,32,2048,1,143.713
indexer,128,4096,32,4096,1,235.512
indexer,128,4096,32,8192,1,426.503
indexer,128,4096,32,16384,1,825.69
indexer,128,4096,64,16,1,175.648
indexer,128,4096,64,32,1,176.055
indexer,128,4096,64,64,1,177.928
indexer,128,4096,64,128,1,180.016
indexer,128,4096,64,256,1,182.944
indexer,128,4096,64,512,1,191.767
indexer,128,4096,64,1024,1,202.784
indexer,128,4096,64,2048,1,578.424
indexer,128,4096,64,4096,1,418.609
indexer,128,4096,64,8192,1,797.417
indexer,128,4096,64,16384,1,1341.35
indexer,128,4096,128,16,1,185.497
indexer,128,4096,128,32,1,188.239
indexer,128,4096,128,64,1,188.296
indexer,128,4096,128,128,1,191.033
indexer,128,4096,128,256,1,199.785
indexer,128,4096,128,512,1,213.601
indexer,128,4096,128,1024,1,241.449
indexer,128,4096,128,2048,1,663.424
indexer,128,4096,128,4096,1,662.16
indexer,128,4096,128,8192,1,1255.06
indexer,128,4096,128,16384,1,2206.45
indexer,128,8192,0,0,1,197.402
indexer,128,8192,1,16,1,197.584
indexer,128,8192,1,32,1,193.759
indexer,128,8192,1,64,1,200.129
indexer,128,8192,1,128,1,193.255
indexer,128,8192,1,256,1,197.68
indexer,128,8192,1,512,1,193.945
indexer,128,8192,1,1024,1,197.889
indexer,128,8192,1,2048,1,194.336
indexer,128,8192,1,4096,1,196.095
indexer,128,8192,1,8192,1,211.36
indexer,128,8192,1,16384,1,362.744
indexer,128,8192,2,16,1,195.249
indexer,128,8192,2,32,1,194.976
indexer,128,8192,2,64,1,197.647
indexer,128,8192,2,128,1,193.04
indexer,128,8192,2,256,1,196.44
indexer,128,8192,2,512,1,199.151
indexer,128,8192,2,1024,1,196.546
indexer,128,8192,2,2048,1,196.462
indexer,128,8192,2,4096,1,198.935
indexer,128,8192,2,8192,1,325.104
indexer,128,8192,2,16384,1,589.424
indexer,128,8192,4,16,1,200.785
indexer,128,8192,4,32,1,194.056
indexer,128,8192,4,64,1,194.305
indexer,128,8192,4,128,1,195.977
indexer,128,8192,4,256,1,196.801
indexer,128,8192,4,512,1,198.393
indexer,128,8192,4,1024,1,197.423
indexer,128,8192,4,2048,1,200.92
indexer,128,8192,4,4096,1,200.832
indexer,128,8192,4,8192,1,334.393
indexer,128,8192,4,16384,1,619.608
indexer,128,8192,8,16,1,196.825
indexer,128,8192,8,32,1,198.313
indexer,128,8192,8,64,1,196.264
indexer,128,8192,8,128,1,197.457
indexer,128,8192,8,256,1,194.265
indexer,128,8192,8,512,1,198.48
indexer,128,8192,8,1024,1,198.312
indexer,128,8192,8,2048,1,198.544
indexer,128,8192,8,4096,1,208.72
indexer,128,8192,8,8192,1,350.248
indexer,128,8192,8,16384,1,642.44
indexer,128,8192,16,16,1,196.553
indexer,128,8192,16,32,1,197.655
indexer,128,8192,16,64,1,199.087
indexer,128,8192,16,128,1,198.68
indexer,128,8192,16,256,1,203.207
indexer,128,8192,16,512,1,203.048
indexer,128,8192,16,1024,1,201.68
indexer,128,8192,16,2048,1,211.375
indexer,128,8192,16,4096,1,226.985
indexer,128,8192,16,8192,1,377.647
indexer,128,8192,16,16384,1,683.153
indexer,128,8192,32,16,1,198.145
indexer,128,8192,32,32,1,202.225
indexer,128,8192,32,64,1,198.609
indexer,128,8192,32,128,1,200.248
indexer,128,8192,32,256,1,200.393
indexer,128,8192,32,512,1,204.912
indexer,128,8192,32,1024,1,212.632
indexer,128,8192,32,2048,1,221.663
indexer,128,8192,32,4096,1,246.096
indexer,128,8192,32,8192,1,431.937
indexer,128,8192,32,16384,1,834.84
indexer,128,8192,64,16,1,313.039
indexer,128,8192,64,32,1,311.712
indexer,128,8192,64,64,1,320.752
indexer,128,8192,64,128,1,310.895
indexer,128,8192,64,256,1,316.673
indexer,128,8192,64,512,1,325.095
indexer,128,8192,64,1024,1,339.025
indexer,128,8192,64,2048,1,703.008
indexer,128,8192,64,4096,1,428.49
indexer,128,8192,64,8192,1,820.792
indexer,128,8192,64,16384,1,1333.82
indexer,128,8192,128,16,1,321.481
indexer,128,8192,128,32,1,320.985
indexer,128,8192,128,64,1,323.857
indexer,128,8192,128,128,1,327.439
indexer,128,8192,128,256,1,333.617
indexer,128,8192,128,512,1,348.514
indexer,128,8192,128,1024,1,379.137
indexer,128,8192,128,2048,1,773.824
indexer,128,8192,128,4096,1,661.945
indexer,128,8192,128,8192,1,1260.93
indexer,128,8192,128,16384,1,2200.78
indexer,128,16384,0,0,1,371.889
indexer,128,16384,1,16,1,367.056
indexer,128,16384,1,32,1,363.08
indexer,128,16384,1,64,1,366.099
indexer,128,16384,1,128,1,363.695
indexer,128,16384,1,256,1,360.407
indexer,128,16384,1,512,1,372.584
indexer,128,16384,1,1024,1,372.64
indexer,128,16384,1,2048,1,371.351
indexer,128,16384,1,4096,1,368.104
indexer,128,16384,1,8192,1,374.256
indexer,128,16384,1,16384,1,370.745
indexer,128,16384,2,16,1,360.562
indexer,128,16384,2,32,1,363.033
indexer,128,16384,2,64,1,371.632
indexer,128,16384,2,128,1,373.296
indexer,128,16384,2,256,1,367.153
indexer,128,16384,2,512,1,372.713
indexer,128,16384,2,1024,1,365.304
indexer,128,16384,2,2048,1,367.407
indexer,128,16384,2,4096,1,371.231
indexer,128,16384,2,8192,1,373.616
indexer,128,16384,2,16384,1,611.696
indexer,128,16384,4,16,1,371.729
indexer,128,16384,4,32,1,363.28
indexer,128,16384,4,64,1,372.161
indexer,128,16384,4,128,1,364.77
indexer,128,16384,4,256,1,369.319
indexer,128,16384,4,512,1,370.177
indexer,128,16384,4,1024,1,368.712
indexer,128,16384,4,2048,1,371.081
indexer,128,16384,4,4096,1,367.761
indexer,128,16384,4,8192,1,376.648
indexer,128,16384,4,16384,1,607.401
indexer,128,16384,8,16,1,368.351
indexer,128,16384,8,32,1,364.081
indexer,128,16384,8,64,1,370.441
indexer,128,16384,8,128,1,367.704
indexer,128,16384,8,256,1,371.472
indexer,128,16384,8,512,1,367.944
indexer,128,16384,8,1024,1,366.655
indexer,128,16384,8,2048,1,372.017
indexer,128,16384,8,4096,1,378.52
indexer,128,16384,8,8192,1,386.299
indexer,128,16384,8,16384,1,635.761
indexer,128,16384,16,16,1,373.577
indexer,128,16384,16,32,1,365.152
indexer,128,16384,16,64,1,370.336
indexer,128,16384,16,128,1,373.306
indexer,128,16384,16,256,1,365.328
indexer,128,16384,16,512,1,367.68
indexer,128,16384,16,1024,1,368.857
indexer,128,16384,16,2048,1,386.385
indexer,128,16384,16,4096,1,393.807
indexer,128,16384,16,8192,1,410.28
indexer,128,16384,16,16384,1,700.368
indexer,128,16384,32,16,1,368.177
indexer,128,16384,32,32,1,375.423
indexer,128,16384,32,64,1,369.455
indexer,128,16384,32,128,1,373.992
indexer,128,16384,32,256,1,376.329
indexer,128,16384,32,512,1,373.001
indexer,128,16384,32,1024,1,385.969
indexer,128,16384,32,2048,1,401.96
indexer,128,16384,32,4096,1,417.744
indexer,128,16384,32,8192,1,464.793
indexer,128,16384,32,16384,1,825.8
indexer,128,16384,64,16,1,600.824
indexer,128,16384,64,32,1,599.703
indexer,128,16384,64,64,1,597.065
indexer,128,16384,64,128,1,601.417
indexer,128,16384,64,256,1,605.44
indexer,128,16384,64,512,1,614.401
indexer,128,16384,64,1024,1,617.297
indexer,128,16384,64,2048,1,935.338
indexer,128,16384,64,4096,1,707.585
indexer,128,16384,64,8192,1,846.744
indexer,128,16384,64,16384,1,1330.73
indexer,128,16384,128,16,1,603.761
indexer,128,16384,128,32,1,609.498
indexer,128,16384,128,64,1,599.999
indexer,128,16384,128,128,1,609.072
indexer,128,16384,128,256,1,618.497
indexer,128,16384,128,512,1,633.512
indexer,128,16384,128,1024,1,655.082
indexer,128,16384,128,2048,1,1011.68
indexer,128,16384,128,4096,1,952.536
indexer,128,16384,128,8192,1,1291.31
indexer,128,16384,128,16384,1,2209.12
indexer,256,0,0,0,1,37.1523
indexer,256,0,1,16,1,56.6815
indexer,256,0,1,32,1,56.2165
indexer,256,0,1,64,1,56.856
indexer,256,0,1,128,1,57.384
indexer,256,0,1,256,1,57.3438
indexer,256,0,1,512,1,57.047
indexer,256,0,1,1024,1,57.2485
indexer,256,0,1,2048,1,73.6482
indexer,256,0,1,4096,1,86.1995
indexer,256,0,1,8192,1,76.367
indexer,256,0,1,16384,1,100.987
indexer,256,0,2,16,1,54.0805
indexer,256,0,2,32,1,53.3443
indexer,256,0,2,64,1,54.5695
indexer,256,0,2,128,1,54.9765
indexer,256,0,2,256,1,55.4085
indexer,256,0,2,512,1,54.7055
indexer,256,0,2,1024,1,55.3833
indexer,256,0,2,2048,1,70.9175
indexer,256,0,2,4096,1,85.5363
indexer,256,0,2,8192,1,88.7352
indexer,256,0,2,16384,1,104.864
indexer,256,0,4,16,1,55.1845
indexer,256,0,4,32,1,54.5358
indexer,256,0,4,64,1,55.9055
indexer,256,0,4,128,1,55.8005
indexer,256,0,4,256,1,55.6232
indexer,256,0,4,512,1,55.44
indexer,256,0,4,1024,1,56.264
indexer,256,0,4,2048,1,77.7845
indexer,256,0,4,4096,1,88.4167
indexer,256,0,4,8192,1,94.8877
indexer,256,0,4,16384,1,113.088
indexer,256,0,8,16,1,54.6808
indexer,256,0,8,32,1,54.8415
indexer,256,0,8,64,1,55.6555
indexer,256,0,8,128,1,55.7755
indexer,256,0,8,256,1,56.5507
indexer,256,0,8,512,1,56.4315
indexer,256,0,8,1024,1,57.9848
indexer,256,0,8,2048,1,78.366
indexer,256,0,8,4096,1,94.0575
indexer,256,0,8,8192,1,103.025
indexer,256,0,8,16384,1,133.68
indexer,256,0,16,16,1,54.7993
indexer,256,0,16,32,1,55.8958
indexer,256,0,16,64,1,56.6963
indexer,256,0,16,128,1,56.5127
indexer,256,0,16,256,1,57.3132
indexer,256,0,16,512,1,57.7355
indexer,256,0,16,1024,1,59.5607
indexer,256,0,16,2048,1,83.9822
indexer,256,0,16,4096,1,105.736
indexer,256,0,16,8192,1,128.631
indexer,256,0,16,16384,1,178.688
indexer,256,0,32,16,1,55.0625
indexer,256,0,32,32,1,56.192
indexer,256,0,32,64,1,56.9605
indexer,256,0,32,128,1,57.409
indexer,256,0,32,256,1,58.3685
indexer,256,0,32,512,1,60.4093
indexer,256,0,32,1024,1,65.1047
indexer,256,0,32,2048,1,111.017
indexer,256,0,32,4096,1,156.568
indexer,256,0,32,8192,1,208.961
indexer,256,0,32,16384,1,308.912
indexer,256,0,64,16,1,58.8413
indexer,256,0,64,32,1,59.0012
indexer,256,0,64,64,1,59.6877
indexer,256,0,64,128,1,62.1113
indexer,256,0,64,256,1,64.7437
indexer,256,0,64,512,1,68.5355
indexer,256,0,64,1024,1,78.6793
indexer,256,0,64,2048,1,152.591
indexer,256,0,64,4096,1,233.334
indexer,256,0,64,8192,1,333.904
indexer,256,0,64,16384,1,547.128
indexer,256,0,128,16,1,63.5527
indexer,256,0,128,32,1,63.735
indexer,256,0,128,64,1,65.9265
indexer,256,0,128,128,1,70.088
indexer,256,0,128,256,1,73.592
indexer,256,0,128,512,1,83.4895
indexer,256,0,128,1024,1,104.675
indexer,256,0,128,2048,1,234.913
indexer,256,0,128,4096,1,383.84
indexer,256,0,128,8192,1,599.472
indexer,256,0,128,16384,1,958.911
indexer,256,16,0,0,1,40.6723
indexer,256,16,1,16,1,40.745
indexer,256,16,1,32,1,41.0412
indexer,256,16,1,64,1,41.1197
indexer,256,16,1,128,1,41.1118
indexer,256,16,1,256,1,41.943
indexer,256,16,1,512,1,46.4793
indexer,256,16,1,1024,1,61.1275
indexer,256,16,1,2048,1,107.184
indexer,256,16,1,4096,1,514.002
indexer,256,16,1,8192,1,289.936
indexer,256,16,1,16384,1,523.577
indexer,256,16,2,16,1,41.3125
indexer,256,16,2,32,1,41.1043
indexer,256,16,2,64,1,41.1197
indexer,256,16,2,128,1,41.2082
indexer,256,16,2,256,1,46.3925
indexer,256,16,2,512,1,60.9992
indexer,256,16,2,1024,1,89.2728
indexer,256,16,2,2048,1,161.945
indexer,256,16,2,4096,1,626.625
indexer,256,16,2,8192,1,540.913
indexer,256,16,2,16384,1,1026.52
indexer,256,16,4,16,1,41.305
indexer,256,16,4,32,1,41.2875
indexer,256,16,4,64,1,41.248
indexer,256,16,4,128,1,41.8888
indexer,256,16,4,256,1,47.4482
indexer,256,16,4,512,1,61.1997
indexer,256,16,4,1024,1,90.0808
indexer,256,16,4,2048,1,163.625
indexer,256,16,4,4096,1,632.488
indexer,256,16,4,8192,1,549.849
indexer,256,16,4,16384,1,1036.55
indexer,256,16,8,16,1,41.72
indexer,256,16,8,32,1,41.8715
indexer,256,16,8,64,1,42.4
indexer,256,16,8,128,1,42.2728
indexer,256,16,8,256,1,46.9835
indexer,256,16,8,512,1,62.112
indexer,256,16,8,1024,1,90.624
indexer,256,16,8,2048,1,165.849
indexer,256,16,8,4096,1,636.752
indexer,256,16,8,8192,1,564.353
indexer,256,16,8,16384,1,1081.71
indexer,256,16,16,16,1,42.7922
indexer,256,16,16,32,1,43.0078
indexer,256,16,16,64,1,43.2
indexer,256,16,16,128,1,43.7277
indexer,256,16,16,256,1,50.1775
indexer,256,16,16,512,1,64.6965
indexer,256,16,16,1024,1,95.1278
indexer,256,16,16,2048,1,172.249
indexer,256,16,16,4096,1,657.723
indexer,256,16,16,8192,1,594.52
indexer,256,16,16,16384,1,1148.15
indexer,256,16,32,16,1,45.0243
indexer,256,16,32,32,1,45.0797
indexer,256,16,32,64,1,45.2715
indexer,256,16,32,128,1,46.7043
indexer,256,16,32,256,1,53.7767
indexer,256,16,32,512,1,70.272
indexer,256,16,32,1024,1,104.329
indexer,256,16,32,2048,1,190.008
indexer,256,16,32,4096,1,691.153
indexer,256,16,32,8192,1,665.559
indexer,256,16,32,16384,1,1529.78
indexer,256,16,64,16,1,49.7045
indexer,256,16,64,32,1,49.8963
indexer,256,16,64,64,1,51.6088
indexer,256,16,64,128,1,53.7913
indexer,256,16,64,256,1,62.8087
indexer,256,16,64,512,1,82.1693
indexer,256,16,64,1024,1,127.848
indexer,256,16,64,2048,1,582.081
indexer,256,16,64,4096,1,768.946
indexer,256,16,64,8192,1,949.024
indexer,256,16,64,16384,1,1751.99
indexer,256,16,128,16,1,60.552
indexer,256,16,128,32,1,61.2087
indexer,256,16,128,64,1,64.5603
indexer,256,16,128,128,1,70.592
indexer,256,16,128,256,1,84.5292
indexer,256,16,128,512,1,115.272
indexer,256,16,128,1024,1,175.008
indexer,256,16,128,2048,1,660.136
indexer,256,16,128,4096,1,981.729
indexer,256,16,128,8192,1,1241.6
indexer,256,16,128,16384,1,2827
indexer,256,32,0,0,1,42.0718
indexer,256,32,1,16,1,42.4955
indexer,256,32,1,32,1,42.6477
indexer,256,32,1,64,1,42.2075
indexer,256,32,1,128,1,42.6162
indexer,256,32,1,256,1,42.6645
indexer,256,32,1,512,1,46.775
indexer,256,32,1,1024,1,60.8155
indexer,256,32,1,2048,1,108.728
indexer,256,32,1,4096,1,515.737
indexer,256,32,1,8192,1,290.408
indexer,256,32,1,16384,1,528.218
indexer,256,32,2,16,1,42.44
indexer,256,32,2,32,1,42.4155
indexer,256,32,2,64,1,42.7045
indexer,256,32,2,128,1,42.8732
indexer,256,32,2,256,1,46.7102
indexer,256,32,2,512,1,60.7678
indexer,256,32,2,1024,1,89.5515
indexer,256,32,2,2048,1,164.073
indexer,256,32,2,4096,1,634.713
indexer,256,32,2,8192,1,546.554
indexer,256,32,2,16384,1,1028.41
indexer,256,32,4,16,1,42.6478
indexer,256,32,4,32,1,42.5827
indexer,256,32,4,64,1,42.8888
indexer,256,32,4,128,1,42.7127
indexer,256,32,4,256,1,47.136
indexer,256,32,4,512,1,61.2465
indexer,256,32,4,1024,1,89.7673
indexer,256,32,4,2048,1,163.128
indexer,256,32,4,4096,1,630.48
indexer,256,32,4,8192,1,552.28
indexer,256,32,4,16384,1,1046.94
indexer,256,32,8,16,1,42.856
indexer,256,32,8,32,1,42.9108
indexer,256,32,8,64,1,42.7275
indexer,256,32,8,128,1,43.424
indexer,256,32,8,256,1,47.088
indexer,256,32,8,512,1,61.904
indexer,256,32,8,1024,1,91.8478
indexer,256,32,8,2048,1,166.368
indexer,256,32,8,4096,1,643.377
indexer,256,32,8,8192,1,566.881
indexer,256,32,8,16384,1,1073.21
indexer,256,32,16,16,1,44.0082
indexer,256,32,16,32,1,43.6653
indexer,256,32,16,64,1,44.2565
indexer,256,32,16,128,1,44.3278
indexer,256,32,16,256,1,50.0397
indexer,256,32,16,512,1,65.5125
indexer,256,32,16,1024,1,95.864
indexer,256,32,16,2048,1,173.577
indexer,256,32,16,4096,1,660.416
indexer,256,32,16,8192,1,599.002
indexer,256,32,16,16384,1,1137.91
indexer,256,32,32,16,1,45.8887
indexer,256,32,32,32,1,45.9992
indexer,256,32,32,64,1,46.0572
indexer,256,32,32,128,1,46.776
indexer,256,32,32,256,1,53.76
indexer,256,32,32,512,1,70.2408
indexer,256,32,32,1024,1,104.856
indexer,256,32,32,2048,1,192.209
indexer,256,32,32,4096,1,691.704
indexer,256,32,32,8192,1,664.488
indexer,256,32,32,16384,1,1529.71
indexer,256,32,64,16,1,50.9612
indexer,256,32,64,32,1,51.2163
indexer,256,32,64,64,1,51.3197
indexer,256,32,64,128,1,53.496
indexer,256,32,64,256,1,62.4488
indexer,256,32,64,512,1,82.5037
indexer,256,32,64,1024,1,126.344
indexer,256,32,64,2048,1,585.896
indexer,256,32,64,4096,1,767.328
indexer,256,32,64,8192,1,945.193
indexer,256,32,64,16384,1,1752.19
indexer,256,32,128,16,1,61.3612
indexer,256,32,128,32,1,61.5685
indexer,256,32,128,64,1,64.2645
indexer,256,32,128,128,1,70.8162
indexer,256,32,128,256,1,84.2237
indexer,256,32,128,512,1,116.25
indexer,256,32,128,1024,1,175.599
indexer,256,32,128,2048,1,662.025
indexer,256,32,128,4096,1,982.241
indexer,256,32,128,8192,1,1245.27
indexer,256,32,128,16384,1,2827.21
indexer,256,64,0,0,1,42.8398
indexer,256,64,1,16,1,42.6972
indexer,256,64,1,32,1,42.9515
indexer,256,64,1,64,1,43.199
indexer,256,64,1,128,1,42.92
indexer,256,64,1,256,1,43.3845
indexer,256,64,1,512,1,46.8562
indexer,256,64,1,1024,1,60.952
indexer,256,64,1,2048,1,108.152
indexer,256,64,1,4096,1,515.473
indexer,256,64,1,8192,1,291.655
indexer,256,64,1,16384,1,528.859
indexer,256,64,2,16,1,42.4562
indexer,256,64,2,32,1,43.2155
indexer,256,64,2,64,1,43.0003
indexer,256,64,2,128,1,43.0885
indexer,256,64,2,256,1,46.4567
indexer,256,64,2,512,1,60.8402
indexer,256,64,2,1024,1,88.729
indexer,256,64,2,2048,1,163.456
indexer,256,64,2,4096,1,626.874
indexer,256,64,2,8192,1,546.538
indexer,256,64,2,16384,1,1035.95
indexer,256,64,4,16,1,42.784
indexer,256,64,4,32,1,43.1275
indexer,256,64,4,64,1,43.3675
indexer,256,64,4,128,1,43.4883
indexer,256,64,4,256,1,46.856
indexer,256,64,4,512,1,61.6877
indexer,256,64,4,1024,1,90.1593
indexer,256,64,4,2048,1,162.809
indexer,256,64,4,4096,1,629.728
indexer,256,64,4,8192,1,547.824
indexer,256,64,4,16384,1,1038.06
indexer,256,64,8,16,1,43.5037
indexer,256,64,8,32,1,43.7445
indexer,256,64,8,64,1,43.736
indexer,256,64,8,128,1,43.7993
indexer,256,64,8,256,1,47.1602
indexer,256,64,8,512,1,61.8398
indexer,256,64,8,1024,1,91
indexer,256,64,8,2048,1,165.441
indexer,256,64,8,4096,1,641.817
indexer,256,64,8,8192,1,561.352
indexer,256,64,8,16384,1,1068.66
indexer,256,64,16,16,1,44.5198
indexer,256,64,16,32,1,44.335
indexer,256,64,16,64,1,44.6485
indexer,256,64,16,128,1,44.6318
indexer,256,64,16,256,1,49.647
indexer,256,64,16,512,1,65.4483
indexer,256,64,16,1024,1,95.545
indexer,256,64,16,2048,1,172.985
indexer,256,64,16,4096,1,652.009
indexer,256,64,16,8192,1,591.672
indexer,256,64,16,16384,1,1136.91
indexer,256,64,32,16,1,46.6475
indexer,256,64,32,32,1,46.7193
indexer,256,64,32,64,1,46.4002
indexer,256,64,32,128,1,47.048
indexer,256,64,32,256,1,53.584
indexer,256,64,32,512,1,70.0872
indexer,256,64,32,1024,1,103.8
indexer,256,64,32,2048,1,190.105
indexer,256,64,32,4096,1,685.048
indexer,256,64,32,8192,1,669.504
indexer,256,64,32,16384,1,1528.43
indexer,256,64,64,16,1,51.3203
indexer,256,64,64,32,1,51.2315
indexer,256,64,64,64,1,51.5678
indexer,256,64,64,128,1,53.5925
indexer,256,64,64,256,1,62.311
indexer,256,64,64,512,1,82.168
indexer,256,64,64,1024,1,126.095
indexer,256,64,64,2048,1,580.92
indexer,256,64,64,4096,1,760.761
indexer,256,64,64,8192,1,943.683
indexer,256,64,64,16384,1,1752.71
indexer,256,64,128,16,1,61.9447
indexer,256,64,128,32,1,62.1125
indexer,256,64,128,64,1,64.3762
indexer,256,64,128,128,1,70.992
indexer,256,64,128,256,1,84.7845
indexer,256,64,128,512,1,115.704
indexer,256,64,128,1024,1,175.071
indexer,256,64,128,2048,1,661.167
indexer,256,64,128,4096,1,981.52
indexer,256,64,128,8192,1,1243.08
indexer,256,64,128,16384,1,2822.15
indexer,256,128,0,0,1,43.3908
indexer,256,128,1,16,1,43.391
indexer,256,128,1,32,1,43.064
indexer,256,128,1,64,1,43.4808
indexer,256,128,1,128,1,43.6805
indexer,256,128,1,256,1,43.665
indexer,256,128,1,512,1,46.8632
indexer,256,128,1,1024,1,60.999
indexer,256,128,1,2048,1,107.073
indexer,256,128,1,4096,1,180
indexer,256,128,1,8192,1,293.081
indexer,256,128,1,16384,1,525.192
indexer,256,128,2,16,1,43.4068
indexer,256,128,2,32,1,43.505
indexer,256,128,2,64,1,43.696
indexer,256,128,2,128,1,43.6
indexer,256,128,2,256,1,46.5282
indexer,256,128,2,512,1,60.6813
indexer,256,128,2,1024,1,88.6728
indexer,256,128,2,2048,1,161.616
indexer,256,128,2,4096,1,291.791
indexer,256,128,2,8192,1,543.033
indexer,256,128,2,16384,1,1028.14
indexer,256,128,4,16,1,43.6895
indexer,256,128,4,32,1,43.8408
indexer,256,128,4,64,1,43.6805
indexer,256,128,4,128,1,44.112
indexer,256,128,4,256,1,46.6485
indexer,256,128,4,512,1,62.1288
indexer,256,128,4,1024,1,89.248
indexer,256,128,4,2048,1,162.281
indexer,256,128,4,4096,1,295.856
indexer,256,128,4,8192,1,545.393
indexer,256,128,4,16384,1,1038.75
indexer,256,128,8,16,1,44.0883
indexer,256,128,8,32,1,43.768
indexer,256,128,8,64,1,43.9855
indexer,256,128,8,128,1,44.1598
indexer,256,128,8,256,1,47.1355
indexer,256,128,8,512,1,62.2403
indexer,256,128,8,1024,1,90.8003
indexer,256,128,8,2048,1,165.434
indexer,256,128,8,4096,1,300.752
indexer,256,128,8,8192,1,559.865
indexer,256,128,8,16384,1,1071.7
indexer,256,128,16,16,1,45.039
indexer,256,128,16,32,1,44.9518
indexer,256,128,16,64,1,45.2158
indexer,256,128,16,128,1,45.2325
indexer,256,128,16,256,1,49.5203
indexer,256,128,16,512,1,64.9515
indexer,256,128,16,1024,1,95.3848
indexer,256,128,16,2048,1,172.288
indexer,256,128,16,4096,1,316.857
indexer,256,128,16,8192,1,591.632
indexer,256,128,16,16384,1,1137.65
indexer,256,128,32,16,1,47.0707
indexer,256,128,32,32,1,47.119
indexer,256,128,32,64,1,46.9837
indexer,256,128,32,128,1,47.4232
indexer,256,128,32,256,1,53.7112
indexer,256,128,32,512,1,70.9123
indexer,256,128,32,1024,1,103.633
indexer,256,128,32,2048,1,190.104
indexer,256,128,32,4096,1,349.993
indexer,256,128,32,8192,1,665.512
indexer,256,128,32,16384,1,1528.72
indexer,256,128,64,16,1,52.1193
indexer,256,128,64,32,1,51.6405
indexer,256,128,64,64,1,52.5837
indexer,256,128,64,128,1,53.8238
indexer,256,128,64,256,1,62.391
indexer,256,128,64,512,1,82.872
indexer,256,128,64,1024,1,125.935
indexer,256,128,64,2048,1,580.744
indexer,256,128,64,4096,1,425.112
indexer,256,128,64,8192,1,939.456
indexer,256,128,64,16384,1,1751.36
indexer,256,128,128,16,1,62.6568
indexer,256,128,128,32,1,62.3107
indexer,256,128,128,64,1,68.584
indexer,256,128,128,128,1,75.6795
indexer,256,128,128,256,1,89.5125
indexer,256,128,128,512,1,119.33
indexer,256,128,128,1024,1,180.073
indexer,256,128,128,2048,1,669.769
indexer,256,128,128,4096,1,645.745
indexer,256,128,128,8192,1,1242.1
indexer,256,128,128,16384,1,2823.46
indexer,256,256,0,0,1,47.6322
indexer,256,256,1,16,1,47.7357
indexer,256,256,1,32,1,47.1062
indexer,256,256,1,64,1,47.3922
indexer,256,256,1,128,1,47.5922
indexer,256,256,1,256,1,47.4005
indexer,256,256,1,512,1,48.8235
indexer,256,256,1,1024,1,61.543
indexer,256,256,1,2048,1,107.56
indexer,256,256,1,4096,1,181.848
indexer,256,256,1,8192,1,285.433
indexer,256,256,1,16384,1,575.177
indexer,256,256,2,16,1,47.5437
indexer,256,256,2,32,1,47.4243
indexer,256,256,2,64,1,47.359
indexer,256,256,2,128,1,47.5615
indexer,256,256,2,256,1,48.1915
indexer,256,256,2,512,1,61.2375
indexer,256,256,2,1024,1,89.4647
indexer,256,256,2,2048,1,163.568
indexer,256,256,2,4096,1,292.825
indexer,256,256,2,8192,1,543.664
indexer,256,256,2,16384,1,1028.8
indexer,256,256,4,16,1,47.5122
indexer,256,256,4,32,1,47.5517
indexer,256,256,4,64,1,47.6642
indexer,256,256,4,128,1,47.5117
indexer,256,256,4,256,1,47.9205
indexer,256,256,4,512,1,62.0558
indexer,256,256,4,1024,1,90.0072
indexer,256,256,4,2048,1,164.449
indexer,256,256,4,4096,1,295.368
indexer,256,256,4,8192,1,547.553
indexer,256,256,4,16384,1,1038.7
indexer,256,256,8,16,1,47.8235
indexer,256,256,8,32,1,48.1202
indexer,256,256,8,64,1,47.671
indexer,256,256,8,128,1,47.7685
indexer,256,256,8,256,1,48.4082
indexer,256,256,8,512,1,61.9935
indexer,256,256,8,1024,1,91.416
indexer,256,256,8,2048,1,165.768
indexer,256,256,8,4096,1,301.689
indexer,256,256,8,8192,1,563.48
indexer,256,256,8,16384,1,1068.62
indexer,256,256,16,16,1,48.6883
indexer,256,256,16,32,1,48.8563
indexer,256,256,16,64,1,48.513
indexer,256,256,16,128,1,49.0488
indexer,256,256,16,256,1,50.1358
indexer,256,256,16,512,1,65.24
indexer,256,256,16,1024,1,96.4572
indexer,256,256,16,2048,1,173.224
indexer,256,256,16,4096,1,317.56
indexer,256,256,16,8192,1,599.137
indexer,256,256,16,16384,1,1138.47
indexer,256,256,32,16,1,50.7443
indexer,256,256,32,32,1,50.8552
indexer,256,256,32,64,1,50.9845
indexer,256,256,32,128,1,51.3763
indexer,256,256,32,256,1,53.839
indexer,256,256,32,512,1,70.8
indexer,256,256,32,1024,1,104.512
indexer,256,256,32,2048,1,190.376
indexer,256,256,32,4096,1,352.017
indexer,256,256,32,8192,1,666.832
indexer,256,256,32,16384,1,1529.91
indexer,256,256,64,16,1,55.4955
indexer,256,256,64,32,1,55.6952
indexer,256,256,64,64,1,56.08
indexer,256,256,64,128,1,57.984
indexer,256,256,64,256,1,63.0962
indexer,256,256,64,512,1,82.2963
indexer,256,256,64,1024,1,126.113
indexer,256,256,64,2048,1,585.753
indexer,256,256,64,4096,1,427.736
indexer,256,256,64,8192,1,942.08
indexer,256,256,64,16384,1,1752.8
indexer,256,256,128,16,1,66.825
indexer,256,256,128,32,1,67.8002
indexer,256,256,128,64,1,73.735
indexer,256,256,128,128,1,80.687
indexer,256,256,128,256,1,94.857
indexer,256,256,128,512,1,125.856
indexer,256,256,128,1024,1,186.16
indexer,256,256,128,2048,1,672.113
indexer,256,256,128,4096,1,646.266
indexer,256,256,128,8192,1,1243.74
indexer,256,256,128,16384,1,2825.06
indexer,256,512,0,0,1,54.7608
indexer,256,512,1,16,1,54.718
indexer,256,512,1,32,1,54.8558
indexer,256,512,1,64,1,54.855
indexer,256,512,1,128,1,55.088
indexer,256,512,1,256,1,54.3933
indexer,256,512,1,512,1,54.5445
indexer,256,512,1,1024,1,60.7987
indexer,256,512,1,2048,1,105.88
indexer,256,512,1,4096,1,181.103
indexer,256,512,1,8192,1,314.439
indexer,256,512,1,16384,1,573.591
indexer,256,512,2,16,1,54.7192
indexer,256,512,2,32,1,54.7117
indexer,256,512,2,64,1,54.7673
indexer,256,512,2,128,1,54.6797
indexer,256,512,2,256,1,54.7272
indexer,256,512,2,512,1,61.6398
indexer,256,512,2,1024,1,88.9278
indexer,256,512,2,2048,1,160.808
indexer,256,512,2,4096,1,292.615
indexer,256,512,2,8192,1,541.905
indexer,256,512,2,16384,1,1023.65
indexer,256,512,4,16,1,54.9768
indexer,256,512,4,32,1,54.6645
indexer,256,512,4,64,1,54.5368
indexer,256,512,4,128,1,55.0873
indexer,256,512,4,256,1,54.5928
indexer,256,512,4,512,1,61.5523
indexer,256,512,4,1024,1,90.017
indexer,256,512,4,2048,1,161.903
indexer,256,512,4,4096,1,296.12
indexer,256,512,4,8192,1,547.08
indexer,256,512,4,16384,1,1039.23
indexer,256,512,8,16,1,55.1603
indexer,256,512,8,32,1,54.8813
indexer,256,512,8,64,1,55.5052
indexer,256,512,8,128,1,54.9763
indexer,256,512,8,256,1,55.3588
indexer,256,512,8,512,1,61.9528
indexer,256,512,8,1024,1,91.2963
indexer,256,512,8,2048,1,164.337
indexer,256,512,8,4096,1,301.776
indexer,256,512,8,8192,1,560.161
indexer,256,512,8,16384,1,1070.21
indexer,256,512,16,16,1,55.816
indexer,256,512,16,32,1,55.7683
indexer,256,512,16,64,1,55.696
indexer,256,512,16,128,1,56.2238
indexer,256,512,16,256,1,56.2073
indexer,256,512,16,512,1,65.424
indexer,256,512,16,1024,1,96.2573
indexer,256,512,16,2048,1,172.807
indexer,256,512,16,4096,1,316.992
indexer,256,512,16,8192,1,591.033
indexer,256,512,16,16384,1,1139.62
indexer,256,512,32,16,1,57.9843
indexer,256,512,32,32,1,57.4565
indexer,256,512,32,64,1,57.7995
indexer,256,512,32,128,1,58.449
indexer,256,512,32,256,1,60.0072
indexer,256,512,32,512,1,70.761
indexer,256,512,32,1024,1,104.856
indexer,256,512,32,2048,1,189.895
indexer,256,512,32,4096,1,351.656
indexer,256,512,32,8192,1,664.351
indexer,256,512,32,16384,1,1527.83
indexer,256,512,64,16,1,62.8728
indexer,256,512,64,32,1,63.0328
indexer,256,512,64,64,1,63.0228
indexer,256,512,64,128,1,64.879
indexer,256,512,64,256,1,67.6883
indexer,256,512,64,512,1,83.2328
indexer,256,512,64,1024,1,127.336
indexer,256,512,64,2048,1,583.993
indexer,256,512,64,4096,1,425.512
indexer,256,512,64,8192,1,941.768
indexer,256,512,64,16384,1,1752.9
indexer,256,512,128,16,1,73.6487
indexer,256,512,128,32,1,73.5437
indexer,256,512,128,64,1,81.1355
indexer,256,512,128,128,1,87.2488
indexer,256,512,128,256,1,101.824
indexer,256,512,128,512,1,132.609
indexer,256,512,128,1024,1,193.68
indexer,256,512,128,2048,1,679.506
indexer,256,512,128,4096,1,647.776
indexer,256,512,128,8192,1,1247.15
indexer,256,512,128,16384,1,2826.63
indexer,256,1024,0,0,1,69.7043
indexer,256,1024,1,16,1,68.8483
indexer,256,1024,1,32,1,68.7835
indexer,256,1024,1,64,1,68.8495
indexer,256,1024,1,128,1,69.3127
indexer,256,1024,1,256,1,68.824
indexer,256,1024,1,512,1,69.2878
indexer,256,1024,1,1024,1,69.624
indexer,256,1024,1,2048,1,104.84
indexer,256,1024,1,4096,1,181.544
indexer,256,1024,1,8192,1,314.928
indexer,256,1024,1,16384,1,573.944
indexer,256,1024,2,16,1,69.4243
indexer,256,1024,2,32,1,69.344
indexer,256,1024,2,64,1,68.9613
indexer,256,1024,2,128,1,69.137
indexer,256,1024,2,256,1,69.5285
indexer,256,1024,2,512,1,68.801
indexer,256,1024,2,1024,1,89.3283
indexer,256,1024,2,2048,1,158.777
indexer,256,1024,2,4096,1,293.472
indexer,256,1024,2,8192,1,540.473
indexer,256,1024,2,16384,1,1028.26
indexer,256,1024,4,16,1,68.9373
indexer,256,1024,4,32,1,69.4802
indexer,256,1024,4,64,1,68.8167
indexer,256,1024,4,128,1,69.6488
indexer,256,1024,4,256,1,69.193
indexer,256,1024,4,512,1,68.912
indexer,256,1024,4,1024,1,90.4325
indexer,256,1024,4,2048,1,159.641
indexer,256,1024,4,4096,1,300.696
indexer,256,1024,4,8192,1,548.905
indexer,256,1024,4,16384,1,1044.05
indexer,256,1024,8,16,1,69.455
indexer,256,1024,8,32,1,69.551
indexer,256,1024,8,64,1,69.296
indexer,256,1024,8,128,1,69.3365
indexer,256,1024,8,256,1,70.0798
indexer,256,1024,8,512,1,69.8153
indexer,256,1024,8,1024,1,91.2477
indexer,256,1024,8,2048,1,163.129
indexer,256,1024,8,4096,1,302.817
indexer,256,1024,8,8192,1,564.361
indexer,256,1024,8,16384,1,1069.61
indexer,256,1024,16,16,1,70.4732
indexer,256,1024,16,32,1,70.264
indexer,256,1024,16,64,1,70.1612
indexer,256,1024,16,128,1,70.6645
indexer,256,1024,16,256,1,71.1445
indexer,256,1024,16,512,1,72.2323
indexer,256,1024,16,1024,1,96.2398
indexer,256,1024,16,2048,1,170.833
indexer,256,1024,16,4096,1,318.546
indexer,256,1024,16,8192,1,595.457
indexer,256,1024,16,16384,1,1145.98
indexer,256,1024,32,16,1,71.8807
indexer,256,1024,32,32,1,72.023
indexer,256,1024,32,64,1,72.2953
indexer,256,1024,32,128,1,73.6958
indexer,256,1024,32,256,1,74.5353
indexer,256,1024,32,512,1,76.5278
indexer,256,1024,32,1024,1,105.736
indexer,256,1024,32,2048,1,187.841
indexer,256,1024,32,4096,1,352.865
indexer,256,1024,32,8192,1,666.497
indexer,256,1024,32,16384,1,1530.83
indexer,256,1024,64,16,1,77.6405
indexer,256,1024,64,32,1,77.0157
indexer,256,1024,64,64,1,77.768
indexer,256,1024,64,128,1,79.264
indexer,256,1024,64,256,1,82.6552
indexer,256,1024,64,512,1,87.4005
indexer,256,1024,64,1024,1,128.353
indexer,256,1024,64,2048,1,588.28
indexer,256,1024,64,4096,1,428.233
indexer,256,1024,64,8192,1,943.816
indexer,256,1024,64,16384,1,1757.48
indexer,256,1024,128,16,1,88.16
indexer,256,1024,128,32,1,89.1033
indexer,256,1024,128,64,1,94.9828
indexer,256,1024,128,128,1,103.064
indexer,256,1024,128,256,1,116.008
indexer,256,1024,128,512,1,147.217
indexer,256,1024,128,1024,1,208.457
indexer,256,1024,128,2048,1,696.819
indexer,256,1024,128,4096,1,649.618
indexer,256,1024,128,8192,1,1257.98
indexer,256,1024,128,16384,1,2849.77
indexer,256,2048,0,0,1,127.144
indexer,256,2048,1,16,1,127.943
indexer,256,2048,1,32,1,127.832
indexer,256,2048,1,64,1,128.305
indexer,256,2048,1,128,1,128.128
indexer,256,2048,1,256,1,126.119
indexer,256,2048,1,512,1,127.257
indexer,256,2048,1,1024,1,126.76
indexer,256,2048,1,2048,1,128.874
indexer,256,2048,1,4096,1,188.768
indexer,256,2048,1,8192,1,323.457
indexer,256,2048,1,16384,1,579.697
indexer,256,2048,2,16,1,127.864
indexer,256,2048,2,32,1,126.057
indexer,256,2048,2,64,1,128.094
indexer,256,2048,2,128,1,126.337
indexer,256,2048,2,256,1,127.063
indexer,256,2048,2,512,1,128.385
indexer,256,2048,2,1024,1,128.689
indexer,256,2048,2,2048,1,177.457
indexer,256,2048,2,4096,1,300.609
indexer,256,2048,2,8192,1,546.808
indexer,256,2048,2,16384,1,1039.86
indexer,256,2048,4,16,1,126.065
indexer,256,2048,4,32,1,127.441
indexer,256,2048,4,64,1,126.577
indexer,256,2048,4,128,1,126.24
indexer,256,2048,4,256,1,125.945
indexer,256,2048,4,512,1,128.28
indexer,256,2048,4,1024,1,129.345
indexer,256,2048,4,2048,1,177.528
indexer,256,2048,4,4096,1,307.664
indexer,256,2048,4,8192,1,554.273
indexer,256,2048,4,16384,1,1061.83
indexer,256,2048,8,16,1,127.161
indexer,256,2048,8,32,1,126.664
indexer,256,2048,8,64,1,128.385
indexer,256,2048,8,128,1,128.464
indexer,256,2048,8,256,1,126.823
indexer,256,2048,8,512,1,129.688
indexer,256,2048,8,1024,1,129.152
indexer,256,2048,8,2048,1,180.593
indexer,256,2048,8,4096,1,312.951
indexer,256,2048,8,8192,1,573.777
indexer,256,2048,8,16384,1,1092.01
indexer,256,2048,16,16,1,127.912
indexer,256,2048,16,32,1,129.137
indexer,256,2048,16,64,1,128.328
indexer,256,2048,16,128,1,127.752
indexer,256,2048,16,256,1,130.448
indexer,256,2048,16,512,1,130.288
indexer,256,2048,16,1024,1,133.936
indexer,256,2048,16,2048,1,188.824
indexer,256,2048,16,4096,1,325.528
indexer,256,2048,16,8192,1,602.392
indexer,256,2048,16,16384,1,1148.14
indexer,256,2048,32,16,1,478.01
indexer,256,2048,32,32,1,476.305
indexer,256,2048,32,64,1,476.992
indexer,256,2048,32,128,1,478.641
indexer,256,2048,32,256,1,479.64
indexer,256,2048,32,512,1,482.464
indexer,256,2048,32,1024,1,489.153
indexer,256,2048,32,2048,1,553.369
indexer,256,2048,32,4096,1,696.6
indexer,256,2048,32,8192,1,983.545
indexer,256,2048,32,16384,1,1813.09
indexer,256,2048,64,16,1,482.818
indexer,256,2048,64,32,1,483.353
indexer,256,2048,64,64,1,489.696
indexer,256,2048,64,128,1,485.377
indexer,256,2048,64,256,1,491.641
indexer,256,2048,64,512,1,494.617
indexer,256,2048,64,1024,1,512.304
indexer,256,2048,64,2048,1,597.049
indexer,256,2048,64,4096,1,772.969
indexer,256,2048,64,8192,1,1257.83
indexer,256,2048,64,16384,1,2044.44
indexer,256,2048,128,16,1,496.242
indexer,256,2048,128,32,1,496.016
indexer,256,2048,128,64,1,500.817
indexer,256,2048,128,128,1,512.976
indexer,256,2048,128,256,1,523.127
indexer,256,2048,128,512,1,555.943
indexer,256,2048,128,1024,1,615.769
indexer,256,2048,128,2048,1,733.313
indexer,256,2048,128,4096,1,997.529
indexer,256,2048,128,8192,1,1572.56
indexer,256,2048,128,16384,1,3118.71
indexer,256,4096,0,0,1,193.064
indexer,256,4096,1,16,1,193.311
indexer,256,4096,1,32,1,193.713
indexer,256,4096,1,64,1,193.472
indexer,256,4096,1,128,1,194.696
indexer,256,4096,1,256,1,192.616
indexer,256,4096,1,512,1,193.464
indexer,256,4096,1,1024,1,193.817
indexer,256,4096,1,2048,1,193.736
indexer,256,4096,1,4096,1,200.19
indexer,256,4096,1,8192,1,322.575
indexer,256,4096,1,16384,1,583.682
indexer,256,4096,2,16,1,193.856
indexer,256,4096,2,32,1,193.527
indexer,256,4096,2,64,1,194.057
indexer,256,4096,2,128,1,195.256
indexer,256,4096,2,256,1,193.12
indexer,256,4096,2,512,1,193.625
indexer,256,4096,2,1024,1,193.575
indexer,256,4096,2,2048,1,193.625
indexer,256,4096,2,4096,1,307.216
indexer,256,4096,2,8192,1,551.399
indexer,256,4096,2,16384,1,1040.09
indexer,256,4096,4,16,1,193.399
indexer,256,4096,4,32,1,192.361
indexer,256,4096,4,64,1,193.321
indexer,256,4096,4,128,1,193.76
indexer,256,4096,4,256,1,193.718
indexer,256,4096,4,512,1,195.145
indexer,256,4096,4,1024,1,194.52
indexer,256,4096,4,2048,1,195.553
indexer,256,4096,4,4096,1,308.242
indexer,256,4096,4,8192,1,562.424
indexer,256,4096,4,16384,1,1050.18
indexer,256,4096,8,16,1,193.688
indexer,256,4096,8,32,1,193.832
indexer,256,4096,8,64,1,194.608
indexer,256,4096,8,128,1,194.641
indexer,256,4096,8,256,1,195.185
indexer,256,4096,8,512,1,195.247
indexer,256,4096,8,1024,1,196.6
indexer,256,4096,8,2048,1,200.368
indexer,256,4096,8,4096,1,319.441
indexer,256,4096,8,8192,1,573.337
indexer,256,4096,8,16384,1,1082.12
indexer,256,4096,16,16,1,194.312
indexer,256,4096,16,32,1,194.216
indexer,256,4096,16,64,1,194.632
indexer,256,4096,16,128,1,195.393
indexer,256,4096,16,256,1,195.488
indexer,256,4096,16,512,1,197.496
indexer,256,4096,16,1024,1,199.168
indexer,256,4096,16,2048,1,207.473
indexer,256,4096,16,4096,1,332.562
indexer,256,4096,16,8192,1,606.897
indexer,256,4096,16,16384,1,1155.22
indexer,256,4096,32,16,1,194.584
indexer,256,4096,32,32,1,194.056
indexer,256,4096,32,64,1,196.058
indexer,256,4096,32,128,1,195.335
indexer,256,4096,32,256,1,197.56
indexer,256,4096,32,512,1,199.902
indexer,256,4096,32,1024,1,209.033
indexer,256,4096,32,2048,1,222.216
indexer,256,4096,32,4096,1,370.721
indexer,256,4096,32,8192,1,679.001
indexer,256,4096,32,16384,1,1536.91
indexer,256,4096,64,16,1,199.593
indexer,256,4096,64,32,1,199.344
indexer,256,4096,64,64,1,201.497
indexer,256,4096,64,128,1,201.768
indexer,256,4096,64,256,1,205.264
indexer,256,4096,64,512,1,213.744
indexer,256,4096,64,1024,1,227.728
indexer,256,4096,64,2048,1,604.155
indexer,256,4096,64,4096,1,445.12
indexer,256,4096,64,8192,1,949.401
indexer,256,4096,64,16384,1,1781.82
indexer,256,4096,128,16,1,210.576
indexer,256,4096,128,32,1,211.016
indexer,256,4096,128,64,1,216.056
indexer,256,4096,128,128,1,224.128
indexer,256,4096,128,256,1,239.737
indexer,256,4096,128,512,1,269.905
indexer,256,4096,128,1024,1,330.849
indexer,256,4096,128,2048,1,790.775
indexer,256,4096,128,4096,1,669.129
indexer,256,4096,128,8192,1,1272.44
indexer,256,4096,128,16384,1,2855.24
indexer,256,8192,0,0,1,336.234
indexer,256,8192,1,16,1,331.881
indexer,256,8192,1,32,1,331.553
indexer,256,8192,1,64,1,331.368
indexer,256,8192,1,128,1,331.401
indexer,256,8192,1,256,1,331.32
indexer,256,8192,1,512,1,332.393
indexer,256,8192,1,1024,1,335.24
indexer,256,8192,1,2048,1,332.368
indexer,256,8192,1,4096,1,336.431
indexer,256,8192,1,8192,1,336.239
indexer,256,8192,1,16384,1,587.793
indexer,256,8192,2,16,1,331.543
indexer,256,8192,2,32,1,331.968
indexer,256,8192,2,64,1,332.081
indexer,256,8192,2,128,1,331.393
indexer,256,8192,2,256,1,336.456
indexer,256,8192,2,512,1,331.993
indexer,256,8192,2,1024,1,332.904
indexer,256,8192,2,2048,1,332.856
indexer,256,8192,2,4096,1,334.632
indexer,256,8192,2,8192,1,557.801
indexer,256,8192,2,16384,1,1046.32
indexer,256,8192,4,16,1,331.728
indexer,256,8192,4,32,1,332.376
indexer,256,8192,4,64,1,331.775
indexer,256,8192,4,128,1,332.424
indexer,256,8192,4,256,1,331.927
indexer,256,8192,4,512,1,335.498
indexer,256,8192,4,1024,1,333.065
indexer,256,8192,4,2048,1,339.024
indexer,256,8192,4,4096,1,338.034
indexer,256,8192,4,8192,1,567.024
indexer,256,8192,4,16384,1,1056.91
indexer,256,8192,8,16,1,330.753
indexer,256,8192,8,32,1,330.706
indexer,256,8192,8,64,1,331.561
indexer,256,8192,8,128,1,332.528
indexer,256,8192,8,256,1,333.528
indexer,256,8192,8,512,1,332.883
indexer,256,8192,8,1024,1,334.488
indexer,256,8192,8,2048,1,338.281
indexer,256,8192,8,4096,1,345.984
indexer,256,8192,8,8192,1,580.114
indexer,256,8192,8,16384,1,1087.38
indexer,256,8192,16,16,1,332.792
indexer,256,8192,16,32,1,333.986
indexer,256,8192,16,64,1,334.033
indexer,256,8192,16,128,1,337.232
indexer,256,8192,16,256,1,335.064
indexer,256,8192,16,512,1,336.481
indexer,256,8192,16,1024,1,341.865
indexer,256,8192,16,2048,1,347.048
indexer,256,8192,16,4096,1,359.8
indexer,256,8192,16,8192,1,613.2
indexer,256,8192,16,16384,1,1159.45
indexer,256,8192,32,16,1,334.698
indexer,256,8192,32,32,1,336.319
indexer,256,8192,32,64,1,335.792
indexer,256,8192,32,128,1,336.36
indexer,256,8192,32,256,1,337.601
indexer,256,8192,32,512,1,340.84
indexer,256,8192,32,1024,1,349.959
indexer,256,8192,32,2048,1,363.913
indexer,256,8192,32,4096,1,396.086
indexer,256,8192,32,8192,1,686.985
indexer,256,8192,32,16384,1,1542.58
indexer,256,8192,64,16,1,340.528
indexer,256,8192,64,32,1,341.104
indexer,256,8192,64,64,1,342.161
indexer,256,8192,64,128,1,342.194
indexer,256,8192,64,256,1,346.305
indexer,256,8192,64,512,1,355.97
indexer,256,8192,64,1024,1,371.801
indexer,256,8192,64,2048,1,726.769
indexer,256,8192,64,4096,1,471.177
indexer,256,8192,64,8192,1,960.674
indexer,256,8192,64,16384,1,1789.18
indexer,256,8192,128,16,1,351.209
indexer,256,8192,128,32,1,352.24
indexer,256,8192,128,64,1,356.984
indexer,256,8192,128,128,1,362.527
indexer,256,8192,128,256,1,380.392
indexer,256,8192,128,512,1,411.663
indexer,256,8192,128,1024,1,471.272
indexer,256,8192,128,2048,1,926.041
indexer,256,8192,128,4096,1,697.463
indexer,256,8192,128,8192,1,1288.6
indexer,256,8192,128,16384,1,2863.36
indexer,256,16384,0,0,1,578.633
indexer,256,16384,1,16,1,576.865
indexer,256,16384,1,32,1,577.672
indexer,256,16384,1,64,1,578.497
indexer,256,16384,1,128,1,578.624
indexer,256,16384,1,256,1,578.447
indexer,256,16384,1,512,1,577.408
indexer,256,16384,1,1024,1,578.017
indexer,256,16384,1,2048,1,578.673
indexer,256,16384,1,4096,1,579.153
indexer,256,16384,1,8192,1,581.297
indexer,256,16384,1,16384,1,601.873
indexer,256,16384,2,16,1,578.481
indexer,256,16384,2,32,1,578.048
indexer,256,16384,2,64,1,577.649
indexer,256,16384,2,128,1,578.337
indexer,256,16384,2,256,1,577.833
indexer,256,16384,2,512,1,578.104
indexer,256,16384,2,1024,1,577.537
indexer,256,16384,2,2048,1,579.201
indexer,256,16384,2,4096,1,581.601
indexer,256,16384,2,8192,1,583.832
indexer,256,16384,2,16384,1,1049.9
indexer,256,16384,4,16,1,577.769
indexer,256,16384,4,32,1,577.807
indexer,256,16384,4,64,1,579.13
indexer,256,16384,4,128,1,578.545
indexer,256,16384,4,256,1,579.408
indexer,256,16384,4,512,1,578.712
indexer,256,16384,4,1024,1,579.634
indexer,256,16384,4,2048,1,580.471
indexer,256,16384,4,4096,1,583.353
indexer,256,16384,4,8192,1,590.657
indexer,256,16384,4,16384,1,1067.43
indexer,256,16384,8,16,1,573.08
indexer,256,16384,8,32,1,573.976
indexer,256,16384,8,64,1,574.416
indexer,256,16384,8,128,1,573.705
indexer,256,16384,8,256,1,573.681
indexer,256,16384,8,512,1,574.952
indexer,256,16384,8,1024,1,577.104
indexer,256,16384,8,2048,1,579.897
indexer,256,16384,8,4096,1,587.505
indexer,256,16384,8,8192,1,598.354
indexer,256,16384,8,16384,1,1095.46
indexer,256,16384,16,16,1,576.753
indexer,256,16384,16,32,1,577.064
indexer,256,16384,16,64,1,576.76
indexer,256,16384,16,128,1,577.881
indexer,256,16384,16,256,1,578.848
indexer,256,16384,16,512,1,580.488
indexer,256,16384,16,1024,1,582.697
indexer,256,16384,16,2048,1,590.546
indexer,256,16384,16,4096,1,603.339
indexer,256,16384,16,8192,1,633.952
indexer,256,16384,16,16384,1,1165.65
indexer,256,16384,32,16,1,578.946
indexer,256,16384,32,32,1,579.216
indexer,256,16384,32,64,1,580.448
indexer,256,16384,32,128,1,580.912
indexer,256,16384,32,256,1,582.025
indexer,256,16384,32,512,1,584.528
indexer,256,16384,32,1024,1,594.89
indexer,256,16384,32,2048,1,607.4
indexer,256,16384,32,4096,1,640.472
indexer,256,16384,32,8192,1,709.561
indexer,256,16384,32,16384,1,1516.16
indexer,256,16384,64,16,1,579.928
indexer,256,16384,64,32,1,581.84
indexer,256,16384,64,64,1,582.841
indexer,256,16384,64,128,1,583.768
indexer,256,16384,64,256,1,586.416
indexer,256,16384,64,512,1,595.56
indexer,256,16384,64,1024,1,610.969
indexer,256,16384,64,2048,1,965.515
indexer,256,16384,64,4096,1,713.871
indexer,256,16384,64,8192,1,989.689
indexer,256,16384,64,16384,1,1816.72
indexer,256,16384,128,16,1,596.736
indexer,256,16384,128,32,1,595.817
indexer,256,16384,128,64,1,600.672
indexer,256,16384,128,128,1,606.449
indexer,256,16384,128,256,1,623.232
indexer,256,16384,128,512,1,653.281
indexer,256,16384,128,1024,1,712.281
indexer,256,16384,128,2048,1,1160.23
indexer,256,16384,128,4096,1,939.032
indexer,256,16384,128,8192,1,1318.31
indexer,256,16384,128,16384,1,2871.13
indexer,512,0,0,0,1,58.9117
indexer,512,0,1,16,1,77.3113
indexer,512,0,1,32,1,77.8723
indexer,512,0,1,64,1,79.4488
indexer,512,0,1,128,1,78.3107
indexer,512,0,1,256,1,78.9195
indexer,512,0,1,512,1,78.8398
indexer,512,0,1,1024,1,78.8715
indexer,512,0,1,2048,1,94.8963
indexer,512,0,1,4096,1,106.105
indexer,512,0,1,8192,1,98.52
indexer,512,0,1,16384,1,122.042
indexer,512,0,2,16,1,76.8813
indexer,512,0,2,32,1,75.4065
indexer,512,0,2,64,1,76.5932
indexer,512,0,2,128,1,76.8878
indexer,512,0,2,256,1,77.0397
indexer,512,0,2,512,1,77.216
indexer,512,0,2,1024,1,78.3603
indexer,512,0,2,2048,1,93.5117
indexer,512,0,2,4096,1,107.671
indexer,512,0,2,8192,1,111.249
indexer,512,0,2,16384,1,127.182
indexer,512,0,4,16,1,76.775
indexer,512,0,4,32,1,75.8955
indexer,512,0,4,64,1,77.591
indexer,512,0,4,128,1,77.0963
indexer,512,0,4,256,1,77.138
indexer,512,0,4,512,1,77.7375
indexer,512,0,4,1024,1,78.2318
indexer,512,0,4,2048,1,99.04
indexer,512,0,4,4096,1,110.167
indexer,512,0,4,8192,1,117.031
indexer,512,0,4,16384,1,134.833
indexer,512,0,8,16,1,76.1118
indexer,512,0,8,32,1,76.8965
indexer,512,0,8,64,1,77.726
indexer,512,0,8,128,1,78.4973
indexer,512,0,8,256,1,77.745
indexer,512,0,8,512,1,77.7515
indexer,512,0,8,1024,1,79.1285
indexer,512,0,8,2048,1,101.686
indexer,512,0,8,4096,1,116.456
indexer,512,0,8,8192,1,124.777
indexer,512,0,8,16384,1,155.416
indexer,512,0,16,16,1,77.2713
indexer,512,0,16,32,1,77.6075
indexer,512,0,16,64,1,79.7202
indexer,512,0,16,128,1,79.5277
indexer,512,0,16,256,1,80.0162
indexer,512,0,16,512,1,81.112
indexer,512,0,16,1024,1,82.5438
indexer,512,0,16,2048,1,107.786
indexer,512,0,16,4096,1,126.912
indexer,512,0,16,8192,1,151.655
indexer,512,0,16,16384,1,197.777
indexer,512,0,32,16,1,79.271
indexer,512,0,32,32,1,78.8563
indexer,512,0,32,64,1,80.6322
indexer,512,0,32,128,1,80.5832
indexer,512,0,32,256,1,82.1673
indexer,512,0,32,512,1,84.9507
indexer,512,0,32,1024,1,89.3768
indexer,512,0,32,2048,1,134.895
indexer,512,0,32,4096,1,179.009
indexer,512,0,32,8192,1,228.359
indexer,512,0,32,16384,1,331.103
indexer,512,0,64,16,1,81.7917
indexer,512,0,64,32,1,81.287
indexer,512,0,64,64,1,83.9432
indexer,512,0,64,128,1,84.6625
indexer,512,0,64,256,1,87.7513
indexer,512,0,64,512,1,93.536
indexer,512,0,64,1024,1,101.672
indexer,512,0,64,2048,1,174.2
indexer,512,0,64,4096,1,250.888
indexer,512,0,64,8192,1,354.656
indexer,512,0,64,16384,1,570.249
indexer,512,0,128,16,1,84.552
indexer,512,0,128,32,1,85.2713
indexer,512,0,128,64,1,88.2007
indexer,512,0,128,128,1,91.7687
indexer,512,0,128,256,1,94.345
indexer,512,0,128,512,1,104.441
indexer,512,0,128,1024,1,124.015
indexer,512,0,128,2048,1,249.881
indexer,512,0,128,4096,1,404.064
indexer,512,0,128,8192,1,619.784
indexer,512,0,128,16384,1,982.785
indexer,512,16,0,0,1,65.5202
indexer,512,16,1,16,1,66.7523
indexer,512,16,1,32,1,67.1995
indexer,512,16,1,64,1,67.1917
indexer,512,16,1,128,1,67.4083
indexer,512,16,1,256,1,67.104
indexer,512,16,1,512,1,67.8397
indexer,512,16,1,1024,1,80.647
indexer,512,16,1,2048,1,127.256
indexer,512,16,1,4096,1,536.688
indexer,512,16,1,8192,1,315.233
indexer,512,16,1,16384,1,550.616
indexer,512,16,2,16,1,66.921
indexer,512,16,2,32,1,66.5673
indexer,512,16,2,64,1,67.0555
indexer,512,16,2,128,1,67.296
indexer,512,16,2,256,1,67.2095
indexer,512,16,2,512,1,80.7597
indexer,512,16,2,1024,1,110.201
indexer,512,16,2,2048,1,183.319
indexer,512,16,2,4096,1,650.354
indexer,512,16,2,8192,1,568.632
indexer,512,16,2,16384,1,1054.07
indexer,512,16,4,16,1,68.056
indexer,512,16,4,32,1,68.288
indexer,512,16,4,64,1,67.8322
indexer,512,16,4,128,1,67.8892
indexer,512,16,4,256,1,67.7445
indexer,512,16,4,512,1,81.8317
indexer,512,16,4,1024,1,111.655
indexer,512,16,4,2048,1,185.025
indexer,512,16,4,4096,1,654.824
indexer,512,16,4,8192,1,572.176
indexer,512,16,4,16384,1,1070.26
indexer,512,16,8,16,1,67.544
indexer,512,16,8,32,1,67.977
indexer,512,16,8,64,1,68.2572
indexer,512,16,8,128,1,67.8477
indexer,512,16,8,256,1,69.0715
indexer,512,16,8,512,1,84.6478
indexer,512,16,8,1024,1,115.04
indexer,512,16,8,2048,1,190.936
indexer,512,16,8,4096,1,662.281
indexer,512,16,8,8192,1,590.185
indexer,512,16,8,16384,1,1105.76
indexer,512,16,16,16,1,68.3038
indexer,512,16,16,32,1,68.7365
indexer,512,16,16,64,1,68.8893
indexer,512,16,16,128,1,69.3768
indexer,512,16,16,256,1,71.6637
indexer,512,16,16,512,1,88.0163
indexer,512,16,16,1024,1,121.584
indexer,512,16,16,2048,1,198.607
indexer,512,16,16,4096,1,680.384
indexer,512,16,16,8192,1,626.009
indexer,512,16,16,16384,1,1329.47
indexer,512,16,32,16,1,72.336
indexer,512,16,32,32,1,72.6475
indexer,512,16,32,64,1,72.2642
indexer,512,16,32,128,1,73.9038
indexer,512,16,32,256,1,77.568
indexer,512,16,32,512,1,95.2572
indexer,512,16,32,1024,1,129.529
indexer,512,16,32,2048,1,218.857
indexer,512,16,32,4096,1,719.16
indexer,512,16,32,8192,1,818.112
indexer,512,16,32,16384,1,1470.07
indexer,512,16,64,16,1,77.4882
indexer,512,16,64,32,1,77.512
indexer,512,16,64,64,1,79.56
indexer,512,16,64,128,1,81.953
indexer,512,16,64,256,1,88.1765
indexer,512,16,64,512,1,109.568
indexer,512,16,64,1024,1,155.034
indexer,512,16,64,2048,1,608.641
indexer,512,16,64,4096,1,899.832
indexer,512,16,64,8192,1,930.234
indexer,512,16,64,16384,1,1803.5
indexer,512,16,128,16,1,87.5607
indexer,512,16,128,32,1,88.895
indexer,512,16,128,64,1,92.4153
indexer,512,16,128,128,1,98.4237
indexer,512,16,128,256,1,109.513
indexer,512,16,128,512,1,138.56
indexer,512,16,128,1024,1,200.313
indexer,512,16,128,2048,1,730.585
indexer,512,16,128,4096,1,986.681
indexer,512,16,128,8192,1,1299.03
indexer,512,16,128,16384,1,2802.76
indexer,512,32,0,0,1,66.2643
indexer,512,32,1,16,1,66.9692
indexer,512,32,1,32,1,66.5837
indexer,512,32,1,64,1,66.7198
indexer,512,32,1,128,1,66.864
indexer,512,32,1,256,1,67.2315
indexer,512,32,1,512,1,67.5113
indexer,512,32,1,1024,1,81.088
indexer,512,32,1,2048,1,127.423
indexer,512,32,1,4096,1,537.346
indexer,512,32,1,8192,1,314.328
indexer,512,32,1,16384,1,551.952
indexer,512,32,2,16,1,66.943
indexer,512,32,2,32,1,67.3445
indexer,512,32,2,64,1,67.7203
indexer,512,32,2,128,1,66.9835
indexer,512,32,2,256,1,67.8722
indexer,512,32,2,512,1,80.5528
indexer,512,32,2,1024,1,110.128
indexer,512,32,2,2048,1,183.465
indexer,512,32,2,4096,1,649.832
indexer,512,32,2,8192,1,570.399
indexer,512,32,2,16384,1,1055
indexer,512,32,4,16,1,67.8792
indexer,512,32,4,32,1,67.3357
indexer,512,32,4,64,1,67.528
indexer,512,32,4,128,1,67.9518
indexer,512,32,4,256,1,68.256
indexer,512,32,4,512,1,82.1043
indexer,512,32,4,1024,1,111.176
indexer,512,32,4,2048,1,185.44
indexer,512,32,4,4096,1,655.167
indexer,512,32,4,8192,1,572.633
indexer,512,32,4,16384,1,1073.11
indexer,512,32,8,16,1,67.9757
indexer,512,32,8,32,1,67.7985
indexer,512,32,8,64,1,67.9202
indexer,512,32,8,128,1,68.44
indexer,512,32,8,256,1,69.337
indexer,512,32,8,512,1,84.2475
indexer,512,32,8,1024,1,114.495
indexer,512,32,8,2048,1,191.655
indexer,512,32,8,4096,1,662.855
indexer,512,32,8,8192,1,591.57
indexer,512,32,8,16384,1,1106.31
indexer,512,32,16,16,1,68.4327
indexer,512,32,16,32,1,69.7208
indexer,512,32,16,64,1,69.4563
indexer,512,32,16,128,1,69.304
indexer,512,32,16,256,1,71.5675
indexer,512,32,16,512,1,87.928
indexer,512,32,16,1024,1,121.087
indexer,512,32,16,2048,1,198.656
indexer,512,32,16,4096,1,681.065
indexer,512,32,16,8192,1,627.097
indexer,512,32,16,16384,1,1329.01
indexer,512,32,32,16,1,72.808
indexer,512,32,32,32,1,72.4815
indexer,512,32,32,64,1,73.0477
indexer,512,32,32,128,1,74.2565
indexer,512,32,32,256,1,77.6888
indexer,512,32,32,512,1,94.751
indexer,512,32,32,1024,1,129.912
indexer,512,32,32,2048,1,219.425
indexer,512,32,32,4096,1,717.953
indexer,512,32,32,8192,1,818.537
indexer,512,32,32,16384,1,1470.71
indexer,512,32,64,16,1,77.7675
indexer,512,32,64,32,1,77.919
indexer,512,32,64,64,1,79.7925
indexer,512,32,64,128,1,82.2325
indexer,512,32,64,256,1,88.7113
indexer,512,32,64,512,1,109.712
indexer,512,32,64,1024,1,154.433
indexer,512,32,64,2048,1,607.93
indexer,512,32,64,4096,1,901.793
indexer,512,32,64,8192,1,929.073
indexer,512,32,64,16384,1,1806.69
indexer,512,32,128,16,1,87.464
indexer,512,32,128,32,1,89.8233
indexer,512,32,128,64,1,91.8955
indexer,512,32,128,128,1,98.2975
indexer,512,32,128,256,1,109.584
indexer,512,32,128,512,1,138.68
indexer,512,32,128,1024,1,198.671
indexer,512,32,128,2048,1,733.368
indexer,512,32,128,4096,1,987.24
indexer,512,32,128,8192,1,1301.51
indexer,512,32,128,16384,1,2802.61
indexer,512,64,0,0,1,67.4725
indexer,512,64,1,16,1,67.328
indexer,512,64,1,32,1,67.4805
indexer,512,64,1,64,1,67.28
indexer,512,64,1,128,1,68.2318
indexer,512,64,1,256,1,67.6495
indexer,512,64,1,512,1,68.2637
indexer,512,64,1,1024,1,81.041
indexer,512,64,1,2048,1,127.482
indexer,512,64,1,4096,1,537.729
indexer,512,64,1,8192,1,315.56
indexer,512,64,1,16384,1,552.471
indexer,512,64,2,16,1,67.7925
indexer,512,64,2,32,1,68.4963
indexer,512,64,2,64,1,68.2797
indexer,512,64,2,128,1,68.288
indexer,512,64,2,256,1,68.2802
indexer,512,64,2,512,1,81.1757
indexer,512,64,2,1024,1,109.784
indexer,512,64,2,2048,1,183.624
indexer,512,64,2,4096,1,651.121
indexer,512,64,2,8192,1,569.801
indexer,512,64,2,16384,1,1054.92
indexer,512,64,4,16,1,67.9992
indexer,512,64,4,32,1,68.8393
indexer,512,64,4,64,1,67.7683
indexer,512,64,4,128,1,68.9455
indexer,512,64,4,256,1,68.7045
indexer,512,64,4,512,1,81.52
indexer,512,64,4,1024,1,111.473
indexer,512,64,4,2048,1,185.88
indexer,512,64,4,4096,1,656.264
indexer,512,64,4,8192,1,574.321
indexer,512,64,4,16384,1,1072.91
indexer,512,64,8,16,1,67.8955
indexer,512,64,8,32,1,68.2242
indexer,512,64,8,64,1,69.1833
indexer,512,64,8,128,1,68.6158
indexer,512,64,8,256,1,69.2332
indexer,512,64,8,512,1,84.1513
indexer,512,64,8,1024,1,115.233
indexer,512,64,8,2048,1,191.56
indexer,512,64,8,4096,1,662.432
indexer,512,64,8,8192,1,591.608
indexer,512,64,8,16384,1,1104.67
indexer,512,64,16,16,1,68.8637
indexer,512,64,16,32,1,69.8398
indexer,512,64,16,64,1,70.1423
indexer,512,64,16,128,1,69.9035
indexer,512,64,16,256,1,71.7998
indexer,512,64,16,512,1,87.304
indexer,512,64,16,1024,1,121.728
indexer,512,64,16,2048,1,199.393
indexer,512,64,16,4096,1,680.785
indexer,512,64,16,8192,1,628.272
indexer,512,64,16,16384,1,1331.86
indexer,512,64,32,16,1,72.9048
indexer,512,64,32,32,1,73.0148
indexer,512,64,32,64,1,73.264
indexer,512,64,32,128,1,73.824
indexer,512,64,32,256,1,77.9045
indexer,512,64,32,512,1,94.8963
indexer,512,64,32,1024,1,130.648
indexer,512,64,32,2048,1,219.944
indexer,512,64,32,4096,1,719.81
indexer,512,64,32,8192,1,819.258
indexer,512,64,32,16384,1,1470.4
indexer,512,64,64,16,1,77.8875
indexer,512,64,64,32,1,78.361
indexer,512,64,64,64,1,80.5673
indexer,512,64,64,128,1,82.905
indexer,512,64,64,256,1,89.7125
indexer,512,64,64,512,1,110.839
indexer,512,64,64,1024,1,155.36
indexer,512,64,64,2048,1,609.609
indexer,512,64,64,4096,1,900.536
indexer,512,64,64,8192,1,933.081
indexer,512,64,64,16384,1,1806.17
indexer,512,64,128,16,1,89.3772
indexer,512,64,128,32,1,90.1857
indexer,512,64,128,64,1,92.9202
indexer,512,64,128,128,1,98.7535
indexer,512,64,128,256,1,109.808
indexer,512,64,128,512,1,140.048
indexer,512,64,128,1024,1,201.127
indexer,512,64,128,2048,1,734.282
indexer,512,64,128,4096,1,986.691
indexer,512,64,128,8192,1,1302.36
indexer,512,64,128,16384,1,2807.07
indexer,512,128,0,0,1,69.7605
indexer,512,128,1,16,1,68.984
indexer,512,128,1,32,1,69.8795
indexer,512,128,1,64,1,69.672
indexer,512,128,1,128,1,69.9355
indexer,512,128,1,256,1,70.2728
indexer,512,128,1,512,1,71.2575
indexer,512,128,1,1024,1,85.2965
indexer,512,128,1,2048,1,131.874
indexer,512,128,1,4096,1,206.585
indexer,512,128,1,8192,1,319.92
indexer,512,128,1,16384,1,555.458
indexer,512,128,2,16,1,69.7848
indexer,512,128,2,32,1,70.0005
indexer,512,128,2,64,1,70.2398
indexer,512,128,2,128,1,69.7272
indexer,512,128,2,256,1,71.488
indexer,512,128,2,512,1,85.8648
indexer,512,128,2,1024,1,113.847
indexer,512,128,2,2048,1,186.72
indexer,512,128,2,4096,1,320.545
indexer,512,128,2,8192,1,573.473
indexer,512,128,2,16384,1,1058.09
indexer,512,128,4,16,1,70.5753
indexer,512,128,4,32,1,70.0155
indexer,512,128,4,64,1,69.9838
indexer,512,128,4,128,1,70.4162
indexer,512,128,4,256,1,71.6478
indexer,512,128,4,512,1,86.152
indexer,512,128,4,1024,1,115.608
indexer,512,128,4,2048,1,190.008
indexer,512,128,4,4096,1,325.106
indexer,512,128,4,8192,1,577.848
indexer,512,128,4,16384,1,1074.13
indexer,512,128,8,16,1,70.5127
indexer,512,128,8,32,1,70.3118
indexer,512,128,8,64,1,70.456
indexer,512,128,8,128,1,71.792
indexer,512,128,8,256,1,72.7198
indexer,512,128,8,512,1,88.6647
indexer,512,128,8,1024,1,119.496
indexer,512,128,8,2048,1,196.135
indexer,512,128,8,4096,1,331.849
indexer,512,128,8,8192,1,594.808
indexer,512,128,8,16384,1,1110.95
indexer,512,128,16,16,1,71.8405
indexer,512,128,16,32,1,72.2955
indexer,512,128,16,64,1,71.736
indexer,512,128,16,128,1,72.8882
indexer,512,128,16,256,1,75.72
indexer,512,128,16,512,1,92.8393
indexer,512,128,16,1024,1,126.489
indexer,512,128,16,2048,1,202.56
indexer,512,128,16,4096,1,349.967
indexer,512,128,16,8192,1,631.969
indexer,512,128,16,16384,1,1337.03
indexer,512,128,32,16,1,75.5447
indexer,512,128,32,32,1,75.6633
indexer,512,128,32,64,1,75.656
indexer,512,128,32,128,1,76.6803
indexer,512,128,32,256,1,81.1843
indexer,512,128,32,512,1,99.8162
indexer,512,128,32,1024,1,135.663
indexer,512,128,32,2048,1,223.578
indexer,512,128,32,4096,1,388.103
indexer,512,128,32,8192,1,824.496
indexer,512,128,32,16384,1,1476.95
indexer,512,128,64,16,1,80.192
indexer,512,128,64,32,1,80.7837
indexer,512,128,64,64,1,82.8478
indexer,512,128,64,128,1,86.0965
indexer,512,128,64,256,1,92.736
indexer,512,128,64,512,1,114.632
indexer,512,128,64,1024,1,159.776
indexer,512,128,64,2048,1,614.112
indexer,512,128,64,4096,1,569.794
indexer,512,128,64,8192,1,936.001
indexer,512,128,64,16384,1,1808.23
indexer,512,128,128,16,1,91.688
indexer,512,128,128,32,1,91.84
indexer,512,128,128,64,1,95.3528
indexer,512,128,128,128,1,100.256
indexer,512,128,128,256,1,110.799
indexer,512,128,128,512,1,142.095
indexer,512,128,128,1024,1,202.056
indexer,512,128,128,2048,1,736.257
indexer,512,128,128,4096,1,653.48
indexer,512,128,128,8192,1,1308.55
indexer,512,128,128,16384,1,2807.81
indexer,512,256,0,0,1,77.784
indexer,512,256,1,16,1,77.7125
indexer,512,256,1,32,1,77.1598
indexer,512,256,1,64,1,76.8717
indexer,512,256,1,128,1,77.759
indexer,512,256,1,256,1,77.3845
indexer,512,256,1,512,1,77.28
indexer,512,256,1,1024,1,88.896
indexer,512,256,1,2048,1,134.536
indexer,512,256,1,4096,1,209.961
indexer,512,256,1,8192,1,318.52
indexer,512,256,1,16384,1,560.018
indexer,512,256,2,16,1,78.2398
indexer,512,256,2,32,1,77.864
indexer,512,256,2,64,1,77.4
indexer,512,256,2,128,1,78.0083
indexer,512,256,2,256,1,77.5108
indexer,512,256,2,512,1,88.4812
indexer,512,256,2,1024,1,117.761
indexer,512,256,2,2048,1,191.168
indexer,512,256,2,4096,1,324.704
indexer,512,256,2,8192,1,578.649
indexer,512,256,2,16384,1,1061.59
indexer,512,256,4,16,1,78.3928
indexer,512,256,4,32,1,77.5113
indexer,512,256,4,64,1,77.5445
indexer,512,256,4,128,1,77.7608
indexer,512,256,4,256,1,79.2973
indexer,512,256,4,512,1,89.9273
indexer,512,256,4,1024,1,119.561
indexer,512,256,4,2048,1,193.832
indexer,512,256,4,4096,1,329.601
indexer,512,256,4,8192,1,580.817
indexer,512,256,4,16384,1,1078.28
indexer,512,256,8,16,1,77.816
indexer,512,256,8,32,1,77.3518
indexer,512,256,8,64,1,77.8798
indexer,512,256,8,128,1,78.744
indexer,512,256,8,256,1,79.4887
indexer,512,256,8,512,1,92.7758
indexer,512,256,8,1024,1,123.76
indexer,512,256,8,2048,1,199.104
indexer,512,256,8,4096,1,335.552
indexer,512,256,8,8192,1,598.088
indexer,512,256,8,16384,1,1116.79
indexer,512,256,16,16,1,79.3358
indexer,512,256,16,32,1,79.1673
indexer,512,256,16,64,1,79.8483
indexer,512,256,16,128,1,80.598
indexer,512,256,16,256,1,82.1035
indexer,512,256,16,512,1,96.6795
indexer,512,256,16,1024,1,130.809
indexer,512,256,16,2048,1,206.943
indexer,512,256,16,4096,1,354.928
indexer,512,256,16,8192,1,634.48
indexer,512,256,16,16384,1,1338.93
indexer,512,256,32,16,1,82.4155
indexer,512,256,32,32,1,82.896
indexer,512,256,32,64,1,83.289
indexer,512,256,32,128,1,84.3768
indexer,512,256,32,256,1,87.6478
indexer,512,256,32,512,1,103.281
indexer,512,256,32,1024,1,139.2
indexer,512,256,32,2048,1,227.872
indexer,512,256,32,4096,1,393.352
indexer,512,256,32,8192,1,826.552
indexer,512,256,32,16384,1,1479.72
indexer,512,256,64,16,1,87.6093
indexer,512,256,64,32,1,88.1937
indexer,512,256,64,64,1,89.9032
indexer,512,256,64,128,1,92.7773
indexer,512,256,64,256,1,98.3365
indexer,512,256,64,512,1,118.808
indexer,512,256,64,1024,1,163.626
indexer,512,256,64,2048,1,617.264
indexer,512,256,64,4096,1,572.577
indexer,512,256,64,8192,1,940.423
indexer,512,256,64,16384,1,1814.6
indexer,512,256,128,16,1,98.8325
indexer,512,256,128,32,1,99.9533
indexer,512,256,128,64,1,102.032
indexer,512,256,128,128,1,109.048
indexer,512,256,128,256,1,116.759
indexer,512,256,128,512,1,145.583
indexer,512,256,128,1024,1,205.881
indexer,512,256,128,2048,1,1095.29
indexer,512,256,128,4096,1,659.579
indexer,512,256,128,8192,1,1308.91
indexer,512,256,128,16384,1,2810.7
indexer,512,512,0,0,1,91.3133
indexer,512,512,1,16,1,91.2805
indexer,512,512,1,32,1,91.3853
indexer,512,512,1,64,1,91.977
indexer,512,512,1,128,1,92.248
indexer,512,512,1,256,1,92.817
indexer,512,512,1,512,1,92.7602
indexer,512,512,1,1024,1,96.9205
indexer,512,512,1,2048,1,142.056
indexer,512,512,1,4096,1,219.144
indexer,512,512,1,8192,1,354.543
indexer,512,512,1,16384,1,567.608
indexer,512,512,2,16,1,91.672
indexer,512,512,2,32,1,92.4953
indexer,512,512,2,64,1,92.304
indexer,512,512,2,128,1,92.1355
indexer,512,512,2,256,1,92.0947
indexer,512,512,2,512,1,97.1523
indexer,512,512,2,1024,1,125.631
indexer,512,512,2,2048,1,198.081
indexer,512,512,2,4096,1,333.144
indexer,512,512,2,8192,1,583.376
indexer,512,512,2,16384,1,1071.02
indexer,512,512,4,16,1,91.864
indexer,512,512,4,32,1,92.5198
indexer,512,512,4,64,1,92.3435
indexer,512,512,4,128,1,92.384
indexer,512,512,4,256,1,93.7455
indexer,512,512,4,512,1,97.3833
indexer,512,512,4,1024,1,127.92
indexer,512,512,4,2048,1,201.568
indexer,512,512,4,4096,1,337.337
indexer,512,512,4,8192,1,590.696
indexer,512,512,4,16384,1,1086.32
indexer,512,512,8,16,1,92.5523
indexer,512,512,8,32,1,92.9515
indexer,512,512,8,64,1,92.5908
indexer,512,512,8,128,1,93.153
indexer,512,512,8,256,1,93.3595
indexer,512,512,8,512,1,100.136
indexer,512,512,8,1024,1,131.8
indexer,512,512,8,2048,1,207.223
indexer,512,512,8,4096,1,344.145
indexer,512,512,8,8192,1,607.704
indexer,512,512,8,16384,1,1122.24
indexer,512,512,16,16,1,93.8233
indexer,512,512,16,32,1,94.072
indexer,512,512,16,64,1,93.8633
indexer,512,512,16,128,1,94.8728
indexer,512,512,16,256,1,97.4165
indexer,512,512,16,512,1,103.848
indexer,512,512,16,1024,1,138.728
indexer,512,512,16,2048,1,214.351
indexer,512,512,16,4096,1,363.68
indexer,512,512,16,8192,1,646.76
indexer,512,512,16,16384,1,1348.75
indexer,512,512,32,16,1,97.271
indexer,512,512,32,32,1,97.5363
indexer,512,512,32,64,1,97.041
indexer,512,512,32,128,1,99.449
indexer,512,512,32,256,1,102.641
indexer,512,512,32,512,1,110.633
indexer,512,512,32,1024,1,148.392
indexer,512,512,32,2048,1,234.879
indexer,512,512,32,4096,1,399.553
indexer,512,512,32,8192,1,833.841
indexer,512,512,32,16384,1,1490.2
indexer,512,512,64,16,1,103.105
indexer,512,512,64,32,1,102.808
indexer,512,512,64,64,1,104.209
indexer,512,512,64,128,1,108.497
indexer,512,512,64,256,1,113.569
indexer,512,512,64,512,1,126.752
indexer,512,512,64,1024,1,172.024
indexer,512,512,64,2048,1,625.249
indexer,512,512,64,4096,1,580.49
indexer,512,512,64,8192,1,948.432
indexer,512,512,64,16384,1,1825.58
indexer,512,512,128,16,1,113.68
indexer,512,512,128,32,1,114.303
indexer,512,512,128,64,1,116.873
indexer,512,512,128,128,1,123.256
indexer,512,512,128,256,1,129.783
indexer,512,512,128,512,1,153.528
indexer,512,512,128,1024,1,213.544
indexer,512,512,128,2048,1,1102.51
indexer,512,512,128,4096,1,667.504
indexer,512,512,128,8192,1,1319.71
indexer,512,512,128,16384,1,2819.77
indexer,512,1024,0,0,1,121.967
indexer,512,1024,1,16,1,122.512
indexer,512,1024,1,32,1,122.12
indexer,512,1024,1,64,1,121.376
indexer,512,1024,1,128,1,122.793
indexer,512,1024,1,256,1,122.432
indexer,512,1024,1,512,1,121.808
indexer,512,1024,1,1024,1,122.272
indexer,512,1024,1,2048,1,156.32
indexer,512,1024,1,4096,1,235.152
indexer,512,1024,1,8192,1,371.009
indexer,512,1024,1,16384,1,631.753
indexer,512,1024,2,16,1,122.184
indexer,512,1024,2,32,1,122.217
indexer,512,1024,2,64,1,122.024
indexer,512,1024,2,128,1,122.568
indexer,512,1024,2,256,1,122.704
indexer,512,1024,2,512,1,123.104
indexer,512,1024,2,1024,1,142.535
indexer,512,1024,2,2048,1,213.888
indexer,512,1024,2,4096,1,348.896
indexer,512,1024,2,8192,1,601.543
indexer,512,1024,2,16384,1,1087.07
indexer,512,1024,4,16,1,121.57
indexer,512,1024,4,32,1,122.128
indexer,512,1024,4,64,1,122.52
indexer,512,1024,4,128,1,122.224
indexer,512,1024,4,256,1,123.467
indexer,512,1024,4,512,1,124.568
indexer,512,1024,4,1024,1,144.281
indexer,512,1024,4,2048,1,214.959
indexer,512,1024,4,4096,1,352.583
indexer,512,1024,4,8192,1,605.249
indexer,512,1024,4,16384,1,1103.03
indexer,512,1024,8,16,1,122.383
indexer,512,1024,8,32,1,122.68
indexer,512,1024,8,64,1,123.145
indexer,512,1024,8,128,1,123.103
indexer,512,1024,8,256,1,123.616
indexer,512,1024,8,512,1,124.68
indexer,512,1024,8,1024,1,147.952
indexer,512,1024,8,2048,1,221.039
indexer,512,1024,8,4096,1,360.969
indexer,512,1024,8,8192,1,622.505
indexer,512,1024,8,16384,1,1137.99
indexer,512,1024,16,16,1,123.249
indexer,512,1024,16,32,1,123.48
indexer,512,1024,16,64,1,124.481
indexer,512,1024,16,128,1,125.104
indexer,512,1024,16,256,1,126.688
indexer,512,1024,16,512,1,130.017
indexer,512,1024,16,1024,1,153.617
indexer,512,1024,16,2048,1,228.08
indexer,512,1024,16,4096,1,378.201
indexer,512,1024,16,8192,1,658.969
indexer,512,1024,16,16384,1,1363.55
indexer,512,1024,32,16,1,126.577
indexer,512,1024,32,32,1,126.321
indexer,512,1024,32,64,1,127.071
indexer,512,1024,32,128,1,129.568
indexer,512,1024,32,256,1,132.608
indexer,512,1024,32,512,1,136.241
indexer,512,1024,32,1024,1,164.04
indexer,512,1024,32,2048,1,248.928
indexer,512,1024,32,4096,1,416.298
indexer,512,1024,32,8192,1,850.776
indexer,512,1024,32,16384,1,1502.9
indexer,512,1024,64,16,1,132.648
indexer,512,1024,64,32,1,133.911
indexer,512,1024,64,64,1,134.504
indexer,512,1024,64,128,1,138.137
indexer,512,1024,64,256,1,142.943
indexer,512,1024,64,512,1,150.728
indexer,512,1024,64,1024,1,187.432
indexer,512,1024,64,2048,1,641.881
indexer,512,1024,64,4096,1,598.185
indexer,512,1024,64,8192,1,965.929
indexer,512,1024,64,16384,1,1838.59
indexer,512,1024,128,16,1,142.703
indexer,512,1024,128,32,1,144.848
indexer,512,1024,128,64,1,147.416
indexer,512,1024,128,128,1,153.12
indexer,512,1024,128,256,1,160.824
indexer,512,1024,128,512,1,176.625
indexer,512,1024,128,1024,1,229.959
indexer,512,1024,128,2048,1,1120.18
indexer,512,1024,128,4096,1,681.001
indexer,512,1024,128,8192,1,1336.69
indexer,512,1024,128,16384,1,2834.08
indexer,512,2048,0,0,1,559.688
indexer,512,2048,1,16,1,562.113
indexer,512,2048,1,32,1,561.969
indexer,512,2048,1,64,1,561.874
indexer,512,2048,1,128,1,561.464
indexer,512,2048,1,256,1,561.151
indexer,512,2048,1,512,1,561.176
indexer,512,2048,1,1024,1,562.401
indexer,512,2048,1,2048,1,563.824
indexer,512,2048,1,4096,1,610.655
indexer,512,2048,1,8192,1,723.657
indexer,512,2048,1,16384,1,951.921
indexer,512,2048,2,16,1,561.433
indexer,512,2048,2,32,1,562.168
indexer,512,2048,2,64,1,561.137
indexer,512,2048,2,128,1,561.897
indexer,512,2048,2,256,1,562
indexer,512,2048,2,512,1,562.848
indexer,512,2048,2,1024,1,562.705
indexer,512,2048,2,2048,1,610.36
indexer,512,2048,2,4096,1,724.545
indexer,512,2048,2,8192,1,950.705
indexer,512,2048,2,16384,1,1403.71
indexer,512,2048,4,16,1,562.496
indexer,512,2048,4,32,1,561.977
indexer,512,2048,4,64,1,561.305
indexer,512,2048,4,128,1,562.272
indexer,512,2048,4,256,1,562.625
indexer,512,2048,4,512,1,563.647
indexer,512,2048,4,1024,1,564.599
indexer,512,2048,4,2048,1,613.488
indexer,512,2048,4,4096,1,729.817
indexer,512,2048,4,8192,1,957.761
indexer,512,2048,4,16384,1,1421.52
indexer,512,2048,8,16,1,562.698
indexer,512,2048,8,32,1,562.808
indexer,512,2048,8,64,1,562.289
indexer,512,2048,8,128,1,562.736
indexer,512,2048,8,256,1,563.48
indexer,512,2048,8,512,1,565.271
indexer,512,2048,8,1024,1,567.343
indexer,512,2048,8,2048,1,619.544
indexer,512,2048,8,4096,1,736.857
indexer,512,2048,8,8192,1,977.097
indexer,512,2048,8,16384,1,1456.7
indexer,512,2048,16,16,1,563.183
indexer,512,2048,16,32,1,563.265
indexer,512,2048,16,64,1,564.138
indexer,512,2048,16,128,1,565.753
indexer,512,2048,16,256,1,567.256
indexer,512,2048,16,512,1,569.466
indexer,512,2048,16,1024,1,574.625
indexer,512,2048,16,2048,1,626.633
indexer,512,2048,16,4096,1,755.129
indexer,512,2048,16,8192,1,1011.74
indexer,512,2048,16,16384,1,1679.51
indexer,512,2048,32,16,1,566.352
indexer,512,2048,32,32,1,566.721
indexer,512,2048,32,64,1,566.808
indexer,512,2048,32,128,1,569.121
indexer,512,2048,32,256,1,572.48
indexer,512,2048,32,512,1,576.529
indexer,512,2048,32,1024,1,583.968
indexer,512,2048,32,2048,1,648.025
indexer,512,2048,32,4096,1,791.312
indexer,512,2048,32,8192,1,1222.73
indexer,512,2048,32,16384,1,1823.47
indexer,512,2048,64,16,1,572.208
indexer,512,2048,64,32,1,571.64
indexer,512,2048,64,64,1,573.161
indexer,512,2048,64,128,1,577.833
indexer,512,2048,64,256,1,581.778
indexer,512,2048,64,512,1,589.481
indexer,512,2048,64,1024,1,605.217
indexer,512,2048,64,2048,1,691.017
indexer,512,2048,64,4096,1,973.313
indexer,512,2048,64,8192,1,1319.63
indexer,512,2048,64,16384,1,2155.09
indexer,512,2048,128,16,1,582.129
indexer,512,2048,128,32,1,581.378
indexer,512,2048,128,64,1,587.489
indexer,512,2048,128,128,1,591.209
indexer,512,2048,128,256,1,598.568
indexer,512,2048,128,512,1,614.952
indexer,512,2048,128,1024,1,646.417
indexer,512,2048,128,2048,1,1169.91
indexer,512,2048,128,4096,1,1064.03
indexer,512,2048,128,8192,1,1694.29
indexer,512,2048,128,16384,1,3159.11
indexer,512,4096,0,0,1,349.064
indexer,512,4096,1,16,1,350.88
indexer,512,4096,1,32,1,350.136
indexer,512,4096,1,64,1,351.088
indexer,512,4096,1,128,1,350.647
indexer,512,4096,1,256,1,351.023
indexer,512,4096,1,512,1,351.927
indexer,512,4096,1,1024,1,351.257
indexer,512,4096,1,2048,1,352.376
indexer,512,4096,1,4096,1,356.553
indexer,512,4096,1,8192,1,478.304
indexer,512,4096,1,16384,1,736.297
indexer,512,4096,2,16,1,351.984
indexer,512,4096,2,32,1,350.833
indexer,512,4096,2,64,1,351.969
indexer,512,4096,2,128,1,351.744
indexer,512,4096,2,256,1,351.936
indexer,512,4096,2,512,1,352.184
indexer,512,4096,2,1024,1,352.608
indexer,512,4096,2,2048,1,354.855
indexer,512,4096,2,4096,1,461.44
indexer,512,4096,2,8192,1,705.88
indexer,512,4096,2,16384,1,1195.54
indexer,512,4096,4,16,1,351.761
indexer,512,4096,4,32,1,352.791
indexer,512,4096,4,64,1,351.833
indexer,512,4096,4,128,1,352.145
indexer,512,4096,4,256,1,353.234
indexer,512,4096,4,512,1,353.289
indexer,512,4096,4,1024,1,354.88
indexer,512,4096,4,2048,1,357.049
indexer,512,4096,4,4096,1,464.928
indexer,512,4096,4,8192,1,714.008
indexer,512,4096,4,16384,1,1210.36
indexer,512,4096,8,16,1,352.289
indexer,512,4096,8,32,1,352.44
indexer,512,4096,8,64,1,353.256
indexer,512,4096,8,128,1,354.176
indexer,512,4096,8,256,1,354.176
indexer,512,4096,8,512,1,354.681
indexer,512,4096,8,1024,1,358.368
indexer,512,4096,8,2048,1,361.081
indexer,512,4096,8,4096,1,474.865
indexer,512,4096,8,8192,1,733.416
indexer,512,4096,8,16384,1,1245.62
indexer,512,4096,16,16,1,352.568
indexer,512,4096,16,32,1,352.16
indexer,512,4096,16,64,1,353.137
indexer,512,4096,16,128,1,353.689
indexer,512,4096,16,256,1,355.416
indexer,512,4096,16,512,1,358.593
indexer,512,4096,16,1024,1,359.834
indexer,512,4096,16,2048,1,368.857
indexer,512,4096,16,4096,1,491.712
indexer,512,4096,16,8192,1,768.48
indexer,512,4096,16,16384,1,1469.93
indexer,512,4096,32,16,1,355.025
indexer,512,4096,32,32,1,355.113
indexer,512,4096,32,64,1,357.311
indexer,512,4096,32,128,1,358.384
indexer,512,4096,32,256,1,359.392
indexer,512,4096,32,512,1,363.6
indexer,512,4096,32,1024,1,372.512
indexer,512,4096,32,2048,1,388.714
indexer,512,4096,32,4096,1,530.56
indexer,512,4096,32,8192,1,982.433
indexer,512,4096,32,16384,1,1617.81
indexer,512,4096,64,16,1,358.584
indexer,512,4096,64,32,1,360.203
indexer,512,4096,64,64,1,360.985
indexer,512,4096,64,128,1,364.688
indexer,512,4096,64,256,1,368.248
indexer,512,4096,64,512,1,377.76
indexer,512,4096,64,1024,1,392.785
indexer,512,4096,64,2048,1,770.69
indexer,512,4096,64,4096,1,727.017
indexer,512,4096,64,8192,1,1079.79
indexer,512,4096,64,16384,1,1950.39
indexer,512,4096,128,16,1,369.769
indexer,512,4096,128,32,1,370.433
indexer,512,4096,128,64,1,373.817
indexer,512,4096,128,128,1,377.841
indexer,512,4096,128,256,1,387.112
indexer,512,4096,128,512,1,403.112
indexer,512,4096,128,1024,1,434.906
indexer,512,4096,128,2048,1,1248.39
indexer,512,4096,128,4096,1,817.216
indexer,512,4096,128,8192,1,1456.59
indexer,512,4096,128,16384,1,2952.12
indexer,512,8192,0,0,1,644.752
indexer,512,8192,1,16,1,642.721
indexer,512,8192,1,32,1,642.73
indexer,512,8192,1,64,1,643.506
indexer,512,8192,1,128,1,641.385
indexer,512,8192,1,256,1,641.185
indexer,512,8192,1,512,1,641.649
indexer,512,8192,1,1024,1,643.21
indexer,512,8192,1,2048,1,642.043
indexer,512,8192,1,4096,1,644.185
indexer,512,8192,1,8192,1,646.928
indexer,512,8192,1,16384,1,862.513
indexer,512,8192,2,16,1,642.162
indexer,512,8192,2,32,1,642.928
indexer,512,8192,2,64,1,640.855
indexer,512,8192,2,128,1,640.713
indexer,512,8192,2,256,1,641.881
indexer,512,8192,2,512,1,643.289
indexer,512,8192,2,1024,1,642.178
indexer,512,8192,2,2048,1,644.25
indexer,512,8192,2,4096,1,646.137
indexer,512,8192,2,8192,1,862.753
indexer,512,8192,2,16384,1,1320.6
indexer,512,8192,4,16,1,643.049
indexer,512,8192,4,32,1,641.713
indexer,512,8192,4,64,1,641.305
indexer,512,8192,4,128,1,642.353
indexer,512,8192,4,256,1,642.586
indexer,512,8192,4,512,1,642.152
indexer,512,8192,4,1024,1,644.288
indexer,512,8192,4,2048,1,646.056
indexer,512,8192,4,4096,1,648.714
indexer,512,8192,4,8192,1,870.04
indexer,512,8192,4,16384,1,1339.67
indexer,512,8192,8,16,1,641.449
indexer,512,8192,8,32,1,640.985
indexer,512,8192,8,64,1,642.889
indexer,512,8192,8,128,1,643.521
indexer,512,8192,8,256,1,642.737
indexer,512,8192,8,512,1,644.625
indexer,512,8192,8,1024,1,647.625
indexer,512,8192,8,2048,1,648.864
indexer,512,8192,8,4096,1,657.41
indexer,512,8192,8,8192,1,888.809
indexer,512,8192,8,16384,1,1374.34
indexer,512,8192,16,16,1,644.474
indexer,512,8192,16,32,1,643.143
indexer,512,8192,16,64,1,643.905
indexer,512,8192,16,128,1,644.273
indexer,512,8192,16,256,1,646.064
indexer,512,8192,16,512,1,648.952
indexer,512,8192,16,1024,1,650.553
indexer,512,8192,16,2048,1,661.897
indexer,512,8192,16,4096,1,674.153
indexer,512,8192,16,8192,1,922.008
indexer,512,8192,16,16384,1,1601.31
indexer,512,8192,32,16,1,646.319
indexer,512,8192,32,32,1,646.64
indexer,512,8192,32,64,1,648.096
indexer,512,8192,32,128,1,649.634
indexer,512,8192,32,256,1,651.872
indexer,512,8192,32,512,1,653.654
indexer,512,8192,32,1024,1,666.56
indexer,512,8192,32,2048,1,680.416
indexer,512,8192,32,4096,1,708.736
indexer,512,8192,32,8192,1,1137.08
indexer,512,8192,32,16384,1,1764.25
indexer,512,8192,64,16,1,660.672
indexer,512,8192,64,32,1,662.417
indexer,512,8192,64,64,1,661.978
indexer,512,8192,64,128,1,665.504
indexer,512,8192,64,256,1,669.281
indexer,512,8192,64,512,1,677.136
indexer,512,8192,64,1024,1,691.714
indexer,512,8192,64,2048,1,1007.58
indexer,512,8192,64,4096,1,889.449
indexer,512,8192,64,8192,1,1249.42
indexer,512,8192,64,16384,1,2100.06
indexer,512,8192,128,16,1,670.2
indexer,512,8192,128,32,1,671.473
indexer,512,8192,128,64,1,672.841
indexer,512,8192,128,128,1,676.698
indexer,512,8192,128,256,1,686.672
indexer,512,8192,128,512,1,702.921
indexer,512,8192,128,1024,1,731.417
indexer,512,8192,128,2048,1,1491.24
indexer,512,8192,128,4096,1,1005.59
indexer,512,8192,128,8192,1,1623.26
indexer,512,8192,128,16384,1,3094.06
indexer,512,16384,0,0,1,1132.06
indexer,512,16384,1,16,1,1132.71
indexer,512,16384,1,32,1,1132.69
indexer,512,16384,1,64,1,1132.93
indexer,512,16384,1,128,1,1132.58
indexer,512,16384,1,256,1,1131.38
indexer,512,16384,1,512,1,1130.19
indexer,512,16384,1,1024,1,1133.55
indexer,512,16384,1,2048,1,1131.09
indexer,512,16384,1,4096,1,1132.3
indexer,512,16384,1,8192,1,1134.48
indexer,512,16384,1,16384,1,1137.75
indexer,512,16384,2,16,1,1133.72
indexer,512,16384,2,32,1,1132.78
indexer,512,16384,2,64,1,1130.58
indexer,512,16384,2,128,1,1130.64
indexer,512,16384,2,256,1,1128.58
indexer,512,16384,2,512,1,1132.69
indexer,512,16384,2,1024,1,1133.11
indexer,512,16384,2,2048,1,1131.93
indexer,512,16384,2,4096,1,1132.76
indexer,512,16384,2,8192,1,1136.94
indexer,512,16384,2,16384,1,1583.16
indexer,512,16384,4,16,1,1145.22
indexer,512,16384,4,32,1,1145.49
indexer,512,16384,4,64,1,1145.97
indexer,512,16384,4,128,1,1145.31
indexer,512,16384,4,256,1,1147.03
indexer,512,16384,4,512,1,1147.87
indexer,512,16384,4,1024,1,1146.5
indexer,512,16384,4,2048,1,1145.18
indexer,512,16384,4,4096,1,1150.57
indexer,512,16384,4,8192,1,1160.2
indexer,512,16384,4,16384,1,1616.25
indexer,512,16384,8,16,1,1147.12
indexer,512,16384,8,32,1,1145.37
indexer,512,16384,8,64,1,1146.94
indexer,512,16384,8,128,1,1148.67
indexer,512,16384,8,256,1,1149.86
indexer,512,16384,8,512,1,1148.63
indexer,512,16384,8,1024,1,1147.32
indexer,512,16384,8,2048,1,1153.36
indexer,512,16384,8,4096,1,1159.23
indexer,512,16384,8,8192,1,1177.82
indexer,512,16384,8,16384,1,1648.7
indexer,512,16384,16,16,1,1136.5
indexer,512,16384,16,32,1,1133.22
indexer,512,16384,16,64,1,1133.95
indexer,512,16384,16,128,1,1133.1
indexer,512,16384,16,256,1,1133.41
indexer,512,16384,16,512,1,1137.06
indexer,512,16384,16,1024,1,1139.72
indexer,512,16384,16,2048,1,1147.5
indexer,512,16384,16,4096,1,1165.55
indexer,512,16384,16,8192,1,1196.41
indexer,512,16384,16,16384,1,1911.22
indexer,512,16384,32,16,1,1149.29
indexer,512,16384,32,32,1,1149.53
indexer,512,16384,32,64,1,1150.07
indexer,512,16384,32,128,1,1151.58
indexer,512,16384,32,256,1,1153.95
indexer,512,16384,32,512,1,1156.39
indexer,512,16384,32,1024,1,1166.52
indexer,512,16384,32,2048,1,1180.86
indexer,512,16384,32,4096,1,1208.41
indexer,512,16384,32,8192,1,1443.92
indexer,512,16384,32,16384,1,2053.96
indexer,512,16384,64,16,1,1142.06
indexer,512,16384,64,32,1,1141.67
indexer,512,16384,64,64,1,1142.54
indexer,512,16384,64,128,1,1144.62
indexer,512,16384,64,256,1,1149.09
indexer,512,16384,64,512,1,1155.67
indexer,512,16384,64,1024,1,1171.98
indexer,512,16384,64,2048,1,1478.54
indexer,512,16384,64,4096,1,1361.13
indexer,512,16384,64,8192,1,1558.41
indexer,512,16384,64,16384,1,2394.39
indexer,512,16384,128,16,1,1152.12
indexer,512,16384,128,32,1,1149.69
indexer,512,16384,128,64,1,1152.85
indexer,512,16384,128,128,1,1155.27
indexer,512,16384,128,256,1,1165.16
indexer,512,16384,128,512,1,1180.82
indexer,512,16384,128,1024,1,1211.42
indexer,512,16384,128,2048,1,1967.51
indexer,512,16384,128,4096,1,1507.09
indexer,512,16384,128,8192,1,1934.1
indexer,512,16384,128,16384,1,3387.93
indexer,1024,0,0,0,1,113.385
indexer,1024,0,1,16,1,133.065
indexer,1024,0,1,32,1,133.167
indexer,1024,0,1,64,1,133.743
indexer,1024,0,1,128,1,133.609
indexer,1024,0,1,256,1,133.33
indexer,1024,0,1,512,1,133.657
indexer,1024,0,1,1024,1,134.143
indexer,1024,0,1,2048,1,149.406
indexer,1024,0,1,4096,1,162.362
indexer,1024,0,1,8192,1,163.393
indexer,1024,0,1,16384,1,174.831
indexer,1024,0,2,16,1,131.151
indexer,1024,0,2,32,1,131.088
indexer,1024,0,2,64,1,131.882
indexer,1024,0,2,128,1,132.48
indexer,1024,0,2,256,1,131.847
indexer,1024,0,2,512,1,132.066
indexer,1024,0,2,1024,1,132.32
indexer,1024,0,2,2048,1,148.681
indexer,1024,0,2,4096,1,161.562
indexer,1024,0,2,8192,1,165.464
indexer,1024,0,2,16384,1,181.544
indexer,1024,0,4,16,1,130.681
indexer,1024,0,4,32,1,130.871
indexer,1024,0,4,64,1,131.689
indexer,1024,0,4,128,1,132.448
indexer,1024,0,4,256,1,132.377
indexer,1024,0,4,512,1,132.49
indexer,1024,0,4,1024,1,132.85
indexer,1024,0,4,2048,1,153.88
indexer,1024,0,4,4096,1,165.6
indexer,1024,0,4,8192,1,171.945
indexer,1024,0,4,16384,1,190.082
indexer,1024,0,8,16,1,130.929
indexer,1024,0,8,32,1,131.352
indexer,1024,0,8,64,1,132.041
indexer,1024,0,8,128,1,132.28
indexer,1024,0,8,256,1,133.088
indexer,1024,0,8,512,1,133.009
indexer,1024,0,8,1024,1,134.105
indexer,1024,0,8,2048,1,156.328
indexer,1024,0,8,4096,1,169.728
indexer,1024,0,8,8192,1,179.495
indexer,1024,0,8,16384,1,208.575
indexer,1024,0,16,16,1,131.928
indexer,1024,0,16,32,1,131.88
indexer,1024,0,16,64,1,132.96
indexer,1024,0,16,128,1,133.289
indexer,1024,0,16,256,1,133.824
indexer,1024,0,16,512,1,134.84
indexer,1024,0,16,1024,1,136.616
indexer,1024,0,16,2048,1,161.121
indexer,1024,0,16,4096,1,180.537
indexer,1024,0,16,8192,1,204.616
indexer,1024,0,16,16384,1,248.225
indexer,1024,0,32,16,1,133.801
indexer,1024,0,32,32,1,133.568
indexer,1024,0,32,64,1,134.889
indexer,1024,0,32,128,1,134.745
indexer,1024,0,32,256,1,135.897
indexer,1024,0,32,512,1,137.815
indexer,1024,0,32,1024,1,142.721
indexer,1024,0,32,2048,1,187.665
indexer,1024,0,32,4096,1,232.481
indexer,1024,0,32,8192,1,279.232
indexer,1024,0,32,16384,1,379.506
indexer,1024,0,64,16,1,135.432
indexer,1024,0,64,32,1,136.088
indexer,1024,0,64,64,1,136.968
indexer,1024,0,64,128,1,137.792
indexer,1024,0,64,256,1,140.369
indexer,1024,0,64,512,1,145.416
indexer,1024,0,64,1024,1,153.559
indexer,1024,0,64,2048,1,226.825
indexer,1024,0,64,4096,1,302.041
indexer,1024,0,64,8192,1,400.696
indexer,1024,0,64,16384,1,613.691
indexer,1024,0,128,16,1,139.353
indexer,1024,0,128,32,1,139.151
indexer,1024,0,128,64,1,142.103
indexer,1024,0,128,128,1,145.881
indexer,1024,0,128,256,1,149.258
indexer,1024,0,128,512,1,159.057
indexer,1024,0,128,1024,1,178.376
indexer,1024,0,128,2048,1,301.521
indexer,1024,0,128,4096,1,448.521
indexer,1024,0,128,8192,1,662.65
indexer,1024,0,128,16384,1,1036.27
indexer,1024,16,0,0,1,120.441
indexer,1024,16,1,16,1,121.129
indexer,1024,16,1,32,1,121.129
indexer,1024,16,1,64,1,121.006
indexer,1024,16,1,128,1,121.936
indexer,1024,16,1,256,1,121.688
indexer,1024,16,1,512,1,122.433
indexer,1024,16,1,1024,1,121.904
indexer,1024,16,1,2048,1,162.104
indexer,1024,16,1,4096,1,573.552
indexer,1024,16,1,8192,1,350.872
indexer,1024,16,1,16384,1,591.93
indexer,1024,16,2,16,1,121.808
indexer,1024,16,2,32,1,122.239
indexer,1024,16,2,64,1,121.591
indexer,1024,16,2,128,1,122.391
indexer,1024,16,2,256,1,121.345
indexer,1024,16,2,512,1,121.912
indexer,1024,16,2,1024,1,145.817
indexer,1024,16,2,2048,1,218.159
indexer,1024,16,2,4096,1,688.064
indexer,1024,16,2,8192,1,606.409
indexer,1024,16,2,16384,1,1095.46
indexer,1024,16,4,16,1,121.832
indexer,1024,16,4,32,1,121.344
indexer,1024,16,4,64,1,123.087
indexer,1024,16,4,128,1,121.568
indexer,1024,16,4,256,1,122.511
indexer,1024,16,4,512,1,123.601
indexer,1024,16,4,1024,1,148.552
indexer,1024,16,4,2048,1,220.679
indexer,1024,16,4,4096,1,693.577
indexer,1024,16,4,8192,1,613.009
indexer,1024,16,4,16384,1,1112.13
indexer,1024,16,8,16,1,121.728
indexer,1024,16,8,32,1,123.249
indexer,1024,16,8,64,1,122.744
indexer,1024,16,8,128,1,123.13
indexer,1024,16,8,256,1,123.191
indexer,1024,16,8,512,1,124.719
indexer,1024,16,8,1024,1,151.953
indexer,1024,16,8,2048,1,226.858
indexer,1024,16,8,4096,1,704.673
indexer,1024,16,8,8192,1,632.864
indexer,1024,16,8,16384,1,1300.66
indexer,1024,16,16,16,1,123.569
indexer,1024,16,16,32,1,123.721
indexer,1024,16,16,64,1,123.673
indexer,1024,16,16,128,1,124.616
indexer,1024,16,16,256,1,126.096
indexer,1024,16,16,512,1,129.825
indexer,1024,16,16,1024,1,162.721
indexer,1024,16,16,2048,1,240.432
indexer,1024,16,16,4096,1,724.722
indexer,1024,16,16,8192,1,771.01
indexer,1024,16,16,16384,1,1391.02
indexer,1024,16,32,16,1,125.537
indexer,1024,16,32,32,1,126.831
indexer,1024,16,32,64,1,127.217
indexer,1024,16,32,128,1,128.553
indexer,1024,16,32,256,1,132.16
indexer,1024,16,32,512,1,137.351
indexer,1024,16,32,1024,1,174.481
indexer,1024,16,32,2048,1,260.76
indexer,1024,16,32,4096,1,842.473
indexer,1024,16,32,8192,1,852.089
indexer,1024,16,32,16384,1,1538.23
indexer,1024,16,64,16,1,131.361
indexer,1024,16,64,32,1,132.496
indexer,1024,16,64,64,1,133.655
indexer,1024,16,64,128,1,138.105
indexer,1024,16,64,256,1,141.143
indexer,1024,16,64,512,1,151.29
indexer,1024,16,64,1024,1,196.953
indexer,1024,16,64,2048,1,349.68
indexer,1024,16,64,4096,1,903.281
indexer,1024,16,64,8192,1,1004.1
indexer,1024,16,64,16384,1,1921.53
indexer,1024,16,128,16,1,142.152
indexer,1024,16,128,32,1,143.967
indexer,1024,16,128,64,1,146.239
indexer,1024,16,128,128,1,151.656
indexer,1024,16,128,256,1,160.921
indexer,1024,16,128,512,1,190.92
indexer,1024,16,128,1024,1,297.609
indexer,1024,16,128,2048,1,764.681
indexer,1024,16,128,4096,1,1076.6
indexer,1024,16,128,8192,1,1415.27
indexer,1024,16,128,16384,1,2869.65
indexer,1024,32,0,0,1,121.073
indexer,1024,32,1,16,1,121.752
indexer,1024,32,1,32,1,122.303
indexer,1024,32,1,64,1,121.798
indexer,1024,32,1,128,1,122.072
indexer,1024,32,1,256,1,122.807
indexer,1024,32,1,512,1,122.496
indexer,1024,32,1,1024,1,122.881
indexer,1024,32,1,2048,1,162.208
indexer,1024,32,1,4096,1,575.441
indexer,1024,32,1,8192,1,349.361
indexer,1024,32,1,16384,1,592.466
indexer,1024,32,2,16,1,122.448
indexer,1024,32,2,32,1,122.032
indexer,1024,32,2,64,1,122.841
indexer,1024,32,2,128,1,122.705
indexer,1024,32,2,256,1,121.282
indexer,1024,32,2,512,1,123.12
indexer,1024,32,2,1024,1,145.432
indexer,1024,32,2,2048,1,218.529
indexer,1024,32,2,4096,1,689.114
indexer,1024,32,2,8192,1,606.512
indexer,1024,32,2,16384,1,1095.22
indexer,1024,32,4,16,1,122.552
indexer,1024,32,4,32,1,122.576
indexer,1024,32,4,64,1,122.433
indexer,1024,32,4,128,1,122.257
indexer,1024,32,4,256,1,122.663
indexer,1024,32,4,512,1,123.384
indexer,1024,32,4,1024,1,147.639
indexer,1024,32,4,2048,1,222.32
indexer,1024,32,4,4096,1,694.025
indexer,1024,32,4,8192,1,615.544
indexer,1024,32,4,16384,1,1112.84
indexer,1024,32,8,16,1,123.28
indexer,1024,32,8,32,1,123.304
indexer,1024,32,8,64,1,122.863
indexer,1024,32,8,128,1,123.602
indexer,1024,32,8,256,1,124
indexer,1024,32,8,512,1,125.696
indexer,1024,32,8,1024,1,153.249
indexer,1024,32,8,2048,1,226.328
indexer,1024,32,8,4096,1,703.834
indexer,1024,32,8,8192,1,634.826
indexer,1024,32,8,16384,1,1301.83
indexer,1024,32,16,16,1,123.968
indexer,1024,32,16,32,1,123.84
indexer,1024,32,16,64,1,124.952
indexer,1024,32,16,128,1,125.105
indexer,1024,32,16,256,1,127.304
indexer,1024,32,16,512,1,129.744
indexer,1024,32,16,1024,1,162.945
indexer,1024,32,16,2048,1,241.297
indexer,1024,32,16,4096,1,726.504
indexer,1024,32,16,8192,1,773.106
indexer,1024,32,16,16384,1,1393.55
indexer,1024,32,32,16,1,127.472
indexer,1024,32,32,32,1,127.617
indexer,1024,32,32,64,1,128.512
indexer,1024,32,32,128,1,129.809
indexer,1024,32,32,256,1,133.185
indexer,1024,32,32,512,1,137.112
indexer,1024,32,32,1024,1,174.544
indexer,1024,32,32,2048,1,260.8
indexer,1024,32,32,4096,1,843.393
indexer,1024,32,32,8192,1,851.57
indexer,1024,32,32,16384,1,1537.76
indexer,1024,32,64,16,1,131.635
indexer,1024,32,64,32,1,134.007
indexer,1024,32,64,64,1,134.129
indexer,1024,32,64,128,1,137.704
indexer,1024,32,64,256,1,142.864
indexer,1024,32,64,512,1,150.984
indexer,1024,32,64,1024,1,196.417
indexer,1024,32,64,2048,1,350.192
indexer,1024,32,64,4096,1,902.618
indexer,1024,32,64,8192,1,1003.51
indexer,1024,32,64,16384,1,1922.72
indexer,1024,32,128,16,1,141.768
indexer,1024,32,128,32,1,144.264
indexer,1024,32,128,64,1,146.384
indexer,1024,32,128,128,1,151.792
indexer,1024,32,128,256,1,162.577
indexer,1024,32,128,512,1,190.992
indexer,1024,32,128,1024,1,298.393
indexer,1024,32,128,2048,1,762.45
indexer,1024,32,128,4096,1,1075.75
indexer,1024,32,128,8192,1,1414.43
indexer,1024,32,128,16384,1,2872.95
indexer,1024,64,0,0,1,122.201
indexer,1024,64,1,16,1,122.584
indexer,1024,64,1,32,1,122.871
indexer,1024,64,1,64,1,123.016
indexer,1024,64,1,128,1,123.449
indexer,1024,64,1,256,1,123.055
indexer,1024,64,1,512,1,123.193
indexer,1024,64,1,1024,1,123.399
indexer,1024,64,1,2048,1,162.8
indexer,1024,64,1,4096,1,574.841
indexer,1024,64,1,8192,1,351.184
indexer,1024,64,1,16384,1,594.249
indexer,1024,64,2,16,1,122.696
indexer,1024,64,2,32,1,123.039
indexer,1024,64,2,64,1,123.105
indexer,1024,64,2,128,1,123.384
indexer,1024,64,2,256,1,123.192
indexer,1024,64,2,512,1,123.792
indexer,1024,64,2,1024,1,145.336
indexer,1024,64,2,2048,1,217.761
indexer,1024,64,2,4096,1,688.832
indexer,1024,64,2,8192,1,606.401
indexer,1024,64,2,16384,1,1095.59
indexer,1024,64,4,16,1,122.944
indexer,1024,64,4,32,1,123.127
indexer,1024,64,4,64,1,123.785
indexer,1024,64,4,128,1,123.711
indexer,1024,64,4,256,1,123.457
indexer,1024,64,4,512,1,124.409
indexer,1024,64,4,1024,1,146.848
indexer,1024,64,4,2048,1,223.056
indexer,1024,64,4,4096,1,694.066
indexer,1024,64,4,8192,1,614.322
indexer,1024,64,4,16384,1,1113.58
indexer,1024,64,8,16,1,123.655
indexer,1024,64,8,32,1,123.694
indexer,1024,64,8,64,1,124.144
indexer,1024,64,8,128,1,123.706
indexer,1024,64,8,256,1,124.304
indexer,1024,64,8,512,1,126.264
indexer,1024,64,8,1024,1,153.703
indexer,1024,64,8,2048,1,228.889
indexer,1024,64,8,4096,1,703.952
indexer,1024,64,8,8192,1,633.674
indexer,1024,64,8,16384,1,1301.54
indexer,1024,64,16,16,1,125.728
indexer,1024,64,16,32,1,124.832
indexer,1024,64,16,64,1,124.728
indexer,1024,64,16,128,1,125.936
indexer,1024,64,16,256,1,127.432
indexer,1024,64,16,512,1,131.289
indexer,1024,64,16,1024,1,163.137
indexer,1024,64,16,2048,1,241.328
indexer,1024,64,16,4096,1,726.056
indexer,1024,64,16,8192,1,773.433
indexer,1024,64,16,16384,1,1393.73
indexer,1024,64,32,16,1,127.48
indexer,1024,64,32,32,1,127.803
indexer,1024,64,32,64,1,128.722
indexer,1024,64,32,128,1,129.952
indexer,1024,64,32,256,1,132.56
indexer,1024,64,32,512,1,138.016
indexer,1024,64,32,1024,1,174.968
indexer,1024,64,32,2048,1,261.738
indexer,1024,64,32,4096,1,841.697
indexer,1024,64,32,8192,1,850.994
indexer,1024,64,32,16384,1,1539.71
indexer,1024,64,64,16,1,132.968
indexer,1024,64,64,32,1,133.648
indexer,1024,64,64,64,1,135.104
indexer,1024,64,64,128,1,137.728
indexer,1024,64,64,256,1,143.176
indexer,1024,64,64,512,1,155.137
indexer,1024,64,64,1024,1,201.129
indexer,1024,64,64,2048,1,351.114
indexer,1024,64,64,4096,1,904.375
indexer,1024,64,64,8192,1,1002.76
indexer,1024,64,64,16384,1,1923.56
indexer,1024,64,128,16,1,142.56
indexer,1024,64,128,32,1,145.225
indexer,1024,64,128,64,1,146.784
indexer,1024,64,128,128,1,152.001
indexer,1024,64,128,256,1,161.479
indexer,1024,64,128,512,1,191.313
indexer,1024,64,128,1024,1,299.577
indexer,1024,64,128,2048,1,763.778
indexer,1024,64,128,4096,1,1075.21
indexer,1024,64,128,8192,1,1415.51
indexer,1024,64,128,16384,1,2873.84
indexer,1024,128,0,0,1,126.834
indexer,1024,128,1,16,1,126.552
indexer,1024,128,1,32,1,127.233
indexer,1024,128,1,64,1,127.496
indexer,1024,128,1,128,1,128.016
indexer,1024,128,1,256,1,128.288
indexer,1024,128,1,512,1,128.449
indexer,1024,128,1,1024,1,128.848
indexer,1024,128,1,2048,1,169.896
indexer,1024,128,1,4096,1,248.959
indexer,1024,128,1,8192,1,355.393
indexer,1024,128,1,16384,1,602.28
indexer,1024,128,2,16,1,127.56
indexer,1024,128,2,32,1,127.065
indexer,1024,128,2,64,1,127.376
indexer,1024,128,2,128,1,128.432
indexer,1024,128,2,256,1,128.289
indexer,1024,128,2,512,1,128.552
indexer,1024,128,2,1024,1,155.081
indexer,1024,128,2,2048,1,226.472
indexer,1024,128,2,4096,1,360.113
indexer,1024,128,2,8192,1,613.577
indexer,1024,128,2,16384,1,1104.39
indexer,1024,128,4,16,1,127.586
indexer,1024,128,4,32,1,128.351
indexer,1024,128,4,64,1,128.087
indexer,1024,128,4,128,1,128.64
indexer,1024,128,4,256,1,128.225
indexer,1024,128,4,512,1,129.321
indexer,1024,128,4,1024,1,156.225
indexer,1024,128,4,2048,1,230.873
indexer,1024,128,4,4096,1,367.537
indexer,1024,128,4,8192,1,624.665
indexer,1024,128,4,16384,1,1121.98
indexer,1024,128,8,16,1,128.727
indexer,1024,128,8,32,1,129.063
indexer,1024,128,8,64,1,128.401
indexer,1024,128,8,128,1,129.336
indexer,1024,128,8,256,1,129.657
indexer,1024,128,8,512,1,131.679
indexer,1024,128,8,1024,1,160.448
indexer,1024,128,8,2048,1,236.921
indexer,1024,128,8,4096,1,377.264
indexer,1024,128,8,8192,1,643.808
indexer,1024,128,8,16384,1,1309.91
indexer,1024,128,16,16,1,129.84
indexer,1024,128,16,32,1,129.856
indexer,1024,128,16,64,1,129.577
indexer,1024,128,16,128,1,131.137
indexer,1024,128,16,256,1,132.786
indexer,1024,128,16,512,1,137.025
indexer,1024,128,16,1024,1,170.576
indexer,1024,128,16,2048,1,248.464
indexer,1024,128,16,4096,1,396.818
indexer,1024,128,16,8192,1,779.913
indexer,1024,128,16,16384,1,1400.74
indexer,1024,128,32,16,1,132.6
indexer,1024,128,32,32,1,133.088
indexer,1024,128,32,64,1,133.871
indexer,1024,128,32,128,1,135.393
indexer,1024,128,32,256,1,138.696
indexer,1024,128,32,512,1,144.713
indexer,1024,128,32,1024,1,183.184
indexer,1024,128,32,2048,1,269.754
indexer,1024,128,32,4096,1,515.904
indexer,1024,128,32,8192,1,860.521
indexer,1024,128,32,16384,1,1547.27
indexer,1024,128,64,16,1,138.007
indexer,1024,128,64,32,1,138.546
indexer,1024,128,64,64,1,140.143
indexer,1024,128,64,128,1,143.84
indexer,1024,128,64,256,1,148.192
indexer,1024,128,64,512,1,158.903
indexer,1024,128,64,1024,1,204.954
indexer,1024,128,64,2048,1,711.176
indexer,1024,128,64,4096,1,576.37
indexer,1024,128,64,8192,1,1011.13
indexer,1024,128,64,16384,1,1931.32
indexer,1024,128,128,16,1,147.919
indexer,1024,128,128,32,1,150.176
indexer,1024,128,128,64,1,151.688
indexer,1024,128,128,128,1,158.968
indexer,1024,128,128,256,1,168.673
indexer,1024,128,128,512,1,199.217
indexer,1024,128,128,1024,1,299.105
indexer,1024,128,128,2048,1,1125.33
indexer,1024,128,128,4096,1,748.202
indexer,1024,128,128,8192,1,1422.53
indexer,1024,128,128,16384,1,2882.42
indexer,1024,256,0,0,1,138.936
indexer,1024,256,1,16,1,138.897
indexer,1024,256,1,32,1,138.223
indexer,1024,256,1,64,1,139.52
indexer,1024,256,1,128,1,140.064
indexer,1024,256,1,256,1,139.664
indexer,1024,256,1,512,1,140.264
indexer,1024,256,1,1024,1,139.897
indexer,1024,256,1,2048,1,178.802
indexer,1024,256,1,4096,1,256.609
indexer,1024,256,1,8192,1,363.815
indexer,1024,256,1,16384,1,610.801
indexer,1024,256,2,16,1,139.735
indexer,1024,256,2,32,1,139.921
indexer,1024,256,2,64,1,140.305
indexer,1024,256,2,128,1,140.01
indexer,1024,256,2,256,1,140.504
indexer,1024,256,2,512,1,140.513
indexer,1024,256,2,1024,1,161.937
indexer,1024,256,2,2048,1,233.873
indexer,1024,256,2,4096,1,370.193
indexer,1024,256,2,8192,1,621.529
indexer,1024,256,2,16384,1,1112.84
indexer,1024,256,4,16,1,140.138
indexer,1024,256,4,32,1,139.768
indexer,1024,256,4,64,1,139.769
indexer,1024,256,4,128,1,140.863
indexer,1024,256,4,256,1,140.297
indexer,1024,256,4,512,1,141.128
indexer,1024,256,4,1024,1,164.169
indexer,1024,256,4,2048,1,237.872
indexer,1024,256,4,4096,1,375.649
indexer,1024,256,4,8192,1,632.393
indexer,1024,256,4,16384,1,1130.09
indexer,1024,256,8,16,1,140.584
indexer,1024,256,8,32,1,140.912
indexer,1024,256,8,64,1,141.04
indexer,1024,256,8,128,1,140.305
indexer,1024,256,8,256,1,140.496
indexer,1024,256,8,512,1,142.962
indexer,1024,256,8,1024,1,169.519
indexer,1024,256,8,2048,1,243.546
indexer,1024,256,8,4096,1,385.328
indexer,1024,256,8,8192,1,651.289
indexer,1024,256,8,16384,1,1318.92
indexer,1024,256,16,16,1,142.16
indexer,1024,256,16,32,1,141.984
indexer,1024,256,16,64,1,140.952
indexer,1024,256,16,128,1,142.857
indexer,1024,256,16,256,1,143.912
indexer,1024,256,16,512,1,147.113
indexer,1024,256,16,1024,1,178.384
indexer,1024,256,16,2048,1,256.601
indexer,1024,256,16,4096,1,405.857
indexer,1024,256,16,8192,1,788.515
indexer,1024,256,16,16384,1,1411
indexer,1024,256,32,16,1,144.656
indexer,1024,256,32,32,1,144.729
indexer,1024,256,32,64,1,145.538
indexer,1024,256,32,128,1,147.287
indexer,1024,256,32,256,1,150.049
indexer,1024,256,32,512,1,154.81
indexer,1024,256,32,1024,1,190.193
indexer,1024,256,32,2048,1,277.753
indexer,1024,256,32,4096,1,522.968
indexer,1024,256,32,8192,1,868.817
indexer,1024,256,32,16384,1,1556.02
indexer,1024,256,64,16,1,149.56
indexer,1024,256,64,32,1,150.383
indexer,1024,256,64,64,1,151.568
indexer,1024,256,64,128,1,154.873
indexer,1024,256,64,256,1,159.809
indexer,1024,256,64,512,1,167.688
indexer,1024,256,64,1024,1,213.536
indexer,1024,256,64,2048,1,719.09
indexer,1024,256,64,4096,1,584.16
indexer,1024,256,64,8192,1,1018.31
indexer,1024,256,64,16384,1,1940.89
indexer,1024,256,128,16,1,160.376
indexer,1024,256,128,32,1,162.232
indexer,1024,256,128,64,1,164.488
indexer,1024,256,128,128,1,170.888
indexer,1024,256,128,256,1,180.648
indexer,1024,256,128,512,1,213.6
indexer,1024,256,128,1024,1,312.632
indexer,1024,256,128,2048,1,1132.92
indexer,1024,256,128,4096,1,754.282
indexer,1024,256,128,8192,1,1429.07
indexer,1024,256,128,16384,1,2889.4
indexer,1024,512,0,0,1,161.464
indexer,1024,512,1,16,1,161.897
indexer,1024,512,1,32,1,162.689
indexer,1024,512,1,64,1,162.084
indexer,1024,512,1,128,1,163.601
indexer,1024,512,1,256,1,162.152
indexer,1024,512,1,512,1,162.856
indexer,1024,512,1,1024,1,163.456
indexer,1024,512,1,2048,1,193.002
indexer,1024,512,1,4096,1,271.297
indexer,1024,512,1,8192,1,381.336
indexer,1024,512,1,16384,1,622.456
indexer,1024,512,2,16,1,161.648
indexer,1024,512,2,32,1,162.175
indexer,1024,512,2,64,1,162.049
indexer,1024,512,2,128,1,162.657
indexer,1024,512,2,256,1,162.992
indexer,1024,512,2,512,1,163.665
indexer,1024,512,2,1024,1,178.824
indexer,1024,512,2,2048,1,250.32
indexer,1024,512,2,4096,1,386.249
indexer,1024,512,2,8192,1,636.6
indexer,1024,512,2,16384,1,1128.09
indexer,1024,512,4,16,1,161.504
indexer,1024,512,4,32,1,163.256
indexer,1024,512,4,64,1,163.001
indexer,1024,512,4,128,1,163.417
indexer,1024,512,4,256,1,162.84
indexer,1024,512,4,512,1,164.247
indexer,1024,512,4,1024,1,179.826
indexer,1024,512,4,2048,1,253.56
indexer,1024,512,4,4096,1,391.418
indexer,1024,512,4,8192,1,646.849
indexer,1024,512,4,16384,1,1143.96
indexer,1024,512,8,16,1,162.441
indexer,1024,512,8,32,1,163.072
indexer,1024,512,8,64,1,163.433
indexer,1024,512,8,128,1,164.192
indexer,1024,512,8,256,1,164.512
indexer,1024,512,8,512,1,167.008
indexer,1024,512,8,1024,1,184.736
indexer,1024,512,8,2048,1,260.656
indexer,1024,512,8,4096,1,400.873
indexer,1024,512,8,8192,1,666.186
indexer,1024,512,8,16384,1,1332.84
indexer,1024,512,16,16,1,164.24
indexer,1024,512,16,32,1,164.113
indexer,1024,512,16,64,1,164.656
indexer,1024,512,16,128,1,164.921
indexer,1024,512,16,256,1,167.249
indexer,1024,512,16,512,1,170.056
indexer,1024,512,16,1024,1,194.296
indexer,1024,512,16,2048,1,271.257
indexer,1024,512,16,4096,1,421.017
indexer,1024,512,16,8192,1,804.777
indexer,1024,512,16,16384,1,1424.77
indexer,1024,512,32,16,1,167.553
indexer,1024,512,32,32,1,168.128
indexer,1024,512,32,64,1,168.201
indexer,1024,512,32,128,1,170.536
indexer,1024,512,32,256,1,173.113
indexer,1024,512,32,512,1,178.256
indexer,1024,512,32,1024,1,206.736
indexer,1024,512,32,2048,1,291.362
indexer,1024,512,32,4096,1,537.367
indexer,1024,512,32,8192,1,884.729
indexer,1024,512,32,16384,1,1572.23
indexer,1024,512,64,16,1,172.44
indexer,1024,512,64,32,1,173.848
indexer,1024,512,64,64,1,175.001
indexer,1024,512,64,128,1,177.657
indexer,1024,512,64,256,1,183.288
indexer,1024,512,64,512,1,191.167
indexer,1024,512,64,1024,1,228.84
indexer,1024,512,64,2048,1,1090.59
indexer,1024,512,64,4096,1,597.313
indexer,1024,512,64,8192,1,1034.8
indexer,1024,512,64,16384,1,1955.08
indexer,1024,512,128,16,1,185.136
indexer,1024,512,128,32,1,185.458
indexer,1024,512,128,64,1,188.785
indexer,1024,512,128,128,1,193.809
indexer,1024,512,128,256,1,204.745
indexer,1024,512,128,512,1,235.442
indexer,1024,512,128,1024,1,334.714
indexer,1024,512,128,2048,1,1148.69
indexer,1024,512,128,4096,1,769.256
indexer,1024,512,128,8192,1,1446.74
indexer,1024,512,128,16384,1,2905.4
indexer,1024,1024,0,0,1,207.441
indexer,1024,1024,1,16,1,207.871
indexer,1024,1024,1,32,1,207.913
indexer,1024,1024,1,64,1,207.914
indexer,1024,1024,1,128,1,208.001
indexer,1024,1024,1,256,1,207.304
indexer,1024,1024,1,512,1,208.825
indexer,1024,1024,1,1024,1,209.543
indexer,1024,1024,1,2048,1,224.583
indexer,1024,1024,1,4096,1,303.048
indexer,1024,1024,1,8192,1,439.001
indexer,1024,1024,1,16384,1,653.97
indexer,1024,1024,2,16,1,207.815
indexer,1024,1024,2,32,1,207.912
indexer,1024,1024,2,64,1,207.632
indexer,1024,1024,2,128,1,207.592
indexer,1024,1024,2,256,1,208.505
indexer,1024,1024,2,512,1,209.169
indexer,1024,1024,2,1024,1,211.369
indexer,1024,1024,2,2048,1,280.528
indexer,1024,1024,2,4096,1,417.552
indexer,1024,1024,2,8192,1,666.649
indexer,1024,1024,2,16384,1,1158.67
indexer,1024,1024,4,16,1,208.137
indexer,1024,1024,4,32,1,208.272
indexer,1024,1024,4,64,1,207.737
indexer,1024,1024,4,128,1,208.537
indexer,1024,1024,4,256,1,209.257
indexer,1024,1024,4,512,1,209.184
indexer,1024,1024,4,1024,1,211.544
indexer,1024,1024,4,2048,1,281.92
indexer,1024,1024,4,4096,1,421.921
indexer,1024,1024,4,8192,1,676.115
indexer,1024,1024,4,16384,1,1176.38
indexer,1024,1024,8,16,1,208.105
indexer,1024,1024,8,32,1,208.712
indexer,1024,1024,8,64,1,208.2
indexer,1024,1024,8,128,1,209.144
indexer,1024,1024,8,256,1,209.8
indexer,1024,1024,8,512,1,211.794
indexer,1024,1024,8,1024,1,215.937
indexer,1024,1024,8,2048,1,289.137
indexer,1024,1024,8,4096,1,431.279
indexer,1024,1024,8,8192,1,694.705
indexer,1024,1024,8,16384,1,1363.69
indexer,1024,1024,16,16,1,209.978
indexer,1024,1024,16,32,1,208.809
indexer,1024,1024,16,64,1,210.672
indexer,1024,1024,16,128,1,211.225
indexer,1024,1024,16,256,1,212.873
indexer,1024,1024,16,512,1,215.663
indexer,1024,1024,16,1024,1,224.952
indexer,1024,1024,16,2048,1,301.2
indexer,1024,1024,16,4096,1,452.13
indexer,1024,1024,16,8192,1,833.329
indexer,1024,1024,16,16384,1,1458.28
indexer,1024,1024,32,16,1,212.288
indexer,1024,1024,32,32,1,213.256
indexer,1024,1024,32,64,1,214.017
indexer,1024,1024,32,128,1,215.809
indexer,1024,1024,32,256,1,218.576
indexer,1024,1024,32,512,1,223.344
indexer,1024,1024,32,1024,1,236.472
indexer,1024,1024,32,2048,1,321.153
indexer,1024,1024,32,4096,1,566.938
indexer,1024,1024,32,8192,1,912.426
indexer,1024,1024,32,16384,1,1607.55
indexer,1024,1024,64,16,1,218.034
indexer,1024,1024,64,32,1,217.241
indexer,1024,1024,64,64,1,221.032
indexer,1024,1024,64,128,1,223.832
indexer,1024,1024,64,256,1,228.328
indexer,1024,1024,64,512,1,236.391
indexer,1024,1024,64,1024,1,258.537
indexer,1024,1024,64,2048,1,1119.13
indexer,1024,1024,64,4096,1,631.642
indexer,1024,1024,64,8192,1,1062.28
indexer,1024,1024,64,16384,1,1988.04
indexer,1024,1024,128,16,1,230.137
indexer,1024,1024,128,32,1,230.68
indexer,1024,1024,128,64,1,235.064
indexer,1024,1024,128,128,1,239.272
indexer,1024,1024,128,256,1,250.424
indexer,1024,1024,128,512,1,279.009
indexer,1024,1024,128,1024,1,378.962
indexer,1024,1024,128,2048,1,1178.43
indexer,1024,1024,128,4096,1,798.904
indexer,1024,1024,128,8192,1,1477.28
indexer,1024,1024,128,16384,1,2941.41
indexer,1024,2048,0,0,1,676.226
indexer,1024,2048,1,16,1,355.426
indexer,1024,2048,1,32,1,354.92
indexer,1024,2048,1,64,1,353.769
indexer,1024,2048,1,128,1,356.272
indexer,1024,2048,1,256,1,355.848
indexer,1024,2048,1,512,1,354.809
indexer,1024,2048,1,1024,1,356.074
indexer,1024,2048,1,2048,1,358.096
indexer,1024,2048,1,4096,1,395.791
indexer,1024,2048,1,8192,1,529.401
indexer,1024,2048,1,16384,1,790.369
indexer,1024,2048,2,16,1,355.616
indexer,1024,2048,2,32,1,355.361
indexer,1024,2048,2,64,1,355.096
indexer,1024,2048,2,128,1,356.064
indexer,1024,2048,2,256,1,355.785
indexer,1024,2048,2,512,1,356.169
indexer,1024,2048,2,1024,1,357.68
indexer,1024,2048,2,2048,1,387.545
indexer,1024,2048,2,4096,1,509.944
indexer,1024,2048,2,8192,1,759.297
indexer,1024,2048,2,16384,1,1246.56
indexer,1024,2048,4,16,1,355.944
indexer,1024,2048,4,32,1,356.673
indexer,1024,2048,4,64,1,356.344
indexer,1024,2048,4,128,1,355.488
indexer,1024,2048,4,256,1,356.745
indexer,1024,2048,4,512,1,357.202
indexer,1024,2048,4,1024,1,359.743
indexer,1024,2048,4,2048,1,389.585
indexer,1024,2048,4,4096,1,518.321
indexer,1024,2048,4,8192,1,772.329
indexer,1024,2048,4,16384,1,1267.76
indexer,1024,2048,8,16,1,356.489
indexer,1024,2048,8,32,1,356.569
indexer,1024,2048,8,64,1,356.6
indexer,1024,2048,8,128,1,357.313
indexer,1024,2048,8,256,1,358.792
indexer,1024,2048,8,512,1,360.041
indexer,1024,2048,8,1024,1,361.984
indexer,1024,2048,8,2048,1,395.658
indexer,1024,2048,8,4096,1,527.865
indexer,1024,2048,8,8192,1,789.153
indexer,1024,2048,8,16384,1,1456.4
indexer,1024,2048,16,16,1,357.84
indexer,1024,2048,16,32,1,359.53
indexer,1024,2048,16,64,1,358.184
indexer,1024,2048,16,128,1,359.68
indexer,1024,2048,16,256,1,360.705
indexer,1024,2048,16,512,1,363.079
indexer,1024,2048,16,1024,1,368.513
indexer,1024,2048,16,2048,1,406.882
indexer,1024,2048,16,4096,1,549.297
indexer,1024,2048,16,8192,1,922.201
indexer,1024,2048,16,16384,1,1549.65
indexer,1024,2048,32,16,1,359.353
indexer,1024,2048,32,32,1,360.785
indexer,1024,2048,32,64,1,361.93
indexer,1024,2048,32,128,1,364.513
indexer,1024,2048,32,256,1,366.48
indexer,1024,2048,32,512,1,371.498
indexer,1024,2048,32,1024,1,378.944
indexer,1024,2048,32,2048,1,429.376
indexer,1024,2048,32,4096,1,662.92
indexer,1024,2048,32,8192,1,1014.15
indexer,1024,2048,32,16384,1,1695.76
indexer,1024,2048,64,16,1,366.766
indexer,1024,2048,64,32,1,367.392
indexer,1024,2048,64,64,1,368.625
indexer,1024,2048,64,128,1,370.831
indexer,1024,2048,64,256,1,376.705
indexer,1024,2048,64,512,1,384.48
indexer,1024,2048,64,1024,1,400.024
indexer,1024,2048,64,2048,1,862.424
indexer,1024,2048,64,4096,1,731.112
indexer,1024,2048,64,8192,1,1156.99
indexer,1024,2048,64,16384,1,2083.33
indexer,1024,2048,128,16,1,376.192
indexer,1024,2048,128,32,1,377.664
indexer,1024,2048,128,64,1,382.025
indexer,1024,2048,128,128,1,384.952
indexer,1024,2048,128,256,1,394.016
indexer,1024,2048,128,512,1,423.433
indexer,1024,2048,128,1024,1,525.689
indexer,1024,2048,128,2048,1,922.785
indexer,1024,2048,128,4096,1,901.345
indexer,1024,2048,128,8192,1,1574.47
indexer,1024,2048,128,16384,1,3030.43
indexer,1024,4096,0,0,1,649.106
indexer,1024,4096,1,16,1,648.857
indexer,1024,4096,1,32,1,647.8
indexer,1024,4096,1,64,1,649.489
indexer,1024,4096,1,128,1,649.776
indexer,1024,4096,1,256,1,648.264
indexer,1024,4096,1,512,1,649.634
indexer,1024,4096,1,1024,1,651.226
indexer,1024,4096,1,2048,1,652.985
indexer,1024,4096,1,4096,1,652.096
indexer,1024,4096,1,8192,1,740.689
indexer,1024,4096,1,16384,1,971.522
indexer,1024,4096,2,16,1,649.218
indexer,1024,4096,2,32,1,650.17
indexer,1024,4096,2,64,1,648.672
indexer,1024,4096,2,128,1,650.21
indexer,1024,4096,2,256,1,652.104
indexer,1024,4096,2,512,1,649.898
indexer,1024,4096,2,1024,1,650.273
indexer,1024,4096,2,2048,1,651.991
indexer,1024,4096,2,4096,1,742.353
indexer,1024,4096,2,8192,1,968.09
indexer,1024,4096,2,16384,1,1429.15
indexer,1024,4096,4,16,1,648.576
indexer,1024,4096,4,32,1,649.639
indexer,1024,4096,4,64,1,650.217
indexer,1024,4096,4,128,1,651.033
indexer,1024,4096,4,256,1,650.345
indexer,1024,4096,4,512,1,650.809
indexer,1024,4096,4,1024,1,652.601
indexer,1024,4096,4,2048,1,655.169
indexer,1024,4096,4,4096,1,746.753
indexer,1024,4096,4,8192,1,977.344
indexer,1024,4096,4,16384,1,1450.18
indexer,1024,4096,8,16,1,649.024
indexer,1024,4096,8,32,1,652.193
indexer,1024,4096,8,64,1,650.418
indexer,1024,4096,8,128,1,652.08
indexer,1024,4096,8,256,1,651.856
indexer,1024,4096,8,512,1,653.215
indexer,1024,4096,8,1024,1,655.12
indexer,1024,4096,8,2048,1,659.161
indexer,1024,4096,8,4096,1,758.178
indexer,1024,4096,8,8192,1,993.449
indexer,1024,4096,8,16384,1,1639.41
indexer,1024,4096,16,16,1,649.456
indexer,1024,4096,16,32,1,652.522
indexer,1024,4096,16,64,1,652.442
indexer,1024,4096,16,128,1,651.754
indexer,1024,4096,16,256,1,654.889
indexer,1024,4096,16,512,1,656.073
indexer,1024,4096,16,1024,1,661.793
indexer,1024,4096,16,2048,1,670.497
indexer,1024,4096,16,4096,1,774.584
indexer,1024,4096,16,8192,1,1130.01
indexer,1024,4096,16,16384,1,1738.01
indexer,1024,4096,32,16,1,653.241
indexer,1024,4096,32,32,1,655.768
indexer,1024,4096,32,64,1,655.322
indexer,1024,4096,32,128,1,657.144
indexer,1024,4096,32,256,1,660.768
indexer,1024,4096,32,512,1,665.736
indexer,1024,4096,32,1024,1,674.703
indexer,1024,4096,32,2048,1,686.216
indexer,1024,4096,32,4096,1,900.073
indexer,1024,4096,32,8192,1,1219.32
indexer,1024,4096,32,16384,1,1886.31
indexer,1024,4096,64,16,1,661.809
indexer,1024,4096,64,32,1,661.986
indexer,1024,4096,64,64,1,663.288
indexer,1024,4096,64,128,1,665.818
indexer,1024,4096,64,256,1,668.337
indexer,1024,4096,64,512,1,678.984
indexer,1024,4096,64,1024,1,692.474
indexer,1024,4096,64,2048,1,1078.76
indexer,1024,4096,64,4096,1,958.043
indexer,1024,4096,64,8192,1,1368.63
indexer,1024,4096,64,16384,1,2268.01
indexer,1024,4096,128,16,1,670.49
indexer,1024,4096,128,32,1,670.944
indexer,1024,4096,128,64,1,674.337
indexer,1024,4096,128,128,1,679.401
indexer,1024,4096,128,256,1,686.729
indexer,1024,4096,128,512,1,716.321
indexer,1024,4096,128,1024,1,811.578
indexer,1024,4096,128,2048,1,1143.19
indexer,1024,4096,128,4096,1,1134.49
indexer,1024,4096,128,8192,1,1782.79
indexer,1024,4096,128,16384,1,3216.92
indexer,1024,8192,0,0,1,1283.75
indexer,1024,8192,1,16,1,1283.45
indexer,1024,8192,1,32,1,1283.8
indexer,1024,8192,1,64,1,1279.63
indexer,1024,8192,1,128,1,1287.45
indexer,1024,8192,1,256,1,1285.69
indexer,1024,8192,1,512,1,1285.72
indexer,1024,8192,1,1024,1,1284.11
indexer,1024,8192,1,2048,1,1282.66
indexer,1024,8192,1,4096,1,1285.22
indexer,1024,8192,1,8192,1,1284.98
indexer,1024,8192,1,16384,1,1488.27
indexer,1024,8192,2,16,1,1286.03
indexer,1024,8192,2,32,1,1282.56
indexer,1024,8192,2,64,1,1285.22
indexer,1024,8192,2,128,1,1282.87
indexer,1024,8192,2,256,1,1284.74
indexer,1024,8192,2,512,1,1281.23
indexer,1024,8192,2,1024,1,1282.27
indexer,1024,8192,2,2048,1,1284.93
indexer,1024,8192,2,4096,1,1288.34
indexer,1024,8192,2,8192,1,1491.02
indexer,1024,8192,2,16384,1,1944.37
indexer,1024,8192,4,16,1,1282.72
indexer,1024,8192,4,32,1,1279.69
indexer,1024,8192,4,64,1,1279.51
indexer,1024,8192,4,128,1,1280.67
indexer,1024,8192,4,256,1,1282.11
indexer,1024,8192,4,512,1,1285.88
indexer,1024,8192,4,1024,1,1283.38
indexer,1024,8192,4,2048,1,1284.85
indexer,1024,8192,4,4096,1,1290.41
indexer,1024,8192,4,8192,1,1497.02
indexer,1024,8192,4,16384,1,1955.82
indexer,1024,8192,8,16,1,1282.4
indexer,1024,8192,8,32,1,1285.22
indexer,1024,8192,8,64,1,1284.32
indexer,1024,8192,8,128,1,1286.22
indexer,1024,8192,8,256,1,1284.31
indexer,1024,8192,8,512,1,1285.74
indexer,1024,8192,8,1024,1,1286.68
indexer,1024,8192,8,2048,1,1289.71
indexer,1024,8192,8,4096,1,1301.17
indexer,1024,8192,8,8192,1,1517.14
indexer,1024,8192,8,16384,1,2147.29
indexer,1024,8192,16,16,1,1286.09
indexer,1024,8192,16,32,1,1286.61
indexer,1024,8192,16,64,1,1284.52
indexer,1024,8192,16,128,1,1281.59
indexer,1024,8192,16,256,1,1285.74
indexer,1024,8192,16,512,1,1289.59
indexer,1024,8192,16,1024,1,1293.5
indexer,1024,8192,16,2048,1,1303.21
indexer,1024,8192,16,4096,1,1315.68
indexer,1024,8192,16,8192,1,1670.64
indexer,1024,8192,16,16384,1,2255.95
indexer,1024,8192,32,16,1,1287.64
indexer,1024,8192,32,32,1,1287.43
indexer,1024,8192,32,64,1,1286.6
indexer,1024,8192,32,128,1,1288.61
indexer,1024,8192,32,256,1,1289.66
indexer,1024,8192,32,512,1,1296.29
indexer,1024,8192,32,1024,1,1305.57
indexer,1024,8192,32,2048,1,1320.6
indexer,1024,8192,32,4096,1,1447.06
indexer,1024,8192,32,8192,1,1747.09
indexer,1024,8192,32,16384,1,2402.82
indexer,1024,8192,64,16,1,1294.28
indexer,1024,8192,64,32,1,1293.54
indexer,1024,8192,64,64,1,1294.83
indexer,1024,8192,64,128,1,1299.43
indexer,1024,8192,64,256,1,1302.42
indexer,1024,8192,64,512,1,1308.91
indexer,1024,8192,64,1024,1,1321.38
indexer,1024,8192,64,2048,1,1688.46
indexer,1024,8192,64,4096,1,1511.95
indexer,1024,8192,64,8192,1,1900.88
indexer,1024,8192,64,16384,1,2793.46
indexer,1024,8192,128,16,1,1299.91
indexer,1024,8192,128,32,1,1301.34
indexer,1024,8192,128,64,1,1305.46
indexer,1024,8192,128,128,1,1309.88
indexer,1024,8192,128,256,1,1321.34
indexer,1024,8192,128,512,1,1348.28
indexer,1024,8192,128,1024,1,1440.25
indexer,1024,8192,128,2048,1,2100.16
indexer,1024,8192,128,4096,1,1684.08
indexer,1024,8192,128,8192,1,2319.36
indexer,1024,8192,128,16384,1,3738.16
indexer,1024,16384,0,0,1,1768.17
indexer,1024,16384,1,16,1,1771.76
indexer,1024,16384,1,32,1,1770.69
indexer,1024,16384,1,64,1,1766.97
indexer,1024,16384,1,128,1,1772.35
indexer,1024,16384,1,256,1,1775.27
indexer,1024,16384,1,512,1,1769.66
indexer,1024,16384,1,1024,1,1773.2
indexer,1024,16384,1,2048,1,1770.62
indexer,1024,16384,1,4096,1,1769.91
indexer,1024,16384,1,8192,1,1772.4
indexer,1024,16384,1,16384,1,1781.18
indexer,1024,16384,2,16,1,1764.56
indexer,1024,16384,2,32,1,1769.03
indexer,1024,16384,2,64,1,1769.68
indexer,1024,16384,2,128,1,1770.29
indexer,1024,16384,2,256,1,1767.15
indexer,1024,16384,2,512,1,1772.02
indexer,1024,16384,2,1024,1,1773.19
indexer,1024,16384,2,2048,1,1770.48
indexer,1024,16384,2,4096,1,1772
indexer,1024,16384,2,8192,1,1777.88
indexer,1024,16384,2,16384,1,2215.27
indexer,1024,16384,4,16,1,1771.15
indexer,1024,16384,4,32,1,1770.64
indexer,1024,16384,4,64,1,1771.81
indexer,1024,16384,4,128,1,1770.82
indexer,1024,16384,4,256,1,1770.24
indexer,1024,16384,4,512,1,1775.67
indexer,1024,16384,4,1024,1,1772.47
indexer,1024,16384,4,2048,1,1776.8
indexer,1024,16384,4,4096,1,1778.7
indexer,1024,16384,4,8192,1,1792.13
indexer,1024,16384,4,16384,1,2227.11
indexer,1024,16384,8,16,1,1771.76
indexer,1024,16384,8,32,1,1767.37
indexer,1024,16384,8,64,1,1773.06
indexer,1024,16384,8,128,1,1770.04
indexer,1024,16384,8,256,1,1770.12
indexer,1024,16384,8,512,1,1773.33
indexer,1024,16384,8,1024,1,1774.64
indexer,1024,16384,8,2048,1,1780.35
indexer,1024,16384,8,4096,1,1789.71
indexer,1024,16384,8,8192,1,1804.82
indexer,1024,16384,8,16384,1,2461.22
indexer,1024,16384,16,16,1,1772.19
indexer,1024,16384,16,32,1,1772.26
indexer,1024,16384,16,64,1,1772.66
indexer,1024,16384,16,128,1,1774.19
indexer,1024,16384,16,256,1,1776.44
indexer,1024,16384,16,512,1,1775.79
indexer,1024,16384,16,1024,1,1783.43
indexer,1024,16384,16,2048,1,1789.63
indexer,1024,16384,16,4096,1,1806.47
indexer,1024,16384,16,8192,1,1974.28
indexer,1024,16384,16,16384,1,2537.79
indexer,1024,16384,32,16,1,1774.31
indexer,1024,16384,32,32,1,1772.27
indexer,1024,16384,32,64,1,1772.68
indexer,1024,16384,32,128,1,1777.76
indexer,1024,16384,32,256,1,1780.92
indexer,1024,16384,32,512,1,1783.46
indexer,1024,16384,32,1024,1,1796.95
indexer,1024,16384,32,2048,1,1805.54
indexer,1024,16384,32,4096,1,1955.99
indexer,1024,16384,32,8192,1,2045.11
indexer,1024,16384,32,16384,1,2683.65
indexer,1024,16384,64,16,1,1783.03
indexer,1024,16384,64,32,1,1779.43
indexer,1024,16384,64,64,1,1781.06
indexer,1024,16384,64,128,1,1780.26
indexer,1024,16384,64,256,1,1787.74
indexer,1024,16384,64,512,1,1804.27
indexer,1024,16384,64,1024,1,1811.04
indexer,1024,16384,64,2048,1,2567.63
indexer,1024,16384,64,4096,1,2003.52
indexer,1024,16384,64,8192,1,2191.26
indexer,1024,16384,64,16384,1,3081.75
indexer,1024,16384,128,16,1,1788.09
indexer,1024,16384,128,32,1,1791.39
indexer,1024,16384,128,64,1,1791.42
indexer,1024,16384,128,128,1,1794.47
indexer,1024,16384,128,256,1,1806.83
indexer,1024,16384,128,512,1,1829.54
indexer,1024,16384,128,1024,1,1880.93
indexer,1024,16384,128,2048,1,2657.49
indexer,1024,16384,128,4096,1,2176.39
indexer,1024,16384,128,8192,1,2612.32
indexer,1024,16384,128,16384,1,4020.86
indexer,2048,0,0,0,1,292.112
indexer,2048,0,1,16,1,310.096
indexer,2048,0,1,32,1,309.888
indexer,2048,0,1,64,1,311.466
indexer,2048,0,1,128,1,312.762
indexer,2048,0,1,256,1,311.713
indexer,2048,0,1,512,1,312.273
indexer,2048,0,1,1024,1,311.599
indexer,2048,0,1,2048,1,327.553
indexer,2048,0,1,4096,1,339.473
indexer,2048,0,1,8192,1,332.369
indexer,2048,0,1,16384,1,353.928
indexer,2048,0,2,16,1,307.825
indexer,2048,0,2,32,1,308.065
indexer,2048,0,2,64,1,308.88
indexer,2048,0,2,128,1,309.225
indexer,2048,0,2,256,1,309.465
indexer,2048,0,2,512,1,308.832
indexer,2048,0,2,1024,1,309.58
indexer,2048,0,2,2048,1,325.721
indexer,2048,0,2,4096,1,338.592
indexer,2048,0,2,8192,1,344.458
indexer,2048,0,2,16384,1,357.094
indexer,2048,0,4,16,1,308.409
indexer,2048,0,4,32,1,309.047
indexer,2048,0,4,64,1,310.138
indexer,2048,0,4,128,1,309.898
indexer,2048,0,4,256,1,310.129
indexer,2048,0,4,512,1,310.607
indexer,2048,0,4,1024,1,309.424
indexer,2048,0,4,2048,1,332.512
indexer,2048,0,4,4096,1,341.464
indexer,2048,0,4,8192,1,349.113
indexer,2048,0,4,16384,1,368.433
indexer,2048,0,8,16,1,308.593
indexer,2048,0,8,32,1,308.744
indexer,2048,0,8,64,1,309.905
indexer,2048,0,8,128,1,310.288
indexer,2048,0,8,256,1,310.751
indexer,2048,0,8,512,1,309.91
indexer,2048,0,8,1024,1,311.041
indexer,2048,0,8,2048,1,332.656
indexer,2048,0,8,4096,1,347.905
indexer,2048,0,8,8192,1,358.129
indexer,2048,0,8,16384,1,385.177
indexer,2048,0,16,16,1,309.592
indexer,2048,0,16,32,1,308.689
indexer,2048,0,16,64,1,310.432
indexer,2048,0,16,128,1,311.12
indexer,2048,0,16,256,1,311.12
indexer,2048,0,16,512,1,312.657
indexer,2048,0,16,1024,1,313.848
indexer,2048,0,16,2048,1,338.865
indexer,2048,0,16,4096,1,357.706
indexer,2048,0,16,8192,1,381.288
indexer,2048,0,16,16384,1,426.082
indexer,2048,0,32,16,1,310.744
indexer,2048,0,32,32,1,310.97
indexer,2048,0,32,64,1,312.953
indexer,2048,0,32,128,1,313.479
indexer,2048,0,32,256,1,314.361
indexer,2048,0,32,512,1,315.665
indexer,2048,0,32,1024,1,322.193
indexer,2048,0,32,2048,1,367.007
indexer,2048,0,32,4096,1,408.137
indexer,2048,0,32,8192,1,457.809
indexer,2048,0,32,16384,1,547.283
indexer,2048,0,64,16,1,313.945
indexer,2048,0,64,32,1,313.513
indexer,2048,0,64,64,1,315.921
indexer,2048,0,64,128,1,316.865
indexer,2048,0,64,256,1,318.592
indexer,2048,0,64,512,1,323.833
indexer,2048,0,64,1024,1,333.049
indexer,2048,0,64,2048,1,406.096
indexer,2048,0,64,4096,1,480.184
indexer,2048,0,64,8192,1,570.761
indexer,2048,0,64,16384,1,789.514
indexer,2048,0,128,16,1,318.025
indexer,2048,0,128,32,1,318.546
indexer,2048,0,128,64,1,321.592
indexer,2048,0,128,128,1,323.375
indexer,2048,0,128,256,1,329.273
indexer,2048,0,128,512,1,337.792
indexer,2048,0,128,1024,1,357.433
indexer,2048,0,128,2048,1,481.106
indexer,2048,0,128,4096,1,621.001
indexer,2048,0,128,8192,1,840.072
indexer,2048,0,128,16384,1,1216.19
indexer,2048,16,0,0,1,318.976
indexer,2048,16,1,16,1,338.538
indexer,2048,16,1,32,1,337.728
indexer,2048,16,1,64,1,339.144
indexer,2048,16,1,128,1,338.616
indexer,2048,16,1,256,1,338.729
indexer,2048,16,1,512,1,338.656
indexer,2048,16,1,1024,1,338.367
indexer,2048,16,1,2048,1,354.992
indexer,2048,16,1,4096,1,366.441
indexer,2048,16,1,8192,1,357.457
indexer,2048,16,1,16384,1,381.466
indexer,2048,16,2,16,1,336.169
indexer,2048,16,2,32,1,335.384
indexer,2048,16,2,64,1,337.849
indexer,2048,16,2,128,1,335.632
indexer,2048,16,2,256,1,337.305
indexer,2048,16,2,512,1,336.681
indexer,2048,16,2,1024,1,337.168
indexer,2048,16,2,2048,1,352.841
indexer,2048,16,2,4096,1,366.329
indexer,2048,16,2,8192,1,372.866
indexer,2048,16,2,16384,1,384.986
indexer,2048,16,4,16,1,335.856
indexer,2048,16,4,32,1,335.891
indexer,2048,16,4,64,1,337.192
indexer,2048,16,4,128,1,335.4
indexer,2048,16,4,256,1,337.169
indexer,2048,16,4,512,1,337.546
indexer,2048,16,4,1024,1,339.385
indexer,2048,16,4,2048,1,358.825
indexer,2048,16,4,4096,1,369.376
indexer,2048,16,4,8192,1,377.009
indexer,2048,16,4,16384,1,395.265
indexer,2048,16,8,16,1,335.784
indexer,2048,16,8,32,1,335.761
indexer,2048,16,8,64,1,336.935
indexer,2048,16,8,128,1,336.608
indexer,2048,16,8,256,1,337.169
indexer,2048,16,8,512,1,336.951
indexer,2048,16,8,1024,1,339.321
indexer,2048,16,8,2048,1,359.584
indexer,2048,16,8,4096,1,374.536
indexer,2048,16,8,8192,1,385.385
indexer,2048,16,8,16384,1,413.233
indexer,2048,16,16,16,1,335.712
indexer,2048,16,16,32,1,336.547
indexer,2048,16,16,64,1,338.305
indexer,2048,16,16,128,1,337.184
indexer,2048,16,16,256,1,338.209
indexer,2048,16,16,512,1,339.314
indexer,2048,16,16,1024,1,341.465
indexer,2048,16,16,2048,1,364.92
indexer,2048,16,16,4096,1,385.432
indexer,2048,16,16,8192,1,408.993
indexer,2048,16,16,16384,1,452.808
indexer,2048,16,32,16,1,338.704
indexer,2048,16,32,32,1,336.456
indexer,2048,16,32,64,1,339.415
indexer,2048,16,32,128,1,339.041
indexer,2048,16,32,256,1,340.976
indexer,2048,16,32,512,1,342.072
indexer,2048,16,32,1024,1,347.393
indexer,2048,16,32,2048,1,394.144
indexer,2048,16,32,4096,1,436.993
indexer,2048,16,32,8192,1,484.097
indexer,2048,16,32,16384,1,574.345
indexer,2048,16,64,16,1,340.873
indexer,2048,16,64,32,1,340.745
indexer,2048,16,64,64,1,342.481
indexer,2048,16,64,128,1,344.235
indexer,2048,16,64,256,1,345.962
indexer,2048,16,64,512,1,350.56
indexer,2048,16,64,1024,1,360.368
indexer,2048,16,64,2048,1,433.056
indexer,2048,16,64,4096,1,508.928
indexer,2048,16,64,8192,1,596.545
indexer,2048,16,64,16384,1,815.984
indexer,2048,16,128,16,1,345.672
indexer,2048,16,128,32,1,345.176
indexer,2048,16,128,64,1,347.551
indexer,2048,16,128,128,1,352.289
indexer,2048,16,128,256,1,355.863
indexer,2048,16,128,512,1,364.008
indexer,2048,16,128,1024,1,384.088
indexer,2048,16,128,2048,1,512.745
indexer,2048,16,128,4096,1,647.448
indexer,2048,16,128,8192,1,867.227
indexer,2048,16,128,16384,1,1242.29
indexer,2048,32,0,0,1,322.28
indexer,2048,32,1,16,1,341.144
indexer,2048,32,1,32,1,341.57
indexer,2048,32,1,64,1,341.978
indexer,2048,32,1,128,1,341.177
indexer,2048,32,1,256,1,344.921
indexer,2048,32,1,512,1,341.65
indexer,2048,32,1,1024,1,343.071
indexer,2048,32,1,2048,1,359.376
indexer,2048,32,1,4096,1,370.801
indexer,2048,32,1,8192,1,360.809
indexer,2048,32,1,16384,1,386.297
indexer,2048,32,2,16,1,340.696
indexer,2048,32,2,32,1,340.503
indexer,2048,32,2,64,1,340.84
indexer,2048,32,2,128,1,339.104
indexer,2048,32,2,256,1,341.008
indexer,2048,32,2,512,1,340.769
indexer,2048,32,2,1024,1,339.978
indexer,2048,32,2,2048,1,357.032
indexer,2048,32,2,4096,1,369.96
indexer,2048,32,2,8192,1,374.706
indexer,2048,32,2,16384,1,389.777
indexer,2048,32,4,16,1,340.361
indexer,2048,32,4,32,1,341.504
indexer,2048,32,4,64,1,341.8
indexer,2048,32,4,128,1,339.505
indexer,2048,32,4,256,1,341.144
indexer,2048,32,4,512,1,339.96
indexer,2048,32,4,1024,1,342.504
indexer,2048,32,4,2048,1,363.656
indexer,2048,32,4,4096,1,375.017
indexer,2048,32,4,8192,1,380.41
indexer,2048,32,4,16384,1,400.319
indexer,2048,32,8,16,1,337.865
indexer,2048,32,8,32,1,340.001
indexer,2048,32,8,64,1,340.793
indexer,2048,32,8,128,1,339.841
indexer,2048,32,8,256,1,340.68
indexer,2048,32,8,512,1,341.984
indexer,2048,32,8,1024,1,342.57
indexer,2048,32,8,2048,1,363.96
indexer,2048,32,8,4096,1,377.801
indexer,2048,32,8,8192,1,387.4
indexer,2048,32,8,16384,1,418.681
indexer,2048,32,16,16,1,340.711
indexer,2048,32,16,32,1,341.841
indexer,2048,32,16,64,1,341.353
indexer,2048,32,16,128,1,341.938
indexer,2048,32,16,256,1,342.144
indexer,2048,32,16,512,1,344.441
indexer,2048,32,16,1024,1,346.216
indexer,2048,32,16,2048,1,370.513
indexer,2048,32,16,4096,1,389.031
indexer,2048,32,16,8192,1,415.456
indexer,2048,32,16,16384,1,457.322
indexer,2048,32,32,16,1,341.994
indexer,2048,32,32,32,1,341.137
indexer,2048,32,32,64,1,344.41
indexer,2048,32,32,128,1,342.889
indexer,2048,32,32,256,1,344.137
indexer,2048,32,32,512,1,347.792
indexer,2048,32,32,1024,1,351.257
indexer,2048,32,32,2048,1,398.547
indexer,2048,32,32,4096,1,441.16
indexer,2048,32,32,8192,1,490.457
indexer,2048,32,32,16384,1,579.682
indexer,2048,32,64,16,1,344.24
indexer,2048,32,64,32,1,346.256
indexer,2048,32,64,64,1,345.784
indexer,2048,32,64,128,1,348.024
indexer,2048,32,64,256,1,349.967
indexer,2048,32,64,512,1,353.033
indexer,2048,32,64,1024,1,363.498
indexer,2048,32,64,2048,1,435.561
indexer,2048,32,64,4096,1,509.216
indexer,2048,32,64,8192,1,599.737
indexer,2048,32,64,16384,1,819.593
indexer,2048,32,128,16,1,349.361
indexer,2048,32,128,32,1,350.785
indexer,2048,32,128,64,1,351.609
indexer,2048,32,128,128,1,356.353
indexer,2048,32,128,256,1,360.498
indexer,2048,32,128,512,1,368.569
indexer,2048,32,128,1024,1,387.913
indexer,2048,32,128,2048,1,515.41
indexer,2048,32,128,4096,1,653.729
indexer,2048,32,128,8192,1,872.042
indexer,2048,32,128,16384,1,1247.62
indexer,2048,64,0,0,1,328.416
indexer,2048,64,1,16,1,346.593
indexer,2048,64,1,32,1,346.703
indexer,2048,64,1,64,1,347.48
indexer,2048,64,1,128,1,349.256
indexer,2048,64,1,256,1,347.849
indexer,2048,64,1,512,1,347.857
indexer,2048,64,1,1024,1,348.561
indexer,2048,64,1,2048,1,363.753
indexer,2048,64,1,4096,1,376.232
indexer,2048,64,1,8192,1,366.913
indexer,2048,64,1,16384,1,390.233
indexer,2048,64,2,16,1,344.736
indexer,2048,64,2,32,1,345.112
indexer,2048,64,2,64,1,345.162
indexer,2048,64,2,128,1,345.695
indexer,2048,64,2,256,1,345.544
indexer,2048,64,2,512,1,346.72
indexer,2048,64,2,1024,1,347.215
indexer,2048,64,2,2048,1,363.504
indexer,2048,64,2,4096,1,375.968
indexer,2048,64,2,8192,1,380.377
indexer,2048,64,2,16384,1,394.724
indexer,2048,64,4,16,1,346.512
indexer,2048,64,4,32,1,345.248
indexer,2048,64,4,64,1,347.399
indexer,2048,64,4,128,1,346.138
indexer,2048,64,4,256,1,347.496
indexer,2048,64,4,512,1,346.906
indexer,2048,64,4,1024,1,346.76
indexer,2048,64,4,2048,1,367.521
indexer,2048,64,4,4096,1,379
indexer,2048,64,4,8192,1,385.713
indexer,2048,64,4,16384,1,404.953
indexer,2048,64,8,16,1,345.089
indexer,2048,64,8,32,1,345.139
indexer,2048,64,8,64,1,346.178
indexer,2048,64,8,128,1,346.265
indexer,2048,64,8,256,1,347.169
indexer,2048,64,8,512,1,348.129
indexer,2048,64,8,1024,1,346.953
indexer,2048,64,8,2048,1,370.824
indexer,2048,64,8,4096,1,383.234
indexer,2048,64,8,8192,1,394.634
indexer,2048,64,8,16384,1,423.08
indexer,2048,64,16,16,1,346.568
indexer,2048,64,16,32,1,346.249
indexer,2048,64,16,64,1,348.217
indexer,2048,64,16,128,1,347.442
indexer,2048,64,16,256,1,348.017
indexer,2048,64,16,512,1,348.576
indexer,2048,64,16,1024,1,350.961
indexer,2048,64,16,2048,1,375.865
indexer,2048,64,16,4096,1,395.113
indexer,2048,64,16,8192,1,419.305
indexer,2048,64,16,16384,1,462.008
indexer,2048,64,32,16,1,347.042
indexer,2048,64,32,32,1,347.456
indexer,2048,64,32,64,1,349.103
indexer,2048,64,32,128,1,349.537
indexer,2048,64,32,256,1,349.392
indexer,2048,64,32,512,1,352.041
indexer,2048,64,32,1024,1,357.314
indexer,2048,64,32,2048,1,403.728
indexer,2048,64,32,4096,1,444.793
indexer,2048,64,32,8192,1,495.177
indexer,2048,64,32,16384,1,582.288
indexer,2048,64,64,16,1,350.475
indexer,2048,64,64,32,1,350.553
indexer,2048,64,64,64,1,351.922
indexer,2048,64,64,128,1,352.898
indexer,2048,64,64,256,1,354.344
indexer,2048,64,64,512,1,359.193
indexer,2048,64,64,1024,1,370.217
indexer,2048,64,64,2048,1,442.618
indexer,2048,64,64,4096,1,516.569
indexer,2048,64,64,8192,1,605.585
indexer,2048,64,64,16384,1,825.763
indexer,2048,64,128,16,1,356.617
indexer,2048,64,128,32,1,356.833
indexer,2048,64,128,64,1,359.183
indexer,2048,64,128,128,1,361.841
indexer,2048,64,128,256,1,365.496
indexer,2048,64,128,512,1,376.631
indexer,2048,64,128,1024,1,393.601
indexer,2048,64,128,2048,1,522.713
indexer,2048,64,128,4096,1,658.042
indexer,2048,64,128,8192,1,877.915
indexer,2048,64,128,16384,1,1253.02
indexer,2048,128,0,0,1,346.225
indexer,2048,128,1,16,1,365.785
indexer,2048,128,1,32,1,365.864
indexer,2048,128,1,64,1,366.712
indexer,2048,128,1,128,1,367.657
indexer,2048,128,1,256,1,365.737
indexer,2048,128,1,512,1,366.458
indexer,2048,128,1,1024,1,365.233
indexer,2048,128,1,2048,1,382.234
indexer,2048,128,1,4096,1,396.889
indexer,2048,128,1,8192,1,394.505
indexer,2048,128,1,16384,1,409.194
indexer,2048,128,2,16,1,362.785
indexer,2048,128,2,32,1,363.52
indexer,2048,128,2,64,1,361.761
indexer,2048,128,2,128,1,363.905
indexer,2048,128,2,256,1,367.081
indexer,2048,128,2,512,1,364.417
indexer,2048,128,2,1024,1,364.183
indexer,2048,128,2,2048,1,379.425
indexer,2048,128,2,4096,1,393.688
indexer,2048,128,2,8192,1,399.161
indexer,2048,128,2,16384,1,412.88
indexer,2048,128,4,16,1,364.69
indexer,2048,128,4,32,1,361.977
indexer,2048,128,4,64,1,363.859
indexer,2048,128,4,128,1,366.841
indexer,2048,128,4,256,1,364.01
indexer,2048,128,4,512,1,364.314
indexer,2048,128,4,1024,1,365.746
indexer,2048,128,4,2048,1,388.496
indexer,2048,128,4,4096,1,397.977
indexer,2048,128,4,8192,1,404.225
indexer,2048,128,4,16384,1,421.129
indexer,2048,128,8,16,1,362.937
indexer,2048,128,8,32,1,364.985
indexer,2048,128,8,64,1,364.866
indexer,2048,128,8,128,1,366.465
indexer,2048,128,8,256,1,365.776
indexer,2048,128,8,512,1,364.329
indexer,2048,128,8,1024,1,366.673
indexer,2048,128,8,2048,1,387.49
indexer,2048,128,8,4096,1,402.777
indexer,2048,128,8,8192,1,412.776
indexer,2048,128,8,16384,1,441.312
indexer,2048,128,16,16,1,364.304
indexer,2048,128,16,32,1,365.776
indexer,2048,128,16,64,1,366.442
indexer,2048,128,16,128,1,364.841
indexer,2048,128,16,256,1,367.153
indexer,2048,128,16,512,1,368.304
indexer,2048,128,16,1024,1,368.345
indexer,2048,128,16,2048,1,394.609
indexer,2048,128,16,4096,1,412.689
indexer,2048,128,16,8192,1,437.33
indexer,2048,128,16,16384,1,479.384
indexer,2048,128,32,16,1,367.321
indexer,2048,128,32,32,1,365.928
indexer,2048,128,32,64,1,366.527
indexer,2048,128,32,128,1,367.025
indexer,2048,128,32,256,1,368.505
indexer,2048,128,32,512,1,370.504
indexer,2048,128,32,1024,1,375.233
indexer,2048,128,32,2048,1,421.722
indexer,2048,128,32,4096,1,463.905
indexer,2048,128,32,8192,1,510.913
indexer,2048,128,32,16384,1,601.921
indexer,2048,128,64,16,1,368.12
indexer,2048,128,64,32,1,369.37
indexer,2048,128,64,64,1,368.177
indexer,2048,128,64,128,1,372.17
indexer,2048,128,64,256,1,373.714
indexer,2048,128,64,512,1,378.098
indexer,2048,128,64,1024,1,387.96
indexer,2048,128,64,2048,1,464.402
indexer,2048,128,64,4096,1,534.57
indexer,2048,128,64,8192,1,624.01
indexer,2048,128,64,16384,1,843.762
indexer,2048,128,128,16,1,374.977
indexer,2048,128,128,32,1,374.089
indexer,2048,128,128,64,1,378.705
indexer,2048,128,128,128,1,379.449
indexer,2048,128,128,256,1,384.817
indexer,2048,128,128,512,1,393.496
indexer,2048,128,128,1024,1,412.177
indexer,2048,128,128,2048,1,541.13
indexer,2048,128,128,4096,1,676.714
indexer,2048,128,128,8192,1,896.594
indexer,2048,128,128,16384,1,1271.29
indexer,2048,256,0,0,1,372.746
indexer,2048,256,1,16,1,391.992
indexer,2048,256,1,32,1,392.849
indexer,2048,256,1,64,1,393.121
indexer,2048,256,1,128,1,393.048
indexer,2048,256,1,256,1,393.664
indexer,2048,256,1,512,1,392.784
indexer,2048,256,1,1024,1,393.879
indexer,2048,256,1,2048,1,410.114
indexer,2048,256,1,4096,1,421.553
indexer,2048,256,1,8192,1,423.425
indexer,2048,256,1,16384,1,437.05
indexer,2048,256,2,16,1,389.513
indexer,2048,256,2,32,1,389.122
indexer,2048,256,2,64,1,391.609
indexer,2048,256,2,128,1,391.857
indexer,2048,256,2,256,1,391.458
indexer,2048,256,2,512,1,391.826
indexer,2048,256,2,1024,1,391.345
indexer,2048,256,2,2048,1,407.383
indexer,2048,256,2,4096,1,422.154
indexer,2048,256,2,8192,1,425.377
indexer,2048,256,2,16384,1,438.769
indexer,2048,256,4,16,1,390.945
indexer,2048,256,4,32,1,391.569
indexer,2048,256,4,64,1,391.114
indexer,2048,256,4,128,1,391.272
indexer,2048,256,4,256,1,391.738
indexer,2048,256,4,512,1,392.361
indexer,2048,256,4,1024,1,392.897
indexer,2048,256,4,2048,1,414.264
indexer,2048,256,4,4096,1,424.37
indexer,2048,256,4,8192,1,431.585
indexer,2048,256,4,16384,1,450.514
indexer,2048,256,8,16,1,391.304
indexer,2048,256,8,32,1,390.529
indexer,2048,256,8,64,1,391.402
indexer,2048,256,8,128,1,392.393
indexer,2048,256,8,256,1,390.873
indexer,2048,256,8,512,1,393.064
indexer,2048,256,8,1024,1,393.825
indexer,2048,256,8,2048,1,415.848
indexer,2048,256,8,4096,1,429.731
indexer,2048,256,8,8192,1,438.601
indexer,2048,256,8,16384,1,468.433
indexer,2048,256,16,16,1,391.473
indexer,2048,256,16,32,1,391.657
indexer,2048,256,16,64,1,393.537
indexer,2048,256,16,128,1,392.664
indexer,2048,256,16,256,1,393.16
indexer,2048,256,16,512,1,393.432
indexer,2048,256,16,1024,1,396.354
indexer,2048,256,16,2048,1,423.097
indexer,2048,256,16,4096,1,440.578
indexer,2048,256,16,8192,1,464.785
indexer,2048,256,16,16384,1,507.89
indexer,2048,256,32,16,1,392.871
indexer,2048,256,32,32,1,393.84
indexer,2048,256,32,64,1,393.688
indexer,2048,256,32,128,1,394.281
indexer,2048,256,32,256,1,395.785
indexer,2048,256,32,512,1,397.689
indexer,2048,256,32,1024,1,403.592
indexer,2048,256,32,2048,1,449.515
indexer,2048,256,32,4096,1,491.37
indexer,2048,256,32,8192,1,539.498
indexer,2048,256,32,16384,1,627.41
indexer,2048,256,64,16,1,395.122
indexer,2048,256,64,32,1,395.112
indexer,2048,256,64,64,1,397.338
indexer,2048,256,64,128,1,398.562
indexer,2048,256,64,256,1,402.122
indexer,2048,256,64,512,1,405.297
indexer,2048,256,64,1024,1,414.608
indexer,2048,256,64,2048,1,491.29
indexer,2048,256,64,4096,1,562.29
indexer,2048,256,64,8192,1,651.713
indexer,2048,256,64,16384,1,870.873
indexer,2048,256,128,16,1,400.136
indexer,2048,256,128,32,1,400.498
indexer,2048,256,128,64,1,404.106
indexer,2048,256,128,128,1,405.875
indexer,2048,256,128,256,1,410.818
indexer,2048,256,128,512,1,420.474
indexer,2048,256,128,1024,1,439.457
indexer,2048,256,128,2048,1,567.681
indexer,2048,256,128,4096,1,704.147
indexer,2048,256,128,8192,1,923.86
indexer,2048,256,128,16384,1,1297.22
indexer,2048,512,0,0,1,414.85
indexer,2048,512,1,16,1,433.689
indexer,2048,512,1,32,1,433.658
indexer,2048,512,1,64,1,434.777
indexer,2048,512,1,128,1,434.745
indexer,2048,512,1,256,1,434.786
indexer,2048,512,1,512,1,434.136
indexer,2048,512,1,1024,1,434.391
indexer,2048,512,1,2048,1,450.33
indexer,2048,512,1,4096,1,463.008
indexer,2048,512,1,8192,1,465.199
indexer,2048,512,1,16384,1,477.715
indexer,2048,512,2,16,1,430.387
indexer,2048,512,2,32,1,431.617
indexer,2048,512,2,64,1,431.442
indexer,2048,512,2,128,1,433.586
indexer,2048,512,2,256,1,432.177
indexer,2048,512,2,512,1,432.458
indexer,2048,512,2,1024,1,433.544
indexer,2048,512,2,2048,1,453.777
indexer,2048,512,2,4096,1,461.552
indexer,2048,512,2,8192,1,466.912
indexer,2048,512,2,16384,1,480.857
indexer,2048,512,4,16,1,431.538
indexer,2048,512,4,32,1,432.401
indexer,2048,512,4,64,1,434.312
indexer,2048,512,4,128,1,433.312
indexer,2048,512,4,256,1,434.417
indexer,2048,512,4,512,1,434.041
indexer,2048,512,4,1024,1,433.832
indexer,2048,512,4,2048,1,456.169
indexer,2048,512,4,4096,1,464.337
indexer,2048,512,4,8192,1,472.713
indexer,2048,512,4,16384,1,492.257
indexer,2048,512,8,16,1,430.785
indexer,2048,512,8,32,1,432.848
indexer,2048,512,8,64,1,433.296
indexer,2048,512,8,128,1,434.312
indexer,2048,512,8,256,1,433.656
indexer,2048,512,8,512,1,434.913
indexer,2048,512,8,1024,1,434.617
indexer,2048,512,8,2048,1,458.466
indexer,2048,512,8,4096,1,471.082
indexer,2048,512,8,8192,1,482.337
indexer,2048,512,8,16384,1,512.01
indexer,2048,512,16,16,1,432.872
indexer,2048,512,16,32,1,432.833
indexer,2048,512,16,64,1,433.714
indexer,2048,512,16,128,1,433.808
indexer,2048,512,16,256,1,435.465
indexer,2048,512,16,512,1,435.712
indexer,2048,512,16,1024,1,438.585
indexer,2048,512,16,2048,1,463.035
indexer,2048,512,16,4096,1,483.482
indexer,2048,512,16,8192,1,507.12
indexer,2048,512,16,16384,1,550.498
indexer,2048,512,32,16,1,435.176
indexer,2048,512,32,32,1,433.361
indexer,2048,512,32,64,1,435.449
indexer,2048,512,32,128,1,435.112
indexer,2048,512,32,256,1,438.352
indexer,2048,512,32,512,1,438.833
indexer,2048,512,32,1024,1,445.056
indexer,2048,512,32,2048,1,490.937
indexer,2048,512,32,4096,1,532.514
indexer,2048,512,32,8192,1,581.328
indexer,2048,512,32,16384,1,670.666
indexer,2048,512,64,16,1,438.041
indexer,2048,512,64,32,1,438.297
indexer,2048,512,64,64,1,440.657
indexer,2048,512,64,128,1,440.776
indexer,2048,512,64,256,1,444.362
indexer,2048,512,64,512,1,448.096
indexer,2048,512,64,1024,1,458.857
indexer,2048,512,64,2048,1,530.946
indexer,2048,512,64,4096,1,605.152
indexer,2048,512,64,8192,1,696.074
indexer,2048,512,64,16384,1,914.547
indexer,2048,512,128,16,1,442.559
indexer,2048,512,128,32,1,442.394
indexer,2048,512,128,64,1,443.857
indexer,2048,512,128,128,1,447.129
indexer,2048,512,128,256,1,452.585
indexer,2048,512,128,512,1,463.569
indexer,2048,512,128,1024,1,481.561
indexer,2048,512,128,2048,1,609.497
indexer,2048,512,128,4096,1,745.772
indexer,2048,512,128,8192,1,965.993
indexer,2048,512,128,16384,1,1339.81
indexer,2048,1024,0,0,1,532.002
indexer,2048,1024,1,16,1,550.946
indexer,2048,1024,1,32,1,551.505
indexer,2048,1024,1,64,1,552.115
indexer,2048,1024,1,128,1,550.522
indexer,2048,1024,1,256,1,551.337
indexer,2048,1024,1,512,1,552.236
indexer,2048,1024,1,1024,1,551.8
indexer,2048,1024,1,2048,1,567.736
indexer,2048,1024,1,4096,1,579.674
indexer,2048,1024,1,8192,1,580.625
indexer,2048,1024,1,16384,1,596.218
indexer,2048,1024,2,16,1,546.739
indexer,2048,1024,2,32,1,546.258
indexer,2048,1024,2,64,1,548.537
indexer,2048,1024,2,128,1,547.625
indexer,2048,1024,2,256,1,548.114
indexer,2048,1024,2,512,1,548.011
indexer,2048,1024,2,1024,1,548.672
indexer,2048,1024,2,2048,1,568.274
indexer,2048,1024,2,4096,1,578.279
indexer,2048,1024,2,8192,1,582.794
indexer,2048,1024,2,16384,1,599.002
indexer,2048,1024,4,16,1,546.69
indexer,2048,1024,4,32,1,547.682
indexer,2048,1024,4,64,1,548.635
indexer,2048,1024,4,128,1,548.657
indexer,2048,1024,4,256,1,548.746
indexer,2048,1024,4,512,1,549.385
indexer,2048,1024,4,1024,1,549.488
indexer,2048,1024,4,2048,1,570.147
indexer,2048,1024,4,4096,1,581.921
indexer,2048,1024,4,8192,1,589.178
indexer,2048,1024,4,16384,1,609.587
indexer,2048,1024,8,16,1,548.808
indexer,2048,1024,8,32,1,547.361
indexer,2048,1024,8,64,1,548.561
indexer,2048,1024,8,128,1,548.89
indexer,2048,1024,8,256,1,550.082
indexer,2048,1024,8,512,1,549.314
indexer,2048,1024,8,1024,1,551.441
indexer,2048,1024,8,2048,1,573.153
indexer,2048,1024,8,4096,1,586.809
indexer,2048,1024,8,8192,1,600.234
indexer,2048,1024,8,16384,1,628.889
indexer,2048,1024,16,16,1,548.474
indexer,2048,1024,16,32,1,548.905
indexer,2048,1024,16,64,1,550.179
indexer,2048,1024,16,128,1,550.353
indexer,2048,1024,16,256,1,550.154
indexer,2048,1024,16,512,1,551.625
indexer,2048,1024,16,1024,1,554.056
indexer,2048,1024,16,2048,1,580.377
indexer,2048,1024,16,4096,1,599.498
indexer,2048,1024,16,8192,1,626.512
indexer,2048,1024,16,16384,1,669.682
indexer,2048,1024,32,16,1,551.154
indexer,2048,1024,32,32,1,550.776
indexer,2048,1024,32,64,1,552.258
indexer,2048,1024,32,128,1,552.041
indexer,2048,1024,32,256,1,554.137
indexer,2048,1024,32,512,1,555.682
indexer,2048,1024,32,1024,1,562.257
indexer,2048,1024,32,2048,1,609.658
indexer,2048,1024,32,4096,1,650.826
indexer,2048,1024,32,8192,1,699.956
indexer,2048,1024,32,16384,1,788.865
indexer,2048,1024,64,16,1,552.954
indexer,2048,1024,64,32,1,554.768
indexer,2048,1024,64,64,1,556.281
indexer,2048,1024,64,128,1,556.736
indexer,2048,1024,64,256,1,560.521
indexer,2048,1024,64,512,1,565.28
indexer,2048,1024,64,1024,1,575.713
indexer,2048,1024,64,2048,1,649.162
indexer,2048,1024,64,4096,1,723.26
indexer,2048,1024,64,8192,1,812.521
indexer,2048,1024,64,16384,1,1032.61
indexer,2048,1024,128,16,1,557.874
indexer,2048,1024,128,32,1,557.722
indexer,2048,1024,128,64,1,560.258
indexer,2048,1024,128,128,1,563.594
indexer,2048,1024,128,256,1,568.266
indexer,2048,1024,128,512,1,579.451
indexer,2048,1024,128,1024,1,598.13
indexer,2048,1024,128,2048,1,721.211
indexer,2048,1024,128,4096,1,861.01
indexer,2048,1024,128,8192,1,1082.76
indexer,2048,1024,128,16384,1,1457.03
indexer,2048,2048,0,0,1,796.307
indexer,2048,2048,1,16,1,814.297
indexer,2048,2048,1,32,1,814.929
indexer,2048,2048,1,64,1,816.042
indexer,2048,2048,1,128,1,815.706
indexer,2048,2048,1,256,1,815.73
indexer,2048,2048,1,512,1,815.593
indexer,2048,2048,1,1024,1,815.929
indexer,2048,2048,1,2048,1,831.09
indexer,2048,2048,1,4096,1,845.801
indexer,2048,2048,1,8192,1,845.002
indexer,2048,2048,1,16384,1,859.986
indexer,2048,2048,2,16,1,812.786
indexer,2048,2048,2,32,1,811.602
indexer,2048,2048,2,64,1,812.123
indexer,2048,2048,2,128,1,813.977
indexer,2048,2048,2,256,1,813.25
indexer,2048,2048,2,512,1,813.312
indexer,2048,2048,2,1024,1,814.074
indexer,2048,2048,2,2048,1,833.532
indexer,2048,2048,2,4096,1,843.555
indexer,2048,2048,2,8192,1,848.385
indexer,2048,2048,2,16384,1,864.321
indexer,2048,2048,4,16,1,813.217
indexer,2048,2048,4,32,1,812.738
indexer,2048,2048,4,64,1,813.083
indexer,2048,2048,4,128,1,813.315
indexer,2048,2048,4,256,1,814.57
indexer,2048,2048,4,512,1,814.226
indexer,2048,2048,4,1024,1,814.74
indexer,2048,2048,4,2048,1,836.737
indexer,2048,2048,4,4096,1,846.764
indexer,2048,2048,4,8192,1,855.274
indexer,2048,2048,4,16384,1,877.706
indexer,2048,2048,8,16,1,811.513
indexer,2048,2048,8,32,1,811.299
indexer,2048,2048,8,64,1,811.85
indexer,2048,2048,8,128,1,813.802
indexer,2048,2048,8,256,1,813.457
indexer,2048,2048,8,512,1,813.874
indexer,2048,2048,8,1024,1,815.258
indexer,2048,2048,8,2048,1,837.05
indexer,2048,2048,8,4096,1,853.04
indexer,2048,2048,8,8192,1,863.963
indexer,2048,2048,8,16384,1,895.809
indexer,2048,2048,16,16,1,812.732
indexer,2048,2048,16,32,1,813.346
indexer,2048,2048,16,64,1,815.09
indexer,2048,2048,16,128,1,815.667
indexer,2048,2048,16,256,1,815.386
indexer,2048,2048,16,512,1,817.585
indexer,2048,2048,16,1024,1,818.811
indexer,2048,2048,16,2048,1,845.042
indexer,2048,2048,16,4096,1,865.827
indexer,2048,2048,16,8192,1,891.867
indexer,2048,2048,16,16384,1,935.267
indexer,2048,2048,32,16,1,813.779
indexer,2048,2048,32,32,1,814.866
indexer,2048,2048,32,64,1,816.057
indexer,2048,2048,32,128,1,816.361
indexer,2048,2048,32,256,1,816.619
indexer,2048,2048,32,512,1,820.722
indexer,2048,2048,32,1024,1,827.651
indexer,2048,2048,32,2048,1,875.571
indexer,2048,2048,32,4096,1,918.531
indexer,2048,2048,32,8192,1,965.178
indexer,2048,2048,32,16384,1,1055.51
indexer,2048,2048,64,16,1,817.458
indexer,2048,2048,64,32,1,818.259
indexer,2048,2048,64,64,1,819.77
indexer,2048,2048,64,128,1,822.05
indexer,2048,2048,64,256,1,825.786
indexer,2048,2048,64,512,1,831.522
indexer,2048,2048,64,1024,1,840.435
indexer,2048,2048,64,2048,1,914.403
indexer,2048,2048,64,4096,1,988.938
indexer,2048,2048,64,8192,1,1078.29
indexer,2048,2048,64,16384,1,1297.57
indexer,2048,2048,128,16,1,823.073
indexer,2048,2048,128,32,1,824.993
indexer,2048,2048,128,64,1,825.866
indexer,2048,2048,128,128,1,830.763
indexer,2048,2048,128,256,1,834.977
indexer,2048,2048,128,512,1,847.858
indexer,2048,2048,128,1024,1,866.547
indexer,2048,2048,128,2048,1,990.946
indexer,2048,2048,128,4096,1,1130.58
indexer,2048,2048,128,8192,1,1349.08
indexer,2048,2048,128,16384,1,1724.89
indexer,2048,4096,0,0,1,1616.33
indexer,2048,4096,1,16,1,1632.16
indexer,2048,4096,1,32,1,1634.8
indexer,2048,4096,1,64,1,1632.7
indexer,2048,4096,1,128,1,1633.03
indexer,2048,4096,1,256,1,1635.37
indexer,2048,4096,1,512,1,1633.98
indexer,2048,4096,1,1024,1,1637.86
indexer,2048,4096,1,2048,1,1655.76
indexer,2048,4096,1,4096,1,1664.39
indexer,2048,4096,1,8192,1,1665
indexer,2048,4096,1,16384,1,1678.18
indexer,2048,4096,2,16,1,1632.25
indexer,2048,4096,2,32,1,1631.95
indexer,2048,4096,2,64,1,1631.5
indexer,2048,4096,2,128,1,1633.55
indexer,2048,4096,2,256,1,1634.86
indexer,2048,4096,2,512,1,1634.15
indexer,2048,4096,2,1024,1,1633.94
indexer,2048,4096,2,2048,1,1656.36
indexer,2048,4096,2,4096,1,1663.01
indexer,2048,4096,2,8192,1,1667.05
indexer,2048,4096,2,16384,1,1686.67
indexer,2048,4096,4,16,1,1629.44
indexer,2048,4096,4,32,1,1631.83
indexer,2048,4096,4,64,1,1631.47
indexer,2048,4096,4,128,1,1635.25
indexer,2048,4096,4,256,1,1633.44
indexer,2048,4096,4,512,1,1632.8
indexer,2048,4096,4,1024,1,1633.73
indexer,2048,4096,4,2048,1,1654.2
indexer,2048,4096,4,4096,1,1667.01
indexer,2048,4096,4,8192,1,1673.33
indexer,2048,4096,4,16384,1,1699.2
indexer,2048,4096,8,16,1,1631.53
indexer,2048,4096,8,32,1,1631.06
indexer,2048,4096,8,64,1,1631.99
indexer,2048,4096,8,128,1,1633.2
indexer,2048,4096,8,256,1,1635.26
indexer,2048,4096,8,512,1,1633.93
indexer,2048,4096,8,1024,1,1634.43
indexer,2048,4096,8,2048,1,1657.24
indexer,2048,4096,8,4096,1,1674.09
indexer,2048,4096,8,8192,1,1686.8
indexer,2048,4096,8,16384,1,1719.51
indexer,2048,4096,16,16,1,1633.66
indexer,2048,4096,16,32,1,1632.04
indexer,2048,4096,16,64,1,1633.28
indexer,2048,4096,16,128,1,1634.29
indexer,2048,4096,16,256,1,1636.49
indexer,2048,4096,16,512,1,1636.87
indexer,2048,4096,16,1024,1,1641.19
indexer,2048,4096,16,2048,1,1666.49
indexer,2048,4096,16,4096,1,1686.07
indexer,2048,4096,16,8192,1,1713.48
indexer,2048,4096,16,16384,1,1758.45
indexer,2048,4096,32,16,1,1634.66
indexer,2048,4096,32,32,1,1635.77
indexer,2048,4096,32,64,1,1636.56
indexer,2048,4096,32,128,1,1637.56
indexer,2048,4096,32,256,1,1637.36
indexer,2048,4096,32,512,1,1640.41
indexer,2048,4096,32,1024,1,1647.25
indexer,2048,4096,32,2048,1,1695.49
indexer,2048,4096,32,4096,1,1740.36
indexer,2048,4096,32,8192,1,1788.68
indexer,2048,4096,32,16384,1,1876.19
indexer,2048,4096,64,16,1,1638.81
indexer,2048,4096,64,32,1,1637.68
indexer,2048,4096,64,64,1,1638.83
indexer,2048,4096,64,128,1,1642.97
indexer,2048,4096,64,256,1,1643.89
indexer,2048,4096,64,512,1,1652.04
indexer,2048,4096,64,1024,1,1662.47
indexer,2048,4096,64,2048,1,1735.38
indexer,2048,4096,64,4096,1,1811.35
indexer,2048,4096,64,8192,1,1898.9
indexer,2048,4096,64,16384,1,2118.78
indexer,2048,4096,128,16,1,1640.98
indexer,2048,4096,128,32,1,1642.72
indexer,2048,4096,128,64,1,1648.18
indexer,2048,4096,128,128,1,1649.49
indexer,2048,4096,128,256,1,1657.31
indexer,2048,4096,128,512,1,1667.43
indexer,2048,4096,128,1024,1,1685.12
indexer,2048,4096,128,2048,1,1810
indexer,2048,4096,128,4096,1,1947.88
indexer,2048,4096,128,8192,1,2172.98
indexer,2048,4096,128,16384,1,2545.3
indexer,2048,8192,0,0,1,2941.35
indexer,2048,8192,1,16,1,2960.48
indexer,2048,8192,1,32,1,2958.75
indexer,2048,8192,1,64,1,2960.93
indexer,2048,8192,1,128,1,2958.98
indexer,2048,8192,1,256,1,2960.91
indexer,2048,8192,1,512,1,2960.04
indexer,2048,8192,1,1024,1,2963.53
indexer,2048,8192,1,2048,1,2976.01
indexer,2048,8192,1,4096,1,2990.77
indexer,2048,8192,1,8192,1,2992.93
indexer,2048,8192,1,16384,1,3008.38
indexer,2048,8192,2,16,1,2957.19
indexer,2048,8192,2,32,1,2959.14
indexer,2048,8192,2,64,1,2959.57
indexer,2048,8192,2,128,1,2958.36
indexer,2048,8192,2,256,1,2959.28
indexer,2048,8192,2,512,1,2958.76
indexer,2048,8192,2,1024,1,2960.65
indexer,2048,8192,2,2048,1,2975.04
indexer,2048,8192,2,4096,1,2990.19
indexer,2048,8192,2,8192,1,2994.76
indexer,2048,8192,2,16384,1,3007.88
indexer,2048,8192,4,16,1,2957.76
indexer,2048,8192,4,32,1,2958.3
indexer,2048,8192,4,64,1,2957.26
indexer,2048,8192,4,128,1,2957.54
indexer,2048,8192,4,256,1,2959.47
indexer,2048,8192,4,512,1,2957.8
indexer,2048,8192,4,1024,1,2959.43
indexer,2048,8192,4,2048,1,2976.66
indexer,2048,8192,4,4096,1,2994.27
indexer,2048,8192,4,8192,1,3002.57
indexer,2048,8192,4,16384,1,3020.23
indexer,2048,8192,8,16,1,2959.13
indexer,2048,8192,8,32,1,2958.82
indexer,2048,8192,8,64,1,2959.25
indexer,2048,8192,8,128,1,2961.75
indexer,2048,8192,8,256,1,2959.35
indexer,2048,8192,8,512,1,2961.43
indexer,2048,8192,8,1024,1,2962.14
indexer,2048,8192,8,2048,1,2983.28
indexer,2048,8192,8,4096,1,3000.65
indexer,2048,8192,8,8192,1,3013.91
indexer,2048,8192,8,16384,1,3041
indexer,2048,8192,16,16,1,2958.89
indexer,2048,8192,16,32,1,2958.6
indexer,2048,8192,16,64,1,2960.13
indexer,2048,8192,16,128,1,2962.34
indexer,2048,8192,16,256,1,2962.05
indexer,2048,8192,16,512,1,2963.55
indexer,2048,8192,16,1024,1,2966.48
indexer,2048,8192,16,2048,1,2990.69
indexer,2048,8192,16,4096,1,3014.38
indexer,2048,8192,16,8192,1,3038.44
indexer,2048,8192,16,16384,1,3084.13
indexer,2048,8192,32,16,1,2960.96
indexer,2048,8192,32,32,1,2961.74
indexer,2048,8192,32,64,1,2964.65
indexer,2048,8192,32,128,1,2963.38
indexer,2048,8192,32,256,1,2964.18
indexer,2048,8192,32,512,1,2967.63
indexer,2048,8192,32,1024,1,2975.75
indexer,2048,8192,32,2048,1,3021.61
indexer,2048,8192,32,4096,1,3065.14
indexer,2048,8192,32,8192,1,3115.67
indexer,2048,8192,32,16384,1,3209.12
indexer,2048,8192,64,16,1,2965.04
indexer,2048,8192,64,32,1,2964.83
indexer,2048,8192,64,64,1,2964.82
indexer,2048,8192,64,128,1,2966.87
indexer,2048,8192,64,256,1,2972
indexer,2048,8192,64,512,1,2977.31
indexer,2048,8192,64,1024,1,2988
indexer,2048,8192,64,2048,1,3060.56
indexer,2048,8192,64,4096,1,3137.9
indexer,2048,8192,64,8192,1,3233.48
indexer,2048,8192,64,16384,1,3448.31
indexer,2048,8192,128,16,1,2968.76
indexer,2048,8192,128,32,1,2968.87
indexer,2048,8192,128,64,1,2969.5
indexer,2048,8192,128,128,1,2976.99
indexer,2048,8192,128,256,1,2982.15
indexer,2048,8192,128,512,1,2991.19
indexer,2048,8192,128,1024,1,3009.77
indexer,2048,8192,128,2048,1,3138.4
indexer,2048,8192,128,4096,1,3283.98
indexer,2048,8192,128,8192,1,3501.81
indexer,2048,8192,128,16384,1,3870.41
indexer,2048,16384,0,0,1,4046.13
indexer,2048,16384,1,16,1,4063.96
indexer,2048,16384,1,32,1,4059.83
indexer,2048,16384,1,64,1,4068.44
indexer,2048,16384,1,128,1,4065.65
indexer,2048,16384,1,256,1,4072.84
indexer,2048,16384,1,512,1,4066.04
indexer,2048,16384,1,1024,1,4066.48
indexer,2048,16384,1,2048,1,4086.54
indexer,2048,16384,1,4096,1,4093.96
indexer,2048,16384,1,8192,1,4096.32
indexer,2048,16384,1,16384,1,4107.6
indexer,2048,16384,2,16,1,4066.36
indexer,2048,16384,2,32,1,4061.36
indexer,2048,16384,2,64,1,4065.9
indexer,2048,16384,2,128,1,4075.11
indexer,2048,16384,2,256,1,4066.46
indexer,2048,16384,2,512,1,4073.67
indexer,2048,16384,2,1024,1,4069.15
indexer,2048,16384,2,2048,1,4091.66
indexer,2048,16384,2,4096,1,4088.94
indexer,2048,16384,2,8192,1,4100.01
indexer,2048,16384,2,16384,1,4123.73
indexer,2048,16384,4,16,1,4067.82
indexer,2048,16384,4,32,1,4068.29
indexer,2048,16384,4,64,1,4063.27
indexer,2048,16384,4,128,1,4061.73
indexer,2048,16384,4,256,1,4075.02
indexer,2048,16384,4,512,1,4068.44
indexer,2048,16384,4,1024,1,4062.54
indexer,2048,16384,4,2048,1,4078.06
indexer,2048,16384,4,4096,1,4098.12
indexer,2048,16384,4,8192,1,4106.71
indexer,2048,16384,4,16384,1,4116.6
indexer,2048,16384,8,16,1,4070.67
indexer,2048,16384,8,32,1,4063.7
indexer,2048,16384,8,64,1,4067.56
indexer,2048,16384,8,128,1,4063.22
indexer,2048,16384,8,256,1,4067.29
indexer,2048,16384,8,512,1,4062.71
indexer,2048,16384,8,1024,1,4069.2
indexer,2048,16384,8,2048,1,4095.53
indexer,2048,16384,8,4096,1,4104.95
indexer,2048,16384,8,8192,1,4111.12
indexer,2048,16384,8,16384,1,4152.81
indexer,2048,16384,16,16,1,4063.96
indexer,2048,16384,16,32,1,4068.38
indexer,2048,16384,16,64,1,4064.73
indexer,2048,16384,16,128,1,4073.73
indexer,2048,16384,16,256,1,4064.24
indexer,2048,16384,16,512,1,4069.52
indexer,2048,16384,16,1024,1,4075.24
indexer,2048,16384,16,2048,1,4095.33
indexer,2048,16384,16,4096,1,4113.46
indexer,2048,16384,16,8192,1,4141.82
indexer,2048,16384,16,16384,1,4192.32
indexer,2048,16384,32,16,1,4069.62
indexer,2048,16384,32,32,1,4062.09
indexer,2048,16384,32,64,1,4069.16
indexer,2048,16384,32,128,1,4070.68
indexer,2048,16384,32,256,1,4072.06
indexer,2048,16384,32,512,1,4073.29
indexer,2048,16384,32,1024,1,4083.48
indexer,2048,16384,32,2048,1,4124.86
indexer,2048,16384,32,4096,1,4173.77
indexer,2048,16384,32,8192,1,4218.56
indexer,2048,16384,32,16384,1,4318.55
indexer,2048,16384,64,16,1,4069.19
indexer,2048,16384,64,32,1,4069.87
indexer,2048,16384,64,64,1,4079.67
indexer,2048,16384,64,128,1,4079.5
indexer,2048,16384,64,256,1,4074.05
indexer,2048,16384,64,512,1,4079.6
indexer,2048,16384,64,1024,1,4087.71
indexer,2048,16384,64,2048,1,4169.54
indexer,2048,16384,64,4096,1,4243.88
indexer,2048,16384,64,8192,1,4344.52
indexer,2048,16384,64,16384,1,4528.81
indexer,2048,16384,128,16,1,4076.91
indexer,2048,16384,128,32,1,4081.83
indexer,2048,16384,128,64,1,4078.35
indexer,2048,16384,128,128,1,4080.12
indexer,2048,16384,128,256,1,4084.05
indexer,2048,16384,128,512,1,4095.82
indexer,2048,16384,128,1024,1,4118
indexer,2048,16384,128,2048,1,4256.13
indexer,2048,16384,128,4096,1,4395.2
indexer,2048,16384,128,8192,1,4579.69
indexer,2048,16384,128,16384,1,4918.17
